# Wavefront OBJ file
# Regions:
#     0    patch0
#
# points    : 14770
# triangles : 29536
#
v 256.201 149.345 26.4388
v 263.4 153.787 4.35217
v 224.724 136.123 4.81902
v 218.009 131.737 24.287
v 294.72 165.378 28.146
v 302.334 169.799 3.67552
v 333.493 179.809 29.4491
v 341.451 184.138 2.8341
v 372.453 192.618 30.388
v 380.681 196.792 1.87112
v 411.539 203.789 31.0021
v 419.963 207.756 0.827756
v 450.695 213.315 31.3298
v 459.24 217.031 -0.257079
v 494.286 222.023 31.4037
v 503.476 225.553 -1.49408
v 540.992 229.397 31.2007
v 550.953 232.729 -2.81996
v 591.649 235.465 30.7194
v 602.573 238.586 -4.23829
v 647.612 240.267 29.9566
v 659.817 243.173 -5.75583
v 711.382 243.878 28.9051
v 725.506 246.581 -7.38741
v 796.834 246.69 27.4085
v 806.6 249.054 -9.17458
v 882.361 248.525 26.0846
v 890.146 248.848 23.1436
v 904.198 249.347 19.2186
v 920.427 249.85 15.8266
v 977.839 252.461 -11.8089
v 938.705 250.348 12.975
v 958.895 250.833 10.6615
v 980.846 251.295 8.87206
v 1004.4 251.722 7.58025
v 1029.4 252.102 6.74737
v 1103.28 253.905 -12.6921
v 1055.66 252.42 6.32354
v 1082.99 252.662 6.24984
v 1111.22 252.815 6.46113
v 1140.23 252.863 6.89471
v 1169.91 252.786 7.60445
v 1216.09 253.685 -12.756
v 1199.86 252.567 8.57916
v 1229.84 252.198 9.76278
v 1259.63 251.673 11.1031
v 1313.08 251.854 -12.2745
v 1289.01 250.992 12.5532
v 1317.75 250.159 14.0723
v 1345.64 249.184 15.6254
v 1400.34 248.56 -11.4293
v 1372.45 248.084 17.1834
v 1397.99 246.879 18.7214
v 1422.05 245.598 20.2179
v 1444.45 244.272 21.6535
v 1480.82 243.876 -10.3128
v 1465.01 242.938 23.0096
v 1483.56 241.634 24.2678
v 1492.15 240.996 24.8663
v 1556.2 237.862 -8.98216
v 1576.06 233.994 25.4427
v 1640.94 229.239 -7.17992
v 1659.84 225.119 26.1095
v 1729.45 218.292 -4.98632
v 1750.17 213.618 26.9066
v 1822.62 204.828 -2.37614
v 1845.49 199.522 27.807
v 1921.74 188.567 0.687589
v 1947.19 182.526 28.8002
v 2275.16 121.458 13.0459
v 2186.13 138.159 9.85099
v 2228.3 128.941 31.5305
v 2296.94 116.653 32.2736
v 2343.92 110.014 15.4617
v 2368.47 105.46 33.1436
v 2406.82 101.242 17.594
v 2428.19 97.8761 33.9699
v 2461.87 95.2908 19.3739
v 2481.32 92.8385 34.8
v 2511.84 91.5802 20.9014
v 2529.98 89.9092 35.6524
v 2558.14 89.815 22.226
v 2580.33 88.7776 36.6316
v 2609.84 89.5374 23.5741
v 2665.5 88.8862 38.1021
v 2681.96 89.4876 25.1161
v 2707.26 88.0984 38.4544
v 2725.83 88.0154 25.7992
v 2747.93 85.7415 38.397
v 2759.34 85.428 26.1645
v 2778.32 82.513 38.0266
v 2787.36 81.9614 26.3545
v 2803.74 78.608 37.4642
v 2812.67 77.6048 26.4286
v 2826.7 73.9892 36.7355
v 2835.55 72.5276 26.4112
v 2847.46 68.8243 35.8816
v 2856.23 66.9091 26.3235
v 2866.21 63.2768 34.9395
v 2877 60.1974 26.1638
v 2885.03 56.8045 33.8213
v 2895.77 53.1433 25.9558
v 2903.94 49.3374 32.5162
v 2912.74 45.9137 25.7143
v 2922.94 40.805 31.0128
v 2929.78 37.7969 25.4194
v 2936.45 34.0839 29.8229
v 2939.87 32.5672 25.2195
v 2950 26.769 28.5242
v 2950 27 25
v 20.2728 17.8988 2.55085
v 40.7525 30.4262 2.29728
v 0 6 0
v 41.5059 30.6247 6.86203
v 0 5.94867 0.783157
v 68.7688 47.5494 6.92008
v 96.4048 64.8541 4.1819
v 98.2122 65.4005 13.9205
v 117.292 77.2515 10.2811
v 145.397 94.1927 4.91368
v 138.396 89.3541 18.0681
v 162.734 103.581 12.6263
v 186.386 116.835 5.02961
v 180.218 112.591 21.6504
v 202.143 124.446 14.111
v 1987.95 175.969 16.0353
v 2057.47 162.152 29.8714
v 2028.73 169.083 4.26226
v 2121.79 150.222 19.0108
v 303.12 168.649 -21.1418
v 342.489 182.916 -24.0772
v 381.905 195.473 -26.8858
v 421.307 206.321 -29.527
v 460.64 215.472 -31.9641
v 504.979 223.879 -34.4533
v 552.551 230.946 -36.841
v 604.248 236.704 -39.1331
v 661.532 241.203 -41.3397
v 727.166 244.537 -43.4825
v 807.87 246.952 -45.622
v 932.707 249.509 -48.0177
v 1060.78 251.407 -49.3744
v 1177.28 251.791 -49.6022
v 1276.89 250.58 -49.0083
v 1366.1 247.919 -47.8392
v 1448.11 243.882 -46.2181
v 1524.74 238.51 -44.2183
v 1607.56 230.87 -41.5369
v 1693.81 221.02 -38.2118
v 1784.25 208.798 -34.1942
v 1879.95 193.975 -29.415
v 1982.47 176.211 -23.7714
v 2094.3 154.983 -17.1031
v 2216.72 131.121 -9.5065
v 2289.51 117.922 -5.07855
v 2362.43 106.324 -0.868855
v 2422.68 98.4963 2.3428
v 2476.08 93.2551 4.92149
v 2524.87 90.1337 7.00866
v 2575.29 88.8132 8.85053
v 2655.04 88.9193 11.2271
v 2704.37 88.1971 12.5425
v 2742.18 86.1987 13.5573
v 2773.79 83.087 14.4509
v 2799.5 79.3425 15.2288
v 2822.73 74.8679 15.9847
v 2846.05 69.2046 16.8054
v 2867.14 62.9782 17.6092
v 2886.2 56.3737 18.3926
v 2905.34 48.7458 19.2394
v 2924.58 40.0215 20.1557
v 2937.27 33.6579 20.7985
v 2950 26.769 21.4758
v 19.999 17.7351 -0.0497108
v 0 5.94867 -0.783157
v 40.1993 29.8292 -2.13897
v 67.7327 46.909 -0.0944374
v 95.0781 63.4902 -5.26501
v 120.082 78.9235 -1.19024
v 144.038 92.6081 -8.7888
v 165.619 105.174 -2.71243
v 186.038 115.654 -12.0314
v 205.52 126.144 -4.2984
v 224.813 135.001 -15.0699
v 244.033 144.543 -5.98087
v 263.869 152.673 -18.1236
v 283.035 161.388 -7.78627
v 2140.22 146.579 -3.03105
v 2950 21.4205 8.56344
v 2950 23.3827 11.5
v 2950 19.0919 5.90812
v 2950 10.3325 0.0552526
v 2950 16.4366 3.57946
v 2950 13.5 1.61731
v 2950 24.9447 14.6675
v 2950 26.08 18.0119
v 2950 6.98811 -1.08
v 2950 -5e-15 -2
v 2950 3.52421 -1.76901
v 2950 -3.52421 -1.76901
v 2950 26.08 31.9881
v 2950 24.9447 35.3325
v 2950 23.3827 38.5
v 2950 21.4205 41.4366
v 2950 19.0919 44.0919
v 2950 -6.98811 -1.08
v 2950 -10.3325 0.0552526
v 2950 -19.0919 5.90812
v 2950 -13.5 1.61731
v 2950 -16.4366 3.57946
v 2950 -21.4205 8.56344
v 2950 16.4366 46.4205
v 2950 13.5 48.3827
v 2950 6.98811 51.08
v 2950 10.3325 49.9447
v 2950 3.52421 51.769
v 2950 2e-15 52
v 2950 -27 25
v 2950 -23.3827 11.5
v 2950 -24.9447 14.6675
v 2950 -26.08 18.0119
v 2950 -26.769 21.4758
v 2950 -6.98811 51.08
v 2950 -3.52421 51.769
v 2950 -26.08 31.9881
v 2950 -26.769 28.5242
v 2950 -24.9447 35.3325
v 2950 -10.3325 49.9447
v 2950 -13.5 48.3827
v 2950 -16.4366 46.4205
v 2950 -19.0919 44.0919
v 2950 -23.3827 38.5
v 2950 -21.4205 41.4366
v 1504.96 233.877 59.2147
v 1515.15 237.025 37.4841
v 1501.44 237.412 41.0424
v 1485.47 237.817 45.0731
v 1467.35 238.217 49.5005
v 1447.22 238.589 54.2447
v 1425.21 238.914 59.2231
v 1423.99 238.93 59.4872
v 1526.5 236.678 34.4675
v 1535.41 236.388 32.0532
v 1499.96 240.339 25.409
v 1514.07 239.104 26.4148
v 1525.79 238.032 27.2679
v 1535 237.161 27.9516
v 1541.63 236.517 28.4513
v 1545.63 236.122 28.756
v 1546.97 235.989 28.8583
v 1585.77 227.06 58.8399
v 1545.68 236.035 29.2185
v 1541.82 236.17 30.2911
v 1673.71 217.727 58.299
v 1765.81 205.996 57.5725
v 1863.11 191.651 56.6142
v 1967.11 174.378 55.3582
v 2238.14 123.838 51.202
v 2318.39 110.183 50.1653
v 2386.2 100.368 49.5698
v 2444.14 93.7041 49.3436
v 2496.18 89.3996 49.4178
v 2544.08 87.096 49.7605
v 2593.83 86.4554 50.388
v 2645.91 86.6266 51.0262
v 2699.94 86.06 51.1939
v 2737.87 84.285 50.7479
v 2769.59 81.4386 49.8792
v 2795.37 77.9657 48.7714
v 2818.67 73.7813 47.4179
v 2839.72 69.0419 45.878
v 2858.73 63.9036 44.2074
v 2877.83 57.8639 42.2458
v 2897 50.8511 39.973
v 2916.27 42.7934 37.3684
v 2933.1 34.8824 34.8181
v 2012.28 168.526 42.0852
v 2080.15 153.692 53.7053
v 2154.23 141.353 41.6503
v 1495.94 375.029 27.5696
v 1479.61 378.329 26.488
v 1490.15 509.684 30.676
v 1473.91 514.988 29.6873
v 1482.6 644.305 34.7288
v 1466.47 651.607 33.866
v 1473.28 778.875 39.728
v 1457.28 788.169 39.0243
v 1466.57 862.901 43.3311
v 1446.35 924.663 45.1624
v 1459.17 946.896 47.3034
v 1458.54 947.208 47.2762
v 1457.92 947.539 47.2505
v 1457.37 947.852 47.2293
v 1456.89 948.148 47.2118
v 1456.53 948.383 47.1998
v 1456.18 948.632 47.1889
v 1455.88 948.867 47.1803
v 1455.65 949.052 47.1746
v 1455.43 949.247 47.1697
v 1455.23 949.429 47.1662
v 1455.09 949.571 47.1641
v 1454.95 949.72 47.1625
v 1454.81 949.875 47.1616
v 1454.7 950.019 47.1614
v 1454.61 950.131 47.1616
v 1454.53 950.247 47.1623
v 1454.45 950.367 47.1633
v 1454.37 950.491 47.1649
v 1454.3 950.62 47.167
v 1454.24 950.738 47.1694
v 1454.2 950.83 47.1715
v 1454.16 950.924 47.1739
v 1454.12 951.02 47.1767
v 1454.09 951.118 47.1798
v 1454.05 951.219 47.1832
v 1454.03 951.321 47.187
v 1454 951.426 47.1913
v 1453.98 951.532 47.1959
v 1453.97 951.64 47.2009
v 1453.96 951.749 47.2064
v 1453.95 951.858 47.2122
v 1453.95 951.968 47.2184
v 1453.96 952.077 47.2249
v 1453.97 952.186 47.2317
v 1453.98 952.293 47.2388
v 1433.67 1061.08 52.2806
v 1458.28 956.45 47.7787
v 1457.43 955.981 47.6916
v 1456.75 955.563 47.6196
v 1456.25 955.221 47.5647
v 1455.84 954.913 47.5182
v 1455.51 954.644 47.48
v 1455.26 954.411 47.4487
v 1455.04 954.188 47.4203
v 1454.84 953.974 47.3944
v 1454.69 953.79 47.3733
v 1454.56 953.616 47.3542
v 1454.45 953.451 47.3369
v 1454.35 953.295 47.3214
v 1454.27 953.148 47.3074
v 1454.21 953.011 47.2949
v 1454.15 952.883 47.2838
v 1454.11 952.764 47.2739
v 1454.06 952.641 47.2641
v 1454.03 952.515 47.2545
v 1454 952.4 47.2461
v 1444.88 1090.86 54.9754
v 1419.24 1197.4 60.379
v 1429.71 1225.18 63.1189
v 1403.07 1333.62 69.4581
v 1412.77 1359.41 72.2116
v 1385.16 1469.73 79.5183
v 1394.06 1493.54 82.2532
v 1365.49 1605.71 90.5599
v 1373.58 1627.55 93.2443
v 1344.08 1741.56 102.583
v 1351.33 1761.44 105.186
v 1320.91 1877.25 115.589
v 1327.31 1895.19 118.078
v 1300.55 1988.69 127.019
v 1307.69 1997.65 128.608
v 1279.02 2100 139.111
v 1287.04 2100 139.697
v 1461.14 381.985 25.2983
v 1455.55 520.994 28.6057
v 1448.24 659.955 32.9318
v 1439.21 798.853 38.2767
v 1428.46 937.674 44.6405
v 1415.98 1076.41 52.0233
v 1401.79 1215.04 60.4252
v 1385.87 1353.55 69.8463
v 1368.23 1491.93 80.2868
v 1348.87 1630.17 91.7468
v 1327.78 1768.26 104.227
v 1304.97 1906.18 117.726
v 1287.88 2003.14 127.839
v 1269.94 2100 138.458
v 1441.14 371.855 23.7358
v 1436.46 499.407 26.6805
v 1430.41 626.915 30.4877
v 1422.98 754.369 35.1573
v 1414.19 881.758 40.6892
v 1404.02 1009.07 47.0834
v 1392.48 1136.3 54.3398
v 1379.57 1263.42 62.4583
v 1365.3 1390.44 71.4389
v 1349.65 1517.34 81.2814
v 1332.63 1644.11 91.9857
v 1314.24 1770.73 103.552
v 1294.48 1897.21 115.979
v 1277.62 1998.66 126.584
v 1259.88 2100 137.744
v 1418.85 375.953 22.3769
v 1414.31 506.274 25.4415
v 1408.42 636.544 29.4115
v 1401.19 766.753 34.2869
v 1392.62 896.888 40.0675
v 1382.7 1026.94 46.7531
v 1371.45 1156.89 54.3434
v 1358.85 1286.72 62.8381
v 1344.91 1416.44 72.2369
v 1329.63 1546.01 82.5395
v 1313.01 1675.44 93.7454
v 1295.06 1804.71 105.854
v 1275.76 1933.8 118.866
v 1262.61 2016.93 127.734
v 1248.9 2100 136.977
v 1394.92 380.343 20.9654
v 1390.53 513.771 24.1645
v 1384.84 647.139 28.3183
v 1377.85 780.438 33.4265
v 1369.54 913.653 39.489
v 1359.93 1046.77 46.5052
v 1349.01 1179.77 54.4747
v 1336.79 1312.65 63.3969
v 1323.26 1445.38 73.2713
v 1308.44 1577.96 84.0972
v 1292.3 1710.37 95.8739
v 1274.87 1842.59 108.601
v 1256.61 1971.38 121.93
v 1237.11 2100 136.165
v 1369.53 384.991 19.5207
v 1365.33 521.861 22.8691
v 1359.88 658.661 27.2279
v 1353.16 795.382 32.5968
v 1345.17 932.008 38.9753
v 1335.93 1068.52 46.3628
v 1325.42 1204.91 54.7586
v 1313.65 1341.15 64.1617
v 1300.62 1477.22 74.5714
v 1286.33 1613.12 85.9866
v 1270.79 1748.83 98.4061
v 1253.98 1884.32 111.829
v 1239.69 1992.22 123.252
v 1224.59 2100 135.315
v 1342.88 389.854 18.0639
v 1338.91 530.485 21.576
v 1333.74 671.034 26.1609
v 1327.35 811.494 31.8181
v 1319.74 951.845 38.547
v 1310.93 1092.07 46.3466
v 1300.92 1232.15 55.2159
v 1289.69 1372.06 65.1538
v 1277.26 1511.79 76.1588
v 1263.62 1651.31 88.2297
v 1248.79 1790.62 101.365
v 1232.75 1929.68 115.562
v 1222.32 2014.88 124.798
v 1211.43 2100 134.436
v 1315.19 394.874 16.6187
v 1311.49 539.547 20.3078
v 1306.63 684.126 25.1384
v 1300.64 828.604 31.11
v 1293.49 972.96 38.2216
v 1285.2 1117.17 46.4719
v 1275.77 1261.22 55.8597
v 1265.2 1405.07 66.3833
v 1253.49 1548.72 78.041
v 1240.65 1692.14 90.8307
v 1226.66 1835.3 104.75
v 1212.69 1967.74 118.658
v 1197.74 2100 133.54
v 1286.68 399.967 15.2126
v 1283.27 548.897 19.0894
v 1278.81 697.72 24.182
v 1273.27 846.43 30.4897
v 1266.67 995.002 38.0112
v 1259 1143.41 46.7451
v 1250.28 1291.63 56.6895
v 1240.49 1439.64 67.8424
v 1229.64 1587.41 80.2015
v 1217.74 1734.92 93.7642
v 1204.79 1882.14 108.528
v 1194.5 1991.13 120.251
v 1183.63 2100 132.638
v 1257.55 405.017 13.8776
v 1254.5 558.311 17.9482
v 1250.48 711.486 23.3126
v 1245.49 864.534 29.9702
v 1239.53 1017.43 37.9193
v 1232.6 1170.14 47.1581
v 1224.71 1322.63 57.6842
v 1215.86 1474.89 69.4952
v 1206.04 1626.89 82.5881
v 1195.27 1778.59 96.9597
v 1183.54 1929.96 112.607
v 1176.52 2015.02 121.973
v 1169.19 2100 131.747
v 1228.05 409.862 12.6504
v 1225.4 567.473 16.9135
v 1221.89 724.951 22.5498
v 1217.54 882.288 29.5582
v 1212.33 1039.45 37.9368
v 1206.27 1196.41 47.6832
v 1199.36 1353.14 58.7948
v 1191.61 1509.6 71.2684
v 1183.01 1665.76 85.1005
v 1173.57 1821.6 100.287
v 1164.4 1960.9 115.039
v 1154.55 2100 130.884
v 1198.38 414.298 11.572
v 1196.18 575.973 16.0168
v 1193.27 737.502 21.9106
v 1189.64 898.876 29.2524
v 1185.3 1060.06 38.0399
v 1180.24 1221.02 48.2703
v 1174.47 1381.73 59.9403
v 1167.99 1542.14 73.0464
v 1160.8 1702.22 87.5843
v 1152.91 1861.95 103.55
v 1146.55 1981.05 116.408
v 1139.8 2100 130.07
v 1168.78 418.09 10.6878
v 1167.08 583.336 15.291
v 1164.83 748.424 21.4107
v 1162.01 913.345 29.0457
v 1158.64 1078.06 38.1933
v 1154.72 1242.54 48.8504
v 1150.24 1406.73 61.0134
v 1145.2 1570.61 74.678
v 1139.62 1734.14 89.8394
v 1133.48 1897.27 106.493
v 1129.38 1998.69 117.619
v 1125.07 2100 129.328
v 1139.46 421.007 10.0468
v 1138.3 589.089 14.7722
v 1136.76 757.003 21.0674
v 1134.84 924.74 28.9309
v 1132.53 1092.26 38.3599
v 1129.85 1259.53 49.3509
v 1126.78 1426.49 61.8999
v 1123.33 1593.13 76.0022
v 1119.51 1759.38 91.6526
v 1115.18 1929.84 109.346
v 1110.45 2100 128.685
v 1110.82 422.842 9.6542
v 1110.23 592.806 14.4546
v 1109.44 762.595 20.8587
v 1108.45 932.202 28.8649
v 1107.26 1101.58 38.4701
v 1105.87 1270.7 49.6707
v 1104.28 1439.5 62.4624
v 1102.5 1607.96 76.8402
v 1100.53 1776.03 92.7986
v 1108.37 1852.96 100.902
v 1098.43 1938.15 109.729
v 1105.03 2019.11 119.017
v 1096.15 2100 128.146
v 1082.97 423.515 9.45416
v 1082.94 594.305 14.2781
v 1082.9 764.916 20.7178
v 1082.85 935.343 28.7718
v 1082.79 1105.54 38.4368
v 1082.72 1275.47 49.7093
v 1082.63 1445.08 62.5846
v 1082.54 1614.34 77.0578
v 1082.44 1783.2 93.1232
v 1090.92 1860.7 101.248
v 1082.33 1941.73 109.693
v 1089.78 2020.9 118.732
v 1082.22 2100 127.681
v 1056 423.089 9.50967
v 1056.52 593.696 14.3061
v 1057.21 764.125 20.709
v 1058.07 934.37 28.7169
v 1059.11 1104.39 38.3266
v 1060.32 1274.13 49.5345
v 1061.7 1443.57 62.3362
v 1063.26 1612.65 76.7265
v 1064.98 1781.33 92.7
v 1074.13 1862.03 101.049
v 1066.78 1940.79 109.294
v 1075.01 2020.9 118.345
v 1068.72 2100 127.318
v 1030.09 421.735 9.88915
v 1031.12 591.306 14.6131
v 1032.5 760.703 20.9155
v 1034.23 929.92 28.7949
v 1036.3 1098.91 38.2484
v 1038.71 1267.64 49.2724
v 1041.47 1436.07 61.8625
v 1044.57 1604.14 76.0141
v 1048.01 1771.83 91.7217
v 1051.72 1936.05 108.651
v 1060.74 2020.43 118.038
v 1055.76 2100 127.09
v 1005.41 419.693 10.6568
v 1006.92 587.602 15.2729
v 1008.92 755.345 21.4253
v 1011.44 922.912 29.1124
v 1014.45 1090.26 38.3316
v 1017.96 1257.36 49.0793
v 1021.96 1424.16 61.3518
v 1026.47 1590.63 75.1444
v 1031.47 1756.72 90.4521
v 1037.17 1928.51 107.919
v 1047.03 2018.06 117.685
v 1043.41 2100 127.025
v 982.137 417.221 11.8683
v 984.067 583.088 16.3521
v 986.637 748.794 22.3204
v 989.846 914.333 29.7718
v 993.692 1079.66 38.7037
v 998.175 1244.75 49.1131
v 1003.29 1409.56 60.9963
v 1009.04 1574.04 74.3491
v 1015.42 1738.17 89.1668
v 1022.43 1901.9 105.444
v 1026.99 2001 116.026
v 1031.78 2100 127.149
v 960.438 414.555 13.5678
v 962.741 578.22 17.9046
v 965.802 741.732 23.6689
v 969.621 905.084 30.8596
v 974.195 1068.24 39.4743
v 979.525 1231.16 49.5103
v 985.607 1393.81 60.964
v 992.441 1556.16 73.8318
v 1000.02 1718.16 88.1094
v 1008.35 1879.79 103.792
v 1014.47 1989.96 115.309
v 1020.93 2100 127.486
v 940.47 411.889 15.7862
v 943.097 573.376 19.969
v 946.582 734.716 25.5209
v 950.927 895.904 32.4408
v 956.13 1056.9 40.7265
v 962.188 1217.68 50.3754
v 969.1 1378.2 61.3846
v 976.865 1538.43 73.7506
v 985.478 1698.34 87.4694
v 994.939 1857.89 102.537
v 1002.7 1979.02 114.902
v 1010.96 2100 128.052
v 922.384 409.372 18.5407
v 925.288 568.84 22.5686
v 929.138 728.17 27.9078
v 933.933 887.354 34.5574
v 939.671 1046.36 42.5155
v 946.351 1205.15 51.7796
v 953.97 1363.7 62.3471
v 962.527 1521.97 74.2149
v 972.019 1679.93 87.3793
v 982.444 1837.55 101.836
v 991.859 1968.86 114.895
v 1001.93 2100 128.859
v 906.32 407.112 21.8361
v 909.461 564.824 25.712
v 913.62 722.403 30.8441
v 918.796 879.843 37.2313
v 924.988 1037.11 44.8721
v 932.195 1194.17 53.7641
v 940.413 1351 63.905
v 949.641 1507.56 75.2919
v 959.876 1663.83 87.9216
v 971.116 1819.77 101.79
v 982.102 1959.98 115.347
v 993.908 2100 129.915
v 892.406 405.189 25.6667
v 895.747 561.479 29.3962
v 900.167 717.64 34.3301
v 905.665 873.666 40.4676
v 912.239 1029.52 47.807
v 919.889 1185.19 56.3464
v 928.611 1340.62 66.0835
v 938.404 1495.8 77.0157
v 949.265 1650.69 89.14
v 961.191 1805.27 102.453
v 973.587 1952.75 116.291
v 986.961 2100 131.222
v 880.757 403.491 30.0152
v 878.383 248.188 27.5847
v 884.263 558.745 33.6043
v 888.899 713.873 38.3502
v 893.086 829.351 42.6369
v 897.901 944.771 47.5659
v 898.297 945.473 47.4641
v 898.631 946.13 47.3824
v 898.91 946.742 47.3178
v 899.167 947.375 47.2628
v 899.398 948.029 47.2186
v 899.581 948.634 47.1888
v 899.724 949.191 47.171
v 899.832 949.693 47.1628
v 899.911 950.145 47.1617
v 899.975 950.601 47.1667
v 900.023 951.062 47.1779
v 900.053 951.525 47.1956
v 900.067 951.989 47.2196
v 900.063 952.453 47.25
v 900.041 952.916 47.2867
v 900.003 953.376 47.3294
v 899.948 953.832 47.378
v 899.877 954.283 47.4323
v 899.791 954.728 47.4918
v 899.69 955.166 47.5562
v 899.575 955.597 47.6252
v 899.451 956.007 47.6962
v 899.32 956.397 47.7686
v 899.179 956.78 47.8442
v 899.029 957.155 47.9227
v 898.816 957.643 48.0315
v 898.664 957.964 48.1073
v 898.506 958.28 48.1849
v 906.049 1113.01 55.9069
v 914.722 1267.6 64.7846
v 924.513 1421.88 74.8076
v 935.424 1575.89 85.9771
v 947.452 1729.61 98.2902
v 960.594 1883 111.744
v 970.587 1991.56 121.973
v 981.143 2100 132.779
v 261.43 147.719 48.6301
v 299.59 162.978 52.5131
v 338.046 176.724 55.7852
v 376.736 188.932 58.4813
v 415.604 199.583 60.6364
v 454.595 208.661 62.2856
v 498.317 217.002 63.5831
v 545.215 224.055 64.4215
v 596.163 229.848 64.8014
v 652.592 234.419 64.7219
v 717.203 237.846 64.1806
v 788.56 240.139 63.2816
v 862.1 246.057 37.9321
v 857.737 244.936 43.8008
v 855.963 243.784 50.1085
v 869.004 247.143 32.5199
v 856.827 242.647 56.5991
v 859.991 241.683 62.3472
v 20.6457 17.8118 5.19736
v 0 5.79556 1.55291
v 42.5023 30.428 11.5407
v 70.1653 47.5841 14.1237
v 100.604 65.1346 23.9297
v 119.413 77.1792 21.8859
v 146.977 91.863 32.5628
v 163.531 102.243 27.8262
v 186.262 112.791 38.895
v 202.08 122.285 32.2163
v 223.632 130.978 44.1018
v 239.864 140.196 35.8555
v 0 5.54328 -2.2961
v 0 5.19615 -3
v 0 4.76012 -3.65257
v 0 4.24264 -4.24264
v 0 1.55291 -5.79556
v 0 3.65257 -4.76012
v 0 3 -5.19615
v 0 2.2961 -5.54328
v 0 5.79556 -1.55291
v 0 -0.783157 -5.94867
v 0 0.783157 -5.94867
v 0 -1e-15 -6
v 0 -2.2961 -5.54328
v 0 -1.55291 -5.79556
v 0 5.54328 2.2961
v 0 -3.65257 -4.76012
v 0 -3 -5.19615
v 0 -5.19615 -3
v 0 -4.24264 -4.24264
v 0 -4.76012 -3.65257
v 0 3 5.19615
v 0 3.65257 4.76012
v 0 4.24264 4.24264
v 0 4.76012 3.65257
v 0 2.2961 5.54328
v 0 5.19615 3
v 0 -5.94867 -0.783157
v 0 -5.54328 -2.2961
v 0 -5.79556 -1.55291
v 0 0.783157 5.94867
v 0 1.55291 5.79556
v 0 -5.94867 0.783157
v 0 -6 1e-15
v 0 -0.783157 5.94867
v 0 0 6
v 0 -2.2961 5.54328
v 0 -1.55291 5.79556
v 0 -5.19615 3
v 0 -5.79556 1.55291
v 0 -5.54328 2.2961
v 0 -3.65257 4.76012
v 0 -3 5.19615
v 0 -4.24264 4.24264
v 0 -4.76012 3.65257
v 303.336 164.388 -45.5476
v 342.894 178.342 -50.5537
v 382.433 190.594 -55.1788
v 421.896 201.156 -59.386
v 461.229 210.047 -63.1432
v 505.556 218.211 -66.852
v 553.077 225.068 -70.2712
v 604.662 230.65 -73.4092
v 661.719 235.007 -76.2797
v 726.882 238.232 -78.9112
v 806.385 240.563 -81.3809
v 925.036 242.946 -83.9982
v 1061.37 244.942 -85.6314
v 1174.06 245.323 -85.777
v 1272.03 244.227 -84.9464
v 1360.44 241.751 -83.3823
v 1442.05 237.951 -81.2145
v 1518.5 232.858 -78.5223
v 1600.62 225.62 -74.9106
v 1686.03 216.27 -70.4111
v 1775.45 204.66 -64.953
v 1869.89 190.583 -58.4372
v 2230.94 125.143 -28.38
v 2313.61 110.942 -21.4078
v 2381.78 100.946 -16.0864
v 2439.71 94.1478 -12.0127
v 2491.61 89.7061 -8.81082
v 2539.32 87.2473 -6.31591
v 2588.79 86.4608 -4.22794
v 2682.18 86.4352 -0.984366
v 2726.85 84.961 0.687209
v 2760.67 82.3854 2.1771
v 2788.96 78.9366 3.64058
v 2814.53 74.6038 5.17575
v 2837.63 69.5553 6.76624
v 2858.51 63.9692 8.39035
v 2879.48 57.2968 10.2177
v 2898.44 50.2845 12.0526
v 2915.58 43.0982 13.8706
v 2932.75 35.0526 15.852
v 19.8071 17.3189 -2.58543
v 39.8116 28.8316 -6.42192
v 66.9939 45.6576 -6.89174
v 94.1488 61.3034 -14.3761
v 118.468 76.6228 -12.5411
v 142.129 89.1553 -21.9437
v 164.564 102.803 -17.9207
v 185.293 112.297 -28.687
v 205.165 123.811 -22.6148
v 224.453 131.359 -34.5648
v 244.246 142.165 -27.0141
v 263.829 148.727 -40.2024
v 283.406 158.775 -31.2635
v 1925.34 183.935 -40.6312
v 1970.76 173.74 -50.7194
v 2031.37 164.987 -33.3317
v 2080.3 153.663 -41.5761
v 2148.51 142.462 -24.6756
v 1326.22 232.324 94.1529
v 1321.93 236.871 79.7751
v 1293.25 236.147 84.6604
v 1263.83 235.366 89.2791
v 1233.91 234.549 93.55
v 1224.03 234.294 94.807
v 1349.68 237.521 74.7055
v 1376.27 238.086 69.5345
v 1417.99 228.824 93.3473
v 1401.51 238.561 64.3458
v 1500.59 224 92.3596
v 1586.4 217.12 91.0026
v 1675.63 208.035 89.2214
v 1769.04 196.603 86.9553
v 2241.38 117.891 69.971
v 2321.42 104.93 67.0995
v 2389.39 95.6052 65.1217
v 2447.53 89.3071 63.8984
v 2499.78 85.2867 63.2612
v 2547.89 83.2016 63.133
v 2597.86 82.6937 63.445
v 2652.45 82.8611 63.7848
v 2683.84 82.6484 63.7047
v 2725.81 81.3169 62.991
v 2758.73 78.981 61.7554
v 2786.27 75.8699 60.1464
v 2811.15 71.9735 58.1673
v 2833.63 67.4432 55.899
v 2853.94 62.438 53.4212
v 2874.34 56.4668 50.4933
v 2894.83 49.4458 47.0801
v 2913.36 42.1598 43.5639
v 2930.11 34.7666 40.0173
v 2940.04 30.0066 37.7434
v 1816.07 194.493 71.3814
v 1867.66 182.623 84.1214
v 1917.38 178.889 69.2563
v 1972.98 165.805 80.6018
v 2026.54 160.161 66.5731
v 2087.22 145.713 76.2216
v 2162.7 134.894 62.7464
v 256.467 130.554 88.7258
v 260.461 140.898 69.6409
v 223.122 125.05 62.7971
v 219.613 115.749 79.6546
v 293.751 144.123 96.8033
v 298.199 155.379 75.6549
v 331.414 156.424 103.909
v 336.277 168.46 80.8666
v 369.405 167.429 110.064
v 374.639 180.115 85.305
v 407.677 177.11 115.293
v 413.232 190.317 88.9997
v 442.454 184.7 119.241
v 452.006 199.049 91.981
v 477.521 191.207 122.487
v 487.202 205.692 94.0968
v 512.852 196.694 125.081
v 522.655 211.273 95.7238
v 548.417 201.257 127.09
v 558.336 215.894 96.9155
v 596.155 206.075 128.974
v 606.217 220.746 97.919
v 652.154 210.148 130.216
v 663.736 224.896 98.4034
v 716.274 213.213 130.685
v 730.225 227.983 98.2652
v 795.102 215.447 130.41
v 833.608 230.651 97.3166
v 961.568 218.399 129.307
v 955.836 231.3 99.896
v 936.931 232.578 96.4118
v 978.4 230.234 102.965
v 1002.74 229.514 105.236
v 1028.64 229.147 106.656
v 1097.08 219.857 128.61
v 1084.29 229.455 106.837
v 1055.91 229.132 107.194
v 1113.57 230.096 105.592
v 1143.41 231.02 103.497
v 1212.78 219.726 127.865
v 1203.71 233.38 97.3917
v 1173.46 232.134 100.73
v 1318.89 217.967 126.837
v 1411.95 214.764 125.505
v 1496.69 210.224 123.826
v 1584.22 203.709 121.533
v 1674.81 195.094 118.552
v 1769.54 184.23 114.791
v 2245.7 109.814 87.5279
v 2192.11 118.641 90.8849
v 2293.38 102.426 84.7151
v 2301.72 101.858 82.6218
v 2322.36 100.151 78.4126
v 2345.56 98.0406 74.6012
v 2371.05 95.6208 71.2942
v 2398.5 93.008 68.5878
v 2406.84 92.2054 67.9781
v 2423.34 88.125 73.2008
v 2439.62 84.4193 77.9439
v 2493.23 80.3292 76.4874
v 2541.31 78.1649 75.8036
v 2592.32 77.5144 75.7427
v 2672.03 77.6012 75.6779
v 2709.7 76.8755 74.9497
v 2747.96 74.8934 73.3274
v 2775.94 72.3423 71.4022
v 2801.95 68.939 68.9408
v 2825.45 64.8756 66.0846
v 2846.68 60.3022 62.9336
v 2868.01 54.7669 59.179
v 2887.28 48.8881 55.2409
v 2904.71 42.8142 51.2113
v 2922.21 35.9489 46.6934
v 2936.08 29.9391 42.7642
v 21.7788 16.8977 10.5797
v 43.7965 29.839 16.3315
v 45.4612 28.8582 21.249
v 72.3953 44.7517 28.4057
v 103.713 64.058 34.2156
v 101.405 58.8229 42.5364
v 124.182 73.1349 45.2415
v 147.74 88.2696 45.9814
v 144.858 81.3037 57.6211
v 165.415 94.4298 57.2505
v 186.24 107.87 55.0972
v 183.242 99.7423 69.5702
v 202.866 112.179 66.9221
v 1818.6 183.865 99.0889
v 1869.39 170.943 110.135
v 1921.17 168.846 94.9236
v 1975.77 154.982 104.426
v 2031.47 150.854 89.7838
v 2090.74 135.987 97.4296
v 2139.67 131.843 84.1707
v 2454.44 79.1874 84.6404
v 2466.54 75.2664 89.659
v 2446.99 81.7595 81.3483
v 2518.54 72.3699 88.0009
v 2570.33 71.107 87.2662
v 2651.53 71.1544 86.977
v 2698.04 70.7271 86.0995
v 2735.63 69.3493 84.4169
v 2767.06 67.1197 82.0654
v 2792.61 64.3881 79.3735
v 2815.69 61.089 76.2484
v 2838.86 56.8815 72.3737
v 2859.8 52.2289 68.178
v 2878.73 47.2727 63.7772
v 2897.74 41.5286 58.7397
v 2916.84 34.9392 53.0221
v 2933.38 28.5339 47.5122
v 2473.23 66.6769 100.653
v 2525.49 64.2638 98.5972
v 2577.54 63.3298 97.6473
v 2667.66 63.3851 96.7921
v 2706.04 62.8629 95.5719
v 2745.01 61.3212 93.1515
v 2773.52 59.2825 90.3701
v 2800.01 56.5259 86.8535
v 2823.95 53.2059 82.7933
v 2845.59 49.4466 78.3245
v 2867.32 44.8756 73.0049
v 2886.96 40.0032 67.4271
v 2904.72 34.955 61.7195
v 2922.55 29.2355 55.3185
v 2936.25 24.3815 49.9289
v 2512.47 55.7292 108.535
v 2465.51 62.5223 105.971
v 2457.99 58.2278 111.467
v 2561.31 54.6405 107.043
v 2638.57 54.5834 106.119
v 2693.53 54.341 104.706
v 2731.73 53.3682 102.464
v 2763.67 51.7304 99.3981
v 2789.63 49.6872 95.9073
v 2813.09 47.1933 91.86
v 2836.63 43.9886 86.8407
v 2857.92 40.4247 81.4015
v 2877.15 36.6122 75.6906
v 2896.47 32.1786 69.1465
v 2915.88 27.0776 61.7106
v 2932.9 22.0442 54.4468
v 253.356 74.685 149.135
v 255.78 91.5864 137.912
v 220.05 81.4934 123.719
v 221.435 67.2693 135.24
v 285.676 81.5812 161.876
v 288.364 99.9921 149.54
v 318.373 87.9438 173.464
v 321.328 107.737 160.086
v 351.426 93.759 183.901
v 354.652 114.805 169.553
v 384.814 99.0127 193.189
v 388.313 121.177 177.944
v 418.514 103.691 201.328
v 422.289 126.837 185.264
v 452.506 107.78 208.321
v 456.557 131.767 191.515
v 486.766 111.279 214.188
v 491.096 135.973 196.726
v 521.27 114.232 219.018
v 525.878 139.512 200.984
v 555.99 116.692 222.912
v 560.877 142.45 204.384
v 602.577 119.293 226.823
v 607.833 145.546 207.749
v 658.067 121.529 229.861
v 664.294 148.21 210.307
v 721.645 123.212 231.702
v 729.393 150.202 211.753
v 799.98 124.448 232.435
v 810.885 151.675 212.176
v 968.415 126.152 232.474
v 1004.64 153.943 211.901
v 1119.88 126.99 231.869
v 1134.98 154.636 211.223
v 1240.82 126.69 230.351
v 1263.34 154.022 209.574
v 1351.89 125.3 227.707
v 1369.18 152.151 207.113
v 1449.49 122.952 224.094
v 1463.17 149.178 203.835
v 1538.49 119.71 219.524
v 1549.34 145.175 199.745
v 1634.49 114.981 213.131
v 1643.84 139.352 194.006
v 1733.74 108.857 204.983
v 1741.86 131.863 186.72
v 1836.9 101.301 194.945
v 1844.12 122.641 177.743
v 2306.07 58.0565 135.149
v 2243.44 77.4474 132.111
v 2226.98 65.1523 145.314
v 2329.54 68.344 122.506
v 2383.62 52.1288 126.463
v 2376.03 64.1035 117.952
v 2422.43 60.496 114.007
v 2447.37 48.3409 120.721
v 2457.99 58.2272 111.468
v 2457.69 58.2399 111.491
v 2427.45 60.0836 113.673
v 2503.76 46.0298 117.003
v 2555.24 44.9375 114.954
v 2629.72 44.8136 113.759
v 2678.57 44.7675 112.602
v 2720.57 44.1461 110.363
v 2753.69 42.9869 107.304
v 2781.38 41.4067 103.609
v 2806.39 39.4017 99.2162
v 2829 37.0504 94.273
v 2849.42 34.4368 88.9316
v 2869.92 31.304 82.6643
v 2890.52 27.6057 75.3938
v 2911.22 23.2957 67.0426
v 2929.95 18.8554 58.5388
v 2939.96 16.2607 53.6061
v 26.7674 12.1372 21.8591
v 53.8964 23.4567 37.2941
v 58.5501 20.707 43.4585
v 83.7529 31.6252 57.2103
v 109.273 44.2732 69.3902
v 112.739 37.4154 77.4355
v 130.512 47.3914 84.4874
v 148.441 58.4077 90.3938
v 150.718 48.6246 99.4921
v 167.7 59.1935 104.378
v 184.82 70.6215 108.168
v 186.462 58.4372 118.446
v 203.194 69.5819 121.584
v 1894.44 107.122 180.759
v 1944.78 92.2648 182.836
v 1951.57 111.599 166.885
v 2004.98 96.2202 168.188
v 2065.47 98.6144 153.887
v 2058.43 81.6819 168.42
v 2146.23 80.9493 150.176
v 218.002 50.8475 142.269
v 183.296 44.0857 124.311
v 249.679 56.5314 157.159
v 281.753 61.8237 170.843
v 314.201 66.714 183.321
v 347.004 71.1918 194.594
v 380.14 75.2467 204.661
v 413.588 78.8681 213.523
v 447.327 82.0455 221.178
v 481.334 84.7749 227.642
v 515.586 87.0853 232.997
v 550.057 89.0161 237.348
v 596.314 91.0677 241.771
v 650.792 92.8252 245.252
v 712.806 94.1575 247.47
v 788.038 95.134 248.506
v 937.641 96.3421 248.784
v 1113.96 97.185 248.258
v 1237.95 96.9799 246.641
v 1351.28 95.9091 243.737
v 1450.68 94.0754 239.728
v 1541.25 91.5314 234.635
v 1639.03 87.8083 227.489
v 1739.88 82.9963 218.401
v 2245.15 48.5643 151.642
v 2318.98 43.6154 141.547
v 2395.02 39.3174 132.555
v 2458.26 36.5937 126.617
v 2514.44 34.9913 122.844
v 2565.83 34.3213 120.868
v 2649.64 34.3218 119.351
v 2694.9 34.1474 117.695
v 2732.5 33.53 114.994
v 2763.93 32.5081 111.404
v 2792.33 31.0751 106.857
v 2815.42 29.4878 102.097
v 2836.88 27.6286 96.7155
v 2858.43 25.3526 90.2992
v 2877.91 22.9136 83.56
v 2895.51 20.376 76.6533
v 2913.19 17.4914 68.8965
v 2930.95 14.2376 60.2383
v 2940.46 12.3424 55.2311
v 29.0618 10.2765 25.0022
v 64.6723 17.3016 50.3509
v 88.5631 26.4896 64.5234
v 108.969 27.7604 79.878
v 129.975 37.5877 90.4345
v 147.357 36.4782 103.806
v 166.944 46.9401 111.777
v 1788.39 92.6781 206.647
v 1844.38 77.08 207.243
v 1894.57 85.2705 194.977
v 1953.28 70.0375 193.846
v 2005.84 76.5304 181.033
v 2067.52 61.8383 177.994
v 2147.25 64.3539 161.179
v 122.339 20.8651 92.2324
v 98.6561 17.1435 76.2937
v 162.005 26.8189 117.291
v 196.23 31.5654 136.953
v 227.485 35.5729 153.339
v 259.148 39.3228 168.483
v 291.198 42.8081 182.384
v 323.614 46.0217 195.041
v 356.375 48.9566 206.453
v 389.461 51.6059 216.618
v 422.85 53.9626 225.536
v 456.522 56.0196 233.206
v 490.453 57.7792 239.657
v 524.621 59.2649 244.988
v 558.998 60.5029 249.307
v 605.118 61.8137 253.68
v 660.451 62.9486 257.15
v 723.847 63.8024 259.322
v 801.97 64.4314 260.301
v 970.201 65.3088 260.641
v 1121.23 65.7359 260.075
v 1244.75 65.5645 258.305
v 1358.52 64.7962 255.118
v 1458.59 63.4992 250.718
v 1549.9 61.7094 245.138
v 1649.29 59.0854 237.275
v 1751.6 55.7144 227.323
v 1857.37 51.5934 215.161
v 2259.47 32.1652 155.846
v 2345.11 28.4266 143.852
v 2416.98 25.8848 135.427
v 2478.27 24.2983 129.884
v 2533.26 23.4362 126.517
v 2589.44 23.1668 124.818
v 2672.83 23.1899 122.934
v 2716.32 22.9037 120.469
v 2749.95 22.3383 117.136
v 2778.08 21.5483 113.086
v 2803.49 20.5324 108.246
v 2826.44 19.3304 102.777
v 2847.19 17.986 96.8467
v 2868.01 16.3668 89.8683
v 2888.94 14.4477 81.7514
v 2909.97 12.2035 72.406
v 2928.99 9.88503 62.87
v 2939.48 8.48368 57.1517
v 32.0761 8.0567 28.4417
v 72.5104 12.9606 58.0601
v 81.5929 17.8686 63.1376
v 1905.31 61.388 204.507
v 1967.3 46.7159 200.635
v 2017.39 54.9233 189.292
v 2082.27 41.0735 183.549
v 2163.72 45.7253 167.16
v 81.0401 7.22672 65.6628
v 124.745 10.7104 96.1691
v 197.988 16.0367 141.426
v 229.18 18.0451 158.134
v 260.776 19.9241 173.578
v 292.756 21.6702 187.758
v 325.099 23.2799 200.67
v 357.784 24.7496 212.315
v 390.79 26.076 222.689
v 424.098 27.2554 231.791
v 457.686 28.2845 239.621
v 491.532 29.1647 246.209
v 525.611 29.9079 251.658
v 559.899 30.5272 256.078
v 605.896 31.1831 260.559
v 661.198 31.7522 264.134
v 724.561 32.1803 266.384
v 802.659 32.4959 267.422
v 971.045 32.938 267.837
v 1121.31 33.1516 267.282
v 1245.56 33.0635 265.446
v 1360.12 32.6696 262.112
v 1460.95 32.0041 257.495
v 1552.96 31.0853 251.633
v 1653.33 29.7368 243.359
v 1756.47 28.0086 232.908
v 2302.89 15.2256 153.133
v 2191.93 17.8859 170.35
v 2376.6 13.7343 143.198
v 2443.84 12.6663 135.8
v 2502.6 12.0257 131.031
v 2555.91 11.7291 128.372
v 2633.51 11.7008 126.674
v 2691.32 11.658 124.651
v 2729.56 11.4602 121.801
v 2761.54 11.1211 117.985
v 2787.52 10.6949 113.674
v 2811 10.1722 108.694
v 2834.57 9.49837 102.529
v 2855.87 8.74724 95.8555
v 2875.12 7.94229 88.8517
v 2894.46 7.00487 80.8279
v 2913.89 5.92502 71.7112
v 2931.9 4.79343 62.265
v 35.9284 5.34762 32.2157
v 143.29 18.0995 107.086
v 163.83 13.6577 121.382
v 179.969 22.0816 129.464
v 1806.92 40.3414 224.151
v 1862.92 25.9019 220.169
v 1915.1 36.932 210.502
v 1973.35 23.4162 204.998
v 2027.78 32.9509 194.353
v 2088.58 20.5515 187.219
v 2137.1 28.7781 177.107
v 201.662 7.64033e-15 144.667
v 232.872 8.5741e-15 161.354
v 264.484 9.44702e-15 176.771
v 296.475 1.02575e-14 190.915
v 328.827 1.10039e-14 203.786
v 361.518 1.16846e-14 215.38
v 394.528 1.22981e-14 225.696
v 427.835 1.28426e-14 234.732
v 461.42 1.33167e-14 242.487
v 495.26 1.37217e-14 249.002
v 529.331 1.40633e-14 254.382
v 563.606 1.43477e-14 258.738
v 609.582 1.46485e-14 263.143
v 665.295 1.49108e-14 266.664
v 729.33 1.51078e-14 268.856
v 808.877 1.5254e-14 269.844
v 988.74 1.54714e-14 270.25
v 1129.74 1.55558e-14 269.62
v 1252.39 1.55066e-14 267.695
v 1366.3 1.53137e-14 264.24
v 1466.84 1.4993e-14 259.48
v 1558.71 1.45533e-14 253.456
v 1659.53 1.3908e-14 244.939
v 1763.1 1.30843e-14 234.21
v 2262.87 7.57373e-15 160.376
v 2348.66 6.69357e-15 147.902
v 2420.77 6.09783e-15 139.163
v 2482.28 5.72985e-15 133.449
v 2537.47 5.53497e-15 130.023
v 2593.87 5.4801e-15 128.319
v 2666.02 5.48802e-15 126.652
v 2711.87 5.42821e-15 124.163
v 2749.97 5.28223e-15 120.345
v 2777.86 5.09697e-15 116.186
v 2803.77 4.85152e-15 111.071
v 2827.18 4.55976e-15 105.269
v 2848.34 4.23239e-15 98.9619
v 2869.59 3.83708e-15 91.523
v 2890.93 3.36756e-15 82.8537
v 2910.24 2.87631e-15 73.9175
v 2927.69 2.37462e-15 64.8949
v 2938.83 2.02484e-15 58.6527
v 40.1121 1.96005 35.8543
v 85.4045 3.55871e-15 69.3537
v 104.979 4.57556 82.9617
v 129.204 5.19002e-15 99.9725
v 146.444 6.18673 110.907
v 167.48 6.53341e-15 124.637
v 182.681 7.49707 133.225
v 1813.01 13.4639 227.369
v 1869.95 1.2083e-14 221.162
v 1921.64 12.3076 213.255
v 1980.74 1.09043e-14 205.652
v 2034.63 10.9613 196.598
v 2096.3 9.54953e-15 187.517
v 2144.11 9.55687 178.893
v 229.18 -18.0451 158.134
v 197.988 -16.0367 141.426
v 260.776 -19.9241 173.578
v 292.756 -21.6702 187.758
v 325.099 -23.2799 200.67
v 357.784 -24.7496 212.315
v 390.79 -26.076 222.689
v 424.098 -27.2554 231.791
v 457.686 -28.2845 239.621
v 491.532 -29.1647 246.209
v 525.611 -29.9079 251.658
v 559.899 -30.5272 256.078
v 605.896 -31.1831 260.559
v 661.198 -31.7522 264.134
v 724.561 -32.1803 266.384
v 802.659 -32.4959 267.422
v 971.045 -32.938 267.837
v 1121.31 -33.1516 267.282
v 1245.56 -33.0635 265.446
v 1360.12 -32.6696 262.112
v 1460.95 -32.0041 257.495
v 1552.96 -31.0853 251.633
v 1653.33 -29.7368 243.359
v 1756.47 -28.0086 232.908
v 2302.89 -15.2256 153.133
v 2191.93 -17.8859 170.35
v 2376.6 -13.7343 143.198
v 2443.84 -12.6663 135.8
v 2502.6 -12.0257 131.031
v 2555.91 -11.7291 128.372
v 2633.51 -11.7008 126.674
v 2691.32 -11.658 124.651
v 2729.56 -11.4602 121.801
v 2761.54 -11.1211 117.985
v 2787.52 -10.6949 113.674
v 2811 -10.1722 108.694
v 2834.57 -9.49837 102.529
v 2855.87 -8.74724 95.8555
v 2875.12 -7.94229 88.8517
v 2894.46 -7.00487 80.8279
v 2913.89 -5.92502 71.7112
v 2931.9 -4.79343 62.265
v 40.1121 -1.96005 35.8543
v 81.0401 -7.22672 65.6628
v 104.979 -4.57556 82.9617
v 124.745 -10.7104 96.1691
v 146.444 -6.18673 110.907
v 163.83 -13.6577 121.382
v 182.681 -7.49707 133.225
v 1813.01 -13.4639 227.369
v 1862.92 -25.9019 220.169
v 1921.64 -12.3076 213.255
v 1973.35 -23.4162 204.998
v 2034.63 -10.9613 196.598
v 2088.58 -20.5515 187.219
v 2144.11 -9.55687 178.893
v 98.6561 -17.1435 76.2937
v 72.5104 -12.9606 58.0601
v 122.339 -20.8651 92.2324
v 227.485 -35.5729 153.339
v 196.23 -31.5654 136.953
v 259.148 -39.3228 168.483
v 291.198 -42.8081 182.384
v 323.614 -46.0217 195.041
v 356.375 -48.9566 206.453
v 389.461 -51.6059 216.618
v 422.85 -53.9626 225.536
v 456.522 -56.0196 233.206
v 490.453 -57.7792 239.657
v 524.621 -59.2649 244.988
v 558.998 -60.5029 249.307
v 605.118 -61.8137 253.68
v 660.451 -62.9486 257.15
v 723.847 -63.8024 259.322
v 801.97 -64.4314 260.301
v 970.201 -65.3088 260.641
v 1121.23 -65.7359 260.075
v 1244.75 -65.5645 258.305
v 1358.52 -64.7962 255.118
v 1458.59 -63.4992 250.718
v 1549.9 -61.7094 245.138
v 1649.29 -59.0854 237.275
v 1751.6 -55.7144 227.323
v 2259.47 -32.1652 155.846
v 2345.11 -28.4266 143.852
v 2416.98 -25.8848 135.427
v 2478.27 -24.2983 129.884
v 2533.26 -23.4362 126.517
v 2589.44 -23.1668 124.818
v 2672.83 -23.1899 122.934
v 2716.32 -22.9037 120.469
v 2749.95 -22.3383 117.136
v 2778.08 -21.5483 113.086
v 2803.49 -20.5324 108.246
v 2826.44 -19.3304 102.777
v 2847.19 -17.986 96.8467
v 2868.01 -16.3668 89.8683
v 2888.94 -14.4477 81.7514
v 2909.97 -12.2035 72.406
v 2928.99 -9.88503 62.87
v 2939.48 -8.48368 57.1517
v 35.9284 -5.34762 32.2157
v 143.29 -18.0995 107.086
v 162.005 -26.8189 117.291
v 179.969 -22.0816 129.464
v 1806.92 -40.3414 224.151
v 1857.37 -51.5934 215.161
v 1915.1 -36.932 210.502
v 1967.3 -46.7159 200.635
v 2027.78 -32.9509 194.353
v 2082.27 -41.0735 183.549
v 2137.1 -28.7781 177.107
v 108.969 -27.7604 79.878
v 147.357 -36.4782 103.806
v 183.296 -44.0857 124.311
v 218.002 -50.8475 142.269
v 249.679 -56.5314 157.159
v 281.753 -61.8237 170.843
v 314.201 -66.714 183.321
v 347.004 -71.1918 194.594
v 380.14 -75.2467 204.661
v 413.588 -78.8681 213.523
v 447.327 -82.0455 221.178
v 481.334 -84.7749 227.642
v 515.586 -87.0853 232.997
v 550.057 -89.0161 237.348
v 596.314 -91.0677 241.771
v 650.792 -92.8252 245.252
v 712.806 -94.1575 247.47
v 788.038 -95.134 248.506
v 937.641 -96.3421 248.784
v 1113.96 -97.185 248.258
v 1237.95 -96.9799 246.641
v 1351.28 -95.9091 243.737
v 1450.68 -94.0754 239.728
v 1541.25 -91.5314 234.635
v 1639.03 -87.8083 227.489
v 1739.88 -82.9963 218.401
v 1844.38 -77.08 207.243
v 2318.98 -43.6154 141.547
v 2245.15 -48.5643 151.642
v 2395.02 -39.3174 132.555
v 2458.26 -36.5937 126.617
v 2514.44 -34.9913 122.844
v 2565.83 -34.3213 120.868
v 2649.64 -34.3218 119.351
v 2694.9 -34.1474 117.695
v 2732.5 -33.53 114.994
v 2763.93 -32.5081 111.404
v 2792.33 -31.0751 106.857
v 2815.42 -29.4878 102.097
v 2836.88 -27.6286 96.7155
v 2858.43 -25.3526 90.2992
v 2877.91 -22.9136 83.56
v 2895.51 -20.376 76.6533
v 2913.19 -17.4914 68.8965
v 2930.95 -14.2376 60.2383
v 2940.46 -12.3424 55.2311
v 32.0761 -8.0567 28.4417
v 64.6723 -17.3016 50.3509
v 81.5929 -17.8686 63.1376
v 1905.31 -61.388 204.507
v 1953.28 -70.0375 193.846
v 2017.39 -54.9233 189.292
v 2067.52 -61.8383 177.994
v 2163.72 -45.7253 167.16
v 186.462 -58.4372 118.446
v 221.435 -67.2693 135.24
v 253.356 -74.685 149.135
v 285.676 -81.5812 161.876
v 318.373 -87.9438 173.464
v 351.426 -93.759 183.901
v 384.814 -99.0127 193.189
v 418.514 -103.691 201.328
v 452.506 -107.78 208.321
v 486.766 -111.279 214.188
v 521.27 -114.232 219.018
v 555.99 -116.692 222.912
v 602.577 -119.293 226.823
v 658.067 -121.529 229.861
v 721.645 -123.212 231.702
v 799.98 -124.448 232.435
v 968.415 -126.152 232.474
v 1119.88 -126.99 231.869
v 1240.82 -126.69 230.351
v 1351.89 -125.3 227.707
v 1449.49 -122.952 224.094
v 1538.49 -119.71 219.524
v 1634.49 -114.981 213.131
v 1733.74 -108.857 204.983
v 2306.07 -58.0565 135.149
v 2226.98 -65.1523 145.314
v 2383.62 -52.1288 126.463
v 2447.37 -48.3409 120.721
v 2503.76 -46.0298 117.003
v 2555.24 -44.9375 114.954
v 2629.72 -44.8136 113.759
v 2678.57 -44.7675 112.602
v 2720.57 -44.1461 110.363
v 2753.69 -42.9869 107.304
v 2781.38 -41.4067 103.609
v 2806.39 -39.4017 99.2162
v 2829 -37.0504 94.273
v 2849.42 -34.4368 88.9316
v 2869.92 -31.304 82.6643
v 2890.52 -27.6057 75.3938
v 2911.22 -23.2957 67.0426
v 2929.95 -18.8554 58.5388
v 2939.96 -16.2607 53.6061
v 29.0618 -10.2765 25.0022
v 58.5501 -20.707 43.4585
v 88.5631 -26.4896 64.5234
v 112.739 -37.4154 77.4355
v 129.975 -37.5877 90.4345
v 150.718 -48.6246 99.4921
v 166.944 -46.9401 111.777
v 1788.39 -92.6781 206.647
v 1836.9 -101.301 194.945
v 1894.57 -85.2705 194.977
v 1944.78 -92.2648 182.836
v 2005.84 -76.5304 181.033
v 2058.43 -81.6819 168.42
v 2147.25 -64.3539 161.179
v 220.05 -81.4934 123.719
v 255.78 -91.5864 137.912
v 288.364 -99.9921 149.54
v 321.328 -107.737 160.086
v 354.652 -114.805 169.553
v 388.313 -121.177 177.944
v 422.289 -126.837 185.264
v 456.557 -131.767 191.515
v 491.096 -135.973 196.726
v 525.878 -139.512 200.984
v 560.877 -142.45 204.384
v 607.833 -145.546 207.749
v 664.294 -148.21 210.307
v 729.393 -150.202 211.753
v 810.885 -151.675 212.176
v 1004.64 -153.943 211.901
v 1134.98 -154.636 211.223
v 1263.34 -154.022 209.574
v 1369.18 -152.151 207.113
v 1463.17 -149.178 203.835
v 1549.34 -145.175 199.745
v 1643.84 -139.352 194.006
v 1741.86 -131.863 186.72
v 1844.12 -122.641 177.743
v 2243.44 -77.4474 132.111
v 2329.54 -68.344 122.506
v 2376.03 -64.1035 117.952
v 2422.43 -60.496 114.007
v 2427.45 -60.0836 113.673
v 2457.69 -58.2399 111.491
v 2457.99 -58.2272 111.468
v 2457.99 -58.2278 111.467
v 2512.47 -55.7292 108.535
v 2561.31 -54.6405 107.043
v 2638.57 -54.5834 106.119
v 2693.53 -54.341 104.706
v 2731.73 -53.3682 102.464
v 2763.67 -51.7304 99.3981
v 2789.63 -49.6872 95.9073
v 2813.09 -47.1933 91.86
v 2836.63 -43.9886 86.8407
v 2857.92 -40.4247 81.4015
v 2877.15 -36.6122 75.6906
v 2896.47 -32.1786 69.1465
v 2915.88 -27.0776 61.7106
v 2932.9 -22.0442 54.4468
v 26.7674 -12.1372 21.8591
v 53.8964 -23.4567 37.2941
v 83.7529 -31.6252 57.2103
v 109.273 -44.2732 69.3902
v 130.512 -47.3914 84.4874
v 148.441 -58.4077 90.3938
v 167.7 -59.1935 104.378
v 184.82 -70.6215 108.168
v 203.194 -69.5819 121.584
v 1894.44 -107.122 180.759
v 1951.57 -111.599 166.885
v 2004.98 -96.2202 168.188
v 2065.47 -98.6144 153.887
v 2146.23 -80.9493 150.176
v 2465.51 -62.5223 105.971
v 2473.23 -66.6769 100.653
v 2525.49 -64.2638 98.5972
v 2577.54 -63.3298 97.6473
v 2667.66 -63.3851 96.7921
v 2706.04 -62.8629 95.5719
v 2745.01 -61.3212 93.1515
v 2773.52 -59.2825 90.3701
v 2800.01 -56.5259 86.8535
v 2823.95 -53.2059 82.7933
v 2845.59 -49.4466 78.3245
v 2867.32 -44.8756 73.0049
v 2886.96 -40.0032 67.4271
v 2904.72 -34.955 61.7195
v 2922.55 -29.2355 55.3185
v 2936.25 -24.3815 49.9289
v 2518.54 -72.3699 88.0009
v 2466.54 -75.2664 89.659
v 2570.33 -71.107 87.2662
v 2651.53 -71.1544 86.977
v 2698.04 -70.7271 86.0995
v 2735.63 -69.3493 84.4169
v 2767.06 -67.1197 82.0654
v 2792.61 -64.3881 79.3735
v 2815.69 -61.089 76.2484
v 2838.86 -56.8815 72.3737
v 2859.8 -52.2289 68.178
v 2878.73 -47.2727 63.7772
v 2897.74 -41.5286 58.7397
v 2916.84 -34.9392 53.0221
v 2933.38 -28.5339 47.5122
v 2493.23 -80.3292 76.4874
v 2451.45 -80.2054 83.3374
v 2439.62 -84.4193 77.9439
v 2458.95 -77.6882 86.5592
v 2541.31 -78.1649 75.8036
v 2592.32 -77.5144 75.7427
v 2672.03 -77.6012 75.6779
v 2709.7 -76.8755 74.9497
v 2747.96 -74.8934 73.3274
v 2775.94 -72.3423 71.4022
v 2801.95 -68.939 68.9408
v 2825.45 -64.8756 66.0846
v 2846.68 -60.3022 62.9336
v 2868.01 -54.7669 59.179
v 2887.28 -48.8881 55.2409
v 2904.71 -42.8142 51.2113
v 2922.21 -35.9489 46.6934
v 2936.08 -29.9391 42.7642
v 256.467 -130.554 88.7258
v 219.613 -115.749 79.6546
v 223.122 -125.05 62.7971
v 260.461 -140.898 69.6409
v 293.751 -144.123 96.8033
v 298.199 -155.379 75.6549
v 331.414 -156.424 103.909
v 336.277 -168.46 80.8666
v 369.405 -167.429 110.064
v 374.639 -180.115 85.305
v 407.677 -177.11 115.293
v 413.232 -190.317 88.9997
v 442.454 -184.7 119.241
v 452.006 -199.049 91.981
v 477.521 -191.207 122.487
v 487.202 -205.692 94.0968
v 512.852 -196.694 125.081
v 522.655 -211.273 95.7238
v 548.417 -201.257 127.09
v 558.336 -215.894 96.9155
v 596.155 -206.075 128.974
v 606.217 -220.746 97.919
v 652.154 -210.148 130.216
v 663.736 -224.896 98.4034
v 716.274 -213.213 130.685
v 730.225 -227.983 98.2652
v 795.102 -215.447 130.41
v 833.608 -230.651 97.3166
v 961.568 -218.399 129.307
v 936.931 -232.578 96.4118
v 955.836 -231.3 99.896
v 978.4 -230.234 102.965
v 1002.74 -229.514 105.236
v 1028.64 -229.147 106.656
v 1097.08 -219.857 128.61
v 1055.91 -229.132 107.194
v 1084.29 -229.455 106.837
v 1113.57 -230.096 105.592
v 1143.41 -231.02 103.497
v 1212.78 -219.726 127.865
v 1173.46 -232.134 100.73
v 1203.71 -233.38 97.3917
v 1224.03 -234.294 94.807
v 1318.89 -217.967 126.837
v 1326.22 -232.324 94.1529
v 1411.95 -214.764 125.505
v 1417.99 -228.824 93.3473
v 1496.69 -210.224 123.826
v 1500.59 -224 92.3596
v 1584.22 -203.709 121.533
v 1586.4 -217.12 91.0026
v 1674.81 -195.094 118.552
v 1675.63 -208.035 89.2214
v 1769.54 -184.23 114.791
v 1769.04 -196.603 86.9553
v 2241.38 -117.891 69.971
v 2245.7 -109.814 87.5279
v 2192.11 -118.641 90.8849
v 2293.38 -102.426 84.7151
v 2321.42 -104.93 67.0995
v 2322.36 -100.151 78.4126
v 2301.72 -101.858 82.6218
v 2345.56 -98.0406 74.6012
v 2371.05 -95.6208 71.2942
v 2389.39 -95.6052 65.1217
v 2398.5 -93.008 68.5878
v 2406.84 -92.2054 67.9781
v 2447.53 -89.3071 63.8984
v 2423.34 -88.125 73.2008
v 2499.78 -85.2867 63.2612
v 2547.89 -83.2016 63.133
v 2597.86 -82.6937 63.445
v 2652.45 -82.8611 63.7848
v 2683.84 -82.6484 63.7047
v 2725.81 -81.3169 62.991
v 2758.73 -78.981 61.7554
v 2786.27 -75.8699 60.1464
v 2811.15 -71.9735 58.1673
v 2833.63 -67.4432 55.899
v 2853.94 -62.438 53.4212
v 2874.34 -56.4668 50.4933
v 2894.83 -49.4458 47.0801
v 2913.36 -42.1598 43.5639
v 2930.11 -34.7666 40.0173
v 2940.04 -30.0066 37.7434
v 21.7788 -16.8977 10.5797
v 45.4612 -28.8582 21.249
v 43.7965 -29.839 16.3315
v 72.3953 -44.7517 28.4057
v 101.405 -58.8229 42.5364
v 103.713 -64.058 34.2156
v 124.182 -73.1349 45.2415
v 144.858 -81.3037 57.6211
v 147.74 -88.2696 45.9814
v 165.415 -94.4298 57.2505
v 183.242 -99.7423 69.5702
v 186.24 -107.87 55.0972
v 202.866 -112.179 66.9221
v 1818.6 -183.865 99.0889
v 1869.39 -170.943 110.135
v 1867.66 -182.623 84.1214
v 1921.17 -168.846 94.9236
v 1975.77 -154.982 104.426
v 1972.98 -165.805 80.6018
v 2031.47 -150.854 89.7838
v 2090.74 -135.987 97.4296
v 2087.22 -145.713 76.2216
v 2139.67 -131.843 84.1707
v 1233.91 -234.549 93.55
v 1263.83 -235.366 89.2791
v 1293.25 -236.147 84.6604
v 1321.93 -236.871 79.7751
v 1349.68 -237.521 74.7055
v 1376.27 -238.086 69.5345
v 1401.51 -238.561 64.3458
v 1423.99 -238.93 59.4872
v 1504.96 -233.877 59.2147
v 1585.77 -227.06 58.8399
v 1673.71 -217.727 58.299
v 1765.81 -205.996 57.5725
v 2318.39 -110.183 50.1653
v 2238.14 -123.838 51.202
v 2386.2 -100.368 49.5698
v 2444.14 -93.7041 49.3436
v 2496.18 -89.3996 49.4178
v 2544.08 -87.096 49.7605
v 2593.83 -86.4554 50.388
v 2645.91 -86.6266 51.0262
v 2699.94 -86.06 51.1939
v 2737.87 -84.285 50.7479
v 2769.59 -81.4386 49.8792
v 2795.37 -77.9657 48.7714
v 2818.67 -73.7813 47.4179
v 2839.72 -69.0419 45.878
v 2858.73 -63.9036 44.2074
v 2877.83 -57.8639 42.2458
v 2897 -50.8511 39.973
v 2916.27 -42.7934 37.3684
v 2933.1 -34.8824 34.8181
v 1816.07 -194.493 71.3814
v 1863.11 -191.651 56.6142
v 1917.38 -178.889 69.2563
v 1967.11 -174.378 55.3582
v 2026.54 -160.161 66.5731
v 2080.15 -153.692 53.7053
v 2162.7 -134.894 62.7464
v 1425.21 -238.914 59.2231
v 1447.22 -238.589 54.2447
v 1467.35 -238.217 49.5005
v 1485.47 -237.817 45.0731
v 1501.44 -237.412 41.0424
v 1515.15 -237.025 37.4841
v 1526.5 -236.678 34.4675
v 1535.41 -236.388 32.0532
v 1541.82 -236.17 30.2911
v 1545.68 -236.035 29.2185
v 1546.97 -235.989 28.8583
v 1576.06 -233.994 25.4427
v 1545.63 -236.122 28.756
v 1541.63 -236.517 28.4513
v 1535 -237.161 27.9516
v 1525.79 -238.032 27.2679
v 1514.07 -239.104 26.4148
v 1499.96 -240.339 25.409
v 1659.84 -225.119 26.1095
v 1750.17 -213.618 26.9066
v 1845.49 -199.522 27.807
v 1947.19 -182.526 28.8002
v 2296.94 -116.653 32.2736
v 2228.3 -128.941 31.5305
v 2368.47 -105.46 33.1436
v 2428.19 -97.8761 33.9699
v 2481.32 -92.8385 34.8
v 2529.98 -89.9092 35.6524
v 2580.33 -88.7776 36.6316
v 2665.5 -88.8862 38.1021
v 2707.26 -88.0984 38.4544
v 2747.93 -85.7415 38.397
v 2778.32 -82.513 38.0266
v 2803.74 -78.608 37.4642
v 2826.7 -73.9892 36.7355
v 2847.46 -68.8243 35.8816
v 2866.21 -63.2768 34.9395
v 2885.03 -56.8045 33.8213
v 2903.94 -49.3374 32.5162
v 2922.94 -40.805 31.0128
v 2936.45 -34.0839 29.8229
v 1492.15 -240.996 24.8663
v 2012.28 -168.526 42.0852
v 2057.47 -162.152 29.8714
v 2154.23 -141.353 41.6503
v 256.201 -149.345 26.4388
v 218.009 -131.737 24.287
v 224.724 -136.123 4.81902
v 263.4 -153.787 4.35217
v 294.72 -165.378 28.146
v 302.334 -169.799 3.67552
v 333.493 -179.809 29.4491
v 341.451 -184.138 2.8341
v 372.453 -192.618 30.388
v 380.681 -196.792 1.87112
v 411.539 -203.789 31.0021
v 419.963 -207.756 0.827756
v 450.695 -213.315 31.3298
v 459.24 -217.031 -0.257079
v 494.286 -222.023 31.4037
v 503.476 -225.553 -1.49408
v 540.992 -229.397 31.2007
v 550.953 -232.729 -2.81996
v 591.649 -235.465 30.7194
v 602.573 -238.586 -4.23829
v 647.612 -240.267 29.9566
v 659.817 -243.173 -5.75583
v 711.382 -243.878 28.9051
v 725.506 -246.581 -7.38741
v 796.834 -246.69 27.4085
v 806.6 -249.054 -9.17458
v 882.361 -248.525 26.0846
v 890.146 -248.848 23.1436
v 904.198 -249.347 19.2186
v 920.427 -249.85 15.8266
v 977.839 -252.461 -11.8089
v 980.846 -251.295 8.87206
v 958.895 -250.833 10.6615
v 938.705 -250.348 12.975
v 1004.4 -251.722 7.58025
v 1029.4 -252.102 6.74737
v 1103.28 -253.905 -12.6921
v 1082.99 -252.662 6.24984
v 1055.66 -252.42 6.32354
v 1111.22 -252.815 6.46113
v 1140.23 -252.863 6.89471
v 1169.91 -252.786 7.60445
v 1216.09 -253.685 -12.756
v 1199.86 -252.567 8.57916
v 1229.84 -252.198 9.76278
v 1259.63 -251.673 11.1031
v 1313.08 -251.854 -12.2745
v 1317.75 -250.159 14.0723
v 1289.01 -250.992 12.5532
v 1345.64 -249.184 15.6254
v 1400.34 -248.56 -11.4293
v 1397.99 -246.879 18.7214
v 1372.45 -248.084 17.1834
v 1422.05 -245.598 20.2179
v 1444.45 -244.272 21.6535
v 1480.82 -243.876 -10.3128
v 1483.56 -241.634 24.2678
v 1465.01 -242.938 23.0096
v 1556.2 -237.862 -8.98216
v 1640.94 -229.239 -7.17992
v 1729.45 -218.292 -4.98632
v 1822.62 -204.828 -2.37614
v 1921.74 -188.567 0.687589
v 2275.16 -121.458 13.0459
v 2186.13 -138.159 9.85099
v 2343.92 -110.014 15.4617
v 2406.82 -101.242 17.594
v 2461.87 -95.2908 19.3739
v 2511.84 -91.5802 20.9014
v 2558.14 -89.815 22.226
v 2609.84 -89.5374 23.5741
v 2681.96 -89.4876 25.1161
v 2725.83 -88.0154 25.7992
v 2759.34 -85.428 26.1645
v 2787.36 -81.9614 26.3545
v 2812.67 -77.6048 26.4286
v 2835.55 -72.5276 26.4112
v 2856.23 -66.9091 26.3235
v 2877 -60.1974 26.1638
v 2895.77 -53.1433 25.9558
v 2912.74 -45.9137 25.7143
v 2929.78 -37.7969 25.4194
v 2939.87 -32.5672 25.2195
v 20.2728 -17.8988 2.55085
v 41.5059 -30.6247 6.86203
v 40.7525 -30.4262 2.29728
v 68.7688 -47.5494 6.92008
v 98.2122 -65.4005 13.9205
v 96.4048 -64.8541 4.1819
v 117.292 -77.2515 10.2811
v 138.396 -89.3541 18.0681
v 145.397 -94.1927 4.91368
v 162.734 -103.581 12.6263
v 180.218 -112.591 21.6504
v 186.386 -116.835 5.02961
v 202.143 -124.446 14.111
v 1987.95 -175.969 16.0353
v 2028.73 -169.083 4.26226
v 2121.79 -150.222 19.0108
v 303.12 -168.649 -21.1418
v 342.489 -182.916 -24.0772
v 381.905 -195.473 -26.8858
v 421.307 -206.321 -29.527
v 460.64 -215.472 -31.9641
v 504.979 -223.879 -34.4533
v 552.551 -230.946 -36.841
v 604.248 -236.704 -39.1331
v 661.532 -241.203 -41.3397
v 727.166 -244.537 -43.4825
v 807.87 -246.952 -45.622
v 932.707 -249.509 -48.0177
v 1060.78 -251.407 -49.3744
v 1177.28 -251.791 -49.6022
v 1276.89 -250.58 -49.0083
v 1366.1 -247.919 -47.8392
v 1448.11 -243.882 -46.2181
v 1524.74 -238.51 -44.2183
v 1607.56 -230.87 -41.5369
v 1693.81 -221.02 -38.2118
v 1784.25 -208.798 -34.1942
v 1879.95 -193.975 -29.415
v 1982.47 -176.211 -23.7714
v 2094.3 -154.983 -17.1031
v 2216.72 -131.121 -9.5065
v 2289.51 -117.922 -5.07855
v 2362.43 -106.324 -0.868855
v 2422.68 -98.4963 2.3428
v 2476.08 -93.2551 4.92149
v 2524.87 -90.1337 7.00866
v 2575.29 -88.8132 8.85053
v 2655.04 -88.9193 11.2271
v 2704.37 -88.1971 12.5425
v 2742.18 -86.1987 13.5573
v 2773.79 -83.087 14.4509
v 2799.5 -79.3425 15.2288
v 2822.73 -74.8679 15.9847
v 2846.05 -69.2046 16.8054
v 2867.14 -62.9782 17.6092
v 2886.2 -56.3737 18.3926
v 2905.34 -48.7458 19.2394
v 2924.58 -40.0215 20.1557
v 2937.27 -33.6579 20.7985
v 19.999 -17.7351 -0.0497108
v 40.1993 -29.8292 -2.13897
v 67.7327 -46.909 -0.0944374
v 95.0781 -63.4902 -5.26501
v 120.082 -78.9235 -1.19024
v 144.038 -92.6081 -8.7888
v 165.619 -105.174 -2.71243
v 186.038 -115.654 -12.0314
v 205.52 -126.144 -4.2984
v 224.813 -135.001 -15.0699
v 244.033 -144.543 -5.98087
v 263.869 -152.673 -18.1236
v 283.035 -161.388 -7.78627
v 2140.22 -146.579 -3.03105
v 303.336 -164.388 -45.5476
v 342.894 -178.342 -50.5537
v 382.433 -190.594 -55.1788
v 421.896 -201.156 -59.386
v 461.229 -210.047 -63.1432
v 505.556 -218.211 -66.852
v 553.077 -225.068 -70.2712
v 604.662 -230.65 -73.4092
v 661.719 -235.007 -76.2797
v 726.882 -238.232 -78.9112
v 806.385 -240.563 -81.3809
v 925.036 -242.946 -83.9982
v 1061.37 -244.942 -85.6314
v 1174.06 -245.323 -85.777
v 1272.03 -244.227 -84.9464
v 1360.44 -241.751 -83.3823
v 1442.05 -237.951 -81.2145
v 1518.5 -232.858 -78.5223
v 1600.62 -225.62 -74.9106
v 1686.03 -216.27 -70.4111
v 1775.45 -204.66 -64.953
v 1869.89 -190.583 -58.4372
v 2230.94 -125.143 -28.38
v 2313.61 -110.942 -21.4078
v 2381.78 -100.946 -16.0864
v 2439.71 -94.1478 -12.0127
v 2491.61 -89.7061 -8.81082
v 2539.32 -87.2473 -6.31591
v 2588.79 -86.4608 -4.22794
v 2682.18 -86.4352 -0.984366
v 2726.85 -84.961 0.687209
v 2760.67 -82.3854 2.1771
v 2788.96 -78.9366 3.64058
v 2814.53 -74.6038 5.17575
v 2837.63 -69.5553 6.76624
v 2858.51 -63.9692 8.39035
v 2879.48 -57.2968 10.2177
v 2898.44 -50.2845 12.0526
v 2915.58 -43.0982 13.8706
v 2932.75 -35.0526 15.852
v 19.8071 -17.3189 -2.58543
v 39.8116 -28.8316 -6.42192
v 66.9939 -45.6576 -6.89174
v 94.1488 -61.3034 -14.3761
v 118.468 -76.6228 -12.5411
v 142.129 -89.1553 -21.9437
v 164.564 -102.803 -17.9207
v 185.293 -112.297 -28.687
v 205.165 -123.811 -22.6148
v 224.453 -131.359 -34.5648
v 244.246 -142.165 -27.0141
v 263.829 -148.727 -40.2024
v 283.406 -158.775 -31.2635
v 1925.34 -183.935 -40.6312
v 1970.76 -173.74 -50.7194
v 2031.37 -164.987 -33.3317
v 2080.3 -153.663 -41.5761
v 2148.51 -142.462 -24.6756
v 266.898 -143.476 -62.1308
v 306.597 -158.395 -69.6943
v 346.276 -171.644 -76.6573
v 385.87 -183.24 -82.9837
v 425.324 -193.203 -88.6433
v 464.591 -201.559 -93.6115
v 509.035 -209.252 -98.454
v 556.667 -215.698 -102.826
v 608.349 -220.93 -106.739
v 665.48 -224.998 -110.211
v 730.655 -227.998 -113.281
v 809.972 -230.168 -116.046
v 926.944 -232.404 -118.887
v 1056.66 -234.235 -120.602
v 1166.65 -234.666 -120.735
v 1263.54 -233.747 -119.739
v 1351.55 -231.536 -117.855
v 1433.08 -228.068 -115.215
v 1509.64 -223.365 -111.905
v 1591.13 -216.686 -107.471
v 1675.77 -208.019 -101.923
v 1764.22 -197.238 -95.1741
v 1857.38 -184.165 -87.1029
v 2234.19 -119.131 -47.0877
v 2316.39 -105.688 -38.2588
v 2384.48 -96.2128 -31.5518
v 2442.38 -89.7921 -26.4771
v 2494.27 -85.6289 -22.5552
v 2541.97 -83.3669 -19.5748
v 2591.44 -82.6934 -17.1654
v 2688.6 -82.5689 -13.1972
v 2731.41 -81.0122 -11.0882
v 2764.78 -78.3961 -9.03022
v 2792.71 -74.9672 -6.92881
v 2817.94 -70.7115 -4.66884
v 2840.74 -65.7933 -2.28782
v 2861.35 -60.3826 0.171472
v 2882.05 -53.9492 2.96158
v 2902.84 -46.4057 6.11246
v 2923.75 -37.6649 9.6541
v 2936.85 -31.5655 12.0753
v 19.6827 -16.6506 -5.03318
v 39.5603 -27.4341 -10.5182
v 66.5003 -43.7921 -13.4285
v 93.5465 -58.2922 -23.0877
v 117.693 -73.5369 -23.4899
v 144.731 -86.6675 -35.4041
v 164.914 -99.4379 -32.8438
v 187.759 -108.608 -45.3796
v 206.033 -119.95 -40.6343
v 227.256 -126.88 -54.0094
v 245.477 -137.788 -47.7112
v 1913.21 -179.567 -68.5232
v 1956.55 -168.545 -77.5372
v 2017.19 -161.834 -59.0879
v 2063.65 -149.988 -66.2146
v 2157.25 -135.91 -45.2801
v 270.048 -135.659 -83.2925
v 309.864 -149.557 -92.9196
v 349.595 -161.865 -101.692
v 389.18 -172.606 -109.583
v 428.57 -181.807 -116.569
v 467.722 -189.5 -122.638
v 512.221 -196.604 -128.518
v 559.886 -202.543 -133.758
v 611.569 -207.351 -138.372
v 668.642 -211.078 -142.385
v 733.637 -213.819 -145.843
v 812.428 -215.804 -148.868
v 926.952 -217.851 -151.899
v 1051.43 -219.52 -153.713
v 1159.03 -219.986 -153.863
v 1254.94 -219.242 -152.751
v 1342.62 -217.311 -150.604
v 1424.15 -214.212 -147.558
v 1500.89 -209.954 -143.7
v 1581.93 -203.902 -138.536
v 1665.98 -196.013 -132.049
v 1753.63 -186.178 -124.14
v 1845.72 -174.25 -114.675
v 2284.43 -103.77 -58.4759
v 2201.5 -117.065 -69.4771
v 2352.61 -94.1326 -50.0463
v 2415.24 -86.7919 -43.0734
v 2470.12 -81.8912 -37.7675
v 2519.97 -78.9364 -33.7475
v 2566.15 -77.6662 -30.8164
v 2640.07 -77.6547 -27.2912
v 2693.84 -77.299 -24.6994
v 2735.37 -75.7166 -22.1422
v 2768.43 -73.1322 -19.5117
v 2796.09 -69.8014 -16.7754
v 2821.08 -65.7077 -13.8008
v 2843.66 -61.0077 -10.646
v 2864.08 -55.8615 -7.37392
v 2884.58 -49.765 -3.65134
v 2905.18 -42.639 0.56073
v 2925.89 -34.4041 5.30129
v 2937.92 -29.1001 8.30181
v 19.6132 -15.7331 -7.3664
v 39.42 -25.6417 -14.3875
v 66.2071 -41.3143 -19.6483
v 93.2103 -54.4625 -31.319
v 118.808 -70.2505 -34.3604
v 147.855 -82.7994 -48.7395
v 167.712 -95.5635 -47.8278
v 190.462 -103.032 -61.6238
v 208.786 -114.843 -58.4662
v 230.219 -120.154 -72.846
v 248.493 -131.727 -68.0841
v 1900.38 -172.033 -95.8059
v 1943.39 -160.019 -103.462
v 2002.43 -155.758 -84.4792
v 2048.34 -143.173 -90.2189
v 2132.57 -133.103 -68.6975
v 348.537 -148.001 -124.122
v 308.796 -136.685 -113.602
v 388.086 -157.868 -133.533
v 427.396 -166.319 -141.824
v 466.431 -173.387 -148.988
v 510.664 -179.903 -155.875
v 557.968 -185.355 -161.964
v 609.146 -189.775 -167.274
v 665.469 -193.21 -171.834
v 729.234 -195.743 -175.694
v 805.549 -197.568 -178.985
v 911.795 -199.338 -182.149
v 1033.91 -200.937 -184.284
v 1140.79 -201.531 -184.641
v 1236.76 -201.065 -183.59
v 1324.85 -199.534 -181.355
v 1406.98 -196.94 -178.074
v 1484.41 -193.282 -173.838
v 1566.19 -187.982 -168.085
v 1649.54 -181.091 -160.905
v 1736.25 -172.454 -152.115
v 1827.06 -161.955 -141.576
v 1922.97 -149.431 -129.093
v 2210.92 -105.803 -85.3744
v 2136.52 -117.371 -97.1385
v 2264.47 -97.877 -77.1045
v 2338.73 -87.9177 -66.2706
v 2404.22 -80.5776 -57.6654
v 2460.8 -75.6767 -51.2123
v 2511.85 -72.6553 -46.362
v 2558.95 -71.2427 -42.8524
v 2611.71 -71.0405 -39.9136
v 2689.45 -70.8899 -35.8492
v 2732.69 -69.5027 -32.8181
v 2766.39 -67.1791 -29.6803
v 2794.59 -64.137 -26.3611
v 2820.07 -60.364 -22.7097
v 2843.11 -56.0052 -18.8029
v 2863.93 -51.2115 -14.724
v 2884.84 -45.5128 -10.0587
v 2905.85 -38.832 -4.75604
v 2926.98 -31.092 1.23521
v 2938.47 -26.4292 4.7867
v 19.5873 -14.5728 -9.55579
v 39.3675 -23.4644 -17.9835
v 66.074 -38.233 -25.4837
v 93.0845 -49.8308 -38.9751
v 119.136 -65.2913 -44.4584
v 145.395 -74.7275 -59.4741
v 168.347 -88.8843 -61.5781
v 189.04 -93.7969 -75.6151
v 209.638 -106.82 -74.9727
v 228.973 -109.603 -89.3176
v 249.496 -122.496 -86.9808
v 268.918 -123.893 -101.992
v 289.356 -136.613 -98.0685
v 1984.39 -147.17 -109.432
v 2025.4 -134.645 -114.388
v 2092.42 -130.006 -94.2162
v 311.385 -122.521 -133.352
v 351.081 -132.514 -145.335
v 390.541 -141.212 -156.004
v 429.725 -148.647 -165.357
v 468.599 -154.854 -173.4
v 512.775 -160.591 -181.12
v 559.983 -165.384 -187.904
v 611.002 -169.265 -193.774
v 667.066 -172.276 -198.764
v 730.38 -174.495 -202.934
v 805.777 -176.094 -206.43
v 909.228 -177.632 -209.732
v 1027.96 -179.04 -212
v 1132.99 -179.615 -212.436
v 1228.13 -179.286 -211.37
v 1315.95 -178.029 -209.004
v 1398.15 -175.832 -205.469
v 1475.86 -172.686 -200.852
v 1549.89 -168.594 -195.222
v 1632.66 -162.751 -187.518
v 1718.57 -155.378 -178.041
v 1808.27 -146.387 -166.653
v 1902.63 -135.654 -153.162
v 2002.86 -123.008 -137.303
v 2238.77 -90.5734 -96.0281
v 2308.39 -81.8286 -84.2838
v 2380.54 -74.0183 -73.151
v 2440.62 -68.8535 -65.0412
v 2494.01 -65.5504 -58.9764
v 2542.85 -63.7861 -54.5596
v 2593.34 -63.2899 -51.2022
v 2685.43 -63.2372 -45.9866
v 2730.38 -62.0488 -42.5138
v 2768.51 -59.7054 -38.4516
v 2799.54 -56.5834 -34.1211
v 2824.78 -53.0761 -29.7778
v 2847.6 -49.0588 -25.1317
v 2870.52 -44.1312 -19.7045
v 2891.24 -38.8427 -14.0862
v 2909.99 -33.3342 -8.38554
v 2928.82 -27.066 -2.03055
v 2939.39 -23.2097 1.82604
v 19.5873 -13.1772 -11.5674
v 39.3811 -20.9194 -21.2555
v 66.0542 -34.5622 -30.8546
v 93.1169 -44.4277 -45.9496
v 119.088 -59.017 -53.6045
v 148.472 -67.8558 -71.245
v 168.658 -80.5001 -74.1435
v 191.451 -84.4899 -89.6361
v 210.137 -96.7765 -90.0832
v 231.501 -98.5332 -105.482
v 250.141 -110.983 -104.297
v 271.504 -111.203 -120.062
v 290.088 -123.752 -117.348
v 2068.06 -121.151 -117.057
v 2110.74 -108.231 -118.72
v 2160.84 -107.378 -101.539
v 222.315 -82.1609 -114.984
v 182.193 -69.7735 -96.8742
v 262.364 -93.3456 -131.625
v 302.265 -103.35 -146.78
v 341.958 -112.202 -160.44
v 381.393 -119.929 -172.608
v 420.53 -126.563 -183.288
v 459.34 -132.133 -192.493
v 502.75 -137.232 -201.204
v 548.994 -141.518 -208.853
v 598.758 -145.016 -215.464
v 653.093 -147.76 -221.073
v 713.798 -149.809 -225.738
v 784.518 -151.28 -229.581
v 875.476 -152.512 -232.978
v 995.292 -153.858 -235.893
v 1101.48 -154.562 -236.843
v 1197.85 -154.531 -236.153
v 1286.93 -153.725 -234.029
v 1370.39 -152.121 -230.604
v 1449.34 -149.702 -225.966
v 1524.58 -146.457 -220.18
v 1606.6 -141.818 -212.316
v 1691.5 -135.886 -202.556
v 1779.83 -128.597 -190.767
v 1872.35 -119.866 -176.773
v 1970.06 -109.574 -160.333
v 2074.38 -97.5517 -141.1
v 2246.43 -77.1106 -107.719
v 2329.65 -68.3334 -92.5617
v 2398.52 -62.2695 -81.3212
v 2457.05 -58.2817 -73.0848
v 2509.47 -55.8332 -67.0012
v 2557.63 -54.6821 -62.6919
v 2610.83 -54.5092 -59.2298
v 2688.63 -54.4058 -54.4357
v 2732.73 -53.3296 -50.6139
v 2770.74 -51.243 -46.0336
v 2801.66 -48.4908 -41.1289
v 2826.81 -45.4153 -36.2012
v 2849.55 -41.9042 -30.9264
v 2872.4 -37.6087 -24.7636
v 2895.36 -32.4506 -17.6237
v 2916.14 -27.0068 -10.2888
v 2933.03 -22.0047 -3.67593
v 19.5939 -11.5587 -13.3634
v 39.4395 -18.0318 -24.1503
v 66.0999 -30.3289 -35.6703
v 93.2571 -38.3012 -52.1282
v 117.126 -50.9786 -60.8128
v 141.421 -55.9384 -76.9996
v 165.264 -69.3661 -83.6998
v 2178.6 -91.8681 -113.716
v 303.559 -85.1369 -161.07
v 343.18 -92.3657 -175.827
v 382.516 -98.671 -188.942
v 421.532 -104.08 -200.428
v 460.201 -108.619 -210.306
v 503.493 -112.778 -219.646
v 549.574 -116.273 -227.823
v 599.111 -119.125 -234.867
v 653.12 -121.362 -240.815
v 713.319 -123.034 -245.731
v 783.155 -124.234 -249.748
v 872.047 -125.229 -253.25
v 989.817 -126.327 -256.307
v 1094.66 -126.927 -257.367
v 1190.32 -126.948 -256.734
v 1279.14 -126.347 -254.591
v 1362.63 -125.098 -251.058
v 1441.81 -123.18 -246.217
v 1517.43 -120.579 -240.125
v 1599.38 -116.853 -231.847
v 1684.07 -112.07 -221.547
v 1772.05 -106.185 -209.095
v 1863.98 -99.1355 -194.317
v 2301.95 -58.4035 -107.66
v 2221.82 -65.641 -123.736
v 2370.24 -53.059 -95.1147
v 2433.24 -49.0811 -84.945
v 2488.53 -46.5467 -77.4649
v 2538.77 -45.172 -72.09
v 2590.5 -44.7539 -68.1001
v 2656.26 -44.8425 -64.0223
v 2690.74 -44.6638 -61.5669
v 2734.38 -43.748 -57.4366
v 2772.35 -41.9905 -52.407
v 2803.25 -39.6866 -47.0035
v 2828.39 -37.1207 -41.5675
v 2851.11 -34.1977 -35.7452
v 2873.94 -30.6272 -28.9411
v 2896.89 -26.3457 -21.0578
v 2917.65 -21.8316 -12.9596
v 2933.79 -17.8783 -5.99413
v 19.6229 -9.74909 -14.9223
v 39.5228 -14.8357 -26.614
v 66.2112 -25.5937 -39.8603
v 93.4565 -31.5198 -57.3939
v 117.297 -43.0124 -67.8322
v 143.166 -46.4513 -85.461
v 162.588 -57.6252 -91.7362
v 183.502 -57.6554 -106.879
v 202.826 -69.4786 -111.467
v 223.657 -67.8052 -126.593
v 242.936 -80.1979 -129.611
v 263.699 -76.9583 -144.659
v 282.915 -89.8273 -146.187
v 1916.55 -105.034 -177.326
v 1960.77 -90.8371 -176.981
v 2016.86 -94.9835 -159.039
v 2063.7 -81.1692 -156.756
v 2148.1 -80.743 -132.966
v 268.983 -59.7717 -157.025
v 308.769 -65.9274 -174.231
v 348.288 -71.3577 -189.661
v 387.5 -76.084 -203.332
v 426.372 -80.128 -215.268
v 464.881 -83.5117 -225.495
v 499.824 -86.0735 -233.452
v 535.008 -88.2187 -240.32
v 570.406 -89.9894 -246.196
v 617.888 -91.8406 -252.653
v 673.529 -93.3851 -258.466
v 736.111 -94.5189 -263.216
v 810.092 -95.3398 -267.095
v 909.929 -96.1389 -270.691
v 1021.43 -96.8631 -273.144
v 1121.98 -97.1964 -273.693
v 1214.69 -97.0864 -272.572
v 1301.44 -96.5005 -269.926
v 1383.45 -95.416 -265.85
v 1461.59 -93.8156 -260.409
v 1536.48 -91.6875 -253.652
v 1619.19 -88.6422 -244.418
v 1704.67 -84.7818 -233.027
v 1793.48 -80.0726 -219.339
v 1886.29 -74.4684 -203.171
v 1984.03 -67.9057 -184.275
v 2087.98 -60.2992 -162.312
v 2255.04 -47.8677 -125.576
v 2338.12 -42.4446 -108.603
v 2407.2 -38.726 -96.0769
v 2465.95 -36.3255 -87.0059
v 2518.59 -34.9074 -80.4287
v 2566.96 -34.3153 -75.906
v 2644.73 -34.3191 -70.707
v 2702.83 -34.0619 -66.3096
v 2743.23 -33.2404 -61.908
v 2780.04 -31.7609 -56.3604
v 2810 -29.8974 -50.4566
v 2837.08 -27.6092 -43.8457
v 2861.58 -24.9832 -36.6921
v 2883.74 -22.1089 -29.1676
v 2906.01 -18.7044 -20.5157
v 2927.94 -14.8146 -10.8604
v 19.6641 -7.77215 -16.2149
v 39.6115 -11.3756 -28.5949
v 66.3545 -20.4143 -43.3418
v 93.6693 -24.1743 -61.6335
v 118.268 -34.5001 -74.0967
v 144.292 -35.8017 -92.1574
v 163.805 -46.1738 -100.014
v 188.834 -45.2027 -117.246
v 206.18 -56.0582 -122.324
v 228.983 -52.8699 -138.031
v 246.282 -64.5188 -141.725
v 2154.9 -63.6852 -142.621
v 309.115 -44.6227 -182.471
v 348.577 -48.2863 -198.526
v 387.718 -51.4742 -212.738
v 426.51 -54.2016 -225.136
v 464.929 -56.4838 -235.75
v 499.79 -58.2123 -244.006
v 534.891 -59.6603 -251.127
v 570.205 -60.8561 -257.216
v 617.574 -62.1072 -263.9
v 672.934 -63.1497 -269.896
v 735.084 -63.9158 -274.78
v 808.287 -64.4701 -278.749
v 906.076 -65.0016 -282.393
v 1016.76 -65.4947 -284.952
v 1116.77 -65.7318 -285.584
v 1209.22 -65.6757 -284.514
v 1295.9 -65.302 -281.875
v 1378.01 -64.5932 -277.753
v 1456.35 -63.5355 -272.208
v 1531.53 -62.1188 -265.284
v 1614.2 -60.0885 -255.823
v 1699.58 -57.5088 -244.132
v 1788.16 -54.3587 -230.077
v 1880.6 -50.61 -213.481
v 2294.89 -30.5433 -123.19
v 2245.93 -32.8078 -133.875
v 2339.13 -28.6659 -114.039
v 2408.7 -26.1436 -100.99
v 2467.75 -24.5269 -91.5935
v 2520.62 -23.5824 -84.822
v 2569.17 -23.2011 -80.2064
v 2649.04 -23.2127 -74.7445
v 2707.8 -22.9933 -70.0044
v 2747.15 -22.3999 -65.3748
v 2780.08 -21.4795 -60.1164
v 2809.84 -20.2281 -53.9912
v 2836.76 -18.6941 -47.1351
v 2861.1 -16.9359 -39.7195
v 2883.11 -15.0129 -31.9223
v 2903.02 -12.9811 -23.9118
v 2923.03 -10.6419 -14.8869
v 2936.49 -8.89204 -8.23767
v 19.7081 -5.65698 -17.2141
v 39.6889 -7.70592 -30.0471
v 66.4987 -14.8651 -46.0369
v 93.8547 -16.3793 -64.7451
v 118.917 -25.1989 -78.891
v 144.895 -24.3038 -96.9442
v 166.749 -34.0799 -107.577
v 189.258 -30.6292 -123.049
v 209.035 -41.1996 -130.943
v 229.399 -35.8084 -144.746
v 249.115 -47.3009 -151.27
v 269.373 -40.4683 -164.55
v 289.002 -52.7677 -169.757
v 1932.01 -59.9093 -199.009
v 1977.75 -46.224 -194.102
v 2032.4 -54.0089 -178.34
v 2080.82 -41.1474 -171.612
v 2166.97 -45.5199 -148.337
v 309.239 -22.51 -187.439
v 348.663 -24.3553 -203.875
v 387.761 -25.9608 -218.418
v 426.502 -27.3344 -231.098
v 464.866 -28.4839 -241.951
v 499.676 -29.3547 -250.39
v 534.726 -30.0844 -257.668
v 569.989 -30.6873 -263.888
v 617.289 -31.3183 -270.713
v 672.466 -31.8437 -276.821
v 734.34 -32.23 -281.789
v 807.051 -32.5094 -285.814
v 903.573 -32.7748 -289.487
v 1013.79 -33.0245 -292.114
v 1113.49 -33.1477 -292.8
v 1205.78 -33.1252 -291.766
v 1292.42 -32.9438 -289.136
v 1374.58 -32.5941 -284.993
v 1453.04 -32.0685 -279.39
v 1528.4 -31.3613 -272.37
v 1611.07 -30.3467 -262.777
v 1696.39 -29.0554 -250.911
v 1784.84 -27.4775 -236.64
v 2244.01 -16.5919 -138.168
v 2318.16 -14.8939 -121.817
v 2392.56 -13.4524 -107.041
v 2454.01 -12.5342 -96.5998
v 2508.43 -11.9793 -89.0584
v 2558.11 -11.7233 -83.8487
v 2613.07 -11.6886 -79.7619
v 2681.13 -11.6821 -74.9631
v 2720.26 -11.5265 -71.1975
v 2760 -11.1418 -65.8624
v 2791.38 -10.6185 -60.1854
v 2820.57 -9.91764 -53.4756
v 2846.96 -9.07856 -46.0363
v 2870.84 -8.13219 -38.0554
v 2894.84 -6.98491 -28.7233
v 2916.56 -5.76482 -19.0627
v 2933.24 -4.7037 -10.8141
v 19.7464 -3.43785 -17.897
v 39.7413 -3.8904 -30.9343
v 66.6167 -9.0363 -47.8788
v 93.9802 -8.27041 -66.6474
v 119.278 -15.3362 -82.108
v 145.156 -12.2764 -99.7992
v 167.091 -20.7207 -111.807
v 189.438 -15.459 -126.537
v 209.333 -25.034 -135.964
v 229.571 -18.0693 -148.787
v 249.395 -28.7328 -156.982
v 269.525 -20.4172 -169.084
v 289.251 -32.0457 -176.08
v 1832.6 -39.5722 -225.242
v 1877.05 -25.5999 -219.789
v 1927.22 -36.5234 -207.128
v 1973.86 -23.404 -200.126
v 2027.06 -32.9778 -186.054
v 2076.4 -20.8645 -177.327
v 2162.43 -27.8017 -155.027
v 309.265 -3.16818e-14 -189.099
v 348.676 -3.42776e-14 -205.662
v 387.759 -3.65361e-14 -220.316
v 426.483 -3.84683e-14 -233.092
v 464.828 -4.00853e-14 -244.026
v 499.622 -4.13105e-14 -252.526
v 534.654 -4.23372e-14 -259.857
v 569.9 -4.31854e-14 -266.122
v 617.177 -4.40734e-14 -272.995
v 672.291 -4.48126e-14 -279.14
v 734.069 -4.53562e-14 -284.137
v 806.612 -4.57492e-14 -288.181
v 902.706 -4.61212e-14 -291.863
v 1012.77 -4.6473e-14 -294.514
v 1112.37 -4.6648e-14 -295.219
v 1204.6 -4.66188e-14 -294.198
v 1291.24 -4.63667e-14 -291.572
v 1373.41 -4.58781e-14 -287.422
v 1451.92 -4.5142e-14 -281.802
v 1527.33 -4.41499e-14 -274.75
v 1610 -4.27261e-14 -265.114
v 1695.3 -4.09132e-14 -253.19
v 1783.71 -3.86974e-14 -238.847
v 2316.42 -2.1009e-14 -123.364
v 2240.56 -2.34639e-14 -140.256
v 2391.41 -1.8956e-14 -108.327
v 2453.12 -1.76516e-14 -97.7358
v 2507.72 -1.68628e-14 -90.0928
v 2557.54 -1.64971e-14 -84.8145
v 2612.35 -1.6446e-14 -80.7025
v 2691.67 -1.64025e-14 -74.9179
v 2735.47 -1.60568e-14 -70.1906
v 2773.74 -1.53934e-14 -64.3303
v 2804.89 -1.45244e-14 -57.986
v 2833.06 -1.34333e-14 -50.7866
v 2858.54 -1.21623e-14 -42.9135
v 2881.59 -1.07561e-14 -34.5625
v 2904.76 -9.07652e-15 -24.8927
v 2927.31 -7.16834e-15 -14.1706
v 19.7723 -1.15354 -18.2462
v 39.7598 -5.47595e-15 -31.2327
v 66.688 -3.03226 -48.8176
v 94.0245 -1.1644e-14 -67.2876
v 119.43 -5.14732 -83.7163
v 145.224 -1.72847e-14 -100.746
v 167.215 -6.95096 -113.916
v 189.484 -2.17612e-14 -127.699
v 209.441 -8.39607 -138.478
v 229.614 -2.54342e-14 -150.135
v 249.492 -9.6354 -159.843
v 269.561 -2.87376e-14 -170.597
v 289.33 -10.7453 -179.25
v 1830.34 -13.2895 -229.542
v 1875.85 -3.60607e-14 -221.913
v 1924.79 -12.2719 -211.244
v 1972.54 -3.29776e-14 -202.155
v 2024.37 -11.089 -189.967
v 2074.91 -2.94133e-14 -179.255
v 2158.5 -9.37105 -158.813
v 348.663 24.3553 -203.875
v 309.239 22.51 -187.439
v 387.761 25.9608 -218.418
v 426.502 27.3344 -231.098
v 464.866 28.4839 -241.951
v 499.676 29.3547 -250.39
v 534.726 30.0844 -257.668
v 569.989 30.6873 -263.888
v 617.289 31.3183 -270.713
v 672.466 31.8437 -276.821
v 734.34 32.23 -281.789
v 807.051 32.5094 -285.814
v 903.573 32.7748 -289.487
v 1013.79 33.0245 -292.114
v 1113.49 33.1477 -292.8
v 1205.78 33.1252 -291.766
v 1292.42 32.9438 -289.136
v 1374.58 32.5941 -284.993
v 1453.04 32.0685 -279.39
v 1528.4 31.3613 -272.37
v 1611.07 30.3467 -262.777
v 1696.39 29.0554 -250.911
v 1784.84 27.4775 -236.64
v 2244.01 16.5919 -138.168
v 2318.16 14.8939 -121.817
v 2392.56 13.4524 -107.041
v 2454.01 12.5342 -96.5998
v 2508.43 11.9793 -89.0584
v 2558.11 11.7233 -83.8487
v 2613.07 11.6886 -79.7619
v 2681.13 11.6821 -74.9631
v 2720.26 11.5265 -71.1975
v 2760 11.1418 -65.8624
v 2791.38 10.6185 -60.1854
v 2820.57 9.91764 -53.4756
v 2846.96 9.07856 -46.0363
v 2870.84 8.13219 -38.0554
v 2894.84 6.98491 -28.7233
v 2916.56 5.76482 -19.0627
v 2933.24 4.7037 -10.8141
v 19.7723 1.15354 -18.2462
v 39.7413 3.8904 -30.9343
v 66.688 3.03226 -48.8176
v 93.9802 8.27041 -66.6474
v 119.43 5.14732 -83.7163
v 145.156 12.2764 -99.7992
v 167.215 6.95096 -113.916
v 189.438 15.459 -126.537
v 209.441 8.39607 -138.478
v 229.571 18.0693 -148.787
v 249.492 9.6354 -159.843
v 269.525 20.4172 -169.084
v 289.33 10.7453 -179.25
v 1830.34 13.2895 -229.542
v 1877.05 25.5999 -219.789
v 1924.79 12.2719 -211.244
v 1973.86 23.404 -200.126
v 2024.37 11.089 -189.967
v 2076.4 20.8645 -177.327
v 2158.5 9.37105 -158.813
v 348.577 48.2863 -198.526
v 309.115 44.6227 -182.471
v 387.718 51.4742 -212.738
v 426.51 54.2016 -225.136
v 464.929 56.4838 -235.75
v 499.79 58.2123 -244.006
v 534.891 59.6603 -251.127
v 570.205 60.8561 -257.216
v 617.574 62.1072 -263.9
v 672.934 63.1497 -269.896
v 735.084 63.9158 -274.78
v 808.287 64.4701 -278.749
v 906.076 65.0016 -282.393
v 1016.76 65.4947 -284.952
v 1116.77 65.7318 -285.584
v 1209.22 65.6757 -284.514
v 1295.9 65.302 -281.875
v 1378.01 64.5932 -277.753
v 1456.35 63.5355 -272.208
v 1531.53 62.1188 -265.284
v 1614.2 60.0885 -255.823
v 1699.58 57.5088 -244.132
v 1788.16 54.3587 -230.077
v 2294.89 30.5433 -123.19
v 2245.93 32.8078 -133.875
v 2339.13 28.6659 -114.039
v 2408.7 26.1436 -100.99
v 2467.75 24.5269 -91.5935
v 2520.62 23.5824 -84.822
v 2569.17 23.2011 -80.2064
v 2649.04 23.2127 -74.7445
v 2707.8 22.9933 -70.0044
v 2747.15 22.3999 -65.3748
v 2780.08 21.4795 -60.1164
v 2809.84 20.2281 -53.9912
v 2836.76 18.6941 -47.1351
v 2861.1 16.9359 -39.7195
v 2883.11 15.0129 -31.9223
v 2903.02 12.9811 -23.9118
v 2923.03 10.6419 -14.8869
v 2936.49 8.89204 -8.23767
v 19.7464 3.43785 -17.897
v 39.6889 7.70592 -30.0471
v 66.6167 9.0363 -47.8788
v 93.8547 16.3793 -64.7451
v 119.278 15.3362 -82.108
v 144.895 24.3038 -96.9442
v 167.091 20.7207 -111.807
v 189.258 30.6292 -123.049
v 209.333 25.034 -135.964
v 229.399 35.8084 -144.746
v 249.395 28.7328 -156.982
v 269.373 40.4683 -164.55
v 289.251 32.0457 -176.08
v 1832.6 39.5722 -225.242
v 1880.6 50.61 -213.481
v 1927.22 36.5234 -207.128
v 1977.75 46.224 -194.102
v 2027.06 32.9778 -186.054
v 2080.82 41.1474 -171.612
v 2162.43 27.8017 -155.027
v 348.288 71.3577 -189.661
v 308.769 65.9274 -174.231
v 387.5 76.084 -203.332
v 426.372 80.128 -215.268
v 464.881 83.5117 -225.495
v 499.824 86.0735 -233.452
v 535.008 88.2187 -240.32
v 570.406 89.9894 -246.196
v 617.888 91.8406 -252.653
v 673.529 93.3851 -258.466
v 736.111 94.5189 -263.216
v 810.092 95.3398 -267.095
v 909.929 96.1389 -270.691
v 1021.43 96.8631 -273.144
v 1121.98 97.1964 -273.693
v 1214.69 97.0864 -272.572
v 1301.44 96.5005 -269.926
v 1383.45 95.416 -265.85
v 1461.59 93.8156 -260.409
v 1536.48 91.6875 -253.652
v 1619.19 88.6422 -244.418
v 1704.67 84.7818 -233.027
v 1793.48 80.0726 -219.339
v 1886.29 74.4684 -203.171
v 2255.04 47.8677 -125.576
v 2338.12 42.4446 -108.603
v 2407.2 38.726 -96.0769
v 2465.95 36.3255 -87.0059
v 2518.59 34.9074 -80.4287
v 2566.96 34.3153 -75.906
v 2644.73 34.3191 -70.707
v 2702.83 34.0619 -66.3096
v 2743.23 33.2404 -61.908
v 2780.04 31.7609 -56.3604
v 2810 29.8974 -50.4566
v 2837.08 27.6092 -43.8457
v 2861.58 24.9832 -36.6921
v 2883.74 22.1089 -29.1676
v 2906.01 18.7044 -20.5157
v 2927.94 14.8146 -10.8604
v 19.7081 5.65698 -17.2141
v 39.6115 11.3756 -28.5949
v 66.4987 14.8651 -46.0369
v 93.6693 24.1743 -61.6335
v 118.917 25.1989 -78.891
v 144.292 35.8017 -92.1574
v 166.749 34.0799 -107.577
v 188.834 45.2027 -117.246
v 209.035 41.1996 -130.943
v 228.983 52.8699 -138.031
v 249.115 47.3009 -151.27
v 268.983 59.7717 -157.025
v 289.002 52.7677 -169.757
v 1932.01 59.9093 -199.009
v 1984.03 67.9057 -184.275
v 2032.4 54.0089 -178.34
v 2087.98 60.2992 -162.312
v 2166.97 45.5199 -148.337
v 303.559 85.1369 -161.07
v 263.699 76.9583 -144.659
v 343.18 92.3657 -175.827
v 382.516 98.671 -188.942
v 421.532 104.08 -200.428
v 460.201 108.619 -210.306
v 503.493 112.778 -219.646
v 549.574 116.273 -227.823
v 599.111 119.125 -234.867
v 653.12 121.362 -240.815
v 713.319 123.034 -245.731
v 783.155 124.234 -249.748
v 872.047 125.229 -253.25
v 989.817 126.327 -256.307
v 1094.66 126.927 -257.367
v 1190.32 126.948 -256.734
v 1279.14 126.347 -254.591
v 1362.63 125.098 -251.058
v 1441.81 123.18 -246.217
v 1517.43 120.579 -240.125
v 1599.38 116.853 -231.847
v 1684.07 112.07 -221.547
v 1772.05 106.185 -209.095
v 1863.98 99.1355 -194.317
v 1960.77 90.8371 -176.981
v 2063.7 81.1692 -156.756
v 2301.95 58.4035 -107.66
v 2221.82 65.641 -123.736
v 2370.24 53.059 -95.1147
v 2433.24 49.0811 -84.945
v 2488.53 46.5467 -77.4649
v 2538.77 45.172 -72.09
v 2590.5 44.7539 -68.1001
v 2656.26 44.8425 -64.0223
v 2690.74 44.6638 -61.5669
v 2734.38 43.748 -57.4366
v 2772.35 41.9905 -52.407
v 2803.25 39.6866 -47.0035
v 2828.39 37.1207 -41.5675
v 2851.11 34.1977 -35.7452
v 2873.94 30.6272 -28.9411
v 2896.89 26.3457 -21.0578
v 2917.65 21.8316 -12.9596
v 2933.79 17.8783 -5.99413
v 19.6641 7.77215 -16.2149
v 39.5228 14.8357 -26.614
v 66.3545 20.4143 -43.3418
v 93.4565 31.5198 -57.3939
v 118.268 34.5001 -74.0967
v 143.166 46.4513 -85.461
v 163.805 46.1738 -100.014
v 183.502 57.6554 -106.879
v 206.18 56.0582 -122.324
v 223.657 67.8052 -126.593
v 246.282 64.5188 -141.725
v 2154.9 63.6852 -142.621
v 341.958 112.202 -160.44
v 302.265 103.35 -146.78
v 381.393 119.929 -172.608
v 420.53 126.563 -183.288
v 459.34 132.133 -192.493
v 502.75 137.232 -201.204
v 548.994 141.518 -208.853
v 598.758 145.016 -215.464
v 653.093 147.76 -221.073
v 713.798 149.809 -225.738
v 784.518 151.28 -229.581
v 875.476 152.512 -232.978
v 995.292 153.858 -235.893
v 1101.48 154.562 -236.843
v 1197.85 154.531 -236.153
v 1286.93 153.725 -234.029
v 1370.39 152.121 -230.604
v 1449.34 149.702 -225.966
v 1524.58 146.457 -220.18
v 1606.6 141.818 -212.316
v 1691.5 135.886 -202.556
v 1779.83 128.597 -190.767
v 1872.35 119.866 -176.773
v 2246.43 77.1106 -107.719
v 2329.65 68.3334 -92.5617
v 2398.52 62.2695 -81.3212
v 2457.05 58.2817 -73.0848
v 2509.47 55.8332 -67.0012
v 2557.63 54.6821 -62.6919
v 2610.83 54.5092 -59.2298
v 2688.63 54.4058 -54.4357
v 2732.73 53.3296 -50.6139
v 2770.74 51.243 -46.0336
v 2801.66 48.4908 -41.1289
v 2826.81 45.4153 -36.2012
v 2849.55 41.9042 -30.9264
v 2872.4 37.6087 -24.7636
v 2895.36 32.4506 -17.6237
v 2916.14 27.0068 -10.2888
v 2933.03 22.0047 -3.67593
v 19.6229 9.74909 -14.9223
v 39.4395 18.0318 -24.1503
v 66.2112 25.5937 -39.8603
v 93.2571 38.3012 -52.1282
v 117.297 43.0124 -67.8322
v 141.421 55.9384 -76.9996
v 162.588 57.6252 -91.7362
v 182.193 69.7735 -96.8742
v 202.826 69.4786 -111.467
v 222.315 82.1609 -114.984
v 242.936 80.1979 -129.611
v 262.364 93.3456 -131.625
v 282.915 89.8273 -146.187
v 1916.55 105.034 -177.326
v 1970.06 109.574 -160.333
v 2016.86 94.9835 -159.039
v 2074.38 97.5517 -141.1
v 2148.1 80.743 -132.966
v 191.451 84.4899 -89.6361
v 231.501 98.5332 -105.482
v 271.504 111.203 -120.062
v 311.385 122.521 -133.352
v 351.081 132.514 -145.335
v 390.541 141.212 -156.004
v 429.725 148.647 -165.357
v 468.599 154.854 -173.4
v 512.775 160.591 -181.12
v 559.983 165.384 -187.904
v 611.002 169.265 -193.774
v 667.066 172.276 -198.764
v 730.38 174.495 -202.934
v 805.777 176.094 -206.43
v 909.228 177.632 -209.732
v 1027.96 179.04 -212
v 1132.99 179.615 -212.436
v 1228.13 179.286 -211.37
v 1315.95 178.029 -209.004
v 1398.15 175.832 -205.469
v 1475.86 172.686 -200.852
v 1549.89 168.594 -195.222
v 1632.66 162.751 -187.518
v 1718.57 155.378 -178.041
v 1808.27 146.387 -166.653
v 1902.63 135.654 -153.162
v 2002.86 123.008 -137.303
v 2110.74 108.231 -118.72
v 2308.39 81.8286 -84.2838
v 2238.77 90.5734 -96.0281
v 2380.54 74.0183 -73.151
v 2440.62 68.8535 -65.0412
v 2494.01 65.5504 -58.9764
v 2542.85 63.7861 -54.5596
v 2593.34 63.2899 -51.2022
v 2685.43 63.2372 -45.9866
v 2730.38 62.0488 -42.5138
v 2768.51 59.7054 -38.4516
v 2799.54 56.5834 -34.1211
v 2824.78 53.0761 -29.7778
v 2847.6 49.0588 -25.1317
v 2870.52 44.1312 -19.7045
v 2891.24 38.8427 -14.0862
v 2909.99 33.3342 -8.38554
v 2928.82 27.066 -2.03055
v 2939.39 23.2097 1.82604
v 19.5939 11.5587 -13.3634
v 39.3811 20.9194 -21.2555
v 66.0999 30.3289 -35.6703
v 93.1169 44.4277 -45.9496
v 117.126 50.9786 -60.8128
v 148.472 67.8558 -71.245
v 165.264 69.3661 -83.6998
v 2178.6 91.8681 -113.716
v 348.537 148.001 -124.122
v 308.796 136.685 -113.602
v 388.086 157.868 -133.533
v 427.396 166.319 -141.824
v 466.431 173.387 -148.988
v 510.664 179.903 -155.875
v 557.968 185.355 -161.964
v 609.146 189.775 -167.274
v 665.469 193.21 -171.834
v 729.234 195.743 -175.694
v 805.549 197.568 -178.985
v 911.795 199.338 -182.149
v 1033.91 200.937 -184.284
v 1140.79 201.531 -184.641
v 1236.76 201.065 -183.59
v 1324.85 199.534 -181.355
v 1406.98 196.94 -178.074
v 1484.41 193.282 -173.838
v 1566.19 187.982 -168.085
v 1649.54 181.091 -160.905
v 1736.25 172.454 -152.115
v 1827.06 161.955 -141.576
v 1922.97 149.431 -129.093
v 2025.4 134.645 -114.388
v 2264.47 97.877 -77.1045
v 2210.92 105.803 -85.3744
v 2338.73 87.9177 -66.2706
v 2404.22 80.5776 -57.6654
v 2460.8 75.6767 -51.2123
v 2511.85 72.6553 -46.362
v 2558.95 71.2427 -42.8524
v 2611.71 71.0405 -39.9136
v 2689.45 70.8899 -35.8492
v 2732.69 69.5027 -32.8181
v 2766.39 67.1791 -29.6803
v 2794.59 64.137 -26.3611
v 2820.07 60.364 -22.7097
v 2843.11 56.0052 -18.8029
v 2863.93 51.2115 -14.724
v 2884.84 45.5128 -10.0587
v 2905.85 38.832 -4.75604
v 2926.98 31.092 1.23521
v 2938.47 26.4292 4.7867
v 19.5873 13.1772 -11.5674
v 39.3675 23.4644 -17.9835
v 66.0542 34.5622 -30.8546
v 93.0845 49.8308 -38.9751
v 119.088 59.017 -53.6045
v 145.395 74.7275 -59.4741
v 168.658 80.5001 -74.1435
v 189.04 93.7969 -75.6151
v 210.137 96.7765 -90.0832
v 228.973 109.603 -89.3176
v 250.141 110.983 -104.297
v 268.918 123.893 -101.992
v 290.088 123.752 -117.348
v 2068.06 121.151 -117.057
v 2136.52 117.371 -97.1385
v 2160.84 107.378 -101.539
v 309.864 149.557 -92.9196
v 349.595 161.865 -101.692
v 389.18 172.606 -109.583
v 428.57 181.807 -116.569
v 467.722 189.5 -122.638
v 512.221 196.604 -128.518
v 559.886 202.543 -133.758
v 611.569 207.351 -138.372
v 668.642 211.078 -142.385
v 733.637 213.819 -145.843
v 812.428 215.804 -148.868
v 926.952 217.851 -151.899
v 1051.43 219.52 -153.713
v 1159.03 219.986 -153.863
v 1254.94 219.242 -152.751
v 1342.62 217.311 -150.604
v 1424.15 214.212 -147.558
v 1500.89 209.954 -143.7
v 1581.93 203.902 -138.536
v 1665.98 196.013 -132.049
v 1753.63 186.178 -124.14
v 1845.72 174.25 -114.675
v 1943.39 160.019 -103.462
v 2201.5 117.065 -69.4771
v 2284.43 103.77 -58.4759
v 2352.61 94.1326 -50.0463
v 2415.24 86.7919 -43.0734
v 2470.12 81.8912 -37.7675
v 2519.97 78.9364 -33.7475
v 2566.15 77.6662 -30.8164
v 2640.07 77.6547 -27.2912
v 2693.84 77.299 -24.6994
v 2735.37 75.7166 -22.1422
v 2768.43 73.1322 -19.5117
v 2796.09 69.8014 -16.7754
v 2821.08 65.7077 -13.8008
v 2843.66 61.0077 -10.646
v 2864.08 55.8615 -7.37392
v 2884.58 49.765 -3.65134
v 2905.18 42.639 0.56073
v 2925.89 34.4041 5.30129
v 2937.92 29.1001 8.30181
v 19.5873 14.5728 -9.55579
v 39.42 25.6417 -14.3875
v 66.074 38.233 -25.4837
v 93.2103 54.4625 -31.319
v 119.136 65.2913 -44.4584
v 147.855 82.7994 -48.7395
v 168.347 88.8843 -61.5781
v 190.462 103.032 -61.6238
v 209.638 106.82 -74.9727
v 230.219 120.154 -72.846
v 249.496 122.496 -86.9808
v 270.048 135.659 -83.2925
v 289.356 136.613 -98.0685
v 1984.39 147.17 -109.432
v 2048.34 143.173 -90.2189
v 2092.42 130.006 -94.2162
v 306.597 158.395 -69.6943
v 266.898 143.476 -62.1308
v 346.276 171.644 -76.6573
v 385.87 183.24 -82.9837
v 425.324 193.203 -88.6433
v 464.591 201.559 -93.6115
v 509.035 209.252 -98.454
v 556.667 215.698 -102.826
v 608.349 220.93 -106.739
v 665.48 224.998 -110.211
v 730.655 227.998 -113.281
v 809.972 230.168 -116.046
v 926.944 232.404 -118.887
v 1056.66 234.235 -120.602
v 1166.65 234.666 -120.735
v 1263.54 233.747 -119.739
v 1351.55 231.536 -117.855
v 1433.08 228.068 -115.215
v 1509.64 223.365 -111.905
v 1591.13 216.686 -107.471
v 1675.77 208.019 -101.923
v 1764.22 197.238 -95.1741
v 1857.38 184.165 -87.1029
v 2234.19 119.131 -47.0877
v 2316.39 105.688 -38.2588
v 2384.48 96.2128 -31.5518
v 2442.38 89.7921 -26.4771
v 2494.27 85.6289 -22.5552
v 2541.97 83.3669 -19.5748
v 2591.44 82.6934 -17.1654
v 2688.6 82.5689 -13.1972
v 2731.41 81.0122 -11.0882
v 2764.78 78.3961 -9.03022
v 2792.71 74.9672 -6.92881
v 2817.94 70.7115 -4.66884
v 2840.74 65.7933 -2.28782
v 2861.35 60.3826 0.171472
v 2882.05 53.9492 2.96158
v 2902.84 46.4057 6.11246
v 2923.75 37.6649 9.6541
v 2936.85 31.5655 12.0753
v 19.6132 15.7331 -7.3664
v 39.5603 27.4341 -10.5182
v 66.2071 41.3143 -19.6483
v 93.5465 58.2922 -23.0877
v 118.808 70.2505 -34.3604
v 144.731 86.6675 -35.4041
v 167.712 95.5635 -47.8278
v 187.759 108.608 -45.3796
v 208.786 114.843 -58.4662
v 227.256 126.88 -54.0094
v 248.493 131.727 -68.0841
v 1900.38 172.033 -95.8059
v 1956.55 168.545 -77.5372
v 2002.43 155.758 -84.4792
v 2063.65 149.988 -66.2146
v 2132.57 133.103 -68.6975
v 19.6827 16.6506 -5.03318
v 66.5003 43.7921 -13.4285
v 117.693 73.5369 -23.4899
v 164.914 99.4379 -32.8438
v 206.033 119.95 -40.6343
v 245.477 137.788 -47.7112
v 1913.21 179.567 -68.5232
v 2017.19 161.834 -59.0879
v 2157.25 135.91 -45.2801
v 1421.94 372.521 60.9659
v 1398.35 376.416 66.0914
v 1417.24 506.094 63.4705
v 1393.76 514.234 68.6199
v 1411.11 639.607 66.7365
v 1387.77 651.981 71.9305
v 1403.24 778.044 70.9292
v 1380.68 784.029 75.8406
v 1393.84 916.403 75.9415
v 1372.29 916.007 80.4706
v 1443.86 368.561 55.9848
v 1439.06 498.502 58.47
v 1432.82 628.392 61.7002
v 1425.15 758.223 65.6752
v 1419.73 837.816 68.4817
v 1413.77 917.381 71.5683
v 1463.92 365.092 51.2405
v 1459.03 491.937 53.7124
v 1452.71 618.741 56.9162
v 1444.94 745.493 60.8519
v 1438.79 832.212 63.9676
v 1431.96 918.898 67.4261
v 1481.49 375.879 47.0527
v 1475.72 513.904 49.9231
v 1468.16 651.884 53.6845
v 1459.06 786.425 58.2123
v 1448.25 920.894 63.5879
v 1497.4 373.043 43.0244
v 1491.56 508.639 45.8872
v 1483.93 644.198 49.6313
v 1474.5 779.703 54.2566
v 1468.77 851.508 57.0659
v 1462.54 923.291 60.1228
v 1511.06 370.662 39.4691
v 1505.17 504.265 42.3273
v 1497.48 637.837 46.0592
v 1487.98 771.361 50.6649
v 1481.66 848.686 53.7327
v 1474.74 925.984 57.0938
v 1522.37 368.724 36.4557
v 1516.43 500.736 39.3112
v 1508.7 632.723 43.0348
v 1499.16 764.667 47.6266
v 1492.31 846.764 50.9231
v 1479.9 927.371 55.7852
v 1484.76 928.831 54.5558
v 1531.25 367.221 34.0442
v 1525.28 498.022 36.8985
v 1517.51 628.8 40.6167
v 1507.93 759.539 45.199
v 1500.64 845.6 48.6884
v 1488.67 930.161 53.5494
v 1492.56 931.628 52.5523
v 1537.63 366.15 32.2844
v 1531.65 496.098 35.1381
v 1523.85 626.026 38.853
v 1514.25 755.917 43.4293
v 1506.61 845.022 47.0681
v 1494.12 932.272 52.1491
v 1495.66 932.945 51.7483
v 1498.12 934.092 51.1125
v 1541.49 365.508 31.2132
v 1535.48 494.949 34.0668
v 1527.67 624.372 37.7799
v 1518.05 753.759 42.3529
v 1510.2 844.819 46.0881
v 1499.83 934.961 50.6685
v 1501.44 935.842 50.2493
v 1542.77 365.294 30.8536
v 1536.77 494.567 33.7071
v 1528.95 623.822 37.4197
v 1519.33 753.043 41.9916
v 1511.39 844.783 45.7604
v 1502.55 936.486 49.9625
v 1541.44 365.573 30.7558
v 1535.44 494.992 33.6162
v 1527.63 624.393 37.3381
v 1518.01 753.759 41.9216
v 1510.12 845.239 45.6843
v 1501.32 936.683 49.878
v 1537.45 366.407 30.4649
v 1531.46 496.266 33.3461
v 1523.68 626.105 37.0958
v 1514.08 755.907 41.7142
v 1506.31 846.615 45.4587
v 1497.65 937.287 49.6275
v 1530.84 367.788 29.988
v 1524.88 498.382 32.904
v 1517.13 628.955 36.7003
v 1507.58 759.489 41.3772
v 1499.99 848.937 45.0917
v 1491.56 938.349 49.2199
v 1521.66 369.699 29.3364
v 1515.75 501.333 32.3014
v 1508.04 632.941 36.1634
v 1498.55 764.509 40.9227
v 1491.22 852.261 44.5973
v 1483.09 939.98 48.6713
v 1509.99 372.121 28.5246
v 1504.13 505.105 31.5529
v 1496.5 638.059 35.5003
v 1487.08 770.969 40.3667
v 1480.06 856.729 43.9962
v 1477.69 941.144 48.3351
v 1472.3 942.457 48.0086
v 1470.26 942.997 47.8905
v 1468.22 943.571 47.7747
v 1465.34 944.465 47.615
v 1463.42 945.124 47.5128
v 1461.99 945.662 47.4393
v 1460.58 946.248 47.3691
v 1862.2 950 115.161
v 1145.95 949.883 115.161
v 1145.92 949.763 115.161
v 1145.98 950 115.161
v 1862.27 949.454 115.157
v 1145.86 949.366 115.155
v 1145.85 949.231 115.153
v 1145.87 949.5 115.158
v 1145.89 949.633 115.159
v 1862.32 948.907 115.144
v 1145.87 948.69 115.136
v 1145.89 948.558 115.131
v 1145.86 948.824 115.141
v 1145.85 948.959 115.145
v 1145.85 949.095 115.149
v 1862.38 948.15 115.111
v 1146.05 947.98 115.101
v 1146.12 947.819 115.091
v 1146 948.131 115.11
v 1145.95 948.285 115.118
v 1145.92 948.427 115.125
v 1862.42 947.507 115.07
v 1146.41 947.264 115.051
v 1146.54 947.055 115.034
v 1146.29 947.46 115.066
v 1146.2 947.645 115.08
v 1862.44 946.778 115.008
v 1146.7 946.835 115.014
v 1146.89 946.604 114.991
v 1147.1 946.361 114.966
v 1862.45 946.127 114.94
v 1147.65 945.818 114.903
v 1148.04 945.486 114.86
v 1147.35 946.106 114.938
v 1862.43 945.159 114.815
v 1148.48 945.142 114.813
v 1149.03 944.748 114.753
v 1862.38 944.198 114.663
v 1149.73 944.297 114.68
v 1150.52 943.836 114.598
v 1862.55 943.244 114.483
v 1151.76 943.186 114.471
v 1153.44 942.409 114.303
v 1862.69 942.286 114.275
v 1155.12 941.716 114.137
v 1862.79 941.327 114.036
v 1156.81 941.082 113.971
v 1862.86 940.369 113.769
v 1159.32 940.23 113.727
v 1862.9 939.416 113.472
v 1164.37 938.74 113.243
v 1862.91 938.471 113.147
v 1168.92 937.357 112.723
v 1863.14 937.54 112.796
v 1863.33 936.608 112.413
v 1173.5 936.134 112.205
v 1863.49 935.677 111.997
v 1863.62 934.75 111.549
v 1182.68 934.024 111.174
v 1863.71 933.83 111.07
v 1863.76 932.921 110.56
v 1191.9 932.229 110.147
v 1863.98 932.256 110.164
v 1864.17 931.593 109.748
v 1864.38 930.8 109.221
v 1205.64 929.641 108.392
v 1864.56 930.012 108.666
v 1864.7 929.232 108.081
v 1864.81 928.461 107.469
v 1219.42 927.49 106.643
v 1864.89 927.704 106.83
v 1865.07 927.243 106.423
v 1865.25 926.785 106.002
v 1865.48 926.139 105.382
v 1865.68 925.5 104.736
v 1246.71 923.755 102.777
v 1865.85 924.871 104.064
v 1865.99 924.253 103.367
v 1866.09 923.649 102.647
v 1866.16 923.061 101.905
v 1866.31 922.754 101.5
v 1866.46 922.45 101.086
v 1273.56 920.821 98.6141
v 1866.68 921.964 100.396
v 1866.88 921.487 99.6821
v 1867.04 921.023 98.9469
v 1867.18 920.572 98.1911
v 1867.28 920.137 97.4164
v 1867.35 919.72 96.6248
v 1299.75 918.611 94.2271
v 1867.38 919.322 95.819
v 1867.5 919.132 95.4147
v 1867.62 918.946 95.0044
v 1867.8 918.63 94.2734
v 1867.96 918.328 93.5251
v 1868.09 918.04 92.7608
v 1868.19 917.768 91.9822
v 1325.06 917.087 89.6901
v 1868.26 917.513 91.1911
v 1868.3 917.276 90.3902
v 1868.31 917.059 89.582
v 1868.28 916.862 88.7693
v 1868.39 916.749 88.2574
v 1868.49 916.642 87.7394
v 1349.31 916.226 85.079
v 1868.61 916.505 87.0005
v 1868.7 916.378 86.2138
v 1868.77 916.263 85.3781
v 1868.81 916.168 84.5357
v 1868.81 916.094 83.6897
v 1868.78 916.042 82.8432
v 1868.72 916.01 81.9995
v 1868.62 916 81.1614
v 1868.67 916.002 80.7597
v 1868.71 916.01 80.3564
v 1868.77 916.033 79.6537
v 1868.81 916.072 78.9487
v 1868.82 916.125 78.2431
v 1868.8 916.194 77.5389
v 1868.77 916.276 76.8379
v 1868.71 916.373 76.1417
v 1868.61 916.501 75.3462
v 1868.47 916.671 74.4412
v 1868.28 916.862 73.5534
v 1868.31 917.015 72.9174
v 1868.31 917.18 72.2836
v 1868.28 917.408 71.4792
v 1868.23 917.655 70.6835
v 1868.14 917.919 69.8992
v 1868.02 918.201 69.1284
v 1867.86 918.53 68.2901
v 1867.64 918.917 67.3832
v 1867.38 919.322 66.5037
v 1867.35 919.649 65.8379
v 1867.31 919.989 65.1815
v 1867.21 920.418 64.4006
v 1867.09 920.864 63.6379
v 1866.94 921.323 62.8953
v 1866.73 921.849 62.0954
v 1866.46 922.448 61.2391
v 1866.16 923.061 60.4176
v 1866.13 923.371 60.0213
v 1866.08 923.686 59.6308
v 1865.98 924.291 58.9119
v 1865.84 924.909 58.2166
v 1865.67 925.539 57.5461
v 1865.46 926.179 56.9015
v 1865.21 926.897 56.2161
v 1864.89 927.704 55.4927
v 1864.84 928.245 55.0323
v 1864.77 928.794 54.5853
v 1864.66 929.491 54.0437
v 1864.5 930.274 53.4688
v 1864.29 931.152 52.8639
v 1864.04 932.035 52.2952
v 1863.76 932.921 51.7625
v 1863.71 933.83 51.2527
v 1863.62 934.75 50.7733
v 1863.49 935.677 50.3255
v 1863.33 936.608 49.9099
v 1863.14 937.54 49.5266
v 1862.91 938.471 49.1756
v 1862.9 939.416 48.8506
v 1862.86 940.369 48.5539
v 1862.79 941.327 48.2862
v 1862.69 942.286 48.0481
v 1862.55 943.244 47.8394
v 1862.38 944.198 47.66
v 1862.41 944.631 47.588
v 1862.43 945.065 47.5214
v 1862.44 945.703 47.434
v 1862.45 946.343 47.3586
v 1862.44 946.985 47.2953
v 1862.41 947.748 47.236
v 1862.36 948.393 47.1994
v 1862.31 949.036 47.175
v 1862.2 950 47.1614
v 1862.27 950.546 47.1657
v 1862.32 951.093 47.179
v 1862.38 951.85 47.2117
v 1862.42 952.493 47.2529
v 1862.44 953.222 47.3144
v 1862.45 953.873 47.3827
v 1862.43 954.841 47.5077
v 1862.38 955.802 47.66
v 1862.55 956.756 47.8394
v 1459.28 956.95 47.8793
v 1460.28 957.408 47.9782
v 1862.69 957.714 48.0481
v 1461.29 957.832 48.0757
v 1462.65 958.356 48.2041
v 1862.79 958.673 48.2862
v 1464.69 959.07 48.3935
v 1862.86 959.631 48.5539
v 1467.01 959.796 48.6031
v 1468.77 960.304 48.7604
v 1862.9 960.584 48.8506
v 1470.54 960.782 48.9162
v 1862.91 961.529 49.1756
v 1475.67 962.053 49.3694
v 1863.14 962.46 49.5266
v 1480.81 963.169 49.8153
v 1863.33 963.392 49.9099
v 1863.49 964.323 50.3255
v 1488.91 964.729 50.5173
v 1863.62 965.25 50.7733
v 1494.75 965.739 51.0234
v 1863.71 966.17 51.2527
v 1498.27 966.312 51.3297
v 1499.45 966.498 51.4322
v 1863.76 967.079 51.7625
v 1498.23 967.105 51.7772
v 1863.98 967.744 52.1587
v 1494.59 968.746 52.7961
v 1864.17 968.407 52.575
v 1864.38 969.2 53.1015
v 1491.6 969.938 53.6206
v 1864.56 969.988 53.6572
v 1864.7 970.768 54.2417
v 1488.6 971.033 54.4478
v 1864.81 971.539 54.854
v 1484.48 972.376 55.5626
v 1864.89 972.296 55.4927
v 1865.07 972.757 55.9001
v 1865.25 973.215 56.3206
v 1480.35 973.593 56.6796
v 1865.48 973.861 56.9405
v 1865.68 974.5 57.5868
v 1475.27 974.911 58.0212
v 1865.85 975.129 58.2588
v 1865.99 975.747 58.9556
v 1469.92 976.151 59.4327
v 1866.09 976.351 59.6759
v 1866.16 976.939 60.4176
v 1866.31 977.246 60.8226
v 1457.4 978.515 62.6439
v 1866.46 977.55 61.2363
v 1866.68 978.036 61.9272
v 1866.88 978.513 62.6406
v 1867.04 978.977 63.3758
v 1867.18 979.428 64.1316
v 1442.91 980.554 66.2457
v 1867.28 979.863 64.9064
v 1867.35 980.28 65.6979
v 1867.38 980.678 66.5037
v 1867.5 980.868 66.908
v 1867.62 981.054 67.3184
v 1867.8 981.37 68.0494
v 1426.54 982.174 70.1681
v 1867.96 981.672 68.7976
v 1868.09 981.96 69.5619
v 1868.19 982.232 70.3406
v 1868.26 982.487 71.1316
v 1868.3 982.724 71.9325
v 1408.43 983.309 74.3391
v 1868.31 982.941 72.7408
v 1868.28 983.138 73.5534
v 1868.39 983.251 74.0653
v 1868.49 983.358 74.5834
v 1868.61 983.495 75.3222
v 1868.7 983.622 76.1089
v 1388.69 983.91 78.6859
v 1868.77 983.737 76.9446
v 1868.81 983.832 77.787
v 1868.81 983.906 78.633
v 1868.78 983.958 79.4795
v 1868.72 983.99 80.3233
v 1868.62 984 81.1614
v 1367.46 983.943 83.1357
v 1868.67 983.998 81.563
v 1868.71 983.99 81.9663
v 1868.77 983.967 82.669
v 1868.81 983.928 83.374
v 1868.82 983.875 84.0796
v 1868.8 983.806 84.7838
v 1868.77 983.724 85.4849
v 1344.91 983.382 87.6162
v 1868.71 983.627 86.181
v 1868.61 983.499 86.9766
v 1868.47 983.329 87.8816
v 1868.28 983.138 88.7693
v 1868.31 982.985 89.4054
v 1868.31 982.82 90.0391
v 1321.18 982.207 92.0558
v 1868.28 982.592 90.8436
v 1868.23 982.345 91.6392
v 1868.14 982.081 92.4235
v 1868.02 981.799 93.1943
v 1867.86 981.47 94.0326
v 1296.44 980.402 96.3832
v 1867.64 981.083 94.9396
v 1867.38 980.678 95.819
v 1867.35 980.351 96.4848
v 1867.31 980.011 97.1413
v 1867.21 979.582 97.9222
v 1867.09 979.136 98.6848
v 1270.86 977.945 100.528
v 1866.94 978.677 99.4274
v 1866.73 978.151 100.227
v 1866.46 977.552 101.084
v 1866.16 976.939 101.905
v 1866.13 976.629 102.301
v 1866.08 976.314 102.692
v 1244.63 974.801 104.419
v 1865.98 975.709 103.411
v 1865.84 975.091 104.106
v 1865.67 974.461 104.777
v 1865.46 973.821 105.421
v 1865.21 973.103 106.107
v 1217.94 970.893 107.985
v 1864.89 972.296 106.83
v 1864.84 971.755 107.29
v 1864.77 971.206 107.737
v 1864.66 970.509 108.279
v 1864.5 969.726 108.854
v 1204.44 968.67 109.577
v 1864.29 968.848 109.459
v 1864.04 967.965 110.028
v 1863.76 967.079 110.56
v 1190.97 966.016 111.153
v 1863.71 966.17 111.07
v 1863.62 965.25 111.549
v 1181.92 964.183 112.062
v 1863.49 964.323 111.997
v 1863.33 963.392 112.413
v 1172.9 962.038 112.959
v 1863.14 962.46 112.796
v 1862.91 961.529 113.147
v 1168.41 960.798 113.401
v 1862.9 960.584 113.472
v 1862.86 959.631 113.769
v 1163.94 959.399 113.837
v 1862.79 958.673 114.036
v 1161.1 958.57 114.064
v 1862.69 957.714 114.275
v 1158.27 957.659 114.288
v 1156.29 956.953 114.443
v 1862.55 956.756 114.483
v 1154.53 956.269 114.578
v 1862.38 955.802 114.663
v 1153.23 955.712 114.678
v 1862.41 955.369 114.735
v 1152.07 955.177 114.765
v 1862.43 954.935 114.801
v 1151.22 954.745 114.829
v 1862.44 954.297 114.889
v 1150.46 954.334 114.884
v 1149.9 954.007 114.924
v 1862.45 953.657 114.964
v 1149.35 953.66 114.964
v 1148.86 953.331 114.998
v 1862.44 953.015 115.027
v 1148.15 952.796 115.046
v 1147.84 952.538 115.067
v 1148.5 953.071 115.022
v 1862.41 952.252 115.087
v 1147.38 952.122 115.095
v 1147.19 951.924 115.107
v 1147.61 952.335 115.081
v 1862.36 951.607 115.123
v 1146.77 951.443 115.131
v 1146.64 951.269 115.138
v 1146.91 951.609 115.123
v 1147.05 951.77 115.115
v 1862.31 950.964 115.148
v 1146.22 950.588 115.156
v 1146.15 950.448 115.158
v 1146.29 950.724 115.154
v 1146.37 950.857 115.151
v 1146.45 950.985 115.147
v 1146.53 951.109 115.143
v 1146.03 950.154 115.161
v 1146.09 950.303 115.16
v 1456.81 1093.54 56.0171
v 1441.29 1226.2 64.0374
v 1423.99 1358.8 72.9806
v 1404.9 1491.3 82.8461
v 1384.03 1623.7 93.6347
v 1361.37 1755.98 105.347
v 1336.93 1888.14 117.985
v 1316.01 1994.13 128.799
v 1293.93 2100 140.208
v 970 2100 141.43
v 970.39 2100 144.075
v 970.904 2100 138.915
v 972.087 2100 146.741
v 973.079 2100 136.631
v 975.083 2100 149.411
v 976.502 2100 134.584
v 979.361 2100 152.055
v 984.894 2100 154.638
v 991.643 2100 157.119
v 999.56 2100 159.455
v 1008.59 2100 161.6
v 1018.65 2100 163.51
v 1029.67 2100 165.145
v 1041.57 2100 166.47
v 1054.24 2100 167.458
v 1067.59 2100 168.089
v 1081.5 2100 168.351
v 1095.85 2100 168.241
v 1110.51 2100 167.769
v 1125.3 2100 167.012
v 1140.2 2100 166.013
v 1155.09 2100 164.798
v 1169.85 2100 163.395
v 1184.37 2100 161.834
v 1198.54 2100 160.146
v 1212.26 2100 158.363
v 1225.41 2100 156.518
v 1237.91 2100 154.644
v 1249.64 2100 152.775
v 1260.54 2100 150.945
v 1270.52 2100 149.189
v 1279.49 2100 147.54
v 1287.41 2100 146.031
v 1294.21 2100 144.693
v 1299.66 2100 140.638
v 1299.84 2100 143.555
v 1304.15 2100 140.98
v 1304.26 2100 142.642
v 1307.39 2100 141.229
v 1307.44 2100 141.974
v 1309.35 2100 141.38
v 1309.36 2100 141.567
v 1310 2100 141.43
v 891.837 967.937 52.2779
v 890.577 969.054 53.0019
v 892.941 966.861 51.6367
v 893.905 965.828 51.0704
v 894.488 965.152 50.7241
v 895.171 964.299 50.3145
v 895.828 963.404 49.9149
v 896.39 962.565 49.5683
v 896.868 961.784 49.2686
v 897.322 960.969 48.9793
v 897.747 960.12 48.7024
v 898.101 959.325 48.4653
v 898.31 958.808 48.3222
v 898.516 1123.16 60.5392
v 907.626 1277.14 69.1891
v 917.897 1430.8 78.9412
v 929.331 1584.2 89.797
v 941.924 1737.31 101.753
v 955.673 1890.09 114.808
v 965.812 1995.1 124.434
v 989.909 949.834 115.161
v 989.87 950 115.161
v 737.798 950 115.161
v 989.938 949.681 115.16
v 989.957 949.542 115.158
v 737.69 949.036 115.148
v 989.971 949.401 115.156
v 989.979 949.259 115.153
v 989.98 949.117 115.15
v 989.975 948.976 115.146
v 989.964 948.834 115.141
v 989.947 948.694 115.136
v 989.925 948.556 115.131
v 737.613 948.068 115.106
v 989.897 948.42 115.125
v 989.864 948.287 115.118
v 989.826 948.156 115.111
v 989.784 948.028 115.104
v 989.738 947.903 115.097
v 989.688 947.78 115.089
v 989.635 947.661 115.081
v 989.578 947.544 115.073
v 737.567 947.097 115.037
v 989.519 947.43 115.064
v 989.437 947.282 115.053
v 989.339 947.121 115.039
v 989.238 946.966 115.026
v 989.132 946.816 115.012
v 989.023 946.67 114.998
v 737.552 946.127 114.94
v 988.873 946.483 114.979
v 988.7 946.282 114.957
v 988.521 946.089 114.936
v 988.384 945.948 114.919
v 988.244 945.811 114.902
v 987.991 945.48 114.86
v 737.57 945.159 114.815
v 987.727 945.165 114.816
v 987.456 944.865 114.771
v 987.177 944.578 114.726
v 737.62 944.198 114.663
v 986.893 944.302 114.681
v 986.506 943.951 114.619
v 986.062 943.576 114.549
v 737.452 943.244 114.483
v 985.61 943.22 114.479
v 984.999 942.77 114.384
v 737.315 942.286 114.275
v 984.301 942.293 114.276
v 983.594 941.843 114.168
v 737.209 941.327 114.036
v 982.64 941.279 114.024
v 981.555 940.686 113.861
v 737.135 940.369 113.769
v 980.461 940.129 113.697
v 737.096 939.416 113.472
v 978.99 939.435 113.478
v 977.323 938.709 113.232
v 737.091 938.471 113.147
v 975.085 937.815 112.903
v 736.864 937.54 112.796
v 972.551 936.892 112.533
v 736.668 936.608 112.413
v 970.083 936.064 112.174
v 736.506 935.677 111.997
v 967.605 935.291 111.815
v 736.379 934.75 111.549
v 963.074 933.589 110.938
v 736.288 933.83 111.07
v 736.237 932.921 110.56
v 958.508 932.086 110.06
v 736.023 932.256 110.164
v 735.827 931.593 109.748
v 953.653 930.666 109.129
v 735.619 930.8 109.221
v 735.442 930.012 108.666
v 948.779 929.384 108.198
v 735.297 929.232 108.081
v 735.187 928.461 107.469
v 943.168 927.685 106.814
v 735.114 927.704 106.83
v 734.926 927.243 106.423
v 734.75 926.785 106.002
v 937.529 926.184 105.427
v 734.522 926.139 105.382
v 734.322 925.5 104.736
v 931.869 924.848 104.038
v 734.152 924.871 104.064
v 734.014 924.253 103.367
v 926.934 923.529 102.498
v 733.91 923.649 102.647
v 733.842 923.061 101.905
v 921.981 922.356 100.955
v 733.538 922.45 101.086
v 733.318 921.964 100.396
v 733.686 922.754 101.5
v 917.014 921.312 99.41
v 732.959 921.023 98.9469
v 732.825 920.572 98.1911
v 733.125 921.487 99.6821
v 911.392 920.013 97.1865
v 732.723 920.137 97.4164
v 732.654 919.72 96.6248
v 907.868 919.31 95.7939
v 732.621 919.322 95.819
v 732.498 919.132 95.4159
v 732.382 918.947 95.0067
v 904.336 918.683 94.3998
v 732.117 918.478 93.9038
v 732.006 918.255 93.338
v 732.242 918.709 94.4602
v 900.879 917.995 92.6353
v 731.832 917.835 92.1806
v 731.77 917.639 91.5907
v 731.911 918.041 92.7634
v 897.412 917.415 90.8673
v 731.726 917.453 90.9944
v 731.699 917.276 90.3902
v 893.939 916.939 89.0966
v 731.692 917.059 89.582
v 731.717 916.862 88.7693
v 731.607 916.749 88.2574
v 891.264 916.552 87.2626
v 731.392 916.505 87.0005
v 731.295 916.378 86.2138
v 731.509 916.642 87.7394
v 888.585 916.268 85.4252
v 731.226 916.263 85.3781
v 731.19 916.168 84.5357
v 885.902 916.087 83.5855
v 731.187 916.094 83.6897
v 731.219 916.042 82.8432
v 884.028 916.004 81.7053
v 731.283 916.01 81.9995
v 731.38 916 81.1614
v 731.332 916.002 80.7739
v 882.155 916.026 79.8237
v 731.231 916.032 79.678
v 731.196 916.071 78.9687
v 731.289 916.009 80.385
v 880.283 916.153 77.9426
v 731.196 916.192 77.5502
v 731.233 916.275 76.8447
v 731.184 916.124 78.2588
v 879.221 916.39 76.0292
v 731.292 916.372 76.1443
v 731.388 916.501 75.3462
v 878.271 916.697 74.3141
v 731.535 916.671 74.4412
v 731.717 916.862 73.5534
v 877.694 916.928 73.2705
v 731.695 917.015 72.9174
v 877.121 917.194 72.2312
v 731.692 917.18 72.2836
v 731.718 917.408 71.4792
v 876.926 917.666 70.6501
v 731.775 917.655 70.6835
v 731.863 917.919 69.8992
v 876.737 918.214 69.0919
v 731.98 918.201 69.1284
v 732.144 918.53 68.2901
v 876.582 918.742 67.7853
v 732.364 918.917 67.3832
v 876.432 919.323 66.5001
v 732.621 919.322 66.5037
v 732.646 919.649 65.8379
v 876.917 920.109 64.9594
v 732.695 919.989 65.1815
v 732.785 920.418 64.4006
v 877.396 920.973 63.4568
v 732.909 920.864 63.6379
v 733.063 921.323 62.8953
v 877.799 921.772 62.2098
v 733.27 921.849 62.0954
v 733.537 922.448 61.2391
v 878.195 922.626 60.9954
v 733.842 923.061 60.4176
v 879.353 923.729 59.5781
v 733.874 923.371 60.0213
v 733.916 923.686 59.6308
v 734.021 924.291 58.9119
v 880.49 924.925 58.1997
v 734.161 924.909 58.2166
v 734.333 925.539 57.5461
v 881.438 926.018 57.0598
v 734.535 926.179 56.9015
v 734.792 926.897 56.2161
v 882.365 927.182 55.955
v 735.114 927.704 55.4927
v 884.02 928.539 54.7902
v 735.231 928.794 54.5853
v 735.341 929.491 54.0437
v 735.163 928.245 55.0323
v 885.479 929.855 53.7722
v 735.497 930.274 53.4688
v 886.764 931.121 52.8847
v 735.708 931.152 52.8639
v 735.956 932.035 52.2952
v 887.853 932.287 52.1401
v 736.237 932.921 51.7625
v 888.913 933.52 51.4225
v 736.288 933.83 51.2527
v 890.446 934.848 50.7243
v 736.379 934.75 50.7733
v 736.506 935.677 50.3255
v 891.791 936.13 50.1192
v 736.668 936.608 49.9099
v 892.967 937.362 49.5976
v 736.864 937.54 49.5266
v 893.993 938.541 49.1505
v 737.091 938.471 49.1756
v 737.096 939.416 48.8506
v 894.882 939.667 48.7697
v 737.135 940.369 48.5539
v 895.527 940.557 48.4989
v 737.209 941.327 48.2862
v 896.143 941.484 48.245
v 737.315 942.286 48.0481
v 896.731 942.454 48.0094
v 737.452 943.244 47.8394
v 897.229 943.365 47.8151
v 897.575 944.057 47.6847
v 737.62 944.198 47.66
v 737.593 944.631 47.588
v 737.574 945.065 47.5214
v 737.556 945.703 47.434
v 737.553 946.343 47.3586
v 737.564 946.985 47.2953
v 737.594 947.748 47.236
v 737.635 948.393 47.1994
v 737.69 949.036 47.175
v 737.798 950 47.1614
v 737.733 950.545 47.1657
v 737.678 951.091 47.1789
v 737.618 951.848 47.2116
v 737.582 952.492 47.2528
v 737.559 953.22 47.3142
v 737.552 953.873 47.3827
v 737.57 954.841 47.5077
v 737.62 955.802 47.66
v 737.452 956.756 47.8394
v 737.315 957.714 48.0481
v 737.209 958.673 48.2862
v 737.135 959.631 48.5539
v 737.096 960.584 48.8506
v 737.091 961.529 49.1756
v 736.864 962.46 49.5266
v 736.668 963.392 49.9099
v 736.506 964.323 50.3255
v 736.379 965.25 50.7733
v 736.288 966.17 51.2527
v 736.237 967.079 51.7625
v 736.023 967.744 52.1587
v 735.827 968.407 52.575
v 735.619 969.2 53.1015
v 890.128 969.618 53.3922
v 735.442 969.988 53.6572
v 889.67 970.166 53.7874
v 735.297 970.768 54.2417
v 888.66 971.292 54.654
v 735.187 971.539 54.854
v 887.501 972.461 55.6369
v 735.114 972.296 55.4927
v 734.926 972.757 55.9001
v 734.75 973.215 56.3206
v 886.178 973.665 56.7491
v 734.522 973.861 56.9405
v 734.322 974.5 57.5868
v 884.67 974.895 58.0049
v 734.152 975.129 58.2588
v 884.2 975.518 58.6928
v 734.014 975.747 58.9556
v 883.721 976.115 59.39
v 733.91 976.351 59.6759
v 882.921 977.036 60.5446
v 733.842 976.939 60.4176
v 733.686 977.246 60.8226
v 733.538 977.55 61.2363
v 882.008 977.984 61.8507
v 733.318 978.036 61.9272
v 733.125 978.513 62.6406
v 880.968 978.947 63.3264
v 732.959 978.977 63.3758
v 732.825 979.428 64.1316
v 880.655 979.687 64.587
v 732.723 979.863 64.9064
v 880.33 980.369 65.8732
v 732.654 980.28 65.6979
v 732.621 980.678 66.5037
v 879.936 981.096 67.4124
v 732.382 981.054 67.3184
v 732.198 981.37 68.0494
v 732.497 980.868 66.908
v 879.528 981.743 68.9795
v 732.041 981.672 68.7976
v 731.91 981.96 69.5619
v 879.727 982.212 70.28
v 731.809 982.232 70.3406
v 731.739 982.487 71.1316
v 879.925 982.627 71.5979
v 731.699 982.724 71.9325
v 731.692 982.941 72.7408
v 880.158 983.046 73.1645
v 731.717 983.138 73.5534
v 731.607 983.251 74.0653
v 880.39 983.39 74.7489
v 731.509 983.358 74.5834
v 731.392 983.495 75.3222
v 881.45 983.696 76.6271
v 731.226 983.737 76.9446
v 731.19 983.832 77.787
v 731.295 983.622 76.1089
v 882.514 983.897 78.5158
v 731.187 983.906 78.633
v 731.219 983.958 79.4795
v 883.578 983.992 80.4116
v 731.283 983.99 80.3233
v 731.38 984 81.1614
v 885.417 983.982 82.2546
v 731.287 983.99 81.9663
v 731.229 983.967 82.669
v 731.33 983.998 81.563
v 731.195 983.928 83.374
v 887.255 983.873 84.0974
v 731.184 983.875 84.0796
v 731.197 983.806 84.7838
v 889.089 983.663 85.938
v 731.292 983.627 86.181
v 731.388 983.499 86.9766
v 731.233 983.724 85.4849
v 891.698 983.361 87.7225
v 731.535 983.329 87.8816
v 731.717 983.138 88.7693
v 894.302 982.961 89.5031
v 731.695 982.985 89.4054
v 731.692 982.82 90.0391
v 896.899 982.46 91.2788
v 731.775 982.345 91.6392
v 731.863 982.081 92.4235
v 731.718 982.592 90.8436
v 900.265 981.88 92.9807
v 731.98 981.799 93.1943
v 732.144 981.47 94.0326
v 903.622 981.198 94.6776
v 732.364 981.083 94.9396
v 732.621 980.678 95.819
v 906.969 980.41 96.3682
v 732.646 980.351 96.4848
v 732.695 980.011 97.1413
v 911.07 979.559 97.9615
v 732.785 979.582 97.9222
v 732.909 979.136 98.6848
v 915.16 978.599 99.5489
v 733.063 978.677 99.4274
v 733.27 978.151 100.227
v 919.237 977.519 101.129
v 733.537 977.552 101.084
v 733.842 976.939 101.905
v 924.05 976.4 102.586
v 733.916 976.314 102.692
v 734.021 975.709 103.411
v 733.874 976.629 102.301
v 928.848 975.155 104.036
v 734.161 975.091 104.106
v 734.333 974.461 104.777
v 933.627 973.764 105.478
v 734.535 973.821 105.421
v 734.792 973.103 106.107
v 939.122 972.366 106.769
v 735.114 972.296 106.83
v 735.163 971.755 107.29
v 944.596 970.805 108.053
v 735.341 970.509 108.279
v 735.497 969.726 108.854
v 735.231 971.206 107.737
v 950.041 969.047 109.325
v 735.708 968.848 109.459
v 735.956 967.965 110.028
v 954.786 967.728 110.174
v 736.237 967.079 110.56
v 959.511 966.27 111.016
v 736.288 966.17 111.07
v 736.379 965.25 111.549
v 963.954 964.734 111.803
v 736.506 964.323 111.997
v 736.668 963.392 112.413
v 968.36 962.996 112.58
v 736.864 962.46 112.796
v 971.582 961.936 112.997
v 737.091 961.529 113.147
v 974.787 960.771 113.41
v 737.096 960.584 113.472
v 977.282 959.764 113.729
v 737.135 959.631 113.769
v 978.934 959.036 113.939
v 737.209 958.673 114.036
v 980.331 958.37 114.115
v 737.315 957.714 114.275
v 981.731 957.648 114.29
v 982.77 957.066 114.419
v 737.452 956.756 114.483
v 983.683 956.515 114.531
v 737.62 955.802 114.663
v 984.361 956.076 114.614
v 985.03 955.613 114.695
v 737.593 955.369 114.735
v 985.616 955.176 114.765
v 737.574 954.935 114.801
v 986.049 954.831 114.816
v 986.475 954.47 114.866
v 737.556 954.297 114.889
v 986.847 954.132 114.909
v 987.121 953.868 114.941
v 737.553 953.657 114.964
v 987.389 953.593 114.971
v 987.652 953.307 115
v 737.564 953.015 115.027
v 987.907 953.008 115.028
v 988.154 952.694 115.054
v 737.594 952.252 115.087
v 988.39 952.364 115.079
v 988.662 952.077 115.098
v 737.635 951.607 115.123
v 988.898 951.803 115.114
v 989.082 951.568 115.125
v 989.24 951.345 115.135
v 737.69 950.964 115.148
v 989.375 951.136 115.142
v 989.489 950.938 115.148
v 989.586 950.753 115.153
v 989.667 950.581 115.156
v 989.74 950.402 115.159
v 989.8 950.236 115.161
v 989.837 950.119 115.161
v 871.468 401.839 34.8588
v 875.106 556.486 38.313
v 879.917 711.01 42.8806
v 884.11 822.291 46.8623
v 864.632 400.614 40.1835
v 868.374 555.122 43.5114
v 873.324 709.508 47.9139
v 877.544 818.37 51.6668
v 860.317 399.863 45.9691
v 864.136 554.741 49.1795
v 869.194 709.496 53.4304
v 873.4 816.085 56.9657
v 858.573 399.637 52.1981
v 862.446 555.441 55.3001
v 867.582 711.119 59.4129
v 871.724 815.244 62.73
v 859.447 399.997 58.6172
v 863.35 557.296 61.6237
v 868.534 714.465 65.6169
v 872.561 815.851 68.7184
v 862.964 400.931 64.9634
v 860.353 241.489 63.0069
v 866.871 560.321 67.8912
v 872.072 719.575 71.7887
v 875.93 817.884 74.6806
v 866.523 239.688 69.2822
v 875.312 237.987 75.3687
v 886.666 236.408 81.187
v 900.507 234.975 86.646
v 916.735 233.714 91.6487
v 935.227 232.648 96.0975
v 21.1387 17.4769 7.87609
v 72.0007 47.0181 21.5063
v 125.23 77.8085 34.3986
v 166.912 100.481 43.2774
v 204.618 119.277 50.3014
v 241.979 136.277 56.3785
v 214.58 104.083 94.2999
v 178.71 89.4547 81.9773
v 250.95 117.65 105.473
v 287.774 130.122 115.512
v 325.008 141.472 124.43
v 358.908 150.722 131.528
v 393.153 159.033 137.755
v 427.72 166.383 143.119
v 462.586 172.748 147.629
v 497.725 178.149 151.321
v 533.111 182.671 154.272
v 568.715 186.401 156.559
v 616.478 190.3 158.712
v 674.779 193.658 160.197
v 742.801 196.142 160.786
v 830.747 198.016 160.554
v 1044.51 201.038 159.613
v 1178.52 201.479 158.771
v 1292.74 200.23 157.487
v 1390.63 197.556 155.74
v 1478.84 193.588 153.493
v 1560.36 188.409 150.737
v 1651.62 180.901 146.847
v 1746.73 171.315 141.918
v 1846.58 159.52 135.823
v 1952.34 145.33 128.384
v 2022.94 135.015 122.882
v 2098.15 123.413 116.588
v 2244.1 100.834 104.089
v 2248.81 102.146 100.132
v 2257.26 102.982 95.7504
v 2268.98 103.232 91.3338
v 2283.86 102.905 86.9681
v 22.6019 16.0767 13.3092
v 47.5959 27.4807 26.3296
v 70.7423 40.6371 34.0835
v 96.3438 51.4225 48.6278
v 120.664 66.0534 54.2766
v 140.108 72.2938 67.1803
v 161.715 85.8384 69.3507
v 2145.13 121.329 103.22
v 322.226 125.375 143.279
v 288.987 116.324 133.898
v 355.829 133.625 151.67
v 389.774 141.054 159.079
v 424.038 147.642 165.51
v 458.598 153.367 170.97
v 493.432 158.24 175.489
v 528.51 162.331 179.15
v 563.807 165.719 182.041
v 611.162 169.275 184.849
v 668.401 172.334 186.913
v 734.715 174.611 187.964
v 818.791 176.304 188.084
v 1039.99 179.145 187.419
v 1179.37 179.573 186.481
v 1296.02 178.406 184.875
v 1395.64 175.916 182.628
v 1485.3 172.226 179.72
v 1577.29 166.804 175.707
v 1670.97 159.621 170.533
v 1768.53 150.524 164.026
v 1870.84 139.406 156.033
v 1979.04 126.119 146.349
v 2094.74 110.474 134.701
v 2177.71 98.8584 125.883
v 2243.72 100.695 104.386
v 2242.01 98.2606 108.173
v 2243.74 95.3743 111.607
v 2248.87 92.1879 114.5
v 2257.36 88.7426 116.834
v 2260.63 87.7287 117.318
v 23.6569 15.0142 16.0768
v 50.3406 25.6914 31.6409
v 73.2113 37.8949 41.0174
v 101.971 48.2741 58.6643
v 120.95 59.8563 63.679
v 143.448 65.8075 78.8025
v 161.004 77.3201 81.077
v 180.984 80.5898 95.3609
v 197.72 92.0716 95.4329
v 216.496 93.4333 109.466
v 233.663 105.305 108.044
v 252.51 105.354 122.308
v 270.084 117.532 119.455
v 2137.93 110.782 121.632
v 2269.1 84.8332 118.384
v 2283.97 80.7391 119.287
v 2301.83 76.6575 119.616
v 2322.46 72.6921 119.379
v 2345.63 68.9495 118.603
v 2371.06 65.5357 117.342
v 2398.45 62.5521 115.668
v 25.0126 13.7057 18.9102
v 77.791 35.1021 48.8143
v 126.289 54.5934 74.7044
v 164.649 69.142 93.451
v 200.603 81.7138 109.333
v 236.227 93.1389 123.507
v 2022.24 112.056 150.57
v 2121.58 99.2888 139.439
v 288.987 -116.324 133.898
v 252.51 -105.354 122.308
v 322.226 -125.375 143.279
v 355.829 -133.625 151.67
v 389.774 -141.054 159.079
v 424.038 -147.642 165.51
v 458.598 -153.367 170.97
v 493.432 -158.24 175.489
v 528.51 -162.331 179.15
v 563.807 -165.719 182.041
v 611.162 -169.275 184.849
v 668.401 -172.334 186.913
v 734.715 -174.611 187.964
v 818.791 -176.304 188.084
v 1039.99 -179.145 187.419
v 1179.37 -179.573 186.481
v 1296.02 -178.406 184.875
v 1395.64 -175.916 182.628
v 1485.3 -172.226 179.72
v 1577.29 -166.804 175.707
v 1670.97 -159.621 170.533
v 1768.53 -150.524 164.026
v 1870.84 -139.406 156.033
v 1979.04 -126.119 146.349
v 2260.63 -87.7287 117.318
v 2177.71 -98.8584 125.883
v 2269.1 -84.8332 118.384
v 2283.97 -80.7391 119.287
v 2301.83 -76.6575 119.616
v 2322.46 -72.6921 119.379
v 2345.63 -68.9495 118.603
v 2371.06 -65.5357 117.342
v 2398.45 -62.5521 115.668
v 25.0126 -13.7057 18.9102
v 50.3406 -25.6914 31.6409
v 77.791 -35.1021 48.8143
v 101.971 -48.2741 58.6643
v 126.289 -54.5934 74.7044
v 143.448 -65.8075 78.8025
v 164.649 -69.142 93.451
v 180.984 -80.5898 95.3609
v 200.603 -81.7138 109.333
v 216.496 -93.4333 109.466
v 236.227 -93.1389 123.507
v 2022.24 -112.056 150.57
v 2094.74 -110.474 134.701
v 2121.58 -99.2888 139.439
v 287.774 -130.122 115.512
v 325.008 -141.472 124.43
v 358.908 -150.722 131.528
v 393.153 -159.033 137.755
v 427.72 -166.383 143.119
v 462.586 -172.748 147.629
v 497.725 -178.149 151.321
v 533.111 -182.671 154.272
v 568.715 -186.401 156.559
v 616.478 -190.3 158.712
v 674.779 -193.658 160.197
v 742.801 -196.142 160.786
v 830.747 -198.016 160.554
v 1044.51 -201.038 159.613
v 1178.52 -201.479 158.771
v 1292.74 -200.23 157.487
v 1390.63 -197.556 155.74
v 1478.84 -193.588 153.493
v 1560.36 -188.409 150.737
v 1651.62 -180.901 146.847
v 1746.73 -171.315 141.918
v 1846.58 -159.52 135.823
v 1952.34 -145.33 128.384
v 2022.94 -135.015 122.882
v 2098.15 -123.413 116.588
v 2248.87 -92.1879 114.5
v 2243.74 -95.3743 111.607
v 2242.01 -98.2606 108.173
v 2257.36 -88.7426 116.834
v 2243.72 -100.695 104.386
v 2244.1 -100.834 104.089
v 23.6569 -15.0142 16.0768
v 47.5959 -27.4807 26.3296
v 73.2113 -37.8949 41.0174
v 96.3438 -51.4225 48.6278
v 120.95 -59.8563 63.679
v 140.108 -72.2938 67.1803
v 161.004 -77.3201 81.077
v 178.71 -89.4547 81.9773
v 197.72 -92.0716 95.4329
v 214.58 -104.083 94.2999
v 233.663 -105.305 108.044
v 250.95 -117.65 105.473
v 270.084 -117.532 119.455
v 2137.93 -110.782 121.632
v 2248.81 -102.146 100.132
v 2257.26 -102.982 95.7504
v 2268.98 -103.232 91.3338
v 2283.86 -102.905 86.9681
v 22.6019 -16.0767 13.3092
v 70.7423 -40.6371 34.0835
v 120.664 -66.0534 54.2766
v 161.715 -85.8384 69.3507
v 2145.13 -121.329 103.22
v 261.43 -147.719 48.6301
v 299.59 -162.978 52.5131
v 338.046 -176.724 55.7852
v 376.736 -188.932 58.4813
v 415.604 -199.583 60.6364
v 454.595 -208.661 62.2856
v 498.317 -217.002 63.5831
v 545.215 -224.055 64.4215
v 596.163 -229.848 64.8014
v 652.592 -234.419 64.7219
v 717.203 -237.846 64.1806
v 788.56 -240.139 63.2816
v 859.991 -241.683 62.3472
v 860.353 -241.489 63.0069
v 866.523 -239.688 69.2822
v 875.312 -237.987 75.3687
v 886.666 -236.408 81.187
v 900.507 -234.975 86.646
v 916.735 -233.714 91.6487
v 935.227 -232.648 96.0975
v 21.1387 -17.4769 7.87609
v 42.5023 -30.428 11.5407
v 72.0007 -47.0181 21.5063
v 100.604 -65.1346 23.9297
v 125.23 -77.8085 34.3986
v 146.977 -91.863 32.5628
v 166.912 -100.481 43.2774
v 186.262 -112.791 38.895
v 204.618 -119.277 50.3014
v 223.632 -130.978 44.1018
v 241.979 -136.277 56.3785
v 856.827 -242.647 56.5991
v 855.963 -243.784 50.1085
v 857.737 -244.936 43.8008
v 862.1 -246.057 37.9321
v 869.004 -247.143 32.5199
v 878.383 -248.188 27.5847
v 20.6457 -17.8118 5.19736
v 70.1653 -47.5841 14.1237
v 119.413 -77.1792 21.8859
v 163.531 -102.243 27.8262
v 202.08 -122.285 32.2163
v 239.864 -140.196 35.8555
v 1231.76 417.393 95.4859
v 1201.84 428.299 99.4089
v 1228.42 600.165 98.508
v 1198.87 623.135 102.615
v 1224.4 763.88 102.139
v 1195.74 777.73 106.006
v 1261.45 407.633 91.1506
v 1257.81 579.838 94.0251
v 1252.9 751.854 97.9
v 1290.67 399.285 86.4843
v 1286.78 562.369 89.2449
v 1281.56 725.306 92.9403
v 1277.8 823.084 95.6085
v 1319.19 392.17 81.5653
v 1315.08 547.422 84.2394
v 1309.62 702.55 87.7962
v 1305.01 810.605 90.7971
v 1346.77 386.097 76.4728
v 1342.49 534.629 79.0825
v 1336.82 683.059 82.5334
v 1331.37 800.101 85.8498
v 1373.23 380.892 71.2877
v 1368.78 523.659 73.8501
v 1362.94 666.341 77.2207
v 1356.66 791.315 80.8394
v 937.31 422.713 97.957
v 957.725 430.66 101.809
v 940.6 612.7 100.895
v 960.752 629.933 104.875
v 944.269 771.092 104.171
v 963.844 782.659 108.006
v 980.045 440.214 104.96
v 982.72 650.093 108.204
v 985.226 797.997 111.242
v 1004.07 450.894 107.337
v 1006.27 672.161 110.807
v 1009.33 893.057 115.639
v 1013.26 1113.55 121.83
v 993.57 1161.4 121.361
v 1018.05 1333.55 129.377
v 999.776 1370.18 128.887
v 1023.69 1552.93 138.272
v 1006.99 1578.2 137.639
v 1030.18 1771.62 148.508
v 1015.22 1785.57 147.614
v 1035.63 1935.94 157.106
v 1022.15 1942.91 156.023
v 1029.58 461.242 108.876
v 1031.14 693.209 112.589
v 1033.33 924.753 117.788
v 1036.14 1155.84 124.47
v 1039.58 1386.35 132.629
v 1043.63 1616.16 142.258
v 1048.3 1845.15 153.348
v 1051.18 1972.66 160.174
v 1056.35 468.532 109.511
v 1057.1 707.794 113.419
v 1058.15 946.595 118.911
v 1059.51 1184.89 125.983
v 1061.17 1422.56 134.627
v 1065.23 1879.97 155.777
v 1051.89 1519.39 138.314
v 1063.13 1659.46 144.836
v 1055.16 1752.34 148.974
v 1084.19 469.68 109.191
v 1084.01 709.766 113.163
v 1083.75 949.386 118.745
v 1083.43 1188.5 125.935
v 1071.78 1305.58 130.11
v 1083.03 1426.97 134.725
v 1072.47 1543.27 139.615
v 1082.55 1664.67 145.105
v 1073.24 1772.37 150.304
v 1082.06 1882.57 156.052
v 1074.09 1991.35 161.933
v 1112.92 463.713 107.906
v 1111.82 697.201 111.778
v 1110.29 930.256 117.202
v 1108.32 1162.84 124.175
v 1095.15 1291.71 129.126
v 1105.91 1394.84 132.69
v 1093.59 1526.59 138.55
v 1103.07 1626.13 142.738
v 1091.75 1764.05 149.702
v 1099.69 1863.34 154.674
v 1089.73 1991.35 161.919
v 1142.27 452.851 105.719
v 1140.4 674.568 109.382
v 1137.79 895.911 114.482
v 1134.44 1116.85 121.015
v 1130.37 1337.28 128.976
v 1125.56 1557.11 138.359
v 1120.04 1776.22 149.154
v 1115.47 1938.24 158.07
v 1105.13 2019.16 163.121
v 1171.93 440.37 102.846
v 1169.44 648.507 106.271
v 1167.14 793.666 109.438
v 1159.09 1166.69 120.517
v 1153.28 1373.72 128.503
v 1146.55 1580.01 137.772
v 1138.88 1785.67 148.326
v 1132.37 1942.96 157.289
v 2427.52 92.163 68.0323
v 2457.69 91.7792 68.5237
v 2488.65 91.1066 69.3844
v 2488.65 58.8934 110.616
v 2520 90.1876 70.5608
v 2520 59.8124 109.439
v 2551.35 60.9328 108.005
v 2551.35 89.0672 71.9948
v 2582.31 62.2084 106.373
v 2582.31 87.7916 73.6275
v 2612.48 86.4055 75.4016
v 2612.48 63.5945 104.598
v 2641.49 65.0482 102.738
v 2641.49 84.9518 77.2623
v 2668.97 66.5288 100.843
v 2668.97 83.4712 79.1573
v 2694.58 67.9971 98.9633
v 2694.58 82.0029 81.0367
v 2717.99 69.4152 97.1483
v 2717.99 80.5848 82.8517
v 2738.91 70.7454 95.4457
v 2738.91 79.2546 84.5543
v 2757.08 71.951 93.9026
v 2757.08 78.049 86.0974
v 2772.27 72.9965 92.5643
v 2772.27 77.0035 87.4357
v 2784.29 76.1508 88.5271
v 2784.29 73.8492 91.4729
v 2792.98 75.5193 89.3354
v 2792.98 74.4807 90.6646
v 2798.24 74.869 90.1677
v 2798.24 75.131 89.8323
v 2800 75 90
v 2407.62 178.432 137.306
v 2415.55 263.858 206.022
v 2402.62 264.277 206.303
v 2398.03 349.925 275.144
v 2389.16 778.137 619.383
v 2396.37 606.845 481.697
v 2405.16 435.549 344.015
v 2411.11 520.98 412.725
v 2405.48 778.104 619.425
v 2406.11 606.825 481.722
v 2401.52 692.473 550.562
v 2381.1 180.292 139.116
v 2377.82 266.274 208.286
v 2390.04 264.951 206.953
v 2374.91 351.533 276.867
v 2373.7 777.973 619.592
v 2377.65 607.434 482.455
v 2383.09 436.911 345.298
v 2390.17 521.55 413.16
v 2386.88 607.532 482.33
v 2383.97 692.791 550.911
v 2356.31 182.449 141.87
v 2354.68 268.077 210.781
v 2366.03 266.831 209.173
v 2353.38 352.945 279.063
v 2359.3 777.604 620.065
v 2360.16 607.823 483.558
v 2362.41 438.078 347.006
v 2370.39 522.416 414.366
v 2368.75 608.043 483.276
v 2367.45 692.911 551.558
v 2343.82 268.486 211.885
v 2333.49 269.597 213.72
v 2343.35 438.988 349.098
v 2351.96 608.323 484.546
v 2346.13 777.028 620.802
v 2344.11 607.98 484.985
v 2323.7 269.834 215.015
v 2314.5 270.762 217.025
v 2326.17 439.591 351.523
v 2336.71 608.347 486.115
v 2329.7 607.885 486.705
v 2334.36 776.254 621.793
v 2314.78 439.425 353.145
v 2311.05 439.762 354.147
v 2324.14 775.295 623.02
v 2300.06 271.235 219.967
v 2406.37 149.071 181.309
v 2402.57 236.618 247.78
v 2413.25 235.587 246.953
v 2415.49 235.38 246.786
v 2407.56 148.967 181.226
v 2397.99 323.637 313.853
v 2389.16 758.762 644.182
v 2396.35 584.719 512.041
v 2405.12 410.68 379.895
v 2411.08 497.089 445.461
v 2405.48 758.795 644.139
v 2406.09 584.739 512.015
v 2397.03 671.749 578.1
v 2435.41 147.002 179.385
v 2428.67 234.847 246.18
v 2442.14 233.904 245.116
v 2422.36 322.141 312.547
v 2428.24 409.589 378.714
v 2416.04 584.182 511.44
v 2432.91 496.465 444.479
v 2422.45 759.011 643.863
v 2426.17 584.311 511.275
v 2415.21 671.545 577.717
v 2464.4 146.063 177.717
v 2455.78 233.582 244.392
v 2469.56 233.872 244.002
v 2447.71 321.099 311.04
v 2452.17 408.888 377.34
v 2436.46 583.931 510.625
v 2455.35 496.645 443.672
v 2439.87 759.389 643.378
v 2446.86 584.157 510.336
v 2434.02 671.57 577.117
v 2427.52 -92.163 68.0323
v 2457.69 -91.7792 68.5237
v 2488.65 -91.1066 69.3844
v 2488.65 -58.8934 110.616
v 2520 -90.1876 70.5608
v 2520 -59.8124 109.439
v 2551.35 -60.9328 108.005
v 2551.35 -89.0672 71.9948
v 2582.31 -62.2084 106.373
v 2582.31 -87.7916 73.6275
v 2612.48 -63.5945 104.598
v 2612.48 -86.4055 75.4016
v 2641.49 -65.0482 102.738
v 2641.49 -84.9518 77.2623
v 2668.97 -66.5288 100.843
v 2668.97 -83.4712 79.1573
v 2694.58 -82.0029 81.0367
v 2694.58 -67.9971 98.9633
v 2717.99 -69.4152 97.1483
v 2717.99 -80.5848 82.8517
v 2738.91 -70.7454 95.4457
v 2738.91 -79.2546 84.5543
v 2757.08 -71.951 93.9026
v 2757.08 -78.049 86.0974
v 2772.27 -72.9965 92.5643
v 2772.27 -77.0035 87.4357
v 2784.29 -76.1508 88.5271
v 2784.29 -73.8492 91.4729
v 2792.98 -75.5193 89.3354
v 2792.98 -74.4807 90.6646
v 2798.24 -75.131 89.8323
v 2798.24 -74.869 90.1677
v 2800 -75 90
v 2464.4 -146.063 177.717
v 2455.78 -233.582 244.392
v 2469.56 -233.872 244.002
v 2422.45 -759.011 643.863
v 2447.71 -321.099 311.04
v 2452.17 -408.888 377.34
v 2436.46 -583.931 510.625
v 2455.35 -496.645 443.672
v 2439.87 -759.389 643.378
v 2446.86 -584.157 510.336
v 2434.02 -671.57 577.117
v 2435.41 -147.002 179.385
v 2428.67 -234.847 246.18
v 2442.14 -233.904 245.116
v 2405.48 -758.795 644.139
v 2422.36 -322.141 312.547
v 2428.24 -409.589 378.714
v 2416.04 -584.182 511.44
v 2432.91 -496.465 444.479
v 2426.17 -584.311 511.275
v 2415.21 -671.545 577.717
v 2402.57 -236.618 247.78
v 2406.37 -149.071 181.309
v 2413.25 -235.587 246.953
v 2415.49 -235.38 246.786
v 2407.56 -148.967 181.226
v 2389.16 -758.762 644.182
v 2397.99 -323.637 313.853
v 2396.35 -584.719 512.041
v 2405.12 -410.68 379.895
v 2411.08 -497.089 445.461
v 2406.09 -584.739 512.015
v 2397.03 -671.749 578.1
v 2334.36 -776.254 621.793
v 2314.78 -439.425 353.145
v 2311.05 -439.762 354.147
v 2324.14 -775.295 623.02
v 2300.06 -271.235 219.967
v 2346.13 -777.028 620.802
v 2323.7 -269.834 215.015
v 2314.5 -270.762 217.025
v 2326.17 -439.591 351.523
v 2336.71 -608.347 486.115
v 2329.7 -607.885 486.705
v 2359.3 -777.604 620.065
v 2343.82 -268.486 211.885
v 2333.49 -269.597 213.72
v 2343.35 -438.988 349.098
v 2351.96 -608.323 484.546
v 2344.11 -607.98 484.985
v 2356.31 -182.449 141.87
v 2354.68 -268.077 210.781
v 2366.03 -266.831 209.173
v 2353.38 -352.945 279.063
v 2360.16 -607.823 483.558
v 2362.41 -438.078 347.006
v 2373.7 -777.973 619.592
v 2370.39 -522.416 414.366
v 2368.75 -608.043 483.276
v 2367.45 -692.911 551.558
v 2381.1 -180.292 139.116
v 2377.82 -266.274 208.286
v 2390.04 -264.951 206.953
v 2374.91 -351.533 276.867
v 2377.65 -607.434 482.455
v 2383.09 -436.911 345.298
v 2389.16 -778.137 619.383
v 2390.17 -521.55 413.16
v 2386.88 -607.532 482.33
v 2383.97 -692.791 550.911
v 2407.62 -178.432 137.306
v 2415.55 -263.858 206.022
v 2402.62 -264.277 206.303
v 2398.03 -349.925 275.144
v 2405.16 -435.549 344.015
v 2396.37 -606.845 481.697
v 2405.48 -778.104 619.425
v 2411.11 -520.98 412.725
v 2406.11 -606.825 481.722
v 2401.52 -692.473 550.562
v 1225.45 -724.955 101.197
v 1197.06 -716.34 104.57
v 1191.9 -932.229 110.147
v 1205.64 -929.641 108.392
v 1219.42 -927.49 106.643
v 1229.99 -522.266 97.087
v 1200.87 -500.28 100.455
v 1232.32 -378.428 94.9822
v 1202.55 -366.847 98.6445
v 1168.55 -708.127 107.495
v 1168.92 -937.357 112.723
v 1173.5 -936.134 112.205
v 1164.37 -938.74 113.243
v 1182.68 -934.024 111.174
v 1171.56 -477.32 103.358
v 1172.68 -354.741 101.817
v 1151.95 -1417.06 130.341
v 1124.15 -1616.19 141.127
v 1144.2 -1645.75 141.003
v 1129.65 -1372.49 130.382
v 1158.52 -1188.39 121.292
v 1134.25 -1127.96 121.382
v 1147.55 -952.283 115.085
v 1147.91 -952.605 115.061
v 1147.27 -952.005 115.102
v 1148.33 -952.938 115.034
v 1147.01 -951.731 115.117
v 1148.83 -953.31 115
v 1146.81 -951.496 115.128
v 1146.64 -951.266 115.138
v 1149.51 -953.766 114.952
v 1146.49 -951.048 115.145
v 1146.37 -950.862 115.15
v 1150.28 -954.232 114.897
v 1146.27 -950.688 115.154
v 1146.18 -950.507 115.158
v 1146.11 -950.338 115.16
v 1146.04 -950.18 115.161
v 1146.01 -950.091 115.161
v 1151.42 -954.848 114.814
v 1145.98 -950 115.161
v 1145.94 -949.842 115.161
v 1145.91 -949.696 115.16
v 1145.88 -949.562 115.159
v 1145.86 -949.427 115.157
v 1152.95 -955.587 114.699
v 1145.85 -949.29 115.154
v 1154.59 -956.292 114.574
v 1156.24 -956.936 114.446
v 1158.79 -957.835 114.246
v 1163.94 -959.399 113.837
v 1137.96 -882.74 114.138
v 1145.85 -949.152 115.151
v 1145.85 -949.015 115.147
v 1145.85 -948.877 115.143
v 1145.87 -948.741 115.138
v 1145.89 -948.605 115.133
v 1145.91 -948.472 115.127
v 1145.94 -948.342 115.121
v 1145.97 -948.214 115.114
v 1146.01 -948.089 115.108
v 1146.06 -947.967 115.101
v 1146.11 -947.848 115.093
v 1146.16 -947.732 115.086
v 1146.21 -947.618 115.078
v 1146.27 -947.507 115.07
v 1146.33 -947.399 115.062
v 1146.41 -947.26 115.051
v 1146.51 -947.108 115.038
v 1146.61 -946.961 115.025
v 1146.71 -946.819 115.012
v 1146.82 -946.682 114.999
v 1146.97 -946.506 114.981
v 1147.14 -946.316 114.961
v 1147.32 -946.135 114.941
v 1147.5 -945.96 114.92
v 1147.74 -945.737 114.893
v 1148.02 -945.499 114.862
v 1148.3 -945.272 114.831
v 1148.69 -944.985 114.789
v 1149.13 -944.68 114.743
v 1149.58 -944.392 114.696
v 1150.18 -944.03 114.633
v 1150.86 -943.648 114.563
v 1151.78 -943.173 114.469
v 1152.83 -942.679 114.364
v 1154.24 -942.07 114.224
v 1155.83 -941.442 114.067
v 1157.97 -940.677 113.858
v 1160.39 -939.892 113.624
v 1162.38 -939.298 113.433
v 1140.77 -636.962 108.659
v 1142.4 -434.037 105.475
v 1122.24 -1986.63 160.401
v 1117.77 -1858.38 153.576
v 1110.51 -2100 167.769
v 1125.3 -2100 167.012
v 1135.33 -1873.13 153.214
v 1130.44 -1752.12 147.205
v 1103.53 -1590.54 141.09
v 1106.58 -1333.81 130.298
v 1109.1 -1076.17 121.394
v 1111.08 -817.788 114.39
v 1112.53 -558.824 109.294
v 1113.16 -394.487 107.057
v 1106.06 -1979.27 160.783
v 1099.96 -1845.58 153.723
v 1095.85 -2100 168.241
v 1111.44 -1730.95 147.306
v 1083.23 -1312.11 130.289
v 1083.63 -1047.11 121.488
v 1083.94 -781.345 114.661
v 1084.16 -514.986 109.816
v 1084.24 -372.24 108.041
v 1089.9 -1972.87 160.87
v 1082.16 -1838.4 153.722
v 1081.5 -2100 168.351
v 1092.15 -1714.54 147.241
v 1082.74 -1576.14 141.05
v 1094.09 -1455.03 135.51
v 1057.41 -785.897 115.04
v 1058.71 -1050.74 121.806
v 1056.49 -520.461 110.224
v 1056.14 -374.817 108.415
v 1074 -1969.74 160.724
v 1064.82 -1839.3 153.654
v 1067.59 -2100 168.089
v 1073.01 -1708.25 147.161
v 1062.42 -1577.94 141.143
v 1072.17 -1445.54 135.513
v 1060.38 -1314.82 130.511
v 1071.46 -1181.48 125.786
v 1035.19 -1082.87 122.198
v 1038.82 -1338.81 130.824
v 1032.32 -826.186 115.392
v 1030.23 -568.927 110.414
v 1029.27 -399.067 108.135
v 1058.7 -1973.7 160.541
v 1048.35 -1847.24 153.456
v 1054.24 -2100 167.458
v 1054.62 -1716.64 147.24
v 1043.21 -1593.85 141.258
v 1051.11 -1458.43 135.78
v 1019.02 -1373.98 130.913
v 1025.5 -1617.17 141.136
v 1013.59 -1129.95 122.346
v 1009.21 -885.228 115.444
v 1005.9 -639.957 110.217
v 1003.94 -434.782 107.138
v 1044.25 -1979.51 160.035
v 1033.01 -1858.87 152.976
v 1041.57 -2100 166.47
v 1037.43 -1732.27 147.129
v 1009.41 -1641.97 140.573
v 1018.92 -1871.24 152.102
v 1001.12 -1411.35 130.52
v 994.137 -1182.02 122.048
v 988.39 -952.364 115.079
v 988.562 -952.185 115.091
v 988.731 -952 115.103
v 988.874 -951.832 115.112
v 989.013 -951.658 115.121
v 989.148 -951.477 115.129
v 989.263 -951.31 115.136
v 989.347 -951.181 115.141
v 989.427 -951.048 115.145
v 989.505 -950.911 115.149
v 989.578 -950.769 115.153
v 989.647 -950.624 115.156
v 989.711 -950.475 115.158
v 989.77 -950.321 115.16
v 989.823 -950.163 115.161
v 989.87 -950 115.161
v 989.895 -949.9 115.161
v 989.916 -949.798 115.161
v 989.942 -949.651 115.16
v 988.244 -945.811 114.902
v 988.491 -946.058 114.932
v 988.732 -946.318 114.961
v 988.94 -946.565 114.987
v 989.121 -946.8 115.01
v 989.276 -947.023 115.031
v 989.408 -947.232 115.049
v 989.519 -947.43 115.064
v 989.613 -947.615 115.078
v 989.692 -947.789 115.089
v 989.757 -947.952 115.1
v 989.815 -948.121 115.109
v 989.866 -948.295 115.119
v 989.904 -948.454 115.126
v 989.933 -948.601 115.133
v 989.955 -948.749 115.138
v 989.97 -948.898 115.144
v 989.979 -949.049 115.148
v 989.98 -949.2 115.152
v 989.974 -949.351 115.155
v 989.962 -949.501 115.158
v 983.728 -713.283 109.426
v 980.479 -480.556 105.486
v 979.257 -355.41 104.004
v 1030.76 -1985.69 159.149
v 1029.67 -2100 165.145
v 962.381 -714.495 106.524
v 967.605 -935.291 111.815
v 987.991 -945.48 114.86
v 987.727 -945.165 114.816
v 987.456 -944.865 114.771
v 987.177 -944.578 114.726
v 986.893 -944.302 114.681
v 986.506 -943.951 114.619
v 986.062 -943.576 114.549
v 985.61 -943.22 114.479
v 984.999 -942.77 114.384
v 984.301 -942.293 114.276
v 983.594 -941.843 114.168
v 982.64 -941.279 114.024
v 981.555 -940.686 113.861
v 980.461 -940.129 113.697
v 978.99 -939.435 113.478
v 977.323 -938.709 113.232
v 975.085 -937.815 112.903
v 972.551 -936.892 112.533
v 970.083 -936.064 112.174
v 958.557 -493.52 102.651
v 956.95 -362.426 101.024
v 942.966 -718.863 103.008
v 948.779 -929.384 108.198
v 953.653 -930.666 109.129
v 963.074 -933.589 110.938
v 958.508 -932.086 110.06
v 938.64 -508.178 99.1451
v 936.616 -370.431 97.3378
v 1403.85 -768.244 70.6054
v 1381.89 -763.165 75.1748
v 1372.29 -916.007 80.4706
v 1393.84 -916.403 75.9415
v 1412.1 -619.999 66.209
v 1389.73 -610.231 70.8442
v 1418.59 -471.649 62.7517
v 1395.83 -457.17 67.4779
v 1422.44 -355.294 60.6984
v 1399.12 -347.876 65.6658
v 1358.44 -757.921 79.8115
v 1349.31 -916.226 85.079
v 1365.85 -599.518 75.5413
v 1371.53 -440.963 72.2672
v 1374.25 -339.533 70.6967
v 1333.69 -752.415 84.4351
v 1325.06 -917.087 89.6901
v 1340.62 -587.637 80.2181
v 1345.85 -422.678 77.0373
v 1348.03 -330.106 75.7079
v 1307.82 -746.514 88.9652
v 1299.75 -918.611 94.2271
v 1314.23 -574.304 84.7924
v 1318.88 -405.617 81.7619
v 1281.03 -740.066 93.3214
v 1273.56 -920.821 98.6141
v 1286.87 -559.186 89.182
v 1290.7 -397.693 86.462
v 1253.5 -732.912 97.4241
v 1246.71 -923.755 102.777
v 1258.72 -541.931 93.3061
v 1261.78 -388.672 90.8954
v 1311.19 -1979.81 126.734
v 1287.04 -2100 139.697
v 1279.02 -2100 139.111
v 1302.54 -1978.11 125.905
v 1333.9 -1859.47 114.54
v 1324.64 -1856.07 113.493
v 1355.18 -1739.04 103.121
v 1345.33 -1733.91 101.88
v 1375.02 -1618.51 92.472
v 1364.59 -1611.64 91.0634
v 1393.42 -1497.87 82.5932
v 1382.44 -1489.25 81.0422
v 1410.39 -1377.14 73.484
v 1398.87 -1366.76 71.8162
v 1425.93 -1256.33 65.1439
v 1413.89 -1244.18 63.3852
v 1440.04 -1135.44 57.5723
v 1427.49 -1121.51 55.7489
v 1449.55 -1045.96 52.4656
v 1439.68 -998.766 48.9069
v 1458.28 -956.45 47.7787
v 1457.92 -956.256 47.7418
v 1457.56 -956.054 47.7047
v 1457.06 -955.76 47.6529
v 1456.69 -955.527 47.6136
v 1456.33 -955.281 47.5739
v 1456.01 -955.048 47.5382
v 1455.78 -954.865 47.5112
v 1455.55 -954.672 47.4839
v 1455.35 -954.492 47.4594
v 1455.2 -954.351 47.4409
v 1455.05 -954.204 47.4223
v 1454.91 -954.051 47.4036
v 1454.79 -953.909 47.3868
v 1454.7 -953.798 47.3742
v 1454.61 -953.683 47.3615
v 1454.52 -953.565 47.3488
v 1454.44 -953.442 47.336
v 1454.37 -953.329 47.3247
v 1454.32 -953.242 47.3162
v 1454.27 -953.152 47.3078
v 1454.23 -953.06 47.2993
v 1454.19 -952.965 47.2909
v 1454.14 -952.868 47.2826
v 1454.11 -952.769 47.2743
v 1454.07 -952.667 47.2661
v 1454.04 -952.563 47.2581
v 1454.02 -952.457 47.2502
v 1453.99 -952.349 47.2426
v 1453.98 -952.239 47.2352
v 1453.96 -952.127 47.228
v 1453.96 -952.015 47.2211
v 1453.95 -951.902 47.2146
v 1453.96 -951.789 47.2085
v 1453.97 -951.677 47.2027
v 1453.98 -951.566 47.1974
v 1454 -951.456 47.1925
v 1450.45 -875.953 42.8591
v 1459.17 -946.896 47.3034
v 1458.21 -947.381 47.2624
v 1457.35 -947.861 47.2287
v 1456.74 -948.245 47.2067
v 1456.24 -948.591 47.1906
v 1455.84 -948.894 47.1793
v 1455.53 -949.158 47.1718
v 1455.25 -949.412 47.1664
v 1455.03 -949.632 47.1634
v 1454.84 -949.848 47.1617
v 1454.69 -950.033 47.1614
v 1454.55 -950.214 47.162
v 1454.44 -950.386 47.1636
v 1454.34 -950.548 47.1658
v 1454.26 -950.7 47.1686
v 1454.19 -950.844 47.1718
v 1454.14 -950.977 47.1754
v 1454.09 -951.101 47.1792
v 1454.05 -951.229 47.1836
v 1454.02 -951.347 47.1881
v 1469.62 -825.842 41.6963
v 1459.81 -753.08 37.6052
v 1478.63 -704.726 36.8561
v 1467.75 -630.156 33.145
v 1486.22 -583.58 32.7833
v 1474.28 -507.19 29.4783
v 1492.38 -462.398 29.4772
v 1479.4 -384.189 26.605
v 1496.77 -351.38 27.1217
v 1481.72 -312.915 25.3033
v 1482.92 -822.89 42.5182
v 1472.3 -942.457 48.0086
v 1460.58 -946.248 47.3691
v 1461.99 -945.662 47.4393
v 1463.42 -945.124 47.5128
v 1465.34 -944.465 47.615
v 1468.22 -943.571 47.7747
v 1470.26 -942.997 47.8905
v 1492.1 -703.262 37.7726
v 1499.84 -583.612 33.7725
v 1506.14 -463.93 30.5171
v 1510.74 -351.528 28.1379
v 1493.87 -821.614 43.2684
v 1483.09 -939.98 48.6713
v 1477.69 -941.144 48.3351
v 1503.2 -703.189 38.5926
v 1511.07 -584.748 34.6449
v 1517.49 -466.278 31.4241
v 1522.31 -352.167 29.0092
v 1502.46 -820.907 43.8831
v 1491.56 -938.349 49.2199
v 1511.9 -703.407 39.2597
v 1519.88 -585.896 35.351
v 1526.41 -468.359 32.1557
v 1531.41 -352.772 29.7091
v 1508.64 -820.5 44.337
v 1497.65 -937.287 49.6275
v 1518.16 -703.656 39.7504
v 1526.22 -586.804 35.8691
v 1532.82 -469.927 32.6915
v 1537.96 -353.234 30.2211
v 1512.36 -820.286 44.6151
v 1501.32 -936.683 49.878
v 1521.94 -703.833 40.0504
v 1530.05 -587.374 36.1853
v 1536.69 -470.892 33.0183
v 1541.91 -353.52 30.5332
v 1513.61 -820.22 44.7087
v 1502.55 -936.486 49.9625
v 1523.2 -703.896 40.1513
v 1531.32 -587.568 36.2916
v 1537.98 -471.217 33.1281
v 1543.23 -353.616 30.6381
v 1512.48 -819.426 45.0035
v 1501.44 -935.842 50.2493
v 1522.05 -702.953 40.4545
v 1530.15 -586.474 36.6035
v 1536.78 -469.972 33.4492
v 1541.97 -353.016 30.9833
v 1509.08 -817.224 45.8893
v 1498.12 -934.092 51.1125
v 1499.83 -934.961 50.6685
v 1518.58 -700.299 41.3641
v 1526.61 -583.367 37.5382
v 1533.17 -466.409 34.4102
v 1538.2 -351.301 32.0131
v 1503.41 -814.001 47.3635
v 1492.56 -931.628 52.5523
v 1495.66 -932.945 51.7483
v 1494.12 -932.272 52.1491
v 1512.79 -696.315 42.8749
v 1520.71 -578.618 39.0877
v 1527.16 -460.895 36.0005
v 1531.95 -348.652 33.709
v 1495.45 -810.123 49.4101
v 1484.76 -928.831 54.5558
v 1488.67 -930.161 53.5494
v 1504.68 -691.357 44.9679
v 1512.45 -572.573 41.2301
v 1518.75 -453.761 38.1956
v 1523.23 -345.23 36.0384
v 1485.24 -805.86 51.9973
v 1474.74 -925.984 57.0938
v 1479.9 -927.371 55.7852
v 1494.28 -685.675 47.6086
v 1501.87 -565.466 43.9287
v 1507.99 -445.225 40.9565
v 1512.12 -341.135 38.9554
v 1472.82 -801.389 55.0788
v 1462.54 -923.291 60.1228
v 1481.65 -679.426 50.7488
v 1489.02 -557.43 47.1331
v 1494.94 -435.398 44.2314
v 1498.67 -336.414 42.4022
v 1458.28 -796.825 58.5977
v 1448.25 -920.894 63.5879
v 1466.86 -672.694 54.3293
v 1473.99 -548.518 50.7828
v 1479.67 -424.302 47.9582
v 1482.98 -331.067 46.3124
v 1431.96 -918.898 67.4261
v 1442.7 -778.157 61.9851
v 1451.66 -637.337 57.4477
v 1458.83 -496.449 53.8138
v 1463.84 -367.349 51.278
v 1424.17 -773.229 66.1828
v 1413.77 -917.381 71.5683
v 1432.79 -628.994 61.7169
v 1439.64 -484.674 58.1701
v 1444.07 -361.646 55.8735
v 964.874 -1930.27 116.125
v 971.536 -1929.15 114.002
v 986.961 -2100 131.222
v 981.143 -2100 132.779
v 949.985 -1760.24 100.883
v 957.429 -1758.01 98.2537
v 936.452 -1589.63 87.0299
v 944.615 -1586.27 83.9493
v 924.295 -1418.63 74.5847
v 933.115 -1414.13 71.1111
v 913.518 -1247.29 63.5522
v 922.932 -1241.65 59.7436
v 905.519 -1102.85 55.3641
v 914.07 -1068.87 49.8509
v 898.506 -958.28 48.1849
v 898.825 -957.622 48.0268
v 899.089 -957.008 47.8914
v 899.306 -956.437 47.7762
v 899.501 -955.848 47.6681
v 899.67 -955.243 47.568
v 899.771 -954.819 47.5046
v 899.858 -954.388 47.4457
v 899.925 -953.989 47.3961
v 899.98 -953.585 47.3509
v 900.022 -953.178 47.3102
v 900.05 -952.768 47.2743
v 900.065 -952.357 47.2432
v 906.533 -895.812 41.4368
v 900.066 -951.944 47.217
v 900.054 -951.532 47.1959
v 900.028 -951.121 47.1798
v 899.988 -950.711 47.1688
v 899.936 -950.305 47.1627
v 899.871 -949.902 47.1615
v 899.794 -949.503 47.165
v 899.705 -949.109 47.173
v 899.605 -948.721 47.1854
v 899.496 -948.339 47.202
v 899.376 -947.962 47.2225
v 899.247 -947.592 47.2467
v 899.063 -947.109 47.2845
v 898.838 -946.579 47.334
v 898.598 -946.063 47.3901
v 898.344 -945.562 47.4522
v 898.127 -945.162 47.5073
v 897.901 -944.771 47.5659
v 890.953 -772.697 40.4533
v 900.323 -722.533 34.5043
v 885.399 -600.505 34.7678
v 895.442 -549.071 29.056
v 881.237 -428.09 30.5066
v 892.296 -398.983 25.5435
v 879.62 -338.146 28.8513
v 979.492 -1927.62 112.127
v 993.908 -2100 129.915
v 966.319 -1754.95 95.8716
v 954.366 -1581.65 81.122
v 943.651 -1407.96 67.9011
v 934.18 -1233.91 56.2139
v 925.955 -1059.54 46.0647
v 918.979 -884.903 37.4576
v 913.257 -710.037 30.3958
v 908.788 -534.986 24.8821
v 906.075 -392.187 21.5346
v 988.694 -1925.74 110.504
v 1001.93 -2100 128.859
v 976.613 -1751.17 93.7497
v 965.664 -1575.95 78.5655
v 955.866 -1400.33 64.9766
v 947.222 -1224.34 52.9884
v 939.736 -1048.02 42.6058
v 933.41 -871.431 33.833
v 928.248 -694.606 26.6737
v 924.252 -517.592 21.1307
v 922.006 -383.739 18.0159
v 999.086 -1923.57 109.142
v 1010.96 -2100 128.052
v 988.261 -1746.82 91.9019
v 978.465 -1569.4 76.2998
v 969.715 -1391.56 62.3628
v 962.013 -1213.34 50.0966
v 955.364 -1034.78 39.5066
v 949.77 -855.945 30.5972
v 945.233 -676.867 23.3723
v 941.757 -497.599 17.8352
v 939.979 -373.988 15.0033
v 1010.61 -1921.22 108.044
v 1020.93 -2100 127.486
v 1001.21 -1742.12 90.3432
v 992.715 -1562.32 74.3488
v 985.143 -1382.08 60.09
v 978.496 -1201.45 47.5732
v 972.777 -1020.48 36.804
v 967.989 -839.21 27.7874
v 964.134 -657.699 20.5276
v 961.213 -475.996 15.0279
v 959.874 -363.426 12.5065
v 1023.19 -1918.85 107.216
v 1031.78 -2100 127.149
v 1015.39 -1737.37 89.0916
v 1008.35 -1555.16 72.7407
v 1002.08 -1372.5 58.1941
v 996.601 -1189.43 45.4586
v 991.899 -1006.01 34.5403
v 987.983 -822.287 25.4446
v 984.853 -638.316 18.1758
v 982.511 -454.151 12.7377
v 981.559 -352.733 10.5269
v 1036.76 -1916.65 106.66
v 1043.41 -2100 127.025
v 1030.72 -1732.96 88.1677
v 1025.28 -1548.52 71.5091
v 1020.45 -1363.6 56.7173
v 1016.23 -1178.27 43.7996
v 1012.63 -992.576 32.7626
v 1009.64 -806.575 23.6118
v 1007.27 -620.322 16.352
v 1005.53 -436.06 11.039
v 1047.11 -1729.37 87.5941
v 1051.22 -1914.86 106.38
v 1043.4 -1543.11 70.6912
v 1040.12 -1356.36 55.7063
v 1037.26 -1169.19 42.6469
v 1034.82 -981.646 31.5201
v 1032.81 -793.792 22.3316
v 1031.22 -605.682 15.0864
v 1030.12 -428.926 10.0573
v 1046.73 -2008.37 116.601
v 1055.76 -2100 127.09
v 1062.57 -1539.73 70.3225
v 1064.41 -1727.14 87.3913
v 1060.93 -1351.85 55.2054
v 1059.51 -1163.53 42.0481
v 1058.3 -974.831 30.8575
v 1057.31 -785.821 21.6399
v 1056.53 -596.554 14.4002
v 1056 -424.519 9.54316
v 1060.5 -2007.47 116.58
v 1066.46 -1913.74 106.376
v 1068.72 -2100 127.318
v 1057.26 -1821.6 96.7215
v 1082.68 -1351.05 55.2457
v 1082.58 -1539.14 70.4266
v 1082.76 -1162.52 42.0359
v 1082.84 -973.625 30.8042
v 1082.9 -784.41 21.5569
v 1082.94 -594.938 14.299
v 1082.97 -423.832 9.46161
v 1074.93 -2006.92 116.765
v 1082.35 -1913.54 106.642
v 1082.22 -2100 127.681
v 1073.91 -1820.38 96.7546
v 1082.47 -1726.74 87.5705
v 1072.99 -1633.27 78.6857
v 1105.11 -1354.64 55.8302
v 1103.23 -1541.83 71.0029
v 1106.74 -1167.04 42.6139
v 1108.14 -979.056 31.3607
v 1109.29 -790.763 22.0769
v 1110.19 -602.213 14.7673
v 1110.81 -427.547 9.76545
v 1089.88 -2007.26 117.187
v 1098.75 -1914.43 107.158
v 1096.15 -2100 128.146
v 1091.19 -1821.07 97.1511
v 1101.11 -1728.52 88.124
v 1092.37 -1634.32 79.0551
v 1127.99 -1362.85 56.9299
v 1124.3 -1547.95 72.0228
v 1131.22 -1177.32 43.752
v 1133.97 -991.436 32.4959
v 1136.25 -805.242 23.1674
v 1138.06 -618.795 15.7712
v 1139.37 -435.867 10.4011
v 1105.26 -2008.28 117.787
v 1115.53 -1916.46 107.898
v 1110.45 -2100 128.685
v 1108.93 -1823.55 97.861
v 1120.15 -1732.59 89.0234
v 1112.25 -1638.27 79.8473
v 1145.64 -1557.18 73.5005
v 1139.45 -1738.71 90.2855
v 1151.14 -1375.2 58.559
v 1155.96 -1192.82 45.4679
v 1160.1 -1010.08 34.2334
v 1163.56 -827.052 24.8609
v 1166.32 -643.774 17.3548
v 1168.4 -460.302 11.719
v 1169.27 -356.554 9.36232
v 1120.96 -2009.8 118.55
v 1132.6 -1919.52 108.882
v 1125.07 -2100 129.328
v 1127 -1827.62 98.8656
v 1166.84 -1568.78 75.365
v 1158.69 -1746.41 91.8549
v 1174.12 -1390.73 60.6375
v 1180.53 -1212.3 47.6785
v 1186.06 -1033.54 36.4937
v 1190.71 -854.484 27.0877
v 1194.48 -675.194 19.4649
v 1197.36 -495.713 13.6286
v 1198.82 -374.154 10.6936
v 1136.84 -2011.72 119.472
v 1149.68 -1923.36 110.078
v 1139.8 -2100 130.07
v 1145.18 -1833 100.148
v 1177.7 -1755.16 93.6432
v 1166.64 -1927.73 111.425
v 1187.73 -1581.98 77.5069
v 1196.72 -1408.39 63.0417
v 1204.67 -1234.45 50.2529
v 1211.58 -1060.19 39.1456
v 1217.43 -885.668 29.7239
v 1222.24 -710.913 21.9914
v 1225.99 -535.973 15.9514
v 1228.26 -394.106 12.2999
v 1152.73 -2013.91 120.523
v 1154.55 -2100 130.884
v 1183.35 -1932.37 112.865
v 1169.19 -2100 131.747
v 1196.32 -1764.45 95.5648
v 1208.12 -1595.97 79.8187
v 1218.74 -1427.12 65.6488
v 1228.18 -1257.94 53.0598
v 1236.43 -1088.47 42.0556
v 1243.49 -918.745 32.6401
v 1249.35 -748.804 24.8163
v 1254.02 -578.685 18.5869
v 1257.38 -415.207 14.108
v 1199.68 -1937.04 114.348
v 1183.63 -2100 132.638
v 1214.42 -1773.81 97.5451
v 1227.88 -1610.08 82.2066
v 1240.04 -1446.02 68.3507
v 1250.9 -1281.65 55.9814
v 1260.45 -1117.01 45.102
v 1268.68 -952.133 35.7156
v 1275.61 -787.053 27.8248
v 1281.22 -621.805 21.4319
v 1285.51 -456.421 16.5387
v 1287.52 -353.716 14.2566
v 1215.53 -1941.59 115.833
v 1197.74 -2100 133.54
v 1231.91 -1782.93 99.5245
v 1246.91 -1623.83 84.595
v 1260.51 -1464.41 71.0596
v 1272.7 -1304.73 58.9213
v 1283.49 -1144.79 48.1829
v 1292.86 -984.633 38.8468
v 1300.83 -824.29 30.9151
v 1307.39 -663.787 24.3897
v 1312.53 -503.155 19.2721
v 1315.58 -376.673 16.2355
v 1230.8 -1945.9 117.29
v 1211.43 -2100 134.436
v 1248.68 -1791.57 101.458
v 1265.1 -1636.84 86.9274
v 1280.03 -1481.84 73.7091
v 1293.47 -1326.59 61.8054
v 1305.43 -1171.11 51.2184
v 1315.9 -1015.43 41.9501
v 1324.88 -859.575 34.002
v 1332.36 -703.573 27.3757
v 1338.35 -547.449 22.0724
v 1342.68 -398.34 18.2453
v 1245.39 -1949.91 118.694
v 1224.59 -2100 135.315
v 1264.64 -1799.58 103.314
v 1282.35 -1648.92 89.1635
v 1298.52 -1498.01 76.2515
v 1313.13 -1346.88 64.5795
v 1326.18 -1195.54 54.1491
v 1337.68 -1044.01 44.9617
v 1347.62 -892.329 37.0183
v 1356.01 -740.509 30.3202
v 1362.83 -588.575 24.8683
v 1368.1 -436.55 20.6632
v 1370.57 -342.325 18.6838
v 1259.21 -1953.56 120.03
v 1237.11 -2100 136.165
v 1279.71 -1806.9 105.069
v 1298.6 -1659.95 91.2755
v 1315.89 -1512.78 78.6539
v 1331.57 -1365.4 67.2059
v 1345.65 -1217.84 56.9324
v 1358.11 -1070.11 47.8344
v 1368.96 -922.24 39.9126
v 1378.2 -774.242 33.1679
v 1385.83 -626.138 27.6007
v 1391.84 -477.949 23.2117
v 1395.4 -362.427 20.6086
v 1272.17 -1956.85 121.286
v 1248.9 -2100 136.977
v 1293.79 -1813.48 106.71
v 1313.76 -1669.88 93.2448
v 1332.07 -1526.07 80.8942
v 1348.73 -1382.08 69.6585
v 1363.74 -1237.92 59.5383
v 1377.09 -1093.62 50.5342
v 1388.79 -949.18 42.6465
v 1398.83 -804.628 35.8756
v 1407.22 -659.978 30.222
v 1413.94 -515.248 25.6859
v 1418.72 -380.441 22.4673
v 1284.19 -1959.77 122.452
v 1259.88 -2100 137.744
v 1306.81 -1819.34 108.224
v 1327.74 -1678.7 95.0587
v 1346.98 -1537.89 82.9572
v 1364.53 -1396.91 71.9194
v 1380.39 -1255.78 61.9457
v 1394.55 -1114.52 53.0362
v 1407.03 -973.14 45.191
v 1417.81 -831.654 38.4101
v 1426.9 -690.08 32.6938
v 1434.29 -548.431 28.0421
v 1440 -406.724 24.455
v 1442.5 -325.504 22.8795
v 1292.73 -1976.11 124.969
v 1269.94 -2100 138.458
v 1314.13 -1852.06 112.306
v 1334.13 -1727.88 100.47
v 1352.73 -1603.56 89.4604
v 1369.94 -1479.12 79.2768
v 1385.75 -1354.56 69.9191
v 1400.16 -1229.9 61.3872
v 1413.18 -1105.15 53.681
v 1424.81 -980.309 46.8004
v 1435.04 -855.394 40.7452
v 1443.88 -730.413 35.5154
v 1451.32 -605.376 31.1109
v 1457.37 -480.292 27.5317
v 1461.81 -361.628 24.8995
v 1184.98 1160.06 117.628
v 1169.02 1260.32 122.703
v 1177.89 1353.89 125.288
v 1162.05 1460.43 131.123
v 1169.72 1547.08 134.114
v 1154.06 1659.9 140.769
v 1160.47 1739.74 144.107
v 1145.35 1852.87 151.297
v 1150.82 1920.03 154.543
v 1136.93 2021.51 161.468
v 1163.38 1988.74 157.305
v 1171.21 1877.35 150.223
v 1201.46 1059.5 112.52
v 1210.97 1152.94 114.286
v 1194.4 1247.45 119.461
v 1202.8 1334.78 121.67
v 1186.19 1435.02 127.528
v 1193.45 1516.1 130.121
v 1176.84 1622.05 136.712
v 1182.92 1696.97 139.64
v 1166.36 1808.56 147.013
v 1181.79 1964.73 153.975
v 1192.94 1829.28 145.187
v 1227.85 1058.64 109.097
v 1236.81 1146.34 110.588
v 1219.83 1235.34 115.841
v 1227.72 1317.7 117.757
v 1210.58 1411.72 123.621
v 1217.38 1488.61 125.913
v 1200.11 1587.65 132.428
v 1205.78 1659.15 135.057
v 1188.42 1763.14 142.262
v 1262.29 1140.42 106.604
v 1252.4 1302.73 113.615
v 1214.91 1787.56 140.189
v 1228.71 1626.29 130.408
v 1200.26 1943.91 150.574
v 1234.94 1391.2 119.487
v 1241.2 1464.67 121.549
v 1223.52 1557.47 128.002
v 1183.66 2032.39 157.727
v 1287.2 1135.09 102.401
v 1276.61 1289.64 109.3
v 1264.67 1443.88 117.073
v 1251.4 1597.85 125.72
v 1236.78 1751.51 135.24
v 1220.83 1904.85 145.629
v 1209.96 2002.47 152.71
v 1311.35 1130.23 98.0412
v 1300.13 1278.13 104.867
v 1287.55 1425.76 112.527
v 1273.6 1573.15 121.021
v 1258.28 1720.3 130.349
v 1241.59 1867.16 140.507
v 1227.36 1983.65 149.171
v 1334.55 1125.69 93.59
v 1322.79 1267.88 100.371
v 1309.63 1409.84 107.955
v 1295.09 1551.61 116.343
v 1279.15 1693.15 125.532
v 1261.82 1834.46 135.522
v 1244.24 1967.32 145.664
v 1226.87 2041.84 152.686
v 1356.63 1121.34 89.1129
v 1344.39 1258.64 95.8717
v 1330.73 1395.74 103.409
v 1315.67 1532.68 111.724
v 1299.19 1669.42 120.817
v 1281.31 1805.96 130.687
v 1262.02 1942.27 141.333
v 1250.2 2021.17 147.858
v 1377.44 1117.11 84.677
v 1364.77 1250.21 91.4291
v 1350.68 1383.15 98.94
v 1335.16 1515.94 107.21
v 1318.21 1648.57 116.238
v 1299.85 1781.02 126.025
v 1280.06 1913.27 136.568
v 1265.21 2006.68 144.482
v 1396.82 1112.91 80.3506
v 1383.78 1242.42 87.1069
v 1369.3 1371.8 94.6068
v 1353.39 1501.05 102.85
v 1336.04 1630.16 111.837
v 1317.25 1759.11 121.568
v 1297.04 1887.9 132.041
v 1279.28 1994.01 141.24
v 1414.63 1108.72 76.2033
v 1401.26 1235.17 82.9705
v 1386.46 1361.52 90.4693
v 1370.21 1487.75 98.6999
v 1352.51 1613.86 107.662
v 1333.37 1739.84 117.356
v 1312.78 1865.67 127.782
v 1292.28 1982.91 138.167
v 1429.29 1118.28 73.0229
v 1413.87 1255.9 80.6912
v 1396.66 1393.41 89.2517
v 1377.66 1530.79 98.7041
v 1356.87 1668.04 109.049
v 1334.28 1805.13 120.286
v 1309.9 1942.05 132.416
v 1294.99 2021.06 139.829
v 1443.54 1113.84 69.4454
v 1427.88 1249.07 77.1284
v 1410.41 1384.2 85.695
v 1391.15 1519.23 95.1448
v 1370.08 1654.13 105.478
v 1347.21 1788.9 116.696
v 1322.54 1923.52 128.799
v 1305.36 2011.8 137.225
v 1455.86 1109.51 66.2549
v 1440 1242.77 73.951
v 1422.33 1375.97 82.5243
v 1402.85 1509.06 91.9741
v 1381.57 1642.04 102.301
v 1358.48 1774.9 113.507
v 1333.58 1907.62 125.591
v 1314.37 2003.86 134.911
v 1466.14 1105.39 63.5172
v 1450.13 1237.08 71.2234
v 1432.3 1368.72 79.8019
v 1412.67 1500.27 89.252
v 1391.22 1631.72 99.5747
v 1367.96 1763.06 110.771
v 1342.88 1894.28 122.842
v 1321.92 1997.2 132.93
v 1474.29 1101.63 61.2954
v 1458.17 1232.14 69.0076
v 1440.23 1362.59 77.5887
v 1420.48 1492.97 87.0379
v 1398.92 1623.25 97.3563
v 1375.53 1753.43 108.545
v 1350.32 1883.51 120.605
v 1327.92 1991.81 131.322
v 1480.21 1098.51 59.6487
v 1464.02 1228.17 67.3633
v 1446.01 1357.8 75.9444
v 1426.19 1487.34 85.3913
v 1404.54 1616.8 95.7052
v 1381.07 1746.17 106.887
v 1355.78 1875.44 118.939
v 1332.3 1987.79 130.129
v 1483.81 1096.37 58.6315
v 1467.58 1225.53 66.346
v 1449.54 1354.66 74.9259
v 1429.67 1483.72 84.3702
v 1407.98 1612.69 94.6801
v 1384.47 1741.58 105.857
v 1359.14 1870.37 117.902
v 1334.97 1985.25 129.39
v 1485.02 1095.59 58.2866
v 1468.78 1224.59 66.0008
v 1450.73 1353.56 74.5799
v 1430.85 1482.46 84.023
v 1409.15 1611.27 94.3313
v 1385.62 1739.99 105.506
v 1360.27 1868.62 117.549
v 1335.87 1984.38 129.139
v 1483.87 1095.55 58.1942
v 1467.66 1224.7 65.9209
v 1449.63 1353.81 74.5147
v 1429.78 1482.84 83.9748
v 1408.12 1611.8 94.3024
v 1384.63 1740.66 105.499
v 1359.31 1869.43 117.565
v 1335.06 1984.78 129.124
v 1480.43 1095.41 57.9183
v 1464.3 1224.99 65.6824
v 1446.36 1354.53 74.3203
v 1426.61 1483.99 83.8314
v 1405.04 1613.37 94.2168
v 1381.65 1742.65 105.478
v 1356.44 1871.84 117.615
v 1332.62 1985.99 129.081
v 1474.73 1095.13 57.4623
v 1458.74 1225.43 65.2883
v 1440.95 1355.69 73.9997
v 1421.35 1485.87 83.5958
v 1399.94 1615.96 94.0775
v 1376.73 1745.95 105.446
v 1351.69 1875.83 117.703
v 1328.6 1987.98 129.011
v 1466.82 1094.6 56.8296
v 1451.04 1225.92 64.7416
v 1433.46 1357.2 73.5553
v 1414.08 1488.39 83.2698
v 1392.91 1619.48 93.8864
v 1369.93 1750.47 105.406
v 1345.15 1881.34 117.829
v 1323.03 1990.73 128.918
v 1865.78 950 118.194
v 1865.97 943.704 117.633
v 1869.42 950 121.013
v 1869.63 943.245 120.393
v 1873.13 950 123.629
v 1873.35 942.819 122.954
v 1876.91 950 126.054
v 1877.13 942.424 125.327
v 1880.74 950 128.297
v 1880.98 942.059 127.522
v 1884.64 950 130.37
v 1884.89 941.722 129.549
v 1888.59 950 132.282
v 1888.85 941.411 131.419
v 1892.59 950 134.043
v 1892.87 941.125 133.14
v 1896.65 950 135.662
v 1896.94 940.862 134.722
v 1900.76 950 137.147
v 1901.06 940.621 136.173
v 1904.92 950 138.508
v 1905.23 940.4 137.502
v 1909.12 950 139.752
v 1910.86 940.136 139.096
v 1914.79 950 141.241
v 1917.29 939.875 140.669
v 1921.26 950 142.706
v 1923.8 939.649 142.029
v 1927.81 950 143.969
v 1930.4 939.455 143.199
v 1936.66 950 145.376
v 1939.31 939.24 144.497
v 1946.76 950 146.628
v 1949.47 939.05 145.646
v 1957 950 147.583
v 1963.21 938.868 146.748
v 1970.79 950 148.467
v 1978.84 938.743 147.504
v 1986.46 950 149.017
v 1999.85 938.685 147.855
v 2007.44 950 149.118
v 2023.48 938.756 147.421
v 2030.95 950 148.378
v 2044.51 938.961 146.186
v 2041.65 950 147.689
v 2051.8 950 146.78
v 2061.23 939.252 144.427
v 2066.7 950 144.88
v 2073.18 939.556 142.589
v 2077.64 950 142.933
v 2082.94 939.883 140.617
v 2086.59 950 140.898
v 2090.71 940.206 138.674
v 2094.49 950 138.693
v 2097.57 940.546 136.624
v 2100.77 950 136.612
v 2103.64 940.898 134.506
v 2106.48 950 134.425
v 2109.01 941.255 132.357
v 2112.1 950 131.963
v 2114.28 941.654 129.956
v 2117.06 950 129.491
v 2118.94 942.052 127.562
v 2121.45 950 127.042
v 2123.07 942.444 125.205
v 2125.76 950 124.366
v 2127.12 942.87 122.643
v 2129.98 950 121.447
v 2131.1 943.333 119.863
v 2133.72 950 118.6
v 2135.01 943.834 116.852
v 2137.02 950 115.848
v 2138.83 944.376 113.595
v 2140.26 950 112.907
v 2142.58 944.961 110.079
v 2143.44 950 109.769
v 2146.24 945.593 106.287
v 2146.56 950 106.423
v 2149.81 946.272 102.206
v 2149.61 950 102.859
v 2152.6 950 99.0683
v 2153.29 947.003 97.8193
v 2155.52 950 95.0393
v 2156.68 947.788 93.1099
v 2157.78 950 91.6806
v 2158.35 948.204 90.6124
v 2160 950 88.1614
v 2160 948.634 88.0269
v 1866.53 937.506 115.933
v 1870.22 936.609 118.52
v 1873.98 935.778 120.919
v 1877.81 935.009 123.14
v 1881.69 934.298 125.192
v 1885.63 933.642 127.087
v 1889.64 933.038 128.832
v 1893.69 932.482 130.438
v 1897.8 931.973 131.912
v 1901.96 931.505 133.263
v 1906.17 931.078 134.498
v 1911.85 930.566 135.979
v 1918.34 930.062 137.437
v 1924.91 929.628 138.696
v 1931.57 929.255 139.777
v 1940.56 928.842 140.972
v 1950.81 928.479 142.025
v 1964.66 928.134 143.028
v 1980.41 927.901 143.703
v 2001.57 927.805 143.983
v 2025.35 927.969 143.507
v 2046.49 928.4 142.256
v 2061.62 928.934 140.707
v 2073.99 929.562 138.887
v 2083.8 930.22 136.981
v 2091.6 930.869 135.102
v 2098.5 931.555 133.12
v 2104.59 932.264 131.071
v 2109.98 932.983 128.991
v 2115.27 933.788 126.666
v 2119.95 934.59 124.349
v 2124.09 935.381 122.067
v 2128.15 936.24 119.586
v 2132.14 937.173 116.893
v 2136.05 938.184 113.977
v 2139.88 939.277 110.822
v 2143.62 940.458 107.415
v 2147.28 941.732 103.742
v 2150.85 943.103 99.7877
v 2154.33 944.578 95.5365
v 2157.2 945.909 91.6992
v 2160 947.321 87.6285
v 1867.45 931.528 113.051
v 1871.2 930.237 115.361
v 1875.02 929.041 117.5
v 1878.9 927.936 119.478
v 1882.84 926.916 121.304
v 1886.85 925.977 122.987
v 1890.92 925.112 124.535
v 1895.04 924.318 125.957
v 1899.21 923.591 127.26
v 1903.43 922.926 128.453
v 1907.71 922.319 129.542
v 1913.48 921.592 130.844
v 1920.06 920.88 132.123
v 1926.73 920.267 133.223
v 1935.75 919.586 134.446
v 1946.05 918.983 135.531
v 1959.99 918.4 136.579
v 1975.88 917.993 137.313
v 1997.25 917.78 137.696
v 2021.32 917.944 137.4
v 2045.13 918.586 136.244
v 2062.14 919.449 134.693
v 2074.63 920.384 133.013
v 2084.83 921.397 131.194
v 2093.15 922.435 129.332
v 2100.49 923.542 127.348
v 2106.33 924.574 125.5
v 2111.64 925.647 123.578
v 2116.86 926.844 121.434
v 2121.47 928.036 119.3
v 2125.54 929.208 117.201
v 2129.54 930.481 114.923
v 2133.47 931.861 112.455
v 2137.32 933.355 109.783
v 2141.09 934.968 106.898
v 2144.77 936.709 103.785
v 2148.37 938.584 100.433
v 2151.89 940.601 96.8285
v 2155.31 942.767 92.9572
v 2157.68 944.398 90.0425
v 2160 946.111 86.9817
v 1868.65 925.947 108.93
v 1872.48 924.32 110.875
v 1876.38 922.816 112.673
v 1880.34 921.429 114.333
v 1884.37 920.15 115.862
v 1888.46 918.975 117.269
v 1892.61 917.896 118.56
v 1896.82 916.907 119.744
v 1901.08 916.003 120.827
v 1905.39 915.178 121.815
v 1911.21 914.191 122.997
v 1917.86 913.223 124.157
v 1924.61 912.391 125.155
v 1933.73 911.467 126.264
v 1944.16 910.648 127.248
v 1954.73 910.025 127.996
v 1969 909.449 128.689
v 1990.65 909.028 129.196
v 2015.11 909.094 129.117
v 2039.37 909.754 128.323
v 2058.66 910.848 127.008
v 2072.81 912.108 125.495
v 2083.2 913.367 123.984
v 2091.68 914.664 122.431
v 2099.16 916.052 120.768
v 2105.77 917.503 119.03
v 2111.6 918.991 117.249
v 2116.75 920.492 115.453
v 2121.29 921.985 113.667
v 2125.76 923.622 111.709
v 2130.14 925.414 109.567
v 2134 927.167 107.472
v 2137.42 928.866 105.441
v 2140.77 930.685 103.267
v 2144.05 932.632 100.941
v 2147.27 934.712 98.4566
v 2150.42 936.932 95.8051
v 2153.49 939.299 92.9788
v 2156.5 941.819 89.9693
v 2158.26 943.405 88.0755
v 2160 945.05 86.1111
v 1870.01 921.014 103.54
v 1873.93 919.122 105.051
v 1877.93 917.378 106.446
v 1881.99 915.771 107.73
v 1886.12 914.294 108.91
v 1890.31 912.939 109.994
v 1894.56 911.697 110.987
v 1898.86 910.563 111.894
v 1903.22 909.528 112.723
v 1909.12 908.292 113.712
v 1915.85 907.08 114.683
v 1922.69 906.039 115.517
v 1929.62 905.149 116.23
v 1938.98 904.172 117.014
v 1949.67 903.318 117.7
v 1964.13 902.513 118.346
v 1980.59 901.982 118.774
v 2002.7 901.779 118.937
v 2027.52 902.199 118.599
v 2049.56 903.266 117.742
v 2065.3 904.59 116.679
v 2078.14 906.155 115.424
v 2088.3 907.803 114.103
v 2096.36 909.434 112.798
v 2103.47 911.161 111.416
v 2109.73 912.951 109.984
v 2115.27 914.773 108.528
v 2120.15 916.598 107.069
v 2124.47 918.403 105.626
v 2128.7 920.373 104.052
v 2132.86 922.518 102.339
v 2136.92 924.85 100.476
v 2140.51 927.119 98.6651
v 2143.67 929.305 96.9196
v 2146.78 931.636 95.0592
v 2149.81 934.118 93.0786
v 2152.79 936.757 90.9722
v 2155.69 939.562 88.7342
v 2157.87 941.819 86.9336
v 2160 944.18 85.0504
v 1871.76 916.827 97.0542
v 1876.24 914.548 98.1832
v 1880.81 912.469 99.2128
v 1885.45 910.579 100.15
v 1890.18 908.863 101
v 1894.99 907.309 101.771
v 1899.86 905.905 102.467
v 1904.81 904.641 103.094
v 1909.82 903.505 103.658
v 1916.6 902.174 104.319
v 1924.34 900.901 104.951
v 1932.2 899.838 105.479
v 1942.84 898.704 106.044
v 1954.99 897.754 106.517
v 1971.42 896.924 106.93
v 1990.1 896.474 107.154
v 2015.1 896.553 107.115
v 2042.97 897.625 106.581
v 2060.88 899.065 105.864
v 2074.03 900.663 105.069
v 2084.75 902.422 104.196
v 2093.5 904.241 103.292
v 2100.64 906.042 102.399
v 2106.94 907.911 101.472
v 2112.51 909.815 100.528
v 2117.43 911.726 99.5812
v 2122.26 913.838 98.5346
v 2126.99 916.168 97.3807
v 2131.17 918.463 96.244
v 2134.85 920.701 95.1362
v 2138.47 923.111 93.9433
v 2142.01 925.702 92.6606
v 2145.48 928.486 91.2832
v 2148.87 931.471 89.8062
v 2152.18 934.669 88.2243
v 2155.41 938.089 86.5323
v 2157.73 940.746 85.2184
v 2160 943.533 83.8401
v 1872.74 914.231 89.395
v 1877.3 911.83 89.966
v 1881.94 909.645 90.4858
v 1886.67 907.661 90.958
v 1891.48 905.863 91.386
v 1896.37 904.239 91.7728
v 1901.33 902.775 92.1216
v 1906.36 901.459 92.4352
v 1911.45 900.279 92.7163
v 1918.34 898.9 93.0451
v 1926.22 897.587 93.3584
v 1934.2 896.495 93.619
v 1945.01 895.338 93.8956
v 1957.35 894.378 94.1251
v 1967.43 893.825 94.2575
v 1977.59 893.442 94.3491
v 1978.29 893.708 95.4603
v 1978.96 893.939 96.4323
v 1979.6 894.14 97.2822
v 1980.28 894.334 98.1071
v 1981 894.521 98.9053
v 1981.75 894.701 99.6753
v 1982.53 894.873 100.415
v 1983.34 895.037 101.124
v 1984.19 895.193 101.8
v 1985.06 895.34 102.441
v 1985.96 895.479 103.047
v 1986.89 895.609 103.616
v 1987.85 895.73 104.146
v 1988.82 895.841 104.637
v 1989.82 895.943 105.087
v 1990.84 896.035 105.495
v 1991.88 896.117 105.861
v 1992.93 896.19 106.182
v 1994 896.252 106.459
v 1995.08 896.304 106.691
v 1996.16 896.346 106.877
v 1997.26 896.377 107.017
v 1998.36 896.398 107.11
v 1999.18 896.406 107.148
v 2001.17 896.403 107.135
v 2002.33 896.386 107.056
v 2003.49 896.356 106.926
v 2004.65 896.315 106.743
v 2005.79 896.263 106.509
v 2006.92 896.199 106.224
v 2008.03 896.124 105.89
v 2009.13 896.037 105.506
v 2010.21 895.94 105.075
v 2011.26 895.832 104.597
v 2012.29 895.713 104.073
v 2013.29 895.584 103.506
v 2014.27 895.444 102.896
v 2015.22 895.295 102.244
v 2016.13 895.136 101.554
v 2017.01 894.968 100.826
v 2017.85 894.791 100.061
v 2018.66 894.605 99.2629
v 2019.44 894.411 98.432
v 2020.17 894.208 97.5706
v 2020.86 893.998 96.6806
v 2021.51 893.78 95.7638
v 2021.97 893.613 95.063
v 2022.41 893.442 94.3491
v 2048.74 894.809 94.0221
v 2061.65 896.012 93.7346
v 2075.49 897.85 93.2956
v 2085.64 899.67 92.8616
v 2094.84 901.758 92.3638
v 2102.14 903.778 91.8825
v 2108.57 905.881 91.3819
v 2114.24 908.027 90.8709
v 2119.25 910.185 90.3575
v 2124.17 912.574 89.7892
v 2128.5 914.936 89.2273
v 2132.33 917.247 88.6779
v 2136.08 919.742 88.0846
v 2139.77 922.433 87.4449
v 2143.37 925.331 86.7562
v 2146.89 928.447 86.0157
v 2150.34 931.794 85.2206
v 2153.7 935.383 84.3681
v 2156.89 939.131 83.4778
v 2160 943.135 82.527
v 2000 896.409 107.161
v 1873.11 913.323 81.1614
v 1877.69 910.883 81.1614
v 1882.37 908.664 81.1614
v 1887.13 906.649 81.1614
v 1891.97 904.825 81.1614
v 1896.88 903.179 81.1614
v 1901.88 901.695 81.1614
v 1906.94 900.363 81.1614
v 1913.79 898.802 81.1614
v 1921.63 897.309 81.1614
v 1929.59 896.063 81.1614
v 1940.37 894.732 81.1614
v 1952.7 893.616 81.1614
v 1963.3 892.932 81.1614
v 1977.09 893.383 93.4637
v 1976.63 893.321 92.5599
v 1976.19 893.255 91.6059
v 1975.79 893.187 90.6352
v 1975.42 893.116 89.6494
v 1975.1 893.044 88.6501
v 1974.82 892.968 87.639
v 1974.58 892.891 86.6177
v 1974.38 892.811 85.5878
v 1974.22 892.73 84.5511
v 1974.1 892.642 83.4593
v 1974.03 892.549 82.3113
v 1974 892.453 81.1614
v 1872.74 914.231 72.9277
v 1877.3 911.83 72.3567
v 1881.94 909.645 71.8369
v 1886.67 907.661 71.3647
v 1891.48 905.863 70.9368
v 1896.37 904.239 70.5499
v 1901.33 902.775 70.2011
v 1906.36 901.459 69.8876
v 1911.45 900.279 69.6064
v 1918.34 898.9 69.2777
v 1926.22 897.587 68.9643
v 1934.2 896.495 68.7037
v 1945.01 895.338 68.4271
v 1957.35 894.378 68.1977
v 1974.01 892.505 80.5374
v 1974.03 892.557 79.9136
v 1974.1 892.645 78.8306
v 1974.23 892.734 77.7196
v 1974.41 892.823 76.582
v 1967.43 893.825 68.0653
v 1974.63 892.91 75.4531
v 1974.91 892.994 74.3349
v 1975.24 893.076 73.2297
v 1975.62 893.155 72.1396
v 1976.04 893.231 71.0669
v 1976.51 893.304 70.0135
v 1977.03 893.374 68.9818
v 1977.59 893.442 67.9736
v 1871.76 916.827 65.2685
v 1876.24 914.548 64.1396
v 1880.81 912.469 63.1099
v 1885.45 910.579 62.173
v 1890.18 908.863 61.3223
v 1894.99 907.309 60.5519
v 1899.86 905.905 59.8558
v 1904.81 904.641 59.2286
v 1909.82 903.505 58.665
v 1916.6 902.174 58.004
v 1924.34 900.901 57.3716
v 1932.2 899.838 56.8433
v 1942.84 898.704 56.279
v 1954.99 897.754 55.8061
v 1971.42 896.924 55.3928
v 1978.18 893.671 67.0157
v 1977.88 893.557 67.4917
v 1978.63 893.829 66.3537
v 1979.09 893.983 65.7044
v 1979.58 894.133 65.0686
v 1980.08 894.28 64.4468
v 1980.61 894.422 63.8398
v 1981.16 894.561 63.2482
v 1981.72 894.695 62.6728
v 1982.3 894.825 62.1141
v 1982.9 894.951 61.5727
v 1983.52 895.072 61.0495
v 1984.16 895.188 60.5448
v 1984.81 895.3 60.0595
v 1985.48 895.406 59.5941
v 1986.16 895.508 59.1491
v 1990.1 896.474 55.1683
v 1990.55 896.01 56.9389
v 1989.79 895.94 57.25
v 1989.04 895.864 57.5847
v 1988.3 895.783 57.9424
v 1987.57 895.696 58.3227
v 1986.86 895.605 58.7251
v 1991.32 896.075 56.6517
v 1992.11 896.134 56.3889
v 1992.9 896.187 56.1507
v 1993.69 896.235 55.9376
v 1994.5 896.277 55.7498
v 1995.31 896.314 55.5877
v 1996.13 896.344 55.4513
v 1996.95 896.369 55.341
v 1997.77 896.388 55.2569
v 1998.6 896.401 55.1991
v 1999.43 896.408 55.1676
v 2015.1 896.553 55.2078
v 2009.16 896.035 56.8275
v 2008.12 896.117 56.4623
v 2007.07 896.19 56.1407
v 2006 896.252 55.8637
v 2005.19 896.292 55.6856
v 2004.38 896.326 55.5331
v 2003.56 896.354 55.4066
v 2002.74 896.377 55.3062
v 2001.91 896.393 55.232
v 2001.09 896.404 55.1841
v 2019.72 894.334 64.2156
v 2019 894.521 63.4174
v 2018.25 894.701 62.6475
v 2017.47 894.873 61.9074
v 2016.66 895.037 61.1987
v 2015.81 895.193 60.5228
v 2014.94 895.34 59.8812
v 2014.04 895.479 59.2754
v 2013.11 895.609 58.7067
v 2012.15 895.73 58.1763
v 2011.18 895.841 57.6856
v 2010.18 895.943 57.2357
v 2042.97 897.625 55.7418
v 2048.74 894.809 68.3007
v 2022.41 893.442 67.9736
v 2021.71 893.708 66.8624
v 2021.04 893.939 65.8905
v 2020.4 894.14 65.0405
v 2060.88 899.065 56.4589
v 2061.65 896.012 68.5881
v 2074.03 900.663 57.2535
v 2075.49 897.85 69.0272
v 2084.75 902.422 58.127
v 2085.64 899.67 69.4612
v 2093.5 904.241 59.0303
v 2094.84 901.758 69.959
v 2100.64 906.042 59.9235
v 2102.14 903.778 70.4402
v 2106.94 907.911 60.8504
v 2108.57 905.881 70.9408
v 2112.51 909.815 61.7946
v 2114.24 908.027 71.4518
v 2117.43 911.726 62.7415
v 2119.25 910.185 71.9652
v 2122.26 913.838 63.7881
v 2124.17 912.574 72.5335
v 2126.99 916.168 64.942
v 2128.5 914.936 73.0955
v 2131.17 918.463 66.0787
v 2132.33 917.247 73.6449
v 2134.85 920.701 67.1866
v 2136.08 919.742 74.2381
v 2138.47 923.111 68.3795
v 2139.77 922.433 74.8778
v 2142.01 925.702 69.6622
v 2143.37 925.331 75.5666
v 2145.48 928.486 71.0395
v 2146.89 928.447 76.3071
v 2148.87 931.471 72.5165
v 2150.34 931.794 77.1021
v 2152.18 934.669 74.0984
v 2153.7 935.383 77.9546
v 2155.41 938.089 75.7905
v 2156.89 939.131 78.845
v 2157.73 940.746 77.1043
v 2160 943.135 79.7957
v 2160 943.533 78.4826
v 2000.26 896.409 55.1626
v 1870.01 921.014 58.7825
v 1873.93 919.122 57.2714
v 1877.93 917.378 55.8772
v 1881.99 915.771 54.593
v 1886.12 914.294 53.4123
v 1890.31 912.939 52.3286
v 1894.56 911.697 51.3359
v 1898.86 910.563 50.4283
v 1903.22 909.528 49.6002
v 1909.12 908.292 48.6106
v 1915.85 907.08 47.6401
v 1922.69 906.039 46.8057
v 1929.62 905.149 46.0928
v 1938.98 904.172 45.3087
v 1949.67 903.318 44.6227
v 1964.13 902.513 43.9766
v 1980.59 901.982 43.5491
v 2002.7 901.779 43.3857
v 2027.52 902.199 43.7235
v 2049.56 903.266 44.5811
v 2065.3 904.59 45.6441
v 2078.14 906.155 46.8989
v 2088.3 907.803 48.2193
v 2096.36 909.434 49.525
v 2103.47 911.161 50.9071
v 2109.73 912.951 52.3388
v 2115.27 914.773 53.7952
v 2120.15 916.598 55.2542
v 2124.47 918.403 56.6966
v 2128.7 920.373 58.2703
v 2132.86 922.518 59.9839
v 2136.92 924.85 61.8464
v 2140.51 927.119 63.6576
v 2143.67 929.305 65.4032
v 2146.78 931.636 67.2635
v 2149.81 934.118 69.2441
v 2152.79 936.757 71.3506
v 2155.69 939.562 73.5886
v 2157.87 941.819 75.3891
v 2160 944.18 77.2724
v 1868.65 925.947 53.3922
v 1872.48 924.32 51.4474
v 1876.38 922.816 49.6494
v 1880.34 921.429 47.9899
v 1884.37 920.15 46.4607
v 1888.46 918.975 45.0541
v 1892.61 917.896 43.7626
v 1896.82 916.907 42.5789
v 1901.08 916.003 41.4961
v 1905.39 915.178 40.5077
v 1911.21 914.191 39.3258
v 1917.86 913.223 38.1657
v 1924.61 912.391 37.1675
v 1933.73 911.467 36.059
v 1944.16 910.648 35.0747
v 1954.73 910.025 34.3264
v 1969 909.449 33.6339
v 1990.65 909.028 33.1266
v 2015.11 909.094 33.2055
v 2039.37 909.754 34.0002
v 2058.66 910.848 35.3148
v 2072.81 912.108 36.8277
v 2083.2 913.367 38.3384
v 2091.68 914.664 39.8921
v 2099.16 916.052 41.5548
v 2105.77 917.503 43.2927
v 2111.6 918.991 45.0741
v 2116.75 920.492 46.8701
v 2121.29 921.985 48.6556
v 2125.76 923.622 50.6134
v 2130.14 925.414 52.7553
v 2134 927.167 54.8511
v 2137.42 928.866 56.8814
v 2140.77 930.685 59.0557
v 2144.05 932.632 61.3814
v 2147.27 934.712 63.8661
v 2150.42 936.932 66.5176
v 2153.49 939.299 69.344
v 2156.5 941.819 72.3534
v 2158.26 943.405 74.2472
v 2160 945.05 76.2116
v 1867.45 931.528 49.2717
v 1871.2 930.237 46.9617
v 1875.02 929.041 44.8225
v 1878.9 927.936 42.8445
v 1882.84 926.916 41.0186
v 1886.85 925.977 39.3358
v 1890.92 925.112 37.7877
v 1895.04 924.318 36.3658
v 1899.21 923.591 35.0624
v 1903.43 922.926 33.8699
v 1907.71 922.319 32.7811
v 1913.48 921.592 31.4787
v 1920.06 920.88 30.2001
v 1926.73 920.267 29.0996
v 1935.75 919.586 27.8772
v 1946.05 918.983 26.792
v 1959.99 918.4 25.7441
v 1975.88 917.993 25.0101
v 1997.25 917.78 24.6263
v 2021.32 917.944 24.9232
v 2045.13 918.586 26.0792
v 2062.14 919.449 27.6299
v 2074.63 920.384 29.3093
v 2084.83 921.397 31.1288
v 2093.15 922.435 32.9905
v 2100.49 923.542 34.9749
v 2106.33 924.574 36.8227
v 2111.64 925.647 38.7451
v 2116.86 926.844 40.8889
v 2121.47 928.036 43.0229
v 2125.54 929.208 45.1212
v 2129.54 930.481 47.3993
v 2133.47 931.861 49.8681
v 2137.32 933.355 52.5394
v 2141.09 934.968 55.425
v 2144.77 936.709 58.5374
v 2148.37 938.584 61.8894
v 2151.89 940.601 65.4942
v 2155.31 942.767 69.3655
v 2157.68 944.398 72.2802
v 2160 946.111 75.3411
v 1866.53 937.506 46.3895
v 1870.22 936.609 43.8025
v 1873.98 935.778 41.4039
v 1877.81 935.009 39.1832
v 1881.69 934.298 37.1304
v 1885.63 933.642 35.2359
v 1889.64 933.038 33.4904
v 1893.69 932.482 31.885
v 1897.8 931.973 30.4109
v 1901.96 931.505 29.0601
v 1906.17 931.078 27.8245
v 1911.85 930.566 26.3435
v 1918.34 930.062 24.8855
v 1924.91 929.628 23.6265
v 1931.57 929.255 22.546
v 1940.56 928.842 21.3508
v 1950.81 928.479 20.2974
v 1964.66 928.134 19.2948
v 1980.41 927.901 18.6195
v 2001.57 927.805 18.3393
v 2025.35 927.969 18.8158
v 2046.49 928.4 20.067
v 2061.62 928.934 21.6157
v 2073.99 929.562 23.4354
v 2083.8 930.22 25.3418
v 2091.6 930.869 27.2203
v 2098.5 931.555 29.2032
v 2104.59 932.264 31.2521
v 2109.98 932.983 33.3322
v 2115.27 933.788 35.6563
v 2119.95 934.59 37.9737
v 2124.09 935.381 40.256
v 2128.15 936.24 42.737
v 2132.14 937.173 45.4294
v 2136.05 938.184 48.3462
v 2139.88 939.277 51.5009
v 2143.62 940.458 54.9076
v 2147.28 941.732 58.5806
v 2150.85 943.103 62.5351
v 2154.33 944.578 66.7862
v 2157.2 945.909 70.6236
v 2160 947.321 74.6942
v 1865.97 943.704 44.6898
v 1869.63 943.245 41.9299
v 1873.35 942.819 39.369
v 1877.13 942.424 36.9962
v 1880.98 942.059 34.8011
v 1884.89 941.722 32.7736
v 1888.85 941.411 30.9038
v 1892.87 941.125 29.1825
v 1896.94 940.862 27.6006
v 1901.06 940.621 26.1495
v 1905.23 940.4 24.8209
v 1910.86 940.136 23.2263
v 1917.29 939.875 21.6539
v 1923.8 939.649 20.2934
v 1930.4 939.455 19.1234
v 1939.31 939.24 17.8255
v 1949.47 939.05 16.6766
v 1963.21 938.868 15.5746
v 1978.84 938.743 14.8183
v 1999.85 938.685 14.468
v 2023.48 938.756 14.9015
v 2044.51 938.961 16.1364
v 2061.23 939.252 17.8962
v 2073.18 939.556 19.7339
v 2082.94 939.883 21.7061
v 2090.71 940.206 23.6487
v 2097.57 940.546 25.6986
v 2103.64 940.898 27.8163
v 2109.01 941.255 29.9657
v 2114.28 941.654 32.3668
v 2118.94 942.052 34.7606
v 2123.07 942.444 37.1177
v 2127.12 942.87 39.6798
v 2131.1 943.333 42.4598
v 2135.01 943.834 45.4711
v 2138.83 944.376 48.7278
v 2142.58 944.961 52.2442
v 2146.24 945.593 56.0353
v 2149.81 946.272 60.1164
v 2153.29 947.003 64.5034
v 2156.68 947.788 69.2128
v 2158.35 948.204 71.7103
v 2160 948.634 74.2959
v 1865.78 950 44.1287
v 1869.42 950 41.3099
v 1873.13 950 38.6938
v 1876.91 950 36.2692
v 1880.74 950 34.0256
v 1884.64 950 31.9527
v 1888.59 950 30.0405
v 1892.59 950 28.2796
v 1896.65 950 26.6609
v 1900.76 950 25.1754
v 1904.92 950 23.8149
v 1909.12 950 22.5712
v 1914.79 950 21.0817
v 1921.26 950 19.6168
v 1927.81 950 18.3534
v 1936.66 950 16.9468
v 1946.76 950 15.6943
v 1957 950 14.7397
v 1970.79 950 13.8557
v 1986.46 950 13.3059
v 2007.44 950 13.2047
v 2030.95 950 13.9449
v 2041.65 950 14.6335
v 2051.8 950 15.5431
v 2066.7 950 17.4429
v 2077.64 950 19.3893
v 2086.59 950 21.4245
v 2094.49 950 23.63
v 2100.77 950 25.7105
v 2106.48 950 27.8977
v 2112.1 950 30.36
v 2117.06 950 32.832
v 2121.45 950 35.2807
v 2125.76 950 37.9567
v 2129.98 950 40.8755
v 2133.72 950 43.7231
v 2137.02 950 46.4751
v 2140.26 950 49.4156
v 2143.44 950 52.5541
v 2146.56 950 55.9001
v 2149.61 950 59.4635
v 2152.6 950 63.2545
v 2155.52 950 67.2834
v 2157.78 950 70.6421
v 2160 950 74.1614
v 1865.97 956.296 44.6898
v 1869.63 956.755 41.9299
v 1873.35 957.181 39.369
v 1877.13 957.576 36.9962
v 1880.98 957.941 34.8011
v 1884.89 958.278 32.7736
v 1888.85 958.589 30.9038
v 1892.87 958.875 29.1825
v 1896.94 959.138 27.6006
v 1901.06 959.379 26.1495
v 1905.23 959.6 24.8209
v 1910.86 959.864 23.2263
v 1917.29 960.125 21.6539
v 1923.8 960.351 20.2934
v 1930.4 960.545 19.1234
v 1939.31 960.76 17.8255
v 1949.47 960.95 16.6766
v 1963.21 961.132 15.5746
v 1978.84 961.257 14.8183
v 1999.85 961.315 14.468
v 2023.48 961.244 14.9015
v 2044.51 961.039 16.1364
v 2061.23 960.748 17.8962
v 2073.18 960.444 19.7339
v 2082.94 960.117 21.7061
v 2090.71 959.794 23.6487
v 2097.57 959.454 25.6986
v 2103.64 959.102 27.8163
v 2109.01 958.745 29.9657
v 2114.28 958.346 32.3668
v 2118.94 957.948 34.7606
v 2123.07 957.556 37.1177
v 2127.12 957.13 39.6798
v 2131.1 956.667 42.4598
v 2135.01 956.166 45.4711
v 2138.83 955.624 48.7278
v 2142.58 955.039 52.2442
v 2146.24 954.407 56.0353
v 2149.81 953.728 60.1164
v 2153.29 952.997 64.5034
v 2156.68 952.212 69.2128
v 2158.35 951.796 71.7103
v 2160 951.366 74.2959
v 1866.53 962.494 46.3895
v 1870.22 963.391 43.8025
v 1873.98 964.222 41.4039
v 1877.81 964.991 39.1832
v 1881.69 965.702 37.1304
v 1885.63 966.358 35.2359
v 1889.64 966.962 33.4904
v 1893.69 967.518 31.885
v 1897.8 968.027 30.4109
v 1901.96 968.495 29.0601
v 1906.17 968.922 27.8245
v 1911.85 969.434 26.3435
v 1918.34 969.938 24.8855
v 1924.91 970.372 23.6265
v 1931.57 970.745 22.546
v 1940.56 971.158 21.3508
v 1950.81 971.521 20.2974
v 1964.66 971.866 19.2948
v 1980.41 972.099 18.6195
v 2001.57 972.195 18.3393
v 2025.35 972.031 18.8158
v 2046.49 971.6 20.067
v 2061.62 971.066 21.6157
v 2073.99 970.438 23.4354
v 2083.8 969.78 25.3418
v 2091.6 969.131 27.2203
v 2098.5 968.445 29.2032
v 2104.59 967.736 31.2521
v 2109.98 967.017 33.3322
v 2115.27 966.212 35.6563
v 2119.95 965.41 37.9737
v 2124.09 964.619 40.256
v 2128.15 963.76 42.737
v 2132.14 962.827 45.4294
v 2136.05 961.816 48.3462
v 2139.88 960.723 51.5009
v 2143.62 959.542 54.9076
v 2147.28 958.268 58.5806
v 2150.85 956.897 62.5351
v 2154.33 955.422 66.7862
v 2157.2 954.091 70.6236
v 2160 952.679 74.6942
v 1867.45 968.472 49.2717
v 1871.2 969.763 46.9617
v 1875.02 970.959 44.8225
v 1878.9 972.064 42.8445
v 1882.84 973.084 41.0186
v 1886.85 974.023 39.3358
v 1890.92 974.888 37.7877
v 1895.04 975.682 36.3658
v 1899.21 976.409 35.0624
v 1903.43 977.074 33.8699
v 1907.71 977.681 32.7811
v 1913.48 978.408 31.4787
v 1920.06 979.12 30.2001
v 1926.73 979.733 29.0996
v 1935.75 980.414 27.8772
v 1946.05 981.017 26.792
v 1959.99 981.6 25.7441
v 1975.88 982.007 25.0101
v 1997.25 982.22 24.6263
v 2021.32 982.056 24.9232
v 2045.13 981.414 26.0792
v 2062.14 980.551 27.6299
v 2074.63 979.616 29.3093
v 2084.83 978.603 31.1288
v 2093.15 977.565 32.9905
v 2100.49 976.458 34.9749
v 2106.33 975.426 36.8227
v 2111.64 974.353 38.7451
v 2116.86 973.156 40.8889
v 2121.47 971.964 43.0229
v 2125.54 970.792 45.1212
v 2129.54 969.519 47.3993
v 2133.47 968.139 49.8681
v 2137.32 966.645 52.5394
v 2141.09 965.032 55.425
v 2144.77 963.291 58.5374
v 2148.37 961.416 61.8894
v 2151.89 959.399 65.4942
v 2155.31 957.233 69.3655
v 2157.68 955.602 72.2802
v 2160 953.889 75.3411
v 1868.65 974.053 53.3922
v 1872.48 975.68 51.4474
v 1876.38 977.184 49.6494
v 1880.34 978.571 47.9899
v 1884.37 979.85 46.4607
v 1888.46 981.025 45.0541
v 1892.61 982.104 43.7626
v 1896.82 983.093 42.5789
v 1901.08 983.997 41.4961
v 1905.39 984.822 40.5077
v 1911.21 985.809 39.3258
v 1917.86 986.777 38.1657
v 1924.61 987.609 37.1675
v 1933.73 988.533 36.059
v 1944.16 989.352 35.0747
v 1954.73 989.975 34.3264
v 1969 990.551 33.6339
v 1990.65 990.972 33.1266
v 2015.11 990.906 33.2055
v 2039.37 990.246 34.0002
v 2058.66 989.152 35.3148
v 2072.81 987.892 36.8277
v 2083.2 986.633 38.3384
v 2091.68 985.336 39.8921
v 2099.16 983.948 41.5548
v 2105.77 982.497 43.2927
v 2111.6 981.009 45.0741
v 2116.75 979.508 46.8701
v 2121.29 978.015 48.6556
v 2125.76 976.378 50.6134
v 2130.14 974.586 52.7553
v 2134 972.833 54.8511
v 2137.42 971.134 56.8814
v 2140.77 969.315 59.0557
v 2144.05 967.368 61.3814
v 2147.27 965.288 63.8661
v 2150.42 963.068 66.5176
v 2153.49 960.701 69.344
v 2156.5 958.181 72.3534
v 2158.26 956.595 74.2472
v 2160 954.95 76.2116
v 1870.01 978.986 58.7825
v 1873.93 980.878 57.2714
v 1877.93 982.622 55.8772
v 1881.99 984.229 54.593
v 1886.12 985.706 53.4123
v 1890.31 987.061 52.3286
v 1894.56 988.303 51.3359
v 1898.86 989.437 50.4283
v 1903.22 990.472 49.6002
v 1909.12 991.708 48.6106
v 1915.85 992.92 47.6401
v 1922.69 993.961 46.8057
v 1929.62 994.851 46.0928
v 1938.98 995.828 45.3087
v 1949.67 996.682 44.6227
v 1964.13 997.487 43.9766
v 1980.59 998.018 43.5491
v 2002.7 998.221 43.3857
v 2027.52 997.801 43.7235
v 2049.56 996.734 44.5811
v 2065.3 995.41 45.6441
v 2078.14 993.845 46.8989
v 2088.3 992.197 48.2193
v 2096.36 990.566 49.525
v 2103.47 988.839 50.9071
v 2109.73 987.049 52.3388
v 2115.27 985.227 53.7952
v 2120.15 983.402 55.2542
v 2124.47 981.597 56.6966
v 2128.7 979.627 58.2703
v 2132.86 977.482 59.9839
v 2136.92 975.15 61.8464
v 2140.51 972.881 63.6576
v 2143.67 970.695 65.4032
v 2146.78 968.364 67.2635
v 2149.81 965.882 69.2441
v 2152.79 963.243 71.3506
v 2155.69 960.438 73.5886
v 2157.87 958.181 75.3891
v 2160 955.82 77.2724
v 1871.76 983.173 65.2685
v 1876.24 985.452 64.1396
v 1880.81 987.531 63.1099
v 1885.45 989.421 62.173
v 1890.18 991.137 61.3223
v 1894.99 992.691 60.5519
v 1899.86 994.095 59.8558
v 1904.81 995.359 59.2286
v 1909.82 996.495 58.665
v 1916.6 997.826 58.004
v 1924.34 999.099 57.3716
v 1932.2 1000.16 56.8433
v 1942.84 1001.3 56.279
v 1954.99 1002.25 55.8061
v 1971.42 1003.08 55.3928
v 1990.1 1003.53 55.1683
v 2015.1 1003.45 55.2078
v 2042.97 1002.38 55.7418
v 2060.88 1000.93 56.4589
v 2074.03 999.337 57.2535
v 2084.75 997.578 58.127
v 2093.5 995.759 59.0303
v 2100.64 993.958 59.9235
v 2106.94 992.089 60.8504
v 2112.51 990.185 61.7946
v 2117.43 988.274 62.7415
v 2122.26 986.162 63.7881
v 2126.99 983.832 64.942
v 2131.17 981.537 66.0787
v 2134.85 979.299 67.1866
v 2138.47 976.889 68.3795
v 2142.01 974.298 69.6622
v 2145.48 971.514 71.0395
v 2148.87 968.529 72.5165
v 2152.18 965.331 74.0984
v 2155.41 961.911 75.7905
v 2157.73 959.254 77.1043
v 2160 956.467 78.4826
v 1872.74 985.769 72.9277
v 1877.3 988.17 72.3567
v 1881.94 990.355 71.8369
v 1886.67 992.339 71.3647
v 1891.48 994.137 70.9368
v 1896.37 995.761 70.5499
v 1901.33 997.225 70.2011
v 1906.36 998.541 69.8876
v 1911.45 999.721 69.6064
v 1918.34 1001.1 69.2777
v 1926.22 1002.41 68.9643
v 1934.2 1003.5 68.7037
v 1945.01 1004.66 68.4271
v 1957.35 1005.62 68.1977
v 1967.43 1006.18 68.0653
v 1977.59 1006.56 67.9736
v 1978.29 1006.29 66.8624
v 1978.96 1006.06 65.8905
v 1979.6 1005.86 65.0405
v 1980.28 1005.67 64.2156
v 1981 1005.48 63.4174
v 1981.75 1005.3 62.6475
v 1982.53 1005.13 61.9074
v 1983.34 1004.96 61.1987
v 1984.19 1004.81 60.5228
v 1985.06 1004.66 59.8812
v 1985.96 1004.52 59.2754
v 1986.89 1004.39 58.7067
v 1987.85 1004.27 58.1763
v 1988.82 1004.16 57.6856
v 1989.82 1004.06 57.2357
v 1990.84 1003.97 56.8275
v 1991.88 1003.88 56.4623
v 1992.93 1003.81 56.1407
v 1994 1003.75 55.8637
v 1994.81 1003.71 55.6856
v 1995.62 1003.67 55.5331
v 1996.44 1003.65 55.4066
v 1997.26 1003.62 55.3062
v 1998.09 1003.61 55.232
v 1998.91 1003.6 55.1841
v 2007.89 1003.87 56.3889
v 2008.68 1003.93 56.6517
v 2009.45 1003.99 56.9389
v 2010.21 1004.06 57.25
v 2010.96 1004.14 57.5847
v 2011.7 1004.22 57.9424
v 2012.43 1004.3 58.3227
v 2001.4 1003.6 55.1991
v 2002.23 1003.61 55.2569
v 2003.05 1003.63 55.341
v 2003.87 1003.66 55.4513
v 2004.69 1003.69 55.5877
v 2005.5 1003.72 55.7498
v 2006.31 1003.76 55.9376
v 2007.1 1003.81 56.1507
v 2013.14 1004.4 58.7251
v 2013.84 1004.49 59.1491
v 2014.52 1004.59 59.5941
v 2015.19 1004.7 60.0595
v 2015.84 1004.81 60.5448
v 2016.48 1004.93 61.0495
v 2017.1 1005.05 61.5727
v 2017.7 1005.17 62.1141
v 2018.28 1005.3 62.6728
v 2018.84 1005.44 63.2482
v 2019.39 1005.58 63.8398
v 2019.92 1005.72 64.4468
v 2020.42 1005.87 65.0686
v 2020.91 1006.02 65.7044
v 2021.37 1006.17 66.3537
v 2021.82 1006.33 67.0157
v 2022.12 1006.44 67.4917
v 2022.41 1006.56 67.9736
v 2048.74 1005.19 68.3007
v 2061.65 1003.99 68.5881
v 2075.49 1002.15 69.0272
v 2085.64 1000.33 69.4612
v 2094.84 998.242 69.959
v 2102.14 996.222 70.4402
v 2108.57 994.119 70.9408
v 2114.24 991.973 71.4518
v 2119.25 989.815 71.9652
v 2124.17 987.426 72.5335
v 2128.5 985.064 73.0955
v 2132.33 982.753 73.6449
v 2136.08 980.258 74.2381
v 2139.77 977.567 74.8778
v 2143.37 974.669 75.5666
v 2146.89 971.553 76.3071
v 2150.34 968.206 77.1021
v 2153.7 964.617 77.9546
v 2156.89 960.869 78.845
v 2160 956.865 79.7957
v 1999.74 1003.59 55.1626
v 2000.57 1003.59 55.1676
v 1873.11 986.677 81.1614
v 1877.69 989.117 81.1614
v 1882.37 991.336 81.1614
v 1887.13 993.351 81.1614
v 1891.97 995.175 81.1614
v 1896.88 996.821 81.1614
v 1901.88 998.305 81.1614
v 1906.94 999.637 81.1614
v 1913.79 1001.2 81.1614
v 1921.63 1002.69 81.1614
v 1929.59 1003.94 81.1614
v 1940.37 1005.27 81.1614
v 1952.7 1006.38 81.1614
v 1963.3 1007.07 81.1614
v 1977.09 1006.62 68.859
v 1976.63 1006.68 69.7629
v 1976.19 1006.74 70.7169
v 1975.79 1006.81 71.6876
v 1975.42 1006.88 72.6734
v 1975.1 1006.96 73.6726
v 1974.82 1007.03 74.6838
v 1974.58 1007.11 75.7051
v 1974.38 1007.19 76.7349
v 1974.22 1007.27 77.7716
v 1974.1 1007.36 78.8634
v 1974.03 1007.45 80.0114
v 1974 1007.55 81.1614
v 1872.74 985.769 89.395
v 1877.3 988.17 89.966
v 1881.94 990.355 90.4858
v 1886.67 992.339 90.958
v 1891.48 994.137 91.386
v 1896.37 995.761 91.7728
v 1901.33 997.225 92.1216
v 1906.36 998.541 92.4352
v 1911.45 999.721 92.7163
v 1918.34 1001.1 93.0451
v 1926.22 1002.41 93.3584
v 1934.2 1003.5 93.619
v 1945.01 1004.66 93.8956
v 1957.35 1005.62 94.1251
v 1974.01 1007.49 81.7854
v 1974.03 1007.44 82.4091
v 1974.1 1007.35 83.4921
v 1974.23 1007.27 84.6032
v 1974.41 1007.18 85.7407
v 1967.43 1006.18 94.2575
v 1974.63 1007.09 86.8697
v 1974.91 1007.01 87.9878
v 1975.24 1006.92 89.093
v 1975.62 1006.85 90.1831
v 1976.04 1006.77 91.2559
v 1976.51 1006.7 92.3092
v 1977.03 1006.63 93.341
v 1977.59 1006.56 94.3491
v 1871.76 983.173 97.0542
v 1876.24 985.452 98.1832
v 1880.81 987.531 99.2128
v 1885.45 989.421 100.15
v 1890.18 991.137 101
v 1894.99 992.691 101.771
v 1899.86 994.095 102.467
v 1904.81 995.359 103.094
v 1909.82 996.495 103.658
v 1916.6 997.826 104.319
v 1924.34 999.099 104.951
v 1932.2 1000.16 105.479
v 1942.84 1001.3 106.044
v 1954.99 1002.25 106.517
v 1971.42 1003.08 106.93
v 1978.03 1006.39 95.063
v 1978.49 1006.22 95.7638
v 1979.14 1006 96.6806
v 1979.83 1005.79 97.5706
v 1980.56 1005.59 98.432
v 1981.34 1005.4 99.2629
v 1982.15 1005.21 100.061
v 1982.99 1005.03 100.826
v 1983.87 1004.86 101.554
v 1984.78 1004.7 102.244
v 1985.73 1004.56 102.896
v 1990.1 1003.53 107.154
v 1990.87 1003.96 105.506
v 1989.79 1004.06 105.075
v 1988.74 1004.17 104.597
v 1987.71 1004.29 104.073
v 1986.71 1004.42 103.506
v 1991.97 1003.88 105.89
v 1993.08 1003.8 106.224
v 1994.21 1003.74 106.509
v 1995.35 1003.68 106.743
v 1996.51 1003.64 106.926
v 1997.67 1003.61 107.056
v 1998.83 1003.6 107.135
v 2015.1 1003.45 107.115
v 2009.16 1003.96 105.495
v 2008.12 1003.88 105.861
v 2007.07 1003.81 106.182
v 2006 1003.75 106.459
v 2004.92 1003.7 106.691
v 2003.84 1003.65 106.877
v 2002.74 1003.62 107.017
v 2001.64 1003.6 107.11
v 2019.72 1005.67 98.1071
v 2019 1005.48 98.9053
v 2018.25 1005.3 99.6753
v 2017.47 1005.13 100.415
v 2016.66 1004.96 101.124
v 2015.81 1004.81 101.8
v 2014.94 1004.66 102.441
v 2014.04 1004.52 103.047
v 2013.11 1004.39 103.616
v 2012.15 1004.27 104.146
v 2011.18 1004.16 104.637
v 2010.18 1004.06 105.087
v 2042.97 1002.38 106.581
v 2048.74 1005.19 94.0221
v 2022.41 1006.56 94.3491
v 2021.71 1006.29 95.4603
v 2021.04 1006.06 96.4323
v 2020.4 1005.86 97.2822
v 2060.88 1000.93 105.864
v 2061.65 1003.99 93.7346
v 2074.03 999.337 105.069
v 2075.49 1002.15 93.2956
v 2084.75 997.578 104.196
v 2085.64 1000.33 92.8616
v 2093.5 995.759 103.292
v 2094.84 998.242 92.3638
v 2100.64 993.958 102.399
v 2102.14 996.222 91.8825
v 2106.94 992.089 101.472
v 2108.57 994.119 91.3819
v 2112.51 990.185 100.528
v 2114.24 991.973 90.8709
v 2117.43 988.274 99.5812
v 2119.25 989.815 90.3575
v 2122.26 986.162 98.5346
v 2124.17 987.426 89.7892
v 2126.99 983.832 97.3807
v 2128.5 985.064 89.2273
v 2131.17 981.537 96.244
v 2132.33 982.753 88.6779
v 2134.85 979.299 95.1362
v 2136.08 980.258 88.0846
v 2138.47 976.889 93.9433
v 2139.77 977.567 87.4449
v 2142.01 974.298 92.6606
v 2143.37 974.669 86.7562
v 2145.48 971.514 91.2832
v 2146.89 971.553 86.0157
v 2148.87 968.529 89.8062
v 2150.34 968.206 85.2206
v 2152.18 965.331 88.2243
v 2153.7 964.617 84.3681
v 2155.41 961.911 86.5323
v 2156.89 960.869 83.4778
v 2157.73 959.254 85.2184
v 2160 956.865 82.527
v 2160 956.467 83.8401
v 2000 1003.59 107.161
v 2000.82 1003.59 107.148
v 1870.01 978.986 103.54
v 1873.93 980.878 105.051
v 1877.93 982.622 106.446
v 1881.99 984.229 107.73
v 1886.12 985.706 108.91
v 1890.31 987.061 109.994
v 1894.56 988.303 110.987
v 1898.86 989.437 111.894
v 1903.22 990.472 112.723
v 1909.12 991.708 113.712
v 1915.85 992.92 114.683
v 1922.69 993.961 115.517
v 1929.62 994.851 116.23
v 1938.98 995.828 117.014
v 1949.67 996.682 117.7
v 1964.13 997.487 118.346
v 1980.59 998.018 118.774
v 2002.7 998.221 118.937
v 2027.52 997.801 118.599
v 2049.56 996.734 117.742
v 2065.3 995.41 116.679
v 2078.14 993.845 115.424
v 2088.3 992.197 114.103
v 2096.36 990.566 112.798
v 2103.47 988.839 111.416
v 2109.73 987.049 109.984
v 2115.27 985.227 108.528
v 2120.15 983.402 107.069
v 2124.47 981.597 105.626
v 2128.7 979.627 104.052
v 2132.86 977.482 102.339
v 2136.92 975.15 100.476
v 2140.51 972.881 98.6651
v 2143.67 970.695 96.9196
v 2146.78 968.364 95.0592
v 2149.81 965.882 93.0786
v 2152.79 963.243 90.9722
v 2155.69 960.438 88.7342
v 2157.87 958.181 86.9336
v 2160 955.82 85.0504
v 1868.65 974.053 108.93
v 1872.48 975.68 110.875
v 1876.38 977.184 112.673
v 1880.34 978.571 114.333
v 1884.37 979.85 115.862
v 1888.46 981.025 117.269
v 1892.61 982.104 118.56
v 1896.82 983.093 119.744
v 1901.08 983.997 120.827
v 1905.39 984.822 121.815
v 1911.21 985.809 122.997
v 1917.86 986.777 124.157
v 1924.61 987.609 125.155
v 1933.73 988.533 126.264
v 1944.16 989.352 127.248
v 1954.73 989.975 127.996
v 1969 990.551 128.689
v 1990.65 990.972 129.196
v 2015.11 990.906 129.117
v 2039.37 990.246 128.323
v 2058.66 989.152 127.008
v 2072.81 987.892 125.495
v 2083.2 986.633 123.984
v 2091.68 985.336 122.431
v 2099.16 983.948 120.768
v 2105.77 982.497 119.03
v 2111.6 981.009 117.249
v 2116.75 979.508 115.453
v 2121.29 978.015 113.667
v 2125.76 976.378 111.709
v 2130.14 974.586 109.567
v 2134 972.833 107.472
v 2137.42 971.134 105.441
v 2140.77 969.315 103.267
v 2144.05 967.368 100.941
v 2147.27 965.288 98.4566
v 2150.42 963.068 95.8051
v 2153.49 960.701 92.9788
v 2156.5 958.181 89.9693
v 2158.26 956.595 88.0755
v 2160 954.95 86.1111
v 1867.45 968.472 113.051
v 1871.2 969.763 115.361
v 1875.02 970.959 117.5
v 1878.9 972.064 119.478
v 1882.84 973.084 121.304
v 1886.85 974.023 122.987
v 1890.92 974.888 124.535
v 1895.04 975.682 125.957
v 1899.21 976.409 127.26
v 1903.43 977.074 128.453
v 1907.71 977.681 129.542
v 1913.48 978.408 130.844
v 1920.06 979.12 132.123
v 1926.73 979.733 133.223
v 1935.75 980.414 134.446
v 1946.05 981.017 135.531
v 1959.99 981.6 136.579
v 1975.88 982.007 137.313
v 1997.25 982.22 137.696
v 2021.32 982.056 137.4
v 2045.13 981.414 136.244
v 2062.14 980.551 134.693
v 2074.63 979.616 133.013
v 2084.83 978.603 131.194
v 2093.15 977.565 129.332
v 2100.49 976.458 127.348
v 2106.33 975.426 125.5
v 2111.64 974.353 123.578
v 2116.86 973.156 121.434
v 2121.47 971.964 119.3
v 2125.54 970.792 117.201
v 2129.54 969.519 114.923
v 2133.47 968.139 112.455
v 2137.32 966.645 109.783
v 2141.09 965.032 106.898
v 2144.77 963.291 103.785
v 2148.37 961.416 100.433
v 2151.89 959.399 96.8285
v 2155.31 957.233 92.9572
v 2157.68 955.602 90.0425
v 2160 953.889 86.9817
v 1866.53 962.494 115.933
v 1870.22 963.391 118.52
v 1873.98 964.222 120.919
v 1877.81 964.991 123.14
v 1881.69 965.702 125.192
v 1885.63 966.358 127.087
v 1889.64 966.962 128.832
v 1893.69 967.518 130.438
v 1897.8 968.027 131.912
v 1901.96 968.495 133.263
v 1906.17 968.922 134.498
v 1911.85 969.434 135.979
v 1918.34 969.938 137.437
v 1924.91 970.372 138.696
v 1931.57 970.745 139.777
v 1940.56 971.158 140.972
v 1950.81 971.521 142.025
v 1964.66 971.866 143.028
v 1980.41 972.099 143.703
v 2001.57 972.195 143.983
v 2025.35 972.031 143.507
v 2046.49 971.6 142.256
v 2061.62 971.066 140.707
v 2073.99 970.438 138.887
v 2083.8 969.78 136.981
v 2091.6 969.131 135.102
v 2098.5 968.445 133.12
v 2104.59 967.736 131.071
v 2109.98 967.017 128.991
v 2115.27 966.212 126.666
v 2119.95 965.41 124.349
v 2124.09 964.619 122.067
v 2128.15 963.76 119.586
v 2132.14 962.827 116.893
v 2136.05 961.816 113.977
v 2139.88 960.723 110.822
v 2143.62 959.542 107.415
v 2147.28 958.268 103.742
v 2150.85 956.897 99.7877
v 2154.33 955.422 95.5365
v 2157.2 954.091 91.6992
v 2160 952.679 87.6285
v 1865.97 956.296 117.633
v 1869.63 956.755 120.393
v 1873.35 957.181 122.954
v 1877.13 957.576 125.327
v 1880.98 957.941 127.522
v 1884.89 958.278 129.549
v 1888.85 958.589 131.419
v 1892.87 958.875 133.14
v 1896.94 959.138 134.722
v 1901.06 959.379 136.173
v 1905.23 959.6 137.502
v 1910.86 959.864 139.096
v 1917.29 960.125 140.669
v 1923.8 960.351 142.029
v 1930.4 960.545 143.199
v 1939.31 960.76 144.497
v 1949.47 960.95 145.646
v 1963.21 961.132 146.748
v 1978.84 961.257 147.504
v 1999.85 961.315 147.855
v 2023.48 961.244 147.421
v 2044.51 961.039 146.186
v 2061.23 960.748 144.427
v 2073.18 960.444 142.589
v 2082.94 960.117 140.617
v 2090.71 959.794 138.674
v 2097.57 959.454 136.624
v 2103.64 959.102 134.506
v 2109.01 958.745 132.357
v 2114.28 958.346 129.956
v 2118.94 957.948 127.562
v 2123.07 957.556 125.205
v 2127.12 957.13 122.643
v 2131.1 956.667 119.863
v 2135.01 956.166 116.852
v 2138.83 955.624 113.595
v 2142.58 955.039 110.079
v 2146.24 954.407 106.287
v 2149.81 953.728 102.206
v 2153.29 952.997 97.8193
v 2156.68 952.212 93.1099
v 2158.35 951.796 90.6124
v 2160 951.366 88.0269
v 888.117 1136.98 75.8572
v 889.042 1140.11 81.4141
v 897.966 1292.08 83.7446
v 898.975 1296.69 89.065
v 909.064 1446.86 92.6323
v 910.175 1452.94 97.6918
v 921.413 1601.37 102.521
v 922.643 1608.9 107.296
v 935.009 1755.57 113.409
v 936.376 1764.55 117.874
v 949.848 1909.44 125.292
v 951.371 1919.85 129.424
v 959.683 2004.77 133.168
v 960.666 2009.97 136.584
v 892.216 1142.79 86.8853
v 902.147 1301.44 94.3277
v 913.357 1459.74 102.729
v 925.848 1617.74 112.089
v 939.616 1775.42 122.407
v 955.167 1937.84 134.061
v 897.634 1145.21 92.2451
v 907.478 1306.59 99.5112
v 918.608 1467.61 107.726
v 931.024 1628.32 116.891
v 944.723 1788.68 127.002
v 959.291 1944.46 137.755
v 905.27 1147.51 97.4481
v 914.941 1312.4 104.575
v 925.896 1476.9 112.65
v 938.138 1641.06 121.672
v 951.662 1804.85 131.64
v 964.985 1952.54 141.459
v 915.081 1149.85 102.434
v 924.486 1319.12 109.467
v 935.168 1487.95 117.455
v 947.129 1656.43 126.399
v 960.364 1824.5 136.295
v 972.196 1962.35 145.142
v 927 1152.35 107.132
v 936.04 1327 114.123
v 946.341 1501.17 122.088
v 957.904 1674.95 131.029
v 970.723 1848.28 140.942
v 980.847 1974.22 148.771
v 940.942 1155.14 111.466
v 949.506 1336.31 118.477
v 959.301 1516.97 126.497
v 970.33 1697.18 135.525
v 982.586 1876.9 145.559
v 990.833 1988.51 152.311
v 956.795 1158.27 115.355
v 964.752 1347.27 122.46
v 973.895 1535.69 130.624
v 984.225 1723.61 139.848
v 995.802 1911.98 150.186
v 974.416 1161.46 118.713
v 981.606 1359.69 125.994
v 989.912 1557.25 134.406
v 999.335 1754.25 143.949
v 1008.56 1927.28 153.288
v 1008.03 2013.68 157.256
v 994.367 1463.75 131.475
v 1002.67 1666.26 140.633
v 1019.9 2021.49 159.623
v 892.903 1128.86 65.3264
v 902.342 1282.69 73.7216
v 912.978 1436.21 83.1807
v 924.812 1589.46 93.7049
v 937.84 1742.42 105.291
v 952.059 1895.06 117.937
v 962.297 1997.58 127.043
v 889.416 1133.27 70.4263
v 899.1 1287.46 78.5657
v 910.01 1441.34 87.735
v 922.146 1594.94 97.9352
v 935.506 1748.25 109.164
v 950.086 1901.23 121.418
v 960.234 2000.67 129.948
v 918.969 415.888 93.4777
v 922.457 597.992 96.3326
v 926.657 761.472 99.7716
v 902.862 410.565 88.4669
v 906.498 586.09 91.2787
v 911.171 753.755 94.8918
v 889.117 406.571 83.0192
v 892.864 576.674 85.8213
v 897.944 747.735 89.6196
v 877.836 403.734 77.2287
v 881.663 569.424 80.0496
v 887.083 743.239 84.0438
v 869.1 401.898 71.1841
v 872.98 564.054 74.0479
v 878.16 726.066 77.8718
v 881.807 821.095 80.5632
v 443.619 950 93.7912
v 443.622 952.286 93.5526
v 440 951.366 88.0269
v 440 950 88.1614
v 446.974 950 98.5034
v 446.98 953.057 98.1773
v 450.07 950 102.471
v 450.078 953.705 102.071
v 453.238 950 106.192
v 453.248 954.313 105.723
v 456.474 950 109.678
v 456.487 954.883 109.143
v 459.777 950 112.94
v 459.793 955.416 112.344
v 463.145 950 115.988
v 463.164 955.913 115.335
v 466.576 950 118.833
v 466.598 956.378 118.126
v 470.069 950 121.485
v 470.094 956.811 120.728
v 473.622 950 123.955
v 473.65 957.214 123.151
v 477.231 950 126.251
v 477.263 957.589 125.403
v 480.897 950 128.383
v 480.931 957.937 127.495
v 484.616 950 130.36
v 484.654 958.259 129.433
v 488.387 950 132.19
v 488.429 958.557 131.228
v 492.208 950 133.881
v 492.253 958.833 132.887
v 496.078 950 135.443
v 496.126 959.087 134.418
v 499.993 950 136.881
v 500.045 959.322 135.828
v 503.953 950 138.205
v 504.008 959.537 137.126
v 509.298 950 139.802
v 509.358 959.797 138.692
v 515.396 950 141.388
v 515.461 960.055 140.247
v 521.577 950 142.773
v 521.648 960.28 141.603
v 527.834 950 143.974
v 527.911 960.475 142.781
v 536.287 950 145.323
v 536.371 960.694 144.102
v 545.927 950 146.537
v 546.02 960.891 145.291
v 558.959 950 147.735
v 559.064 961.085 146.464
v 573.808 950 148.608
v 573.924 961.226 147.317
v 593.791 950 149.131
v 593.924 961.311 147.826
v 616.327 950 148.951
v 616.477 961.28 147.644
v 638.685 950 147.905
v 638.85 961.11 146.612
v 656.496 950 146.261
v 656.67 960.841 144.99
v 669.592 950 144.416
v 669.773 960.54 143.171
v 680.29 950 142.377
v 680.476 960.207 141.161
v 688.789 950 140.325
v 688.977 959.871 139.139
v 696.294 950 138.126
v 696.484 959.511 136.971
v 702.922 950 135.823
v 703.114 959.135 134.702
v 708.778 950 133.46
v 708.97 958.747 132.373
v 713.953 950 131.074
v 714.146 958.357 130.022
v 718.529 950 128.7
v 718.722 957.968 127.682
v 723.025 950 126.095
v 723.218 957.541 125.115
v 727.437 950 123.242
v 727.63 957.073 122.304
v 731.334 950 120.448
v 731.526 956.615 119.551
v 734.597 956.221 117.182
v 734.593 950 117.891
v 443.63 954.489 92.8449
v 440 952.679 87.6285
v 446.996 956.003 97.21
v 450.102 957.277 100.885
v 453.279 958.472 104.33
v 456.526 959.591 107.557
v 459.84 960.638 110.576
v 463.22 961.615 113.397
v 466.663 962.528 116.029
v 470.168 963.378 118.482
v 473.733 964.169 120.766
v 477.356 964.904 122.889
v 481.034 965.586 124.859
v 484.767 966.219 126.685
v 488.551 966.804 128.375
v 492.386 967.344 129.937
v 496.269 967.843 131.379
v 500.198 968.302 132.706
v 504.172 968.724 133.927
v 509.537 969.234 135.4
v 515.656 969.739 136.862
v 521.859 970.179 138.137
v 528.14 970.561 139.243
v 536.622 970.989 140.483
v 546.295 971.374 141.598
v 559.373 971.752 142.696
v 574.271 972.026 143.492
v 594.317 972.188 143.962
v 616.92 972.124 143.776
v 639.337 971.782 142.782
v 657.187 971.247 141.23
v 670.309 970.646 139.49
v 681.025 969.983 137.568
v 689.535 969.315 135.636
v 697.048 968.599 133.564
v 703.682 967.849 131.396
v 709.541 967.079 129.171
v 714.718 966.302 126.925
v 719.295 965.528 124.69
v 723.79 964.679 122.238
v 728.201 963.748 119.552
v 732.094 962.837 116.923
v 734.609 962.2 115.083
v 443.274 956.271 91.2375
v 440 953.889 86.9817
v 446.642 958.493 95.2093
v 450.101 960.564 98.911
v 453.649 962.492 102.356
v 457.283 964.282 105.558
v 460.999 965.944 108.53
v 464.797 967.484 111.283
v 468.673 968.908 113.831
v 472.623 970.223 116.184
v 476.647 971.436 118.354
v 480.741 972.552 120.352
v 484.902 973.578 122.188
v 489.127 974.518 123.872
v 493.415 975.379 125.414
v 497.762 976.165 126.823
v 502.166 976.882 128.108
v 506.624 977.533 129.276
v 512.647 978.309 130.668
v 519.525 979.067 132.027
v 526.502 979.714 133.188
v 533.568 980.263 134.175
v 543.115 980.862 135.251
v 554 981.379 136.181
v 568.703 981.853 137.034
v 585.42 982.146 137.562
v 607.829 982.201 137.661
v 632.927 981.811 136.959
v 652.941 981.068 135.621
v 667.648 980.176 134.018
v 678.454 979.266 132.384
v 687.288 978.317 130.682
v 695.087 977.292 128.843
v 701.972 976.21 126.905
v 708.052 975.094 124.905
v 713.423 973.962 122.877
v 718.17 972.831 120.851
v 722.831 971.584 118.62
v 726.95 970.358 116.425
v 730.592 969.163 114.287
v 733.435 968.151 112.477
v 443.29 957.995 89.7469
v 440 954.95 86.1111
v 446.674 960.836 93.1389
v 450.151 963.482 96.2991
v 453.717 965.943 99.2394
v 457.369 968.23 101.971
v 461.106 970.351 104.505
v 464.924 972.315 106.852
v 468.82 974.131 109.023
v 472.793 975.807 111.027
v 476.839 977.352 112.875
v 480.955 978.774 114.575
v 485.139 980.079 116.136
v 489.388 981.275 117.568
v 493.7 982.37 118.878
v 498.072 983.369 120.074
v 502.5 984.279 121.164
v 506.984 985.107 122.155
v 513.041 986.091 123.335
v 519.958 987.05 124.485
v 526.973 987.869 125.468
v 536.466 988.77 126.548
v 547.31 989.558 127.495
v 561.989 990.302 128.389
v 578.721 990.8 128.989
v 601.214 991.012 129.244
v 626.491 990.679 128.844
v 648.938 989.78 127.762
v 664.969 988.647 126.401
v 676.74 987.453 124.969
v 686.352 986.182 123.444
v 694.827 984.783 121.768
v 701.557 983.449 120.17
v 707.673 982.034 118.475
v 713.076 980.597 116.756
v 717.852 979.16 115.037
v 722.541 977.576 113.142
v 727.14 975.834 111.06
v 733.166 973.228 107.943
v 731.198 974.123 109.013
v 443.307 959.419 87.9216
v 440 955.82 85.0504
v 446.71 962.775 90.5993
v 450.207 965.9 93.093
v 453.793 968.806 95.4122
v 457.467 971.504 97.566
v 461.226 974.006 99.5631
v 465.067 976.322 101.412
v 468.987 978.462 103.121
v 472.984 980.436 104.699
v 477.055 982.255 106.152
v 481.196 983.927 107.488
v 485.407 985.462 108.715
v 489.683 986.868 109.84
v 494.022 988.154 110.868
v 498.421 989.326 111.806
v 502.878 990.394 112.66
v 507.389 991.364 113.436
v 513.485 992.516 114.359
v 520.445 993.639 115.259
v 527.505 994.596 116.026
v 537.056 995.646 116.868
v 547.967 996.563 117.604
v 562.734 997.424 118.296
v 579.562 997.995 118.755
v 602.179 998.223 118.938
v 627.581 997.8 118.598
v 650.125 996.696 117.711
v 666.214 995.315 116.603
v 678.021 993.861 115.437
v 687.657 992.313 114.197
v 696.149 990.612 112.835
v 702.89 988.99 111.537
v 709.013 987.269 110.16
v 714.419 985.522 108.763
v 719.196 983.776 107.368
v 723.884 981.852 105.83
v 728.48 979.736 104.139
v 731.179 978.375 103.053
v 443.324 960.486 85.8275
v 440 956.467 83.8401
v 446.745 964.231 87.6801
v 450.26 967.718 89.4049
v 453.866 970.959 91.0083
v 457.56 973.967 92.4968
v 461.34 976.754 93.8764
v 465.203 979.333 95.1532
v 469.146 981.716 96.3329
v 473.166 983.914 97.4211
v 477.26 985.937 98.4232
v 481.427 987.796 99.3443
v 485.662 989.501 100.189
v 489.963 991.063 100.963
v 494.328 992.489 101.671
v 498.754 993.79 102.316
v 503.237 994.974 102.903
v 509.3 996.383 103.602
v 516.23 997.759 104.286
v 523.266 998.936 104.87
v 532.796 1000.23 105.515
v 543.696 1001.37 106.083
v 558.47 1002.46 106.624
v 575.333 1003.21 106.997
v 598.04 1003.58 107.183
v 623.598 1003.24 107.013
v 648.824 1001.98 106.385
v 665.021 1000.49 105.642
v 678.217 998.705 104.755
v 687.896 996.968 103.893
v 695.8 995.211 103.021
v 702.973 993.299 102.072
v 709.3 991.314 101.088
v 714.883 989.292 100.086
v 719.812 987.263 99.0803
v 724.166 985.255 98.0855
v 728.435 983.065 97.0008
v 443.336 961.147 83.5437
v 440 956.865 82.527
v 446.77 965.136 84.4913
v 450.299 968.848 85.3732
v 453.919 972.298 86.1928
v 457.628 975.499 86.9535
v 461.424 978.464 87.6583
v 465.303 981.208 88.3103
v 469.262 983.741 88.9126
v 473.299 986.076 89.468
v 477.411 988.225 89.9792
v 481.595 990.2 90.449
v 485.849 992.01 90.8798
v 490.169 993.667 91.2742
v 494.553 995.18 91.6345
v 498.998 996.559 91.963
v 503.501 997.814 92.2617
v 509.59 999.306 92.6175
v 516.55 1000.76 92.9647
v 523.617 1002.01 93.2616
v 533.188 1003.38 93.5887
v 544.135 1004.58 93.876
v 558.97 1005.72 94.1494
v 568.251 1006.21 94.2663
v 577.593 1006.56 94.3491
v 579.832 1005.79 97.5706
v 579.14 1006 96.6806
v 578.488 1006.22 95.7638
v 578.029 1006.39 95.063
v 580.565 1005.59 98.432
v 581.336 1005.4 99.2629
v 582.145 1005.21 100.061
v 582.991 1005.03 100.826
v 583.871 1004.86 101.554
v 584.785 1004.7 102.244
v 585.73 1004.56 102.896
v 586.706 1004.42 103.506
v 587.71 1004.29 104.073
v 588.74 1004.17 104.597
v 589.795 1004.06 105.075
v 590.871 1003.96 105.506
v 591.968 1003.88 105.89
v 593.082 1003.8 106.224
v 594.211 1003.74 106.509
v 595.354 1003.68 106.743
v 596.506 1003.64 106.926
v 597.666 1003.61 107.056
v 598.832 1003.6 107.135
v 600 1003.59 107.161
v 608.121 1003.88 105.861
v 607.068 1003.81 106.182
v 606.002 1003.75 106.459
v 604.924 1003.7 106.691
v 603.835 1003.65 106.877
v 602.74 1003.62 107.017
v 601.638 1003.6 107.11
v 622.407 1006.56 94.3491
v 621.715 1006.29 95.4603
v 621.043 1006.06 96.4323
v 620.399 1005.86 97.2822
v 619.719 1005.67 98.1071
v 619.004 1005.48 98.9053
v 618.255 1005.3 99.6753
v 617.472 1005.13 100.415
v 616.658 1004.96 101.124
v 615.813 1004.81 101.8
v 614.938 1004.66 102.441
v 614.036 1004.52 103.047
v 613.107 1004.39 103.616
v 612.153 1004.27 104.146
v 611.175 1004.16 104.637
v 610.176 1004.06 105.087
v 609.158 1003.96 105.495
v 648.74 1005.19 94.0221
v 661.65 1003.99 93.7346
v 675.491 1002.15 93.2956
v 685.643 1000.33 92.8616
v 694.842 998.242 92.3638
v 702.136 996.222 91.8825
v 708.568 994.119 91.3819
v 714.244 991.973 90.8709
v 719.254 989.815 90.3575
v 724.167 987.426 89.7892
v 727.975 985.365 89.2988
v 600.82 1003.59 107.148
v 651.826 1006.02 81.1614
v 625.97 1007.44 82.4091
v 625.895 1007.35 83.4921
v 625.992 1007.49 81.7854
v 626 1007.55 81.1614
v 622.971 1006.63 93.341
v 623.489 1006.7 92.3092
v 623.96 1006.77 91.2559
v 624.385 1006.85 90.1831
v 624.761 1006.92 89.093
v 625.088 1007.01 87.9878
v 625.366 1007.09 86.8697
v 625.594 1007.18 85.7407
v 625.771 1007.27 84.6032
v 664.473 1004.72 81.1614
v 678.023 1002.75 81.1614
v 687.957 1000.82 81.1614
v 696.064 998.866 81.1614
v 703.418 996.726 81.1614
v 709.9 994.497 81.1614
v 715.615 992.219 81.1614
v 720.657 989.929 81.1614
v 728.268 985.887 81.1614
v 725.109 987.658 81.1614
v 648.74 1005.19 68.3007
v 625.778 1007.27 77.7716
v 625.898 1007.36 78.8634
v 625.62 1007.19 76.7349
v 625.421 1007.11 75.7051
v 625.18 1007.03 74.6838
v 624.898 1006.96 73.6726
v 624.575 1006.88 72.6734
v 624.213 1006.81 71.6876
v 623.81 1006.74 70.7169
v 623.368 1006.68 69.7629
v 622.905 1006.62 68.859
v 622.407 1006.56 67.9736
v 661.65 1003.99 68.5881
v 625.975 1007.45 80.0114
v 675.491 1002.15 69.0272
v 685.643 1000.33 69.4612
v 694.842 998.242 69.959
v 702.136 996.222 70.4402
v 708.568 994.119 70.9408
v 714.244 991.973 71.4518
v 719.254 989.815 71.9652
v 724.167 987.426 72.5335
v 727.975 985.365 73.024
v 440 956.865 79.7957
v 443.324 960.486 76.4953
v 440 956.467 78.4826
v 443.336 961.147 78.779
v 446.745 964.231 74.6426
v 446.77 965.136 77.8315
v 450.26 967.718 72.9178
v 450.299 968.848 76.9496
v 453.866 970.959 71.3144
v 453.919 972.298 76.1299
v 457.56 973.967 69.826
v 457.628 975.499 75.3693
v 461.34 976.754 68.4463
v 461.424 978.464 74.6645
v 465.203 979.333 67.1695
v 465.303 981.208 74.0124
v 469.146 981.716 65.9898
v 469.262 983.741 73.4101
v 473.166 983.914 64.9016
v 473.299 986.076 72.8547
v 477.26 985.937 63.8996
v 477.411 988.225 72.3435
v 481.427 987.796 62.9785
v 481.595 990.2 71.8738
v 485.662 989.501 62.1333
v 485.849 992.01 71.4429
v 489.963 991.063 61.3594
v 490.169 993.667 71.0485
v 494.328 992.489 60.6521
v 494.553 995.18 70.6882
v 498.754 993.79 60.0069
v 498.998 996.559 70.3598
v 503.237 994.974 59.4198
v 503.501 997.814 70.061
v 509.3 996.383 58.7204
v 509.59 999.306 69.7052
v 516.23 997.759 58.0372
v 516.55 1000.76 69.358
v 523.266 998.936 57.4525
v 523.617 1002.01 69.0611
v 532.796 1000.23 56.8075
v 533.188 1003.38 68.734
v 543.696 1001.37 56.2402
v 544.135 1004.58 68.4467
v 558.47 1002.46 55.6989
v 558.97 1005.72 68.1733
v 568.251 1006.21 68.0565
v 575.333 1003.21 55.3262
v 577.593 1006.56 67.9736
v 578.285 1006.29 66.8624
v 578.957 1006.06 65.8905
v 579.601 1005.86 65.0405
v 580.281 1005.67 64.2156
v 580.996 1005.48 63.4174
v 581.745 1005.3 62.6475
v 582.528 1005.13 61.9074
v 583.342 1004.96 61.1987
v 584.187 1004.81 60.5228
v 585.062 1004.66 59.8812
v 585.964 1004.52 59.2754
v 586.893 1004.39 58.7067
v 587.847 1004.27 58.1763
v 588.825 1004.16 57.6856
v 589.824 1004.06 57.2357
v 590.842 1003.97 56.8275
v 591.879 1003.88 56.4623
v 592.931 1003.81 56.1407
v 593.998 1003.75 55.8637
v 594.805 1003.71 55.6856
v 595.619 1003.67 55.5331
v 596.437 1003.65 55.4066
v 598.04 1003.58 55.14
v 597.26 1003.62 55.3062
v 598.085 1003.61 55.232
v 598.913 1003.6 55.1841
v 599.742 1003.59 55.1626
v 623.598 1003.24 55.3099
v 609.448 1003.99 56.9389
v 610.21 1004.06 57.25
v 610.961 1004.14 57.5847
v 611.699 1004.22 57.9424
v 612.426 1004.3 58.3227
v 613.138 1004.4 58.7251
v 613.837 1004.49 59.1491
v 614.521 1004.59 59.5941
v 615.189 1004.7 60.0595
v 615.842 1004.81 60.5448
v 616.478 1004.93 61.0495
v 617.096 1005.05 61.5727
v 617.697 1005.17 62.1141
v 618.28 1005.3 62.6728
v 602.227 1003.61 55.2569
v 603.051 1003.63 55.341
v 603.872 1003.66 55.4513
v 604.689 1003.69 55.5877
v 605.5 1003.72 55.7498
v 606.306 1003.76 55.9376
v 607.104 1003.81 56.1507
v 607.894 1003.87 56.3889
v 608.676 1003.93 56.6517
v 618.845 1005.44 63.2482
v 619.39 1005.58 63.8398
v 619.915 1005.72 64.4468
v 620.421 1005.87 65.0686
v 620.907 1006.02 65.7044
v 621.371 1006.17 66.3537
v 621.815 1006.33 67.0157
v 622.117 1006.44 67.4917
v 648.824 1001.98 55.9373
v 665.021 1000.49 56.6806
v 678.217 998.705 57.5674
v 687.896 996.968 58.43
v 695.8 995.211 59.3018
v 702.973 993.299 60.2506
v 709.3 991.314 61.2348
v 714.883 989.292 62.2372
v 719.812 987.263 63.2425
v 724.166 985.255 64.2373
v 728.435 983.065 65.3219
v 600.571 1003.59 55.1676
v 601.4 1003.6 55.1991
v 443.307 959.419 74.4011
v 440 955.82 77.2724
v 446.71 962.775 71.7235
v 450.207 965.9 69.2297
v 453.793 968.806 66.9105
v 457.467 971.504 64.7568
v 461.226 974.006 62.7596
v 465.067 976.322 60.9106
v 468.987 978.462 59.2014
v 472.984 980.436 57.624
v 477.055 982.255 56.1707
v 481.196 983.927 54.8342
v 485.407 985.462 53.6073
v 489.683 986.868 52.4831
v 494.022 988.154 51.4551
v 498.421 989.326 50.5169
v 502.878 990.394 49.6625
v 507.389 991.364 48.8863
v 513.485 992.516 47.9633
v 520.445 993.639 47.0641
v 527.505 994.596 46.2971
v 537.056 995.646 45.4548
v 547.967 996.563 44.719
v 562.734 997.424 44.0268
v 579.562 997.995 43.5675
v 602.179 998.223 43.3847
v 627.581 997.8 43.725
v 650.125 996.696 44.6116
v 666.214 995.315 45.7202
v 678.021 993.861 46.8858
v 687.657 992.313 48.1259
v 696.149 990.612 49.4879
v 702.89 988.99 50.7862
v 709.013 987.269 52.1627
v 714.419 985.522 53.5593
v 719.196 983.776 54.9552
v 723.884 981.852 56.4931
v 728.48 979.736 58.1835
v 731.179 978.375 59.2702
v 443.29 957.995 72.5758
v 440 954.95 76.2116
v 446.674 960.836 69.1838
v 450.151 963.482 66.0236
v 453.717 965.943 63.0834
v 457.369 968.23 60.3517
v 461.106 970.351 57.8177
v 464.924 972.315 55.4704
v 468.82 974.131 53.2996
v 472.793 975.807 51.2953
v 476.839 977.352 49.4478
v 480.955 978.774 47.7478
v 485.139 980.079 46.1863
v 489.388 981.275 44.7547
v 493.7 982.37 43.4448
v 498.072 983.369 42.2486
v 502.5 984.279 41.1585
v 506.984 985.107 40.1674
v 513.041 986.091 38.988
v 519.958 987.05 37.8377
v 526.973 987.869 36.8552
v 536.466 988.77 35.7744
v 547.31 989.558 34.8279
v 561.989 990.302 33.9334
v 578.721 990.8 33.3337
v 601.214 991.012 33.0789
v 626.491 990.679 33.479
v 648.938 989.78 34.5609
v 664.969 988.647 35.9213
v 676.74 987.453 37.3539
v 686.352 986.182 38.879
v 694.827 984.783 40.5548
v 701.557 983.449 42.1527
v 707.673 982.034 43.8474
v 713.076 980.597 45.567
v 717.852 979.16 47.2861
v 722.541 977.576 49.1804
v 727.14 975.834 51.263
v 731.198 974.123 53.3095
v 733.166 973.228 54.3794
v 443.274 956.271 71.0852
v 440 953.889 75.3411
v 446.642 958.493 67.1134
v 450.101 960.564 63.4117
v 453.649 962.492 59.9665
v 457.283 964.282 56.7645
v 460.999 965.944 53.793
v 464.797 967.484 51.0394
v 468.673 968.908 48.4917
v 472.623 970.223 46.1384
v 476.647 971.436 43.9682
v 480.741 972.552 41.9704
v 484.902 973.578 40.1344
v 489.127 974.518 38.4503
v 493.415 975.379 36.9084
v 497.762 976.165 35.4997
v 502.166 976.882 34.2152
v 506.624 977.533 33.0465
v 512.647 978.309 31.6548
v 519.525 979.067 30.2962
v 526.502 979.714 29.1343
v 533.568 980.263 28.1476
v 543.115 980.862 27.0714
v 554 981.379 26.142
v 568.703 981.853 25.2883
v 585.42 982.146 24.7609
v 607.829 982.201 24.6613
v 632.927 981.811 25.3632
v 652.941 981.068 26.7013
v 667.648 980.176 28.305
v 678.454 979.266 29.9387
v 687.288 978.317 31.6408
v 695.087 977.292 33.4801
v 701.972 976.21 35.4181
v 708.052 975.094 37.418
v 713.423 973.962 39.4458
v 718.17 972.831 41.4715
v 722.831 971.584 43.7024
v 726.95 970.358 45.8981
v 730.592 969.163 48.0361
v 733.435 968.151 49.8461
v 443.63 954.489 69.4778
v 440 952.679 74.6942
v 446.996 956.003 65.1128
v 450.102 957.277 61.438
v 453.279 958.472 57.9925
v 456.526 959.591 54.7654
v 459.84 960.638 51.7466
v 463.22 961.615 48.9259
v 466.663 962.528 46.2937
v 470.168 963.378 43.8404
v 473.733 964.169 41.5568
v 477.356 964.904 39.4342
v 481.034 965.586 37.4639
v 484.767 966.219 35.6376
v 488.551 966.804 33.9473
v 492.386 967.344 32.3853
v 496.269 967.843 30.944
v 500.198 968.302 29.6165
v 504.172 968.724 28.3958
v 509.537 969.234 26.923
v 515.656 969.739 25.4608
v 521.859 970.179 24.1859
v 528.14 970.561 23.0801
v 536.622 970.989 21.84
v 546.295 971.374 20.7247
v 559.373 971.752 19.6268
v 574.271 972.026 18.8307
v 594.317 972.188 18.3609
v 616.92 972.124 18.547
v 639.337 971.782 19.5403
v 657.187 971.247 21.0932
v 670.309 970.646 22.8328
v 681.025 969.983 24.7546
v 689.535 969.315 26.6869
v 697.048 968.599 28.7584
v 703.682 967.849 30.9268
v 709.541 967.079 33.1521
v 714.718 966.302 35.398
v 719.295 965.528 37.6328
v 723.79 964.679 40.0851
v 728.201 963.748 42.7702
v 732.094 962.837 45.3993
v 734.609 962.2 47.2397
v 443.622 952.286 68.7701
v 440 951.366 74.2959
v 446.98 953.057 64.1454
v 450.078 953.705 60.2515
v 453.248 954.313 56.5999
v 456.487 954.883 53.1793
v 459.793 955.416 49.9789
v 463.164 955.913 46.988
v 466.598 956.378 44.1965
v 470.094 956.811 41.5943
v 473.65 957.214 39.1717
v 477.263 957.589 36.9193
v 480.931 957.937 34.8282
v 484.654 958.259 32.8895
v 488.429 958.557 31.0947
v 492.253 958.833 29.4358
v 496.126 959.087 27.9048
v 500.045 959.322 26.4943
v 504.008 959.537 25.1969
v 509.358 959.797 23.6311
v 515.461 960.055 22.0759
v 521.648 960.28 20.7194
v 527.911 960.475 19.5421
v 536.371 960.694 18.221
v 546.02 960.891 17.0317
v 559.064 961.085 15.8592
v 573.924 961.226 15.0061
v 593.924 961.311 14.4963
v 616.477 961.28 14.6786
v 638.85 961.11 15.7111
v 656.67 960.841 17.3328
v 669.773 960.54 19.1517
v 680.476 960.207 21.162
v 688.977 959.871 23.1837
v 696.484 959.511 25.3514
v 703.114 959.135 27.6208
v 708.97 958.747 29.95
v 714.146 958.357 32.301
v 718.722 957.968 34.6404
v 723.218 957.541 37.2077
v 727.63 957.073 40.019
v 731.526 956.615 42.7717
v 734.597 956.221 45.1405
v 443.619 950 68.5315
v 440 950 74.1614
v 446.974 950 63.8194
v 450.07 950 59.8516
v 453.238 950 56.1306
v 456.474 950 52.6448
v 459.777 950 49.3832
v 463.145 950 46.335
v 466.576 950 43.4897
v 470.069 950 40.8372
v 473.622 950 38.3677
v 477.231 950 36.0716
v 480.897 950 33.9397
v 484.616 950 31.963
v 488.387 950 30.133
v 492.208 950 28.4413
v 496.078 950 26.88
v 499.993 950 25.4414
v 503.953 950 24.1181
v 509.298 950 22.5209
v 515.396 950 20.9343
v 521.577 950 19.55
v 527.834 950 18.3486
v 536.287 950 17
v 545.927 950 15.7856
v 558.959 950 14.5876
v 573.808 950 13.7152
v 593.791 950 13.1915
v 616.327 950 13.3722
v 638.685 950 14.4174
v 656.496 950 16.0617
v 669.592 950 17.9067
v 680.29 950 19.9462
v 688.789 950 21.9974
v 696.294 950 24.1969
v 702.922 950 26.4996
v 708.778 950 28.8631
v 713.953 950 31.2487
v 718.529 950 33.6228
v 723.025 950 36.2281
v 727.437 950 39.0811
v 731.334 950 41.8746
v 734.593 950 44.4315
v 443.622 947.714 68.7701
v 440 948.634 74.2959
v 446.98 946.943 64.1454
v 450.078 946.295 60.2515
v 453.248 945.687 56.5999
v 456.487 945.117 53.1793
v 459.793 944.584 49.9789
v 463.164 944.087 46.988
v 466.598 943.622 44.1965
v 470.094 943.189 41.5943
v 473.65 942.786 39.1717
v 477.263 942.411 36.9193
v 480.931 942.063 34.8282
v 484.654 941.741 32.8895
v 488.429 941.443 31.0947
v 492.253 941.167 29.4358
v 496.126 940.913 27.9048
v 500.045 940.678 26.4943
v 504.008 940.463 25.1969
v 509.358 940.203 23.6311
v 515.461 939.945 22.0759
v 521.648 939.72 20.7194
v 527.911 939.525 19.5421
v 536.371 939.306 18.221
v 546.02 939.109 17.0317
v 559.064 938.915 15.8592
v 573.924 938.774 15.0061
v 593.924 938.689 14.4963
v 616.477 938.72 14.6786
v 638.85 938.89 15.7111
v 656.67 939.159 17.3328
v 669.773 939.46 19.1517
v 680.476 939.793 21.162
v 688.977 940.129 23.1837
v 696.484 940.489 25.3514
v 703.114 940.865 27.6208
v 708.97 941.253 29.95
v 714.146 941.643 32.301
v 718.722 942.032 34.6404
v 723.218 942.459 37.2077
v 727.63 942.927 40.019
v 731.526 943.385 42.7717
v 734.597 943.779 45.1405
v 443.63 945.511 69.4778
v 440 947.321 74.6942
v 446.996 943.997 65.1128
v 450.102 942.723 61.438
v 453.279 941.528 57.9925
v 456.526 940.409 54.7654
v 459.84 939.362 51.7466
v 463.22 938.385 48.9259
v 466.663 937.472 46.2937
v 470.168 936.622 43.8404
v 473.733 935.831 41.5568
v 477.356 935.096 39.4342
v 481.034 934.414 37.4639
v 484.767 933.781 35.6376
v 488.551 933.196 33.9473
v 492.386 932.656 32.3853
v 496.269 932.157 30.944
v 500.198 931.698 29.6165
v 504.172 931.276 28.3958
v 509.537 930.766 26.923
v 515.656 930.261 25.4608
v 521.859 929.821 24.1859
v 528.14 929.439 23.0801
v 536.622 929.011 21.84
v 546.295 928.626 20.7247
v 559.373 928.248 19.6268
v 574.271 927.974 18.8307
v 594.317 927.812 18.3609
v 616.92 927.876 18.547
v 639.337 928.218 19.5403
v 657.187 928.753 21.0932
v 670.309 929.354 22.8328
v 681.025 930.017 24.7546
v 689.535 930.685 26.6869
v 697.048 931.401 28.7584
v 703.682 932.151 30.9268
v 709.541 932.921 33.1521
v 714.718 933.698 35.398
v 719.295 934.472 37.6328
v 723.79 935.321 40.0851
v 728.201 936.252 42.7702
v 732.094 937.163 45.3993
v 734.609 937.8 47.2397
v 443.274 943.729 71.0852
v 440 946.111 75.3411
v 446.642 941.507 67.1134
v 450.101 939.436 63.4117
v 453.649 937.508 59.9665
v 457.283 935.718 56.7645
v 460.999 934.056 53.793
v 464.797 932.516 51.0394
v 468.673 931.092 48.4917
v 472.623 929.777 46.1384
v 476.647 928.564 43.9682
v 480.741 927.448 41.9704
v 484.902 926.422 40.1344
v 489.127 925.482 38.4503
v 493.415 924.621 36.9084
v 497.762 923.835 35.4997
v 502.166 923.118 34.2152
v 506.624 922.467 33.0465
v 512.647 921.691 31.6548
v 519.525 920.933 30.2962
v 526.502 920.286 29.1343
v 533.568 919.737 28.1476
v 543.115 919.138 27.0714
v 554 918.621 26.142
v 568.703 918.147 25.2883
v 585.42 917.854 24.7609
v 607.829 917.799 24.6613
v 632.927 918.189 25.3632
v 652.941 918.932 26.7013
v 667.648 919.824 28.305
v 678.454 920.734 29.9387
v 687.288 921.683 31.6408
v 695.087 922.708 33.4801
v 701.972 923.79 35.4181
v 708.052 924.906 37.418
v 713.423 926.038 39.4458
v 718.17 927.169 41.4715
v 722.831 928.416 43.7024
v 726.95 929.642 45.8981
v 730.592 930.837 48.0361
v 733.435 931.849 49.8461
v 443.29 942.005 72.5758
v 440 945.05 76.2116
v 446.674 939.164 69.1838
v 450.151 936.518 66.0236
v 453.717 934.057 63.0834
v 457.369 931.77 60.3517
v 461.106 929.649 57.8177
v 464.924 927.685 55.4704
v 468.82 925.869 53.2996
v 472.793 924.193 51.2953
v 476.839 922.648 49.4478
v 480.955 921.226 47.7478
v 485.139 919.921 46.1863
v 489.388 918.725 44.7547
v 493.7 917.63 43.4448
v 498.072 916.631 42.2486
v 502.5 915.721 41.1585
v 506.984 914.893 40.1674
v 513.041 913.909 38.988
v 519.958 912.95 37.8377
v 526.973 912.131 36.8552
v 536.466 911.23 35.7744
v 547.31 910.442 34.8279
v 561.989 909.698 33.9334
v 578.721 909.2 33.3337
v 601.214 908.988 33.0789
v 626.491 909.321 33.479
v 648.938 910.22 34.5609
v 664.969 911.353 35.9213
v 676.74 912.547 37.3539
v 686.352 913.818 38.879
v 694.827 915.217 40.5548
v 701.557 916.551 42.1527
v 707.673 917.966 43.8474
v 713.076 919.403 45.567
v 717.852 920.84 47.2861
v 722.541 922.424 49.1804
v 727.14 924.166 51.263
v 733.166 926.772 54.3794
v 731.198 925.877 53.3095
v 443.307 940.581 74.4011
v 440 944.18 77.2724
v 446.71 937.225 71.7235
v 450.207 934.1 69.2297
v 453.793 931.194 66.9105
v 457.467 928.496 64.7568
v 461.226 925.994 62.7596
v 465.067 923.678 60.9106
v 468.987 921.538 59.2014
v 472.984 919.564 57.624
v 477.055 917.745 56.1707
v 481.196 916.073 54.8342
v 485.407 914.538 53.6073
v 489.683 913.132 52.4831
v 494.022 911.846 51.4551
v 498.421 910.674 50.5169
v 502.878 909.606 49.6625
v 507.389 908.636 48.8863
v 513.485 907.484 47.9633
v 520.445 906.361 47.0641
v 527.505 905.404 46.2971
v 537.056 904.354 45.4548
v 547.967 903.437 44.719
v 562.734 902.576 44.0268
v 579.562 902.005 43.5675
v 602.179 901.777 43.3847
v 627.581 902.2 43.725
v 650.125 903.304 44.6116
v 666.214 904.685 45.7202
v 678.021 906.139 46.8858
v 687.657 907.687 48.1259
v 696.149 909.388 49.4879
v 702.89 911.01 50.7862
v 709.013 912.731 52.1627
v 714.419 914.478 53.5593
v 719.196 916.224 54.9552
v 723.884 918.148 56.4931
v 728.48 920.264 58.1835
v 731.179 921.625 59.2702
v 443.324 939.514 76.4953
v 440 943.533 78.4826
v 446.745 935.769 74.6426
v 450.26 932.282 72.9178
v 453.866 929.041 71.3144
v 457.56 926.033 69.826
v 461.34 923.246 68.4463
v 465.203 920.667 67.1695
v 469.146 918.284 65.9898
v 473.166 916.086 64.9016
v 477.26 914.063 63.8996
v 481.427 912.204 62.9785
v 485.662 910.499 62.1333
v 489.963 908.937 61.3594
v 494.328 907.511 60.6521
v 498.754 906.21 60.0069
v 503.237 905.026 59.4198
v 509.3 903.617 58.7204
v 516.23 902.241 58.0372
v 523.266 901.064 57.4525
v 532.796 899.766 56.8075
v 543.696 898.626 56.2402
v 558.47 897.538 55.6989
v 575.333 896.79 55.3262
v 598.04 896.417 55.14
v 623.598 896.758 55.3099
v 648.824 898.017 55.9373
v 665.021 899.511 56.6806
v 678.217 901.295 57.5674
v 687.896 903.032 58.43
v 695.8 904.789 59.3018
v 702.973 906.701 60.2506
v 709.3 908.686 61.2348
v 714.883 910.708 62.2372
v 719.812 912.737 63.2425
v 724.166 914.745 64.2373
v 728.435 916.935 65.3219
v 443.336 938.853 78.779
v 440 943.135 79.7957
v 446.77 934.864 77.8315
v 450.299 931.152 76.9496
v 453.919 927.702 76.1299
v 457.628 924.501 75.3693
v 461.424 921.536 74.6645
v 465.303 918.792 74.0124
v 469.262 916.259 73.4101
v 473.299 913.924 72.8547
v 477.411 911.775 72.3435
v 481.595 909.8 71.8738
v 485.849 907.99 71.4429
v 490.169 906.333 71.0485
v 494.553 904.82 70.6882
v 498.998 903.441 70.3598
v 503.501 902.186 70.061
v 509.59 900.694 69.7052
v 516.55 899.237 69.358
v 523.617 897.993 69.0611
v 533.188 896.622 68.734
v 544.135 895.419 68.4467
v 558.97 894.276 68.1733
v 568.251 893.788 68.0565
v 577.593 893.442 67.9736
v 580.085 894.28 64.4468
v 579.579 894.133 65.0686
v 579.093 893.983 65.7044
v 578.629 893.829 66.3537
v 578.185 893.671 67.0157
v 577.883 893.557 67.4917
v 580.61 894.422 63.8398
v 581.155 894.561 63.2482
v 581.72 894.695 62.6728
v 582.303 894.825 62.1141
v 582.904 894.951 61.5727
v 583.522 895.072 61.0495
v 584.158 895.188 60.5448
v 584.811 895.3 60.0595
v 585.479 895.406 59.5941
v 586.163 895.508 59.1491
v 586.862 895.605 58.7251
v 587.574 895.696 58.3227
v 588.301 895.783 57.9424
v 589.039 895.864 57.5847
v 589.79 895.94 57.25
v 590.552 896.01 56.9389
v 591.324 896.075 56.6517
v 592.106 896.134 56.3889
v 592.896 896.187 56.1507
v 593.694 896.235 55.9376
v 594.5 896.277 55.7498
v 595.311 896.314 55.5877
v 596.128 896.344 55.4513
v 597.773 896.388 55.2569
v 596.949 896.369 55.341
v 598.6 896.401 55.1991
v 599.429 896.408 55.1676
v 600.258 896.409 55.1626
v 608.121 896.117 56.4623
v 607.069 896.19 56.1407
v 606.002 896.252 55.8637
v 605.195 896.292 55.6856
v 604.381 896.326 55.5331
v 603.563 896.354 55.4066
v 602.74 896.377 55.3062
v 601.915 896.393 55.232
v 622.407 893.442 67.9736
v 621.715 893.708 66.8624
v 621.043 893.939 65.8905
v 620.399 894.14 65.0405
v 619.719 894.334 64.2156
v 619.004 894.521 63.4174
v 618.255 894.701 62.6475
v 617.472 894.873 61.9074
v 616.658 895.037 61.1987
v 615.813 895.193 60.5228
v 614.938 895.34 59.8812
v 614.036 895.479 59.2754
v 613.107 895.609 58.7067
v 612.153 895.73 58.1763
v 611.175 895.841 57.6856
v 610.176 895.943 57.2357
v 609.158 896.035 56.8275
v 648.74 894.809 68.3007
v 661.65 896.012 68.5881
v 675.491 897.85 69.0272
v 685.643 899.67 69.4612
v 694.842 901.758 69.959
v 702.136 903.778 70.4402
v 708.568 905.881 70.9408
v 714.244 908.027 71.4518
v 719.254 910.185 71.9652
v 724.167 912.574 72.5335
v 727.975 914.635 73.024
v 601.087 896.404 55.1841
v 651.826 893.982 81.1614
v 625.97 892.557 79.9136
v 625.895 892.645 78.8306
v 625.992 892.505 80.5374
v 626 892.453 81.1614
v 622.971 893.374 68.9818
v 623.489 893.304 70.0135
v 623.96 893.231 71.0669
v 624.385 893.155 72.1396
v 624.761 893.076 73.2297
v 625.088 892.994 74.3349
v 625.366 892.91 75.4531
v 625.594 892.823 76.582
v 625.771 892.734 77.7196
v 664.473 895.284 81.1614
v 678.023 897.249 81.1614
v 687.957 899.176 81.1614
v 696.064 901.134 81.1614
v 703.418 903.274 81.1614
v 709.9 905.503 81.1614
v 715.615 907.781 81.1614
v 720.657 910.071 81.1614
v 728.268 914.113 81.1614
v 725.109 912.342 81.1614
v 648.74 894.809 94.0221
v 625.778 892.73 84.5511
v 625.898 892.642 83.4593
v 625.62 892.811 85.5878
v 625.421 892.891 86.6177
v 625.18 892.968 87.639
v 624.898 893.044 88.6501
v 624.575 893.116 89.6494
v 624.213 893.187 90.6352
v 623.81 893.255 91.6059
v 623.368 893.321 92.5599
v 622.905 893.383 93.4637
v 622.407 893.442 94.3491
v 661.65 896.012 93.7346
v 625.975 892.549 82.3113
v 675.491 897.85 93.2956
v 685.643 899.67 92.8616
v 694.842 901.758 92.3638
v 702.136 903.778 91.8825
v 708.568 905.881 91.3819
v 714.244 908.027 90.8709
v 719.254 910.185 90.3575
v 724.167 912.574 89.7892
v 727.975 914.635 89.2988
v 440 943.135 82.527
v 443.324 939.514 85.8275
v 440 943.533 83.8401
v 443.336 938.853 83.5437
v 446.745 935.769 87.6801
v 446.77 934.864 84.4913
v 450.26 932.282 89.4049
v 450.299 931.152 85.3732
v 453.866 929.041 91.0083
v 453.919 927.702 86.1928
v 457.56 926.033 92.4968
v 457.628 924.501 86.9535
v 461.34 923.246 93.8764
v 461.424 921.536 87.6583
v 465.203 920.667 95.1532
v 465.303 918.792 88.3103
v 469.146 918.284 96.3329
v 469.262 916.259 88.9126
v 473.166 916.086 97.4211
v 473.299 913.924 89.468
v 477.26 914.063 98.4232
v 477.411 911.775 89.9792
v 481.427 912.204 99.3443
v 481.595 909.8 90.449
v 485.662 910.499 100.189
v 485.849 907.99 90.8798
v 489.963 908.937 100.963
v 490.169 906.333 91.2742
v 494.328 907.511 101.671
v 494.553 904.82 91.6345
v 498.754 906.21 102.316
v 498.998 903.441 91.963
v 503.237 905.026 102.903
v 503.501 902.186 92.2617
v 509.3 903.617 103.602
v 509.59 900.694 92.6175
v 516.23 902.241 104.286
v 516.55 899.237 92.9647
v 523.266 901.064 104.87
v 523.617 897.993 93.2616
v 532.796 899.766 105.515
v 533.188 896.622 93.5887
v 543.696 898.626 106.083
v 544.135 895.419 93.876
v 558.47 897.538 106.624
v 558.97 894.276 94.1494
v 568.251 893.788 94.2663
v 575.333 896.79 106.997
v 577.593 893.442 94.3491
v 578.285 893.708 95.4603
v 578.957 893.939 96.4323
v 579.601 894.14 97.2822
v 580.281 894.334 98.1071
v 580.996 894.521 98.9053
v 581.745 894.701 99.6753
v 582.528 894.873 100.415
v 583.342 895.037 101.124
v 584.187 895.193 101.8
v 585.062 895.34 102.441
v 585.964 895.479 103.047
v 586.893 895.609 103.616
v 587.847 895.73 104.146
v 588.825 895.841 104.637
v 589.824 895.943 105.087
v 590.842 896.035 105.495
v 591.879 896.117 105.861
v 592.932 896.19 106.182
v 593.998 896.252 106.459
v 595.076 896.304 106.691
v 596.165 896.346 106.877
v 598.04 896.417 107.183
v 597.26 896.377 107.017
v 598.362 896.398 107.11
v 599.18 896.406 107.148
v 600 896.409 107.161
v 623.598 896.758 107.013
v 614.27 895.444 102.896
v 615.215 895.295 102.244
v 616.129 895.136 101.554
v 617.009 894.968 100.826
v 617.855 894.791 100.061
v 618.664 894.605 99.2629
v 602.334 896.386 107.056
v 603.494 896.356 106.926
v 604.646 896.315 106.743
v 605.789 896.263 106.509
v 606.918 896.199 106.224
v 608.032 896.124 105.89
v 609.129 896.037 105.506
v 610.205 895.94 105.075
v 611.26 895.832 104.597
v 612.29 895.713 104.073
v 613.294 895.584 103.506
v 619.435 894.411 98.432
v 620.168 894.208 97.5706
v 620.86 893.998 96.6806
v 621.512 893.78 95.7638
v 621.971 893.613 95.063
v 648.824 898.017 106.385
v 665.021 899.511 105.642
v 678.217 901.295 104.755
v 687.896 903.032 103.893
v 695.8 904.789 103.021
v 702.973 906.701 102.072
v 709.3 908.686 101.088
v 714.883 910.708 100.086
v 719.812 912.737 99.0803
v 724.166 914.745 98.0855
v 728.435 916.935 97.0008
v 601.168 896.403 107.135
v 443.307 940.581 87.9216
v 440 944.18 85.0504
v 446.71 937.225 90.5993
v 450.207 934.1 93.093
v 453.793 931.194 95.4122
v 457.467 928.496 97.566
v 461.226 925.994 99.5631
v 465.067 923.678 101.412
v 468.987 921.538 103.121
v 472.984 919.564 104.699
v 477.055 917.745 106.152
v 481.196 916.073 107.488
v 485.407 914.538 108.715
v 489.683 913.132 109.84
v 494.022 911.846 110.868
v 498.421 910.674 111.806
v 502.878 909.606 112.66
v 507.389 908.636 113.436
v 513.485 907.484 114.359
v 520.445 906.361 115.259
v 527.505 905.404 116.026
v 537.056 904.354 116.868
v 547.967 903.437 117.604
v 562.734 902.576 118.296
v 579.562 902.005 118.755
v 602.179 901.777 118.938
v 627.581 902.2 118.598
v 650.125 903.304 117.711
v 666.214 904.685 116.603
v 678.021 906.139 115.437
v 687.657 907.687 114.197
v 696.149 909.388 112.835
v 702.89 911.01 111.537
v 709.013 912.731 110.16
v 714.419 914.478 108.763
v 719.196 916.224 107.368
v 723.884 918.148 105.83
v 728.48 920.264 104.139
v 731.179 921.625 103.053
v 443.29 942.005 89.7469
v 440 945.05 86.1111
v 446.674 939.164 93.1389
v 450.151 936.518 96.2991
v 453.717 934.057 99.2394
v 457.369 931.77 101.971
v 461.106 929.649 104.505
v 464.924 927.685 106.852
v 468.82 925.869 109.023
v 472.793 924.193 111.027
v 476.839 922.648 112.875
v 480.955 921.226 114.575
v 485.139 919.921 116.136
v 489.388 918.725 117.568
v 493.7 917.63 118.878
v 498.072 916.631 120.074
v 502.5 915.721 121.164
v 506.984 914.893 122.155
v 513.041 913.909 123.335
v 519.958 912.95 124.485
v 526.973 912.131 125.468
v 536.466 911.23 126.548
v 547.31 910.442 127.495
v 561.989 909.698 128.389
v 578.721 909.2 128.989
v 601.214 908.988 129.244
v 626.491 909.321 128.844
v 648.938 910.22 127.762
v 664.969 911.353 126.401
v 676.74 912.547 124.969
v 686.352 913.818 123.444
v 694.827 915.217 121.768
v 701.557 916.551 120.17
v 707.673 917.966 118.475
v 713.076 919.403 116.756
v 717.852 920.84 115.037
v 722.541 922.424 113.142
v 727.14 924.166 111.06
v 731.198 925.877 109.013
v 733.166 926.772 107.943
v 443.274 943.729 91.2375
v 440 946.111 86.9817
v 446.642 941.507 95.2093
v 450.101 939.436 98.911
v 453.649 937.508 102.356
v 457.283 935.718 105.558
v 460.999 934.056 108.53
v 464.797 932.516 111.283
v 468.673 931.092 113.831
v 472.623 929.777 116.184
v 476.647 928.564 118.354
v 480.741 927.448 120.352
v 484.902 926.422 122.188
v 489.127 925.482 123.872
v 493.415 924.621 125.414
v 497.762 923.835 126.823
v 502.166 923.118 128.108
v 506.624 922.467 129.276
v 512.647 921.691 130.668
v 519.525 920.933 132.027
v 526.502 920.286 133.188
v 533.568 919.737 134.175
v 543.115 919.138 135.251
v 554 918.621 136.181
v 568.703 918.147 137.034
v 585.42 917.854 137.562
v 607.829 917.799 137.661
v 632.927 918.189 136.959
v 652.941 918.932 135.621
v 667.648 919.824 134.018
v 678.454 920.734 132.384
v 687.288 921.683 130.682
v 695.087 922.708 128.843
v 701.972 923.79 126.905
v 708.052 924.906 124.905
v 713.423 926.038 122.877
v 718.17 927.169 120.851
v 722.831 928.416 118.62
v 726.95 929.642 116.425
v 730.592 930.837 114.287
v 733.435 931.849 112.477
v 443.63 945.511 92.8449
v 440 947.321 87.6285
v 446.996 943.997 97.21
v 450.102 942.723 100.885
v 453.279 941.528 104.33
v 456.526 940.409 107.557
v 459.84 939.362 110.576
v 463.22 938.385 113.397
v 466.663 937.472 116.029
v 470.168 936.622 118.482
v 473.733 935.831 120.766
v 477.356 935.096 122.889
v 481.034 934.414 124.859
v 484.767 933.781 126.685
v 488.551 933.196 128.375
v 492.386 932.656 129.937
v 496.269 932.157 131.379
v 500.198 931.698 132.706
v 504.172 931.276 133.927
v 509.537 930.766 135.4
v 515.656 930.261 136.862
v 521.859 929.821 138.137
v 528.14 929.439 139.243
v 536.622 929.011 140.483
v 546.295 928.626 141.598
v 559.373 928.248 142.696
v 574.271 927.974 143.492
v 594.317 927.812 143.962
v 616.92 927.876 143.776
v 639.337 928.218 142.782
v 657.187 928.753 141.23
v 670.309 929.354 139.49
v 681.025 930.017 137.568
v 689.535 930.685 135.636
v 697.048 931.401 133.564
v 703.682 932.151 131.396
v 709.541 932.921 129.171
v 714.718 933.698 126.925
v 719.295 934.472 124.69
v 723.79 935.321 122.238
v 728.201 936.252 119.552
v 732.094 937.163 116.923
v 734.609 937.8 115.083
v 443.622 947.714 93.5526
v 440 948.634 88.0269
v 446.98 946.943 98.1773
v 450.078 946.295 102.071
v 453.248 945.687 105.723
v 456.487 945.117 109.143
v 459.793 944.584 112.344
v 463.164 944.087 115.335
v 466.598 943.622 118.126
v 470.094 943.189 120.728
v 473.65 942.786 123.151
v 477.263 942.411 125.403
v 480.931 942.063 127.495
v 484.654 941.741 129.433
v 488.429 941.443 131.228
v 492.253 941.167 132.887
v 496.126 940.913 134.418
v 500.045 940.678 135.828
v 504.008 940.463 137.126
v 509.358 940.203 138.692
v 515.461 939.945 140.247
v 521.648 939.72 141.603
v 527.911 939.525 142.781
v 536.371 939.306 144.102
v 546.02 939.109 145.291
v 559.064 938.915 146.464
v 573.924 938.774 147.317
v 593.924 938.689 147.826
v 616.477 938.72 147.644
v 638.85 938.89 146.612
v 656.67 939.159 144.99
v 669.773 939.46 143.171
v 680.476 939.793 141.161
v 688.977 940.129 139.139
v 696.484 940.489 136.971
v 703.114 940.865 134.702
v 708.97 941.253 132.373
v 714.146 941.643 130.022
v 718.722 942.032 127.682
v 723.218 942.459 125.115
v 727.63 942.927 122.304
v 731.526 943.385 119.551
v 734.597 943.779 117.182
v 2298.18 439.476 356.905
v 2315.6 774.17 624.46
v 2287.7 438.815 359.799
v 2308.84 772.903 626.082
v 2279.74 437.786 362.772
v 2303.95 771.514 627.859
v 2274.54 436.433 365.643
v 2274.39 436.385 365.764
v 2300.99 770.025 629.766
v 2271.69 434.439 368.59
v 2300 768.449 631.782
v 2271.69 432.271 371.365
v 2300.99 766.874 633.799
v 2274.4 430.099 374.014
v 2303.95 765.385 635.705
v 2279.78 427.831 376.325
v 2308.84 763.996 637.482
v 2287.75 425.497 378.275
v 2315.6 762.729 639.105
v 2289.03 425.056 378.432
v 2298.23 423.006 379.736
v 2324.14 761.604 640.544
v 2311.1 420.51 380.762
v 2334.36 760.645 641.771
v 2323.77 245.442 250.331
v 2346.13 759.871 642.762
v 2314.58 247.35 250.544
v 2326.22 418.117 381.378
v 2329.73 589.418 511.527
v 2336.73 588.957 512.117
v 2343.88 242.444 250.056
v 2359.3 759.295 643.499
v 2333.55 244.26 250.514
v 2343.39 415.884 381.579
v 2344.13 587.905 512.136
v 2351.97 587.562 512.574
v 2366.05 239.719 249.337
v 2362.43 413.867 381.378
v 2354.72 241.391 250.014
v 2356.35 154.321 183.987
v 2356.49 500.356 446.739
v 2360.17 586.599 512.416
v 2368.76 586.379 512.698
v 2370.39 499.309 446.672
v 2373.7 758.926 643.972
v 2363.51 672.85 578.081
v 2381.09 151.433 182.791
v 2377.82 238.819 249.082
v 2390.02 237.343 248.225
v 2374.91 325.527 314.867
v 2383.09 412.117 380.802
v 2377.65 585.529 512.377
v 2390.15 498.046 446.211
v 2386.87 585.432 512.502
v 2383.97 672.14 578.287
v 2383.09 -412.117 380.802
v 2390.02 -237.343 248.225
v 2377.82 -238.819 249.082
v 2381.09 -151.433 182.791
v 2373.7 -758.926 643.972
v 2375.2 -498.878 446.519
v 2377.65 -585.529 512.377
v 2386.87 -585.432 512.502
v 2390.15 -498.046 446.211
v 2383.97 -672.14 578.287
v 2356.35 -154.321 183.987
v 2354.72 -241.391 250.014
v 2366.05 -239.719 249.337
v 2359.3 -759.295 643.499
v 2353.42 -327.761 315.527
v 2362.43 -413.867 381.378
v 2360.17 -586.599 512.416
v 2370.39 -499.309 446.672
v 2368.76 -586.379 512.698
v 2363.51 -672.85 578.081
v 2343.88 -242.444 250.056
v 2333.55 -244.26 250.514
v 2343.39 -415.884 381.579
v 2346.13 -759.871 642.762
v 2344.13 -587.905 512.136
v 2351.97 -587.562 512.574
v 2323.77 -245.442 250.331
v 2314.58 -247.35 250.544
v 2326.22 -418.117 381.378
v 2334.36 -760.645 641.771
v 2329.73 -589.418 511.527
v 2336.73 -588.957 512.117
v 2324.14 -761.604 640.544
v 2311.1 -420.51 380.762
v 2315.6 -762.729 639.105
v 2298.23 -423.006 379.736
v 2308.84 -763.996 637.482
v 2287.75 -425.497 378.275
v 2289.03 -425.056 378.432
v 2303.95 -765.385 635.705
v 2279.78 -427.831 376.325
v 2300.99 -766.874 633.799
v 2274.4 -430.099 374.014
v 2300 -768.449 631.782
v 2271.69 -432.271 371.365
v 2300.99 -770.025 629.766
v 2271.69 -434.439 368.59
v 2303.95 -771.514 627.859
v 2274.54 -436.433 365.643
v 2274.39 -436.385 365.764
v 2308.84 -772.903 626.082
v 2279.74 -437.786 362.772
v 2315.6 -774.17 624.46
v 2287.7 -438.815 359.799
v 2298.18 -439.476 356.905
v 925.579 -723.049 98.8887
v 931.869 -924.848 104.038
v 937.529 -926.184 105.427
v 943.168 -927.685 106.814
v 920.831 -521.099 95.0018
v 918.393 -377.426 93.006
v 910.34 -726.791 94.2495
v 921.981 -922.356 100.955
v 926.934 -923.529 102.498
v 917.014 -921.312 99.41
v 905.244 -532.128 90.3086
v 902.417 -383.573 88.1225
v 897.361 -730.158 89.1839
v 907.868 -919.31 95.7939
v 911.392 -920.013 97.1865
v 904.336 -918.683 94.3998
v 891.983 -541.499 85.1622
v 888.803 -388.977 82.7847
v 886.734 -733.293 83.7866
v 900.879 -917.995 92.6353
v 897.412 -917.415 90.8673
v 893.939 -916.939 89.0966
v 881.135 -549.521 79.6598
v 877.648 -393.778 77.0898
v 878.533 -736.349 78.147
v 891.264 -916.552 87.2626
v 888.585 -916.268 85.4252
v 885.902 -916.087 83.5855
v 872.77 -556.489 73.8929
v 869.025 -398.114 71.1288
v 872.813 -739.474 72.3441
v 884.028 -916.004 81.7053
v 882.155 -916.026 79.8237
v 880.283 -916.153 77.9426
v 866.938 -562.676 67.9418
v 862.988 -402.109 64.9815
v 869.607 -742.828 66.443
v 879.221 -916.39 76.0292
v 878.271 -916.697 74.3141
v 877.694 -916.928 73.2705
v 877.121 -917.194 72.2312
v 863.673 -568.345 61.8721
v 859.562 -405.524 58.7061
v 868.93 -746.613 60.4926
v 876.926 -917.666 70.6501
v 876.737 -918.214 69.0919
v 876.582 -918.742 67.7853
v 876.432 -919.323 66.5001
v 862.986 -573.788 55.7321
v 858.766 -408.815 52.3527
v 870.76 -750.943 54.7462
v 876.917 -920.109 64.9594
v 877.396 -920.973 63.4568
v 877.799 -921.772 62.2098
v 878.195 -922.626 60.9954
v 864.852 -579.145 49.7806
v 860.573 -412.07 46.1842
v 875.049 -755.913 49.448
v 879.353 -923.729 59.5781
v 880.49 -924.925 58.1997
v 881.438 -926.018 57.0598
v 882.365 -927.182 55.955
v 869.223 -584.528 44.2669
v 864.936 -415.323 40.4539
v 881.766 -762.103 44.6367
v 884.02 -928.539 54.7902
v 885.479 -929.855 53.7722
v 886.764 -931.121 52.8847
v 887.853 -932.287 52.1401
v 888.913 -933.52 51.4225
v 876.066 -590.572 39.2246
v 871.811 -418.889 35.1849
v 890.446 -934.848 50.7243
v 891.791 -936.13 50.1192
v 892.967 -937.362 49.5976
v 893.993 -938.541 49.1505
v 894.882 -939.667 48.7697
v 895.527 -940.557 48.4989
v 896.143 -941.484 48.245
v 896.731 -942.454 48.0094
v 897.229 -943.365 47.8151
v 897.575 -944.057 47.6847
v 2467.86 584.729 509.595
v 2457.33 584.42 509.99
v 2476.5 409.5 376.537
v 2493.67 146.781 176.794
v 2497.39 234.631 243.02
v 2483.43 234.222 243.544
v 2473.63 321.675 310.279
v 2493.29 322.252 309.541
v 2457.5 759.906 642.717
v 2453.22 672.04 576.511
v 2525.32 235.584 241.801
v 2501 410.297 375.518
v 2511.36 235.085 242.439
v 2523.3 147.721 175.591
v 2483.78 497.473 442.607
v 2478.39 585.071 509.156
v 2500.87 498.083 441.826
v 2475.13 760.537 641.91
v 2488.92 585.448 508.675
v 2472.57 672.654 575.725
v 2509.79 586.278 507.611
v 2499.39 585.85 508.16
v 2525.33 411.233 374.32
v 2552.8 148.835 174.165
v 2539.19 236.118 241.118
v 2552.97 236.686 240.391
v 2526 323.418 308.049
v 2545.41 324.217 307.025
v 2492.55 761.254 640.992
v 2491.83 673.381 574.794
v 2530.19 587.191 506.443
v 2520.05 586.726 507.039
v 2549.21 412.273 372.989
v 2581.78 150.08 172.571
v 2580.02 237.896 238.842
v 2566.58 237.278 239.632
v 2551.8 324.495 306.669
v 2570.72 325.364 305.557
v 2509.52 762.034 639.994
v 2510.75 674.194 573.754
v 2549.88 588.157 505.207
v 2540.13 587.668 505.832
v 2572.33 413.382 371.569
v 2609.89 151.415 170.863
v 2593.2 238.528 238.033
v 2606.12 239.175 237.204
v 2576.9 325.661 305.177
v 2595.09 326.573 304.011
v 2525.84 762.852 638.947
v 2529.1 675.065 572.639
v 2568.6 589.147 503.94
v 2559.37 588.649 504.576
v 2594.4 414.528 370.102
v 2636.77 152.798 169.092
v 2618.69 239.829 236.368
v 2630.93 240.488 235.524
v 2600.99 326.879 303.618
v 2618.22 327.807 302.43
v 2541.3 763.684 637.881
v 2546.65 675.969 571.482
v 2662.09 154.194 167.306
v 2654.16 241.798 233.847
v 2642.75 241.145 234.684
v 2623.77 328.116 302.036
v 2615.14 415.68 368.628
v 2577.51 589.642 503.306
v 2605.45 503.185 435.297
v 2555.7 764.51 636.824
v 2586.12 590.135 502.674
v 2563.18 676.88 570.316
v 2675.5 243.073 232.216
v 2665.07 242.441 233.024
v 2634.28 416.808 367.185
v 2594.35 590.62 502.054
v 2602.22 591.097 501.444
v 2568.87 765.308 635.803
v 2685.37 243.685 231.433
v 2694.69 244.277 230.675
v 2651.6 417.881 365.811
v 2609.66 591.558 500.853
v 2616.69 592.005 500.281
v 2580.64 766.056 634.845
v 2666.87 418.872 364.543
v 2590.86 766.734 633.977
v 2679.9 419.751 363.417
v 2599.4 767.323 633.225
v 2690.53 420.493 362.468
v 2606.16 767.802 632.611
v 2698.62 421.072 361.726
v 2611.05 768.157 632.156
v 2704.07 421.471 361.216
v 2614.01 768.376 631.876
v 2615 768.449 631.782
v 2614.01 768.523 631.688
v 2704.07 421.979 360.566
v 2611.05 768.742 631.408
v 2698.62 422.377 360.056
v 2606.16 769.097 630.954
v 2690.53 422.957 359.314
v 2599.4 769.576 630.34
v 2679.9 423.698 358.365
v 2590.86 770.165 629.587
v 2666.87 424.578 357.239
v 2580.64 770.843 628.719
v 2694.69 252.448 220.216
v 2685.37 253.04 219.458
v 2651.6 425.568 355.972
v 2616.69 598.169 492.392
v 2609.66 598.616 491.82
v 2568.87 771.591 627.761
v 2665.07 254.284 217.867
v 2675.5 253.652 218.675
v 2634.28 426.642 354.597
v 2602.22 599.078 491.229
v 2594.35 599.554 490.619
v 2555.7 772.389 626.74
v 2668.14 168.822 148.583
v 2642.75 255.58 216.207
v 2654.16 254.926 217.044
v 2623.77 341.972 284.301
v 2541.3 773.215 625.683
v 2615.14 427.769 353.154
v 2577.51 600.532 489.367
v 2605.45 513.627 421.931
v 2586.12 600.039 489.999
v 2563.18 686.657 557.802
v 2559.37 601.525 488.097
v 2568.6 601.027 488.733
v 2594.4 428.921 351.68
v 2643.27 170.214 146.801
v 2630.93 256.237 215.367
v 2618.69 256.896 214.523
v 2618.22 342.28 283.906
v 2600.99 343.208 282.718
v 2525.84 774.047 624.617
v 2546.65 687.568 556.636
v 2616.75 171.604 145.022
v 2606.12 257.549 213.687
v 2593.2 258.197 212.858
v 2576.9 344.426 281.159
v 2509.52 774.865 623.57
v 2540.13 602.506 486.841
v 2572.33 430.067 350.213
v 2566.57 515.769 419.19
v 2549.88 602.018 487.466
v 2533.58 688.247 555.767
v 2520.05 603.449 485.634
v 2530.19 602.983 486.23
v 2549.21 431.177 348.793
v 2588.91 172.954 143.294
v 2580.02 258.829 212.049
v 2566.58 259.446 211.259
v 2570.72 344.723 280.78
v 2551.8 345.592 279.667
v 2492.55 775.645 622.573
v 2510.75 689.342 554.365
v 2499.39 604.324 484.514
v 2509.79 603.896 485.062
v 2525.33 432.216 347.462
v 2560.11 174.225 141.667
v 2552.97 260.039 210.5
v 2539.19 260.607 209.773
v 2545.41 345.87 279.311
v 2526 346.67 278.288
v 2475.13 776.362 621.654
v 2496.6 689.958 553.577
v 2478.39 605.103 483.517
v 2488.92 604.727 483.998
v 2501 433.152 346.264
v 2530.71 175.376 140.194
v 2525.32 261.14 209.09
v 2511.36 261.639 208.452
v 2519.49 346.92 277.967
v 2499.84 347.622 277.068
v 2457.5 776.992 620.848
v 2477.41 690.71 552.615
v 2457.33 605.754 482.683
v 2467.86 605.446 483.078
v 2476.5 433.949 345.245
v 2501.07 176.364 138.93
v 2483.43 262.503 207.347
v 2497.39 262.093 207.871
v 2493.29 347.835 276.795
v 2473.63 348.412 276.058
v 2439.87 777.509 620.186
v 2458.06 691.355 551.789
v 2436.46 606.248 482.052
v 2446.86 606.022 482.341
v 2452.17 434.571 344.449
v 2471.58 177.145 137.929
v 2469.56 262.857 206.893
v 2455.78 263.157 206.51
v 2467.12 348.578 275.845
v 2447.71 349 275.305
v 2422.45 777.888 619.702
v 2438.8 691.865 551.136
v 2416.06 606.554 481.66
v 2426.2 606.425 481.825
v 2428.29 434.983 343.921
v 2442.59 177.679 137.247
v 2442.17 263.392 206.209
v 2428.73 263.563 205.99
v 2441.33 349.11 275.164
v 2422.41 349.351 274.856
v 2419.87 692.213 550.691
v 2457.33 -584.42 509.99
v 2467.86 -584.729 509.595
v 2476.5 -409.5 376.537
v 2493.67 -146.781 176.794
v 2497.39 -234.631 243.02
v 2483.43 -234.222 243.544
v 2473.63 -321.675 310.279
v 2493.29 -322.252 309.541
v 2457.5 -759.906 642.717
v 2453.22 -672.04 576.511
v 2501 -410.297 375.518
v 2525.32 -235.584 241.801
v 2511.36 -235.085 242.439
v 2523.3 -147.721 175.591
v 2483.78 -497.473 442.607
v 2478.39 -585.071 509.156
v 2500.87 -498.083 441.826
v 2475.13 -760.537 641.91
v 2488.92 -585.448 508.675
v 2472.57 -672.654 575.725
v 2499.39 -585.85 508.16
v 2509.79 -586.278 507.611
v 2525.33 -411.233 374.32
v 2552.8 -148.835 174.165
v 2539.19 -236.118 241.118
v 2552.97 -236.686 240.391
v 2526 -323.418 308.049
v 2545.41 -324.217 307.025
v 2492.55 -761.254 640.992
v 2491.83 -673.381 574.794
v 2520.05 -586.726 507.039
v 2530.19 -587.191 506.443
v 2549.21 -412.273 372.989
v 2581.78 -150.08 172.571
v 2580.02 -237.896 238.842
v 2566.58 -237.278 239.632
v 2551.8 -324.495 306.669
v 2570.72 -325.364 305.557
v 2509.52 -762.034 639.994
v 2510.75 -674.194 573.754
v 2540.13 -587.668 505.832
v 2549.88 -588.157 505.207
v 2572.33 -413.382 371.569
v 2609.89 -151.415 170.863
v 2593.2 -238.528 238.033
v 2606.12 -239.175 237.204
v 2576.9 -325.661 305.177
v 2595.09 -326.573 304.011
v 2525.84 -762.852 638.947
v 2529.1 -675.065 572.639
v 2559.37 -588.649 504.576
v 2568.6 -589.147 503.94
v 2594.4 -414.528 370.102
v 2636.77 -152.798 169.092
v 2618.69 -239.829 236.368
v 2630.93 -240.488 235.524
v 2600.99 -326.879 303.618
v 2618.22 -327.807 302.43
v 2541.3 -763.684 637.881
v 2546.65 -675.969 571.482
v 2662.09 -154.194 167.306
v 2654.16 -241.798 233.847
v 2642.75 -241.145 234.684
v 2623.77 -328.116 302.036
v 2615.14 -415.68 368.628
v 2577.51 -589.642 503.306
v 2605.45 -503.185 435.297
v 2555.7 -764.51 636.824
v 2586.12 -590.135 502.674
v 2563.18 -676.88 570.316
v 2675.5 -243.073 232.216
v 2665.07 -242.441 233.024
v 2634.28 -416.808 367.185
v 2594.35 -590.62 502.054
v 2602.22 -591.097 501.444
v 2568.87 -765.308 635.803
v 2685.37 -243.685 231.433
v 2694.69 -244.277 230.675
v 2651.6 -417.881 365.811
v 2609.66 -591.558 500.853
v 2616.69 -592.005 500.281
v 2580.64 -766.056 634.845
v 2666.87 -418.872 364.543
v 2590.86 -766.734 633.977
v 2679.9 -419.751 363.417
v 2599.4 -767.323 633.225
v 2690.53 -420.493 362.468
v 2606.16 -767.802 632.611
v 2698.62 -421.072 361.726
v 2611.05 -768.157 632.156
v 2704.07 -421.471 361.216
v 2614.01 -768.376 631.876
v 2615 -768.449 631.782
v 2614.01 -768.523 631.688
v 2704.07 -421.979 360.566
v 2611.05 -768.742 631.408
v 2698.62 -422.377 360.056
v 2606.16 -769.097 630.954
v 2690.53 -422.957 359.314
v 2599.4 -769.576 630.34
v 2679.9 -423.698 358.365
v 2590.86 -770.165 629.587
v 2666.87 -424.578 357.239
v 2580.64 -770.843 628.719
v 2694.69 -252.448 220.216
v 2685.37 -253.04 219.458
v 2651.6 -425.568 355.972
v 2616.69 -598.169 492.392
v 2609.66 -598.616 491.82
v 2568.87 -771.591 627.761
v 2665.07 -254.284 217.867
v 2675.5 -253.652 218.675
v 2634.28 -426.642 354.597
v 2602.22 -599.078 491.229
v 2594.35 -599.554 490.619
v 2555.7 -772.389 626.74
v 2668.14 -168.822 148.583
v 2642.75 -255.58 216.207
v 2654.16 -254.926 217.044
v 2623.77 -341.972 284.301
v 2541.3 -773.215 625.683
v 2615.14 -427.769 353.154
v 2577.51 -600.532 489.367
v 2605.45 -513.627 421.931
v 2586.12 -600.039 489.999
v 2563.18 -686.657 557.802
v 2568.6 -601.027 488.733
v 2559.37 -601.525 488.097
v 2594.4 -428.921 351.68
v 2643.27 -170.214 146.801
v 2630.93 -256.237 215.367
v 2618.69 -256.896 214.523
v 2618.22 -342.28 283.906
v 2600.99 -343.208 282.718
v 2525.84 -774.047 624.617
v 2546.65 -687.568 556.636
v 2616.75 -171.604 145.022
v 2606.12 -257.549 213.687
v 2593.2 -258.197 212.858
v 2576.9 -344.426 281.159
v 2509.52 -774.865 623.57
v 2540.13 -602.506 486.841
v 2572.33 -430.067 350.213
v 2566.57 -515.769 419.19
v 2549.88 -602.018 487.466
v 2533.58 -688.247 555.767
v 2530.19 -602.983 486.23
v 2520.05 -603.449 485.634
v 2549.21 -431.177 348.793
v 2588.91 -172.954 143.294
v 2580.02 -258.829 212.049
v 2566.58 -259.446 211.259
v 2570.72 -344.723 280.78
v 2551.8 -345.592 279.667
v 2492.55 -775.645 622.573
v 2510.75 -689.342 554.365
v 2509.79 -603.896 485.062
v 2499.39 -604.324 484.514
v 2525.33 -432.216 347.462
v 2560.11 -174.225 141.667
v 2552.97 -260.039 210.5
v 2539.19 -260.607 209.773
v 2545.41 -345.87 279.311
v 2526 -346.67 278.288
v 2475.13 -776.362 621.654
v 2496.6 -689.958 553.577
v 2488.92 -604.727 483.998
v 2478.39 -605.103 483.517
v 2501 -433.152 346.264
v 2530.71 -175.376 140.194
v 2525.32 -261.14 209.09
v 2511.36 -261.639 208.452
v 2519.49 -346.92 277.967
v 2499.84 -347.622 277.068
v 2457.5 -776.992 620.848
v 2477.41 -690.71 552.615
v 2467.86 -605.446 483.078
v 2457.33 -605.754 482.683
v 2476.5 -433.949 345.245
v 2501.07 -176.364 138.93
v 2483.43 -262.503 207.347
v 2497.39 -262.093 207.871
v 2493.29 -347.835 276.795
v 2473.63 -348.412 276.058
v 2439.87 -777.509 620.186
v 2458.06 -691.355 551.789
v 2446.86 -606.022 482.341
v 2436.46 -606.248 482.052
v 2452.17 -434.571 344.449
v 2471.58 -177.145 137.929
v 2469.56 -262.857 206.893
v 2455.78 -263.157 206.51
v 2467.12 -348.578 275.845
v 2447.71 -349 275.305
v 2422.45 -777.888 619.702
v 2438.8 -691.865 551.136
v 2426.2 -606.425 481.825
v 2416.06 -606.554 481.66
v 2428.29 -434.983 343.921
v 2442.59 -177.679 137.247
v 2442.17 -263.392 206.209
v 2428.73 -263.563 205.99
v 2441.33 -349.11 275.164
v 2422.41 -349.351 274.856
v 2419.87 -692.213 550.691
v 1862.2 -950 115.161
v 1862.27 -950.545 115.157
v 1862.32 -951.091 115.144
v 1862.38 -951.848 115.111
v 1862.42 -952.492 115.07
v 1862.44 -953.22 115.009
v 1862.45 -953.873 114.94
v 1862.43 -954.841 114.815
v 1862.38 -955.802 114.663
v 1862.55 -956.756 114.483
v 1862.69 -957.714 114.275
v 1862.79 -958.673 114.036
v 1862.86 -959.631 113.769
v 1168.41 -960.798 113.401
v 1862.9 -960.584 113.472
v 1862.91 -961.529 113.147
v 1172.9 -962.038 112.959
v 1863.14 -962.46 112.796
v 1863.33 -963.392 112.413
v 1181.92 -964.183 112.062
v 1863.49 -964.323 111.997
v 1863.62 -965.25 111.549
v 1190.97 -966.016 111.153
v 1863.71 -966.17 111.07
v 1863.76 -967.079 110.56
v 1204.44 -968.67 109.577
v 1863.98 -967.744 110.164
v 1864.17 -968.407 109.748
v 1864.38 -969.2 109.221
v 1864.56 -969.988 108.666
v 1217.94 -970.893 107.985
v 1864.7 -970.768 108.081
v 1864.81 -971.539 107.469
v 1864.89 -972.296 106.83
v 1865.07 -972.757 106.423
v 1244.63 -974.801 104.419
v 1865.25 -973.215 106.002
v 1865.48 -973.861 105.382
v 1865.68 -974.5 104.736
v 1865.85 -975.129 104.064
v 1865.99 -975.747 103.367
v 1866.09 -976.351 102.647
v 1270.86 -977.945 100.528
v 1866.16 -976.939 101.905
v 1866.31 -977.246 101.5
v 1866.46 -977.55 101.086
v 1866.68 -978.036 100.396
v 1866.88 -978.513 99.6821
v 1867.04 -978.977 98.9469
v 1867.18 -979.428 98.1911
v 1296.44 -980.402 96.3832
v 1867.28 -979.863 97.4164
v 1867.35 -980.28 96.6248
v 1867.38 -980.678 95.819
v 1867.5 -980.868 95.4147
v 1867.62 -981.054 95.0044
v 1867.8 -981.37 94.2734
v 1321.18 -982.207 92.0558
v 1867.96 -981.672 93.5251
v 1868.09 -981.96 92.7608
v 1868.19 -982.232 91.9822
v 1868.26 -982.487 91.1911
v 1868.3 -982.724 90.3902
v 1868.31 -982.941 89.582
v 1344.91 -983.382 87.6162
v 1868.28 -983.138 88.7693
v 1868.39 -983.251 88.2574
v 1868.49 -983.358 87.7394
v 1868.61 -983.495 87.0005
v 1868.7 -983.622 86.2138
v 1868.77 -983.737 85.3781
v 1367.46 -983.943 83.1357
v 1868.81 -983.832 84.5357
v 1868.81 -983.906 83.6897
v 1868.78 -983.958 82.8432
v 1868.72 -983.99 81.9995
v 1868.62 -984 81.1614
v 1868.67 -983.998 80.7597
v 1388.69 -983.91 78.6859
v 1868.71 -983.99 80.3564
v 1868.77 -983.967 79.6537
v 1868.81 -983.928 78.9487
v 1868.82 -983.875 78.2431
v 1868.8 -983.806 77.5389
v 1868.77 -983.724 76.8379
v 1408.43 -983.309 74.3391
v 1868.71 -983.627 76.1417
v 1868.61 -983.499 75.3462
v 1868.47 -983.329 74.4412
v 1868.28 -983.138 73.5534
v 1868.31 -982.985 72.9174
v 1868.31 -982.82 72.2836
v 1426.54 -982.174 70.1681
v 1868.28 -982.592 71.4792
v 1868.23 -982.345 70.6835
v 1868.14 -982.081 69.8992
v 1868.02 -981.799 69.1284
v 1867.86 -981.47 68.2901
v 1442.91 -980.554 66.2457
v 1867.64 -981.083 67.3832
v 1867.38 -980.678 66.5037
v 1867.35 -980.351 65.8379
v 1867.31 -980.011 65.1815
v 1867.21 -979.582 64.4006
v 1457.4 -978.515 62.6439
v 1867.09 -979.136 63.6379
v 1866.94 -978.677 62.8953
v 1866.73 -978.151 62.0954
v 1866.46 -977.552 61.2391
v 1469.92 -976.151 59.4327
v 1866.16 -976.939 60.4176
v 1866.13 -976.629 60.0213
v 1866.08 -976.314 59.6308
v 1865.98 -975.709 58.9119
v 1475.27 -974.911 58.0212
v 1865.84 -975.091 58.2166
v 1865.67 -974.461 57.5461
v 1480.35 -973.593 56.6796
v 1865.46 -973.821 56.9015
v 1865.21 -973.103 56.2161
v 1484.48 -972.376 55.5626
v 1864.89 -972.296 55.4927
v 1864.84 -971.755 55.0323
v 1488.6 -971.033 54.4478
v 1864.77 -971.206 54.5853
v 1864.66 -970.509 54.0437
v 1491.6 -969.938 53.6206
v 1864.5 -969.726 53.4688
v 1494.59 -968.746 52.7961
v 1864.29 -968.848 52.8639
v 1864.04 -967.965 52.2952
v 1498.23 -967.105 51.7772
v 1863.76 -967.079 51.7625
v 1499.45 -966.498 51.4322
v 1863.71 -966.17 51.2527
v 1498.27 -966.312 51.3297
v 1494.75 -965.739 51.0234
v 1863.62 -965.25 50.7733
v 1488.91 -964.729 50.5173
v 1863.49 -964.323 50.3255
v 1480.81 -963.169 49.8153
v 1863.33 -963.392 49.9099
v 1863.14 -962.46 49.5266
v 1475.67 -962.053 49.3694
v 1862.91 -961.529 49.1756
v 1470.54 -960.782 48.9162
v 1862.9 -960.584 48.8506
v 1468.77 -960.304 48.7604
v 1862.86 -959.631 48.5539
v 1467.01 -959.796 48.6031
v 1464.69 -959.07 48.3935
v 1862.79 -958.673 48.2862
v 1462.65 -958.356 48.2041
v 1862.69 -957.714 48.0481
v 1461.29 -957.832 48.0757
v 1460.28 -957.408 47.9782
v 1862.55 -956.756 47.8394
v 1459.28 -956.95 47.8793
v 1862.38 -955.802 47.66
v 1862.41 -955.369 47.588
v 1862.43 -954.935 47.5214
v 1862.44 -954.297 47.434
v 1862.45 -953.657 47.3586
v 1862.44 -953.015 47.2953
v 1862.41 -952.252 47.236
v 1862.36 -951.607 47.1994
v 1862.31 -950.964 47.175
v 1862.2 -950 47.1614
v 1862.27 -949.454 47.1657
v 1862.32 -948.907 47.179
v 1862.38 -948.15 47.2117
v 1862.42 -947.507 47.2529
v 1862.44 -946.778 47.3144
v 1862.45 -946.127 47.3827
v 1862.43 -945.159 47.5077
v 1862.38 -944.198 47.66
v 1862.55 -943.244 47.8394
v 1862.69 -942.286 48.0481
v 1862.79 -941.327 48.2862
v 1862.86 -940.369 48.5539
v 1862.9 -939.416 48.8506
v 1862.91 -938.471 49.1756
v 1863.14 -937.54 49.5266
v 1863.33 -936.608 49.9099
v 1863.49 -935.677 50.3255
v 1863.62 -934.75 50.7733
v 1863.71 -933.83 51.2527
v 1863.76 -932.921 51.7625
v 1863.98 -932.256 52.1587
v 1864.17 -931.593 52.575
v 1864.38 -930.8 53.1015
v 1864.56 -930.012 53.6572
v 1864.7 -929.232 54.2417
v 1864.81 -928.461 54.854
v 1864.89 -927.704 55.4927
v 1865.07 -927.243 55.9001
v 1865.25 -926.785 56.3206
v 1865.48 -926.139 56.9405
v 1865.68 -925.5 57.5868
v 1865.85 -924.871 58.2588
v 1865.99 -924.253 58.9556
v 1866.09 -923.649 59.6759
v 1866.16 -923.061 60.4176
v 1866.31 -922.754 60.8226
v 1866.46 -922.45 61.2363
v 1866.68 -921.964 61.9272
v 1866.88 -921.487 62.6406
v 1867.04 -921.023 63.3758
v 1867.18 -920.572 64.1316
v 1867.28 -920.137 64.9064
v 1867.35 -919.72 65.6979
v 1867.38 -919.322 66.5037
v 1867.5 -919.132 66.908
v 1867.62 -918.946 67.3184
v 1867.8 -918.63 68.0494
v 1867.96 -918.328 68.7976
v 1868.09 -918.04 69.5619
v 1868.19 -917.768 70.3406
v 1868.26 -917.513 71.1316
v 1868.3 -917.276 71.9325
v 1868.31 -917.059 72.7408
v 1868.28 -916.862 73.5534
v 1868.39 -916.749 74.0653
v 1868.49 -916.642 74.5834
v 1868.61 -916.505 75.3222
v 1868.7 -916.378 76.1089
v 1868.77 -916.263 76.9446
v 1868.81 -916.168 77.787
v 1868.81 -916.094 78.633
v 1868.78 -916.042 79.4795
v 1868.72 -916.01 80.3233
v 1868.62 -916 81.1614
v 1868.67 -916.002 81.563
v 1868.71 -916.01 81.9663
v 1868.77 -916.033 82.669
v 1868.81 -916.072 83.374
v 1868.82 -916.125 84.0796
v 1868.8 -916.194 84.7838
v 1868.77 -916.276 85.4849
v 1868.71 -916.373 86.181
v 1868.61 -916.501 86.9766
v 1868.47 -916.671 87.8816
v 1868.28 -916.862 88.7693
v 1868.31 -917.015 89.4054
v 1868.31 -917.18 90.0391
v 1868.28 -917.408 90.8436
v 1868.23 -917.655 91.6392
v 1868.14 -917.919 92.4235
v 1868.02 -918.201 93.1943
v 1867.86 -918.53 94.0326
v 1867.64 -918.917 94.9396
v 1867.38 -919.322 95.819
v 1867.35 -919.649 96.4848
v 1867.31 -919.989 97.1413
v 1867.21 -920.418 97.9222
v 1867.09 -920.864 98.6848
v 1866.94 -921.323 99.4274
v 1866.73 -921.849 100.227
v 1866.46 -922.448 101.084
v 1866.16 -923.061 101.905
v 1866.13 -923.371 102.301
v 1866.08 -923.686 102.692
v 1865.98 -924.291 103.411
v 1865.84 -924.909 104.106
v 1865.67 -925.539 104.777
v 1865.46 -926.179 105.421
v 1865.21 -926.897 106.107
v 1864.89 -927.704 106.83
v 1864.84 -928.245 107.29
v 1864.77 -928.794 107.737
v 1864.66 -929.491 108.279
v 1864.5 -930.274 108.854
v 1864.29 -931.152 109.459
v 1864.04 -932.035 110.028
v 1863.76 -932.921 110.56
v 1863.71 -933.83 111.07
v 1863.62 -934.75 111.549
v 1863.49 -935.677 111.997
v 1863.33 -936.608 112.413
v 1863.14 -937.54 112.796
v 1862.91 -938.471 113.147
v 1862.9 -939.416 113.472
v 1862.86 -940.369 113.769
v 1862.79 -941.327 114.036
v 1862.69 -942.286 114.275
v 1862.55 -943.244 114.483
v 1862.38 -944.198 114.663
v 1862.43 -945.159 114.815
v 1862.45 -946.127 114.94
v 1862.43 -947.097 115.037
v 1862.39 -948.068 115.106
v 1862.31 -949.036 115.148
v 1163.72 -1674.66 140.598
v 1152.63 -1887.55 152.585
v 1173.51 -1460.64 130.018
v 1181.97 -1245.97 120.876
v 1186.76 -1106.05 115.706
v 1138.36 -1993.84 159.736
v 1140.2 -2100 166.013
v 970.39 -2100 144.075
v 970 -2100 141.43
v 970.904 -2100 138.915
v 972.087 -2100 146.741
v 973.079 -2100 136.631
v 975.083 -2100 149.411
v 976.502 -2100 134.584
v 979.361 -2100 152.055
v 984.894 -2100 154.638
v 991.643 -2100 157.119
v 999.56 -2100 159.455
v 1008.59 -2100 161.6
v 1018.65 -2100 163.51
v 1155.09 -2100 164.798
v 1169.85 -2100 163.395
v 1184.37 -2100 161.834
v 1198.54 -2100 160.146
v 1212.26 -2100 158.363
v 1225.41 -2100 156.518
v 1237.91 -2100 154.644
v 1249.64 -2100 152.775
v 1260.54 -2100 150.945
v 1270.52 -2100 149.189
v 1279.49 -2100 147.54
v 1287.41 -2100 146.031
v 1293.93 -2100 140.208
v 1294.21 -2100 144.693
v 1299.66 -2100 140.638
v 1299.84 -2100 143.555
v 1304.15 -2100 140.98
v 1304.26 -2100 142.642
v 1307.39 -2100 141.229
v 1307.44 -2100 141.974
v 1309.35 -2100 141.38
v 1309.36 -2100 141.567
v 1310 -2100 141.43
v 1006.1 -1882.75 150.799
v 994.926 -1665.03 139.484
v 985.099 -1446.12 129.532
v 976.65 -1226.53 120.976
v 972.255 -1094.81 116.524
v 971.582 -961.936 112.997
v 968.36 -962.996 112.58
v 974.787 -960.771 113.41
v 977.282 -959.764 113.729
v 978.934 -959.036 113.939
v 980.331 -958.37 114.115
v 981.731 -957.648 114.29
v 982.77 -957.066 114.419
v 983.683 -956.515 114.531
v 984.361 -956.076 114.614
v 985.03 -955.613 114.695
v 985.616 -955.176 114.765
v 986.049 -954.831 114.816
v 986.475 -954.47 114.866
v 986.847 -954.132 114.909
v 987.121 -953.868 114.941
v 987.389 -953.593 114.971
v 987.652 -953.307 115
v 987.907 -953.008 115.028
v 988.154 -952.694 115.054
v 737.798 -950 115.161
v 737.733 -950.545 115.157
v 737.678 -951.091 115.144
v 737.618 -951.848 115.111
v 737.582 -952.492 115.07
v 737.559 -953.22 115.009
v 737.552 -953.873 114.94
v 737.57 -954.841 114.815
v 737.62 -955.802 114.663
v 737.452 -956.756 114.483
v 737.315 -957.714 114.275
v 737.209 -958.673 114.036
v 737.135 -959.631 113.769
v 737.096 -960.584 113.472
v 737.091 -961.529 113.147
v 736.864 -962.46 112.796
v 736.668 -963.392 112.413
v 963.954 -964.734 111.803
v 736.506 -964.323 111.997
v 736.379 -965.25 111.549
v 959.511 -966.27 111.016
v 736.288 -966.17 111.07
v 736.237 -967.079 110.56
v 954.786 -967.728 110.174
v 736.023 -967.744 110.164
v 735.827 -968.407 109.748
v 950.041 -969.047 109.325
v 735.619 -969.2 109.221
v 735.442 -969.988 108.666
v 944.596 -970.805 108.053
v 735.297 -970.768 108.081
v 735.187 -971.539 107.469
v 939.122 -972.366 106.769
v 735.114 -972.296 106.83
v 734.926 -972.757 106.423
v 734.75 -973.215 106.002
v 933.627 -973.764 105.478
v 734.522 -973.861 105.382
v 734.322 -974.5 104.736
v 928.848 -975.155 104.036
v 734.152 -975.129 104.064
v 734.014 -975.747 103.367
v 924.05 -976.4 102.586
v 733.91 -976.351 102.647
v 733.842 -976.939 101.905
v 919.237 -977.519 101.129
v 733.538 -977.55 101.086
v 733.318 -978.036 100.396
v 733.686 -977.246 101.5
v 915.16 -978.599 99.5489
v 733.125 -978.513 99.6821
v 732.959 -978.977 98.9469
v 911.07 -979.559 97.9615
v 732.825 -979.428 98.1911
v 732.723 -979.863 97.4164
v 906.969 -980.41 96.3682
v 732.654 -980.28 96.6248
v 732.621 -980.678 95.819
v 732.497 -980.868 95.4147
v 903.622 -981.198 94.6776
v 732.198 -981.37 94.2734
v 732.041 -981.672 93.5251
v 732.382 -981.054 95.0044
v 900.265 -981.88 92.9807
v 731.91 -981.96 92.7608
v 731.809 -982.232 91.9822
v 896.899 -982.46 91.2788
v 731.739 -982.487 91.1911
v 731.699 -982.724 90.3902
v 894.302 -982.961 89.5031
v 731.692 -982.941 89.582
v 731.717 -983.138 88.7693
v 891.698 -983.361 87.7225
v 731.509 -983.358 87.7394
v 731.392 -983.495 87.0005
v 731.607 -983.251 88.2574
v 889.089 -983.663 85.938
v 731.295 -983.622 86.2138
v 731.226 -983.737 85.3781
v 887.255 -983.873 84.0974
v 731.187 -983.906 83.6897
v 731.219 -983.958 82.8432
v 731.19 -983.832 84.5357
v 885.417 -983.982 82.2546
v 731.283 -983.99 81.9995
v 731.38 -984 81.1614
v 883.578 -983.992 80.4116
v 731.287 -983.99 80.3564
v 731.229 -983.967 79.6537
v 731.33 -983.998 80.7597
v 882.514 -983.897 78.5158
v 731.184 -983.875 78.2431
v 731.197 -983.806 77.5389
v 731.195 -983.928 78.9487
v 881.45 -983.696 76.6271
v 731.292 -983.627 76.1417
v 731.388 -983.499 75.3462
v 731.233 -983.724 76.8379
v 880.39 -983.39 74.7489
v 731.535 -983.329 74.4412
v 731.717 -983.138 73.5534
v 880.158 -983.046 73.1645
v 731.695 -982.985 72.9174
v 731.692 -982.82 72.2836
v 879.925 -982.627 71.5979
v 731.718 -982.592 71.4792
v 731.775 -982.345 70.6835
v 879.727 -982.212 70.28
v 731.863 -982.081 69.8992
v 879.528 -981.743 68.9795
v 731.98 -981.799 69.1284
v 732.144 -981.47 68.2901
v 879.936 -981.096 67.4124
v 732.364 -981.083 67.3832
v 732.621 -980.678 66.5037
v 880.33 -980.369 65.8732
v 732.646 -980.351 65.8379
v 732.695 -980.011 65.1815
v 880.655 -979.687 64.587
v 732.785 -979.582 64.4006
v 732.909 -979.136 63.6379
v 880.968 -978.947 63.3264
v 733.063 -978.677 62.8953
v 882.008 -977.984 61.8507
v 733.27 -978.151 62.0954
v 733.537 -977.552 61.2391
v 882.921 -977.036 60.5446
v 733.842 -976.939 60.4176
v 733.874 -976.629 60.0213
v 883.721 -976.115 59.39
v 733.916 -976.314 59.6308
v 734.021 -975.709 58.9119
v 884.2 -975.518 58.6928
v 734.161 -975.091 58.2166
v 884.67 -974.895 58.0049
v 734.333 -974.461 57.5461
v 886.178 -973.665 56.7491
v 734.535 -973.821 56.9015
v 734.792 -973.103 56.2161
v 887.501 -972.461 55.6369
v 735.114 -972.296 55.4927
v 735.163 -971.755 55.0323
v 888.66 -971.292 54.654
v 735.231 -971.206 54.5853
v 735.341 -970.509 54.0437
v 889.67 -970.166 53.7874
v 735.497 -969.726 53.4688
v 890.128 -969.618 53.3922
v 890.577 -969.054 53.0019
v 735.708 -968.848 52.8639
v 891.837 -967.937 52.2779
v 735.956 -967.965 52.2952
v 736.237 -967.079 51.7625
v 892.941 -966.861 51.6367
v 736.288 -966.17 51.2527
v 893.905 -965.828 51.0704
v 736.379 -965.25 50.7733
v 894.488 -965.152 50.7241
v 736.506 -964.323 50.3255
v 895.171 -964.299 50.3145
v 736.668 -963.392 49.9099
v 895.828 -963.404 49.9149
v 896.39 -962.565 49.5683
v 736.864 -962.46 49.5266
v 896.868 -961.784 49.2686
v 737.091 -961.529 49.1756
v 897.322 -960.969 48.9793
v 737.096 -960.584 48.8506
v 897.747 -960.12 48.7024
v 737.135 -959.631 48.5539
v 898.101 -959.325 48.4653
v 737.209 -958.673 48.2862
v 898.31 -958.808 48.3222
v 737.315 -957.714 48.0481
v 737.452 -956.756 47.8394
v 737.62 -955.802 47.66
v 737.594 -955.372 47.5884
v 737.574 -954.941 47.5223
v 737.556 -954.301 47.4345
v 737.553 -953.659 47.3588
v 737.564 -953.015 47.2953
v 737.594 -952.252 47.236
v 737.635 -951.607 47.1994
v 737.69 -950.964 47.175
v 737.798 -950 47.1614
v 737.733 -949.455 47.1657
v 737.678 -948.909 47.1789
v 737.618 -948.152 47.2116
v 737.582 -947.508 47.2528
v 737.559 -946.78 47.3142
v 737.552 -946.127 47.3827
v 737.57 -945.159 47.5077
v 737.62 -944.198 47.66
v 737.452 -943.244 47.8394
v 737.315 -942.286 48.0481
v 737.209 -941.327 48.2862
v 737.135 -940.369 48.5539
v 737.096 -939.416 48.8506
v 737.091 -938.471 49.1756
v 736.864 -937.54 49.5266
v 736.668 -936.608 49.9099
v 736.506 -935.677 50.3255
v 736.379 -934.75 50.7733
v 736.288 -933.83 51.2527
v 736.237 -932.921 51.7625
v 736.023 -932.256 52.1587
v 735.827 -931.593 52.575
v 735.619 -930.8 53.1015
v 735.442 -930.012 53.6572
v 735.297 -929.232 54.2417
v 735.187 -928.461 54.854
v 735.114 -927.704 55.4927
v 734.926 -927.243 55.9001
v 734.75 -926.785 56.3206
v 734.522 -926.139 56.9405
v 734.322 -925.5 57.5868
v 734.152 -924.871 58.2588
v 734.014 -924.253 58.9556
v 733.91 -923.649 59.6759
v 733.842 -923.061 60.4176
v 733.538 -922.45 61.2363
v 733.318 -921.964 61.9272
v 733.686 -922.754 60.8226
v 733.125 -921.487 62.6406
v 732.959 -921.023 63.3758
v 732.825 -920.572 64.1316
v 732.723 -920.137 64.9064
v 732.654 -919.72 65.6979
v 732.621 -919.322 66.5037
v 732.497 -919.132 66.908
v 732.382 -918.946 67.3184
v 732.198 -918.63 68.0494
v 732.041 -918.328 68.7976
v 731.91 -918.04 69.5619
v 731.809 -917.768 70.3406
v 731.739 -917.513 71.1316
v 731.699 -917.276 71.9325
v 731.692 -917.059 72.7408
v 731.717 -916.862 73.5534
v 731.509 -916.642 74.5834
v 731.392 -916.505 75.3222
v 731.607 -916.749 74.0653
v 731.295 -916.378 76.1089
v 731.226 -916.263 76.9446
v 731.19 -916.168 77.787
v 731.187 -916.094 78.633
v 731.283 -916.01 80.3233
v 731.38 -916 81.1614
v 731.219 -916.042 79.4795
v 731.287 -916.01 81.9663
v 731.229 -916.033 82.669
v 731.33 -916.002 81.563
v 731.184 -916.125 84.0796
v 731.197 -916.194 84.7838
v 731.195 -916.072 83.374
v 731.233 -916.276 85.4849
v 731.292 -916.373 86.181
v 731.388 -916.501 86.9766
v 731.535 -916.671 87.8816
v 731.695 -917.015 89.4054
v 731.692 -917.18 90.0391
v 731.717 -916.862 88.7693
v 731.718 -917.408 90.8436
v 731.775 -917.655 91.6392
v 731.863 -917.919 92.4235
v 731.98 -918.201 93.1943
v 732.144 -918.53 94.0326
v 732.364 -918.917 94.9396
v 732.621 -919.322 95.819
v 732.646 -919.649 96.4848
v 732.785 -920.418 97.9222
v 732.909 -920.864 98.6848
v 732.695 -919.989 97.1413
v 733.063 -921.323 99.4274
v 733.27 -921.849 100.227
v 733.537 -922.448 101.084
v 733.842 -923.061 101.905
v 733.916 -923.686 102.692
v 734.021 -924.291 103.411
v 733.874 -923.371 102.301
v 734.161 -924.909 104.106
v 734.333 -925.539 104.777
v 734.535 -926.179 105.421
v 734.792 -926.897 106.107
v 735.114 -927.704 106.83
v 735.163 -928.245 107.29
v 735.231 -928.794 107.737
v 735.341 -929.491 108.279
v 735.497 -930.274 108.854
v 735.708 -931.152 109.459
v 735.956 -932.035 110.028
v 736.237 -932.921 110.56
v 736.288 -933.83 111.07
v 736.379 -934.75 111.549
v 736.506 -935.677 111.997
v 736.668 -936.608 112.413
v 736.864 -937.54 112.796
v 737.091 -938.471 113.147
v 737.096 -939.416 113.472
v 737.135 -940.369 113.769
v 737.209 -941.327 114.036
v 737.315 -942.286 114.275
v 737.452 -943.244 114.483
v 737.62 -944.198 114.663
v 737.594 -944.628 114.734
v 737.574 -945.059 114.8
v 737.556 -945.699 114.888
v 737.553 -946.341 114.964
v 737.564 -946.985 115.027
v 737.594 -947.748 115.087
v 737.635 -948.393 115.123
v 737.69 -949.036 115.148
v 1318.61 -1981.23 127.45
v 1341.85 -1862.3 115.441
v 1363.62 -1743.31 104.185
v 1383.95 -1624.22 93.6793
v 1402.82 -1505.04 83.9225
v 1420.25 -1385.78 74.914
v 1436.23 -1266.44 66.6531
v 1450.77 -1147.03 59.1393
v 1461.09 -1053.93 53.8015
v 959.548 -1930.92 118.487
v 944.026 -1761.54 103.749
v 929.912 -1591.59 90.3483
v 917.225 -1421.26 78.3032
v 905.971 -1250.6 67.6181
v 897.785 -1109.88 59.8456
v 2160 957 81.1614
v 2160 943 81.1614
v 2025.97 892.549 82.3113
v 2026 892.453 81.1614
v 2025.9 892.642 83.4593
v 2025.78 892.73 84.5511
v 2025.62 892.811 85.5878
v 2025.42 892.891 86.6177
v 2025.18 892.968 87.639
v 2024.9 893.044 88.6501
v 2024.58 893.116 89.6494
v 2024.21 893.187 90.6352
v 2023.81 893.255 91.6059
v 2023.37 893.321 92.5599
v 2022.91 893.383 93.4637
v 2051.83 893.982 81.1614
v 2064.47 895.284 81.1614
v 2078.02 897.249 81.1614
v 2087.96 899.176 81.1614
v 2096.06 901.134 81.1614
v 2103.42 903.274 81.1614
v 2109.9 905.503 81.1614
v 2115.61 907.781 81.1614
v 2120.66 910.071 81.1614
v 2125.11 912.342 81.1614
v 2129.48 914.828 81.1614
v 2133.75 917.542 81.1614
v 2137.53 920.192 81.1614
v 2140.85 922.756 81.1614
v 2144.12 925.497 81.1614
v 2147.31 928.425 81.1614
v 2150.44 931.548 81.1614
v 2153.5 934.877 81.1614
v 2156.49 938.421 81.1614
v 2158.26 940.668 81.1614
v 2000 875 107.161
v 2001.3 875 107.129
v 2002.59 875 107.032
v 2003.88 875 106.871
v 2005.15 875 106.646
v 2006.42 875 106.357
v 2007.66 875 106.006
v 2008.89 875 105.593
v 2010.1 875 105.12
v 2011.28 875 104.587
v 2012.43 875 103.995
v 2013.56 875 103.347
v 2014.65 875 102.644
v 2015.7 875 101.887
v 2016.71 875 101.079
v 2017.68 875 100.221
v 2018.61 875 99.3155
v 2019.49 875 98.3652
v 2020.33 875 97.3721
v 2021.11 875 96.3387
v 2021.84 875 95.2676
v 2022.52 875 94.1614
v 2023.14 875 93.0228
v 2023.7 875 91.8548
v 2024.2 875 90.6602
v 2024.65 875 89.442
v 2025.03 875 88.2032
v 2025.35 875 86.9469
v 2025.6 875 85.6762
v 2025.8 875 84.3943
v 2025.93 875 83.1043
v 2025.99 875 81.8096
v 2025.99 875 80.5132
v 2025.99 892.505 80.5374
v 2025.97 892.557 79.9136
v 2025.93 875 79.2184
v 2025.9 892.645 78.8306
v 2025.8 875 77.9284
v 2025.77 892.734 77.7196
v 2025.6 875 76.6465
v 2025.59 892.823 76.582
v 2025.35 875 75.3758
v 2025.37 892.91 75.4531
v 2025.09 892.994 74.3349
v 2025.03 875 74.1195
v 2024.76 893.076 73.2297
v 2024.65 875 72.8807
v 2024.38 893.155 72.1396
v 2024.2 875 71.6625
v 2023.96 893.231 71.0669
v 2023.7 875 70.4679
v 2023.49 893.304 70.0135
v 2023.14 875 69.2999
v 2022.97 893.374 68.9818
v 2022.52 875 68.1614
v 2021.84 875 67.0552
v 2021.11 875 65.984
v 2020.33 875 64.9506
v 2019.49 875 63.9575
v 2018.61 875 63.0072
v 2017.68 875 62.102
v 2016.71 875 61.2442
v 2015.7 875 60.4359
v 2014.65 875 59.6792
v 2013.56 875 58.9758
v 2012.43 875 58.3276
v 2011.28 875 57.7362
v 2010.1 875 57.203
v 2008.89 875 56.7294
v 2007.66 875 56.3165
v 2006.42 875 55.9654
v 2005.15 875 55.6769
v 2003.88 875 55.4518
v 2002.59 875 55.2906
v 2001.3 875 55.1937
v 2000 875 55.1614
v 1998.7 875 55.1937
v 1997.41 875 55.2906
v 1996.12 875 55.4518
v 1994.85 875 55.6769
v 1993.58 875 55.9654
v 1992.34 875 56.3165
v 1991.11 875 56.7294
v 1989.9 875 57.203
v 1988.72 875 57.7362
v 1987.57 875 58.3276
v 1986.44 875 58.9758
v 1985.35 875 59.6792
v 1984.3 875 60.4359
v 1983.29 875 61.2442
v 1982.32 875 62.102
v 1981.39 875 63.0072
v 1980.51 875 63.9575
v 1979.67 875 64.9506
v 1978.89 875 65.984
v 1978.16 875 67.0552
v 1977.48 875 68.1614
v 1976.86 875 69.2999
v 1976.3 875 70.4679
v 1975.8 875 71.6625
v 1975.35 875 72.8807
v 1974.97 875 74.1195
v 1974.65 875 75.3758
v 1974.4 875 76.6465
v 1974.2 875 77.9284
v 1974.07 875 79.2184
v 1974.01 875 80.5132
v 1974.01 875 81.8096
v 1974.07 875 83.1043
v 1974.2 875 84.3943
v 1974.4 875 85.6762
v 1974.65 875 86.9469
v 1974.97 875 88.2032
v 1975.35 875 89.442
v 1975.8 875 90.6602
v 1976.3 875 91.8548
v 1976.86 875 93.0228
v 1977.48 875 94.1614
v 1978.16 875 95.2676
v 1978.89 875 96.3387
v 1979.67 875 97.3721
v 1980.51 875 98.3652
v 1981.39 875 99.3155
v 1982.32 875 100.221
v 1983.29 875 101.079
v 1984.3 875 101.887
v 1985.35 875 102.644
v 1986.44 875 103.347
v 1987.57 875 103.995
v 1988.72 875 104.587
v 1989.9 875 105.12
v 1991.11 875 105.593
v 1992.34 875 106.006
v 1993.58 875 106.357
v 1994.85 875 106.646
v 1996.12 875 106.871
v 1997.41 875 107.032
v 1998.7 875 107.129
v 2025.97 1007.45 80.0114
v 2026 1007.55 81.1614
v 2025.9 1007.36 78.8634
v 2025.78 1007.27 77.7716
v 2025.62 1007.19 76.7349
v 2025.42 1007.11 75.7051
v 2025.18 1007.03 74.6838
v 2024.9 1006.96 73.6726
v 2024.58 1006.88 72.6734
v 2024.21 1006.81 71.6876
v 2023.81 1006.74 70.7169
v 2023.37 1006.68 69.7629
v 2022.91 1006.62 68.859
v 2051.83 1006.02 81.1614
v 2064.47 1004.72 81.1614
v 2078.02 1002.75 81.1614
v 2087.96 1000.82 81.1614
v 2096.06 998.866 81.1614
v 2103.42 996.726 81.1614
v 2109.9 994.497 81.1614
v 2115.61 992.219 81.1614
v 2120.66 989.929 81.1614
v 2125.11 987.658 81.1614
v 2129.48 985.172 81.1614
v 2133.75 982.458 81.1614
v 2137.53 979.808 81.1614
v 2140.85 977.244 81.1614
v 2144.12 974.503 81.1614
v 2147.31 971.575 81.1614
v 2150.44 968.452 81.1614
v 2153.5 965.123 81.1614
v 2156.49 961.579 81.1614
v 2158.26 959.332 81.1614
v 2000 1025 107.161
v 2001.3 1025 107.129
v 2002.59 1025 107.032
v 2003.88 1025 106.871
v 2005.15 1025 106.646
v 2006.42 1025 106.357
v 2007.66 1025 106.006
v 2008.89 1025 105.593
v 2010.1 1025 105.12
v 2011.28 1025 104.587
v 2012.43 1025 103.995
v 2013.56 1025 103.347
v 2014.65 1025 102.644
v 2015.7 1025 101.887
v 2016.71 1025 101.079
v 2017.68 1025 100.221
v 2018.61 1025 99.3155
v 2019.49 1025 98.3652
v 2020.33 1025 97.3721
v 2021.11 1025 96.3387
v 2021.84 1025 95.2676
v 2022.52 1025 94.1614
v 2022.97 1006.63 93.341
v 2023.14 1025 93.0228
v 2023.49 1006.7 92.3092
v 2023.7 1025 91.8548
v 2023.96 1006.77 91.2559
v 2024.2 1025 90.6602
v 2024.38 1006.85 90.1831
v 2024.65 1025 89.442
v 2024.76 1006.92 89.093
v 2025.03 1025 88.2032
v 2025.09 1007.01 87.9878
v 2025.35 1025 86.9469
v 2025.37 1007.09 86.8697
v 2025.59 1007.18 85.7407
v 2025.6 1025 85.6762
v 2025.77 1007.27 84.6032
v 2025.8 1025 84.3943
v 2025.9 1007.35 83.4921
v 2025.93 1025 83.1043
v 2025.97 1007.44 82.4091
v 2025.99 1025 81.8096
v 2025.99 1007.49 81.7854
v 2025.99 1025 80.5132
v 2025.93 1025 79.2184
v 2025.8 1025 77.9284
v 2025.6 1025 76.6465
v 2025.35 1025 75.3758
v 2025.03 1025 74.1195
v 2024.65 1025 72.8807
v 2024.2 1025 71.6625
v 2023.7 1025 70.4679
v 2023.14 1025 69.2999
v 2022.52 1025 68.1614
v 2021.84 1025 67.0552
v 2021.11 1025 65.984
v 2020.33 1025 64.9506
v 2019.49 1025 63.9575
v 2018.61 1025 63.0072
v 2017.68 1025 62.102
v 2016.71 1025 61.2442
v 2015.7 1025 60.4359
v 2014.65 1025 59.6792
v 2013.56 1025 58.9758
v 2012.43 1025 58.3276
v 2011.28 1025 57.7362
v 2010.1 1025 57.203
v 2008.89 1025 56.7294
v 2007.66 1025 56.3165
v 2006.42 1025 55.9654
v 2005.15 1025 55.6769
v 2003.88 1025 55.4518
v 2002.59 1025 55.2906
v 2001.3 1025 55.1937
v 2000 1025 55.1614
v 1998.7 1025 55.1937
v 1997.41 1025 55.2906
v 1996.12 1025 55.4518
v 1994.85 1025 55.6769
v 1993.58 1025 55.9654
v 1992.34 1025 56.3165
v 1991.11 1025 56.7294
v 1989.9 1025 57.203
v 1988.72 1025 57.7362
v 1987.57 1025 58.3276
v 1986.44 1025 58.9758
v 1985.35 1025 59.6792
v 1984.3 1025 60.4359
v 1983.29 1025 61.2442
v 1982.32 1025 62.102
v 1981.39 1025 63.0072
v 1980.51 1025 63.9575
v 1979.67 1025 64.9506
v 1978.89 1025 65.984
v 1978.16 1025 67.0552
v 1977.48 1025 68.1614
v 1976.86 1025 69.2999
v 1976.3 1025 70.4679
v 1975.8 1025 71.6625
v 1975.35 1025 72.8807
v 1974.97 1025 74.1195
v 1974.65 1025 75.3758
v 1974.4 1025 76.6465
v 1974.2 1025 77.9284
v 1974.07 1025 79.2184
v 1974.01 1025 80.5132
v 1974.01 1025 81.8096
v 1974.07 1025 83.1043
v 1974.2 1025 84.3943
v 1974.4 1025 85.6762
v 1974.65 1025 86.9469
v 1974.97 1025 88.2032
v 1975.35 1025 89.442
v 1975.8 1025 90.6602
v 1976.3 1025 91.8548
v 1976.86 1025 93.0228
v 1977.48 1025 94.1614
v 1978.16 1025 95.2676
v 1978.89 1025 96.3387
v 1979.67 1025 97.3721
v 1980.51 1025 98.3652
v 1981.39 1025 99.3155
v 1982.32 1025 100.221
v 1983.29 1025 101.079
v 1984.3 1025 101.887
v 1985.35 1025 102.644
v 1986.44 1025 103.347
v 1987.57 1025 103.995
v 1988.72 1025 104.587
v 1989.9 1025 105.12
v 1991.11 1025 105.593
v 1992.34 1025 106.006
v 1993.58 1025 106.357
v 1994.85 1025 106.646
v 1996.12 1025 106.871
v 1997.41 1025 107.032
v 1998.7 1025 107.129
v 440 957 81.1614
v 440 943 81.1614
v 443.341 961.371 81.1614
v 446.78 965.443 81.1614
v 450.313 969.232 81.1614
v 453.939 972.753 81.1614
v 457.654 976.02 81.1614
v 461.455 979.046 81.1614
v 465.34 981.844 81.1614
v 469.305 984.428 81.1614
v 473.349 986.81 81.1614
v 477.467 989.002 81.1614
v 481.658 991.016 81.1614
v 485.918 992.862 81.1614
v 490.245 994.551 81.1614
v 494.636 996.093 81.1614
v 499.088 997.499 81.1614
v 503.599 998.776 81.1614
v 509.698 1000.3 81.1614
v 516.669 1001.78 81.1614
v 523.747 1003.05 81.1614
v 533.333 1004.44 81.1614
v 544.297 1005.67 81.1614
v 559.047 1006.82 81.1614
v 574.008 1007.49 81.7854
v 574 1007.55 81.1614
v 574.03 1007.44 82.4091
v 574.229 1007.27 84.6032
v 574.105 1007.35 83.4921
v 574.406 1007.18 85.7407
v 574.634 1007.09 86.8697
v 574.912 1007.01 87.9878
v 575.239 1006.92 89.093
v 575.615 1006.85 90.1831
v 576.04 1006.77 91.2559
v 576.511 1006.7 92.3092
v 577.029 1006.63 93.341
v 600 1025 107.161
v 601.296 1025 107.129
v 602.589 1025 107.032
v 603.875 1025 106.871
v 605.152 1025 106.646
v 606.416 1025 106.357
v 607.664 1025 106.006
v 608.893 1025 105.593
v 610.099 1025 105.12
v 611.281 1025 104.587
v 612.435 1025 103.995
v 613.557 1025 103.347
v 614.646 1025 102.644
v 615.699 1025 101.887
v 616.712 1025 101.079
v 617.685 1025 100.221
v 618.613 1025 99.3155
v 619.494 1025 98.3652
v 620.328 1025 97.3721
v 621.11 1025 96.3387
v 621.841 1025 95.2676
v 622.517 1025 94.1614
v 623.137 1025 93.0228
v 623.699 1025 91.8548
v 624.203 1025 90.6602
v 624.646 1025 89.442
v 625.028 1025 88.2032
v 625.348 1025 86.9469
v 625.605 1025 85.6762
v 625.798 1025 84.3943
v 625.927 1025 83.1043
v 625.992 1025 81.8096
v 625.992 1025 80.5132
v 625.927 1025 79.2184
v 625.798 1025 77.9284
v 625.605 1025 76.6465
v 625.348 1025 75.3758
v 625.028 1025 74.1195
v 624.646 1025 72.8807
v 624.203 1025 71.6625
v 623.699 1025 70.4679
v 623.137 1025 69.2999
v 622.517 1025 68.1614
v 621.841 1025 67.0552
v 621.11 1025 65.984
v 620.328 1025 64.9506
v 619.494 1025 63.9575
v 618.613 1025 63.0072
v 617.685 1025 62.102
v 616.712 1025 61.2442
v 615.699 1025 60.4359
v 614.646 1025 59.6792
v 613.557 1025 58.9758
v 612.435 1025 58.3276
v 611.281 1025 57.7362
v 610.099 1025 57.203
v 608.893 1025 56.7294
v 607.664 1025 56.3165
v 606.416 1025 55.9654
v 605.152 1025 55.6769
v 603.875 1025 55.4518
v 602.589 1025 55.2906
v 601.296 1025 55.1937
v 600 1025 55.1614
v 598.704 1025 55.1937
v 597.411 1025 55.2906
v 596.125 1025 55.4518
v 594.848 1025 55.6769
v 593.584 1025 55.9654
v 592.336 1025 56.3165
v 591.107 1025 56.7294
v 589.901 1025 57.203
v 588.719 1025 57.7362
v 587.565 1025 58.3276
v 586.443 1025 58.9758
v 585.354 1025 59.6792
v 584.301 1025 60.4359
v 583.288 1025 61.2442
v 582.315 1025 62.102
v 581.387 1025 63.0072
v 580.506 1025 63.9575
v 579.672 1025 64.9506
v 578.89 1025 65.984
v 578.159 1025 67.0552
v 577.483 1025 68.1614
v 577.095 1006.62 68.859
v 576.863 1025 69.2999
v 576.632 1006.68 69.7629
v 576.301 1025 70.4679
v 576.19 1006.74 70.7169
v 575.797 1025 71.6625
v 575.787 1006.81 71.6876
v 575.425 1006.88 72.6734
v 575.354 1025 72.8807
v 575.102 1006.96 73.6726
v 574.972 1025 74.1195
v 574.82 1007.03 74.6838
v 574.652 1025 75.3758
v 574.579 1007.11 75.7051
v 574.395 1025 76.6465
v 574.38 1007.19 76.7349
v 574.222 1007.27 77.7716
v 574.202 1025 77.9284
v 574.102 1007.36 78.8634
v 574.073 1025 79.2184
v 574.025 1007.45 80.0114
v 574.008 1025 80.5132
v 574.008 1025 81.8096
v 574.073 1025 83.1043
v 574.202 1025 84.3943
v 574.395 1025 85.6762
v 574.652 1025 86.9469
v 574.972 1025 88.2032
v 575.354 1025 89.442
v 575.797 1025 90.6602
v 576.301 1025 91.8548
v 576.863 1025 93.0228
v 577.483 1025 94.1614
v 578.159 1025 95.2676
v 578.89 1025 96.3387
v 579.672 1025 97.3721
v 580.506 1025 98.3652
v 581.387 1025 99.3155
v 582.315 1025 100.221
v 583.288 1025 101.079
v 584.301 1025 101.887
v 585.354 1025 102.644
v 586.443 1025 103.347
v 587.565 1025 103.995
v 588.719 1025 104.587
v 589.901 1025 105.12
v 591.107 1025 105.593
v 592.336 1025 106.006
v 593.584 1025 106.357
v 594.848 1025 106.646
v 596.125 1025 106.871
v 597.411 1025 107.032
v 598.704 1025 107.129
v 443.341 938.629 81.1614
v 446.78 934.557 81.1614
v 450.313 930.768 81.1614
v 453.939 927.247 81.1614
v 457.654 923.98 81.1614
v 461.455 920.954 81.1614
v 465.34 918.156 81.1614
v 469.305 915.572 81.1614
v 473.349 913.19 81.1614
v 477.467 910.998 81.1614
v 481.658 908.984 81.1614
v 485.918 907.138 81.1614
v 490.245 905.449 81.1614
v 494.636 903.907 81.1614
v 499.088 902.501 81.1614
v 503.599 901.224 81.1614
v 509.698 899.703 81.1614
v 516.669 898.22 81.1614
v 523.747 896.953 81.1614
v 533.333 895.558 81.1614
v 544.297 894.335 81.1614
v 559.047 893.18 81.1614
v 574.008 892.505 80.5374
v 574 892.453 81.1614
v 574.03 892.557 79.9136
v 574.229 892.734 77.7196
v 574.105 892.645 78.8306
v 574.406 892.823 76.582
v 574.634 892.91 75.4531
v 574.912 892.994 74.3349
v 575.239 893.076 73.2297
v 575.615 893.155 72.1396
v 576.04 893.231 71.0669
v 576.511 893.304 70.0135
v 577.029 893.374 68.9818
v 600 875 107.161
v 601.296 875 107.129
v 602.589 875 107.032
v 603.875 875 106.871
v 605.152 875 106.646
v 606.416 875 106.357
v 607.664 875 106.006
v 608.893 875 105.593
v 610.099 875 105.12
v 611.281 875 104.587
v 612.435 875 103.995
v 613.557 875 103.347
v 614.646 875 102.644
v 615.699 875 101.887
v 616.712 875 101.079
v 617.685 875 100.221
v 618.613 875 99.3155
v 619.494 875 98.3652
v 620.328 875 97.3721
v 621.11 875 96.3387
v 621.841 875 95.2676
v 622.517 875 94.1614
v 623.137 875 93.0228
v 623.699 875 91.8548
v 624.203 875 90.6602
v 624.646 875 89.442
v 625.028 875 88.2032
v 625.348 875 86.9469
v 625.605 875 85.6762
v 625.798 875 84.3943
v 625.927 875 83.1043
v 625.992 875 81.8096
v 625.992 875 80.5132
v 625.927 875 79.2184
v 625.798 875 77.9284
v 625.605 875 76.6465
v 625.348 875 75.3758
v 625.028 875 74.1195
v 624.646 875 72.8807
v 624.203 875 71.6625
v 623.699 875 70.4679
v 623.137 875 69.2999
v 622.517 875 68.1614
v 621.841 875 67.0552
v 621.11 875 65.984
v 620.328 875 64.9506
v 619.494 875 63.9575
v 618.613 875 63.0072
v 617.685 875 62.102
v 616.712 875 61.2442
v 615.699 875 60.4359
v 614.646 875 59.6792
v 613.557 875 58.9758
v 612.435 875 58.3276
v 611.281 875 57.7362
v 610.099 875 57.203
v 608.893 875 56.7294
v 607.664 875 56.3165
v 606.416 875 55.9654
v 605.152 875 55.6769
v 603.875 875 55.4518
v 602.589 875 55.2906
v 601.296 875 55.1937
v 600 875 55.1614
v 598.704 875 55.1937
v 597.411 875 55.2906
v 596.125 875 55.4518
v 594.848 875 55.6769
v 593.584 875 55.9654
v 592.336 875 56.3165
v 591.107 875 56.7294
v 589.901 875 57.203
v 588.719 875 57.7362
v 587.565 875 58.3276
v 586.443 875 58.9758
v 585.354 875 59.6792
v 584.301 875 60.4359
v 583.288 875 61.2442
v 582.315 875 62.102
v 581.387 875 63.0072
v 580.506 875 63.9575
v 579.672 875 64.9506
v 578.89 875 65.984
v 578.159 875 67.0552
v 577.483 875 68.1614
v 576.863 875 69.2999
v 576.301 875 70.4679
v 575.797 875 71.6625
v 575.354 875 72.8807
v 574.972 875 74.1195
v 574.652 875 75.3758
v 574.395 875 76.6465
v 574.202 875 77.9284
v 574.073 875 79.2184
v 574.008 875 80.5132
v 574.008 875 81.8096
v 574.025 892.549 82.3113
v 574.073 875 83.1043
v 574.102 892.642 83.4593
v 574.202 875 84.3943
v 574.222 892.73 84.5511
v 574.395 875 85.6762
v 574.38 892.811 85.5878
v 574.579 892.891 86.6177
v 574.652 875 86.9469
v 574.82 892.968 87.639
v 574.972 875 88.2032
v 575.102 893.044 88.6501
v 575.354 875 89.442
v 575.425 893.116 89.6494
v 575.797 875 90.6602
v 575.787 893.187 90.6352
v 576.19 893.255 91.6059
v 576.301 875 91.8548
v 576.632 893.321 92.5599
v 576.863 875 93.0228
v 577.095 893.383 93.4637
v 577.483 875 94.1614
v 578.159 875 95.2676
v 578.89 875 96.3387
v 579.672 875 97.3721
v 580.506 875 98.3652
v 581.387 875 99.3155
v 582.315 875 100.221
v 583.288 875 101.079
v 584.301 875 101.887
v 585.354 875 102.644
v 586.443 875 103.347
v 587.565 875 103.995
v 588.719 875 104.587
v 589.901 875 105.12
v 591.107 875 105.593
v 592.336 875 106.006
v 593.584 875 106.357
v 594.848 875 106.646
v 596.125 875 106.871
v 597.411 875 107.032
v 598.704 875 107.129
v 1324.77 -1982.37 128.048
v 1348.42 -1864.59 116.188
v 1370.61 -1746.76 105.067
v 1391.33 -1628.83 94.6788
v 1410.59 -1510.83 85.0227
v 1428.39 -1392.75 76.0978
v 1444.73 -1274.59 67.9035
v 1459.62 -1156.38 60.439
v 1470.7 -1059.8 54.8846
v 1329.6 -1983.24 128.52
v 1353.58 -1866.35 116.777
v 1376.08 -1749.4 105.761
v 1397.11 -1632.38 95.4641
v 1416.67 -1515.28 85.8869
v 1434.77 -1398.1 77.0279
v 1451.39 -1280.86 68.8865
v 1466.56 -1163.56 61.4617
v 1478.26 -1064.17 55.7334
v 1333.08 -1983.86 128.861
v 1357.3 -1867.59 117.202
v 1380.02 -1751.28 106.26
v 1401.27 -1634.89 96.0295
v 1421.05 -1518.42 86.509
v 1439.35 -1401.89 77.6977
v 1456.18 -1285.3 69.5945
v 1471.54 -1168.65 62.1988
v 1483.7 -1067.22 56.345
v 1335.18 -1984.23 129.068
v 1359.53 -1868.33 117.459
v 1382.4 -1752.39 106.562
v 1403.78 -1636.38 96.3707
v 1423.68 -1520.3 86.8844
v 1442.11 -1404.15 78.1018
v 1459.06 -1287.94 70.0219
v 1474.54 -1171.68 62.6439
v 1486.98 -1069.02 56.7145
v 1335.88 -1984.36 129.137
v 1360.28 -1868.57 117.544
v 1383.19 -1752.76 106.663
v 1404.61 -1636.88 96.4848
v 1424.56 -1520.92 87.0099
v 1443.03 -1404.9 78.2368
v 1460.02 -1288.82 70.1647
v 1475.54 -1172.69 62.7927
v 1488.07 -1069.62 56.8382
v 1335.2 -1984.22 129.283
v 1359.56 -1868.29 117.701
v 1382.43 -1752.34 106.829
v 1403.82 -1636.31 96.6622
v 1423.72 -1520.2 87.1981
v 1442.15 -1404.04 78.4361
v 1459.11 -1287.81 70.3754
v 1474.59 -1171.53 63.0151
v 1486.98 -1069.34 57.1271
v 1333.16 -1983.79 129.719
v 1357.4 -1867.44 118.167
v 1380.15 -1751.05 107.326
v 1401.43 -1634.58 97.1897
v 1421.22 -1518.04 87.7577
v 1439.54 -1401.43 79.0289
v 1456.38 -1284.76 71.0023
v 1471.75 -1168.03 63.6772
v 1483.71 -1068.41 57.9824
v 1329.78 -1983.07 130.434
v 1353.82 -1866 118.93
v 1376.38 -1748.88 108.139
v 1397.46 -1631.68 98.0539
v 1417.06 -1514.39 88.6747
v 1435.19 -1397.04 80.0003
v 1451.85 -1279.62 72.0298
v 1467.04 -1162.14 64.7627
v 1478.3 -1066.61 59.3737
v 1325.07 -1982.05 131.41
v 1348.84 -1863.95 119.972
v 1371.12 -1745.79 109.248
v 1391.93 -1627.54 99.233
v 1411.27 -1509.21 89.9258
v 1429.14 -1390.79 81.326
v 1445.54 -1272.31 73.4328
v 1460.47 -1153.75 66.2458
v 1470.83 -1063.7 61.2597
v 1319.08 -1980.7 132.625
v 1342.49 -1861.26 121.268
v 1364.42 -1741.73 110.626
v 1384.88 -1622.11 100.697
v 1403.87 -1502.39 91.4799
v 1421.4 -1382.59 82.9735
v 1437.47 -1262.7 75.1775
v 1452.07 -1142.74 68.0915
v 1461.35 -1059.47 63.5916
v 1311.84 -1979.01 134.05
v 1334.8 -1857.88 122.785
v 1356.3 -1736.64 112.24
v 1376.33 -1615.29 102.411
v 1394.91 -1493.83 93.2991
v 1412.03 -1372.28 84.903
v 1427.68 -1250.63 77.2226
v 1441.88 -1128.91 70.2575
v 1449.92 -1053.73 66.3146
v 1303.39 -1976.95 135.653
v 1325.83 -1853.74 124.489
v 1346.82 -1730.41 114.049
v 1366.35 -1606.95 104.333
v 1384.43 -1483.37 95.3395
v 1401.05 -1359.68 87.0688
v 1416.22 -1235.89 79.5208
v 1430.34 -1108.27 72.5001
v 1296.29 -1960.52 136.134
v 1320.29 -1820.83 123.982
v 1342.5 -1680.96 112.733
v 1362.93 -1540.91 102.387
v 1381.57 -1400.7 92.9446
v 1398.43 -1260.34 84.4056
v 1413.36 -1121.31 76.8444
v 1285.54 -1957.25 137.995
v 1308.77 -1814.29 125.963
v 1330.23 -1671.1 114.845
v 1349.92 -1527.71 104.644
v 1367.84 -1384.13 95.3609
v 1383.99 -1240.4 86.9956
v 1396.92 -1111.9 80.3008
v 1273.77 -1953.41 139.921
v 1296.13 -1806.59 128.004
v 1316.75 -1659.49 117.017
v 1335.62 -1512.17 106.964
v 1352.72 -1364.64 97.8482
v 1368.08 -1216.92 89.6686
v 1378.93 -1100.45 83.8859
v 1261.05 -1948.9 141.871
v 1282.45 -1797.57 130.058
v 1302.13 -1645.89 119.196
v 1320.07 -1493.95 109.293
v 1336.28 -1341.79 100.348
v 1350.74 -1189.41 92.3651
v 1359.5 -1086.7 87.5318
v 1247.46 -1943.63 143.802
v 1267.8 -1787.02 132.077
v 1286.44 -1629.98 121.33
v 1303.36 -1472.66 111.571
v 1318.57 -1315.06 102.802
v 1332.06 -1157.23 95.0244
v 1338.75 -1070.33 91.1696
v 1233.1 -1937.47 145.673
v 1252.26 -1774.68 134.011
v 1269.75 -1611.39 123.363
v 1285.56 -1447.76 113.741
v 1299.67 -1283.84 105.148
v 1311.14 -1133.09 98.1651
v 1218.05 -1930.27 147.438
v 1235.91 -1760.26 135.809
v 1252.14 -1589.65 125.238
v 1266.72 -1418.67 115.742
v 1279.64 -1247.34 107.323
v 1288.54 -1113.92 101.525
v 1202.4 -1921.86 149.055
v 1218.82 -1743.39 137.417
v 1233.66 -1564.24 126.895
v 1246.9 -1384.65 117.511
v 1258.53 -1204.67 109.267
v 1265.02 -1091.34 104.67
v 1186.23 -1912.03 150.479
v 1201.06 -1723.7 138.782
v 1214.38 -1534.56 128.277
v 1226.16 -1344.92 118.988
v 1236.13 -1159.96 111.121
v 1169.61 -1900.61 151.668
v 1182.68 -1700.83 139.855
v 1194.32 -1500.09 129.33
v 1204.51 -1298.78 120.121
v 1211.71 -1134.91 113.614
v 1154.36 -2000.36 158.8
v 1865.78 -950 118.194
v 1865.97 -956.296 117.633
v 1869.42 -950 121.013
v 1869.63 -956.755 120.393
v 1873.13 -950 123.629
v 1873.35 -957.181 122.954
v 1876.91 -950 126.054
v 1877.13 -957.576 125.327
v 1880.74 -950 128.297
v 1880.98 -957.941 127.522
v 1884.64 -950 130.37
v 1884.89 -958.278 129.549
v 1888.59 -950 132.282
v 1888.85 -958.589 131.419
v 1892.59 -950 134.043
v 1892.87 -958.875 133.14
v 1896.65 -950 135.662
v 1896.94 -959.138 134.722
v 1900.76 -950 137.147
v 1901.06 -959.379 136.173
v 1904.92 -950 138.508
v 1905.23 -959.6 137.502
v 1909.12 -950 139.752
v 1910.86 -959.864 139.096
v 1914.79 -950 141.241
v 1917.29 -960.125 140.669
v 1921.26 -950 142.706
v 1923.8 -960.351 142.029
v 1927.81 -950 143.969
v 1930.4 -960.545 143.199
v 1936.66 -950 145.376
v 1939.31 -960.76 144.497
v 1946.76 -950 146.628
v 1949.47 -960.95 145.646
v 1957 -950 147.583
v 1963.21 -961.132 146.748
v 1970.79 -950 148.467
v 1978.84 -961.257 147.504
v 1986.46 -950 149.017
v 1999.85 -961.315 147.855
v 2007.44 -950 149.118
v 2023.48 -961.244 147.421
v 2030.95 -950 148.378
v 2044.51 -961.039 146.186
v 2041.65 -950 147.689
v 2051.8 -950 146.78
v 2061.23 -960.748 144.427
v 2066.7 -950 144.88
v 2073.18 -960.444 142.589
v 2077.64 -950 142.933
v 2082.94 -960.117 140.617
v 2086.59 -950 140.898
v 2090.71 -959.794 138.674
v 2094.49 -950 138.693
v 2097.57 -959.454 136.624
v 2100.77 -950 136.612
v 2103.64 -959.102 134.506
v 2106.48 -950 134.425
v 2109.01 -958.745 132.357
v 2112.1 -950 131.963
v 2114.28 -958.346 129.956
v 2117.06 -950 129.491
v 2118.94 -957.948 127.562
v 2121.45 -950 127.042
v 2123.07 -957.556 125.205
v 2125.76 -950 124.366
v 2127.12 -957.13 122.643
v 2129.98 -950 121.447
v 2131.1 -956.667 119.863
v 2133.72 -950 118.6
v 2135.01 -956.166 116.852
v 2137.02 -950 115.848
v 2138.83 -955.624 113.595
v 2140.26 -950 112.907
v 2142.58 -955.039 110.079
v 2143.44 -950 109.769
v 2146.24 -954.407 106.287
v 2146.56 -950 106.423
v 2149.81 -953.728 102.206
v 2149.61 -950 102.859
v 2152.6 -950 99.0683
v 2153.29 -952.997 97.8193
v 2155.52 -950 95.0393
v 2156.68 -952.212 93.1099
v 2157.78 -950 91.6806
v 2158.35 -951.796 90.6124
v 2160 -950 88.1614
v 2160 -951.366 88.0269
v 1866.53 -962.494 115.933
v 1870.22 -963.391 118.52
v 1873.98 -964.222 120.919
v 1877.81 -964.991 123.14
v 1881.69 -965.702 125.192
v 1885.63 -966.358 127.087
v 1889.64 -966.962 128.832
v 1893.69 -967.518 130.438
v 1897.8 -968.027 131.912
v 1901.96 -968.495 133.263
v 1906.17 -968.922 134.498
v 1911.85 -969.434 135.979
v 1918.34 -969.938 137.437
v 1924.91 -970.372 138.696
v 1931.57 -970.745 139.777
v 1940.56 -971.158 140.972
v 1950.81 -971.521 142.025
v 1964.66 -971.866 143.028
v 1980.41 -972.099 143.703
v 2001.57 -972.195 143.983
v 2025.35 -972.031 143.507
v 2046.49 -971.6 142.256
v 2061.62 -971.066 140.707
v 2073.99 -970.438 138.887
v 2083.8 -969.78 136.981
v 2091.6 -969.131 135.102
v 2098.5 -968.445 133.12
v 2104.59 -967.736 131.071
v 2109.98 -967.017 128.991
v 2115.27 -966.212 126.666
v 2119.95 -965.41 124.349
v 2124.09 -964.619 122.067
v 2128.15 -963.76 119.586
v 2132.14 -962.827 116.893
v 2136.05 -961.816 113.977
v 2139.88 -960.723 110.822
v 2143.62 -959.542 107.415
v 2147.28 -958.268 103.742
v 2150.85 -956.897 99.7877
v 2154.33 -955.422 95.5365
v 2157.2 -954.091 91.6992
v 2160 -952.679 87.6285
v 1867.45 -968.472 113.051
v 1871.2 -969.763 115.361
v 1875.02 -970.959 117.5
v 1878.9 -972.064 119.478
v 1882.84 -973.084 121.304
v 1886.85 -974.023 122.987
v 1890.92 -974.888 124.535
v 1895.04 -975.682 125.957
v 1899.21 -976.409 127.26
v 1903.43 -977.074 128.453
v 1907.71 -977.681 129.542
v 1913.48 -978.408 130.844
v 1920.06 -979.12 132.123
v 1926.73 -979.733 133.223
v 1935.75 -980.414 134.446
v 1946.05 -981.017 135.531
v 1959.99 -981.6 136.579
v 1975.88 -982.007 137.313
v 1997.25 -982.22 137.696
v 2021.32 -982.056 137.4
v 2045.13 -981.414 136.244
v 2062.14 -980.551 134.693
v 2074.63 -979.616 133.013
v 2084.83 -978.603 131.194
v 2093.15 -977.565 129.332
v 2100.49 -976.458 127.348
v 2106.33 -975.426 125.5
v 2111.64 -974.353 123.578
v 2116.86 -973.156 121.434
v 2121.47 -971.964 119.3
v 2125.54 -970.792 117.201
v 2129.54 -969.519 114.923
v 2133.47 -968.139 112.455
v 2137.32 -966.645 109.783
v 2141.09 -965.032 106.898
v 2144.77 -963.291 103.785
v 2148.37 -961.416 100.433
v 2151.89 -959.399 96.8285
v 2155.31 -957.233 92.9572
v 2157.68 -955.602 90.0425
v 2160 -953.889 86.9817
v 1868.65 -974.053 108.93
v 1872.48 -975.68 110.875
v 1876.38 -977.184 112.673
v 1880.34 -978.571 114.333
v 1884.37 -979.85 115.862
v 1888.46 -981.025 117.269
v 1892.61 -982.104 118.56
v 1896.82 -983.093 119.744
v 1901.08 -983.997 120.827
v 1905.39 -984.822 121.815
v 1911.21 -985.809 122.997
v 1917.86 -986.777 124.157
v 1924.61 -987.609 125.155
v 1933.73 -988.533 126.264
v 1944.16 -989.352 127.248
v 1954.73 -989.975 127.996
v 1969 -990.551 128.689
v 1990.65 -990.972 129.196
v 2015.11 -990.906 129.117
v 2039.37 -990.246 128.323
v 2058.66 -989.152 127.008
v 2072.81 -987.892 125.495
v 2083.2 -986.633 123.984
v 2091.68 -985.336 122.431
v 2099.16 -983.948 120.768
v 2105.77 -982.497 119.03
v 2111.6 -981.009 117.249
v 2116.75 -979.508 115.453
v 2121.29 -978.015 113.667
v 2125.76 -976.378 111.709
v 2130.14 -974.586 109.567
v 2134 -972.833 107.472
v 2137.42 -971.134 105.441
v 2140.77 -969.315 103.267
v 2144.05 -967.368 100.941
v 2147.27 -965.288 98.4566
v 2150.42 -963.068 95.8051
v 2153.49 -960.701 92.9788
v 2156.5 -958.181 89.9693
v 2158.26 -956.595 88.0755
v 2160 -954.95 86.1111
v 1870.01 -978.986 103.54
v 1873.93 -980.878 105.051
v 1877.93 -982.622 106.446
v 1881.99 -984.229 107.73
v 1886.12 -985.706 108.91
v 1890.31 -987.061 109.994
v 1894.56 -988.303 110.987
v 1898.86 -989.437 111.894
v 1903.22 -990.472 112.723
v 1909.12 -991.708 113.712
v 1915.85 -992.92 114.683
v 1922.69 -993.961 115.517
v 1929.62 -994.851 116.23
v 1938.98 -995.828 117.014
v 1949.67 -996.682 117.7
v 1964.13 -997.487 118.346
v 1980.59 -998.018 118.774
v 2002.7 -998.221 118.937
v 2027.52 -997.801 118.599
v 2049.56 -996.734 117.742
v 2065.3 -995.41 116.679
v 2078.14 -993.845 115.424
v 2088.3 -992.197 114.103
v 2096.36 -990.566 112.798
v 2103.47 -988.839 111.416
v 2109.73 -987.049 109.984
v 2115.27 -985.227 108.528
v 2120.15 -983.402 107.069
v 2124.47 -981.597 105.626
v 2128.7 -979.627 104.052
v 2132.86 -977.482 102.339
v 2136.92 -975.15 100.476
v 2140.51 -972.881 98.6651
v 2143.67 -970.695 96.9196
v 2146.78 -968.364 95.0592
v 2149.81 -965.882 93.0786
v 2152.79 -963.243 90.9722
v 2155.69 -960.438 88.7342
v 2157.87 -958.181 86.9336
v 2160 -955.82 85.0504
v 1871.76 -983.173 97.0542
v 1876.24 -985.452 98.1832
v 1880.81 -987.531 99.2128
v 1885.45 -989.421 100.15
v 1890.18 -991.137 101
v 1894.99 -992.691 101.771
v 1899.86 -994.095 102.467
v 1904.81 -995.359 103.094
v 1909.82 -996.495 103.658
v 1916.6 -997.826 104.319
v 1924.34 -999.099 104.951
v 1932.2 -1000.16 105.479
v 1942.84 -1001.3 106.044
v 1954.99 -1002.25 106.517
v 1971.42 -1003.08 106.93
v 1990.1 -1003.53 107.154
v 2015.1 -1003.45 107.115
v 2042.97 -1002.38 106.581
v 2060.88 -1000.93 105.864
v 2074.03 -999.337 105.069
v 2084.75 -997.578 104.196
v 2093.5 -995.759 103.292
v 2100.64 -993.958 102.399
v 2106.94 -992.089 101.472
v 2112.51 -990.185 100.528
v 2117.43 -988.274 99.5812
v 2122.26 -986.162 98.5346
v 2126.99 -983.832 97.3807
v 2131.17 -981.537 96.244
v 2134.85 -979.299 95.1362
v 2138.47 -976.889 93.9433
v 2142.01 -974.298 92.6606
v 2145.48 -971.514 91.2832
v 2148.87 -968.529 89.8062
v 2152.18 -965.331 88.2243
v 2155.41 -961.911 86.5323
v 2157.73 -959.254 85.2184
v 2160 -956.467 83.8401
v 1872.74 -985.769 89.395
v 1877.3 -988.17 89.966
v 1881.94 -990.355 90.4858
v 1886.67 -992.339 90.958
v 1891.48 -994.137 91.386
v 1896.37 -995.761 91.7728
v 1901.33 -997.225 92.1216
v 1906.36 -998.541 92.4352
v 1911.45 -999.721 92.7163
v 1918.34 -1001.1 93.0451
v 1926.22 -1002.41 93.3584
v 1934.2 -1003.5 93.619
v 1945.01 -1004.66 93.8956
v 1957.35 -1005.62 94.1251
v 1967.43 -1006.18 94.2575
v 1977.59 -1006.56 94.3491
v 1978.29 -1006.29 95.4603
v 1978.96 -1006.06 96.4323
v 1979.6 -1005.86 97.2822
v 1980.28 -1005.67 98.1071
v 1981 -1005.48 98.9053
v 1981.75 -1005.3 99.6753
v 1982.53 -1005.13 100.415
v 1983.34 -1004.96 101.124
v 1984.19 -1004.81 101.8
v 1985.06 -1004.66 102.441
v 1985.96 -1004.52 103.047
v 1986.89 -1004.39 103.616
v 1987.85 -1004.27 104.146
v 1988.82 -1004.16 104.637
v 1989.82 -1004.06 105.087
v 1990.84 -1003.96 105.495
v 1991.88 -1003.88 105.861
v 1992.93 -1003.81 106.182
v 1994 -1003.75 106.459
v 1995.08 -1003.7 106.691
v 1996.16 -1003.65 106.877
v 1997.26 -1003.62 107.017
v 1998.36 -1003.6 107.11
v 1999.18 -1003.59 107.148
v 2001.17 -1003.6 107.135
v 2002.33 -1003.61 107.056
v 2003.49 -1003.64 106.926
v 2004.65 -1003.68 106.743
v 2005.79 -1003.74 106.509
v 2006.92 -1003.8 106.224
v 2008.03 -1003.88 105.89
v 2009.13 -1003.96 105.506
v 2010.21 -1004.06 105.075
v 2011.26 -1004.17 104.597
v 2012.29 -1004.29 104.073
v 2013.29 -1004.42 103.506
v 2014.27 -1004.56 102.896
v 2015.22 -1004.7 102.244
v 2016.13 -1004.86 101.554
v 2017.01 -1005.03 100.826
v 2017.85 -1005.21 100.061
v 2018.66 -1005.4 99.2629
v 2019.44 -1005.59 98.432
v 2020.17 -1005.79 97.5706
v 2020.86 -1006 96.6806
v 2021.51 -1006.22 95.7638
v 2021.97 -1006.39 95.063
v 2022.41 -1006.56 94.3491
v 2048.74 -1005.19 94.0221
v 2061.65 -1003.99 93.7346
v 2075.49 -1002.15 93.2956
v 2085.64 -1000.33 92.8616
v 2094.84 -998.242 92.3638
v 2102.14 -996.222 91.8825
v 2108.57 -994.119 91.3819
v 2114.24 -991.973 90.8709
v 2119.25 -989.815 90.3575
v 2124.17 -987.426 89.7892
v 2128.5 -985.064 89.2273
v 2132.33 -982.753 88.6779
v 2136.08 -980.258 88.0846
v 2139.77 -977.567 87.4449
v 2143.37 -974.669 86.7562
v 2146.89 -971.553 86.0157
v 2150.34 -968.206 85.2206
v 2153.7 -964.617 84.3681
v 2156.89 -960.869 83.4778
v 2160 -956.865 82.527
v 2000 -1003.59 107.161
v 1873.11 -986.677 81.1614
v 1877.69 -989.117 81.1614
v 1882.37 -991.336 81.1614
v 1887.13 -993.351 81.1614
v 1891.97 -995.175 81.1614
v 1896.88 -996.821 81.1614
v 1901.88 -998.305 81.1614
v 1906.94 -999.637 81.1614
v 1913.79 -1001.2 81.1614
v 1921.63 -1002.69 81.1614
v 1929.59 -1003.94 81.1614
v 1940.37 -1005.27 81.1614
v 1952.7 -1006.38 81.1614
v 1963.3 -1007.07 81.1614
v 1977.09 -1006.62 93.4637
v 1976.63 -1006.68 92.5599
v 1976.19 -1006.74 91.6059
v 1975.79 -1006.81 90.6352
v 1975.42 -1006.88 89.6494
v 1975.1 -1006.96 88.6501
v 1974.82 -1007.03 87.639
v 1974.58 -1007.11 86.6177
v 1974.38 -1007.19 85.5878
v 1974.22 -1007.27 84.5511
v 1974.1 -1007.36 83.4593
v 1974.03 -1007.45 82.3113
v 1974 -1007.55 81.1614
v 1872.74 -985.769 72.9277
v 1877.3 -988.17 72.3567
v 1881.94 -990.355 71.8369
v 1886.67 -992.339 71.3647
v 1891.48 -994.137 70.9368
v 1896.37 -995.761 70.5499
v 1901.33 -997.225 70.2011
v 1906.36 -998.541 69.8876
v 1911.45 -999.721 69.6064
v 1918.34 -1001.1 69.2777
v 1926.22 -1002.41 68.9643
v 1934.2 -1003.5 68.7037
v 1945.01 -1004.66 68.4271
v 1957.35 -1005.62 68.1977
v 1974.01 -1007.49 80.5374
v 1974.03 -1007.44 79.9136
v 1974.1 -1007.35 78.8306
v 1974.23 -1007.27 77.7196
v 1974.41 -1007.18 76.582
v 1967.43 -1006.18 68.0653
v 1974.63 -1007.09 75.4531
v 1974.91 -1007.01 74.3349
v 1975.24 -1006.92 73.2297
v 1975.62 -1006.85 72.1396
v 1976.04 -1006.77 71.0669
v 1976.51 -1006.7 70.0135
v 1977.03 -1006.63 68.9818
v 1977.59 -1006.56 67.9736
v 1871.76 -983.173 65.2685
v 1876.24 -985.452 64.1396
v 1880.81 -987.531 63.1099
v 1885.45 -989.421 62.173
v 1890.18 -991.137 61.3223
v 1894.99 -992.691 60.5519
v 1899.86 -994.095 59.8558
v 1904.81 -995.359 59.2286
v 1909.82 -996.495 58.665
v 1916.6 -997.826 58.004
v 1924.34 -999.099 57.3716
v 1932.2 -1000.16 56.8433
v 1942.84 -1001.3 56.279
v 1954.99 -1002.25 55.8061
v 1971.42 -1003.08 55.3928
v 1978.18 -1006.33 67.0157
v 1977.88 -1006.44 67.4917
v 1978.63 -1006.17 66.3537
v 1979.09 -1006.02 65.7044
v 1979.58 -1005.87 65.0686
v 1980.08 -1005.72 64.4468
v 1980.61 -1005.58 63.8398
v 1981.16 -1005.44 63.2482
v 1981.72 -1005.3 62.6728
v 1982.3 -1005.17 62.1141
v 1982.9 -1005.05 61.5727
v 1983.52 -1004.93 61.0495
v 1984.16 -1004.81 60.5448
v 1984.81 -1004.7 60.0595
v 1985.48 -1004.59 59.5941
v 1986.16 -1004.49 59.1491
v 1990.1 -1003.53 55.1683
v 1990.55 -1003.99 56.9389
v 1989.79 -1004.06 57.25
v 1989.04 -1004.14 57.5847
v 1988.3 -1004.22 57.9424
v 1987.57 -1004.3 58.3227
v 1986.86 -1004.4 58.7251
v 1991.32 -1003.93 56.6517
v 1992.11 -1003.87 56.3889
v 1992.9 -1003.81 56.1507
v 1993.69 -1003.76 55.9376
v 1994.5 -1003.72 55.7498
v 1995.31 -1003.69 55.5877
v 1996.13 -1003.66 55.4513
v 1996.95 -1003.63 55.341
v 1997.77 -1003.61 55.2569
v 1998.6 -1003.6 55.1991
v 1999.43 -1003.59 55.1676
v 2015.1 -1003.45 55.2078
v 2009.16 -1003.97 56.8275
v 2008.12 -1003.88 56.4623
v 2007.07 -1003.81 56.1407
v 2006 -1003.75 55.8637
v 2005.19 -1003.71 55.6856
v 2004.38 -1003.67 55.5331
v 2003.56 -1003.65 55.4066
v 2002.74 -1003.62 55.3062
v 2001.91 -1003.61 55.232
v 2001.09 -1003.6 55.1841
v 2019.72 -1005.67 64.2156
v 2019 -1005.48 63.4174
v 2018.25 -1005.3 62.6475
v 2017.47 -1005.13 61.9074
v 2016.66 -1004.96 61.1987
v 2015.81 -1004.81 60.5228
v 2014.94 -1004.66 59.8812
v 2014.04 -1004.52 59.2754
v 2013.11 -1004.39 58.7067
v 2012.15 -1004.27 58.1763
v 2011.18 -1004.16 57.6856
v 2010.18 -1004.06 57.2357
v 2042.97 -1002.38 55.7418
v 2048.74 -1005.19 68.3007
v 2022.41 -1006.56 67.9736
v 2021.71 -1006.29 66.8624
v 2021.04 -1006.06 65.8905
v 2020.4 -1005.86 65.0405
v 2060.88 -1000.93 56.4589
v 2061.65 -1003.99 68.5881
v 2074.03 -999.337 57.2535
v 2075.49 -1002.15 69.0272
v 2084.75 -997.578 58.127
v 2085.64 -1000.33 69.4612
v 2093.5 -995.759 59.0303
v 2094.84 -998.242 69.959
v 2100.64 -993.958 59.9235
v 2102.14 -996.222 70.4402
v 2106.94 -992.089 60.8504
v 2108.57 -994.119 70.9408
v 2112.51 -990.185 61.7946
v 2114.24 -991.973 71.4518
v 2117.43 -988.274 62.7415
v 2119.25 -989.815 71.9652
v 2122.26 -986.162 63.7881
v 2124.17 -987.426 72.5335
v 2126.99 -983.832 64.942
v 2128.5 -985.064 73.0955
v 2131.17 -981.537 66.0787
v 2132.33 -982.753 73.6449
v 2134.85 -979.299 67.1866
v 2136.08 -980.258 74.2381
v 2138.47 -976.889 68.3795
v 2139.77 -977.567 74.8778
v 2142.01 -974.298 69.6622
v 2143.37 -974.669 75.5666
v 2145.48 -971.514 71.0395
v 2146.89 -971.553 76.3071
v 2148.87 -968.529 72.5165
v 2150.34 -968.206 77.1021
v 2152.18 -965.331 74.0984
v 2153.7 -964.617 77.9546
v 2155.41 -961.911 75.7905
v 2156.89 -960.869 78.845
v 2157.73 -959.254 77.1043
v 2160 -956.865 79.7957
v 2160 -956.467 78.4826
v 2000.26 -1003.59 55.1626
v 1870.01 -978.986 58.7825
v 1873.93 -980.878 57.2714
v 1877.93 -982.622 55.8772
v 1881.99 -984.229 54.593
v 1886.12 -985.706 53.4123
v 1890.31 -987.061 52.3286
v 1894.56 -988.303 51.3359
v 1898.86 -989.437 50.4283
v 1903.22 -990.472 49.6002
v 1909.12 -991.708 48.6106
v 1915.85 -992.92 47.6401
v 1922.69 -993.961 46.8057
v 1929.62 -994.851 46.0928
v 1938.98 -995.828 45.3087
v 1949.67 -996.682 44.6227
v 1964.13 -997.487 43.9766
v 1980.59 -998.018 43.5491
v 2002.7 -998.221 43.3857
v 2027.52 -997.801 43.7235
v 2049.56 -996.734 44.5811
v 2065.3 -995.41 45.6441
v 2078.14 -993.845 46.8989
v 2088.3 -992.197 48.2193
v 2096.36 -990.566 49.525
v 2103.47 -988.839 50.9071
v 2109.73 -987.049 52.3388
v 2115.27 -985.227 53.7952
v 2120.15 -983.402 55.2542
v 2124.47 -981.597 56.6966
v 2128.7 -979.627 58.2703
v 2132.86 -977.482 59.9839
v 2136.92 -975.15 61.8464
v 2140.51 -972.881 63.6576
v 2143.67 -970.695 65.4032
v 2146.78 -968.364 67.2635
v 2149.81 -965.882 69.2441
v 2152.79 -963.243 71.3506
v 2155.69 -960.438 73.5886
v 2157.87 -958.181 75.3891
v 2160 -955.82 77.2724
v 1868.65 -974.053 53.3922
v 1872.48 -975.68 51.4474
v 1876.38 -977.184 49.6494
v 1880.34 -978.571 47.9899
v 1884.37 -979.85 46.4607
v 1888.46 -981.025 45.0541
v 1892.61 -982.104 43.7626
v 1896.82 -983.093 42.5789
v 1901.08 -983.997 41.4961
v 1905.39 -984.822 40.5077
v 1911.21 -985.809 39.3258
v 1917.86 -986.777 38.1657
v 1924.61 -987.609 37.1675
v 1933.73 -988.533 36.059
v 1944.16 -989.352 35.0747
v 1954.73 -989.975 34.3264
v 1969 -990.551 33.6339
v 1990.65 -990.972 33.1266
v 2015.11 -990.906 33.2055
v 2039.37 -990.246 34.0002
v 2058.66 -989.152 35.3148
v 2072.81 -987.892 36.8277
v 2083.2 -986.633 38.3384
v 2091.68 -985.336 39.8921
v 2099.16 -983.948 41.5548
v 2105.77 -982.497 43.2927
v 2111.6 -981.009 45.0741
v 2116.75 -979.508 46.8701
v 2121.29 -978.015 48.6556
v 2125.76 -976.378 50.6134
v 2130.14 -974.586 52.7553
v 2134 -972.833 54.8511
v 2137.42 -971.134 56.8814
v 2140.77 -969.315 59.0557
v 2144.05 -967.368 61.3814
v 2147.27 -965.288 63.8661
v 2150.42 -963.068 66.5176
v 2153.49 -960.701 69.344
v 2156.5 -958.181 72.3534
v 2158.26 -956.595 74.2472
v 2160 -954.95 76.2116
v 1867.45 -968.472 49.2717
v 1871.2 -969.763 46.9617
v 1875.02 -970.959 44.8225
v 1878.9 -972.064 42.8445
v 1882.84 -973.084 41.0186
v 1886.85 -974.023 39.3358
v 1890.92 -974.888 37.7877
v 1895.04 -975.682 36.3658
v 1899.21 -976.409 35.0624
v 1903.43 -977.074 33.8699
v 1907.71 -977.681 32.7811
v 1913.48 -978.408 31.4787
v 1920.06 -979.12 30.2001
v 1926.73 -979.733 29.0996
v 1935.75 -980.414 27.8772
v 1946.05 -981.017 26.792
v 1959.99 -981.6 25.7441
v 1975.88 -982.007 25.0101
v 1997.25 -982.22 24.6263
v 2021.32 -982.056 24.9232
v 2045.13 -981.414 26.0792
v 2062.14 -980.551 27.6299
v 2074.63 -979.616 29.3093
v 2084.83 -978.603 31.1288
v 2093.15 -977.565 32.9905
v 2100.49 -976.458 34.9749
v 2106.33 -975.426 36.8227
v 2111.64 -974.353 38.7451
v 2116.86 -973.156 40.8889
v 2121.47 -971.964 43.0229
v 2125.54 -970.792 45.1212
v 2129.54 -969.519 47.3993
v 2133.47 -968.139 49.8681
v 2137.32 -966.645 52.5394
v 2141.09 -965.032 55.425
v 2144.77 -963.291 58.5374
v 2148.37 -961.416 61.8894
v 2151.89 -959.399 65.4942
v 2155.31 -957.233 69.3655
v 2157.68 -955.602 72.2802
v 2160 -953.889 75.3411
v 1866.53 -962.494 46.3895
v 1870.22 -963.391 43.8025
v 1873.98 -964.222 41.4039
v 1877.81 -964.991 39.1832
v 1881.69 -965.702 37.1304
v 1885.63 -966.358 35.2359
v 1889.64 -966.962 33.4904
v 1893.69 -967.518 31.885
v 1897.8 -968.027 30.4109
v 1901.96 -968.495 29.0601
v 1906.17 -968.922 27.8245
v 1911.85 -969.434 26.3435
v 1918.34 -969.938 24.8855
v 1924.91 -970.372 23.6265
v 1931.57 -970.745 22.546
v 1940.56 -971.158 21.3508
v 1950.81 -971.521 20.2974
v 1964.66 -971.866 19.2948
v 1980.41 -972.099 18.6195
v 2001.57 -972.195 18.3393
v 2025.35 -972.031 18.8158
v 2046.49 -971.6 20.067
v 2061.62 -971.066 21.6157
v 2073.99 -970.438 23.4354
v 2083.8 -969.78 25.3418
v 2091.6 -969.131 27.2203
v 2098.5 -968.445 29.2032
v 2104.59 -967.736 31.2521
v 2109.98 -967.017 33.3322
v 2115.27 -966.212 35.6563
v 2119.95 -965.41 37.9737
v 2124.09 -964.619 40.256
v 2128.15 -963.76 42.737
v 2132.14 -962.827 45.4294
v 2136.05 -961.816 48.3462
v 2139.88 -960.723 51.5009
v 2143.62 -959.542 54.9076
v 2147.28 -958.268 58.5806
v 2150.85 -956.897 62.5351
v 2154.33 -955.422 66.7862
v 2157.2 -954.091 70.6236
v 2160 -952.679 74.6942
v 1865.97 -956.296 44.6898
v 1869.63 -956.755 41.9299
v 1873.35 -957.181 39.369
v 1877.13 -957.576 36.9962
v 1880.98 -957.941 34.8011
v 1884.89 -958.278 32.7736
v 1888.85 -958.589 30.9038
v 1892.87 -958.875 29.1825
v 1896.94 -959.138 27.6006
v 1901.06 -959.379 26.1495
v 1905.23 -959.6 24.8209
v 1910.86 -959.864 23.2263
v 1917.29 -960.125 21.6539
v 1923.8 -960.351 20.2934
v 1930.4 -960.545 19.1234
v 1939.31 -960.76 17.8255
v 1949.47 -960.95 16.6766
v 1963.21 -961.132 15.5746
v 1978.84 -961.257 14.8183
v 1999.85 -961.315 14.468
v 2023.48 -961.244 14.9015
v 2044.51 -961.039 16.1364
v 2061.23 -960.748 17.8962
v 2073.18 -960.444 19.7339
v 2082.94 -960.117 21.7061
v 2090.71 -959.794 23.6487
v 2097.57 -959.454 25.6986
v 2103.64 -959.102 27.8163
v 2109.01 -958.745 29.9657
v 2114.28 -958.346 32.3668
v 2118.94 -957.948 34.7606
v 2123.07 -957.556 37.1177
v 2127.12 -957.13 39.6798
v 2131.1 -956.667 42.4598
v 2135.01 -956.166 45.4711
v 2138.83 -955.624 48.7278
v 2142.58 -955.039 52.2442
v 2146.24 -954.407 56.0353
v 2149.81 -953.728 60.1164
v 2153.29 -952.997 64.5034
v 2156.68 -952.212 69.2128
v 2158.35 -951.796 71.7103
v 2160 -951.366 74.2959
v 1865.78 -950 44.1287
v 1869.42 -950 41.3099
v 1873.13 -950 38.6938
v 1876.91 -950 36.2692
v 1880.74 -950 34.0256
v 1884.64 -950 31.9527
v 1888.59 -950 30.0405
v 1892.59 -950 28.2796
v 1896.65 -950 26.6609
v 1900.76 -950 25.1754
v 1904.92 -950 23.8149
v 1909.12 -950 22.5712
v 1914.79 -950 21.0817
v 1921.26 -950 19.6168
v 1927.81 -950 18.3534
v 1936.66 -950 16.9468
v 1946.76 -950 15.6943
v 1957 -950 14.7397
v 1970.79 -950 13.8557
v 1986.46 -950 13.3059
v 2007.44 -950 13.2047
v 2030.95 -950 13.9449
v 2041.65 -950 14.6335
v 2051.8 -950 15.5431
v 2066.7 -950 17.4429
v 2077.64 -950 19.3893
v 2086.59 -950 21.4245
v 2094.49 -950 23.63
v 2100.77 -950 25.7105
v 2106.48 -950 27.8977
v 2112.1 -950 30.36
v 2117.06 -950 32.832
v 2121.45 -950 35.2807
v 2125.76 -950 37.9567
v 2129.98 -950 40.8755
v 2133.72 -950 43.7231
v 2137.02 -950 46.4751
v 2140.26 -950 49.4156
v 2143.44 -950 52.5541
v 2146.56 -950 55.9001
v 2149.61 -950 59.4635
v 2152.6 -950 63.2545
v 2155.52 -950 67.2834
v 2157.78 -950 70.6421
v 2160 -950 74.1614
v 1865.97 -943.704 44.6898
v 1869.63 -943.245 41.9299
v 1873.35 -942.819 39.369
v 1877.13 -942.424 36.9962
v 1880.98 -942.059 34.8011
v 1884.89 -941.722 32.7736
v 1888.85 -941.411 30.9038
v 1892.87 -941.125 29.1825
v 1896.94 -940.862 27.6006
v 1901.06 -940.621 26.1495
v 1905.23 -940.4 24.8209
v 1910.86 -940.136 23.2263
v 1917.29 -939.875 21.6539
v 1923.8 -939.649 20.2934
v 1930.4 -939.455 19.1234
v 1939.31 -939.24 17.8255
v 1949.47 -939.05 16.6766
v 1963.21 -938.868 15.5746
v 1978.84 -938.743 14.8183
v 1999.85 -938.685 14.468
v 2023.48 -938.756 14.9015
v 2044.51 -938.961 16.1364
v 2061.23 -939.252 17.8962
v 2073.18 -939.556 19.7339
v 2082.94 -939.883 21.7061
v 2090.71 -940.206 23.6487
v 2097.57 -940.546 25.6986
v 2103.64 -940.898 27.8163
v 2109.01 -941.255 29.9657
v 2114.28 -941.654 32.3668
v 2118.94 -942.052 34.7606
v 2123.07 -942.444 37.1177
v 2127.12 -942.87 39.6798
v 2131.1 -943.333 42.4598
v 2135.01 -943.834 45.4711
v 2138.83 -944.376 48.7278
v 2142.58 -944.961 52.2442
v 2146.24 -945.593 56.0353
v 2149.81 -946.272 60.1164
v 2153.29 -947.003 64.5034
v 2156.68 -947.788 69.2128
v 2158.35 -948.204 71.7103
v 2160 -948.634 74.2959
v 1866.53 -937.506 46.3895
v 1870.22 -936.609 43.8025
v 1873.98 -935.778 41.4039
v 1877.81 -935.009 39.1832
v 1881.69 -934.298 37.1304
v 1885.63 -933.642 35.2359
v 1889.64 -933.038 33.4904
v 1893.69 -932.482 31.885
v 1897.8 -931.973 30.4109
v 1901.96 -931.505 29.0601
v 1906.17 -931.078 27.8245
v 1911.85 -930.566 26.3435
v 1918.34 -930.062 24.8855
v 1924.91 -929.628 23.6265
v 1931.57 -929.255 22.546
v 1940.56 -928.842 21.3508
v 1950.81 -928.479 20.2974
v 1964.66 -928.134 19.2948
v 1980.41 -927.901 18.6195
v 2001.57 -927.805 18.3393
v 2025.35 -927.969 18.8158
v 2046.49 -928.4 20.067
v 2061.62 -928.934 21.6157
v 2073.99 -929.562 23.4354
v 2083.8 -930.22 25.3418
v 2091.6 -930.869 27.2203
v 2098.5 -931.555 29.2032
v 2104.59 -932.264 31.2521
v 2109.98 -932.983 33.3322
v 2115.27 -933.788 35.6563
v 2119.95 -934.59 37.9737
v 2124.09 -935.381 40.256
v 2128.15 -936.24 42.737
v 2132.14 -937.173 45.4294
v 2136.05 -938.184 48.3462
v 2139.88 -939.277 51.5009
v 2143.62 -940.458 54.9076
v 2147.28 -941.732 58.5806
v 2150.85 -943.103 62.5351
v 2154.33 -944.578 66.7862
v 2157.2 -945.909 70.6236
v 2160 -947.321 74.6942
v 1867.45 -931.528 49.2717
v 1871.2 -930.237 46.9617
v 1875.02 -929.041 44.8225
v 1878.9 -927.936 42.8445
v 1882.84 -926.916 41.0186
v 1886.85 -925.977 39.3358
v 1890.92 -925.112 37.7877
v 1895.04 -924.318 36.3658
v 1899.21 -923.591 35.0624
v 1903.43 -922.926 33.8699
v 1907.71 -922.319 32.7811
v 1913.48 -921.592 31.4787
v 1920.06 -920.88 30.2001
v 1926.73 -920.267 29.0996
v 1935.75 -919.586 27.8772
v 1946.05 -918.983 26.792
v 1959.99 -918.4 25.7441
v 1975.88 -917.993 25.0101
v 1997.25 -917.78 24.6263
v 2021.32 -917.944 24.9232
v 2045.13 -918.586 26.0792
v 2062.14 -919.449 27.6299
v 2074.63 -920.384 29.3093
v 2084.83 -921.397 31.1288
v 2093.15 -922.435 32.9905
v 2100.49 -923.542 34.9749
v 2106.33 -924.574 36.8227
v 2111.64 -925.647 38.7451
v 2116.86 -926.844 40.8889
v 2121.47 -928.036 43.0229
v 2125.54 -929.208 45.1212
v 2129.54 -930.481 47.3993
v 2133.47 -931.861 49.8681
v 2137.32 -933.355 52.5394
v 2141.09 -934.968 55.425
v 2144.77 -936.709 58.5374
v 2148.37 -938.584 61.8894
v 2151.89 -940.601 65.4942
v 2155.31 -942.767 69.3655
v 2157.68 -944.398 72.2802
v 2160 -946.111 75.3411
v 1868.65 -925.947 53.3922
v 1872.48 -924.32 51.4474
v 1876.38 -922.816 49.6494
v 1880.34 -921.429 47.9899
v 1884.37 -920.15 46.4607
v 1888.46 -918.975 45.0541
v 1892.61 -917.896 43.7626
v 1896.82 -916.907 42.5789
v 1901.08 -916.003 41.4961
v 1905.39 -915.178 40.5077
v 1911.21 -914.191 39.3258
v 1917.86 -913.223 38.1657
v 1924.61 -912.391 37.1675
v 1933.73 -911.467 36.059
v 1944.16 -910.648 35.0747
v 1954.73 -910.025 34.3264
v 1969 -909.449 33.6339
v 1990.65 -909.028 33.1266
v 2015.11 -909.094 33.2055
v 2039.37 -909.754 34.0002
v 2058.66 -910.848 35.3148
v 2072.81 -912.108 36.8277
v 2083.2 -913.367 38.3384
v 2091.68 -914.664 39.8921
v 2099.16 -916.052 41.5548
v 2105.77 -917.503 43.2927
v 2111.6 -918.991 45.0741
v 2116.75 -920.492 46.8701
v 2121.29 -921.985 48.6556
v 2125.76 -923.622 50.6134
v 2130.14 -925.414 52.7553
v 2134 -927.167 54.8511
v 2137.42 -928.866 56.8814
v 2140.77 -930.685 59.0557
v 2144.05 -932.632 61.3814
v 2147.27 -934.712 63.8661
v 2150.42 -936.932 66.5176
v 2153.49 -939.299 69.344
v 2156.5 -941.819 72.3534
v 2158.26 -943.405 74.2472
v 2160 -945.05 76.2116
v 1870.01 -921.014 58.7825
v 1873.93 -919.122 57.2714
v 1877.93 -917.378 55.8772
v 1881.99 -915.771 54.593
v 1886.12 -914.294 53.4123
v 1890.31 -912.939 52.3286
v 1894.56 -911.697 51.3359
v 1898.86 -910.563 50.4283
v 1903.22 -909.528 49.6002
v 1909.12 -908.292 48.6106
v 1915.85 -907.08 47.6401
v 1922.69 -906.039 46.8057
v 1929.62 -905.149 46.0928
v 1938.98 -904.172 45.3087
v 1949.67 -903.318 44.6227
v 1964.13 -902.513 43.9766
v 1980.59 -901.982 43.5491
v 2002.7 -901.779 43.3857
v 2027.52 -902.199 43.7235
v 2049.56 -903.266 44.5811
v 2065.3 -904.59 45.6441
v 2078.14 -906.155 46.8989
v 2088.3 -907.803 48.2193
v 2096.36 -909.434 49.525
v 2103.47 -911.161 50.9071
v 2109.73 -912.951 52.3388
v 2115.27 -914.773 53.7952
v 2120.15 -916.598 55.2542
v 2124.47 -918.403 56.6966
v 2128.7 -920.373 58.2703
v 2132.86 -922.518 59.9839
v 2136.92 -924.85 61.8464
v 2140.51 -927.119 63.6576
v 2143.67 -929.305 65.4032
v 2146.78 -931.636 67.2635
v 2149.81 -934.118 69.2441
v 2152.79 -936.757 71.3506
v 2155.69 -939.562 73.5886
v 2157.87 -941.819 75.3891
v 2160 -944.18 77.2724
v 1871.76 -916.827 65.2685
v 1876.24 -914.548 64.1396
v 1880.81 -912.469 63.1099
v 1885.45 -910.579 62.173
v 1890.18 -908.863 61.3223
v 1894.99 -907.309 60.5519
v 1899.86 -905.905 59.8558
v 1904.81 -904.641 59.2286
v 1909.82 -903.505 58.665
v 1916.6 -902.174 58.004
v 1924.34 -900.901 57.3716
v 1932.2 -899.838 56.8433
v 1942.84 -898.704 56.279
v 1954.99 -897.754 55.8061
v 1971.42 -896.924 55.3928
v 1990.1 -896.474 55.1683
v 2015.1 -896.553 55.2078
v 2042.97 -897.625 55.7418
v 2060.88 -899.065 56.4589
v 2074.03 -900.663 57.2535
v 2084.75 -902.422 58.127
v 2093.5 -904.241 59.0303
v 2100.64 -906.042 59.9235
v 2106.94 -907.911 60.8504
v 2112.51 -909.815 61.7946
v 2117.43 -911.726 62.7415
v 2122.26 -913.838 63.7881
v 2126.99 -916.168 64.942
v 2131.17 -918.463 66.0787
v 2134.85 -920.701 67.1866
v 2138.47 -923.111 68.3795
v 2142.01 -925.702 69.6622
v 2145.48 -928.486 71.0395
v 2148.87 -931.471 72.5165
v 2152.18 -934.669 74.0984
v 2155.41 -938.089 75.7905
v 2157.73 -940.746 77.1043
v 2160 -943.533 78.4826
v 1872.74 -914.231 72.9277
v 1877.3 -911.83 72.3567
v 1881.94 -909.645 71.8369
v 1886.67 -907.661 71.3647
v 1891.48 -905.863 70.9368
v 1896.37 -904.239 70.5499
v 1901.33 -902.775 70.2011
v 1906.36 -901.459 69.8876
v 1911.45 -900.279 69.6064
v 1918.34 -898.9 69.2777
v 1926.22 -897.587 68.9643
v 1934.2 -896.495 68.7037
v 1945.01 -895.338 68.4271
v 1957.35 -894.378 68.1977
v 1967.43 -893.825 68.0653
v 1977.59 -893.442 67.9736
v 1978.29 -893.708 66.8624
v 1978.96 -893.939 65.8905
v 1979.6 -894.14 65.0405
v 1980.28 -894.334 64.2156
v 1981 -894.521 63.4174
v 1981.75 -894.701 62.6475
v 1982.53 -894.873 61.9074
v 1983.34 -895.037 61.1987
v 1984.19 -895.193 60.5228
v 1985.06 -895.34 59.8812
v 1985.96 -895.479 59.2754
v 1986.89 -895.609 58.7067
v 1987.85 -895.73 58.1763
v 1988.82 -895.841 57.6856
v 1989.82 -895.943 57.2357
v 1990.84 -896.035 56.8275
v 1991.88 -896.117 56.4623
v 1992.93 -896.19 56.1407
v 1994 -896.252 55.8637
v 1994.81 -896.292 55.6856
v 1995.62 -896.326 55.5331
v 1996.44 -896.354 55.4066
v 1997.26 -896.377 55.3062
v 1998.09 -896.393 55.232
v 1998.91 -896.404 55.1841
v 2007.89 -896.134 56.3889
v 2008.68 -896.075 56.6517
v 2009.45 -896.01 56.9389
v 2010.21 -895.94 57.25
v 2010.96 -895.864 57.5847
v 2011.7 -895.783 57.9424
v 2012.43 -895.696 58.3227
v 2001.4 -896.401 55.1991
v 2002.23 -896.388 55.2569
v 2003.05 -896.369 55.341
v 2003.87 -896.344 55.4513
v 2004.69 -896.314 55.5877
v 2005.5 -896.277 55.7498
v 2006.31 -896.235 55.9376
v 2007.1 -896.187 56.1507
v 2013.14 -895.605 58.7251
v 2013.84 -895.508 59.1491
v 2014.52 -895.406 59.5941
v 2015.19 -895.3 60.0595
v 2015.84 -895.188 60.5448
v 2016.48 -895.072 61.0495
v 2017.1 -894.951 61.5727
v 2017.7 -894.825 62.1141
v 2018.28 -894.695 62.6728
v 2018.84 -894.561 63.2482
v 2019.39 -894.422 63.8398
v 2019.92 -894.28 64.4468
v 2020.42 -894.133 65.0686
v 2020.91 -893.983 65.7044
v 2021.37 -893.829 66.3537
v 2021.82 -893.671 67.0157
v 2022.12 -893.557 67.4917
v 2022.41 -893.442 67.9736
v 2048.74 -894.809 68.3007
v 2061.65 -896.012 68.5881
v 2075.49 -897.85 69.0272
v 2085.64 -899.67 69.4612
v 2094.84 -901.758 69.959
v 2102.14 -903.778 70.4402
v 2108.57 -905.881 70.9408
v 2114.24 -908.027 71.4518
v 2119.25 -910.185 71.9652
v 2124.17 -912.574 72.5335
v 2128.5 -914.936 73.0955
v 2132.33 -917.247 73.6449
v 2136.08 -919.742 74.2381
v 2139.77 -922.433 74.8778
v 2143.37 -925.331 75.5666
v 2146.89 -928.447 76.3071
v 2150.34 -931.794 77.1021
v 2153.7 -935.383 77.9546
v 2156.89 -939.131 78.845
v 2160 -943.135 79.7957
v 1999.74 -896.409 55.1626
v 2000.57 -896.408 55.1676
v 1873.11 -913.323 81.1614
v 1877.69 -910.883 81.1614
v 1882.37 -908.664 81.1614
v 1887.13 -906.649 81.1614
v 1891.97 -904.825 81.1614
v 1896.88 -903.179 81.1614
v 1901.88 -901.695 81.1614
v 1906.94 -900.363 81.1614
v 1913.79 -898.802 81.1614
v 1921.63 -897.309 81.1614
v 1929.59 -896.063 81.1614
v 1940.37 -894.732 81.1614
v 1952.7 -893.616 81.1614
v 1963.3 -892.932 81.1614
v 1977.09 -893.383 68.859
v 1976.63 -893.321 69.7629
v 1976.19 -893.255 70.7169
v 1975.79 -893.187 71.6876
v 1975.42 -893.116 72.6734
v 1975.1 -893.044 73.6726
v 1974.82 -892.968 74.6838
v 1974.58 -892.891 75.7051
v 1974.38 -892.811 76.7349
v 1974.22 -892.73 77.7716
v 1974.1 -892.642 78.8634
v 1974.03 -892.549 80.0114
v 1974 -892.453 81.1614
v 1872.74 -914.231 89.395
v 1877.3 -911.83 89.966
v 1881.94 -909.645 90.4858
v 1886.67 -907.661 90.958
v 1891.48 -905.863 91.386
v 1896.37 -904.239 91.7728
v 1901.33 -902.775 92.1216
v 1906.36 -901.459 92.4352
v 1911.45 -900.279 92.7163
v 1918.34 -898.9 93.0451
v 1926.22 -897.587 93.3584
v 1934.2 -896.495 93.619
v 1945.01 -895.338 93.8956
v 1957.35 -894.378 94.1251
v 1974.01 -892.505 81.7854
v 1974.03 -892.557 82.4091
v 1974.1 -892.645 83.4921
v 1974.23 -892.734 84.6032
v 1974.41 -892.823 85.7407
v 1967.43 -893.825 94.2575
v 1974.63 -892.91 86.8697
v 1974.91 -892.994 87.9878
v 1975.24 -893.076 89.093
v 1975.62 -893.155 90.1831
v 1976.04 -893.231 91.2559
v 1976.51 -893.304 92.3092
v 1977.03 -893.374 93.341
v 1977.59 -893.442 94.3491
v 1871.76 -916.827 97.0542
v 1876.24 -914.548 98.1832
v 1880.81 -912.469 99.2128
v 1885.45 -910.579 100.15
v 1890.18 -908.863 101
v 1894.99 -907.309 101.771
v 1899.86 -905.905 102.467
v 1904.81 -904.641 103.094
v 1909.82 -903.505 103.658
v 1916.6 -902.174 104.319
v 1924.34 -900.901 104.951
v 1932.2 -899.838 105.479
v 1942.84 -898.704 106.044
v 1954.99 -897.754 106.517
v 1971.42 -896.924 106.93
v 1978.03 -893.613 95.063
v 1978.49 -893.78 95.7638
v 1979.14 -893.998 96.6806
v 1979.83 -894.208 97.5706
v 1980.56 -894.411 98.432
v 1981.34 -894.605 99.2629
v 1982.15 -894.791 100.061
v 1982.99 -894.968 100.826
v 1983.87 -895.136 101.554
v 1984.78 -895.295 102.244
v 1985.73 -895.444 102.896
v 1990.1 -896.474 107.154
v 1990.87 -896.037 105.506
v 1989.79 -895.94 105.075
v 1988.74 -895.832 104.597
v 1987.71 -895.713 104.073
v 1986.71 -895.584 103.506
v 1991.97 -896.124 105.89
v 1993.08 -896.199 106.224
v 1994.21 -896.263 106.509
v 1995.35 -896.315 106.743
v 1996.51 -896.356 106.926
v 1997.67 -896.386 107.056
v 1998.83 -896.403 107.135
v 2015.1 -896.553 107.115
v 2009.16 -896.035 105.495
v 2008.12 -896.117 105.861
v 2007.07 -896.19 106.182
v 2006 -896.252 106.459
v 2004.92 -896.304 106.691
v 2003.84 -896.346 106.877
v 2002.74 -896.377 107.017
v 2001.64 -896.398 107.11
v 2019.72 -894.334 98.1071
v 2019 -894.521 98.9053
v 2018.25 -894.701 99.6753
v 2017.47 -894.873 100.415
v 2016.66 -895.037 101.124
v 2015.81 -895.193 101.8
v 2014.94 -895.34 102.441
v 2014.04 -895.479 103.047
v 2013.11 -895.609 103.616
v 2012.15 -895.73 104.146
v 2011.18 -895.841 104.637
v 2010.18 -895.943 105.087
v 2042.97 -897.625 106.581
v 2048.74 -894.809 94.0221
v 2022.41 -893.442 94.3491
v 2021.71 -893.708 95.4603
v 2021.04 -893.939 96.4323
v 2020.4 -894.14 97.2822
v 2060.88 -899.065 105.864
v 2061.65 -896.012 93.7346
v 2074.03 -900.663 105.069
v 2075.49 -897.85 93.2956
v 2084.75 -902.422 104.196
v 2085.64 -899.67 92.8616
v 2093.5 -904.241 103.292
v 2094.84 -901.758 92.3638
v 2100.64 -906.042 102.399
v 2102.14 -903.778 91.8825
v 2106.94 -907.911 101.472
v 2108.57 -905.881 91.3819
v 2112.51 -909.815 100.528
v 2114.24 -908.027 90.8709
v 2117.43 -911.726 99.5812
v 2119.25 -910.185 90.3575
v 2122.26 -913.838 98.5346
v 2124.17 -912.574 89.7892
v 2126.99 -916.168 97.3807
v 2128.5 -914.936 89.2273
v 2131.17 -918.463 96.244
v 2132.33 -917.247 88.6779
v 2134.85 -920.701 95.1362
v 2136.08 -919.742 88.0846
v 2138.47 -923.111 93.9433
v 2139.77 -922.433 87.4449
v 2142.01 -925.702 92.6606
v 2143.37 -925.331 86.7562
v 2145.48 -928.486 91.2832
v 2146.89 -928.447 86.0157
v 2148.87 -931.471 89.8062
v 2150.34 -931.794 85.2206
v 2152.18 -934.669 88.2243
v 2153.7 -935.383 84.3681
v 2155.41 -938.089 86.5323
v 2156.89 -939.131 83.4778
v 2157.73 -940.746 85.2184
v 2160 -943.135 82.527
v 2160 -943.533 83.8401
v 2000 -896.409 107.161
v 2000.82 -896.406 107.148
v 1870.01 -921.014 103.54
v 1873.93 -919.122 105.051
v 1877.93 -917.378 106.446
v 1881.99 -915.771 107.73
v 1886.12 -914.294 108.91
v 1890.31 -912.939 109.994
v 1894.56 -911.697 110.987
v 1898.86 -910.563 111.894
v 1903.22 -909.528 112.723
v 1909.12 -908.292 113.712
v 1915.85 -907.08 114.683
v 1922.69 -906.039 115.517
v 1929.62 -905.149 116.23
v 1938.98 -904.172 117.014
v 1949.67 -903.318 117.7
v 1964.13 -902.513 118.346
v 1980.59 -901.982 118.774
v 2002.7 -901.779 118.937
v 2027.52 -902.199 118.599
v 2049.56 -903.266 117.742
v 2065.3 -904.59 116.679
v 2078.14 -906.155 115.424
v 2088.3 -907.803 114.103
v 2096.36 -909.434 112.798
v 2103.47 -911.161 111.416
v 2109.73 -912.951 109.984
v 2115.27 -914.773 108.528
v 2120.15 -916.598 107.069
v 2124.47 -918.403 105.626
v 2128.7 -920.373 104.052
v 2132.86 -922.518 102.339
v 2136.92 -924.85 100.476
v 2140.51 -927.119 98.6651
v 2143.67 -929.305 96.9196
v 2146.78 -931.636 95.0592
v 2149.81 -934.118 93.0786
v 2152.79 -936.757 90.9722
v 2155.69 -939.562 88.7342
v 2157.87 -941.819 86.9336
v 2160 -944.18 85.0504
v 1868.65 -925.947 108.93
v 1872.48 -924.32 110.875
v 1876.38 -922.816 112.673
v 1880.34 -921.429 114.333
v 1884.37 -920.15 115.862
v 1888.46 -918.975 117.269
v 1892.61 -917.896 118.56
v 1896.82 -916.907 119.744
v 1901.08 -916.003 120.827
v 1905.39 -915.178 121.815
v 1911.21 -914.191 122.997
v 1917.86 -913.223 124.157
v 1924.61 -912.391 125.155
v 1933.73 -911.467 126.264
v 1944.16 -910.648 127.248
v 1954.73 -910.025 127.996
v 1969 -909.449 128.689
v 1990.65 -909.028 129.196
v 2015.11 -909.094 129.117
v 2039.37 -909.754 128.323
v 2058.66 -910.848 127.008
v 2072.81 -912.108 125.495
v 2083.2 -913.367 123.984
v 2091.68 -914.664 122.431
v 2099.16 -916.052 120.768
v 2105.77 -917.503 119.03
v 2111.6 -918.991 117.249
v 2116.75 -920.492 115.453
v 2121.29 -921.985 113.667
v 2125.76 -923.622 111.709
v 2130.14 -925.414 109.567
v 2134 -927.167 107.472
v 2137.42 -928.866 105.441
v 2140.77 -930.685 103.267
v 2144.05 -932.632 100.941
v 2147.27 -934.712 98.4566
v 2150.42 -936.932 95.8051
v 2153.49 -939.299 92.9788
v 2156.5 -941.819 89.9693
v 2158.26 -943.405 88.0755
v 2160 -945.05 86.1111
v 1867.45 -931.528 113.051
v 1871.2 -930.237 115.361
v 1875.02 -929.041 117.5
v 1878.9 -927.936 119.478
v 1882.84 -926.916 121.304
v 1886.85 -925.977 122.987
v 1890.92 -925.112 124.535
v 1895.04 -924.318 125.957
v 1899.21 -923.591 127.26
v 1903.43 -922.926 128.453
v 1907.71 -922.319 129.542
v 1913.48 -921.592 130.844
v 1920.06 -920.88 132.123
v 1926.73 -920.267 133.223
v 1935.75 -919.586 134.446
v 1946.05 -918.983 135.531
v 1959.99 -918.4 136.579
v 1975.88 -917.993 137.313
v 1997.25 -917.78 137.696
v 2021.32 -917.944 137.4
v 2045.13 -918.586 136.244
v 2062.14 -919.449 134.693
v 2074.63 -920.384 133.013
v 2084.83 -921.397 131.194
v 2093.15 -922.435 129.332
v 2100.49 -923.542 127.348
v 2106.33 -924.574 125.5
v 2111.64 -925.647 123.578
v 2116.86 -926.844 121.434
v 2121.47 -928.036 119.3
v 2125.54 -929.208 117.201
v 2129.54 -930.481 114.923
v 2133.47 -931.861 112.455
v 2137.32 -933.355 109.783
v 2141.09 -934.968 106.898
v 2144.77 -936.709 103.785
v 2148.37 -938.584 100.433
v 2151.89 -940.601 96.8285
v 2155.31 -942.767 92.9572
v 2157.68 -944.398 90.0425
v 2160 -946.111 86.9817
v 1866.53 -937.506 115.933
v 1870.22 -936.609 118.52
v 1873.98 -935.778 120.919
v 1877.81 -935.009 123.14
v 1881.69 -934.298 125.192
v 1885.63 -933.642 127.087
v 1889.64 -933.038 128.832
v 1893.69 -932.482 130.438
v 1897.8 -931.973 131.912
v 1901.96 -931.505 133.263
v 1906.17 -931.078 134.498
v 1911.85 -930.566 135.979
v 1918.34 -930.062 137.437
v 1924.91 -929.628 138.696
v 1931.57 -929.255 139.777
v 1940.56 -928.842 140.972
v 1950.81 -928.479 142.025
v 1964.66 -928.134 143.028
v 1980.41 -927.901 143.703
v 2001.57 -927.805 143.983
v 2025.35 -927.969 143.507
v 2046.49 -928.4 142.256
v 2061.62 -928.934 140.707
v 2073.99 -929.562 138.887
v 2083.8 -930.22 136.981
v 2091.6 -930.869 135.102
v 2098.5 -931.555 133.12
v 2104.59 -932.264 131.071
v 2109.98 -932.983 128.991
v 2115.27 -933.788 126.666
v 2119.95 -934.59 124.349
v 2124.09 -935.381 122.067
v 2128.15 -936.24 119.586
v 2132.14 -937.173 116.893
v 2136.05 -938.184 113.977
v 2139.88 -939.277 110.822
v 2143.62 -940.458 107.415
v 2147.28 -941.732 103.742
v 2150.85 -943.103 99.7877
v 2154.33 -944.578 95.5365
v 2157.2 -945.909 91.6992
v 2160 -947.321 87.6285
v 1865.97 -943.704 117.633
v 1869.63 -943.245 120.393
v 1873.35 -942.819 122.954
v 1877.13 -942.424 125.327
v 1880.98 -942.059 127.522
v 1884.89 -941.722 129.549
v 1888.85 -941.411 131.419
v 1892.87 -941.125 133.14
v 1896.94 -940.862 134.722
v 1901.06 -940.621 136.173
v 1905.23 -940.4 137.502
v 1910.86 -940.136 139.096
v 1917.29 -939.875 140.669
v 1923.8 -939.649 142.029
v 1930.4 -939.455 143.199
v 1939.31 -939.24 144.497
v 1949.47 -939.05 145.646
v 1963.21 -938.868 146.748
v 1978.84 -938.743 147.504
v 1999.85 -938.685 147.855
v 2023.48 -938.756 147.421
v 2044.51 -938.961 146.186
v 2061.23 -939.252 144.427
v 2073.18 -939.556 142.589
v 2082.94 -939.883 140.617
v 2090.71 -940.206 138.674
v 2097.57 -940.546 136.624
v 2103.64 -940.898 134.506
v 2109.01 -941.255 132.357
v 2114.28 -941.654 129.956
v 2118.94 -942.052 127.562
v 2123.07 -942.444 125.205
v 2127.12 -942.87 122.643
v 2131.1 -943.333 119.863
v 2135.01 -943.834 116.852
v 2138.83 -944.376 113.595
v 2142.58 -944.961 110.079
v 2146.24 -945.593 106.287
v 2149.81 -946.272 102.206
v 2153.29 -947.003 97.8193
v 2156.68 -947.788 93.1099
v 2158.35 -948.204 90.6124
v 2160 -948.634 88.0269
v 951.895 -1929.68 126.932
v 952.2 -1928.07 130.063
v 935.331 -1759.06 113.667
v 935.574 -1755.85 117.256
v 920.282 -1587.85 101.615
v 920.483 -1583 105.632
v 906.769 -1416.25 90.7939
v 906.951 -1409.77 95.2089
v 894.797 -1244.31 81.2069
v 894.983 -1236.18 85.9902
v 886.711 -1113.08 74.7319
v 887.27 -1109.83 80.0488
v 953.969 -1925.83 133.163
v 937.43 -1751.35 120.769
v 922.44 -1576.22 109.535
v 909.023 -1400.69 99.4809
v 897.187 -1224.79 90.6102
v 890.011 -1104.43 85.2324
v 957.196 -1922.85 136.208
v 940.896 -1745.39 124.177
v 926.151 -1567.25 113.294
v 912.988 -1388.67 103.578
v 901.412 -1209.72 95.0336
v 894.932 -1096.73 90.251
v 961.87 -1919.05 139.163
v 945.964 -1737.77 127.441
v 931.613 -1555.76 116.864
v 918.844 -1373.3 107.452
v 907.661 -1190.43 99.2104
v 902.022 -1086.48 95.0544
v 967.971 -1914.3 141.983
v 952.624 -1728.24 130.508
v 938.821 -1541.4 120.187
v 926.591 -1354.08 111.041
v 915.993 -1167.35 103.116
v 975.474 -1908.45 144.616
v 960.861 -1716.52 133.316
v 947.77 -1523.74 123.193
v 936.231 -1330.43 114.271
v 927.083 -1154.07 107.196
v 984.35 -1901.34 147.003
v 970.661 -1702.28 135.796
v 958.458 -1502.27 125.806
v 947.773 -1301.7 117.058
v 940.189 -1137.81 110.85
v 994.568 -1892.81 149.083
v 982.015 -1685.19 137.875
v 970.893 -1476.51 127.944
v 961.233 -1267.22 119.319
v 955.263 -1118.2 113.988
v 955.592 -1931.07 121.079
v 939.582 -1761.84 106.84
v 925.022 -1592.04 93.8916
v 911.934 -1421.87 82.2515
v 900.321 -1251.36 71.9239
v 892.009 -1113.18 64.5314
v 953.035 -1930.67 123.896
v 936.678 -1761.05 110.149
v 921.806 -1590.85 97.6497
v 908.442 -1420.27 86.4176
v 896.59 -1249.35 76.4563
v 888.304 -1114.2 69.4922
v 443.619 -950 93.7912
v 443.622 -947.714 93.5526
v 440 -948.634 88.0269
v 440 -950 88.1614
v 446.974 -950 98.5034
v 446.98 -946.943 98.1773
v 450.07 -950 102.471
v 450.078 -946.295 102.071
v 453.238 -950 106.192
v 453.248 -945.687 105.723
v 456.474 -950 109.678
v 456.487 -945.117 109.143
v 459.777 -950 112.94
v 459.793 -944.584 112.344
v 463.145 -950 115.988
v 463.164 -944.087 115.335
v 466.576 -950 118.833
v 466.598 -943.622 118.126
v 470.069 -950 121.485
v 470.094 -943.189 120.728
v 473.622 -950 123.955
v 473.65 -942.786 123.151
v 477.231 -950 126.251
v 477.263 -942.411 125.403
v 480.897 -950 128.383
v 480.931 -942.063 127.495
v 484.616 -950 130.36
v 484.654 -941.741 129.433
v 488.387 -950 132.19
v 488.429 -941.443 131.228
v 492.208 -950 133.881
v 492.253 -941.167 132.887
v 496.078 -950 135.443
v 496.126 -940.913 134.418
v 499.993 -950 136.881
v 500.045 -940.678 135.828
v 503.953 -950 138.205
v 504.008 -940.463 137.126
v 509.298 -950 139.802
v 509.358 -940.203 138.692
v 515.396 -950 141.388
v 515.461 -939.945 140.247
v 521.577 -950 142.773
v 521.648 -939.72 141.603
v 527.834 -950 143.974
v 527.911 -939.525 142.781
v 536.287 -950 145.323
v 536.371 -939.306 144.102
v 545.927 -950 146.537
v 546.02 -939.109 145.291
v 558.959 -950 147.735
v 559.064 -938.915 146.464
v 573.808 -950 148.608
v 573.924 -938.774 147.317
v 593.791 -950 149.131
v 593.924 -938.689 147.826
v 616.327 -950 148.951
v 616.477 -938.72 147.644
v 638.685 -950 147.905
v 638.85 -938.89 146.612
v 656.496 -950 146.261
v 656.67 -939.159 144.99
v 669.592 -950 144.416
v 669.773 -939.46 143.171
v 680.29 -950 142.377
v 680.476 -939.793 141.161
v 688.789 -950 140.325
v 688.977 -940.129 139.139
v 696.294 -950 138.126
v 696.484 -940.489 136.971
v 702.922 -950 135.823
v 703.114 -940.865 134.702
v 708.778 -950 133.46
v 708.97 -941.253 132.373
v 713.953 -950 131.074
v 714.146 -941.643 130.022
v 718.529 -950 128.7
v 718.722 -942.032 127.682
v 723.025 -950 126.095
v 723.218 -942.459 125.115
v 727.437 -950 123.242
v 727.63 -942.927 122.304
v 731.334 -950 120.448
v 731.526 -943.385 119.551
v 734.597 -943.779 117.182
v 734.593 -950 117.891
v 443.63 -945.511 92.8449
v 440 -947.321 87.6285
v 446.996 -943.997 97.21
v 450.102 -942.723 100.885
v 453.279 -941.528 104.33
v 456.526 -940.409 107.557
v 459.84 -939.362 110.576
v 463.22 -938.385 113.397
v 466.663 -937.472 116.029
v 470.168 -936.622 118.482
v 473.733 -935.831 120.766
v 477.356 -935.096 122.889
v 481.034 -934.414 124.859
v 484.767 -933.781 126.685
v 488.551 -933.196 128.375
v 492.386 -932.656 129.937
v 496.269 -932.157 131.379
v 500.198 -931.698 132.706
v 504.172 -931.276 133.927
v 509.537 -930.766 135.4
v 515.656 -930.261 136.862
v 521.859 -929.821 138.137
v 528.14 -929.439 139.243
v 536.622 -929.011 140.483
v 546.295 -928.626 141.598
v 559.373 -928.248 142.696
v 574.271 -927.974 143.492
v 594.317 -927.812 143.962
v 616.92 -927.876 143.776
v 639.337 -928.218 142.782
v 657.187 -928.753 141.23
v 670.309 -929.354 139.49
v 681.025 -930.017 137.568
v 689.535 -930.685 135.636
v 697.048 -931.401 133.564
v 703.682 -932.151 131.396
v 709.541 -932.921 129.171
v 714.718 -933.698 126.925
v 719.295 -934.472 124.69
v 723.79 -935.321 122.238
v 728.201 -936.252 119.552
v 732.094 -937.163 116.923
v 734.609 -937.8 115.083
v 443.274 -943.729 91.2375
v 440 -946.111 86.9817
v 446.642 -941.507 95.2093
v 450.101 -939.436 98.911
v 453.649 -937.508 102.356
v 457.283 -935.718 105.558
v 460.999 -934.056 108.53
v 464.797 -932.516 111.283
v 468.673 -931.092 113.831
v 472.623 -929.777 116.184
v 476.647 -928.564 118.354
v 480.741 -927.448 120.352
v 484.902 -926.422 122.188
v 489.127 -925.482 123.872
v 493.415 -924.621 125.414
v 497.762 -923.835 126.823
v 502.166 -923.118 128.108
v 506.624 -922.467 129.276
v 512.647 -921.691 130.668
v 519.525 -920.933 132.027
v 526.502 -920.286 133.188
v 533.568 -919.737 134.175
v 543.115 -919.138 135.251
v 554 -918.621 136.181
v 568.703 -918.147 137.034
v 585.42 -917.854 137.562
v 607.829 -917.799 137.661
v 632.927 -918.189 136.959
v 652.941 -918.932 135.621
v 667.648 -919.824 134.018
v 678.454 -920.734 132.384
v 687.288 -921.683 130.682
v 695.087 -922.708 128.843
v 701.972 -923.79 126.905
v 708.052 -924.906 124.905
v 713.423 -926.038 122.877
v 718.17 -927.169 120.851
v 722.831 -928.416 118.62
v 726.95 -929.642 116.425
v 730.592 -930.837 114.287
v 733.435 -931.849 112.477
v 443.29 -942.005 89.7469
v 440 -945.05 86.1111
v 446.674 -939.164 93.1389
v 450.151 -936.518 96.2991
v 453.717 -934.057 99.2394
v 457.369 -931.77 101.971
v 461.106 -929.649 104.505
v 464.924 -927.685 106.852
v 468.82 -925.869 109.023
v 472.793 -924.193 111.027
v 476.839 -922.648 112.875
v 480.955 -921.226 114.575
v 485.139 -919.921 116.136
v 489.388 -918.725 117.568
v 493.7 -917.63 118.878
v 498.072 -916.631 120.074
v 502.5 -915.721 121.164
v 506.984 -914.893 122.155
v 513.041 -913.909 123.335
v 519.958 -912.95 124.485
v 526.973 -912.131 125.468
v 536.466 -911.23 126.548
v 547.31 -910.442 127.495
v 561.989 -909.698 128.389
v 578.721 -909.2 128.989
v 601.214 -908.988 129.244
v 626.491 -909.321 128.844
v 648.938 -910.22 127.762
v 664.969 -911.353 126.401
v 676.74 -912.547 124.969
v 686.352 -913.818 123.444
v 694.827 -915.217 121.768
v 701.557 -916.551 120.17
v 707.673 -917.966 118.475
v 713.076 -919.403 116.756
v 717.852 -920.84 115.037
v 722.541 -922.424 113.142
v 727.14 -924.166 111.06
v 733.166 -926.772 107.943
v 731.198 -925.877 109.013
v 443.307 -940.581 87.9216
v 440 -944.18 85.0504
v 446.71 -937.225 90.5993
v 450.207 -934.1 93.093
v 453.793 -931.194 95.4122
v 457.467 -928.496 97.566
v 461.226 -925.994 99.5631
v 465.067 -923.678 101.412
v 468.987 -921.538 103.121
v 472.984 -919.564 104.699
v 477.055 -917.745 106.152
v 481.196 -916.073 107.488
v 485.407 -914.538 108.715
v 489.683 -913.132 109.84
v 494.022 -911.846 110.868
v 498.421 -910.674 111.806
v 502.878 -909.606 112.66
v 507.389 -908.636 113.436
v 513.485 -907.484 114.359
v 520.445 -906.361 115.259
v 527.505 -905.404 116.026
v 537.056 -904.354 116.868
v 547.967 -903.437 117.604
v 562.734 -902.576 118.296
v 579.562 -902.005 118.755
v 602.179 -901.777 118.938
v 627.581 -902.2 118.598
v 650.125 -903.304 117.711
v 666.214 -904.685 116.603
v 678.021 -906.139 115.437
v 687.657 -907.687 114.197
v 696.149 -909.388 112.835
v 702.89 -911.01 111.537
v 709.013 -912.731 110.16
v 714.419 -914.478 108.763
v 719.196 -916.224 107.368
v 723.884 -918.148 105.83
v 728.48 -920.264 104.139
v 731.179 -921.625 103.053
v 443.324 -939.514 85.8275
v 440 -943.533 83.8401
v 446.745 -935.769 87.6801
v 450.26 -932.282 89.4049
v 453.866 -929.041 91.0083
v 457.56 -926.033 92.4968
v 461.34 -923.246 93.8764
v 465.203 -920.667 95.1532
v 469.146 -918.284 96.3329
v 473.166 -916.086 97.4211
v 477.26 -914.063 98.4232
v 481.427 -912.204 99.3443
v 485.662 -910.499 100.189
v 489.963 -908.937 100.963
v 494.328 -907.511 101.671
v 498.754 -906.21 102.316
v 503.237 -905.026 102.903
v 509.3 -903.617 103.602
v 516.23 -902.241 104.286
v 523.266 -901.064 104.87
v 532.796 -899.766 105.515
v 543.696 -898.626 106.083
v 558.47 -897.538 106.624
v 575.333 -896.79 106.997
v 598.04 -896.417 107.183
v 623.598 -896.758 107.013
v 648.824 -898.017 106.385
v 665.021 -899.511 105.642
v 678.217 -901.295 104.755
v 687.896 -903.032 103.893
v 695.8 -904.789 103.021
v 702.973 -906.701 102.072
v 709.3 -908.686 101.088
v 714.883 -910.708 100.086
v 719.812 -912.737 99.0803
v 724.166 -914.745 98.0855
v 728.435 -916.935 97.0008
v 443.336 -938.853 83.5437
v 440 -943.135 82.527
v 446.77 -934.864 84.4913
v 450.299 -931.152 85.3732
v 453.919 -927.702 86.1928
v 457.628 -924.501 86.9535
v 461.424 -921.536 87.6583
v 465.303 -918.792 88.3103
v 469.262 -916.259 88.9126
v 473.299 -913.924 89.468
v 477.411 -911.775 89.9792
v 481.595 -909.8 90.449
v 485.849 -907.99 90.8798
v 490.169 -906.333 91.2742
v 494.553 -904.82 91.6345
v 498.998 -903.441 91.963
v 503.501 -902.186 92.2617
v 509.59 -900.694 92.6175
v 516.55 -899.237 92.9647
v 523.617 -897.993 93.2616
v 533.188 -896.622 93.5887
v 544.135 -895.419 93.876
v 558.97 -894.276 94.1494
v 568.251 -893.788 94.2663
v 577.593 -893.442 94.3491
v 579.832 -894.208 97.5706
v 579.14 -893.998 96.6806
v 578.488 -893.78 95.7638
v 578.029 -893.613 95.063
v 580.565 -894.411 98.432
v 581.336 -894.605 99.2629
v 582.145 -894.791 100.061
v 582.991 -894.968 100.826
v 583.871 -895.136 101.554
v 584.785 -895.295 102.244
v 585.73 -895.444 102.896
v 586.706 -895.584 103.506
v 587.71 -895.713 104.073
v 588.74 -895.832 104.597
v 589.795 -895.94 105.075
v 590.871 -896.037 105.506
v 591.968 -896.124 105.89
v 593.082 -896.199 106.224
v 594.211 -896.263 106.509
v 595.354 -896.315 106.743
v 596.506 -896.356 106.926
v 597.666 -896.386 107.056
v 598.832 -896.403 107.135
v 600 -896.409 107.161
v 608.121 -896.117 105.861
v 607.068 -896.19 106.182
v 606.002 -896.252 106.459
v 604.924 -896.304 106.691
v 603.835 -896.346 106.877
v 602.74 -896.377 107.017
v 601.638 -896.398 107.11
v 622.407 -893.442 94.3491
v 621.715 -893.708 95.4603
v 621.043 -893.939 96.4323
v 620.399 -894.14 97.2822
v 619.719 -894.334 98.1071
v 619.004 -894.521 98.9053
v 618.255 -894.701 99.6753
v 617.472 -894.873 100.415
v 616.658 -895.037 101.124
v 615.813 -895.193 101.8
v 614.938 -895.34 102.441
v 614.036 -895.479 103.047
v 613.107 -895.609 103.616
v 612.153 -895.73 104.146
v 611.175 -895.841 104.637
v 610.176 -895.943 105.087
v 609.158 -896.035 105.495
v 648.74 -894.809 94.0221
v 661.65 -896.012 93.7346
v 675.491 -897.85 93.2956
v 685.643 -899.67 92.8616
v 694.842 -901.758 92.3638
v 702.136 -903.778 91.8825
v 708.568 -905.881 91.3819
v 714.244 -908.027 90.8709
v 719.254 -910.185 90.3575
v 724.167 -912.574 89.7892
v 727.975 -914.635 89.2988
v 600.82 -896.406 107.148
v 651.826 -893.982 81.1614
v 625.97 -892.557 82.4091
v 625.895 -892.645 83.4921
v 625.992 -892.505 81.7854
v 626 -892.453 81.1614
v 622.971 -893.374 93.341
v 623.489 -893.304 92.3092
v 623.96 -893.231 91.2559
v 624.385 -893.155 90.1831
v 624.761 -893.076 89.093
v 625.088 -892.994 87.9878
v 625.366 -892.91 86.8697
v 625.594 -892.823 85.7407
v 625.771 -892.734 84.6032
v 664.473 -895.284 81.1614
v 678.023 -897.249 81.1614
v 687.957 -899.176 81.1614
v 696.064 -901.134 81.1614
v 703.418 -903.274 81.1614
v 709.9 -905.503 81.1614
v 715.615 -907.781 81.1614
v 720.657 -910.071 81.1614
v 728.268 -914.113 81.1614
v 725.109 -912.342 81.1614
v 648.74 -894.809 68.3007
v 625.778 -892.73 77.7716
v 625.898 -892.642 78.8634
v 625.62 -892.811 76.7349
v 625.421 -892.891 75.7051
v 625.18 -892.968 74.6838
v 624.898 -893.044 73.6726
v 624.575 -893.116 72.6734
v 624.213 -893.187 71.6876
v 623.81 -893.255 70.7169
v 623.368 -893.321 69.7629
v 622.905 -893.383 68.859
v 622.407 -893.442 67.9736
v 661.65 -896.012 68.5881
v 625.975 -892.549 80.0114
v 675.491 -897.85 69.0272
v 685.643 -899.67 69.4612
v 694.842 -901.758 69.959
v 702.136 -903.778 70.4402
v 708.568 -905.881 70.9408
v 714.244 -908.027 71.4518
v 719.254 -910.185 71.9652
v 724.167 -912.574 72.5335
v 727.975 -914.635 73.024
v 440 -943.135 79.7957
v 443.324 -939.514 76.4953
v 440 -943.533 78.4826
v 443.336 -938.853 78.779
v 446.745 -935.769 74.6426
v 446.77 -934.864 77.8315
v 450.26 -932.282 72.9178
v 450.299 -931.152 76.9496
v 453.866 -929.041 71.3144
v 453.919 -927.702 76.1299
v 457.56 -926.033 69.826
v 457.628 -924.501 75.3693
v 461.34 -923.246 68.4463
v 461.424 -921.536 74.6645
v 465.203 -920.667 67.1695
v 465.303 -918.792 74.0124
v 469.146 -918.284 65.9898
v 469.262 -916.259 73.4101
v 473.166 -916.086 64.9016
v 473.299 -913.924 72.8547
v 477.26 -914.063 63.8996
v 477.411 -911.775 72.3435
v 481.427 -912.204 62.9785
v 481.595 -909.8 71.8738
v 485.662 -910.499 62.1333
v 485.849 -907.99 71.4429
v 489.963 -908.937 61.3594
v 490.169 -906.333 71.0485
v 494.328 -907.511 60.6521
v 494.553 -904.82 70.6882
v 498.754 -906.21 60.0069
v 498.998 -903.441 70.3598
v 503.237 -905.026 59.4198
v 503.501 -902.186 70.061
v 509.3 -903.617 58.7204
v 509.59 -900.694 69.7052
v 516.23 -902.241 58.0372
v 516.55 -899.237 69.358
v 523.266 -901.064 57.4525
v 523.617 -897.993 69.0611
v 532.796 -899.766 56.8075
v 533.188 -896.622 68.734
v 543.696 -898.626 56.2402
v 544.135 -895.419 68.4467
v 558.47 -897.538 55.6989
v 558.97 -894.276 68.1733
v 568.251 -893.788 68.0565
v 575.333 -896.79 55.3262
v 577.593 -893.442 67.9736
v 578.285 -893.708 66.8624
v 578.957 -893.939 65.8905
v 579.601 -894.14 65.0405
v 580.281 -894.334 64.2156
v 580.996 -894.521 63.4174
v 581.745 -894.701 62.6475
v 582.528 -894.873 61.9074
v 583.342 -895.037 61.1987
v 584.187 -895.193 60.5228
v 585.062 -895.34 59.8812
v 585.964 -895.479 59.2754
v 586.893 -895.609 58.7067
v 587.847 -895.73 58.1763
v 588.825 -895.841 57.6856
v 589.824 -895.943 57.2357
v 590.842 -896.035 56.8275
v 591.879 -896.117 56.4623
v 592.931 -896.19 56.1407
v 593.998 -896.252 55.8637
v 594.805 -896.292 55.6856
v 595.619 -896.326 55.5331
v 596.437 -896.354 55.4066
v 598.04 -896.417 55.14
v 597.26 -896.377 55.3062
v 598.085 -896.393 55.232
v 598.913 -896.404 55.1841
v 599.742 -896.409 55.1626
v 623.598 -896.758 55.3099
v 609.448 -896.01 56.9389
v 610.21 -895.94 57.25
v 610.961 -895.864 57.5847
v 611.699 -895.783 57.9424
v 612.426 -895.696 58.3227
v 613.138 -895.605 58.7251
v 613.837 -895.508 59.1491
v 614.521 -895.406 59.5941
v 615.189 -895.3 60.0595
v 615.842 -895.188 60.5448
v 616.478 -895.072 61.0495
v 617.096 -894.951 61.5727
v 617.697 -894.825 62.1141
v 618.28 -894.695 62.6728
v 602.227 -896.388 55.2569
v 603.051 -896.369 55.341
v 603.872 -896.344 55.4513
v 604.689 -896.314 55.5877
v 605.5 -896.277 55.7498
v 606.306 -896.235 55.9376
v 607.104 -896.187 56.1507
v 607.894 -896.134 56.3889
v 608.676 -896.075 56.6517
v 618.845 -894.561 63.2482
v 619.39 -894.422 63.8398
v 619.915 -894.28 64.4468
v 620.421 -894.133 65.0686
v 620.907 -893.983 65.7044
v 621.371 -893.829 66.3537
v 621.815 -893.671 67.0157
v 622.117 -893.557 67.4917
v 648.824 -898.017 55.9373
v 665.021 -899.511 56.6806
v 678.217 -901.295 57.5674
v 687.896 -903.032 58.43
v 695.8 -904.789 59.3018
v 702.973 -906.701 60.2506
v 709.3 -908.686 61.2348
v 714.883 -910.708 62.2372
v 719.812 -912.737 63.2425
v 724.166 -914.745 64.2373
v 728.435 -916.935 65.3219
v 600.571 -896.408 55.1676
v 601.4 -896.401 55.1991
v 443.307 -940.581 74.4011
v 440 -944.18 77.2724
v 446.71 -937.225 71.7235
v 450.207 -934.1 69.2297
v 453.793 -931.194 66.9105
v 457.467 -928.496 64.7568
v 461.226 -925.994 62.7596
v 465.067 -923.678 60.9106
v 468.987 -921.538 59.2014
v 472.984 -919.564 57.624
v 477.055 -917.745 56.1707
v 481.196 -916.073 54.8342
v 485.407 -914.538 53.6073
v 489.683 -913.132 52.4831
v 494.022 -911.846 51.4551
v 498.421 -910.674 50.5169
v 502.878 -909.606 49.6625
v 507.389 -908.636 48.8863
v 513.485 -907.484 47.9633
v 520.445 -906.361 47.0641
v 527.505 -905.404 46.2971
v 537.056 -904.354 45.4548
v 547.967 -903.437 44.719
v 562.734 -902.576 44.0268
v 579.562 -902.005 43.5675
v 602.179 -901.777 43.3847
v 627.581 -902.2 43.725
v 650.125 -903.304 44.6116
v 666.214 -904.685 45.7202
v 678.021 -906.139 46.8858
v 687.657 -907.687 48.1259
v 696.149 -909.388 49.4879
v 702.89 -911.01 50.7862
v 709.013 -912.731 52.1627
v 714.419 -914.478 53.5593
v 719.196 -916.224 54.9552
v 723.884 -918.148 56.4931
v 728.48 -920.264 58.1835
v 731.179 -921.625 59.2702
v 443.29 -942.005 72.5758
v 440 -945.05 76.2116
v 446.674 -939.164 69.1838
v 450.151 -936.518 66.0236
v 453.717 -934.057 63.0834
v 457.369 -931.77 60.3517
v 461.106 -929.649 57.8177
v 464.924 -927.685 55.4704
v 468.82 -925.869 53.2996
v 472.793 -924.193 51.2953
v 476.839 -922.648 49.4478
v 480.955 -921.226 47.7478
v 485.139 -919.921 46.1863
v 489.388 -918.725 44.7547
v 493.7 -917.63 43.4448
v 498.072 -916.631 42.2486
v 502.5 -915.721 41.1585
v 506.984 -914.893 40.1674
v 513.041 -913.909 38.988
v 519.958 -912.95 37.8377
v 526.973 -912.131 36.8552
v 536.466 -911.23 35.7744
v 547.31 -910.442 34.8279
v 561.989 -909.698 33.9334
v 578.721 -909.2 33.3337
v 601.214 -908.988 33.0789
v 626.491 -909.321 33.479
v 648.938 -910.22 34.5609
v 664.969 -911.353 35.9213
v 676.74 -912.547 37.3539
v 686.352 -913.818 38.879
v 694.827 -915.217 40.5548
v 701.557 -916.551 42.1527
v 707.673 -917.966 43.8474
v 713.076 -919.403 45.567
v 717.852 -920.84 47.2861
v 722.541 -922.424 49.1804
v 727.14 -924.166 51.263
v 731.198 -925.877 53.3095
v 733.166 -926.772 54.3794
v 443.274 -943.729 71.0852
v 440 -946.111 75.3411
v 446.642 -941.507 67.1134
v 450.101 -939.436 63.4117
v 453.649 -937.508 59.9665
v 457.283 -935.718 56.7645
v 460.999 -934.056 53.793
v 464.797 -932.516 51.0394
v 468.673 -931.092 48.4917
v 472.623 -929.777 46.1384
v 476.647 -928.564 43.9682
v 480.741 -927.448 41.9704
v 484.902 -926.422 40.1344
v 489.127 -925.482 38.4503
v 493.415 -924.621 36.9084
v 497.762 -923.835 35.4997
v 502.166 -923.118 34.2152
v 506.624 -922.467 33.0465
v 512.647 -921.691 31.6548
v 519.525 -920.933 30.2962
v 526.502 -920.286 29.1343
v 533.568 -919.737 28.1476
v 543.115 -919.138 27.0714
v 554 -918.621 26.142
v 568.703 -918.147 25.2883
v 585.42 -917.854 24.7609
v 607.829 -917.799 24.6613
v 632.927 -918.189 25.3632
v 652.941 -918.932 26.7013
v 667.648 -919.824 28.305
v 678.454 -920.734 29.9387
v 687.288 -921.683 31.6408
v 695.087 -922.708 33.4801
v 701.972 -923.79 35.4181
v 708.052 -924.906 37.418
v 713.423 -926.038 39.4458
v 718.17 -927.169 41.4715
v 722.831 -928.416 43.7024
v 726.95 -929.642 45.8981
v 730.592 -930.837 48.0361
v 733.435 -931.849 49.8461
v 443.63 -945.511 69.4778
v 440 -947.321 74.6942
v 446.996 -943.997 65.1128
v 450.102 -942.723 61.438
v 453.279 -941.528 57.9925
v 456.526 -940.409 54.7654
v 459.84 -939.362 51.7466
v 463.22 -938.385 48.9259
v 466.663 -937.472 46.2937
v 470.168 -936.622 43.8404
v 473.733 -935.831 41.5568
v 477.356 -935.096 39.4342
v 481.034 -934.414 37.4639
v 484.767 -933.781 35.6376
v 488.551 -933.196 33.9473
v 492.386 -932.656 32.3853
v 496.269 -932.157 30.944
v 500.198 -931.698 29.6165
v 504.172 -931.276 28.3958
v 509.537 -930.766 26.923
v 515.656 -930.261 25.4608
v 521.859 -929.821 24.1859
v 528.14 -929.439 23.0801
v 536.622 -929.011 21.84
v 546.295 -928.626 20.7247
v 559.373 -928.248 19.6268
v 574.271 -927.974 18.8307
v 594.317 -927.812 18.3609
v 616.92 -927.876 18.547
v 639.337 -928.218 19.5403
v 657.187 -928.753 21.0932
v 670.309 -929.354 22.8328
v 681.025 -930.017 24.7546
v 689.535 -930.685 26.6869
v 697.048 -931.401 28.7584
v 703.682 -932.151 30.9268
v 709.541 -932.921 33.1521
v 714.718 -933.698 35.398
v 719.295 -934.472 37.6328
v 723.79 -935.321 40.0851
v 728.201 -936.252 42.7702
v 732.094 -937.163 45.3993
v 734.609 -937.8 47.2397
v 443.622 -947.714 68.7701
v 440 -948.634 74.2959
v 446.98 -946.943 64.1454
v 450.078 -946.295 60.2515
v 453.248 -945.687 56.5999
v 456.487 -945.117 53.1793
v 459.793 -944.584 49.9789
v 463.164 -944.087 46.988
v 466.598 -943.622 44.1965
v 470.094 -943.189 41.5943
v 473.65 -942.786 39.1717
v 477.263 -942.411 36.9193
v 480.931 -942.063 34.8282
v 484.654 -941.741 32.8895
v 488.429 -941.443 31.0947
v 492.253 -941.167 29.4358
v 496.126 -940.913 27.9048
v 500.045 -940.678 26.4943
v 504.008 -940.463 25.1969
v 509.358 -940.203 23.6311
v 515.461 -939.945 22.0759
v 521.648 -939.72 20.7194
v 527.911 -939.525 19.5421
v 536.371 -939.306 18.221
v 546.02 -939.109 17.0317
v 559.064 -938.915 15.8592
v 573.924 -938.774 15.0061
v 593.924 -938.689 14.4963
v 616.477 -938.72 14.6786
v 638.85 -938.89 15.7111
v 656.67 -939.159 17.3328
v 669.773 -939.46 19.1517
v 680.476 -939.793 21.162
v 688.977 -940.129 23.1837
v 696.484 -940.489 25.3514
v 703.114 -940.865 27.6208
v 708.97 -941.253 29.95
v 714.146 -941.643 32.301
v 718.722 -942.032 34.6404
v 723.218 -942.459 37.2077
v 727.63 -942.927 40.019
v 731.526 -943.385 42.7717
v 734.597 -943.779 45.1405
v 443.619 -950 68.5315
v 440 -950 74.1614
v 446.974 -950 63.8194
v 450.07 -950 59.8516
v 453.238 -950 56.1306
v 456.474 -950 52.6448
v 459.777 -950 49.3832
v 463.145 -950 46.335
v 466.576 -950 43.4897
v 470.069 -950 40.8372
v 473.622 -950 38.3677
v 477.231 -950 36.0716
v 480.897 -950 33.9397
v 484.616 -950 31.963
v 488.387 -950 30.133
v 492.208 -950 28.4413
v 496.078 -950 26.88
v 499.993 -950 25.4414
v 503.953 -950 24.1181
v 509.298 -950 22.5209
v 515.396 -950 20.9343
v 521.577 -950 19.55
v 527.834 -950 18.3486
v 536.287 -950 17
v 545.927 -950 15.7856
v 558.959 -950 14.5876
v 573.808 -950 13.7152
v 593.791 -950 13.1915
v 616.327 -950 13.3722
v 638.685 -950 14.4174
v 656.496 -950 16.0617
v 669.592 -950 17.9067
v 680.29 -950 19.9462
v 688.789 -950 21.9974
v 696.294 -950 24.1969
v 702.922 -950 26.4996
v 708.778 -950 28.8631
v 713.953 -950 31.2487
v 718.529 -950 33.6228
v 723.025 -950 36.2281
v 727.437 -950 39.0811
v 731.334 -950 41.8746
v 734.593 -950 44.4315
v 443.622 -952.286 68.7701
v 440 -951.366 74.2959
v 446.98 -953.057 64.1454
v 450.078 -953.705 60.2515
v 453.248 -954.313 56.5999
v 456.487 -954.883 53.1793
v 459.793 -955.416 49.9789
v 463.164 -955.913 46.988
v 466.598 -956.378 44.1965
v 470.094 -956.811 41.5943
v 473.65 -957.214 39.1717
v 477.263 -957.589 36.9193
v 480.931 -957.937 34.8282
v 484.654 -958.259 32.8895
v 488.429 -958.557 31.0947
v 492.253 -958.833 29.4358
v 496.126 -959.087 27.9048
v 500.045 -959.322 26.4943
v 504.008 -959.537 25.1969
v 509.358 -959.797 23.6311
v 515.461 -960.055 22.0759
v 521.648 -960.28 20.7194
v 527.911 -960.475 19.5421
v 536.371 -960.694 18.221
v 546.02 -960.891 17.0317
v 559.064 -961.085 15.8592
v 573.924 -961.226 15.0061
v 593.924 -961.311 14.4963
v 616.477 -961.28 14.6786
v 638.85 -961.11 15.7111
v 656.67 -960.841 17.3328
v 669.773 -960.54 19.1517
v 680.476 -960.207 21.162
v 688.977 -959.871 23.1837
v 696.484 -959.511 25.3514
v 703.114 -959.135 27.6208
v 708.97 -958.747 29.95
v 714.146 -958.357 32.301
v 718.722 -957.968 34.6404
v 723.218 -957.541 37.2077
v 727.63 -957.073 40.019
v 731.526 -956.615 42.7717
v 734.597 -956.221 45.1405
v 443.63 -954.489 69.4778
v 440 -952.679 74.6942
v 446.996 -956.003 65.1128
v 450.102 -957.277 61.438
v 453.279 -958.472 57.9925
v 456.526 -959.591 54.7654
v 459.84 -960.638 51.7466
v 463.22 -961.615 48.9259
v 466.663 -962.528 46.2937
v 470.168 -963.378 43.8404
v 473.733 -964.169 41.5568
v 477.356 -964.904 39.4342
v 481.034 -965.586 37.4639
v 484.767 -966.219 35.6376
v 488.551 -966.804 33.9473
v 492.386 -967.344 32.3853
v 496.269 -967.843 30.944
v 500.198 -968.302 29.6165
v 504.172 -968.724 28.3958
v 509.537 -969.234 26.923
v 515.656 -969.739 25.4608
v 521.859 -970.179 24.1859
v 528.14 -970.561 23.0801
v 536.622 -970.989 21.84
v 546.295 -971.374 20.7247
v 559.373 -971.752 19.6268
v 574.271 -972.026 18.8307
v 594.317 -972.188 18.3609
v 616.92 -972.124 18.547
v 639.337 -971.782 19.5403
v 657.187 -971.247 21.0932
v 670.309 -970.646 22.8328
v 681.025 -969.983 24.7546
v 689.535 -969.315 26.6869
v 697.048 -968.599 28.7584
v 703.682 -967.849 30.9268
v 709.541 -967.079 33.1521
v 714.718 -966.302 35.398
v 719.295 -965.528 37.6328
v 723.79 -964.679 40.0851
v 728.201 -963.748 42.7702
v 732.094 -962.837 45.3993
v 734.609 -962.2 47.2397
v 443.274 -956.271 71.0852
v 440 -953.889 75.3411
v 446.642 -958.493 67.1134
v 450.101 -960.564 63.4117
v 453.649 -962.492 59.9665
v 457.283 -964.282 56.7645
v 460.999 -965.944 53.793
v 464.797 -967.484 51.0394
v 468.673 -968.908 48.4917
v 472.623 -970.223 46.1384
v 476.647 -971.436 43.9682
v 480.741 -972.552 41.9704
v 484.902 -973.578 40.1344
v 489.127 -974.518 38.4503
v 493.415 -975.379 36.9084
v 497.762 -976.165 35.4997
v 502.166 -976.882 34.2152
v 506.624 -977.533 33.0465
v 512.647 -978.309 31.6548
v 519.525 -979.067 30.2962
v 526.502 -979.714 29.1343
v 533.568 -980.263 28.1476
v 543.115 -980.862 27.0714
v 554 -981.379 26.142
v 568.703 -981.853 25.2883
v 585.42 -982.146 24.7609
v 607.829 -982.201 24.6613
v 632.927 -981.811 25.3632
v 652.941 -981.068 26.7013
v 667.648 -980.176 28.305
v 678.454 -979.266 29.9387
v 687.288 -978.317 31.6408
v 695.087 -977.292 33.4801
v 701.972 -976.21 35.4181
v 708.052 -975.094 37.418
v 713.423 -973.962 39.4458
v 718.17 -972.831 41.4715
v 722.831 -971.584 43.7024
v 726.95 -970.358 45.8981
v 730.592 -969.163 48.0361
v 733.435 -968.151 49.8461
v 443.29 -957.995 72.5758
v 440 -954.95 76.2116
v 446.674 -960.836 69.1838
v 450.151 -963.482 66.0236
v 453.717 -965.943 63.0834
v 457.369 -968.23 60.3517
v 461.106 -970.351 57.8177
v 464.924 -972.315 55.4704
v 468.82 -974.131 53.2996
v 472.793 -975.807 51.2953
v 476.839 -977.352 49.4478
v 480.955 -978.774 47.7478
v 485.139 -980.079 46.1863
v 489.388 -981.275 44.7547
v 493.7 -982.37 43.4448
v 498.072 -983.369 42.2486
v 502.5 -984.279 41.1585
v 506.984 -985.107 40.1674
v 513.041 -986.091 38.988
v 519.958 -987.05 37.8377
v 526.973 -987.869 36.8552
v 536.466 -988.77 35.7744
v 547.31 -989.558 34.8279
v 561.989 -990.302 33.9334
v 578.721 -990.8 33.3337
v 601.214 -991.012 33.0789
v 626.491 -990.679 33.479
v 648.938 -989.78 34.5609
v 664.969 -988.647 35.9213
v 676.74 -987.453 37.3539
v 686.352 -986.182 38.879
v 694.827 -984.783 40.5548
v 701.557 -983.449 42.1527
v 707.673 -982.034 43.8474
v 713.076 -980.597 45.567
v 717.852 -979.16 47.2861
v 722.541 -977.576 49.1804
v 727.14 -975.834 51.263
v 733.166 -973.228 54.3794
v 731.198 -974.123 53.3095
v 443.307 -959.419 74.4011
v 440 -955.82 77.2724
v 446.71 -962.775 71.7235
v 450.207 -965.9 69.2297
v 453.793 -968.806 66.9105
v 457.467 -971.504 64.7568
v 461.226 -974.006 62.7596
v 465.067 -976.322 60.9106
v 468.987 -978.462 59.2014
v 472.984 -980.436 57.624
v 477.055 -982.255 56.1707
v 481.196 -983.927 54.8342
v 485.407 -985.462 53.6073
v 489.683 -986.868 52.4831
v 494.022 -988.154 51.4551
v 498.421 -989.326 50.5169
v 502.878 -990.394 49.6625
v 507.389 -991.364 48.8863
v 513.485 -992.516 47.9633
v 520.445 -993.639 47.0641
v 527.505 -994.596 46.2971
v 537.056 -995.646 45.4548
v 547.967 -996.563 44.719
v 562.734 -997.424 44.0268
v 579.562 -997.995 43.5675
v 602.179 -998.223 43.3847
v 627.581 -997.8 43.725
v 650.125 -996.696 44.6116
v 666.214 -995.315 45.7202
v 678.021 -993.861 46.8858
v 687.657 -992.313 48.1259
v 696.149 -990.612 49.4879
v 702.89 -988.99 50.7862
v 709.013 -987.269 52.1627
v 714.419 -985.522 53.5593
v 719.196 -983.776 54.9552
v 723.884 -981.852 56.4931
v 728.48 -979.736 58.1835
v 731.179 -978.375 59.2702
v 443.324 -960.486 76.4953
v 440 -956.467 78.4826
v 446.745 -964.231 74.6426
v 450.26 -967.718 72.9178
v 453.866 -970.959 71.3144
v 457.56 -973.967 69.826
v 461.34 -976.754 68.4463
v 465.203 -979.333 67.1695
v 469.146 -981.716 65.9898
v 473.166 -983.914 64.9016
v 477.26 -985.937 63.8996
v 481.427 -987.796 62.9785
v 485.662 -989.501 62.1333
v 489.963 -991.063 61.3594
v 494.328 -992.489 60.6521
v 498.754 -993.79 60.0069
v 503.237 -994.974 59.4198
v 509.3 -996.383 58.7204
v 516.23 -997.759 58.0372
v 523.266 -998.936 57.4525
v 532.796 -1000.23 56.8075
v 543.696 -1001.37 56.2402
v 558.47 -1002.46 55.6989
v 575.333 -1003.21 55.3262
v 598.04 -1003.58 55.14
v 623.598 -1003.24 55.3099
v 648.824 -1001.98 55.9373
v 665.021 -1000.49 56.6806
v 678.217 -998.705 57.5674
v 687.896 -996.968 58.43
v 695.8 -995.211 59.3018
v 702.973 -993.299 60.2506
v 709.3 -991.314 61.2348
v 714.883 -989.292 62.2372
v 719.812 -987.263 63.2425
v 724.166 -985.255 64.2373
v 728.435 -983.065 65.3219
v 443.336 -961.147 78.779
v 440 -956.865 79.7957
v 446.77 -965.136 77.8315
v 450.299 -968.848 76.9496
v 453.919 -972.298 76.1299
v 457.628 -975.499 75.3693
v 461.424 -978.464 74.6645
v 465.303 -981.208 74.0124
v 469.262 -983.741 73.4101
v 473.299 -986.076 72.8547
v 477.411 -988.225 72.3435
v 481.595 -990.2 71.8738
v 485.849 -992.01 71.4429
v 490.169 -993.667 71.0485
v 494.553 -995.18 70.6882
v 498.998 -996.559 70.3598
v 503.501 -997.814 70.061
v 509.59 -999.306 69.7052
v 516.55 -1000.76 69.358
v 523.617 -1002.01 69.0611
v 533.188 -1003.38 68.734
v 544.135 -1004.58 68.4467
v 558.97 -1005.72 68.1733
v 568.251 -1006.21 68.0565
v 577.593 -1006.56 67.9736
v 580.085 -1005.72 64.4468
v 579.579 -1005.87 65.0686
v 579.093 -1006.02 65.7044
v 578.629 -1006.17 66.3537
v 578.185 -1006.33 67.0157
v 577.883 -1006.44 67.4917
v 580.61 -1005.58 63.8398
v 581.155 -1005.44 63.2482
v 581.72 -1005.3 62.6728
v 582.303 -1005.17 62.1141
v 582.904 -1005.05 61.5727
v 583.522 -1004.93 61.0495
v 584.158 -1004.81 60.5448
v 584.811 -1004.7 60.0595
v 585.479 -1004.59 59.5941
v 586.163 -1004.49 59.1491
v 586.862 -1004.4 58.7251
v 587.574 -1004.3 58.3227
v 588.301 -1004.22 57.9424
v 589.039 -1004.14 57.5847
v 589.79 -1004.06 57.25
v 590.552 -1003.99 56.9389
v 591.324 -1003.93 56.6517
v 592.106 -1003.87 56.3889
v 592.896 -1003.81 56.1507
v 593.694 -1003.76 55.9376
v 594.5 -1003.72 55.7498
v 595.311 -1003.69 55.5877
v 596.128 -1003.66 55.4513
v 597.773 -1003.61 55.2569
v 596.949 -1003.63 55.341
v 598.6 -1003.6 55.1991
v 599.429 -1003.59 55.1676
v 600.258 -1003.59 55.1626
v 608.121 -1003.88 56.4623
v 607.069 -1003.81 56.1407
v 606.002 -1003.75 55.8637
v 605.195 -1003.71 55.6856
v 604.381 -1003.67 55.5331
v 603.563 -1003.65 55.4066
v 602.74 -1003.62 55.3062
v 601.915 -1003.61 55.232
v 622.407 -1006.56 67.9736
v 621.715 -1006.29 66.8624
v 621.043 -1006.06 65.8905
v 620.399 -1005.86 65.0405
v 619.719 -1005.67 64.2156
v 619.004 -1005.48 63.4174
v 618.255 -1005.3 62.6475
v 617.472 -1005.13 61.9074
v 616.658 -1004.96 61.1987
v 615.813 -1004.81 60.5228
v 614.938 -1004.66 59.8812
v 614.036 -1004.52 59.2754
v 613.107 -1004.39 58.7067
v 612.153 -1004.27 58.1763
v 611.175 -1004.16 57.6856
v 610.176 -1004.06 57.2357
v 609.158 -1003.97 56.8275
v 648.74 -1005.19 68.3007
v 661.65 -1003.99 68.5881
v 675.491 -1002.15 69.0272
v 685.643 -1000.33 69.4612
v 694.842 -998.242 69.959
v 702.136 -996.222 70.4402
v 708.568 -994.119 70.9408
v 714.244 -991.973 71.4518
v 719.254 -989.815 71.9652
v 724.167 -987.426 72.5335
v 727.975 -985.365 73.024
v 601.087 -1003.6 55.1841
v 651.826 -1006.02 81.1614
v 625.97 -1007.44 79.9136
v 625.895 -1007.35 78.8306
v 625.992 -1007.49 80.5374
v 626 -1007.55 81.1614
v 622.971 -1006.63 68.9818
v 623.489 -1006.7 70.0135
v 623.96 -1006.77 71.0669
v 624.385 -1006.85 72.1396
v 624.761 -1006.92 73.2297
v 625.088 -1007.01 74.3349
v 625.366 -1007.09 75.4531
v 625.594 -1007.18 76.582
v 625.771 -1007.27 77.7196
v 664.473 -1004.72 81.1614
v 678.023 -1002.75 81.1614
v 687.957 -1000.82 81.1614
v 696.064 -998.866 81.1614
v 703.418 -996.726 81.1614
v 709.9 -994.497 81.1614
v 715.615 -992.219 81.1614
v 720.657 -989.929 81.1614
v 728.268 -985.887 81.1614
v 725.109 -987.658 81.1614
v 648.74 -1005.19 94.0221
v 625.778 -1007.27 84.5511
v 625.898 -1007.36 83.4593
v 625.62 -1007.19 85.5878
v 625.421 -1007.11 86.6177
v 625.18 -1007.03 87.639
v 624.898 -1006.96 88.6501
v 624.575 -1006.88 89.6494
v 624.213 -1006.81 90.6352
v 623.81 -1006.74 91.6059
v 623.368 -1006.68 92.5599
v 622.905 -1006.62 93.4637
v 622.407 -1006.56 94.3491
v 661.65 -1003.99 93.7346
v 625.975 -1007.45 82.3113
v 675.491 -1002.15 93.2956
v 685.643 -1000.33 92.8616
v 694.842 -998.242 92.3638
v 702.136 -996.222 91.8825
v 708.568 -994.119 91.3819
v 714.244 -991.973 90.8709
v 719.254 -989.815 90.3575
v 724.167 -987.426 89.7892
v 727.975 -985.365 89.2988
v 440 -956.865 82.527
v 443.324 -960.486 85.8275
v 440 -956.467 83.8401
v 443.336 -961.147 83.5437
v 446.745 -964.231 87.6801
v 446.77 -965.136 84.4913
v 450.26 -967.718 89.4049
v 450.299 -968.848 85.3732
v 453.866 -970.959 91.0083
v 453.919 -972.298 86.1928
v 457.56 -973.967 92.4968
v 457.628 -975.499 86.9535
v 461.34 -976.754 93.8764
v 461.424 -978.464 87.6583
v 465.203 -979.333 95.1532
v 465.303 -981.208 88.3103
v 469.146 -981.716 96.3329
v 469.262 -983.741 88.9126
v 473.166 -983.914 97.4211
v 473.299 -986.076 89.468
v 477.26 -985.937 98.4232
v 477.411 -988.225 89.9792
v 481.427 -987.796 99.3443
v 481.595 -990.2 90.449
v 485.662 -989.501 100.189
v 485.849 -992.01 90.8798
v 489.963 -991.063 100.963
v 490.169 -993.667 91.2742
v 494.328 -992.489 101.671
v 494.553 -995.18 91.6345
v 498.754 -993.79 102.316
v 498.998 -996.559 91.963
v 503.237 -994.974 102.903
v 503.501 -997.814 92.2617
v 509.3 -996.383 103.602
v 509.59 -999.306 92.6175
v 516.23 -997.759 104.286
v 516.55 -1000.76 92.9647
v 523.266 -998.936 104.87
v 523.617 -1002.01 93.2616
v 532.796 -1000.23 105.515
v 533.188 -1003.38 93.5887
v 543.696 -1001.37 106.083
v 544.135 -1004.58 93.876
v 558.47 -1002.46 106.624
v 558.97 -1005.72 94.1494
v 568.251 -1006.21 94.2663
v 575.333 -1003.21 106.997
v 577.593 -1006.56 94.3491
v 578.285 -1006.29 95.4603
v 578.957 -1006.06 96.4323
v 579.601 -1005.86 97.2822
v 580.281 -1005.67 98.1071
v 580.996 -1005.48 98.9053
v 581.745 -1005.3 99.6753
v 582.528 -1005.13 100.415
v 583.342 -1004.96 101.124
v 584.187 -1004.81 101.8
v 585.062 -1004.66 102.441
v 585.964 -1004.52 103.047
v 586.893 -1004.39 103.616
v 587.847 -1004.27 104.146
v 588.825 -1004.16 104.637
v 589.824 -1004.06 105.087
v 590.842 -1003.96 105.495
v 591.879 -1003.88 105.861
v 592.932 -1003.81 106.182
v 593.998 -1003.75 106.459
v 595.076 -1003.7 106.691
v 596.165 -1003.65 106.877
v 598.04 -1003.58 107.183
v 597.26 -1003.62 107.017
v 598.362 -1003.6 107.11
v 599.18 -1003.59 107.148
v 600 -1003.59 107.161
v 623.598 -1003.24 107.013
v 614.27 -1004.56 102.896
v 615.215 -1004.7 102.244
v 616.129 -1004.86 101.554
v 617.009 -1005.03 100.826
v 617.855 -1005.21 100.061
v 618.664 -1005.4 99.2629
v 602.334 -1003.61 107.056
v 603.494 -1003.64 106.926
v 604.646 -1003.68 106.743
v 605.789 -1003.74 106.509
v 606.918 -1003.8 106.224
v 608.032 -1003.88 105.89
v 609.129 -1003.96 105.506
v 610.205 -1004.06 105.075
v 611.26 -1004.17 104.597
v 612.29 -1004.29 104.073
v 613.294 -1004.42 103.506
v 619.435 -1005.59 98.432
v 620.168 -1005.79 97.5706
v 620.86 -1006 96.6806
v 621.512 -1006.22 95.7638
v 621.971 -1006.39 95.063
v 648.824 -1001.98 106.385
v 665.021 -1000.49 105.642
v 678.217 -998.705 104.755
v 687.896 -996.968 103.893
v 695.8 -995.211 103.021
v 702.973 -993.299 102.072
v 709.3 -991.314 101.088
v 714.883 -989.292 100.086
v 719.812 -987.263 99.0803
v 724.166 -985.255 98.0855
v 728.435 -983.065 97.0008
v 601.168 -1003.6 107.135
v 443.307 -959.419 87.9216
v 440 -955.82 85.0504
v 446.71 -962.775 90.5993
v 450.207 -965.9 93.093
v 453.793 -968.806 95.4122
v 457.467 -971.504 97.566
v 461.226 -974.006 99.5631
v 465.067 -976.322 101.412
v 468.987 -978.462 103.121
v 472.984 -980.436 104.699
v 477.055 -982.255 106.152
v 481.196 -983.927 107.488
v 485.407 -985.462 108.715
v 489.683 -986.868 109.84
v 494.022 -988.154 110.868
v 498.421 -989.326 111.806
v 502.878 -990.394 112.66
v 507.389 -991.364 113.436
v 513.485 -992.516 114.359
v 520.445 -993.639 115.259
v 527.505 -994.596 116.026
v 537.056 -995.646 116.868
v 547.967 -996.563 117.604
v 562.734 -997.424 118.296
v 579.562 -997.995 118.755
v 602.179 -998.223 118.938
v 627.581 -997.8 118.598
v 650.125 -996.696 117.711
v 666.214 -995.315 116.603
v 678.021 -993.861 115.437
v 687.657 -992.313 114.197
v 696.149 -990.612 112.835
v 702.89 -988.99 111.537
v 709.013 -987.269 110.16
v 714.419 -985.522 108.763
v 719.196 -983.776 107.368
v 723.884 -981.852 105.83
v 728.48 -979.736 104.139
v 731.179 -978.375 103.053
v 443.29 -957.995 89.7469
v 440 -954.95 86.1111
v 446.674 -960.836 93.1389
v 450.151 -963.482 96.2991
v 453.717 -965.943 99.2394
v 457.369 -968.23 101.971
v 461.106 -970.351 104.505
v 464.924 -972.315 106.852
v 468.82 -974.131 109.023
v 472.793 -975.807 111.027
v 476.839 -977.352 112.875
v 480.955 -978.774 114.575
v 485.139 -980.079 116.136
v 489.388 -981.275 117.568
v 493.7 -982.37 118.878
v 498.072 -983.369 120.074
v 502.5 -984.279 121.164
v 506.984 -985.107 122.155
v 513.041 -986.091 123.335
v 519.958 -987.05 124.485
v 526.973 -987.869 125.468
v 536.466 -988.77 126.548
v 547.31 -989.558 127.495
v 561.989 -990.302 128.389
v 578.721 -990.8 128.989
v 601.214 -991.012 129.244
v 626.491 -990.679 128.844
v 648.938 -989.78 127.762
v 664.969 -988.647 126.401
v 676.74 -987.453 124.969
v 686.352 -986.182 123.444
v 694.827 -984.783 121.768
v 701.557 -983.449 120.17
v 707.673 -982.034 118.475
v 713.076 -980.597 116.756
v 717.852 -979.16 115.037
v 722.541 -977.576 113.142
v 727.14 -975.834 111.06
v 731.198 -974.123 109.013
v 733.166 -973.228 107.943
v 443.274 -956.271 91.2375
v 440 -953.889 86.9817
v 446.642 -958.493 95.2093
v 450.101 -960.564 98.911
v 453.649 -962.492 102.356
v 457.283 -964.282 105.558
v 460.999 -965.944 108.53
v 464.797 -967.484 111.283
v 468.673 -968.908 113.831
v 472.623 -970.223 116.184
v 476.647 -971.436 118.354
v 480.741 -972.552 120.352
v 484.902 -973.578 122.188
v 489.127 -974.518 123.872
v 493.415 -975.379 125.414
v 497.762 -976.165 126.823
v 502.166 -976.882 128.108
v 506.624 -977.533 129.276
v 512.647 -978.309 130.668
v 519.525 -979.067 132.027
v 526.502 -979.714 133.188
v 533.568 -980.263 134.175
v 543.115 -980.862 135.251
v 554 -981.379 136.181
v 568.703 -981.853 137.034
v 585.42 -982.146 137.562
v 607.829 -982.201 137.661
v 632.927 -981.811 136.959
v 652.941 -981.068 135.621
v 667.648 -980.176 134.018
v 678.454 -979.266 132.384
v 687.288 -978.317 130.682
v 695.087 -977.292 128.843
v 701.972 -976.21 126.905
v 708.052 -975.094 124.905
v 713.423 -973.962 122.877
v 718.17 -972.831 120.851
v 722.831 -971.584 118.62
v 726.95 -970.358 116.425
v 730.592 -969.163 114.287
v 733.435 -968.151 112.477
v 443.63 -954.489 92.8449
v 440 -952.679 87.6285
v 446.996 -956.003 97.21
v 450.102 -957.277 100.885
v 453.279 -958.472 104.33
v 456.526 -959.591 107.557
v 459.84 -960.638 110.576
v 463.22 -961.615 113.397
v 466.663 -962.528 116.029
v 470.168 -963.378 118.482
v 473.733 -964.169 120.766
v 477.356 -964.904 122.889
v 481.034 -965.586 124.859
v 484.767 -966.219 126.685
v 488.551 -966.804 128.375
v 492.386 -967.344 129.937
v 496.269 -967.843 131.379
v 500.198 -968.302 132.706
v 504.172 -968.724 133.927
v 509.537 -969.234 135.4
v 515.656 -969.739 136.862
v 521.859 -970.179 138.137
v 528.14 -970.561 139.243
v 536.622 -970.989 140.483
v 546.295 -971.374 141.598
v 559.373 -971.752 142.696
v 574.271 -972.026 143.492
v 594.317 -972.188 143.962
v 616.92 -972.124 143.776
v 639.337 -971.782 142.782
v 657.187 -971.247 141.23
v 670.309 -970.646 139.49
v 681.025 -969.983 137.568
v 689.535 -969.315 135.636
v 697.048 -968.599 133.564
v 703.682 -967.849 131.396
v 709.541 -967.079 129.171
v 714.718 -966.302 126.925
v 719.295 -965.528 124.69
v 723.79 -964.679 122.238
v 728.201 -963.748 119.552
v 732.094 -962.837 116.923
v 734.609 -962.2 115.083
v 443.622 -952.286 93.5526
v 440 -951.366 88.0269
v 446.98 -953.057 98.1773
v 450.078 -953.705 102.071
v 453.248 -954.313 105.723
v 456.487 -954.883 109.143
v 459.793 -955.416 112.344
v 463.164 -955.913 115.335
v 466.598 -956.378 118.126
v 470.094 -956.811 120.728
v 473.65 -957.214 123.151
v 477.263 -957.589 125.403
v 480.931 -957.937 127.495
v 484.654 -958.259 129.433
v 488.429 -958.557 131.228
v 492.253 -958.833 132.887
v 496.126 -959.087 134.418
v 500.045 -959.322 135.828
v 504.008 -959.537 137.126
v 509.358 -959.797 138.692
v 515.461 -960.055 140.247
v 521.648 -960.28 141.603
v 527.911 -960.475 142.781
v 536.371 -960.694 144.102
v 546.02 -960.891 145.291
v 559.064 -961.085 146.464
v 573.924 -961.226 147.317
v 593.924 -961.311 147.826
v 616.477 -961.28 147.644
v 638.85 -961.11 146.612
v 656.67 -960.841 144.99
v 669.773 -960.54 143.171
v 680.476 -960.207 141.161
v 688.977 -959.871 139.139
v 696.484 -959.511 136.971
v 703.114 -959.135 134.702
v 708.97 -958.747 132.373
v 714.146 -958.357 130.022
v 718.722 -957.968 127.682
v 723.218 -957.541 125.115
v 727.63 -957.073 122.304
v 731.526 -956.615 119.551
v 734.597 -956.221 117.182
v 2160 -943 81.1614
v 2160 -957 81.1614
v 2025.97 -1007.45 82.3113
v 2026 -1007.55 81.1614
v 2025.9 -1007.36 83.4593
v 2025.78 -1007.27 84.5511
v 2025.62 -1007.19 85.5878
v 2025.42 -1007.11 86.6177
v 2025.18 -1007.03 87.639
v 2024.9 -1006.96 88.6501
v 2024.58 -1006.88 89.6494
v 2024.21 -1006.81 90.6352
v 2023.81 -1006.74 91.6059
v 2023.37 -1006.68 92.5599
v 2022.91 -1006.62 93.4637
v 2051.83 -1006.02 81.1614
v 2064.47 -1004.72 81.1614
v 2078.02 -1002.75 81.1614
v 2087.96 -1000.82 81.1614
v 2096.06 -998.866 81.1614
v 2103.42 -996.726 81.1614
v 2109.9 -994.497 81.1614
v 2115.61 -992.219 81.1614
v 2120.66 -989.929 81.1614
v 2125.11 -987.658 81.1614
v 2129.48 -985.172 81.1614
v 2133.75 -982.458 81.1614
v 2137.53 -979.808 81.1614
v 2140.85 -977.244 81.1614
v 2144.12 -974.503 81.1614
v 2147.31 -971.575 81.1614
v 2150.44 -968.452 81.1614
v 2153.5 -965.123 81.1614
v 2156.49 -961.579 81.1614
v 2158.26 -959.332 81.1614
v 2000 -1025 107.161
v 2001.3 -1025 107.129
v 2002.59 -1025 107.032
v 2003.88 -1025 106.871
v 2005.15 -1025 106.646
v 2006.42 -1025 106.357
v 2007.66 -1025 106.006
v 2008.89 -1025 105.593
v 2010.1 -1025 105.12
v 2011.28 -1025 104.587
v 2012.43 -1025 103.995
v 2013.56 -1025 103.347
v 2014.65 -1025 102.644
v 2015.7 -1025 101.887
v 2016.71 -1025 101.079
v 2017.68 -1025 100.221
v 2018.61 -1025 99.3155
v 2019.49 -1025 98.3652
v 2020.33 -1025 97.3721
v 2021.11 -1025 96.3387
v 2021.84 -1025 95.2676
v 2022.52 -1025 94.1614
v 2023.14 -1025 93.0228
v 2023.7 -1025 91.8548
v 2024.2 -1025 90.6602
v 2024.65 -1025 89.442
v 2025.03 -1025 88.2032
v 2025.35 -1025 86.9469
v 2025.6 -1025 85.6762
v 2025.8 -1025 84.3943
v 2025.93 -1025 83.1043
v 2025.99 -1025 81.8096
v 2025.99 -1025 80.5132
v 2025.99 -1007.49 80.5374
v 2025.97 -1007.44 79.9136
v 2025.93 -1025 79.2184
v 2025.9 -1007.35 78.8306
v 2025.8 -1025 77.9284
v 2025.77 -1007.27 77.7196
v 2025.6 -1025 76.6465
v 2025.59 -1007.18 76.582
v 2025.35 -1025 75.3758
v 2025.37 -1007.09 75.4531
v 2025.09 -1007.01 74.3349
v 2025.03 -1025 74.1195
v 2024.76 -1006.92 73.2297
v 2024.65 -1025 72.8807
v 2024.38 -1006.85 72.1396
v 2024.2 -1025 71.6625
v 2023.96 -1006.77 71.0669
v 2023.7 -1025 70.4679
v 2023.49 -1006.7 70.0135
v 2023.14 -1025 69.2999
v 2022.97 -1006.63 68.9818
v 2022.52 -1025 68.1614
v 2021.84 -1025 67.0552
v 2021.11 -1025 65.984
v 2020.33 -1025 64.9506
v 2019.49 -1025 63.9575
v 2018.61 -1025 63.0072
v 2017.68 -1025 62.102
v 2016.71 -1025 61.2442
v 2015.7 -1025 60.4359
v 2014.65 -1025 59.6792
v 2013.56 -1025 58.9758
v 2012.43 -1025 58.3276
v 2011.28 -1025 57.7362
v 2010.1 -1025 57.203
v 2008.89 -1025 56.7294
v 2007.66 -1025 56.3165
v 2006.42 -1025 55.9654
v 2005.15 -1025 55.6769
v 2003.88 -1025 55.4518
v 2002.59 -1025 55.2906
v 2001.3 -1025 55.1937
v 2000 -1025 55.1614
v 1998.7 -1025 55.1937
v 1997.41 -1025 55.2906
v 1996.12 -1025 55.4518
v 1994.85 -1025 55.6769
v 1993.58 -1025 55.9654
v 1992.34 -1025 56.3165
v 1991.11 -1025 56.7294
v 1989.9 -1025 57.203
v 1988.72 -1025 57.7362
v 1987.57 -1025 58.3276
v 1986.44 -1025 58.9758
v 1985.35 -1025 59.6792
v 1984.3 -1025 60.4359
v 1983.29 -1025 61.2442
v 1982.32 -1025 62.102
v 1981.39 -1025 63.0072
v 1980.51 -1025 63.9575
v 1979.67 -1025 64.9506
v 1978.89 -1025 65.984
v 1978.16 -1025 67.0552
v 1977.48 -1025 68.1614
v 1976.86 -1025 69.2999
v 1976.3 -1025 70.4679
v 1975.8 -1025 71.6625
v 1975.35 -1025 72.8807
v 1974.97 -1025 74.1195
v 1974.65 -1025 75.3758
v 1974.4 -1025 76.6465
v 1974.2 -1025 77.9284
v 1974.07 -1025 79.2184
v 1974.01 -1025 80.5132
v 1974.01 -1025 81.8096
v 1974.07 -1025 83.1043
v 1974.2 -1025 84.3943
v 1974.4 -1025 85.6762
v 1974.65 -1025 86.9469
v 1974.97 -1025 88.2032
v 1975.35 -1025 89.442
v 1975.8 -1025 90.6602
v 1976.3 -1025 91.8548
v 1976.86 -1025 93.0228
v 1977.48 -1025 94.1614
v 1978.16 -1025 95.2676
v 1978.89 -1025 96.3387
v 1979.67 -1025 97.3721
v 1980.51 -1025 98.3652
v 1981.39 -1025 99.3155
v 1982.32 -1025 100.221
v 1983.29 -1025 101.079
v 1984.3 -1025 101.887
v 1985.35 -1025 102.644
v 1986.44 -1025 103.347
v 1987.57 -1025 103.995
v 1988.72 -1025 104.587
v 1989.9 -1025 105.12
v 1991.11 -1025 105.593
v 1992.34 -1025 106.006
v 1993.58 -1025 106.357
v 1994.85 -1025 106.646
v 1996.12 -1025 106.871
v 1997.41 -1025 107.032
v 1998.7 -1025 107.129
v 2025.97 -892.549 80.0114
v 2026 -892.453 81.1614
v 2025.9 -892.642 78.8634
v 2025.78 -892.73 77.7716
v 2025.62 -892.811 76.7349
v 2025.42 -892.891 75.7051
v 2025.18 -892.968 74.6838
v 2024.9 -893.044 73.6726
v 2024.58 -893.116 72.6734
v 2024.21 -893.187 71.6876
v 2023.81 -893.255 70.7169
v 2023.37 -893.321 69.7629
v 2022.91 -893.383 68.859
v 2051.83 -893.982 81.1614
v 2064.47 -895.284 81.1614
v 2078.02 -897.249 81.1614
v 2087.96 -899.176 81.1614
v 2096.06 -901.134 81.1614
v 2103.42 -903.274 81.1614
v 2109.9 -905.503 81.1614
v 2115.61 -907.781 81.1614
v 2120.66 -910.071 81.1614
v 2125.11 -912.342 81.1614
v 2129.48 -914.828 81.1614
v 2133.75 -917.542 81.1614
v 2137.53 -920.192 81.1614
v 2140.85 -922.756 81.1614
v 2144.12 -925.497 81.1614
v 2147.31 -928.425 81.1614
v 2150.44 -931.548 81.1614
v 2153.5 -934.877 81.1614
v 2156.49 -938.421 81.1614
v 2158.26 -940.668 81.1614
v 2000 -875 107.161
v 2001.3 -875 107.129
v 2002.59 -875 107.032
v 2003.88 -875 106.871
v 2005.15 -875 106.646
v 2006.42 -875 106.357
v 2007.66 -875 106.006
v 2008.89 -875 105.593
v 2010.1 -875 105.12
v 2011.28 -875 104.587
v 2012.43 -875 103.995
v 2013.56 -875 103.347
v 2014.65 -875 102.644
v 2015.7 -875 101.887
v 2016.71 -875 101.079
v 2017.68 -875 100.221
v 2018.61 -875 99.3155
v 2019.49 -875 98.3652
v 2020.33 -875 97.3721
v 2021.11 -875 96.3387
v 2021.84 -875 95.2676
v 2022.52 -875 94.1614
v 2022.97 -893.374 93.341
v 2023.14 -875 93.0228
v 2023.49 -893.304 92.3092
v 2023.7 -875 91.8548
v 2023.96 -893.231 91.2559
v 2024.2 -875 90.6602
v 2024.38 -893.155 90.1831
v 2024.65 -875 89.442
v 2024.76 -893.076 89.093
v 2025.03 -875 88.2032
v 2025.09 -892.994 87.9878
v 2025.35 -875 86.9469
v 2025.37 -892.91 86.8697
v 2025.59 -892.823 85.7407
v 2025.6 -875 85.6762
v 2025.77 -892.734 84.6032
v 2025.8 -875 84.3943
v 2025.9 -892.645 83.4921
v 2025.93 -875 83.1043
v 2025.97 -892.557 82.4091
v 2025.99 -875 81.8096
v 2025.99 -892.505 81.7854
v 2025.99 -875 80.5132
v 2025.93 -875 79.2184
v 2025.8 -875 77.9284
v 2025.6 -875 76.6465
v 2025.35 -875 75.3758
v 2025.03 -875 74.1195
v 2024.65 -875 72.8807
v 2024.2 -875 71.6625
v 2023.7 -875 70.4679
v 2023.14 -875 69.2999
v 2022.52 -875 68.1614
v 2021.84 -875 67.0552
v 2021.11 -875 65.984
v 2020.33 -875 64.9506
v 2019.49 -875 63.9575
v 2018.61 -875 63.0072
v 2017.68 -875 62.102
v 2016.71 -875 61.2442
v 2015.7 -875 60.4359
v 2014.65 -875 59.6792
v 2013.56 -875 58.9758
v 2012.43 -875 58.3276
v 2011.28 -875 57.7362
v 2010.1 -875 57.203
v 2008.89 -875 56.7294
v 2007.66 -875 56.3165
v 2006.42 -875 55.9654
v 2005.15 -875 55.6769
v 2003.88 -875 55.4518
v 2002.59 -875 55.2906
v 2001.3 -875 55.1937
v 2000 -875 55.1614
v 1998.7 -875 55.1937
v 1997.41 -875 55.2906
v 1996.12 -875 55.4518
v 1994.85 -875 55.6769
v 1993.58 -875 55.9654
v 1992.34 -875 56.3165
v 1991.11 -875 56.7294
v 1989.9 -875 57.203
v 1988.72 -875 57.7362
v 1987.57 -875 58.3276
v 1986.44 -875 58.9758
v 1985.35 -875 59.6792
v 1984.3 -875 60.4359
v 1983.29 -875 61.2442
v 1982.32 -875 62.102
v 1981.39 -875 63.0072
v 1980.51 -875 63.9575
v 1979.67 -875 64.9506
v 1978.89 -875 65.984
v 1978.16 -875 67.0552
v 1977.48 -875 68.1614
v 1976.86 -875 69.2999
v 1976.3 -875 70.4679
v 1975.8 -875 71.6625
v 1975.35 -875 72.8807
v 1974.97 -875 74.1195
v 1974.65 -875 75.3758
v 1974.4 -875 76.6465
v 1974.2 -875 77.9284
v 1974.07 -875 79.2184
v 1974.01 -875 80.5132
v 1974.01 -875 81.8096
v 1974.07 -875 83.1043
v 1974.2 -875 84.3943
v 1974.4 -875 85.6762
v 1974.65 -875 86.9469
v 1974.97 -875 88.2032
v 1975.35 -875 89.442
v 1975.8 -875 90.6602
v 1976.3 -875 91.8548
v 1976.86 -875 93.0228
v 1977.48 -875 94.1614
v 1978.16 -875 95.2676
v 1978.89 -875 96.3387
v 1979.67 -875 97.3721
v 1980.51 -875 98.3652
v 1981.39 -875 99.3155
v 1982.32 -875 100.221
v 1983.29 -875 101.079
v 1984.3 -875 101.887
v 1985.35 -875 102.644
v 1986.44 -875 103.347
v 1987.57 -875 103.995
v 1988.72 -875 104.587
v 1989.9 -875 105.12
v 1991.11 -875 105.593
v 1992.34 -875 106.006
v 1993.58 -875 106.357
v 1994.85 -875 106.646
v 1996.12 -875 106.871
v 1997.41 -875 107.032
v 1998.7 -875 107.129
v 440 -943 81.1614
v 440 -957 81.1614
v 443.341 -938.629 81.1614
v 446.78 -934.557 81.1614
v 450.313 -930.768 81.1614
v 453.939 -927.247 81.1614
v 457.654 -923.98 81.1614
v 461.455 -920.954 81.1614
v 465.34 -918.156 81.1614
v 469.305 -915.572 81.1614
v 473.349 -913.19 81.1614
v 477.467 -910.998 81.1614
v 481.658 -908.984 81.1614
v 485.918 -907.138 81.1614
v 490.245 -905.449 81.1614
v 494.636 -903.907 81.1614
v 499.088 -902.501 81.1614
v 503.599 -901.224 81.1614
v 509.698 -899.703 81.1614
v 516.669 -898.22 81.1614
v 523.747 -896.953 81.1614
v 533.333 -895.558 81.1614
v 544.297 -894.335 81.1614
v 559.047 -893.18 81.1614
v 574.008 -892.505 81.7854
v 574 -892.453 81.1614
v 574.03 -892.557 82.4091
v 574.229 -892.734 84.6032
v 574.105 -892.645 83.4921
v 574.406 -892.823 85.7407
v 574.634 -892.91 86.8697
v 574.912 -892.994 87.9878
v 575.239 -893.076 89.093
v 575.615 -893.155 90.1831
v 576.04 -893.231 91.2559
v 576.511 -893.304 92.3092
v 577.029 -893.374 93.341
v 600 -875 107.161
v 601.296 -875 107.129
v 602.589 -875 107.032
v 603.875 -875 106.871
v 605.152 -875 106.646
v 606.416 -875 106.357
v 607.664 -875 106.006
v 608.893 -875 105.593
v 610.099 -875 105.12
v 611.281 -875 104.587
v 612.435 -875 103.995
v 613.557 -875 103.347
v 614.646 -875 102.644
v 615.699 -875 101.887
v 616.712 -875 101.079
v 617.685 -875 100.221
v 618.613 -875 99.3155
v 619.494 -875 98.3652
v 620.328 -875 97.3721
v 621.11 -875 96.3387
v 621.841 -875 95.2676
v 622.517 -875 94.1614
v 623.137 -875 93.0228
v 623.699 -875 91.8548
v 624.203 -875 90.6602
v 624.646 -875 89.442
v 625.028 -875 88.2032
v 625.348 -875 86.9469
v 625.605 -875 85.6762
v 625.798 -875 84.3943
v 625.927 -875 83.1043
v 625.992 -875 81.8096
v 625.992 -875 80.5132
v 625.927 -875 79.2184
v 625.798 -875 77.9284
v 625.605 -875 76.6465
v 625.348 -875 75.3758
v 625.028 -875 74.1195
v 624.646 -875 72.8807
v 624.203 -875 71.6625
v 623.699 -875 70.4679
v 623.137 -875 69.2999
v 622.517 -875 68.1614
v 621.841 -875 67.0552
v 621.11 -875 65.984
v 620.328 -875 64.9506
v 619.494 -875 63.9575
v 618.613 -875 63.0072
v 617.685 -875 62.102
v 616.712 -875 61.2442
v 615.699 -875 60.4359
v 614.646 -875 59.6792
v 613.557 -875 58.9758
v 612.435 -875 58.3276
v 611.281 -875 57.7362
v 610.099 -875 57.203
v 608.893 -875 56.7294
v 607.664 -875 56.3165
v 606.416 -875 55.9654
v 605.152 -875 55.6769
v 603.875 -875 55.4518
v 602.589 -875 55.2906
v 601.296 -875 55.1937
v 600 -875 55.1614
v 598.704 -875 55.1937
v 597.411 -875 55.2906
v 596.125 -875 55.4518
v 594.848 -875 55.6769
v 593.584 -875 55.9654
v 592.336 -875 56.3165
v 591.107 -875 56.7294
v 589.901 -875 57.203
v 588.719 -875 57.7362
v 587.565 -875 58.3276
v 586.443 -875 58.9758
v 585.354 -875 59.6792
v 584.301 -875 60.4359
v 583.288 -875 61.2442
v 582.315 -875 62.102
v 581.387 -875 63.0072
v 580.506 -875 63.9575
v 579.672 -875 64.9506
v 578.89 -875 65.984
v 578.159 -875 67.0552
v 577.483 -875 68.1614
v 577.095 -893.383 68.859
v 576.863 -875 69.2999
v 576.632 -893.321 69.7629
v 576.301 -875 70.4679
v 576.19 -893.255 70.7169
v 575.797 -875 71.6625
v 575.787 -893.187 71.6876
v 575.425 -893.116 72.6734
v 575.354 -875 72.8807
v 575.102 -893.044 73.6726
v 574.972 -875 74.1195
v 574.82 -892.968 74.6838
v 574.652 -875 75.3758
v 574.579 -892.891 75.7051
v 574.395 -875 76.6465
v 574.38 -892.811 76.7349
v 574.222 -892.73 77.7716
v 574.202 -875 77.9284
v 574.102 -892.642 78.8634
v 574.073 -875 79.2184
v 574.025 -892.549 80.0114
v 574.008 -875 80.5132
v 574.008 -875 81.8096
v 574.073 -875 83.1043
v 574.202 -875 84.3943
v 574.395 -875 85.6762
v 574.652 -875 86.9469
v 574.972 -875 88.2032
v 575.354 -875 89.442
v 575.797 -875 90.6602
v 576.301 -875 91.8548
v 576.863 -875 93.0228
v 577.483 -875 94.1614
v 578.159 -875 95.2676
v 578.89 -875 96.3387
v 579.672 -875 97.3721
v 580.506 -875 98.3652
v 581.387 -875 99.3155
v 582.315 -875 100.221
v 583.288 -875 101.079
v 584.301 -875 101.887
v 585.354 -875 102.644
v 586.443 -875 103.347
v 587.565 -875 103.995
v 588.719 -875 104.587
v 589.901 -875 105.12
v 591.107 -875 105.593
v 592.336 -875 106.006
v 593.584 -875 106.357
v 594.848 -875 106.646
v 596.125 -875 106.871
v 597.411 -875 107.032
v 598.704 -875 107.129
v 443.341 -961.371 81.1614
v 446.78 -965.443 81.1614
v 450.313 -969.232 81.1614
v 453.939 -972.753 81.1614
v 457.654 -976.02 81.1614
v 461.455 -979.046 81.1614
v 465.34 -981.844 81.1614
v 469.305 -984.428 81.1614
v 473.349 -986.81 81.1614
v 477.467 -989.002 81.1614
v 481.658 -991.016 81.1614
v 485.918 -992.862 81.1614
v 490.245 -994.551 81.1614
v 494.636 -996.093 81.1614
v 499.088 -997.499 81.1614
v 503.599 -998.776 81.1614
v 509.698 -1000.3 81.1614
v 516.669 -1001.78 81.1614
v 523.747 -1003.05 81.1614
v 533.333 -1004.44 81.1614
v 544.297 -1005.67 81.1614
v 559.047 -1006.82 81.1614
v 574.008 -1007.49 80.5374
v 574 -1007.55 81.1614
v 574.03 -1007.44 79.9136
v 574.229 -1007.27 77.7196
v 574.105 -1007.35 78.8306
v 574.406 -1007.18 76.582
v 574.634 -1007.09 75.4531
v 574.912 -1007.01 74.3349
v 575.239 -1006.92 73.2297
v 575.615 -1006.85 72.1396
v 576.04 -1006.77 71.0669
v 576.511 -1006.7 70.0135
v 577.029 -1006.63 68.9818
v 600 -1025 107.161
v 601.296 -1025 107.129
v 602.589 -1025 107.032
v 603.875 -1025 106.871
v 605.152 -1025 106.646
v 606.416 -1025 106.357
v 607.664 -1025 106.006
v 608.893 -1025 105.593
v 610.099 -1025 105.12
v 611.281 -1025 104.587
v 612.435 -1025 103.995
v 613.557 -1025 103.347
v 614.646 -1025 102.644
v 615.699 -1025 101.887
v 616.712 -1025 101.079
v 617.685 -1025 100.221
v 618.613 -1025 99.3155
v 619.494 -1025 98.3652
v 620.328 -1025 97.3721
v 621.11 -1025 96.3387
v 621.841 -1025 95.2676
v 622.517 -1025 94.1614
v 623.137 -1025 93.0228
v 623.699 -1025 91.8548
v 624.203 -1025 90.6602
v 624.646 -1025 89.442
v 625.028 -1025 88.2032
v 625.348 -1025 86.9469
v 625.605 -1025 85.6762
v 625.798 -1025 84.3943
v 625.927 -1025 83.1043
v 625.992 -1025 81.8096
v 625.992 -1025 80.5132
v 625.927 -1025 79.2184
v 625.798 -1025 77.9284
v 625.605 -1025 76.6465
v 625.348 -1025 75.3758
v 625.028 -1025 74.1195
v 624.646 -1025 72.8807
v 624.203 -1025 71.6625
v 623.699 -1025 70.4679
v 623.137 -1025 69.2999
v 622.517 -1025 68.1614
v 621.841 -1025 67.0552
v 621.11 -1025 65.984
v 620.328 -1025 64.9506
v 619.494 -1025 63.9575
v 618.613 -1025 63.0072
v 617.685 -1025 62.102
v 616.712 -1025 61.2442
v 615.699 -1025 60.4359
v 614.646 -1025 59.6792
v 613.557 -1025 58.9758
v 612.435 -1025 58.3276
v 611.281 -1025 57.7362
v 610.099 -1025 57.203
v 608.893 -1025 56.7294
v 607.664 -1025 56.3165
v 606.416 -1025 55.9654
v 605.152 -1025 55.6769
v 603.875 -1025 55.4518
v 602.589 -1025 55.2906
v 601.296 -1025 55.1937
v 600 -1025 55.1614
v 598.704 -1025 55.1937
v 597.411 -1025 55.2906
v 596.125 -1025 55.4518
v 594.848 -1025 55.6769
v 593.584 -1025 55.9654
v 592.336 -1025 56.3165
v 591.107 -1025 56.7294
v 589.901 -1025 57.203
v 588.719 -1025 57.7362
v 587.565 -1025 58.3276
v 586.443 -1025 58.9758
v 585.354 -1025 59.6792
v 584.301 -1025 60.4359
v 583.288 -1025 61.2442
v 582.315 -1025 62.102
v 581.387 -1025 63.0072
v 580.506 -1025 63.9575
v 579.672 -1025 64.9506
v 578.89 -1025 65.984
v 578.159 -1025 67.0552
v 577.483 -1025 68.1614
v 576.863 -1025 69.2999
v 576.301 -1025 70.4679
v 575.797 -1025 71.6625
v 575.354 -1025 72.8807
v 574.972 -1025 74.1195
v 574.652 -1025 75.3758
v 574.395 -1025 76.6465
v 574.202 -1025 77.9284
v 574.073 -1025 79.2184
v 574.008 -1025 80.5132
v 574.008 -1025 81.8096
v 574.025 -1007.45 82.3113
v 574.073 -1025 83.1043
v 574.102 -1007.36 83.4593
v 574.202 -1025 84.3943
v 574.222 -1007.27 84.5511
v 574.395 -1025 85.6762
v 574.38 -1007.19 85.5878
v 574.579 -1007.11 86.6177
v 574.652 -1025 86.9469
v 574.82 -1007.03 87.639
v 574.972 -1025 88.2032
v 575.102 -1006.96 88.6501
v 575.354 -1025 89.442
v 575.425 -1006.88 89.6494
v 575.797 -1025 90.6602
v 575.787 -1006.81 90.6352
v 576.19 -1006.74 91.6059
v 576.301 -1025 91.8548
v 576.632 -1006.68 92.5599
v 576.863 -1025 93.0228
v 577.095 -1006.62 93.4637
v 577.483 -1025 94.1614
v 578.159 -1025 95.2676
v 578.89 -1025 96.3387
v 579.672 -1025 97.3721
v 580.506 -1025 98.3652
v 581.387 -1025 99.3155
v 582.315 -1025 100.221
v 583.288 -1025 101.079
v 584.301 -1025 101.887
v 585.354 -1025 102.644
v 586.443 -1025 103.347
v 587.565 -1025 103.995
v 588.719 -1025 104.587
v 589.901 -1025 105.12
v 591.107 -1025 105.593
v 592.336 -1025 106.006
v 593.584 -1025 106.357
v 594.848 -1025 106.646
v 596.125 -1025 106.871
v 597.411 -1025 107.032
v 598.704 -1025 107.129
g patch0
f 1 2 3
f 1 3 4
f 5 6 2
f 5 2 1
f 7 8 6
f 7 6 5
f 9 10 8
f 9 8 7
f 11 12 10
f 11 10 9
f 13 14 12
f 13 12 11
f 15 16 14
f 15 14 13
f 17 18 16
f 17 16 15
f 19 20 18
f 19 18 17
f 21 22 20
f 21 20 19
f 23 22 21
f 24 22 23
f 25 26 24
f 25 24 23
f 27 26 25
f 28 26 27
f 29 26 28
f 30 26 29
f 31 26 30
f 31 30 32
f 31 32 33
f 34 31 33
f 35 31 34
f 36 31 35
f 37 31 36
f 37 36 38
f 37 38 39
f 40 37 39
f 41 37 40
f 42 37 41
f 43 37 42
f 43 42 44
f 45 43 44
f 46 43 45
f 47 43 46
f 47 46 48
f 49 47 48
f 50 47 49
f 51 47 50
f 51 50 52
f 53 51 52
f 54 51 53
f 55 51 54
f 56 51 55
f 56 55 57
f 58 56 57
f 59 56 58
f 60 56 59
f 61 60 59
f 62 60 61
f 63 62 61
f 64 62 63
f 65 64 63
f 66 64 65
f 67 66 65
f 68 66 67
f 69 68 67
f 70 71 72
f 73 70 72
f 74 70 73
f 75 74 73
f 76 74 75
f 77 76 75
f 78 76 77
f 79 78 77
f 80 78 79
f 81 80 79
f 82 80 81
f 83 82 81
f 84 82 83
f 85 84 83
f 86 84 85
f 87 86 85
f 88 86 87
f 89 88 87
f 89 90 88
f 91 90 89
f 91 92 90
f 93 92 91
f 93 94 92
f 95 94 93
f 95 96 94
f 97 96 95
f 97 98 96
f 99 98 97
f 99 100 98
f 101 100 99
f 101 102 100
f 103 104 102
f 103 102 101
f 105 106 104
f 105 104 103
f 107 108 106
f 107 106 105
f 109 110 108
f 109 108 107
f 111 112 113
f 111 114 112
f 111 113 115
f 111 115 114
f 116 117 112
f 116 112 114
f 116 118 117
f 116 114 118
f 119 120 117
f 119 117 118
f 119 121 120
f 119 118 121
f 122 123 120
f 122 120 121
f 122 124 123
f 122 121 124
f 125 3 123
f 125 123 124
f 125 4 3
f 125 124 4
f 126 69 127
f 126 128 68
f 126 68 69
f 126 127 128
f 129 127 72
f 129 71 128
f 129 128 127
f 129 72 71
f 8 130 6
f 8 131 130
f 10 131 8
f 10 132 131
f 12 132 10
f 12 133 132
f 14 133 12
f 14 134 133
f 16 134 14
f 16 135 134
f 18 135 16
f 18 136 135
f 20 136 18
f 20 137 136
f 22 137 20
f 22 138 137
f 24 138 22
f 24 139 138
f 26 140 139
f 26 139 24
f 141 140 26
f 31 141 26
f 142 141 31
f 37 142 31
f 143 142 37
f 43 143 37
f 144 143 43
f 47 144 43
f 145 144 47
f 51 145 47
f 146 145 51
f 56 146 51
f 147 146 56
f 60 147 56
f 148 147 60
f 62 148 60
f 149 148 62
f 64 149 62
f 150 149 64
f 66 150 64
f 151 150 66
f 68 151 66
f 152 151 68
f 128 152 68
f 153 152 128
f 70 154 71
f 155 154 70
f 74 155 70
f 156 155 74
f 76 156 74
f 157 156 76
f 78 157 76
f 158 157 78
f 80 158 78
f 159 158 80
f 82 159 80
f 160 159 82
f 84 160 82
f 161 160 84
f 86 161 84
f 162 161 86
f 88 162 86
f 163 162 88
f 90 163 88
f 164 163 90
f 92 164 90
f 92 165 164
f 94 165 92
f 94 166 165
f 96 166 94
f 96 167 166
f 98 167 96
f 98 168 167
f 100 168 98
f 100 169 168
f 102 169 100
f 102 170 169
f 104 170 102
f 104 171 170
f 106 172 171
f 106 171 104
f 108 173 172
f 108 172 106
f 110 173 108
f 174 175 113
f 174 113 112
f 174 112 176
f 174 176 175
f 177 112 117
f 177 176 112
f 177 117 178
f 177 178 176
f 179 117 120
f 179 178 117
f 179 120 180
f 179 180 178
f 181 120 123
f 181 180 120
f 181 123 182
f 181 182 180
f 183 123 3
f 183 182 123
f 183 3 184
f 183 184 182
f 185 3 2
f 185 184 3
f 185 2 186
f 185 186 184
f 187 2 6
f 187 186 2
f 187 6 130
f 187 130 186
f 188 153 128
f 188 71 154
f 188 128 71
f 188 154 153
f 189 190 191
f 191 192 193
f 193 192 194
f 195 196 190
f 197 198 199
f 110 109 173
f 173 109 196
f 192 200 197
f 197 200 198
f 201 202 109
f 203 204 202
f 191 204 192
f 190 204 191
f 196 204 190
f 109 204 196
f 202 204 109
f 200 205 206
f 192 205 200
f 204 205 192
f 207 208 209
f 209 208 210
f 207 211 208
f 212 213 205
f 213 214 205
f 206 214 207
f 215 214 213
f 205 214 206
f 214 216 207
f 216 217 207
f 211 218 219
f 219 218 220
f 220 218 221
f 221 218 222
f 217 223 207
f 224 223 217
f 218 225 226
f 218 227 225
f 228 229 223
f 229 230 223
f 207 231 211
f 211 231 218
f 223 231 207
f 227 231 232
f 232 231 233
f 218 231 227
f 230 231 223
f 234 235 236
f 234 236 237
f 234 237 238
f 234 238 239
f 234 239 240
f 234 240 241
f 242 235 234
f 243 242 234
f 61 244 245
f 61 245 246
f 61 246 247
f 61 247 248
f 61 248 249
f 61 249 250
f 251 61 250
f 251 250 252
f 251 252 253
f 251 253 243
f 251 243 234
f 63 61 251
f 254 63 251
f 65 63 254
f 255 65 254
f 67 65 255
f 256 67 255
f 69 67 256
f 257 69 256
f 73 72 258
f 259 73 258
f 75 73 259
f 260 75 259
f 77 75 260
f 261 77 260
f 79 77 261
f 262 79 261
f 81 79 262
f 263 81 262
f 83 81 263
f 264 83 263
f 265 83 264
f 85 83 265
f 266 87 85
f 266 85 265
f 267 89 87
f 267 87 266
f 268 91 89
f 268 89 267
f 269 93 91
f 269 91 268
f 270 95 93
f 270 93 269
f 271 97 95
f 271 95 270
f 272 99 97
f 272 97 271
f 273 101 99
f 273 99 272
f 274 103 101
f 274 101 273
f 275 103 274
f 275 105 103
f 276 105 275
f 276 107 105
f 201 107 276
f 201 109 107
f 61 59 244
f 277 127 69
f 277 69 257
f 277 278 127
f 277 257 278
f 279 72 127
f 279 127 278
f 279 258 72
f 279 278 258
f 280 244 59
f 280 59 58
f 281 280 58
f 282 280 281
f 283 282 281
f 284 282 283
f 285 284 283
f 286 284 285
f 287 286 285
f 288 286 287
f 289 288 287
f 290 288 289
f 291 290 289
f 292 291 289
f 293 292 289
f 294 293 289
f 295 294 289
f 296 295 289
f 297 296 289
f 298 297 289
f 299 298 289
f 300 299 289
f 301 300 289
f 302 301 289
f 303 302 289
f 304 303 289
f 305 304 289
f 306 305 289
f 307 306 289
f 308 307 289
f 309 308 289
f 310 309 289
f 311 310 289
f 312 311 289
f 313 312 289
f 314 313 289
f 315 314 289
f 316 315 289
f 317 316 289
f 318 317 289
f 319 318 289
f 320 319 289
f 321 320 289
f 322 321 289
f 323 322 289
f 324 323 289
f 325 324 289
f 326 327 328
f 326 328 329
f 326 329 330
f 326 330 331
f 326 331 332
f 326 332 333
f 326 333 334
f 326 334 335
f 326 335 336
f 326 336 337
f 326 337 338
f 326 338 339
f 326 339 340
f 326 340 341
f 326 341 342
f 326 342 343
f 326 343 344
f 326 344 345
f 326 345 346
f 326 346 325
f 326 325 289
f 347 327 326
f 348 347 326
f 349 347 348
f 350 349 348
f 351 349 350
f 352 351 350
f 353 351 352
f 354 353 352
f 355 353 354
f 356 355 354
f 357 355 356
f 358 357 356
f 359 357 358
f 360 361 359
f 360 359 358
f 362 363 361
f 362 361 360
f 281 58 57
f 364 281 57
f 283 281 364
f 365 283 364
f 285 283 365
f 366 285 365
f 287 285 366
f 367 287 366
f 289 287 367
f 368 289 367
f 326 289 368
f 369 326 368
f 348 326 369
f 370 348 369
f 350 348 370
f 371 350 370
f 352 350 371
f 372 352 371
f 354 352 372
f 373 354 372
f 356 354 373
f 374 356 373
f 358 356 374
f 375 358 374
f 360 358 375
f 376 360 375
f 362 360 376
f 377 362 376
f 378 364 57
f 378 57 55
f 379 364 378
f 365 364 379
f 380 365 379
f 366 365 380
f 381 366 380
f 367 366 381
f 382 367 381
f 368 367 382
f 383 368 382
f 369 368 383
f 384 369 383
f 370 369 384
f 385 370 384
f 371 370 385
f 386 371 385
f 372 371 386
f 387 372 386
f 373 372 387
f 388 373 387
f 374 373 388
f 389 374 388
f 390 375 374
f 390 374 389
f 391 376 375
f 391 375 390
f 392 377 376
f 392 376 391
f 378 55 54
f 393 378 54
f 379 378 393
f 394 379 393
f 380 379 394
f 395 380 394
f 381 380 395
f 396 381 395
f 382 381 396
f 397 382 396
f 383 382 397
f 398 383 397
f 384 383 398
f 399 384 398
f 385 384 399
f 400 385 399
f 386 385 400
f 401 386 400
f 387 386 401
f 402 387 401
f 388 387 402
f 403 388 402
f 389 388 403
f 404 389 403
f 390 389 404
f 405 390 404
f 391 390 405
f 406 391 405
f 392 391 406
f 407 392 406
f 393 54 53
f 408 393 53
f 394 393 408
f 409 394 408
f 395 394 409
f 410 395 409
f 396 395 410
f 411 396 410
f 397 396 411
f 412 397 411
f 398 397 412
f 413 398 412
f 399 398 413
f 414 399 413
f 400 399 414
f 415 400 414
f 401 400 415
f 416 401 415
f 402 401 416
f 417 402 416
f 403 402 417
f 418 403 417
f 404 403 418
f 419 404 418
f 405 404 419
f 420 405 419
f 406 405 420
f 421 407 406
f 421 406 420
f 408 53 52
f 422 408 52
f 409 408 422
f 423 409 422
f 410 409 423
f 424 410 423
f 411 410 424
f 425 411 424
f 412 411 425
f 426 412 425
f 413 412 426
f 427 413 426
f 414 413 427
f 428 414 427
f 415 414 428
f 429 415 428
f 416 415 429
f 430 416 429
f 417 416 430
f 431 417 430
f 418 417 431
f 432 418 431
f 419 418 432
f 433 419 432
f 420 419 433
f 434 420 433
f 421 420 434
f 435 421 434
f 422 52 50
f 436 422 50
f 423 422 436
f 437 423 436
f 424 423 437
f 438 424 437
f 425 424 438
f 439 425 438
f 426 425 439
f 440 426 439
f 427 426 440
f 441 427 440
f 428 427 441
f 442 428 441
f 429 428 442
f 443 429 442
f 430 429 443
f 444 430 443
f 431 430 444
f 445 431 444
f 432 431 445
f 446 432 445
f 433 432 446
f 447 433 446
f 434 433 447
f 448 434 447
f 435 434 448
f 449 435 448
f 436 50 49
f 450 436 49
f 437 436 450
f 451 437 450
f 438 437 451
f 452 438 451
f 439 438 452
f 453 439 452
f 440 439 453
f 454 440 453
f 441 440 454
f 455 441 454
f 442 441 455
f 456 442 455
f 443 442 456
f 457 443 456
f 444 443 457
f 458 444 457
f 445 444 458
f 459 445 458
f 446 445 459
f 460 446 459
f 447 446 460
f 461 447 460
f 448 447 461
f 462 449 448
f 462 448 461
f 450 49 48
f 463 450 48
f 451 450 463
f 464 451 463
f 452 451 464
f 465 452 464
f 453 452 465
f 466 453 465
f 454 453 466
f 467 454 466
f 455 454 467
f 468 455 467
f 456 455 468
f 469 456 468
f 457 456 469
f 470 457 469
f 458 457 470
f 471 458 470
f 459 458 471
f 472 459 471
f 460 459 472
f 473 460 472
f 461 460 473
f 474 461 473
f 462 461 474
f 475 462 474
f 463 48 46
f 476 463 46
f 464 463 476
f 477 464 476
f 465 464 477
f 478 465 477
f 466 465 478
f 479 466 478
f 467 466 479
f 480 467 479
f 468 467 480
f 481 468 480
f 469 468 481
f 482 469 481
f 470 469 482
f 483 470 482
f 471 470 483
f 484 471 483
f 472 471 484
f 485 472 484
f 473 472 485
f 486 473 485
f 474 473 486
f 487 474 486
f 475 474 487
f 488 475 487
f 476 46 45
f 489 476 45
f 477 476 489
f 490 477 489
f 478 477 490
f 491 478 490
f 479 478 491
f 492 479 491
f 480 479 492
f 493 480 492
f 481 480 493
f 494 481 493
f 482 481 494
f 495 482 494
f 483 482 495
f 496 483 495
f 484 483 496
f 497 484 496
f 485 484 497
f 498 485 497
f 486 485 498
f 499 486 498
f 487 486 499
f 500 488 487
f 500 487 499
f 489 45 44
f 501 489 44
f 490 489 501
f 502 490 501
f 491 490 502
f 503 491 502
f 492 491 503
f 504 492 503
f 493 492 504
f 505 493 504
f 494 493 505
f 506 494 505
f 495 494 506
f 507 495 506
f 496 495 507
f 508 496 507
f 497 496 508
f 509 497 508
f 498 497 509
f 510 498 509
f 499 498 510
f 511 499 510
f 500 499 511
f 512 500 511
f 501 44 42
f 513 501 42
f 502 501 513
f 514 502 513
f 503 502 514
f 515 503 514
f 504 503 515
f 516 504 515
f 505 504 516
f 517 505 516
f 506 505 517
f 518 506 517
f 507 506 518
f 519 507 518
f 508 507 519
f 520 508 519
f 509 508 520
f 521 509 520
f 510 509 521
f 522 510 521
f 511 510 522
f 523 511 522
f 512 511 523
f 524 512 523
f 513 42 41
f 525 513 41
f 514 513 525
f 526 514 525
f 515 514 526
f 527 515 526
f 516 515 527
f 528 516 527
f 517 516 528
f 529 517 528
f 518 517 529
f 530 518 529
f 519 518 530
f 531 519 530
f 520 519 531
f 532 520 531
f 521 520 532
f 533 521 532
f 522 521 533
f 534 522 533
f 523 522 534
f 535 524 523
f 535 523 534
f 525 41 40
f 536 525 40
f 526 525 536
f 537 526 536
f 527 526 537
f 538 527 537
f 528 527 538
f 539 528 538
f 529 528 539
f 540 529 539
f 530 529 540
f 541 530 540
f 531 530 541
f 542 531 541
f 532 531 542
f 543 532 542
f 533 532 543
f 544 533 543
f 545 534 533
f 545 544 546
f 545 533 544
f 545 546 534
f 547 535 534
f 547 546 548
f 547 548 535
f 547 534 546
f 536 40 39
f 549 536 39
f 537 536 549
f 550 537 549
f 538 537 550
f 551 538 550
f 539 538 551
f 552 539 551
f 540 539 552
f 553 540 552
f 541 540 553
f 554 541 553
f 542 541 554
f 555 542 554
f 543 542 555
f 556 543 555
f 544 543 556
f 557 544 556
f 558 546 544
f 558 557 559
f 558 544 557
f 558 559 546
f 560 548 546
f 560 559 561
f 560 561 548
f 560 546 559
f 562 549 39
f 562 39 38
f 563 550 549
f 563 549 562
f 564 551 550
f 564 550 563
f 565 552 551
f 565 551 564
f 566 553 552
f 566 552 565
f 567 554 553
f 567 553 566
f 568 555 554
f 568 554 567
f 569 556 555
f 569 555 568
f 570 557 556
f 570 556 569
f 571 559 557
f 571 570 572
f 571 557 570
f 571 572 559
f 573 561 559
f 573 572 574
f 573 574 561
f 573 559 572
f 575 562 38
f 575 38 36
f 576 563 562
f 576 562 575
f 577 564 563
f 577 563 576
f 578 565 564
f 578 564 577
f 579 566 565
f 579 565 578
f 580 567 566
f 580 566 579
f 581 568 567
f 581 567 580
f 582 569 568
f 582 568 581
f 583 570 569
f 583 569 582
f 584 572 570
f 584 570 583
f 585 574 572
f 585 584 586
f 585 586 574
f 585 572 584
f 587 575 36
f 587 36 35
f 588 576 575
f 588 575 587
f 589 577 576
f 589 576 588
f 590 578 577
f 590 577 589
f 591 579 578
f 591 578 590
f 592 580 579
f 592 579 591
f 593 581 580
f 593 580 592
f 594 582 581
f 594 581 593
f 595 583 582
f 595 582 594
f 596 584 583
f 596 583 595
f 597 586 584
f 597 596 598
f 597 598 586
f 597 584 596
f 599 587 35
f 599 35 34
f 600 588 587
f 600 587 599
f 601 589 588
f 601 588 600
f 602 590 589
f 602 589 601
f 603 591 590
f 603 590 602
f 604 592 591
f 604 591 603
f 605 593 592
f 605 592 604
f 606 594 593
f 606 593 605
f 607 594 606
f 595 594 607
f 608 595 607
f 596 595 608
f 609 596 608
f 598 596 609
f 610 598 609
f 611 599 34
f 611 34 33
f 612 600 599
f 612 599 611
f 613 601 600
f 613 600 612
f 614 602 601
f 614 601 613
f 615 603 602
f 615 602 614
f 616 604 603
f 616 603 615
f 617 605 604
f 617 604 616
f 618 605 617
f 606 605 618
f 619 606 618
f 607 606 619
f 620 607 619
f 608 607 620
f 621 609 608
f 621 608 620
f 622 610 609
f 622 609 621
f 623 611 33
f 623 33 32
f 624 612 611
f 624 611 623
f 625 613 612
f 625 612 624
f 626 614 613
f 626 613 625
f 627 615 614
f 627 614 626
f 628 616 615
f 628 615 627
f 629 617 616
f 629 616 628
f 630 617 629
f 618 617 630
f 631 618 630
f 619 618 631
f 632 619 631
f 620 619 632
f 633 621 620
f 633 620 632
f 634 622 621
f 634 621 633
f 635 623 32
f 635 32 30
f 636 624 623
f 636 623 635
f 637 625 624
f 637 624 636
f 638 626 625
f 638 625 637
f 639 627 626
f 639 626 638
f 640 628 627
f 640 627 639
f 641 628 640
f 629 628 641
f 642 629 641
f 630 629 642
f 643 630 642
f 631 630 643
f 644 631 643
f 632 631 644
f 645 633 632
f 645 632 644
f 646 634 633
f 646 633 645
f 647 635 30
f 647 30 29
f 648 636 635
f 648 635 647
f 649 637 636
f 649 636 648
f 650 638 637
f 650 637 649
f 651 639 638
f 651 638 650
f 652 640 639
f 652 639 651
f 653 641 640
f 653 640 652
f 654 641 653
f 642 641 654
f 655 642 654
f 643 642 655
f 656 643 655
f 644 643 656
f 657 645 644
f 657 644 656
f 658 646 645
f 658 645 657
f 659 647 29
f 659 29 28
f 660 648 647
f 660 647 659
f 661 649 648
f 661 648 660
f 662 650 649
f 662 649 661
f 663 651 650
f 663 650 662
f 664 652 651
f 664 651 663
f 665 653 652
f 665 652 664
f 666 653 665
f 654 653 666
f 667 654 666
f 655 654 667
f 668 655 667
f 656 655 668
f 669 657 656
f 669 656 668
f 670 658 657
f 670 657 669
f 671 659 28
f 671 28 27
f 671 27 672
f 673 660 659
f 673 659 671
f 674 661 660
f 674 660 673
f 675 661 674
f 662 661 675
f 676 662 675
f 677 662 676
f 678 662 677
f 679 662 678
f 680 662 679
f 681 662 680
f 682 662 681
f 683 662 682
f 684 662 683
f 685 662 684
f 686 662 685
f 687 662 686
f 688 662 687
f 663 688 689
f 663 689 690
f 663 690 691
f 663 691 692
f 663 692 693
f 663 693 694
f 663 694 695
f 663 695 696
f 663 696 697
f 663 697 698
f 663 698 699
f 663 699 700
f 663 700 701
f 663 701 702
f 663 702 703
f 663 703 704
f 663 662 688
f 705 663 704
f 664 663 705
f 706 664 705
f 665 664 706
f 707 665 706
f 666 665 707
f 708 666 707
f 667 666 708
f 709 667 708
f 668 667 709
f 710 668 709
f 669 668 710
f 711 669 710
f 670 669 711
f 712 670 711
f 5 1 713
f 714 5 713
f 7 5 714
f 715 7 714
f 9 7 715
f 716 9 715
f 11 9 716
f 717 11 716
f 13 11 717
f 718 13 717
f 15 13 718
f 719 15 718
f 17 15 719
f 720 17 719
f 19 17 720
f 721 19 720
f 21 19 721
f 722 21 721
f 23 21 722
f 723 23 722
f 724 23 723
f 724 25 23
f 725 25 726
f 727 25 724
f 727 726 25
f 728 25 725
f 729 727 724
f 672 25 728
f 27 25 672
f 730 729 724
f 731 114 115
f 731 115 732
f 731 732 733
f 731 733 114
f 734 118 114
f 734 733 735
f 734 114 733
f 734 735 118
f 736 121 118
f 736 735 737
f 736 118 735
f 736 737 121
f 738 124 121
f 738 737 739
f 738 121 737
f 738 739 124
f 740 4 124
f 740 739 741
f 740 124 739
f 740 741 4
f 742 1 4
f 742 741 713
f 742 4 741
f 742 713 1
f 743 744 745
f 743 745 746
f 747 746 748
f 747 748 749
f 747 749 750
f 175 751 743
f 752 753 754
f 115 113 175
f 755 752 756
f 757 732 115
f 757 175 743
f 757 115 175
f 758 747 753
f 758 755 759
f 758 746 747
f 758 753 752
f 758 752 755
f 760 761 762
f 763 764 765
f 763 765 766
f 767 763 766
f 767 766 768
f 769 758 761
f 769 760 770
f 769 770 771
f 769 761 760
f 772 767 768
f 772 773 767
f 772 768 757
f 774 758 769
f 774 769 775
f 774 743 746
f 774 746 758
f 776 777 772
f 778 779 776
f 780 774 781
f 780 781 782
f 783 778 776
f 783 784 778
f 785 772 757
f 785 774 780
f 785 743 774
f 785 776 772
f 785 780 786
f 785 783 776
f 785 757 743
f 131 787 130
f 131 788 787
f 132 788 131
f 132 789 788
f 133 789 132
f 133 790 789
f 134 790 133
f 134 791 790
f 135 791 134
f 135 792 791
f 136 792 135
f 136 793 792
f 137 793 136
f 137 794 793
f 138 794 137
f 138 795 794
f 796 795 138
f 139 796 138
f 797 796 139
f 140 797 139
f 798 797 140
f 141 798 140
f 799 798 141
f 142 799 141
f 800 799 142
f 143 800 142
f 801 800 143
f 144 801 143
f 802 801 144
f 145 802 144
f 803 802 145
f 146 803 145
f 804 803 146
f 147 804 146
f 805 804 147
f 148 805 147
f 806 805 148
f 149 806 148
f 807 806 149
f 150 807 149
f 808 807 150
f 151 808 150
f 155 809 154
f 810 809 155
f 156 810 155
f 811 810 156
f 157 811 156
f 812 811 157
f 158 812 157
f 813 812 158
f 159 813 158
f 814 813 159
f 160 814 159
f 815 814 160
f 161 815 160
f 816 815 161
f 162 816 161
f 817 816 162
f 163 817 162
f 818 817 163
f 164 818 163
f 819 818 164
f 165 819 164
f 820 819 165
f 166 820 165
f 821 820 166
f 167 821 166
f 167 822 821
f 168 822 167
f 168 823 822
f 169 823 168
f 169 824 823
f 170 824 169
f 170 825 824
f 171 825 170
f 171 826 825
f 172 196 826
f 172 826 171
f 173 196 172
f 827 751 175
f 827 175 176
f 827 176 828
f 827 828 751
f 829 176 178
f 829 828 176
f 829 178 830
f 829 830 828
f 831 178 180
f 831 830 178
f 831 180 832
f 831 832 830
f 833 180 182
f 833 832 180
f 833 182 834
f 833 834 832
f 835 182 184
f 835 834 182
f 835 184 836
f 835 836 834
f 837 184 186
f 837 836 184
f 837 186 838
f 837 838 836
f 839 186 130
f 839 838 186
f 839 130 787
f 839 787 838
f 840 808 151
f 840 152 841
f 840 151 152
f 840 841 808
f 842 841 152
f 842 153 843
f 842 152 153
f 842 843 841
f 844 843 153
f 844 154 809
f 844 153 154
f 844 809 843
f 845 846 847
f 845 847 848
f 845 848 849
f 845 849 850
f 851 846 845
f 852 851 845
f 853 241 854
f 853 854 852
f 853 852 845
f 855 234 241
f 855 241 853
f 856 251 234
f 856 234 855
f 254 251 856
f 857 254 856
f 255 254 857
f 858 255 857
f 259 258 859
f 860 259 859
f 260 259 860
f 861 260 860
f 261 260 861
f 862 261 861
f 262 261 862
f 863 262 862
f 263 262 863
f 864 263 863
f 264 263 864
f 865 264 864
f 265 264 865
f 866 265 865
f 867 266 265
f 867 265 866
f 868 267 266
f 868 266 867
f 869 268 267
f 869 267 868
f 870 269 268
f 870 268 869
f 871 270 269
f 871 269 870
f 872 271 270
f 872 270 871
f 873 272 271
f 873 271 872
f 874 273 272
f 874 272 873
f 875 274 273
f 875 273 874
f 876 275 274
f 876 274 875
f 877 276 275
f 877 275 876
f 878 201 276
f 878 276 877
f 202 201 878
f 879 256 255
f 879 255 858
f 879 880 256
f 879 858 880
f 881 257 256
f 881 256 880
f 881 882 257
f 881 880 882
f 883 278 257
f 883 257 882
f 883 884 278
f 883 882 884
f 885 258 278
f 885 278 884
f 885 859 258
f 885 884 859
f 886 887 888
f 886 888 889
f 890 891 887
f 890 887 886
f 892 893 891
f 892 891 890
f 894 895 893
f 894 893 892
f 896 897 895
f 896 895 894
f 898 899 897
f 898 897 896
f 900 901 899
f 900 899 898
f 902 903 901
f 902 901 900
f 904 905 903
f 904 903 902
f 906 907 905
f 906 905 904
f 908 909 907
f 908 907 906
f 910 909 908
f 911 909 910
f 912 911 910
f 913 911 912
f 914 915 916
f 914 916 913
f 914 913 912
f 917 915 914
f 918 917 914
f 919 918 914
f 920 921 922
f 920 922 919
f 920 919 914
f 923 921 920
f 924 923 920
f 925 850 926
f 925 926 927
f 925 927 924
f 925 924 920
f 928 850 925
f 928 845 850
f 929 845 928
f 929 853 845
f 930 853 929
f 930 855 853
f 931 855 930
f 931 856 855
f 932 856 931
f 932 857 856
f 933 857 932
f 933 858 857
f 934 859 935
f 936 859 934
f 860 936 937
f 860 859 936
f 938 860 937
f 939 860 938
f 940 860 939
f 861 860 940
f 941 861 940
f 942 861 941
f 862 942 943
f 862 861 942
f 944 862 943
f 945 863 862
f 945 862 944
f 946 864 863
f 946 863 945
f 947 865 864
f 947 864 946
f 866 865 947
f 948 866 947
f 948 867 866
f 949 867 948
f 868 867 949
f 950 868 949
f 950 869 868
f 951 869 950
f 951 870 869
f 952 870 951
f 952 871 870
f 953 872 871
f 953 871 952
f 954 873 872
f 954 872 953
f 955 874 873
f 955 873 954
f 956 875 874
f 956 874 955
f 957 876 875
f 957 875 956
f 958 877 876
f 958 876 957
f 959 878 877
f 959 877 958
f 203 202 878
f 203 878 959
f 960 961 757
f 960 757 768
f 960 768 962
f 960 962 961
f 963 964 961
f 963 962 965
f 963 961 962
f 963 965 964
f 966 967 964
f 966 965 968
f 966 964 965
f 966 968 967
f 969 970 967
f 969 968 971
f 969 967 968
f 969 971 970
f 972 888 970
f 972 971 889
f 972 970 971
f 972 889 888
f 973 933 974
f 973 858 933
f 973 974 880
f 973 880 858
f 975 974 976
f 975 880 974
f 975 976 882
f 975 882 880
f 977 976 978
f 977 882 976
f 977 978 884
f 977 884 882
f 979 978 935
f 979 884 978
f 979 935 859
f 979 859 884
f 945 980 981
f 945 982 980
f 945 944 982
f 983 945 981
f 946 945 983
f 984 946 983
f 947 946 984
f 985 947 984
f 948 947 985
f 986 948 985
f 949 948 986
f 987 949 986
f 950 949 987
f 988 951 950
f 988 950 987
f 989 952 951
f 989 951 988
f 990 953 952
f 990 952 989
f 991 954 953
f 991 953 990
f 992 955 954
f 992 954 991
f 993 956 955
f 993 955 992
f 994 957 956
f 994 956 993
f 995 958 957
f 995 957 994
f 996 959 958
f 996 958 995
f 204 203 959
f 204 959 996
f 983 981 997
f 998 983 997
f 984 983 998
f 999 984 998
f 985 984 999
f 1000 985 999
f 986 985 1000
f 1001 986 1000
f 987 986 1001
f 1002 987 1001
f 988 987 1002
f 1003 988 1002
f 989 988 1003
f 1004 989 1003
f 990 989 1004
f 1005 990 1004
f 991 990 1005
f 1006 991 1005
f 992 991 1006
f 1007 992 1006
f 993 992 1007
f 1008 993 1007
f 994 993 1008
f 1009 994 1008
f 995 994 1009
f 1010 995 1009
f 996 995 1010
f 1011 996 1010
f 204 996 1011
f 205 204 1011
f 1012 1013 1014
f 1012 997 1013
f 998 997 1012
f 1015 998 1012
f 999 998 1015
f 1016 999 1015
f 1000 999 1016
f 1017 1000 1016
f 1001 1000 1017
f 1018 1001 1017
f 1002 1001 1018
f 1019 1002 1018
f 1003 1002 1019
f 1020 1003 1019
f 1004 1003 1020
f 1021 1004 1020
f 1005 1004 1021
f 1022 1006 1005
f 1022 1005 1021
f 1023 1007 1006
f 1023 1006 1022
f 1024 1007 1023
f 1008 1007 1024
f 1025 1009 1008
f 1025 1008 1024
f 1026 1010 1009
f 1026 1009 1025
f 1027 1011 1010
f 1027 1010 1026
f 212 205 1011
f 212 1011 1027
f 1028 1029 1030
f 1028 1030 1031
f 1032 1033 1029
f 1032 1029 1028
f 1034 1035 1033
f 1034 1033 1032
f 1036 1037 1035
f 1036 1035 1034
f 1038 1039 1037
f 1038 1037 1036
f 1040 1041 1039
f 1040 1039 1038
f 1042 1043 1041
f 1042 1041 1040
f 1044 1045 1043
f 1044 1043 1042
f 1046 1047 1045
f 1046 1045 1044
f 1048 1049 1047
f 1048 1047 1046
f 1050 1051 1049
f 1050 1049 1048
f 1052 1053 1051
f 1052 1051 1050
f 1054 1055 1053
f 1054 1053 1052
f 1056 1057 1055
f 1056 1055 1054
f 1058 1057 1056
f 1059 1057 1058
f 1060 1059 1058
f 1061 1059 1060
f 1062 1061 1060
f 1063 1061 1062
f 1064 1063 1062
f 1065 1063 1064
f 1066 1065 1064
f 1067 1065 1066
f 1068 1067 1066
f 1068 1069 1067
f 1070 1069 1068
f 1070 1071 1069
f 1072 1071 1070
f 1072 1073 1071
f 1074 1073 1072
f 1074 1075 1073
f 1076 1077 1078
f 1079 1077 1076
f 1080 1081 1079
f 1080 1079 1076
f 1082 1081 1080
f 1083 1014 1084
f 1083 1084 1085
f 1083 1085 1086
f 1083 1086 1082
f 1083 1082 1080
f 1087 1014 1083
f 1087 1012 1014
f 1088 1012 1087
f 1088 1015 1012
f 1089 1015 1088
f 1089 1016 1015
f 1090 1016 1089
f 1017 1016 1090
f 1091 1017 1090
f 1091 1018 1017
f 1092 1018 1091
f 1092 1019 1018
f 1093 1019 1092
f 1093 1020 1019
f 1094 1020 1093
f 1094 1021 1020
f 1095 1021 1094
f 1095 1022 1021
f 1096 1022 1095
f 1096 1023 1022
f 1097 1023 1096
f 1097 1024 1023
f 1098 1024 1097
f 1098 1025 1024
f 1099 1025 1098
f 1099 1026 1025
f 1100 1026 1099
f 1100 1027 1026
f 1101 212 1027
f 1101 1027 1100
f 213 212 1101
f 1102 1103 764
f 1102 1104 1103
f 1102 764 763
f 1102 763 1104
f 1105 1106 1103
f 1105 1103 1104
f 1105 1107 1106
f 1105 1104 1107
f 1108 1109 1106
f 1108 1106 1107
f 1108 1110 1109
f 1108 1107 1110
f 1111 1112 1109
f 1111 1109 1110
f 1111 1113 1112
f 1111 1110 1113
f 1114 1030 1112
f 1114 1112 1113
f 1114 1031 1030
f 1114 1113 1031
f 1115 1075 1074
f 1115 1116 1117
f 1115 1117 1075
f 1115 1074 1116
f 1118 1117 1116
f 1118 1119 1117
f 1118 1120 1119
f 1118 1116 1120
f 1121 1119 1120
f 1121 1077 1119
f 1121 1078 1077
f 1121 1120 1078
f 1122 1113 1123
f 1122 1031 1113
f 1124 1031 1122
f 1124 1028 1031
f 1125 1028 1124
f 1125 1032 1028
f 1126 1032 1125
f 1126 1034 1032
f 1127 1034 1126
f 1127 1036 1034
f 1128 1036 1127
f 1128 1038 1036
f 1129 1038 1128
f 1129 1040 1038
f 1130 1040 1129
f 1130 1042 1040
f 1131 1042 1130
f 1131 1044 1042
f 1132 1044 1131
f 1132 1046 1044
f 1133 1046 1132
f 1133 1048 1046
f 1134 1048 1133
f 1134 1050 1048
f 1135 1052 1050
f 1135 1050 1134
f 1136 1054 1052
f 1136 1052 1135
f 1137 1056 1054
f 1137 1054 1136
f 1138 1056 1137
f 1058 1056 1138
f 1139 1060 1058
f 1139 1058 1138
f 1140 1062 1060
f 1140 1060 1139
f 1141 1064 1062
f 1141 1062 1140
f 1066 1064 1141
f 1142 1066 1141
f 1068 1066 1142
f 1143 1068 1142
f 1070 1068 1143
f 1144 1070 1143
f 1072 1070 1144
f 1145 1072 1144
f 1076 1078 1146
f 1147 1076 1146
f 1080 1076 1147
f 1148 1080 1147
f 1083 1080 1148
f 1149 1083 1148
f 1087 1083 1149
f 1150 1087 1149
f 1088 1087 1150
f 1151 1088 1150
f 1089 1088 1151
f 1152 1089 1151
f 1090 1089 1152
f 1153 1090 1152
f 1091 1090 1153
f 1154 1091 1153
f 1092 1091 1154
f 1155 1092 1154
f 1093 1092 1155
f 1156 1093 1155
f 1094 1093 1156
f 1157 1094 1156
f 1095 1094 1157
f 1158 1095 1157
f 1096 1095 1158
f 1159 1096 1158
f 1159 1097 1096
f 1160 1097 1159
f 1098 1097 1160
f 1161 1098 1160
f 1099 1098 1161
f 1162 1099 1161
f 1100 1099 1162
f 1163 1101 1100
f 1163 1100 1162
f 1164 213 1101
f 1164 1101 1163
f 215 213 1164
f 1165 763 767
f 1165 767 1166
f 1165 1166 1104
f 1165 1104 763
f 1167 1166 1168
f 1167 1104 1166
f 1167 1168 1107
f 1167 1107 1104
f 1169 1168 1170
f 1169 1107 1168
f 1169 1170 1110
f 1169 1110 1107
f 1171 1170 1123
f 1171 1110 1170
f 1171 1123 1113
f 1171 1113 1110
f 1172 1072 1145
f 1172 1173 1074
f 1172 1145 1173
f 1172 1074 1072
f 1174 1074 1173
f 1174 1175 1116
f 1174 1173 1175
f 1174 1116 1074
f 1176 1116 1175
f 1176 1177 1120
f 1176 1175 1177
f 1176 1120 1116
f 1178 1120 1177
f 1178 1146 1078
f 1178 1177 1146
f 1178 1078 1120
f 1179 1168 1180
f 1170 1168 1179
f 1181 1170 1179
f 1123 1170 1181
f 1182 1123 1181
f 1122 1123 1182
f 1183 1122 1182
f 1124 1122 1183
f 1184 1124 1183
f 1125 1124 1184
f 1185 1125 1184
f 1126 1125 1185
f 1186 1126 1185
f 1127 1126 1186
f 1187 1127 1186
f 1128 1127 1187
f 1188 1128 1187
f 1129 1128 1188
f 1189 1129 1188
f 1130 1129 1189
f 1190 1130 1189
f 1131 1130 1190
f 1191 1131 1190
f 1132 1131 1191
f 1192 1132 1191
f 1133 1132 1192
f 1193 1133 1192
f 1134 1133 1193
f 1194 1134 1193
f 1135 1134 1194
f 1195 1135 1194
f 1136 1135 1195
f 1196 1136 1195
f 1137 1136 1196
f 1197 1137 1196
f 1138 1137 1197
f 1198 1138 1197
f 1139 1138 1198
f 1199 1139 1198
f 1140 1139 1199
f 1200 1140 1199
f 1141 1140 1200
f 1201 1141 1200
f 1142 1141 1201
f 1202 1142 1201
f 1143 1142 1202
f 1203 1143 1202
f 1144 1143 1203
f 1204 1144 1203
f 1145 1144 1204
f 1205 1145 1204
f 1173 1145 1205
f 1206 1173 1205
f 1147 1146 1207
f 1208 1147 1207
f 1148 1147 1208
f 1209 1148 1208
f 1149 1148 1209
f 1210 1149 1209
f 1150 1149 1210
f 1211 1150 1210
f 1151 1150 1211
f 1212 1151 1211
f 1152 1151 1212
f 1213 1152 1212
f 1153 1152 1213
f 1214 1153 1213
f 1154 1153 1214
f 1215 1154 1214
f 1155 1154 1215
f 1216 1155 1215
f 1156 1155 1216
f 1217 1156 1216
f 1217 1157 1156
f 1218 1157 1217
f 1218 1158 1157
f 1219 1158 1218
f 1219 1159 1158
f 1220 1159 1219
f 1220 1160 1159
f 1221 1160 1220
f 1221 1161 1160
f 1222 1161 1221
f 1222 1162 1161
f 1223 1162 1222
f 1223 1163 1162
f 1224 1164 1163
f 1224 1163 1223
f 214 1164 1224
f 214 215 1164
f 1225 767 773
f 1225 773 1226
f 1225 1226 1166
f 1225 1166 767
f 1227 1226 1180
f 1227 1166 1226
f 1227 1180 1168
f 1227 1168 1166
f 1228 1173 1206
f 1228 1229 1175
f 1228 1206 1229
f 1228 1175 1173
f 1230 1175 1229
f 1230 1231 1177
f 1230 1229 1231
f 1230 1177 1175
f 1232 1177 1231
f 1232 1231 1207
f 1232 1207 1146
f 1232 1146 1177
f 1180 1226 1233
f 1234 1180 1233
f 1234 1179 1180
f 1183 1182 1235
f 1236 1183 1235
f 1184 1183 1236
f 1237 1184 1236
f 1185 1184 1237
f 1238 1185 1237
f 1186 1185 1238
f 1239 1186 1238
f 1187 1186 1239
f 1240 1187 1239
f 1188 1187 1240
f 1241 1188 1240
f 1189 1188 1241
f 1242 1189 1241
f 1190 1189 1242
f 1243 1190 1242
f 1191 1190 1243
f 1244 1191 1243
f 1192 1191 1244
f 1245 1192 1244
f 1193 1192 1245
f 1246 1193 1245
f 1194 1193 1246
f 1247 1194 1246
f 1195 1194 1247
f 1248 1195 1247
f 1196 1195 1248
f 1249 1196 1248
f 1197 1196 1249
f 1250 1197 1249
f 1198 1197 1250
f 1251 1198 1250
f 1199 1198 1251
f 1252 1199 1251
f 1200 1199 1252
f 1253 1200 1252
f 1201 1200 1253
f 1254 1201 1253
f 1202 1201 1254
f 1255 1202 1254
f 1203 1202 1255
f 1256 1203 1255
f 1204 1203 1256
f 1257 1204 1256
f 1205 1204 1257
f 1258 1205 1257
f 1259 1207 1260
f 1208 1207 1259
f 1261 1208 1259
f 1209 1208 1261
f 1262 1209 1261
f 1210 1209 1262
f 1263 1210 1262
f 1211 1210 1263
f 1264 1211 1263
f 1212 1211 1264
f 1265 1212 1264
f 1213 1212 1265
f 1266 1213 1265
f 1214 1213 1266
f 1267 1214 1266
f 1215 1214 1267
f 1268 1215 1267
f 1216 1215 1268
f 1269 1216 1268
f 1217 1216 1269
f 1270 1217 1269
f 1218 1217 1270
f 1271 1218 1270
f 1219 1218 1271
f 1272 1219 1271
f 1220 1219 1272
f 1273 1220 1272
f 1221 1220 1273
f 1274 1221 1273
f 1222 1221 1274
f 1275 1222 1274
f 1223 1222 1275
f 1276 1223 1275
f 1276 1224 1223
f 216 214 1224
f 216 1224 1276
f 1277 773 772
f 1277 772 1233
f 1277 1233 1226
f 1277 1226 773
f 1278 1234 1279
f 1278 1179 1234
f 1278 1279 1181
f 1278 1181 1179
f 1280 1279 1235
f 1280 1181 1279
f 1280 1235 1182
f 1280 1182 1181
f 1281 1205 1258
f 1281 1282 1206
f 1281 1258 1282
f 1281 1206 1205
f 1283 1206 1282
f 1283 1284 1229
f 1283 1282 1284
f 1283 1229 1206
f 1285 1229 1284
f 1285 1286 1231
f 1285 1284 1286
f 1285 1231 1229
f 1287 1231 1286
f 1287 1286 1260
f 1287 1260 1207
f 1287 1207 1231
f 1236 1235 1288
f 1289 1236 1288
f 1237 1236 1289
f 1290 1237 1289
f 1238 1237 1290
f 1291 1238 1290
f 1239 1238 1291
f 1292 1239 1291
f 1240 1239 1292
f 1293 1240 1292
f 1241 1240 1293
f 1294 1241 1293
f 1242 1241 1294
f 1295 1242 1294
f 1243 1242 1295
f 1296 1243 1295
f 1244 1243 1296
f 1297 1244 1296
f 1245 1244 1297
f 1298 1245 1297
f 1246 1245 1298
f 1299 1246 1298
f 1247 1246 1299
f 1300 1247 1299
f 1248 1247 1300
f 1301 1248 1300
f 1249 1248 1301
f 1302 1249 1301
f 1250 1249 1302
f 1303 1250 1302
f 1251 1250 1303
f 1304 1251 1303
f 1252 1251 1304
f 1305 1252 1304
f 1253 1252 1305
f 1306 1253 1305
f 1254 1253 1306
f 1307 1254 1306
f 1255 1254 1307
f 1308 1255 1307
f 1256 1255 1308
f 1309 1256 1308
f 1257 1256 1309
f 1310 1257 1309
f 1258 1257 1310
f 1311 1258 1310
f 1259 1260 1312
f 1313 1259 1312
f 1261 1259 1313
f 1314 1261 1313
f 1262 1261 1314
f 1315 1262 1314
f 1263 1262 1315
f 1316 1263 1315
f 1264 1263 1316
f 1317 1264 1316
f 1265 1264 1317
f 1318 1265 1317
f 1266 1265 1318
f 1319 1266 1318
f 1267 1266 1319
f 1320 1267 1319
f 1320 1268 1267
f 1321 1268 1320
f 1321 1269 1268
f 1322 1269 1321
f 1322 1270 1269
f 1323 1270 1322
f 1323 1271 1270
f 1324 1271 1323
f 1324 1272 1271
f 1325 1272 1324
f 1325 1273 1272
f 1326 1273 1325
f 1326 1274 1273
f 1327 1274 1326
f 1327 1275 1274
f 1328 1275 1327
f 1328 1276 1275
f 1329 1276 1328
f 1329 216 1276
f 217 216 1329
f 1330 772 777
f 1330 777 1331
f 1330 1331 1233
f 1330 1233 772
f 1332 1331 1333
f 1332 1233 1331
f 1332 1333 1234
f 1332 1234 1233
f 1334 1333 1335
f 1334 1234 1333
f 1334 1335 1279
f 1334 1279 1234
f 1336 1335 1288
f 1336 1279 1335
f 1336 1288 1235
f 1336 1235 1279
f 1337 1258 1311
f 1337 1338 1282
f 1337 1311 1338
f 1337 1282 1258
f 1339 1282 1338
f 1339 1340 1284
f 1339 1338 1340
f 1339 1284 1282
f 1341 1284 1340
f 1341 1342 1286
f 1341 1340 1342
f 1341 1286 1284
f 1343 1286 1342
f 1343 1312 1260
f 1343 1342 1312
f 1343 1260 1286
f 1344 1288 1345
f 1344 1289 1288
f 1346 1289 1344
f 1346 1290 1289
f 1347 1290 1346
f 1347 1291 1290
f 1348 1291 1347
f 1348 1292 1291
f 1349 1292 1348
f 1349 1293 1292
f 1350 1293 1349
f 1350 1294 1293
f 1351 1294 1350
f 1351 1295 1294
f 1352 1295 1351
f 1352 1296 1295
f 1353 1296 1352
f 1353 1297 1296
f 1354 1297 1353
f 1354 1298 1297
f 1355 1298 1354
f 1355 1299 1298
f 1356 1299 1355
f 1356 1300 1299
f 1357 1301 1300
f 1357 1300 1356
f 1358 1302 1301
f 1358 1301 1357
f 1359 1303 1302
f 1359 1302 1358
f 1360 1303 1359
f 1304 1303 1360
f 1361 1305 1304
f 1361 1304 1360
f 1362 1306 1305
f 1362 1305 1361
f 1363 1307 1306
f 1363 1306 1362
f 1364 1308 1307
f 1364 1307 1363
f 1365 1308 1364
f 1365 1309 1308
f 1366 1309 1365
f 1366 1310 1309
f 1367 1310 1366
f 1367 1311 1310
f 1368 1312 1369
f 1313 1312 1368
f 1370 1313 1368
f 1314 1313 1370
f 1371 1314 1370
f 1315 1314 1371
f 1372 1315 1371
f 1316 1315 1372
f 1373 1316 1372
f 1317 1316 1373
f 1374 1317 1373
f 1318 1317 1374
f 1375 1318 1374
f 1319 1318 1375
f 1376 1319 1375
f 1320 1319 1376
f 1377 1320 1376
f 1321 1320 1377
f 1378 1321 1377
f 1322 1321 1378
f 1379 1322 1378
f 1323 1322 1379
f 1380 1323 1379
f 1324 1323 1380
f 1381 1324 1380
f 1325 1324 1381
f 1382 1325 1381
f 1326 1325 1382
f 1383 1326 1382
f 1327 1326 1383
f 1384 1327 1383
f 1328 1327 1384
f 1385 1328 1384
f 1385 1329 1328
f 224 1329 1385
f 224 217 1329
f 1386 777 776
f 1386 776 1387
f 1386 1387 1331
f 1386 1331 777
f 1388 1387 1389
f 1388 1331 1387
f 1388 1389 1333
f 1388 1333 1331
f 1390 1389 1391
f 1390 1333 1389
f 1390 1391 1335
f 1390 1335 1333
f 1392 1391 1345
f 1392 1335 1391
f 1392 1345 1288
f 1392 1288 1335
f 1393 1311 1367
f 1393 1394 1338
f 1393 1367 1394
f 1393 1338 1311
f 1395 1338 1394
f 1395 1396 1340
f 1395 1394 1396
f 1395 1340 1338
f 1397 1340 1396
f 1397 1398 1342
f 1397 1396 1398
f 1397 1342 1340
f 1399 1342 1398
f 1399 1369 1312
f 1399 1398 1369
f 1399 1312 1342
f 1400 1387 1401
f 1389 1387 1400
f 1402 1389 1400
f 1403 1345 1404
f 1403 1344 1345
f 1405 1344 1403
f 1405 1346 1344
f 1406 1346 1405
f 1406 1347 1346
f 1407 1347 1406
f 1407 1348 1347
f 1408 1348 1407
f 1408 1349 1348
f 1409 1349 1408
f 1409 1350 1349
f 1410 1350 1409
f 1410 1351 1350
f 1411 1351 1410
f 1411 1352 1351
f 1412 1352 1411
f 1412 1353 1352
f 1413 1353 1412
f 1413 1354 1353
f 1414 1354 1413
f 1414 1355 1354
f 1415 1356 1355
f 1415 1355 1414
f 1416 1357 1356
f 1416 1356 1415
f 1417 1358 1357
f 1417 1357 1416
f 1418 1359 1358
f 1418 1358 1417
f 1419 1360 1359
f 1419 1359 1418
f 1420 1361 1360
f 1420 1360 1419
f 1421 1362 1361
f 1421 1361 1420
f 1422 1363 1362
f 1422 1362 1421
f 1423 1363 1422
f 1423 1364 1363
f 1424 1364 1423
f 1424 1365 1364
f 1425 1365 1424
f 1425 1366 1365
f 1426 1366 1425
f 1426 1367 1366
f 1368 1369 1427
f 1428 1368 1427
f 1370 1368 1428
f 1429 1370 1428
f 1371 1370 1429
f 1430 1371 1429
f 1372 1371 1430
f 1431 1372 1430
f 1373 1372 1431
f 1432 1373 1431
f 1374 1373 1432
f 1433 1374 1432
f 1375 1374 1433
f 1434 1375 1433
f 1376 1375 1434
f 1435 1376 1434
f 1435 1377 1376
f 1436 1377 1435
f 1436 1378 1377
f 1437 1378 1436
f 1437 1379 1378
f 1438 1379 1437
f 1438 1380 1379
f 1439 1380 1438
f 1439 1381 1380
f 1440 1381 1439
f 1440 1382 1381
f 1441 1382 1440
f 1441 1383 1382
f 1442 1383 1441
f 1442 1384 1383
f 1443 1384 1442
f 1443 1385 1384
f 1444 224 1385
f 1444 1385 1443
f 223 224 1444
f 1445 776 779
f 1445 779 1401
f 1445 1401 1387
f 1445 1387 776
f 1446 1402 1447
f 1446 1389 1402
f 1446 1447 1391
f 1446 1391 1389
f 1448 1447 1404
f 1448 1391 1447
f 1448 1404 1345
f 1448 1345 1391
f 1449 1367 1426
f 1449 1450 1394
f 1449 1426 1450
f 1449 1394 1367
f 1451 1394 1450
f 1451 1452 1396
f 1451 1450 1452
f 1451 1396 1394
f 1453 1396 1452
f 1453 1454 1398
f 1453 1452 1454
f 1453 1398 1396
f 1455 1398 1454
f 1455 1454 1427
f 1455 1427 1369
f 1455 1369 1398
f 1402 1400 1456
f 1457 1402 1456
f 1447 1402 1457
f 1458 1447 1457
f 1404 1447 1458
f 1459 1404 1458
f 1459 1403 1404
f 1460 1403 1459
f 1460 1405 1403
f 1461 1405 1460
f 1461 1406 1405
f 1462 1406 1461
f 1462 1407 1406
f 1463 1407 1462
f 1463 1408 1407
f 1464 1408 1463
f 1464 1409 1408
f 1465 1409 1464
f 1465 1410 1409
f 1466 1410 1465
f 1466 1411 1410
f 1467 1411 1466
f 1467 1412 1411
f 1468 1412 1467
f 1468 1413 1412
f 1469 1413 1468
f 1469 1414 1413
f 1470 1415 1414
f 1470 1414 1469
f 1471 1416 1415
f 1471 1415 1470
f 1472 1417 1416
f 1472 1416 1471
f 1473 1417 1472
f 1418 1417 1473
f 1474 1418 1473
f 1419 1418 1474
f 1475 1420 1419
f 1475 1419 1474
f 1476 1421 1420
f 1476 1420 1475
f 1477 1422 1421
f 1477 1421 1476
f 1478 1422 1477
f 1478 1423 1422
f 1479 1423 1478
f 1479 1424 1423
f 1480 1424 1479
f 1480 1425 1424
f 1481 1425 1480
f 1481 1426 1425
f 1482 1426 1481
f 1450 1426 1482
f 1483 1427 1484
f 1428 1427 1483
f 1485 1428 1483
f 1429 1428 1485
f 1486 1429 1485
f 1430 1429 1486
f 1487 1430 1486
f 1431 1430 1487
f 1488 1431 1487
f 1432 1431 1488
f 1489 1432 1488
f 1433 1432 1489
f 1490 1433 1489
f 1434 1433 1490
f 1491 1434 1490
f 1435 1434 1491
f 1492 1435 1491
f 1436 1435 1492
f 1493 1436 1492
f 1493 1437 1436
f 1494 1437 1493
f 1494 1438 1437
f 1495 1438 1494
f 1495 1439 1438
f 1496 1439 1495
f 1496 1440 1439
f 1497 1440 1496
f 1497 1441 1440
f 1498 1441 1497
f 1442 1441 1498
f 1499 1442 1498
f 1443 1442 1499
f 1500 1444 1443
f 1500 1443 1499
f 1501 223 1444
f 1501 1444 1500
f 228 223 1501
f 1502 779 778
f 1502 778 1503
f 1502 1503 1401
f 1502 1401 779
f 1504 1503 1456
f 1504 1401 1503
f 1504 1456 1400
f 1504 1400 1401
f 1505 1450 1482
f 1505 1506 1452
f 1505 1482 1506
f 1505 1452 1450
f 1507 1452 1506
f 1507 1508 1454
f 1507 1506 1508
f 1507 1454 1452
f 1509 1454 1508
f 1509 1508 1484
f 1509 1484 1427
f 1509 1427 1454
f 1459 1458 1510
f 1511 1459 1510
f 1460 1459 1511
f 1512 1460 1511
f 1461 1460 1512
f 1513 1461 1512
f 1462 1461 1513
f 1514 1462 1513
f 1463 1462 1514
f 1515 1463 1514
f 1464 1463 1515
f 1516 1464 1515
f 1465 1464 1516
f 1517 1465 1516
f 1466 1465 1517
f 1518 1466 1517
f 1467 1466 1518
f 1519 1467 1518
f 1468 1467 1519
f 1520 1468 1519
f 1469 1468 1520
f 1521 1469 1520
f 1470 1469 1521
f 1522 1470 1521
f 1471 1470 1522
f 1523 1471 1522
f 1472 1471 1523
f 1524 1472 1523
f 1473 1472 1524
f 1525 1473 1524
f 1474 1473 1525
f 1526 1474 1525
f 1475 1474 1526
f 1527 1475 1526
f 1476 1475 1527
f 1528 1476 1527
f 1477 1476 1528
f 1529 1477 1528
f 1530 1477 1529
f 1530 1478 1477
f 1531 1478 1530
f 1531 1479 1478
f 1532 1479 1531
f 1532 1480 1479
f 1533 1480 1532
f 1533 1481 1480
f 1534 1484 1535
f 1483 1484 1534
f 1536 1483 1534
f 1536 1485 1483
f 1537 1485 1536
f 1537 1486 1485
f 1538 1486 1537
f 1538 1487 1486
f 1539 1487 1538
f 1539 1488 1487
f 1540 1488 1539
f 1489 1488 1540
f 1541 1489 1540
f 1490 1489 1541
f 1542 1490 1541
f 1542 1491 1490
f 1543 1491 1542
f 1543 1492 1491
f 1544 1492 1543
f 1544 1493 1492
f 1545 1493 1544
f 1545 1494 1493
f 1546 1494 1545
f 1546 1495 1494
f 1547 1495 1546
f 1547 1496 1495
f 1548 1496 1547
f 1548 1497 1496
f 1549 1497 1548
f 1549 1498 1497
f 1550 1498 1549
f 1550 1499 1498
f 1551 1499 1550
f 1551 1500 1499
f 1552 1501 1500
f 1552 1500 1551
f 229 228 1501
f 229 1501 1552
f 1553 778 784
f 1553 784 1554
f 1553 1554 1503
f 1553 1503 778
f 1555 1554 1556
f 1555 1503 1554
f 1555 1556 1456
f 1555 1456 1503
f 1557 1556 1558
f 1557 1456 1556
f 1557 1558 1457
f 1557 1457 1456
f 1559 1558 1510
f 1559 1457 1558
f 1559 1510 1458
f 1559 1458 1457
f 1560 1481 1533
f 1560 1561 1482
f 1560 1533 1561
f 1560 1482 1481
f 1562 1482 1561
f 1562 1563 1506
f 1562 1561 1563
f 1562 1506 1482
f 1564 1506 1563
f 1564 1565 1508
f 1564 1563 1565
f 1564 1508 1506
f 1566 1508 1565
f 1566 1565 1535
f 1566 1535 1484
f 1566 1484 1508
f 1512 1511 1567
f 1568 1512 1567
f 1513 1512 1568
f 1569 1513 1568
f 1514 1513 1569
f 1570 1514 1569
f 1515 1514 1570
f 1571 1515 1570
f 1516 1515 1571
f 1572 1516 1571
f 1517 1516 1572
f 1573 1517 1572
f 1518 1517 1573
f 1574 1518 1573
f 1519 1518 1574
f 1575 1519 1574
f 1520 1519 1575
f 1576 1520 1575
f 1521 1520 1576
f 1577 1521 1576
f 1522 1521 1577
f 1578 1522 1577
f 1523 1522 1578
f 1579 1523 1578
f 1524 1523 1579
f 1580 1524 1579
f 1525 1524 1580
f 1581 1525 1580
f 1526 1525 1581
f 1582 1526 1581
f 1527 1526 1582
f 1583 1527 1582
f 1528 1527 1583
f 1584 1528 1583
f 1529 1528 1584
f 1585 1529 1584
f 1530 1529 1585
f 1586 1530 1585
f 1531 1530 1586
f 1587 1531 1586
f 1532 1531 1587
f 1588 1532 1587
f 1533 1532 1588
f 1589 1533 1588
f 1561 1533 1589
f 1590 1561 1589
f 1534 1535 1591
f 1592 1534 1591
f 1536 1534 1592
f 1593 1536 1592
f 1594 1536 1593
f 1537 1536 1594
f 1537 1594 1595
f 1596 1537 1595
f 1597 1537 1596
f 1598 1537 1597
f 1538 1537 1598
f 1599 1538 1598
f 1539 1538 1599
f 1600 1539 1599
f 1540 1539 1600
f 1601 1540 1600
f 1541 1540 1601
f 1602 1541 1601
f 1542 1541 1602
f 1603 1542 1602
f 1543 1542 1603
f 1604 1543 1603
f 1544 1543 1604
f 1605 1544 1604
f 1545 1544 1605
f 1606 1545 1605
f 1546 1545 1606
f 1607 1546 1606
f 1547 1546 1607
f 1608 1548 1547
f 1608 1547 1607
f 1609 1548 1608
f 1549 1548 1609
f 1610 1549 1609
f 1550 1549 1610
f 1611 1550 1610
f 1551 1550 1611
f 1612 1551 1611
f 1612 1552 1551
f 230 1552 1612
f 230 229 1552
f 1613 1554 784
f 1613 1614 1554
f 1613 784 783
f 1613 783 1614
f 1615 1556 1554
f 1615 1554 1614
f 1615 1616 1556
f 1615 1614 1616
f 1617 1558 1556
f 1617 1556 1616
f 1617 1618 1558
f 1617 1616 1618
f 1619 1510 1558
f 1619 1558 1618
f 1619 1620 1510
f 1619 1618 1620
f 1621 1511 1510
f 1621 1510 1620
f 1621 1567 1511
f 1621 1620 1567
f 1622 1561 1590
f 1622 1623 1563
f 1622 1563 1561
f 1622 1590 1623
f 1624 1563 1623
f 1624 1565 1563
f 1624 1625 1565
f 1624 1623 1625
f 1626 1565 1625
f 1626 1535 1565
f 1626 1591 1535
f 1626 1625 1591
f 1599 1627 1628
f 1599 1598 1627
f 1629 1599 1628
f 1600 1599 1629
f 1630 1600 1629
f 1601 1600 1630
f 1631 1601 1630
f 1602 1601 1631
f 1632 1602 1631
f 1603 1602 1632
f 1633 1603 1632
f 1604 1603 1633
f 1634 1604 1633
f 1605 1604 1634
f 1635 1605 1634
f 1606 1605 1635
f 1636 1606 1635
f 1607 1606 1636
f 1637 1607 1636
f 1608 1607 1637
f 1638 1608 1637
f 1609 1608 1638
f 1639 1610 1609
f 1639 1609 1638
f 1640 1610 1639
f 1611 1610 1640
f 1641 1611 1640
f 1612 1611 1641
f 1642 1612 1641
f 230 1612 1642
f 231 230 1642
f 1643 1629 1628
f 1643 1628 1644
f 1645 1630 1629
f 1645 1629 1643
f 1646 1630 1645
f 1631 1630 1646
f 1647 1632 1631
f 1647 1631 1646
f 1648 1633 1632
f 1648 1632 1647
f 1649 1634 1633
f 1649 1633 1648
f 1650 1635 1634
f 1650 1634 1649
f 1651 1636 1635
f 1651 1635 1650
f 1652 1637 1636
f 1652 1636 1651
f 1653 1638 1637
f 1653 1637 1652
f 1654 1639 1638
f 1654 1638 1653
f 1655 1640 1639
f 1655 1639 1654
f 1656 1641 1640
f 1656 1640 1655
f 1657 1642 1641
f 1657 1641 1656
f 233 231 1642
f 233 1642 1657
f 1658 1659 1660
f 1658 1661 1659
f 1658 1644 1661
f 1643 1644 1658
f 1662 1643 1658
f 1645 1643 1662
f 1663 1645 1662
f 1646 1645 1663
f 1664 1646 1663
f 1647 1646 1664
f 1665 1647 1664
f 1648 1647 1665
f 1666 1648 1665
f 1649 1648 1666
f 1667 1649 1666
f 1650 1649 1667
f 1668 1650 1667
f 1651 1650 1668
f 1669 1651 1668
f 1652 1651 1669
f 1670 1652 1669
f 1653 1652 1670
f 1671 1653 1670
f 1654 1653 1671
f 1672 1654 1671
f 1655 1654 1672
f 1673 1655 1672
f 1656 1655 1673
f 1674 1656 1673
f 1657 1656 1674
f 1675 1657 1674
f 233 1657 1675
f 232 233 1675
f 1676 1677 1678
f 1679 1676 1678
f 1680 1676 1679
f 1681 1680 1679
f 1682 1680 1681
f 1683 1682 1681
f 1684 1682 1683
f 1685 1684 1683
f 1686 1684 1685
f 1687 1686 1685
f 1688 1686 1687
f 1689 1688 1687
f 1690 1688 1689
f 1691 1690 1689
f 1692 1690 1691
f 1693 1692 1691
f 1694 1692 1693
f 1695 1694 1693
f 1696 1694 1695
f 1697 1696 1695
f 1698 1696 1697
f 1699 1698 1697
f 1700 1698 1699
f 1701 1700 1699
f 1702 1700 1701
f 1703 1702 1701
f 1704 1703 1705
f 1704 1702 1703
f 1706 1704 1705
f 1707 1704 1706
f 1708 1704 1707
f 1709 1704 1708
f 1710 1704 1709
f 1710 1709 1711
f 1710 1711 1712
f 1713 1710 1712
f 1714 1710 1713
f 1715 1710 1714
f 1715 1714 1716
f 1717 1715 1716
f 1718 1715 1717
f 1719 1715 1718
f 1720 1719 1718
f 1721 1719 1720
f 1722 1721 1720
f 1723 1721 1722
f 1724 1723 1722
f 1725 1723 1724
f 1726 1725 1724
f 1727 1725 1726
f 1728 1727 1726
f 1729 1727 1728
f 1730 1729 1728
f 1731 1732 1733
f 1734 1732 1731
f 1735 1736 1737
f 1735 1737 1734
f 1735 1734 1731
f 1738 1736 1735
f 1739 1738 1735
f 1740 1739 1735
f 1741 1739 1740
f 1742 1741 1740
f 1743 1744 1742
f 1743 1660 1744
f 1743 1742 1740
f 1658 1660 1743
f 1745 1658 1743
f 1662 1658 1745
f 1746 1662 1745
f 1663 1662 1746
f 1747 1663 1746
f 1748 1663 1747
f 1664 1663 1748
f 1749 1664 1748
f 1665 1664 1749
f 1750 1665 1749
f 1666 1665 1750
f 1751 1666 1750
f 1667 1666 1751
f 1752 1667 1751
f 1668 1667 1752
f 1753 1668 1752
f 1669 1668 1753
f 1754 1669 1753
f 1670 1669 1754
f 1755 1670 1754
f 1671 1670 1755
f 1756 1672 1671
f 1756 1671 1755
f 1757 1673 1672
f 1757 1672 1756
f 1758 1674 1673
f 1758 1673 1757
f 1759 1675 1674
f 1759 1674 1758
f 1760 232 1675
f 1760 1675 1759
f 227 232 1760
f 1761 1762 780
f 1761 1763 1762
f 1761 780 782
f 1761 782 1763
f 1764 1765 1762
f 1764 1762 1763
f 1764 1766 1765
f 1764 1763 1766
f 1767 1768 1765
f 1767 1765 1766
f 1767 1766 1769
f 1767 1769 1768
f 1770 1771 1768
f 1770 1768 1769
f 1770 1769 1772
f 1770 1772 1771
f 1773 1677 1771
f 1773 1772 1678
f 1773 1771 1772
f 1773 1678 1677
f 1774 1775 1729
f 1774 1729 1730
f 1774 1776 1775
f 1774 1730 1776
f 1777 1778 1775
f 1777 1775 1776
f 1777 1779 1778
f 1777 1776 1779
f 1780 1781 1778
f 1780 1778 1779
f 1780 1782 1781
f 1780 1779 1782
f 1783 1733 1781
f 1783 1781 1782
f 1783 1731 1733
f 1783 1782 1731
f 1720 1718 1784
f 1720 1784 1785
f 1720 1785 1786
f 1787 1720 1786
f 1788 1720 1787
f 1789 1720 1788
f 1722 1720 1789
f 1790 1722 1789
f 1791 1722 1790
f 1724 1722 1791
f 1792 1724 1791
f 1726 1724 1792
f 1793 1726 1792
f 1794 1728 1726
f 1794 1726 1793
f 1795 1728 1794
f 1795 1730 1728
f 1796 1735 1731
f 1796 1731 1797
f 1798 1740 1735
f 1798 1735 1796
f 1799 1743 1740
f 1799 1740 1798
f 1800 1745 1743
f 1800 1743 1799
f 1801 1746 1745
f 1801 1745 1800
f 1802 1747 1746
f 1802 1746 1801
f 1803 1748 1747
f 1803 1747 1802
f 1749 1748 1803
f 1804 1749 1803
f 1750 1749 1804
f 1805 1750 1804
f 1751 1750 1805
f 1806 1752 1751
f 1806 1751 1805
f 1807 1753 1752
f 1807 1752 1806
f 1808 1754 1753
f 1808 1753 1807
f 1809 1755 1754
f 1809 1754 1808
f 1810 1756 1755
f 1810 1755 1809
f 1811 1757 1756
f 1811 1756 1810
f 1812 1758 1757
f 1812 1757 1811
f 1813 1759 1758
f 1813 1758 1812
f 1814 1760 1759
f 1814 1759 1813
f 225 227 1760
f 225 1760 1814
f 1815 1816 1776
f 1815 1776 1730
f 1815 1730 1795
f 1815 1795 1816
f 1817 1776 1816
f 1817 1779 1776
f 1817 1818 1779
f 1817 1816 1818
f 1819 1782 1779
f 1819 1779 1818
f 1819 1820 1782
f 1819 1818 1820
f 1821 1731 1782
f 1821 1782 1820
f 1821 1797 1731
f 1821 1820 1797
f 1792 1791 1822
f 1792 1822 1823
f 1792 1823 1824
f 1792 1824 1825
f 1826 1792 1825
f 1827 1792 1826
f 1828 1792 1827
f 1829 1792 1828
f 1793 1792 1829
f 1793 1829 1830
f 1793 1830 1831
f 1793 1831 1832
f 1833 1793 1832
f 1833 1832 1834
f 1833 1834 1835
f 1833 1835 1836
f 1833 1836 1837
f 1833 1837 1838
f 1833 1838 1839
f 1840 1794 1793
f 1840 1793 1833
f 1841 1795 1794
f 1841 1794 1840
f 1842 1816 1795
f 1842 1795 1841
f 1843 1816 1842
f 1818 1816 1843
f 1844 1797 1845
f 1796 1797 1844
f 1846 1798 1796
f 1846 1796 1844
f 1847 1799 1798
f 1847 1798 1846
f 1848 1800 1799
f 1848 1799 1847
f 1849 1801 1800
f 1849 1800 1848
f 1850 1802 1801
f 1850 1801 1849
f 1803 1802 1850
f 1851 1803 1850
f 1804 1803 1851
f 1852 1804 1851
f 1805 1804 1852
f 1853 1805 1852
f 1806 1805 1853
f 1854 1807 1806
f 1854 1806 1853
f 1855 1808 1807
f 1855 1807 1854
f 1856 1809 1808
f 1856 1808 1855
f 1857 1810 1809
f 1857 1809 1856
f 1858 1811 1810
f 1858 1810 1857
f 1859 1812 1811
f 1859 1811 1858
f 1860 1812 1859
f 1860 1813 1812
f 1861 1813 1860
f 1861 1814 1813
f 1862 1814 1861
f 1862 225 1814
f 226 225 1862
f 1863 1833 1839
f 1864 1820 1818
f 1864 1818 1843
f 1864 1865 1820
f 1864 1843 1865
f 1866 1797 1820
f 1866 1820 1865
f 1866 1845 1797
f 1866 1865 1845
f 1867 1868 1869
f 1870 1867 1869
f 1871 1867 1870
f 1872 1871 1870
f 1873 1871 1872
f 1874 1873 1872
f 1875 1873 1874
f 1876 1875 1874
f 1877 1875 1876
f 1878 1877 1876
f 1879 1877 1878
f 1880 1879 1878
f 1881 1879 1880
f 1882 1881 1880
f 1883 1881 1882
f 1884 1883 1882
f 1885 1883 1884
f 1886 1885 1884
f 1887 1885 1886
f 1888 1887 1886
f 1889 1887 1888
f 1890 1889 1888
f 1891 1889 1890
f 1892 1891 1890
f 1893 1891 1892
f 1894 1893 1892
f 1895 1894 1892
f 1896 1895 1892
f 1897 1896 1892
f 1897 1898 1899
f 1897 1899 1900
f 1897 1900 1896
f 1901 1898 1897
f 1902 1901 1897
f 1903 1904 1905
f 1903 1902 1897
f 1903 1905 1902
f 1906 1904 1903
f 1907 1906 1903
f 1908 1907 1903
f 1909 1910 1908
f 1909 1908 1903
f 1911 1910 1909
f 1912 1911 1909
f 1913 1914 1915
f 1913 1915 1912
f 1913 1912 1909
f 1916 1914 1913
f 1917 1918 1919
f 1917 1919 1916
f 1917 1916 1913
f 1920 1918 1917
f 1921 1920 1917
f 1922 1921 1917
f 1922 1863 1923
f 1922 1923 1924
f 1922 1924 1921
f 1925 1863 1922
f 1833 1863 1925
f 1926 1833 1925
f 1840 1833 1926
f 1927 1840 1926
f 1841 1840 1927
f 1928 1841 1927
f 1842 1841 1928
f 1929 1842 1928
f 1843 1842 1929
f 1930 1845 1931
f 1844 1845 1930
f 1932 1844 1930
f 1846 1844 1932
f 1933 1846 1932
f 1847 1846 1933
f 1934 1847 1933
f 1848 1847 1934
f 1935 1848 1934
f 1849 1848 1935
f 1936 1849 1935
f 1850 1849 1936
f 1937 1850 1936
f 1851 1850 1937
f 1938 1851 1937
f 1852 1851 1938
f 1939 1852 1938
f 1853 1852 1939
f 1940 1853 1939
f 1854 1853 1940
f 1941 1854 1940
f 1855 1854 1941
f 1942 1855 1941
f 1856 1855 1942
f 1943 1856 1942
f 1943 1857 1856
f 1944 1857 1943
f 1944 1858 1857
f 1945 1858 1944
f 1945 1859 1858
f 1946 1859 1945
f 1946 1860 1859
f 1947 1860 1946
f 1947 1861 1860
f 1948 1861 1947
f 1948 1862 1861
f 1949 1862 1948
f 1949 226 1862
f 218 226 1949
f 1950 1951 774
f 1950 774 775
f 1950 775 1952
f 1950 1952 1951
f 1953 1954 1951
f 1953 1952 1955
f 1953 1951 1952
f 1953 1955 1954
f 1956 1957 1954
f 1956 1955 1958
f 1956 1954 1955
f 1956 1958 1957
f 1959 1960 1957
f 1959 1958 1961
f 1959 1957 1958
f 1959 1961 1960
f 1962 1868 1960
f 1962 1961 1869
f 1962 1960 1961
f 1962 1869 1868
f 1963 1929 1964
f 1963 1865 1843
f 1963 1843 1929
f 1963 1964 1865
f 1965 1964 1931
f 1965 1845 1865
f 1965 1865 1964
f 1965 1931 1845
f 1874 1872 1966
f 1967 1874 1966
f 1876 1874 1967
f 1968 1876 1967
f 1878 1876 1968
f 1969 1878 1968
f 1880 1878 1969
f 1970 1880 1969
f 1882 1880 1970
f 1971 1882 1970
f 1884 1882 1971
f 1972 1884 1971
f 1886 1884 1972
f 1973 1886 1972
f 1888 1886 1973
f 1974 1888 1973
f 1890 1888 1974
f 1975 1890 1974
f 1892 1890 1975
f 1976 1892 1975
f 1977 1892 1976
f 1897 1892 1977
f 1978 1897 1977
f 1903 1897 1978
f 1979 1903 1978
f 1909 1903 1979
f 1980 1909 1979
f 1913 1909 1980
f 1981 1913 1980
f 1917 1913 1981
f 1982 1917 1981
f 1922 1917 1982
f 1983 1922 1982
f 1925 1922 1983
f 1984 1925 1983
f 1926 1925 1984
f 1985 1926 1984
f 1927 1926 1985
f 1986 1927 1985
f 1928 1927 1986
f 1987 1928 1986
f 1929 1928 1987
f 1988 1929 1987
f 1964 1929 1988
f 1989 1964 1988
f 1930 1931 1990
f 1991 1930 1990
f 1932 1930 1991
f 1992 1932 1991
f 1933 1932 1992
f 1993 1933 1992
f 1934 1933 1993
f 1994 1934 1993
f 1935 1934 1994
f 1995 1935 1994
f 1936 1935 1995
f 1996 1936 1995
f 1937 1936 1996
f 1997 1937 1996
f 1938 1937 1997
f 1998 1938 1997
f 1939 1938 1998
f 1999 1939 1998
f 1940 1939 1999
f 2000 1940 1999
f 1941 1940 2000
f 2001 1941 2000
f 1942 1941 2001
f 2002 1942 2001
f 2002 1943 1942
f 2003 1943 2002
f 2003 1944 1943
f 2004 1944 2003
f 2004 1945 1944
f 2005 1945 2004
f 2005 1946 1945
f 2006 1946 2005
f 2006 1947 1946
f 2007 1947 2006
f 2007 1948 1947
f 2008 1949 1948
f 2008 1948 2007
f 222 218 1949
f 222 1949 2008
f 2009 775 769
f 2009 769 2010
f 2009 2010 1952
f 2009 1952 775
f 2011 2010 2012
f 2011 1952 2010
f 2011 2012 1955
f 2011 1955 1952
f 2013 2012 2014
f 2013 1955 2012
f 2013 2014 1958
f 2013 1958 1955
f 2015 2014 2016
f 2015 1958 2014
f 2015 2016 1961
f 2015 1961 1958
f 2017 2016 2018
f 2017 1961 2016
f 2017 2018 1869
f 2017 1869 1961
f 2019 2018 2020
f 2019 1869 2018
f 2019 2020 1870
f 2019 1870 1869
f 2021 2020 1966
f 2021 1870 2020
f 2021 1966 1872
f 2021 1872 1870
f 2022 1964 1989
f 2022 1990 1931
f 2022 1989 1990
f 2022 1931 1964
f 1967 1966 2023
f 2024 1967 2023
f 1968 1967 2024
f 2025 1968 2024
f 1969 1968 2025
f 2026 1969 2025
f 1970 1969 2026
f 2027 1970 2026
f 1971 1970 2027
f 2028 1971 2027
f 1972 1971 2028
f 2029 1972 2028
f 1973 1972 2029
f 2030 1973 2029
f 1974 1973 2030
f 2031 1974 2030
f 2032 1975 1974
f 2032 1974 2031
f 2033 1976 1975
f 2033 1975 2032
f 2034 1977 1976
f 2034 1976 2033
f 2035 1978 1977
f 2035 1977 2034
f 2036 1979 1978
f 2036 1978 2035
f 2037 1980 1979
f 2037 1979 2036
f 2038 1981 1980
f 2038 1980 2037
f 2039 1982 1981
f 2039 1981 2038
f 2040 1983 1982
f 2040 1982 2039
f 2041 1983 2040
f 2041 1984 1983
f 2042 1984 2041
f 2042 1985 1984
f 2043 1985 2042
f 2043 1986 1985
f 2044 1986 2043
f 2044 1987 1986
f 1991 1990 2045
f 2046 1991 2045
f 1992 1991 2046
f 2047 1992 2046
f 1993 1992 2047
f 2048 1993 2047
f 1994 1993 2048
f 2049 1994 2048
f 1995 1994 2049
f 2050 1995 2049
f 1996 1995 2050
f 2051 1996 2050
f 1997 1996 2051
f 2052 1997 2051
f 1998 1997 2052
f 2053 1998 2052
f 1999 1998 2053
f 2054 1999 2053
f 2000 1999 2054
f 2055 2000 2054
f 2055 2001 2000
f 2056 2001 2055
f 2056 2002 2001
f 2057 2002 2056
f 2057 2003 2002
f 2058 2003 2057
f 2058 2004 2003
f 2059 2004 2058
f 2059 2005 2004
f 2060 2005 2059
f 2060 2006 2005
f 2061 2006 2060
f 2061 2007 2006
f 2062 2007 2061
f 2062 2008 2007
f 221 222 2008
f 221 2008 2062
f 2063 769 771
f 2063 771 2064
f 2063 2064 2010
f 2063 2010 769
f 2065 2064 2066
f 2065 2010 2064
f 2065 2066 2012
f 2065 2012 2010
f 2067 2066 2068
f 2067 2012 2066
f 2067 2068 2014
f 2067 2014 2012
f 2069 2068 2070
f 2069 2014 2068
f 2069 2070 2016
f 2069 2016 2014
f 2071 2070 2072
f 2071 2016 2070
f 2071 2072 2018
f 2071 2018 2016
f 2073 2072 2074
f 2073 2018 2072
f 2073 2074 2020
f 2073 2020 2018
f 2075 2074 2023
f 2075 2020 2074
f 2075 2023 1966
f 2075 1966 2020
f 2076 1987 2044
f 2076 2077 1988
f 2076 2044 2077
f 2076 1988 1987
f 2078 1988 2077
f 2078 2079 1989
f 2078 2077 2079
f 2078 1989 1988
f 2080 1989 2079
f 2080 2045 1990
f 2080 2079 2045
f 2080 1990 1989
f 2023 2074 2081
f 2082 2023 2081
f 2024 2023 2082
f 2083 2024 2082
f 2025 2024 2083
f 2084 2025 2083
f 2026 2025 2084
f 2085 2026 2084
f 2027 2026 2085
f 2086 2027 2085
f 2028 2027 2086
f 2087 2028 2086
f 2029 2028 2087
f 2088 2029 2087
f 2030 2029 2088
f 2089 2030 2088
f 2031 2030 2089
f 2090 2031 2089
f 2032 2031 2090
f 2091 2032 2090
f 2033 2032 2091
f 2092 2033 2091
f 2034 2033 2092
f 2093 2034 2092
f 2094 2035 2034
f 2094 2034 2093
f 2095 2036 2035
f 2095 2035 2094
f 2096 2037 2036
f 2096 2036 2095
f 2097 2038 2037
f 2097 2037 2096
f 2098 2039 2038
f 2098 2038 2097
f 2099 2040 2039
f 2099 2039 2098
f 2100 2040 2099
f 2100 2041 2040
f 2101 2041 2100
f 2101 2042 2041
f 2102 2042 2101
f 2102 2043 2042
f 2103 2043 2102
f 2103 2044 2043
f 2046 2045 2104
f 2105 2046 2104
f 2047 2046 2105
f 2106 2047 2105
f 2048 2047 2106
f 2107 2048 2106
f 2049 2048 2107
f 2108 2049 2107
f 2050 2049 2108
f 2109 2050 2108
f 2051 2050 2109
f 2110 2051 2109
f 2052 2051 2110
f 2111 2052 2110
f 2053 2052 2111
f 2112 2053 2111
f 2054 2053 2112
f 2113 2054 2112
f 2055 2054 2113
f 2114 2055 2113
f 2056 2055 2114
f 2115 2056 2114
f 2057 2056 2115
f 2116 2057 2115
f 2058 2057 2116
f 2117 2058 2116
f 2059 2058 2117
f 2118 2059 2117
f 2060 2059 2118
f 2119 2060 2118
f 2119 2061 2060
f 2120 2061 2119
f 2120 2062 2061
f 2121 2062 2120
f 2121 221 2062
f 220 221 2121
f 2122 771 770
f 2122 770 2123
f 2122 2123 2064
f 2122 2064 771
f 2124 2123 2125
f 2124 2064 2123
f 2124 2125 2066
f 2124 2066 2064
f 2126 2125 2127
f 2126 2066 2125
f 2126 2127 2068
f 2126 2068 2066
f 2128 2127 2129
f 2128 2068 2127
f 2128 2129 2070
f 2128 2070 2068
f 2130 2129 2131
f 2130 2070 2129
f 2130 2131 2072
f 2130 2072 2070
f 2132 2131 2081
f 2132 2072 2131
f 2132 2081 2074
f 2132 2074 2072
f 2133 2044 2103
f 2133 2134 2077
f 2133 2103 2134
f 2133 2077 2044
f 2135 2077 2134
f 2135 2136 2079
f 2135 2134 2136
f 2135 2079 2077
f 2137 2079 2136
f 2137 2104 2045
f 2137 2136 2104
f 2137 2045 2079
f 2082 2081 2138
f 2139 2082 2138
f 2083 2082 2139
f 2140 2083 2139
f 2084 2083 2140
f 2141 2084 2140
f 2085 2084 2141
f 2142 2085 2141
f 2086 2085 2142
f 2143 2086 2142
f 2087 2086 2143
f 2144 2087 2143
f 2088 2087 2144
f 2145 2088 2144
f 2089 2088 2145
f 2146 2089 2145
f 2090 2089 2146
f 2147 2090 2146
f 2091 2090 2147
f 2148 2091 2147
f 2092 2091 2148
f 2149 2092 2148
f 2093 2092 2149
f 2150 2093 2149
f 2151 2094 2093
f 2151 2093 2150
f 2152 2095 2094
f 2152 2094 2151
f 2153 2096 2095
f 2153 2095 2152
f 2154 2097 2096
f 2154 2096 2153
f 2155 2098 2097
f 2155 2097 2154
f 2156 2099 2098
f 2156 2098 2155
f 2157 2099 2156
f 2157 2100 2099
f 2158 2100 2157
f 2158 2101 2100
f 2159 2101 2158
f 2159 2102 2101
f 2160 2102 2159
f 2160 2103 2102
f 2161 2104 2162
f 2105 2104 2161
f 2163 2105 2161
f 2106 2105 2163
f 2164 2106 2163
f 2107 2106 2164
f 2165 2107 2164
f 2108 2107 2165
f 2166 2108 2165
f 2109 2108 2166
f 2167 2109 2166
f 2110 2109 2167
f 2168 2110 2167
f 2111 2110 2168
f 2169 2111 2168
f 2112 2111 2169
f 2170 2112 2169
f 2113 2112 2170
f 2171 2113 2170
f 2114 2113 2171
f 2172 2114 2171
f 2115 2114 2172
f 2173 2115 2172
f 2116 2115 2173
f 2174 2116 2173
f 2117 2116 2174
f 2175 2117 2174
f 2118 2117 2175
f 2176 2118 2175
f 2119 2118 2176
f 2177 2119 2176
f 2120 2119 2177
f 2178 2120 2177
f 2178 2121 2120
f 2179 220 2121
f 2179 2121 2178
f 219 220 2179
f 2180 770 760
f 2180 760 2181
f 2180 2181 2123
f 2180 2123 770
f 2182 2181 2183
f 2182 2123 2181
f 2182 2183 2125
f 2182 2125 2123
f 2184 2183 2185
f 2184 2125 2183
f 2184 2185 2127
f 2184 2127 2125
f 2186 2185 2187
f 2186 2127 2185
f 2186 2187 2129
f 2186 2129 2127
f 2188 2187 2189
f 2188 2129 2187
f 2188 2189 2131
f 2188 2131 2129
f 2190 2189 2138
f 2190 2131 2189
f 2190 2138 2081
f 2190 2081 2131
f 2191 2103 2160
f 2191 2192 2134
f 2191 2160 2192
f 2191 2134 2103
f 2193 2134 2192
f 2193 2194 2136
f 2193 2192 2194
f 2193 2136 2134
f 2195 2136 2194
f 2195 2162 2104
f 2195 2194 2162
f 2195 2104 2136
f 2196 2139 2197
f 2196 2140 2139
f 2198 2140 2196
f 2198 2141 2140
f 2199 2141 2198
f 2199 2142 2141
f 2200 2142 2199
f 2200 2143 2142
f 2201 2143 2200
f 2201 2144 2143
f 2202 2144 2201
f 2202 2145 2144
f 2203 2145 2202
f 2203 2146 2145
f 2204 2146 2203
f 2204 2147 2146
f 2205 2147 2204
f 2205 2148 2147
f 2206 2149 2148
f 2206 2148 2205
f 2207 2149 2206
f 2150 2149 2207
f 2208 2150 2207
f 2151 2150 2208
f 2209 2151 2208
f 2152 2151 2209
f 2210 2152 2209
f 2153 2152 2210
f 2211 2153 2210
f 2154 2153 2211
f 2212 2154 2211
f 2155 2154 2212
f 2213 2155 2212
f 2156 2155 2213
f 2214 2156 2213
f 2157 2156 2214
f 2215 2157 2214
f 2158 2157 2215
f 2216 2158 2215
f 2159 2158 2216
f 2217 2159 2216
f 2160 2159 2217
f 2218 2160 2217
f 2192 2160 2218
f 2219 2162 2220
f 2221 2162 2219
f 2161 2162 2221
f 2222 2161 2221
f 2163 2161 2222
f 2223 2163 2222
f 2223 2164 2163
f 2224 2164 2223
f 2224 2165 2164
f 2225 2165 2224
f 2225 2166 2165
f 2226 2166 2225
f 2226 2167 2166
f 2227 2167 2226
f 2168 2167 2227
f 2228 2168 2227
f 2228 2169 2168
f 2229 2169 2228
f 2229 2170 2169
f 2230 2170 2229
f 2230 2171 2170
f 2231 2171 2230
f 2231 2172 2171
f 2232 2172 2231
f 2232 2173 2172
f 2233 2173 2232
f 2233 2174 2173
f 2234 2174 2233
f 2234 2175 2174
f 2176 2175 2234
f 2235 2176 2234
f 2177 2176 2235
f 2236 2177 2235
f 2178 2177 2236
f 2237 2178 2236
f 2237 2179 2178
f 2238 219 2179
f 2238 2179 2237
f 211 219 2238
f 2239 760 762
f 2239 762 2240
f 2239 2240 2181
f 2239 2181 760
f 2241 2240 2242
f 2241 2181 2240
f 2241 2242 2183
f 2241 2183 2181
f 2243 2242 2244
f 2243 2183 2242
f 2243 2244 2185
f 2243 2185 2183
f 2245 2244 2246
f 2245 2185 2244
f 2245 2246 2187
f 2245 2187 2185
f 2247 2246 2248
f 2247 2187 2246
f 2247 2248 2189
f 2247 2189 2187
f 2249 2248 2250
f 2249 2189 2248
f 2249 2250 2138
f 2249 2138 2189
f 2251 2250 2197
f 2251 2138 2250
f 2251 2197 2139
f 2251 2139 2138
f 2252 2192 2218
f 2252 2253 2194
f 2252 2218 2253
f 2252 2194 2192
f 2254 2194 2253
f 2254 2253 2220
f 2254 2220 2162
f 2254 2162 2194
f 2196 2197 2255
f 2256 2196 2255
f 2198 2196 2256
f 2257 2198 2256
f 2199 2198 2257
f 2258 2199 2257
f 2200 2199 2258
f 2259 2200 2258
f 2201 2200 2259
f 2260 2201 2259
f 2202 2201 2260
f 2261 2202 2260
f 2203 2202 2261
f 2262 2203 2261
f 2204 2203 2262
f 2263 2204 2262
f 2205 2204 2263
f 2264 2205 2263
f 2206 2205 2264
f 2265 2206 2264
f 2266 2207 2206
f 2266 2206 2265
f 2267 2208 2207
f 2267 2207 2266
f 2268 2209 2208
f 2268 2208 2267
f 2269 2210 2209
f 2269 2209 2268
f 2270 2211 2210
f 2270 2210 2269
f 2271 2212 2211
f 2271 2211 2270
f 2272 2212 2271
f 2272 2213 2212
f 2273 2213 2272
f 2214 2213 2273
f 2274 2214 2273
f 2215 2214 2274
f 2275 2215 2274
f 2216 2215 2275
f 2276 2216 2275
f 2217 2216 2276
f 2277 2217 2276
f 2218 2217 2277
f 2278 2218 2277
f 2253 2218 2278
f 2221 2219 2279
f 2280 2221 2279
f 2222 2221 2280
f 2281 2222 2280
f 2223 2222 2281
f 2282 2223 2281
f 2224 2223 2282
f 2283 2224 2282
f 2225 2224 2283
f 2284 2225 2283
f 2226 2225 2284
f 2285 2226 2284
f 2227 2226 2285
f 2286 2227 2285
f 2286 2228 2227
f 2287 2228 2286
f 2287 2229 2228
f 2288 2229 2287
f 2288 2230 2229
f 2231 2230 2288
f 2289 2231 2288
f 2232 2231 2289
f 2290 2232 2289
f 2233 2232 2290
f 2291 2233 2290
f 2234 2233 2291
f 2292 2234 2291
f 2235 2234 2292
f 2293 2235 2292
f 2236 2235 2293
f 2294 2236 2293
f 2237 2236 2294
f 2295 2237 2294
f 2295 2238 2237
f 2296 211 2238
f 2296 2238 2295
f 208 211 2296
f 2297 762 761
f 2297 761 2298
f 2297 2298 2240
f 2297 2240 762
f 2299 2298 2300
f 2299 2240 2298
f 2299 2300 2242
f 2299 2242 2240
f 2301 2300 2302
f 2301 2242 2300
f 2301 2302 2244
f 2301 2244 2242
f 2303 2302 2304
f 2303 2244 2302
f 2303 2304 2246
f 2303 2246 2244
f 2305 2304 2306
f 2305 2246 2304
f 2305 2306 2248
f 2305 2248 2246
f 2307 2306 2308
f 2307 2248 2306
f 2307 2308 2250
f 2307 2250 2248
f 2309 2308 2255
f 2309 2250 2308
f 2309 2255 2197
f 2309 2197 2250
f 2310 2253 2278
f 2310 2278 2311
f 2310 2311 2220
f 2310 2220 2253
f 2312 2311 2279
f 2312 2220 2311
f 2312 2279 2219
f 2312 2219 2220
f 2313 2304 2314
f 2313 2306 2304
f 2315 2306 2313
f 2315 2308 2306
f 2316 2308 2315
f 2316 2255 2308
f 2317 2255 2316
f 2317 2256 2255
f 2318 2256 2317
f 2318 2257 2256
f 2319 2257 2318
f 2319 2258 2257
f 2320 2258 2319
f 2320 2259 2258
f 2321 2259 2320
f 2321 2260 2259
f 2322 2260 2321
f 2322 2261 2260
f 2323 2261 2322
f 2323 2262 2261
f 2324 2262 2323
f 2263 2262 2324
f 2325 2263 2324
f 2264 2263 2325
f 2326 2264 2325
f 2265 2264 2326
f 2327 2265 2326
f 2266 2265 2327
f 2328 2266 2327
f 2267 2266 2328
f 2329 2267 2328
f 2268 2267 2329
f 2330 2268 2329
f 2269 2268 2330
f 2331 2269 2330
f 2270 2269 2331
f 2332 2270 2331
f 2271 2270 2332
f 2333 2271 2332
f 2272 2271 2333
f 2334 2272 2333
f 2273 2272 2334
f 2335 2273 2334
f 2274 2273 2335
f 2336 2274 2335
f 2275 2274 2336
f 2337 2275 2336
f 2276 2275 2337
f 2338 2276 2337
f 2277 2276 2338
f 2339 2277 2338
f 2278 2277 2339
f 2340 2278 2339
f 2311 2278 2340
f 2280 2279 2341
f 2342 2280 2341
f 2281 2280 2342
f 2343 2281 2342
f 2282 2281 2343
f 2344 2282 2343
f 2283 2282 2344
f 2345 2283 2344
f 2284 2283 2345
f 2346 2284 2345
f 2285 2284 2346
f 2347 2285 2346
f 2286 2285 2347
f 2348 2286 2347
f 2287 2286 2348
f 2349 2287 2348
f 2288 2287 2349
f 2350 2288 2349
f 2289 2288 2350
f 2351 2289 2350
f 2290 2289 2351
f 2352 2290 2351
f 2291 2290 2352
f 2353 2291 2352
f 2292 2291 2353
f 2354 2292 2353
f 2293 2292 2354
f 2355 2293 2354
f 2294 2293 2355
f 2356 2294 2355
f 2356 2295 2294
f 2357 2295 2356
f 2357 2296 2295
f 210 2296 2357
f 210 208 2296
f 2358 761 758
f 2358 758 2359
f 2358 2359 2298
f 2358 2298 761
f 2360 2359 2361
f 2360 2298 2359
f 2360 2361 2300
f 2360 2300 2298
f 2362 2361 2363
f 2362 2300 2361
f 2362 2363 2302
f 2362 2302 2300
f 2364 2363 2314
f 2364 2302 2363
f 2364 2314 2304
f 2364 2304 2302
f 2365 2311 2340
f 2365 2340 2341
f 2365 2341 2279
f 2365 2279 2311
f 2317 2316 2366
f 2367 2317 2366
f 2318 2317 2367
f 2368 2318 2367
f 2319 2318 2368
f 2369 2319 2368
f 2320 2319 2369
f 2370 2320 2369
f 2321 2320 2370
f 2371 2321 2370
f 2322 2321 2371
f 2372 2322 2371
f 2323 2322 2372
f 2373 2323 2372
f 2324 2323 2373
f 2374 2324 2373
f 2375 2324 2374
f 2375 2325 2324
f 2376 2326 2325
f 2376 2325 2375
f 2377 2327 2326
f 2377 2326 2376
f 2378 2328 2327
f 2378 2327 2377
f 2379 2329 2328
f 2379 2328 2378
f 2380 2330 2329
f 2380 2329 2379
f 2381 2331 2330
f 2381 2330 2380
f 2382 2332 2331
f 2382 2331 2381
f 2383 2333 2332
f 2383 2332 2382
f 2384 2333 2383
f 2384 2334 2333
f 2385 2334 2384
f 2385 2335 2334
f 2386 2335 2385
f 2386 2336 2335
f 2387 2336 2386
f 2387 2337 2336
f 2388 2337 2387
f 2388 2338 2337
f 2389 2341 2390
f 2342 2341 2389
f 2391 2342 2389
f 2343 2342 2391
f 2392 2343 2391
f 2344 2343 2392
f 2393 2344 2392
f 2345 2344 2393
f 2394 2345 2393
f 2346 2345 2394
f 2395 2346 2394
f 2347 2346 2395
f 2396 2347 2395
f 2348 2347 2396
f 2397 2348 2396
f 2349 2348 2397
f 2398 2349 2397
f 2350 2349 2398
f 2399 2350 2398
f 2351 2350 2399
f 2400 2351 2399
f 2352 2351 2400
f 2401 2352 2400
f 2353 2352 2401
f 2402 2353 2401
f 2354 2353 2402
f 2403 2354 2402
f 2355 2354 2403
f 2404 2355 2403
f 2356 2355 2404
f 2405 2356 2404
f 2357 2356 2405
f 2406 2357 2405
f 210 2357 2406
f 209 210 2406
f 2407 758 759
f 2407 759 2408
f 2407 2408 2359
f 2407 2359 758
f 2409 2408 2410
f 2409 2359 2408
f 2409 2410 2361
f 2409 2361 2359
f 2411 2410 2412
f 2411 2361 2410
f 2411 2412 2363
f 2411 2363 2361
f 2413 2412 2414
f 2413 2363 2412
f 2413 2414 2314
f 2413 2314 2363
f 2415 2414 2416
f 2415 2314 2414
f 2415 2416 2313
f 2415 2313 2314
f 2417 2416 2418
f 2417 2313 2416
f 2417 2418 2315
f 2417 2315 2313
f 2419 2418 2366
f 2419 2315 2418
f 2419 2366 2316
f 2419 2316 2315
f 2420 2338 2388
f 2420 2421 2339
f 2420 2388 2421
f 2420 2339 2338
f 2422 2339 2421
f 2422 2423 2340
f 2422 2421 2423
f 2422 2340 2339
f 2424 2340 2423
f 2424 2423 2390
f 2424 2390 2341
f 2424 2341 2340
f 2366 2418 2425
f 2426 2366 2425
f 2367 2366 2426
f 2427 2367 2426
f 2368 2367 2427
f 2428 2368 2427
f 2369 2368 2428
f 2429 2369 2428
f 2370 2369 2429
f 2430 2370 2429
f 2371 2370 2430
f 2431 2371 2430
f 2432 2371 2431
f 2372 2371 2432
f 2433 2372 2432
f 2373 2372 2433
f 2434 2373 2433
f 2374 2373 2434
f 2435 2374 2434
f 2375 2374 2435
f 2436 2375 2435
f 2376 2375 2436
f 2437 2376 2436
f 2377 2376 2437
f 2438 2377 2437
f 2378 2377 2438
f 2439 2378 2438
f 2379 2378 2439
f 2440 2379 2439
f 2380 2379 2440
f 2441 2380 2440
f 2381 2380 2441
f 2442 2381 2441
f 2382 2381 2442
f 2443 2382 2442
f 2383 2382 2443
f 2444 2383 2443
f 2384 2383 2444
f 2445 2384 2444
f 2385 2384 2445
f 2446 2385 2445
f 2386 2385 2446
f 2447 2386 2446
f 2387 2386 2447
f 2448 2387 2447
f 2388 2387 2448
f 2449 2388 2448
f 2421 2388 2449
f 2450 2421 2449
f 2423 2421 2450
f 2451 2423 2450
f 2389 2390 2452
f 2453 2389 2452
f 2391 2389 2453
f 2454 2391 2453
f 2392 2391 2454
f 2455 2392 2454
f 2393 2392 2455
f 2456 2393 2455
f 2394 2393 2456
f 2457 2394 2456
f 2395 2394 2457
f 2458 2395 2457
f 2458 2396 2395
f 2397 2396 2458
f 2459 2397 2458
f 2398 2397 2459
f 2460 2398 2459
f 2399 2398 2460
f 2461 2399 2460
f 2400 2399 2461
f 2462 2400 2461
f 2401 2400 2462
f 2463 2401 2462
f 2402 2401 2463
f 2464 2402 2463
f 2403 2402 2464
f 2465 2403 2464
f 2404 2403 2465
f 2466 2404 2465
f 2466 2405 2404
f 2467 2405 2466
f 2467 2406 2405
f 207 2406 2467
f 207 209 2406
f 2468 759 755
f 2468 755 2469
f 2468 2469 2408
f 2468 2408 759
f 2470 2469 2471
f 2470 2408 2469
f 2470 2471 2410
f 2470 2410 2408
f 2472 2471 2473
f 2472 2410 2471
f 2472 2473 2412
f 2472 2412 2410
f 2474 2473 2475
f 2474 2412 2473
f 2474 2475 2414
f 2474 2414 2412
f 2476 2475 2477
f 2476 2414 2475
f 2476 2477 2416
f 2476 2416 2414
f 2478 2477 2425
f 2478 2416 2477
f 2478 2425 2418
f 2478 2418 2416
f 2479 2423 2451
f 2479 2451 2452
f 2479 2452 2390
f 2479 2390 2423
f 2427 2426 2480
f 2481 2427 2480
f 2428 2427 2481
f 2482 2428 2481
f 2429 2428 2482
f 2483 2429 2482
f 2430 2429 2483
f 2484 2430 2483
f 2431 2430 2484
f 2485 2431 2484
f 2486 2431 2485
f 2486 2432 2431
f 2487 2432 2486
f 2487 2433 2432
f 2488 2433 2487
f 2488 2434 2433
f 2489 2434 2488
f 2489 2435 2434
f 2490 2436 2435
f 2490 2435 2489
f 2491 2437 2436
f 2491 2436 2490
f 2492 2438 2437
f 2492 2437 2491
f 2493 2439 2438
f 2493 2438 2492
f 2494 2440 2439
f 2494 2439 2493
f 2495 2441 2440
f 2495 2440 2494
f 2496 2442 2441
f 2496 2441 2495
f 2497 2443 2442
f 2497 2442 2496
f 2498 2443 2497
f 2498 2444 2443
f 2499 2444 2498
f 2499 2445 2444
f 2500 2445 2499
f 2500 2446 2445
f 2501 2446 2500
f 2501 2447 2446
f 2502 2447 2501
f 2502 2448 2447
f 2503 2448 2502
f 2503 2449 2448
f 2504 2452 2505
f 2453 2452 2504
f 2506 2453 2504
f 2454 2453 2506
f 2507 2454 2506
f 2455 2454 2507
f 2508 2455 2507
f 2456 2455 2508
f 2509 2456 2508
f 2457 2456 2509
f 2510 2457 2509
f 2458 2457 2510
f 2511 2458 2510
f 2459 2458 2511
f 2512 2459 2511
f 2460 2459 2512
f 2513 2460 2512
f 2461 2460 2513
f 2514 2461 2513
f 2515 2461 2514
f 2515 2462 2461
f 2516 2462 2515
f 2516 2463 2462
f 2517 2463 2516
f 2517 2464 2463
f 2518 2464 2517
f 2518 2465 2464
f 2519 2465 2518
f 2519 2466 2465
f 2520 2467 2466
f 2520 2466 2519
f 2521 2467 2520
f 207 2467 2521
f 206 207 2521
f 2522 755 756
f 2522 756 2523
f 2522 2523 2469
f 2522 2469 755
f 2524 2523 2525
f 2524 2469 2523
f 2524 2525 2471
f 2524 2471 2469
f 2526 2525 2527
f 2526 2471 2525
f 2526 2527 2473
f 2526 2473 2471
f 2528 2527 2529
f 2528 2473 2527
f 2528 2529 2475
f 2528 2475 2473
f 2530 2529 2531
f 2530 2475 2529
f 2530 2531 2477
f 2530 2477 2475
f 2532 2531 2533
f 2532 2477 2531
f 2532 2533 2425
f 2532 2425 2477
f 2534 2533 2480
f 2534 2425 2533
f 2534 2480 2426
f 2534 2426 2425
f 2535 2449 2503
f 2535 2536 2450
f 2535 2503 2536
f 2535 2450 2449
f 2537 2450 2536
f 2537 2536 2538
f 2537 2538 2451
f 2537 2451 2450
f 2539 2538 2505
f 2539 2451 2538
f 2539 2505 2452
f 2539 2452 2451
f 2481 2480 2540
f 2541 2481 2540
f 2482 2481 2541
f 2542 2482 2541
f 2483 2482 2542
f 2543 2483 2542
f 2544 2483 2543
f 2544 2484 2483
f 2545 2484 2544
f 2545 2485 2484
f 2546 2485 2545
f 2546 2486 2485
f 2547 2486 2546
f 2547 2487 2486
f 2548 2487 2547
f 2548 2488 2487
f 2549 2489 2488
f 2549 2488 2548
f 2550 2490 2489
f 2550 2489 2549
f 2551 2491 2490
f 2551 2490 2550
f 2552 2492 2491
f 2552 2491 2551
f 2553 2493 2492
f 2553 2492 2552
f 2554 2494 2493
f 2554 2493 2553
f 2555 2495 2494
f 2555 2494 2554
f 2556 2496 2495
f 2556 2495 2555
f 2557 2496 2556
f 2557 2497 2496
f 2558 2497 2557
f 2558 2498 2497
f 2559 2498 2558
f 2559 2499 2498
f 2560 2499 2559
f 2560 2500 2499
f 2561 2500 2560
f 2561 2501 2500
f 2562 2501 2561
f 2562 2502 2501
f 2504 2505 2563
f 2564 2504 2563
f 2506 2504 2564
f 2565 2506 2564
f 2507 2506 2565
f 2566 2507 2565
f 2508 2507 2566
f 2567 2508 2566
f 2509 2508 2567
f 2568 2509 2567
f 2568 2510 2509
f 2569 2510 2568
f 2511 2510 2569
f 2570 2511 2569
f 2512 2511 2570
f 2571 2512 2570
f 2513 2512 2571
f 2572 2513 2571
f 2514 2513 2572
f 2573 2514 2572
f 2515 2514 2573
f 2574 2515 2573
f 2516 2515 2574
f 2575 2516 2574
f 2517 2516 2575
f 2576 2517 2575
f 2518 2517 2576
f 2577 2518 2576
f 2577 2519 2518
f 2578 2520 2519
f 2578 2519 2577
f 2579 2521 2520
f 2579 2520 2578
f 200 2521 2579
f 200 206 2521
f 2580 756 752
f 2580 752 2581
f 2580 2581 2523
f 2580 2523 756
f 2582 2581 2583
f 2582 2523 2581
f 2582 2583 2525
f 2582 2525 2523
f 2584 2583 2585
f 2584 2525 2583
f 2584 2585 2527
f 2584 2527 2525
f 2586 2585 2587
f 2586 2527 2585
f 2586 2587 2529
f 2586 2529 2527
f 2588 2587 2589
f 2588 2529 2587
f 2588 2589 2531
f 2588 2531 2529
f 2590 2589 2591
f 2590 2531 2589
f 2590 2591 2533
f 2590 2533 2531
f 2592 2591 2540
f 2592 2533 2591
f 2592 2540 2480
f 2592 2480 2533
f 2593 2502 2562
f 2593 2594 2503
f 2593 2562 2594
f 2593 2503 2502
f 2595 2503 2594
f 2595 2596 2536
f 2595 2594 2596
f 2595 2536 2503
f 2597 2536 2596
f 2597 2596 2598
f 2597 2598 2538
f 2597 2538 2536
f 2599 2598 2563
f 2599 2538 2598
f 2599 2563 2505
f 2599 2505 2538
f 2541 2540 2600
f 2601 2541 2600
f 2542 2541 2601
f 2602 2542 2601
f 2603 2542 2602
f 2603 2543 2542
f 2604 2543 2603
f 2604 2544 2543
f 2605 2544 2604
f 2605 2545 2544
f 2606 2545 2605
f 2606 2546 2545
f 2607 2546 2606
f 2607 2547 2546
f 2608 2547 2607
f 2608 2548 2547
f 2609 2548 2608
f 2609 2549 2548
f 2610 2550 2549
f 2610 2549 2609
f 2611 2551 2550
f 2611 2550 2610
f 2612 2552 2551
f 2612 2551 2611
f 2613 2553 2552
f 2613 2552 2612
f 2614 2554 2553
f 2614 2553 2613
f 2615 2555 2554
f 2615 2554 2614
f 2616 2556 2555
f 2616 2555 2615
f 2617 2557 2556
f 2617 2556 2616
f 2618 2557 2617
f 2618 2558 2557
f 2619 2558 2618
f 2619 2559 2558
f 2620 2559 2619
f 2620 2560 2559
f 2621 2560 2620
f 2621 2561 2560
f 2622 2561 2621
f 2622 2562 2561
f 2623 2563 2624
f 2623 2564 2563
f 2625 2564 2623
f 2625 2565 2564
f 2626 2565 2625
f 2626 2566 2565
f 2627 2566 2626
f 2627 2567 2566
f 2628 2567 2627
f 2628 2568 2567
f 2629 2568 2628
f 2629 2569 2568
f 2570 2569 2629
f 2630 2570 2629
f 2571 2570 2630
f 2631 2571 2630
f 2572 2571 2631
f 2632 2572 2631
f 2573 2572 2632
f 2633 2573 2632
f 2574 2573 2633
f 2634 2574 2633
f 2575 2574 2634
f 2635 2575 2634
f 2576 2575 2635
f 2636 2576 2635
f 2577 2576 2636
f 2637 2577 2636
f 2637 2578 2577
f 2638 2578 2637
f 2638 2579 2578
f 198 200 2579
f 198 2579 2638
f 2639 752 754
f 2639 754 2640
f 2639 2640 2581
f 2639 2581 752
f 2641 2640 2642
f 2641 2581 2640
f 2641 2642 2583
f 2641 2583 2581
f 2643 2642 2644
f 2643 2583 2642
f 2643 2644 2585
f 2643 2585 2583
f 2645 2644 2646
f 2645 2585 2644
f 2645 2646 2587
f 2645 2587 2585
f 2647 2646 2648
f 2647 2587 2646
f 2647 2648 2589
f 2647 2589 2587
f 2649 2648 2650
f 2649 2589 2648
f 2649 2650 2591
f 2649 2591 2589
f 2651 2650 2600
f 2651 2591 2650
f 2651 2600 2540
f 2651 2540 2591
f 2652 2562 2622
f 2652 2653 2594
f 2652 2622 2653
f 2652 2594 2562
f 2654 2594 2653
f 2654 2655 2596
f 2654 2653 2655
f 2654 2596 2594
f 2656 2596 2655
f 2656 2655 2657
f 2656 2657 2598
f 2656 2598 2596
f 2658 2657 2624
f 2658 2598 2657
f 2658 2624 2563
f 2658 2563 2598
f 2659 2600 2660
f 2659 2601 2600
f 2661 2601 2659
f 2661 2602 2601
f 2603 2602 2661
f 2662 2603 2661
f 2604 2603 2662
f 2663 2604 2662
f 2605 2604 2663
f 2664 2605 2663
f 2606 2605 2664
f 2665 2606 2664
f 2607 2606 2665
f 2666 2607 2665
f 2608 2607 2666
f 2667 2608 2666
f 2609 2608 2667
f 2668 2609 2667
f 2610 2609 2668
f 2669 2610 2668
f 2611 2610 2669
f 2670 2611 2669
f 2612 2611 2670
f 2671 2612 2670
f 2613 2612 2671
f 2672 2613 2671
f 2614 2613 2672
f 2673 2614 2672
f 2615 2614 2673
f 2674 2615 2673
f 2616 2615 2674
f 2675 2616 2674
f 2617 2616 2675
f 2676 2617 2675
f 2618 2617 2676
f 2677 2618 2676
f 2619 2618 2677
f 2678 2619 2677
f 2620 2619 2678
f 2679 2620 2678
f 2621 2620 2679
f 2680 2621 2679
f 2622 2621 2680
f 2681 2622 2680
f 2623 2624 2682
f 2683 2623 2682
f 2625 2623 2683
f 2684 2625 2683
f 2626 2625 2684
f 2685 2626 2684
f 2627 2626 2685
f 2686 2627 2685
f 2628 2627 2686
f 2687 2628 2686
f 2629 2628 2687
f 2688 2629 2687
f 2689 2629 2688
f 2689 2630 2629
f 2690 2630 2689
f 2631 2630 2690
f 2691 2631 2690
f 2632 2631 2691
f 2692 2632 2691
f 2633 2632 2692
f 2693 2633 2692
f 2634 2633 2693
f 2694 2634 2693
f 2694 2635 2634
f 2695 2635 2694
f 2695 2636 2635
f 2696 2636 2695
f 2696 2637 2636
f 2697 2637 2696
f 2697 2638 2637
f 2698 2638 2697
f 198 2638 2698
f 199 198 2698
f 2699 754 753
f 2699 753 2700
f 2699 2700 2640
f 2699 2640 754
f 2701 2700 2702
f 2701 2640 2700
f 2701 2702 2642
f 2701 2642 2640
f 2703 2702 2704
f 2703 2642 2702
f 2703 2704 2644
f 2703 2644 2642
f 2705 2704 2706
f 2705 2644 2704
f 2705 2706 2646
f 2705 2646 2644
f 2707 2706 2708
f 2707 2646 2706
f 2707 2708 2648
f 2707 2648 2646
f 2709 2708 2710
f 2709 2648 2708
f 2709 2710 2650
f 2709 2650 2648
f 2711 2710 2660
f 2711 2650 2710
f 2711 2660 2600
f 2711 2600 2650
f 2712 2622 2681
f 2712 2713 2653
f 2712 2681 2713
f 2712 2653 2622
f 2714 2653 2713
f 2714 2715 2655
f 2714 2713 2715
f 2714 2655 2653
f 2716 2655 2715
f 2716 2715 2717
f 2716 2717 2657
f 2716 2657 2655
f 2718 2717 2682
f 2718 2657 2717
f 2718 2682 2624
f 2718 2624 2657
f 2719 2660 2720
f 2719 2659 2660
f 2721 2659 2719
f 2721 2661 2659
f 2722 2661 2721
f 2722 2662 2661
f 2663 2662 2722
f 2723 2663 2722
f 2664 2663 2723
f 2724 2664 2723
f 2665 2664 2724
f 2725 2665 2724
f 2666 2665 2725
f 2726 2666 2725
f 2667 2666 2726
f 2727 2667 2726
f 2668 2667 2727
f 2728 2668 2727
f 2669 2668 2728
f 2729 2669 2728
f 2670 2669 2729
f 2730 2670 2729
f 2671 2670 2730
f 2731 2671 2730
f 2672 2671 2731
f 2732 2672 2731
f 2673 2672 2732
f 2733 2673 2732
f 2674 2673 2733
f 2734 2674 2733
f 2675 2674 2734
f 2735 2675 2734
f 2676 2675 2735
f 2736 2676 2735
f 2677 2676 2736
f 2737 2677 2736
f 2678 2677 2737
f 2738 2678 2737
f 2679 2678 2738
f 2739 2679 2738
f 2680 2679 2739
f 2740 2680 2739
f 2681 2680 2740
f 2741 2681 2740
f 2742 2682 2743
f 2683 2682 2742
f 2744 2683 2742
f 2684 2683 2744
f 2745 2684 2744
f 2685 2684 2745
f 2746 2685 2745
f 2686 2685 2746
f 2747 2686 2746
f 2687 2686 2747
f 2748 2687 2747
f 2688 2687 2748
f 2749 2688 2748
f 2689 2688 2749
f 2750 2689 2749
f 2690 2689 2750
f 2751 2690 2750
f 2691 2690 2751
f 2752 2691 2751
f 2752 2692 2691
f 2753 2692 2752
f 2753 2693 2692
f 2754 2693 2753
f 2754 2694 2693
f 2755 2694 2754
f 2755 2695 2694
f 2756 2695 2755
f 2756 2696 2695
f 2757 2696 2756
f 2697 2696 2757
f 2758 2697 2757
f 2758 2698 2697
f 2759 2698 2758
f 199 2698 2759
f 197 199 2759
f 2760 753 747
f 2760 747 2761
f 2760 2761 2700
f 2760 2700 753
f 2762 2761 2763
f 2762 2700 2761
f 2762 2763 2702
f 2762 2702 2700
f 2764 2763 2765
f 2764 2702 2763
f 2764 2765 2704
f 2764 2704 2702
f 2766 2765 2767
f 2766 2704 2765
f 2766 2767 2706
f 2766 2706 2704
f 2768 2767 2769
f 2768 2706 2767
f 2768 2769 2708
f 2768 2708 2706
f 2770 2769 2771
f 2770 2708 2769
f 2770 2771 2710
f 2770 2710 2708
f 2772 2771 2720
f 2772 2710 2771
f 2772 2720 2660
f 2772 2660 2710
f 2773 2681 2741
f 2773 2774 2713
f 2773 2741 2774
f 2773 2713 2681
f 2775 2713 2774
f 2775 2774 2776
f 2775 2776 2715
f 2775 2715 2713
f 2777 2776 2778
f 2777 2715 2776
f 2777 2778 2717
f 2777 2717 2715
f 2779 2778 2743
f 2779 2717 2778
f 2779 2743 2682
f 2779 2682 2717
f 2780 2720 2781
f 2780 2719 2720
f 2782 2719 2780
f 2782 2721 2719
f 2783 2721 2782
f 2783 2722 2721
f 2784 2722 2783
f 2784 2723 2722
f 2785 2723 2784
f 2785 2724 2723
f 2725 2724 2785
f 2786 2725 2785
f 2726 2725 2786
f 2787 2726 2786
f 2727 2726 2787
f 2788 2727 2787
f 2728 2727 2788
f 2789 2728 2788
f 2729 2728 2789
f 2790 2729 2789
f 2730 2729 2790
f 2791 2730 2790
f 2731 2730 2791
f 2792 2731 2791
f 2732 2731 2792
f 2793 2732 2792
f 2733 2732 2793
f 2794 2733 2793
f 2734 2733 2794
f 2795 2734 2794
f 2735 2734 2795
f 2796 2735 2795
f 2736 2735 2796
f 2797 2736 2796
f 2737 2736 2797
f 2798 2737 2797
f 2738 2737 2798
f 2799 2738 2798
f 2739 2738 2799
f 2800 2739 2799
f 2740 2739 2800
f 2801 2740 2800
f 2741 2740 2801
f 2802 2741 2801
f 2774 2741 2802
f 2803 2774 2802
f 2742 2743 2804
f 2805 2742 2804
f 2805 2744 2742
f 2806 2744 2805
f 2806 2745 2744
f 2807 2745 2806
f 2807 2746 2745
f 2808 2746 2807
f 2808 2747 2746
f 2809 2747 2808
f 2809 2748 2747
f 2810 2748 2809
f 2810 2749 2748
f 2811 2749 2810
f 2811 2750 2749
f 2812 2750 2811
f 2812 2751 2750
f 2813 2751 2812
f 2813 2752 2751
f 2753 2752 2813
f 2814 2753 2813
f 2754 2753 2814
f 2815 2754 2814
f 2755 2754 2815
f 2816 2755 2815
f 2756 2755 2816
f 2817 2756 2816
f 2757 2756 2817
f 2818 2757 2817
f 2758 2757 2818
f 2819 2759 2758
f 2819 2758 2818
f 192 197 2759
f 192 2759 2819
f 2820 747 750
f 2820 750 2821
f 2820 2821 2761
f 2820 2761 747
f 2822 2821 2823
f 2822 2761 2821
f 2822 2823 2763
f 2822 2763 2761
f 2824 2823 2825
f 2824 2763 2823
f 2824 2825 2765
f 2824 2765 2763
f 2826 2825 2827
f 2826 2765 2825
f 2826 2827 2767
f 2826 2767 2765
f 2828 2827 2829
f 2828 2767 2827
f 2828 2829 2769
f 2828 2769 2767
f 2830 2829 2831
f 2830 2769 2829
f 2830 2831 2771
f 2830 2771 2769
f 2832 2831 2781
f 2832 2771 2831
f 2832 2781 2720
f 2832 2720 2771
f 2833 2774 2803
f 2833 2803 2834
f 2833 2834 2776
f 2833 2776 2774
f 2835 2776 2834
f 2835 2834 2836
f 2835 2836 2778
f 2835 2778 2776
f 2837 2836 2804
f 2837 2778 2836
f 2837 2804 2743
f 2837 2743 2778
f 2838 2831 2839
f 2838 2781 2831
f 2840 2781 2838
f 2840 2780 2781
f 2841 2780 2840
f 2841 2782 2780
f 2842 2782 2841
f 2842 2783 2782
f 2843 2783 2842
f 2843 2784 2783
f 2844 2784 2843
f 2844 2785 2784
f 2786 2785 2844
f 2845 2786 2844
f 2787 2786 2845
f 2846 2787 2845
f 2788 2787 2846
f 2847 2788 2846
f 2789 2788 2847
f 2848 2789 2847
f 2790 2789 2848
f 2849 2790 2848
f 2791 2790 2849
f 2850 2791 2849
f 2792 2791 2850
f 2851 2792 2850
f 2793 2792 2851
f 2852 2793 2851
f 2794 2793 2852
f 2853 2794 2852
f 2795 2794 2853
f 2854 2795 2853
f 2796 2795 2854
f 2855 2796 2854
f 2797 2796 2855
f 2856 2797 2855
f 2798 2797 2856
f 2857 2798 2856
f 2799 2798 2857
f 2858 2799 2857
f 2800 2799 2858
f 2859 2800 2858
f 2801 2800 2859
f 2860 2801 2859
f 2802 2801 2860
f 2861 2802 2860
f 2803 2802 2861
f 2862 2803 2861
f 2834 2803 2862
f 2863 2834 2862
f 2836 2834 2863
f 2864 2804 2865
f 2805 2804 2864
f 2866 2805 2864
f 2806 2805 2866
f 2867 2806 2866
f 2807 2806 2867
f 2868 2807 2867
f 2808 2807 2868
f 2869 2808 2868
f 2809 2808 2869
f 2870 2809 2869
f 2810 2809 2870
f 2871 2810 2870
f 2872 2810 2871
f 2811 2810 2872
f 2873 2811 2872
f 2873 2812 2811
f 2874 2812 2873
f 2874 2813 2812
f 2875 2813 2874
f 2875 2814 2813
f 2876 2814 2875
f 2876 2815 2814
f 2877 2815 2876
f 2877 2816 2815
f 2878 2816 2877
f 2878 2817 2816
f 2879 2817 2878
f 2879 2818 2817
f 2880 2818 2879
f 2880 2819 2818
f 2881 2819 2880
f 192 2819 2881
f 194 192 2881
f 2882 750 749
f 2882 749 2883
f 2882 2883 2821
f 2882 2821 750
f 2884 2883 2885
f 2884 2821 2883
f 2884 2885 2823
f 2884 2823 2821
f 2886 2885 2887
f 2886 2823 2885
f 2886 2887 2825
f 2886 2825 2823
f 2888 2887 2889
f 2888 2825 2887
f 2888 2889 2827
f 2888 2827 2825
f 2890 2889 2891
f 2890 2827 2889
f 2890 2891 2829
f 2890 2829 2827
f 2892 2891 2839
f 2892 2829 2891
f 2892 2839 2831
f 2892 2831 2829
f 2893 2863 2865
f 2893 2836 2863
f 2893 2865 2804
f 2893 2804 2836
f 2894 2838 2895
f 2894 2840 2838
f 2896 2840 2894
f 2896 2841 2840
f 2897 2841 2896
f 2897 2842 2841
f 2898 2842 2897
f 2898 2843 2842
f 2899 2843 2898
f 2899 2844 2843
f 2900 2844 2899
f 2900 2845 2844
f 2901 2845 2900
f 2901 2846 2845
f 2902 2846 2901
f 2902 2847 2846
f 2848 2847 2902
f 2903 2848 2902
f 2849 2848 2903
f 2904 2849 2903
f 2850 2849 2904
f 2905 2850 2904
f 2851 2850 2905
f 2906 2851 2905
f 2852 2851 2906
f 2907 2852 2906
f 2853 2852 2907
f 2908 2853 2907
f 2854 2853 2908
f 2909 2854 2908
f 2855 2854 2909
f 2910 2855 2909
f 2856 2855 2910
f 2911 2856 2910
f 2857 2856 2911
f 2912 2857 2911
f 2858 2857 2912
f 2913 2858 2912
f 2859 2858 2913
f 2914 2859 2913
f 2860 2859 2914
f 2915 2860 2914
f 2861 2860 2915
f 2916 2861 2915
f 2864 2865 2917
f 2918 2864 2917
f 2866 2864 2918
f 2919 2866 2918
f 2867 2866 2919
f 2920 2867 2919
f 2868 2867 2920
f 2921 2868 2920
f 2869 2868 2921
f 2922 2869 2921
f 2870 2869 2922
f 2923 2870 2922
f 2871 2870 2923
f 2924 2871 2923
f 2924 2872 2871
f 2925 2872 2924
f 2925 2873 2872
f 2926 2873 2925
f 2926 2874 2873
f 2927 2874 2926
f 2927 2875 2874
f 2928 2875 2927
f 2928 2876 2875
f 2929 2876 2928
f 2929 2877 2876
f 2930 2877 2929
f 2930 2878 2877
f 2931 2878 2930
f 2931 2879 2878
f 2932 2879 2931
f 2932 2880 2879
f 2933 2880 2932
f 2933 2881 2880
f 193 194 2881
f 193 2881 2933
f 2934 749 748
f 2934 748 2935
f 2934 2935 2883
f 2934 2883 749
f 2936 2935 2937
f 2936 2883 2935
f 2936 2937 2885
f 2936 2885 2883
f 2938 2937 2939
f 2938 2885 2937
f 2938 2939 2887
f 2938 2887 2885
f 2940 2939 2941
f 2940 2887 2939
f 2940 2941 2889
f 2940 2889 2887
f 2942 2941 2943
f 2942 2889 2941
f 2942 2943 2891
f 2942 2891 2889
f 2944 2943 2945
f 2944 2891 2943
f 2944 2945 2839
f 2944 2839 2891
f 2946 2945 2895
f 2946 2839 2945
f 2946 2895 2838
f 2946 2838 2839
f 2947 2861 2916
f 2947 2948 2862
f 2947 2916 2948
f 2947 2862 2861
f 2949 2862 2948
f 2949 2950 2863
f 2949 2948 2950
f 2949 2863 2862
f 2951 2863 2950
f 2951 2950 2917
f 2951 2917 2865
f 2951 2865 2863
f 2943 2941 2952
f 2953 2943 2952
f 2945 2943 2953
f 2954 2945 2953
f 2895 2945 2954
f 2955 2895 2954
f 2894 2895 2955
f 2956 2894 2955
f 2896 2894 2956
f 2957 2896 2956
f 2897 2896 2957
f 2958 2897 2957
f 2898 2897 2958
f 2959 2898 2958
f 2899 2898 2959
f 2960 2899 2959
f 2900 2899 2960
f 2961 2900 2960
f 2901 2900 2961
f 2962 2901 2961
f 2902 2901 2962
f 2963 2902 2962
f 2903 2902 2963
f 2964 2903 2963
f 2904 2903 2964
f 2965 2904 2964
f 2905 2904 2965
f 2966 2905 2965
f 2906 2905 2966
f 2967 2906 2966
f 2907 2906 2967
f 2968 2907 2967
f 2908 2907 2968
f 2969 2908 2968
f 2909 2908 2969
f 2970 2909 2969
f 2910 2909 2970
f 2971 2910 2970
f 2911 2910 2971
f 2972 2911 2971
f 2912 2911 2972
f 2973 2912 2972
f 2913 2912 2973
f 2974 2913 2973
f 2914 2913 2974
f 2975 2914 2974
f 2915 2914 2975
f 2976 2915 2975
f 2916 2915 2976
f 2977 2916 2976
f 2948 2916 2977
f 2978 2948 2977
f 2950 2948 2978
f 2979 2950 2978
f 2980 2917 2981
f 2918 2917 2980
f 2982 2918 2980
f 2919 2918 2982
f 2983 2919 2982
f 2920 2919 2983
f 2984 2920 2983
f 2921 2920 2984
f 2985 2921 2984
f 2922 2921 2985
f 2986 2922 2985
f 2923 2922 2986
f 2987 2923 2986
f 2987 2924 2923
f 2988 2924 2987
f 2988 2925 2924
f 2989 2925 2988
f 2989 2926 2925
f 2990 2926 2989
f 2990 2927 2926
f 2991 2927 2990
f 2991 2928 2927
f 2992 2928 2991
f 2992 2929 2928
f 2993 2929 2992
f 2993 2930 2929
f 2994 2930 2993
f 2994 2931 2930
f 2995 2931 2994
f 2995 2932 2931
f 2996 2932 2995
f 2996 2933 2932
f 2997 193 2933
f 2997 2933 2996
f 191 193 2997
f 2998 748 746
f 2998 746 2999
f 2998 2999 2935
f 2998 2935 748
f 3000 2999 3001
f 3000 2935 2999
f 3000 3001 2937
f 3000 2937 2935
f 3002 3001 3003
f 3002 2937 3001
f 3002 3003 2939
f 3002 2939 2937
f 3004 3003 2952
f 3004 2939 3003
f 3004 2952 2941
f 3004 2941 2939
f 3005 2950 2979
f 3005 2979 2981
f 3005 2981 2917
f 3005 2917 2950
f 3006 2955 3007
f 3006 2956 2955
f 3008 2956 3006
f 3008 2957 2956
f 3009 2957 3008
f 3009 2958 2957
f 3010 2958 3009
f 3010 2959 2958
f 3011 2959 3010
f 3011 2960 2959
f 3012 2960 3011
f 3012 2961 2960
f 3013 2961 3012
f 3013 2962 2961
f 3014 2962 3013
f 3014 2963 2962
f 3015 2963 3014
f 3015 2964 2963
f 3016 2965 2964
f 3016 2964 3015
f 2966 2965 3016
f 3017 2966 3016
f 2967 2966 3017
f 3018 2967 3017
f 2968 2967 3018
f 3019 2968 3018
f 2969 2968 3019
f 3020 2969 3019
f 2970 2969 3020
f 3021 2970 3020
f 2971 2970 3021
f 3022 2971 3021
f 2972 2971 3022
f 3023 2972 3022
f 2973 2972 3023
f 3024 2973 3023
f 2974 2973 3024
f 3025 2974 3024
f 2975 2974 3025
f 3026 2975 3025
f 2976 2975 3026
f 3027 2976 3026
f 2977 2976 3027
f 3028 2977 3027
f 2978 2977 3028
f 3029 2978 3028
f 3030 2981 3031
f 2980 2981 3030
f 3032 2980 3030
f 2982 2980 3032
f 3033 2982 3032
f 2983 2982 3033
f 3034 2983 3033
f 2984 2983 3034
f 3035 2984 3034
f 2985 2984 3035
f 3036 2985 3035
f 2986 2985 3036
f 3037 2986 3036
f 2987 2986 3037
f 3038 2987 3037
f 2988 2987 3038
f 3039 2988 3038
f 2989 2988 3039
f 3040 2989 3039
f 3041 2989 3040
f 3041 2990 2989
f 3042 2990 3041
f 3042 2991 2990
f 3043 2991 3042
f 3043 2992 2991
f 3044 2992 3043
f 3044 2993 2992
f 3045 2993 3044
f 3045 2994 2993
f 3046 2994 3045
f 3046 2995 2994
f 3047 2996 2995
f 3047 2995 3046
f 3048 2997 2996
f 3048 2996 3047
f 189 191 2997
f 189 2997 3048
f 3049 746 745
f 3049 745 3050
f 3049 3050 2999
f 3049 2999 746
f 3051 3050 3052
f 3051 2999 3050
f 3051 3052 3001
f 3051 3001 2999
f 3053 3052 3054
f 3053 3001 3052
f 3053 3054 3003
f 3053 3003 3001
f 3055 3054 3056
f 3055 3003 3054
f 3055 3056 2952
f 3055 2952 3003
f 3057 3056 3058
f 3057 2952 3056
f 3057 3058 2953
f 3057 2953 2952
f 3059 3058 3060
f 3059 2953 3058
f 3059 3060 2954
f 3059 2954 2953
f 3061 3060 3007
f 3061 2954 3060
f 3061 3007 2955
f 3061 2955 2954
f 3062 2978 3029
f 3062 3029 3063
f 3062 3063 2979
f 3062 2979 2978
f 3064 3063 3031
f 3064 2979 3063
f 3064 3031 2981
f 3064 2981 2979
f 3006 3007 3065
f 3066 3006 3065
f 3008 3006 3066
f 3067 3008 3066
f 3009 3008 3067
f 3068 3009 3067
f 3010 3009 3068
f 3069 3010 3068
f 3011 3010 3069
f 3070 3011 3069
f 3012 3011 3070
f 3071 3012 3070
f 3013 3012 3071
f 3072 3013 3071
f 3014 3013 3072
f 3073 3014 3072
f 3015 3014 3073
f 3074 3015 3073
f 3016 3015 3074
f 3075 3016 3074
f 3017 3016 3075
f 3076 3017 3075
f 3018 3017 3076
f 3077 3018 3076
f 3019 3018 3077
f 3078 3019 3077
f 3020 3019 3078
f 3079 3020 3078
f 3021 3020 3079
f 3080 3021 3079
f 3022 3021 3080
f 3081 3022 3080
f 3023 3022 3081
f 3082 3023 3081
f 3024 3023 3082
f 3083 3024 3082
f 3025 3024 3083
f 3084 3025 3083
f 3026 3025 3084
f 3085 3026 3084
f 3027 3026 3085
f 3086 3027 3085
f 3028 3027 3086
f 3087 3028 3086
f 3088 3031 3063
f 3030 3031 3088
f 3089 3030 3088
f 3032 3030 3089
f 3090 3032 3089
f 3033 3032 3090
f 3091 3033 3090
f 3034 3033 3091
f 3092 3034 3091
f 3035 3034 3092
f 3093 3035 3092
f 3036 3035 3093
f 3094 3036 3093
f 3037 3036 3094
f 3095 3037 3094
f 3038 3037 3095
f 3096 3038 3095
f 3039 3038 3096
f 3097 3039 3096
f 3040 3039 3097
f 3098 3040 3097
f 3041 3040 3098
f 3099 3041 3098
f 3042 3041 3099
f 3100 3042 3099
f 3043 3042 3100
f 3101 3043 3100
f 3044 3043 3101
f 3102 3044 3101
f 3103 3044 3102
f 3103 3045 3044
f 3104 3045 3103
f 3104 3046 3045
f 3105 3047 3046
f 3105 3046 3104
f 3106 3048 3047
f 3106 3047 3105
f 190 189 3048
f 190 3048 3106
f 3107 745 744
f 3107 744 3108
f 3107 3108 3050
f 3107 3050 745
f 3109 3108 3110
f 3109 3050 3108
f 3109 3110 3052
f 3109 3052 3050
f 3111 3110 3112
f 3111 3052 3110
f 3111 3112 3054
f 3111 3054 3052
f 3113 3112 3114
f 3113 3054 3112
f 3113 3114 3056
f 3113 3056 3054
f 3115 3114 3116
f 3115 3056 3114
f 3115 3116 3058
f 3115 3058 3056
f 3117 3116 3118
f 3117 3058 3116
f 3117 3118 3060
f 3117 3060 3058
f 3119 3118 3065
f 3119 3060 3118
f 3119 3065 3007
f 3119 3007 3060
f 3120 3028 3087
f 3120 3121 3029
f 3120 3087 3121
f 3120 3029 3028
f 3122 3029 3121
f 3122 3121 3088
f 3122 3088 3063
f 3122 3063 3029
f 3123 3118 3124
f 3123 3065 3118
f 3125 3065 3123
f 3125 3066 3065
f 3126 3066 3125
f 3126 3067 3066
f 3127 3067 3126
f 3127 3068 3067
f 3128 3068 3127
f 3128 3069 3068
f 3129 3069 3128
f 3129 3070 3069
f 3130 3070 3129
f 3130 3071 3070
f 3131 3071 3130
f 3131 3072 3071
f 3132 3072 3131
f 3132 3073 3072
f 3133 3073 3132
f 3133 3074 3073
f 3134 3075 3074
f 3134 3074 3133
f 3135 3076 3075
f 3135 3075 3134
f 3077 3076 3135
f 3136 3077 3135
f 3078 3077 3136
f 3137 3078 3136
f 3079 3078 3137
f 3138 3079 3137
f 3080 3079 3138
f 3139 3080 3138
f 3081 3080 3139
f 3140 3081 3139
f 3082 3081 3140
f 3141 3082 3140
f 3083 3082 3141
f 3142 3083 3141
f 3084 3083 3142
f 3143 3084 3142
f 3085 3084 3143
f 3144 3085 3143
f 3086 3085 3144
f 3145 3086 3144
f 3089 3088 3146
f 3147 3089 3146
f 3090 3089 3147
f 3148 3090 3147
f 3091 3090 3148
f 3149 3091 3148
f 3092 3091 3149
f 3150 3092 3149
f 3093 3092 3150
f 3151 3093 3150
f 3094 3093 3151
f 3152 3094 3151
f 3095 3094 3152
f 3153 3095 3152
f 3153 3096 3095
f 3154 3096 3153
f 3154 3097 3096
f 3155 3097 3154
f 3155 3098 3097
f 3156 3098 3155
f 3156 3099 3098
f 3157 3099 3156
f 3157 3100 3099
f 3158 3100 3157
f 3158 3101 3100
f 3159 3101 3158
f 3159 3102 3101
f 3160 3102 3159
f 3160 3103 3102
f 3161 3103 3160
f 3161 3104 3103
f 3162 3104 3161
f 3162 3105 3104
f 3163 3105 3162
f 3163 3106 3105
f 195 3106 3163
f 195 190 3106
f 3164 744 743
f 3164 743 3165
f 3164 3165 3108
f 3164 3108 744
f 3166 3165 3167
f 3166 3108 3165
f 3166 3167 3110
f 3166 3110 3108
f 3168 3167 3169
f 3168 3110 3167
f 3168 3169 3112
f 3168 3112 3110
f 3170 3169 3171
f 3170 3112 3169
f 3170 3171 3114
f 3170 3114 3112
f 3172 3171 3173
f 3172 3114 3171
f 3172 3173 3116
f 3172 3116 3114
f 3174 3173 3124
f 3174 3116 3173
f 3174 3124 3118
f 3174 3118 3116
f 3175 3086 3145
f 3175 3176 3087
f 3175 3145 3176
f 3175 3087 3086
f 3177 3087 3176
f 3177 3178 3121
f 3177 3176 3178
f 3177 3121 3087
f 3179 3121 3178
f 3179 3146 3088
f 3179 3178 3146
f 3179 3088 3121
f 787 3124 838
f 787 3123 3124
f 788 3123 787
f 788 3125 3123
f 789 3125 788
f 789 3126 3125
f 790 3126 789
f 790 3127 3126
f 791 3127 790
f 791 3128 3127
f 792 3128 791
f 792 3129 3128
f 793 3129 792
f 793 3130 3129
f 794 3130 793
f 794 3131 3130
f 795 3131 794
f 795 3132 3131
f 796 3132 795
f 796 3133 3132
f 797 3134 3133
f 797 3133 796
f 798 3135 3134
f 798 3134 797
f 3136 3135 798
f 799 3136 798
f 3137 3136 799
f 800 3137 799
f 3138 3137 800
f 801 3138 800
f 3139 3138 801
f 802 3139 801
f 3140 3139 802
f 803 3140 802
f 3141 3140 803
f 804 3141 803
f 3142 3141 804
f 805 3142 804
f 3143 3142 805
f 806 3143 805
f 3144 3143 806
f 807 3144 806
f 3145 3144 807
f 808 3145 807
f 810 3146 809
f 810 3147 3146
f 811 3147 810
f 811 3148 3147
f 812 3148 811
f 812 3149 3148
f 813 3149 812
f 813 3150 3149
f 814 3150 813
f 814 3151 3150
f 815 3151 814
f 815 3152 3151
f 816 3152 815
f 816 3153 3152
f 817 3153 816
f 817 3154 3153
f 818 3154 817
f 818 3155 3154
f 819 3155 818
f 819 3156 3155
f 820 3156 819
f 820 3157 3156
f 821 3157 820
f 821 3158 3157
f 822 3158 821
f 822 3159 3158
f 823 3159 822
f 823 3160 3159
f 824 3160 823
f 824 3161 3160
f 825 3161 824
f 825 3162 3161
f 826 3162 825
f 826 3163 3162
f 196 3163 826
f 196 195 3163
f 3180 743 751
f 3180 751 828
f 3180 828 3165
f 3180 3165 743
f 3181 828 830
f 3181 3165 828
f 3181 830 3167
f 3181 3167 3165
f 3182 830 832
f 3182 3167 830
f 3182 832 3169
f 3182 3169 3167
f 3183 832 834
f 3183 3169 832
f 3183 834 3171
f 3183 3171 3169
f 3184 834 836
f 3184 3171 834
f 3184 836 3173
f 3184 3173 3171
f 3185 836 838
f 3185 3173 836
f 3185 838 3124
f 3185 3124 3173
f 3186 3145 808
f 3186 841 3176
f 3186 808 841
f 3186 3176 3145
f 3187 3176 841
f 3187 843 3178
f 3187 841 843
f 3187 3178 3176
f 3188 3178 843
f 3188 809 3146
f 3188 843 809
f 3188 3146 3178
f 3189 3190 854
f 3189 854 241
f 3189 241 240
f 3191 3192 3190
f 3191 3190 3189
f 3193 3194 3192
f 3193 3192 3191
f 3195 3196 3194
f 3195 3194 3193
f 3197 3198 3196
f 3197 3196 3195
f 3199 3189 240
f 3199 240 239
f 3200 3191 3189
f 3200 3189 3199
f 3201 3193 3191
f 3201 3191 3200
f 3202 3195 3193
f 3202 3193 3201
f 3203 3195 3202
f 3197 3195 3203
f 3204 3197 3203
f 3205 3199 239
f 3205 239 238
f 3206 3200 3199
f 3206 3199 3205
f 3207 3201 3200
f 3207 3200 3206
f 3208 3202 3201
f 3208 3201 3207
f 3209 3203 3202
f 3209 3202 3208
f 3210 3204 3203
f 3210 3203 3209
f 3205 238 237
f 3211 3205 237
f 3206 3205 3211
f 3212 3206 3211
f 3207 3206 3212
f 3213 3207 3212
f 3208 3207 3213
f 3214 3208 3213
f 3209 3208 3214
f 3215 3210 3209
f 3215 3209 3214
f 3216 3211 237
f 3216 237 236
f 3217 3212 3211
f 3217 3211 3216
f 3218 3213 3212
f 3218 3212 3217
f 3219 3214 3213
f 3219 3213 3218
f 3220 3214 3219
f 3215 3214 3220
f 3221 3215 3220
f 3222 3216 236
f 3222 236 235
f 3223 3217 3216
f 3223 3216 3222
f 3224 3218 3217
f 3224 3217 3223
f 3225 3219 3218
f 3225 3218 3224
f 3226 3220 3219
f 3226 3219 3225
f 3227 3221 3220
f 3227 3220 3226
f 3228 3222 235
f 3228 235 242
f 3229 3223 3222
f 3229 3222 3228
f 3230 3224 3223
f 3230 3223 3229
f 3231 3225 3224
f 3231 3224 3230
f 3232 3226 3225
f 3232 3225 3231
f 3233 3227 3226
f 3233 3226 3232
f 3234 3233 3232
f 3235 3228 242
f 3235 242 243
f 3236 3229 3228
f 3236 3228 3235
f 3237 3230 3229
f 3237 3229 3236
f 3238 3231 3230
f 3238 3230 3237
f 3239 3232 3231
f 3239 3231 3238
f 3234 3232 3239
f 3240 3234 3239
f 3241 3240 3239
f 3242 3235 243
f 3242 243 253
f 3243 3236 3235
f 3243 3235 3242
f 3244 3237 3236
f 3244 3236 3243
f 3245 3238 3237
f 3245 3237 3244
f 3246 3239 3238
f 3246 3238 3245
f 3241 3239 3246
f 3247 3241 3246
f 3248 3247 3246
f 3249 3248 3246
f 3250 3242 253
f 3250 253 252
f 3251 3243 3242
f 3251 3242 3250
f 3252 3244 3243
f 3252 3243 3251
f 3253 3245 3244
f 3253 3244 3252
f 3254 3246 3245
f 3254 3245 3253
f 3249 3246 3254
f 3255 3249 3254
f 3256 3255 3254
f 3257 3250 252
f 3257 252 250
f 3258 3251 3250
f 3258 3250 3257
f 3259 3252 3251
f 3259 3251 3258
f 3260 3253 3252
f 3260 3252 3259
f 3261 3254 3253
f 3261 3253 3260
f 3256 3254 3261
f 3262 3256 3261
f 3257 250 249
f 3263 3257 249
f 3258 3257 3263
f 3264 3258 3263
f 3259 3258 3264
f 3265 3259 3264
f 3260 3259 3265
f 3266 3260 3265
f 3261 3260 3266
f 3267 3261 3266
f 3262 3261 3267
f 3268 3262 3267
f 3263 249 248
f 3269 3263 248
f 3264 3263 3269
f 3270 3264 3269
f 3265 3264 3270
f 3271 3265 3270
f 3266 3265 3271
f 3272 3266 3271
f 3267 3266 3272
f 3273 3267 3272
f 3268 3267 3273
f 3274 3268 3273
f 3269 248 247
f 3275 3269 247
f 3270 3269 3275
f 3276 3270 3275
f 3271 3270 3276
f 3277 3271 3276
f 3272 3271 3277
f 3278 3272 3277
f 3273 3272 3278
f 3279 3273 3278
f 3274 3273 3279
f 3280 3274 3279
f 3275 247 246
f 3281 3275 246
f 3276 3275 3281
f 3282 3276 3281
f 3277 3276 3282
f 3283 3277 3282
f 3278 3277 3283
f 3284 3278 3283
f 3279 3278 3284
f 3285 3279 3284
f 3280 3279 3285
f 3286 3280 3285
f 3281 246 245
f 3287 3281 245
f 3282 3281 3287
f 3288 3282 3287
f 3283 3282 3288
f 3289 3283 3288
f 3284 3283 3289
f 3290 3284 3289
f 3285 3284 3290
f 3291 3285 3290
f 3286 3285 3291
f 3292 3286 3291
f 3293 3292 3291
f 3287 245 244
f 280 3287 244
f 3288 3287 280
f 282 3288 280
f 3289 3288 282
f 284 3289 282
f 3290 3289 284
f 286 3290 284
f 3291 3290 286
f 288 3291 286
f 3293 3291 288
f 3294 3293 288
f 3295 3294 288
f 3296 3295 288
f 3297 3296 288
f 3298 3297 288
f 3299 3298 288
f 290 3299 288
f 3300 3301 3302
f 3300 3303 3301
f 3304 3300 3302
f 3304 3305 3306
f 3304 3307 3305
f 3304 3308 3307
f 3304 3302 3308
f 3309 3310 3311
f 3309 3312 3310
f 3309 3313 3312
f 3309 3314 3313
f 3309 3306 3314
f 3309 3304 3306
f 3315 3316 3317
f 3315 3318 3316
f 3315 3319 3318
f 3315 3320 3319
f 3315 3311 3320
f 3315 3309 3311
f 3321 3322 3323
f 3321 3324 3322
f 3321 3325 3324
f 3321 3317 3325
f 3321 3315 3317
f 3326 3327 3328
f 3326 3323 3327
f 3326 3321 3323
f 3326 3328 3329
f 3330 3326 3329
f 3330 3331 3332
f 3330 3333 3331
f 3330 3329 3333
f 3334 3330 3332
f 3334 3335 3336
f 3334 3332 3335
f 3337 3334 3336
f 3337 3338 3339
f 3337 3336 3338
f 3340 3337 3339
f 3340 3341 3342
f 3340 3339 3341
f 3343 3340 3342
f 3343 3342 3344
f 3345 3343 3344
f 3345 3344 3346
f 3347 3345 3346
f 3347 3346 3348
f 3349 3347 3348
f 3349 3348 3350
f 3351 3350 3352
f 3351 3349 3350
f 3353 3351 3352
f 3354 3352 3355
f 3354 3353 3352
f 3356 3354 3355
f 3357 3355 3358
f 3357 3356 3355
f 3359 3357 3358
f 3360 3358 3361
f 3360 3359 3358
f 3362 3360 3361
f 3363 3362 3361
f 3364 3361 3365
f 3364 3363 3361
f 3366 3364 3365
f 3367 3366 3365
f 3368 3365 3369
f 3368 3367 3365
f 3370 3368 3369
f 3371 3370 3369
f 3372 3371 3369
f 3373 3372 3369
f 3374 3373 3369
f 3374 3369 3375
f 3376 3374 3375
f 3377 3376 3375
f 3378 3377 3375
f 3379 3378 3375
f 3380 3379 3375
f 3381 3380 3375
f 3382 3381 3375
f 3383 3381 3382
f 3384 3383 3382
f 3385 3384 3382
f 3386 3385 3382
f 3387 3386 3382
f 3388 3382 3389
f 3388 3387 3382
f 3390 3388 3389
f 3391 3390 3389
f 3392 3391 3389
f 3393 3392 3389
f 3394 3393 3389
f 3395 3394 3389
f 3396 3389 3397
f 3396 3395 3389
f 3398 3396 3397
f 3399 3398 3397
f 3400 3399 3397
f 3401 3400 3397
f 3402 3401 3397
f 3403 3402 3397
f 3404 3403 3397
f 3405 3403 3404
f 3406 3405 3404
f 3407 3406 3404
f 3408 3407 3404
f 3409 3408 3404
f 3410 3409 3404
f 3198 3410 3404
f 3411 3410 3198
f 3412 3411 3198
f 3413 3412 3198
f 3414 3413 3198
f 3415 3414 3198
f 3416 3415 3198
f 3417 3416 3198
f 3197 3417 3198
f 3418 3417 3197
f 3419 3418 3197
f 3420 3419 3197
f 3421 3420 3197
f 3422 3421 3197
f 3423 3422 3197
f 3423 3197 3204
f 3424 3423 3204
f 3425 3424 3204
f 3426 3425 3204
f 3427 3426 3204
f 3428 3427 3204
f 3429 3428 3204
f 3429 3204 3210
f 3430 3429 3210
f 3431 3430 3210
f 3432 3431 3210
f 3433 3432 3210
f 3434 3433 3210
f 3434 3210 3215
f 3435 3434 3215
f 3436 3435 3215
f 3437 3436 3215
f 3438 3437 3215
f 3221 3438 3215
f 3439 3438 3221
f 3440 3439 3221
f 3441 3440 3221
f 3442 3441 3221
f 3443 3442 3221
f 3227 3443 3221
f 3444 3443 3227
f 3445 3444 3227
f 3446 3445 3227
f 3447 3227 3233
f 3447 3446 3227
f 3448 3447 3233
f 3449 3233 3234
f 3449 3448 3233
f 3450 3449 3234
f 3451 3234 3240
f 3451 3450 3234
f 3452 3451 3240
f 3453 3240 3241
f 3453 3452 3240
f 3454 3241 3247
f 3454 3453 3241
f 3455 3247 3248
f 3455 3454 3247
f 3456 3248 3249
f 3456 3455 3248
f 3457 3249 3255
f 3457 3456 3249
f 3458 3255 3256
f 3458 3457 3255
f 3459 3458 3256
f 3459 3256 3262
f 3459 3262 3268
f 3459 3268 3274
f 3460 3459 3274
f 3460 3274 3280
f 3461 3460 3280
f 3462 3461 3280
f 3462 3280 3286
f 3463 3462 3286
f 3463 3286 3292
f 3464 3463 3292
f 3465 3464 3292
f 3465 3292 3293
f 3465 3293 3294
f 3466 3465 3294
f 3466 3294 3295
f 3467 3466 3295
f 3467 3295 3296
f 3468 3467 3296
f 3468 3296 3297
f 3469 3468 3297
f 3470 3469 3297
f 3470 3298 3299
f 3470 3297 3298
f 3471 3299 290
f 3471 3470 3299
f 3472 290 291
f 3472 3471 290
f 3473 293 294
f 3473 292 293
f 3473 291 292
f 3473 3472 291
f 3474 295 296
f 3474 294 295
f 3474 3473 294
f 3475 300 301
f 3475 299 300
f 3475 298 299
f 3475 297 298
f 3475 296 297
f 3475 3474 296
f 3476 305 306
f 3476 304 305
f 3476 303 304
f 3476 302 303
f 3476 301 302
f 3476 3475 301
f 3477 306 307
f 3477 3476 306
f 3477 310 311
f 3477 309 310
f 3477 308 309
f 3477 307 308
f 3478 3477 311
f 3478 316 317
f 3478 315 316
f 3478 314 315
f 3478 313 314
f 3478 312 313
f 3478 311 312
f 3479 3478 317
f 3479 323 324
f 3479 322 323
f 3479 321 322
f 3479 320 321
f 3479 319 320
f 3479 318 319
f 3479 317 318
f 3480 3479 324
f 3480 343 342
f 3480 344 343
f 3480 345 344
f 3480 346 345
f 3480 325 346
f 3480 324 325
f 3481 3480 342
f 3481 338 337
f 3481 339 338
f 3481 340 339
f 3481 341 340
f 3481 342 341
f 3482 3481 337
f 3482 334 333
f 3482 335 334
f 3482 336 335
f 3482 337 336
f 3483 3482 333
f 3483 331 330
f 3483 332 331
f 3483 333 332
f 3484 3483 330
f 3484 328 327
f 3484 329 328
f 3484 330 329
f 3485 327 3486
f 3485 3486 3487
f 3485 3484 327
f 3488 3485 3487
f 3488 3487 3489
f 3488 3489 3490
f 3491 3488 3490
f 3491 3490 3492
f 3493 3491 3492
f 3493 3492 3494
f 3493 3494 3495
f 3496 3493 3495
f 3496 3495 3497
f 3498 3496 3497
f 3498 3497 3499
f 3500 3499 3501
f 3500 3498 3499
f 3502 3500 3501
f 3503 3501 3504
f 3503 3502 3501
f 3505 3504 3506
f 3505 3503 3504
f 3507 3506 3508
f 3507 3508 3509
f 3507 3505 3506
f 3510 3509 3511
f 3510 3507 3509
f 3512 3511 3513
f 3512 3510 3511
f 3514 3512 3513
f 3515 3513 3516
f 3515 3514 3513
f 3517 3515 3516
f 3518 3516 3519
f 3518 3517 3516
f 3520 3519 3521
f 3520 3518 3519
f 3522 3520 3521
f 3523 3522 3521
f 3524 3521 3525
f 3524 3523 3521
f 3526 3524 3525
f 3527 3525 3528
f 3527 3526 3525
f 3529 3527 3528
f 3530 3528 3531
f 3530 3529 3528
f 3532 3530 3531
f 3533 3532 3531
f 3534 3533 3531
f 3535 3534 3531
f 3536 3534 3535
f 3537 3536 3535
f 3538 3537 3535
f 3539 3538 3535
f 3540 3539 3535
f 3541 3540 3535
f 3542 3540 3541
f 3543 3542 3541
f 3544 3543 3541
f 3545 3544 3541
f 3546 3545 3541
f 3547 3546 3541
f 3548 3547 3541
f 3549 3547 3548
f 3550 3549 3548
f 3551 3550 3548
f 3552 3551 3548
f 3553 3552 3548
f 3554 3553 3548
f 3555 3553 3554
f 3556 3555 3554
f 3557 3556 3554
f 3558 3557 3554
f 3559 3558 3554
f 3560 3559 3554
f 3561 3560 3554
f 3562 3560 3561
f 3563 3562 3561
f 3564 3563 3561
f 3565 3564 3561
f 3566 3565 3561
f 3567 3561 3568
f 3567 3566 3561
f 3569 3567 3568
f 3570 3569 3568
f 3571 3570 3568
f 3572 3571 3568
f 3573 3572 3568
f 3574 3573 3568
f 3575 3568 3576
f 3575 3574 3568
f 3577 3575 3576
f 3578 3577 3576
f 3579 3578 3576
f 3580 3579 3576
f 3581 3580 3576
f 3582 3576 3583
f 3582 3581 3576
f 3584 3582 3583
f 3585 3584 3583
f 3586 3585 3583
f 3587 3586 3583
f 3588 3583 3589
f 3588 3587 3583
f 3590 3588 3589
f 3591 3590 3589
f 3592 3591 3589
f 3593 3592 3589
f 3594 3593 3589
f 3595 3594 3589
f 3595 3589 3596
f 3597 3595 3596
f 3598 3597 3596
f 3599 3598 3596
f 3600 3599 3596
f 3601 3600 3596
f 3602 3601 3596
f 3602 3596 3603
f 3604 3602 3603
f 3605 3604 3603
f 3606 3605 3603
f 3607 3606 3603
f 3608 3607 3603
f 3608 3603 3609
f 3610 3608 3609
f 3611 3610 3609
f 3612 3611 3609
f 3613 3612 3609
f 3614 3609 3615
f 3614 3613 3609
f 3616 3614 3615
f 3617 3616 3615
f 3618 3615 3619
f 3618 3617 3615
f 3620 3618 3619
f 3621 3619 3622
f 3621 3620 3619
f 3623 3621 3622
f 3624 3622 3625
f 3624 3623 3622
f 3626 3624 3625
f 3627 3625 3628
f 3627 3626 3625
f 3629 3627 3628
f 3630 3628 3631
f 3630 3629 3628
f 3632 3631 3633
f 3632 3630 3631
f 3634 3635 3636
f 3634 3633 3635
f 3634 3632 3633
f 3637 3636 3638
f 3637 3634 3636
f 3639 3637 3638
f 3639 3638 3640
f 3641 3639 3640
f 3641 3640 3642
f 3643 3642 3644
f 3643 3641 3642
f 3645 3643 3644
f 3645 3646 3647
f 3645 3644 3646
f 3648 3649 3650
f 3648 3647 3649
f 3648 3645 3647
f 3651 3648 3650
f 3651 3652 3653
f 3651 3654 3652
f 3651 3650 3654
f 3655 3656 3657
f 3655 3658 3656
f 3655 3653 3658
f 3655 3651 3653
f 3659 3660 3661
f 3659 3662 3660
f 3659 3663 3662
f 3659 3657 3663
f 3659 3655 3657
f 3664 3665 3666
f 3664 3667 3665
f 3664 3668 3667
f 3664 3669 3668
f 3664 3670 3669
f 3664 3661 3670
f 3664 3659 3661
f 3300 3671 3303
f 3300 3672 3671
f 3300 3666 3672
f 3300 3664 3666
f 347 3673 3497
f 347 3486 327
f 347 3487 3486
f 347 3489 3487
f 347 3490 3489
f 347 3492 3490
f 347 3494 3492
f 347 3495 3494
f 347 3497 3495
f 349 3674 3673
f 349 3673 347
f 351 3675 3674
f 351 3674 349
f 3676 3675 351
f 353 3676 351
f 3677 3676 353
f 355 3677 353
f 3678 3677 355
f 357 3678 355
f 3679 3678 357
f 359 3679 357
f 3680 3679 359
f 361 3680 359
f 3681 3680 361
f 363 3681 361
f 3682 3683 3684
f 3684 3685 3686
f 3683 3685 3684
f 3686 3687 3688
f 3685 3687 3686
f 3688 3689 712
f 3687 3689 3688
f 712 3690 670
f 3689 3690 712
f 670 3691 658
f 3690 3691 670
f 3691 3692 658
f 658 3692 646
f 3692 3693 646
f 646 3693 634
f 634 3694 622
f 3693 3694 634
f 3694 3695 622
f 622 3695 610
f 610 3696 598
f 3695 3696 610
f 598 3697 586
f 3696 3697 598
f 586 3698 574
f 574 3698 561
f 3697 3698 586
f 3698 3699 561
f 561 3699 548
f 3699 3700 548
f 548 3701 535
f 535 3701 524
f 3700 3701 548
f 524 3702 512
f 3701 3702 524
f 512 3703 500
f 3702 3703 512
f 500 3704 488
f 3703 3704 500
f 488 3705 475
f 3704 3705 488
f 475 3706 462
f 3705 3706 475
f 462 3707 449
f 3706 3707 462
f 449 3708 435
f 3707 3708 449
f 435 3709 421
f 3708 3709 435
f 421 3710 407
f 3709 3710 421
f 407 3711 392
f 3710 3711 407
f 392 3712 377
f 3711 3712 392
f 377 3713 362
f 3712 3713 377
f 362 3714 363
f 3713 3714 362
f 3714 3715 363
f 3715 3681 363
f 3715 3716 3681
f 3716 3717 3681
f 3716 3718 3717
f 3718 3719 3717
f 3718 3720 3719
f 3720 3721 3719
f 3720 3722 3721
f 3722 3723 3721
f 3722 3724 3723
f 3724 3725 3723
f 705 3726 3727
f 705 3728 3726
f 705 3729 3728
f 705 3730 3729
f 705 3731 3730
f 705 3732 3731
f 705 3733 3732
f 705 3734 3733
f 705 3735 3734
f 705 3736 3735
f 705 3737 3736
f 705 3738 3737
f 705 704 3738
f 3739 705 3727
f 706 705 3739
f 3740 706 3739
f 707 706 3740
f 3741 707 3740
f 708 707 3741
f 3742 708 3741
f 709 708 3742
f 3743 709 3742
f 710 709 3743
f 3744 710 3743
f 711 710 3744
f 3745 711 3744
f 712 711 3745
f 3688 712 3745
f 3746 3747 3748
f 3749 3746 3748
f 3750 3748 3751
f 3750 3749 3748
f 3752 3750 3751
f 3753 3752 3751
f 3754 3753 3751
f 3755 3754 3751
f 3756 3755 3751
f 3757 3756 3751
f 3758 3751 3759
f 3758 3757 3751
f 3760 3758 3759
f 3761 3760 3759
f 3762 3761 3759
f 3763 3762 3759
f 3764 3763 3759
f 3765 3764 3759
f 3766 3765 3759
f 3767 3759 3768
f 3767 3766 3759
f 3769 3767 3768
f 3770 3769 3768
f 3771 3770 3768
f 3772 3771 3768
f 3773 3772 3768
f 3774 3768 3775
f 3774 3773 3768
f 3776 3774 3775
f 3777 3776 3775
f 3778 3777 3775
f 3779 3778 3775
f 3780 3779 3775
f 3781 3775 3782
f 3781 3780 3775
f 3783 3781 3782
f 3784 3783 3782
f 3785 3782 3786
f 3785 3784 3782
f 3787 3785 3786
f 3788 3787 3786
f 3789 3786 3790
f 3789 3788 3786
f 3791 3789 3790
f 3792 3790 3793
f 3792 3791 3790
f 3794 3792 3793
f 3795 3793 3796
f 3795 3794 3793
f 3797 3795 3796
f 3798 3796 3799
f 3798 3797 3796
f 3800 3799 3801
f 3800 3798 3799
f 3802 3800 3801
f 3803 3801 3804
f 3803 3802 3801
f 3805 3804 3806
f 3805 3803 3804
f 3807 3806 3808
f 3807 3805 3806
f 3809 3807 3808
f 3809 3808 3810
f 3811 3809 3810
f 3811 3810 3812
f 3813 3811 3812
f 3813 3814 3815
f 3813 3812 3814
f 3816 3813 3815
f 3816 3817 3818
f 3816 3815 3817
f 3819 3820 3821
f 3819 3818 3820
f 3819 3816 3818
f 3822 3819 3821
f 3822 3823 3824
f 3822 3821 3823
f 3825 3824 3826
f 3825 3822 3824
f 3825 3827 3828
f 3825 3826 3827
f 3829 3830 3831
f 3829 3828 3830
f 3829 3825 3828
f 3832 3833 3834
f 3832 3831 3833
f 3832 3829 3831
f 3835 3836 3837
f 3835 3834 3836
f 3835 3832 3834
f 3838 3839 3840
f 3838 3841 3839
f 3838 3837 3841
f 3838 3835 3837
f 3842 3843 3844
f 3842 3845 3843
f 3842 3840 3845
f 3842 3838 3840
f 3846 3847 3848
f 3846 3844 3847
f 3846 3842 3844
f 3849 3848 3850
f 3849 3851 3852
f 3849 3850 3851
f 3849 3846 3848
f 3853 3854 3855
f 3853 3856 3854
f 3853 3852 3856
f 3853 3849 3852
f 3857 3858 3859
f 3857 3860 3858
f 3857 3855 3860
f 3857 3853 3855
f 3861 3857 3859
f 3861 3862 3863
f 3861 3859 3862
f 3864 3861 3863
f 3864 3865 3866
f 3864 3863 3865
f 3864 3866 3867
f 3868 3864 3867
f 3868 3869 3870
f 3868 3871 3869
f 3868 3867 3871
f 3872 3868 3870
f 3872 3873 3874
f 3872 3870 3873
f 3875 3872 3874
f 3875 3876 3877
f 3875 3874 3876
f 3878 3875 3877
f 3878 3879 3880
f 3878 3877 3879
f 3878 3880 3881
f 3882 3878 3881
f 3882 3883 3884
f 3882 3885 3883
f 3882 3881 3885
f 3886 3882 3884
f 3886 3887 3888
f 3886 3889 3887
f 3886 3884 3889
f 3890 3886 3888
f 3890 3891 3892
f 3890 3888 3891
f 3893 3890 3892
f 3893 3894 3895
f 3893 3892 3894
f 3896 3893 3895
f 3896 3895 3897
f 3898 3896 3897
f 3898 3899 3900
f 3898 3897 3899
f 3901 3898 3900
f 3901 3902 3903
f 3901 3900 3902
f 3904 3905 3906
f 3904 3903 3905
f 3904 3901 3903
f 3907 3906 3908
f 3907 3904 3906
f 3909 3907 3908
f 3909 3908 3910
f 3909 3910 3911
f 3912 3909 3911
f 3912 3913 3914
f 3912 3911 3913
f 3915 3912 3914
f 3915 3916 3917
f 3915 3914 3916
f 3918 3915 3917
f 3918 3919 3920
f 3918 3917 3919
f 3921 3918 3920
f 3921 3920 3922
f 3923 3922 3924
f 3923 3921 3922
f 3923 3925 3926
f 3923 3924 3925
f 3927 3923 3926
f 3927 3928 3929
f 3927 3926 3928
f 3930 3927 3929
f 3930 3931 3932
f 3930 3929 3931
f 3933 3930 3932
f 3933 3932 3934
f 3935 3936 3937
f 3935 3938 3936
f 3935 3934 3938
f 3935 3933 3934
f 3939 3937 3940
f 3939 3935 3937
f 3941 3942 3943
f 3941 3940 3942
f 3941 3939 3940
f 3944 3943 3945
f 3944 3941 3943
f 3946 3945 3947
f 3946 3944 3945
f 3948 3949 3950
f 3948 3947 3949
f 3948 3946 3947
f 3951 3950 3952
f 3951 3948 3950
f 3953 3952 3954
f 3953 3951 3952
f 3955 3954 3956
f 3955 3956 3957
f 3955 3953 3954
f 3958 3957 3959
f 3958 3955 3957
f 3960 3958 3959
f 3960 3959 3961
f 3962 3960 3961
f 3962 3961 3963
f 3964 3962 3963
f 3964 3963 3965
f 3966 3964 3965
f 3967 3966 3965
f 3967 3965 3968
f 3967 3968 3969
f 676 3967 3969
f 676 3969 3970
f 677 3970 3971
f 677 676 3970
f 678 3971 3972
f 678 677 3971
f 679 3972 3973
f 679 678 3972
f 680 3973 3974
f 680 679 3973
f 681 3974 3975
f 681 680 3974
f 682 3975 3976
f 682 681 3975
f 683 682 3976
f 684 3976 3977
f 684 683 3976
f 685 3977 3978
f 685 684 3977
f 686 3978 3979
f 686 685 3978
f 687 686 3979
f 688 3979 3980
f 688 687 3979
f 689 3980 3981
f 689 688 3980
f 690 689 3981
f 691 3981 3982
f 691 690 3981
f 692 3982 3983
f 692 691 3982
f 693 692 3983
f 694 3983 3984
f 694 693 3983
f 695 694 3984
f 696 3984 3985
f 696 695 3984
f 697 696 3985
f 698 697 3985
f 699 698 3985
f 699 3985 3986
f 700 699 3986
f 701 700 3986
f 701 3986 3987
f 702 701 3987
f 703 702 3987
f 704 703 3987
f 704 3987 3988
f 3738 704 3988
f 3737 3738 3988
f 3737 3988 3989
f 3736 3737 3989
f 3736 3989 3990
f 3735 3736 3990
f 3735 3990 3991
f 3734 3735 3991
f 3734 3991 3992
f 3733 3734 3992
f 3733 3992 3993
f 3732 3733 3993
f 3731 3732 3993
f 3731 3993 3994
f 3730 3731 3994
f 3730 3994 3995
f 3729 3995 3996
f 3729 3730 3995
f 3728 3996 3997
f 3728 3729 3996
f 3726 3998 3999
f 3726 3997 3998
f 3726 3728 3997
f 3727 3999 4000
f 3727 3726 3999
f 4001 4000 4002
f 4001 3727 4000
f 4003 4002 4004
f 4003 4001 4002
f 4005 4004 4006
f 4005 4003 4004
f 4007 4006 4008
f 4007 4009 4010
f 4007 4008 4009
f 4007 4005 4006
f 4011 4012 4013
f 4011 4010 4012
f 4011 4007 4010
f 4014 4013 4015
f 4014 4011 4013
f 4016 4015 4017
f 4016 4014 4015
f 4018 4017 4019
f 4018 4016 4017
f 4020 4019 4021
f 4020 4022 4023
f 4020 4021 4022
f 4020 4018 4019
f 4024 4020 4023
f 4024 4025 4026
f 4024 4023 4025
f 4027 4024 4026
f 4027 4028 4029
f 4027 4026 4028
f 4030 4027 4029
f 4030 4029 4031
f 4032 4030 4031
f 4032 4033 4034
f 4032 4031 4033
f 4035 4032 4034
f 4035 4036 4037
f 4035 4038 4036
f 4035 4034 4038
f 4039 4035 4037
f 4039 4040 4041
f 4039 4037 4040
f 4042 4039 4041
f 4042 4043 4044
f 4042 4041 4043
f 4045 4042 4044
f 4045 4046 4047
f 4045 4044 4046
f 4048 4045 4047
f 4048 4047 4049
f 4048 4049 4050
f 4051 4048 4050
f 4051 4052 4053
f 4051 4050 4052
f 4054 4051 4053
f 4054 4055 4056
f 4054 4057 4055
f 4054 4053 4057
f 4058 4054 4056
f 4058 4059 4060
f 4058 4056 4059
f 4061 4058 4060
f 4061 4062 4063
f 4061 4060 4062
f 4064 4065 4066
f 4064 4067 4065
f 4064 4063 4067
f 4064 4061 4063
f 4064 4066 4068
f 4069 4064 4068
f 4069 4070 4071
f 4069 4068 4070
f 4072 4069 4071
f 4072 4073 4074
f 4072 4075 4073
f 4072 4071 4075
f 4076 4072 4074
f 4076 4077 4078
f 4076 4074 4077
f 4079 4080 4081
f 4079 4078 4080
f 4079 4076 4078
f 4082 4083 4084
f 4082 4085 4083
f 4082 4081 4085
f 4082 4079 4081
f 4086 4087 4088
f 4086 4084 4087
f 4086 4082 4084
f 4089 4090 4091
f 4089 4088 4090
f 4089 4086 4088
f 4092 4093 4094
f 4092 4091 4093
f 4092 4089 4091
f 4095 4096 4097
f 4095 4094 4096
f 4095 4092 4094
f 4098 4099 4100
f 4098 4097 4099
f 4098 4095 4097
f 4101 4102 4103
f 4101 4100 4102
f 4101 4098 4100
f 4104 4105 4106
f 4104 4107 4105
f 4104 4103 4107
f 4104 4101 4103
f 4108 4109 4110
f 4108 4106 4109
f 4108 4104 4106
f 4111 4112 4113
f 4111 4110 4112
f 4111 4108 4110
f 4114 4113 4115
f 4114 4115 4116
f 4114 4111 4113
f 4117 4118 4119
f 4117 4120 4118
f 4117 4116 4120
f 4117 4114 4116
f 4121 4117 4119
f 4121 4122 4123
f 4121 4119 4122
f 4124 4121 4123
f 4124 4123 4125
f 4126 4124 4125
f 4126 4127 4128
f 4126 4125 4127
f 4129 4126 4128
f 4129 4130 4131
f 4129 4128 4130
f 4132 4129 4131
f 4132 4131 4133
f 4134 4132 4133
f 4134 4133 4135
f 4136 4134 4135
f 4136 4135 4137
f 4138 4136 4137
f 4138 4137 4139
f 4140 4139 4141
f 4140 4138 4139
f 4142 4140 4141
f 4142 4141 4143
f 4144 4142 4143
f 4145 4143 4146
f 4145 4144 4143
f 4147 4146 4148
f 4147 4145 4146
f 4149 4147 4148
f 4150 4148 4151
f 4150 4149 4148
f 4152 4150 4151
f 4152 4151 4153
f 4154 4152 4153
f 4155 4153 4156
f 4155 4154 4153
f 4157 4155 4156
f 4158 4156 4159
f 4158 4157 4156
f 4160 4158 4159
f 4161 4159 4162
f 4161 4160 4159
f 4163 4161 4162
f 4164 4162 4165
f 4164 4163 4162
f 4166 4164 4165
f 4167 4165 4168
f 4167 4166 4165
f 4169 4167 4168
f 4170 4169 4168
f 4171 4170 4168
f 4171 4168 4172
f 4173 4171 4172
f 4174 4173 4172
f 4175 4174 4172
f 4176 4175 4172
f 4176 4172 3748
f 4177 4176 3748
f 4178 4177 3748
f 4179 4178 3748
f 3747 4179 3748
f 4180 671 672
f 4180 672 728
f 4181 673 671
f 4181 671 4180
f 4182 674 673
f 4182 673 4181
f 4183 675 674
f 4183 674 4182
f 3955 675 3953
f 3951 3953 675
f 3958 675 3955
f 3960 675 3958
f 3948 3951 675
f 3962 675 3960
f 3946 675 4183
f 3946 3948 675
f 3964 675 3962
f 3966 675 3964
f 3967 675 3966
f 676 675 3967
f 4184 4180 728
f 4184 728 725
f 4185 4181 4180
f 4185 4180 4184
f 4186 4182 4181
f 4186 4181 4185
f 4187 4183 4182
f 4187 4182 4186
f 3944 3946 4183
f 3941 3944 4183
f 3939 3941 4183
f 3935 3939 4183
f 3933 4183 4187
f 3933 3935 4183
f 4188 4184 725
f 4188 725 726
f 4189 4185 4184
f 4189 4184 4188
f 4190 4186 4185
f 4190 4185 4189
f 4191 4187 4186
f 4191 4186 4190
f 3930 3933 4187
f 3927 3930 4187
f 3923 3927 4187
f 3921 4187 4191
f 3921 3923 4187
f 4192 4188 726
f 4192 726 727
f 4189 4188 4192
f 4193 4189 4192
f 4190 4189 4193
f 4194 4190 4193
f 4191 4190 4194
f 4195 4191 4194
f 3918 3921 4191
f 3915 3918 4191
f 3912 3915 4191
f 3909 4191 4195
f 3909 3912 4191
f 4196 4192 727
f 4196 727 729
f 4193 4192 4196
f 4197 4193 4196
f 4194 4193 4197
f 4198 4194 4197
f 4195 4194 4198
f 4199 4195 4198
f 3907 3909 4195
f 3904 3907 4195
f 3901 3904 4195
f 3898 4195 4199
f 3898 3901 4195
f 4200 4196 729
f 4200 729 730
f 4200 730 4201
f 4197 4196 4200
f 4202 4197 4200
f 4198 4197 4202
f 4203 4198 4202
f 4199 4198 4203
f 4204 4199 4203
f 3898 4199 4204
f 3896 3898 4204
f 3893 3896 4204
f 3890 3893 4204
f 3886 3890 4204
f 891 714 713
f 891 713 887
f 893 715 714
f 893 714 891
f 895 716 715
f 895 715 893
f 897 717 716
f 897 716 895
f 899 718 717
f 899 717 897
f 901 719 718
f 901 718 899
f 903 719 901
f 720 719 903
f 905 720 903
f 721 720 905
f 907 721 905
f 722 721 907
f 909 722 907
f 723 722 909
f 911 723 909
f 724 723 911
f 913 724 911
f 730 724 913
f 4201 730 913
f 4205 4201 913
f 4206 4205 913
f 4207 4206 913
f 4208 4207 913
f 4209 4208 913
f 4210 4209 913
f 916 4210 913
f 4211 733 732
f 4211 732 757
f 4211 757 961
f 4211 961 733
f 4212 735 733
f 4212 961 964
f 4212 733 961
f 4212 964 735
f 4213 737 735
f 4213 964 967
f 4213 735 964
f 4213 967 737
f 4214 739 737
f 4214 967 970
f 4214 737 967
f 4214 970 739
f 4215 741 739
f 4215 970 888
f 4215 739 970
f 4215 888 741
f 4216 713 741
f 4216 888 887
f 4216 741 888
f 4216 887 713
f 4217 889 971
f 4217 971 4218
f 4219 886 889
f 4219 889 4217
f 4220 886 4219
f 4220 890 886
f 4221 890 4220
f 4221 892 890
f 4222 892 4221
f 4222 894 892
f 4223 894 4222
f 4223 896 894
f 4224 898 896
f 4224 896 4223
f 4225 900 898
f 4225 898 4224
f 4226 902 900
f 4226 900 4225
f 4227 904 902
f 4227 902 4226
f 4228 904 4227
f 906 904 4228
f 4229 906 4228
f 908 906 4229
f 4230 908 4229
f 910 908 4230
f 4231 910 4230
f 912 910 4231
f 4232 912 4231
f 914 912 4232
f 4233 914 4232
f 920 914 4233
f 4234 920 4233
f 925 920 4234
f 4235 925 4234
f 928 925 4235
f 4236 928 4235
f 929 928 4236
f 4237 930 929
f 4237 929 4236
f 4238 930 4237
f 931 930 4238
f 4239 931 4238
f 932 931 4239
f 4240 932 4239
f 933 932 4240
f 4241 933 4240
f 974 933 4241
f 4242 974 4241
f 976 974 4242
f 4243 976 4242
f 978 976 4243
f 4244 978 4243
f 4245 934 935
f 4246 934 4245
f 4247 934 4246
f 4248 934 4247
f 4249 934 4248
f 936 934 4249
f 4250 962 768
f 4250 768 766
f 4250 766 4251
f 4250 4251 962
f 4252 965 962
f 4252 4251 4253
f 4252 962 4251
f 4252 4253 965
f 4254 968 965
f 4254 4253 4255
f 4254 965 4253
f 4254 4255 968
f 4256 971 968
f 4256 4255 4218
f 4256 968 4255
f 4256 4218 971
f 4257 4245 935
f 4257 935 978
f 4257 4244 4245
f 4257 978 4244
f 4258 4220 4259
f 4258 4221 4220
f 4260 4221 4258
f 4260 4222 4221
f 4261 4223 4222
f 4261 4222 4260
f 4262 4224 4223
f 4262 4223 4261
f 4263 4225 4224
f 4263 4224 4262
f 4264 4226 4225
f 4264 4225 4263
f 4265 4227 4226
f 4265 4226 4264
f 4266 4228 4227
f 4266 4227 4265
f 4267 4229 4228
f 4267 4228 4266
f 4268 4230 4229
f 4268 4229 4267
f 4269 4231 4230
f 4269 4230 4268
f 4270 4232 4231
f 4270 4231 4269
f 4271 4233 4232
f 4271 4232 4270
f 4272 4234 4233
f 4272 4233 4271
f 4235 4234 4272
f 4273 4235 4272
f 4236 4235 4273
f 4274 4236 4273
f 4237 4236 4274
f 4275 4237 4274
f 4238 4237 4275
f 4276 4238 4275
f 4239 4238 4276
f 4277 4239 4276
f 4240 4239 4277
f 4278 4240 4277
f 4241 4240 4278
f 4279 4241 4278
f 4242 4241 4279
f 4280 4242 4279
f 4243 4242 4280
f 4281 4244 4243
f 4281 4243 4280
f 4245 4282 4283
f 4284 4283 4282
f 4285 4284 4282
f 4286 4285 4282
f 4287 4286 4282
f 4288 4287 4282
f 4289 4251 766
f 4289 766 765
f 4289 765 4290
f 4289 4290 4251
f 4291 4253 4251
f 4291 4290 4292
f 4291 4251 4290
f 4291 4292 4253
f 4293 4255 4253
f 4293 4292 4294
f 4293 4253 4292
f 4293 4294 4255
f 4295 4218 4255
f 4295 4294 4296
f 4295 4255 4294
f 4295 4296 4218
f 4297 4217 4218
f 4297 4296 4298
f 4297 4218 4296
f 4297 4298 4217
f 4299 4219 4217
f 4299 4298 4300
f 4299 4217 4298
f 4299 4300 4219
f 4301 4259 4220
f 4301 4220 4219
f 4301 4300 4259
f 4301 4219 4300
f 4302 4282 4245
f 4302 4245 4244
f 4302 4281 4282
f 4302 4244 4281
f 4259 4300 1029
f 1033 4259 1029
f 1035 4258 4259
f 1035 4259 1033
f 1037 4258 1035
f 1037 4260 4258
f 1039 4261 4260
f 1039 4260 1037
f 1041 4262 4261
f 1041 4261 1039
f 1043 4263 4262
f 1043 4262 1041
f 1045 4264 4263
f 1045 4263 1043
f 1047 4265 4264
f 1047 4264 1045
f 1049 4266 4265
f 1049 4265 1047
f 1051 4267 4266
f 1051 4266 1049
f 1053 4268 4267
f 1053 4267 1051
f 1055 4269 4268
f 1055 4268 1053
f 1057 4270 4269
f 1057 4269 1055
f 1059 4270 1057
f 4271 4270 1059
f 1061 4271 1059
f 4272 4271 1061
f 1063 4272 1061
f 4273 4272 1063
f 1065 4273 1063
f 4274 4273 1065
f 1067 4274 1065
f 4275 4274 1067
f 1069 4275 1067
f 4276 4275 1069
f 1071 4276 1069
f 4277 4276 1071
f 1073 4277 1071
f 4278 4277 1073
f 1075 4278 1073
f 4279 4278 1075
f 1117 4279 1075
f 4280 4279 1117
f 4288 4282 1077
f 4303 4288 1077
f 4304 4303 1077
f 4305 4304 1077
f 1079 4305 1077
f 1079 4306 4305
f 4307 4306 1079
f 1081 4307 1079
f 1081 4308 4307
f 4309 4308 1081
f 1082 4309 1081
f 4310 4290 765
f 4310 765 764
f 4310 764 1103
f 4310 1103 4290
f 4311 4292 4290
f 4311 1103 1106
f 4311 4290 1103
f 4311 1106 4292
f 4312 4294 4292
f 4312 1106 1109
f 4312 4292 1106
f 4312 1109 4294
f 4313 4296 4294
f 4313 1109 1112
f 4313 4294 1109
f 4313 1112 4296
f 4314 4298 4296
f 4314 1112 1030
f 4314 4296 1112
f 4314 1030 4298
f 4315 1029 4300
f 4315 4300 4298
f 4315 1030 1029
f 4315 4298 1030
f 4316 1119 4281
f 4316 4281 4280
f 4316 1117 1119
f 4316 4280 1117
f 4317 4281 1119
f 4317 1077 4282
f 4317 4282 4281
f 4317 1119 1077
f 4318 1568 4319
f 4318 1569 1568
f 1570 1569 4318
f 4320 1570 4318
f 1571 1570 4320
f 4321 1571 4320
f 1572 1571 4321
f 4322 1572 4321
f 1573 1572 4322
f 4323 1573 4322
f 1574 1573 4323
f 4324 1574 4323
f 1575 1574 4324
f 4325 1575 4324
f 1576 1575 4325
f 4326 1576 4325
f 1577 1576 4326
f 4327 1577 4326
f 1578 1577 4327
f 4328 1578 4327
f 1579 1578 4328
f 4329 1579 4328
f 1580 1579 4329
f 4330 1580 4329
f 1581 1580 4330
f 4331 1581 4330
f 1582 1581 4331
f 4332 1582 4331
f 1583 1582 4332
f 4333 1583 4332
f 1584 1583 4333
f 4334 1584 4333
f 1585 1584 4334
f 4335 1585 4334
f 1586 1585 4335
f 4336 1586 4335
f 1587 1586 4336
f 4337 1587 4336
f 1588 1587 4337
f 4338 1588 4337
f 1589 1588 4338
f 4339 1589 4338
f 1590 1589 4339
f 4340 1590 4339
f 1623 1590 4340
f 4341 1623 4340
f 4342 1591 4343
f 4344 1591 4342
f 4345 1591 4344
f 4346 1591 4345
f 1592 1591 4346
f 1592 4346 4347
f 4348 1592 4347
f 1593 1592 4348
f 1593 4348 4349
f 4350 1593 4349
f 1594 1593 4350
f 4351 1614 783
f 4351 783 785
f 4351 785 4352
f 4351 4352 1614
f 4353 1616 1614
f 4353 4352 4354
f 4353 1614 4352
f 4353 4354 1616
f 4355 1618 1616
f 4355 4354 4356
f 4355 1616 4354
f 4355 4356 1618
f 4357 1620 1618
f 4357 4356 4358
f 4357 1618 4356
f 4357 4358 1620
f 4359 4360 1567
f 4359 1567 1620
f 4359 4358 4360
f 4359 1620 4358
f 4361 1567 4360
f 4361 1568 1567
f 4361 4319 1568
f 4361 4360 4319
f 4362 4363 1625
f 4362 1625 1623
f 4362 4341 4363
f 4362 1623 4341
f 4364 1625 4363
f 4364 4343 1591
f 4364 1591 1625
f 4364 4363 4343
f 4320 4318 4365
f 4366 4320 4365
f 4321 4320 4366
f 4367 4321 4366
f 4322 4321 4367
f 4368 4322 4367
f 4323 4322 4368
f 4369 4323 4368
f 4324 4323 4369
f 4370 4324 4369
f 4325 4324 4370
f 4371 4325 4370
f 4326 4325 4371
f 4372 4326 4371
f 4327 4326 4372
f 4373 4327 4372
f 4328 4327 4373
f 4374 4328 4373
f 4329 4328 4374
f 4375 4329 4374
f 4330 4329 4375
f 4376 4330 4375
f 4331 4330 4376
f 4377 4331 4376
f 4332 4331 4377
f 4378 4332 4377
f 4333 4332 4378
f 4379 4333 4378
f 4380 4334 4333
f 4380 4333 4379
f 4381 4335 4334
f 4381 4334 4380
f 4382 4336 4335
f 4382 4335 4381
f 4383 4337 4336
f 4383 4336 4382
f 4384 4337 4383
f 4338 4337 4384
f 4385 4338 4384
f 4339 4338 4385
f 4386 4339 4385
f 4340 4339 4386
f 4387 4340 4386
f 4341 4340 4387
f 4388 4341 4387
f 4363 4341 4388
f 4389 4363 4388
f 4390 4343 4391
f 4392 4391 4343
f 4393 4343 4390
f 4342 4343 4393
f 4394 4392 4343
f 4395 4394 4343
f 4396 4352 785
f 4396 785 786
f 4396 786 4397
f 4396 4397 4352
f 4398 4354 4352
f 4398 4397 4399
f 4398 4352 4397
f 4398 4399 4354
f 4400 4356 4354
f 4400 4399 4401
f 4400 4354 4399
f 4400 4401 4356
f 4402 4358 4356
f 4402 4401 4403
f 4402 4356 4401
f 4402 4403 4358
f 4404 4360 4358
f 4404 4403 4405
f 4404 4358 4403
f 4404 4405 4360
f 4406 4319 4360
f 4406 4405 4407
f 4406 4360 4405
f 4406 4407 4319
f 4408 4365 4318
f 4408 4318 4319
f 4408 4407 4365
f 4408 4319 4407
f 4409 4395 4343
f 4409 4343 4363
f 4409 4389 4395
f 4409 4363 4389
f 4405 4403 1771
f 1677 4405 1771
f 4407 4405 1677
f 1676 4407 1677
f 4365 4407 1676
f 1680 4365 1676
f 4366 4365 1680
f 1682 4366 1680
f 4367 4366 1682
f 1684 4367 1682
f 4368 4367 1684
f 1686 4368 1684
f 4369 4368 1686
f 1688 4369 1686
f 4370 4369 1688
f 1690 4370 1688
f 4371 4370 1690
f 1692 4371 1690
f 4372 4371 1692
f 1694 4372 1692
f 4373 4372 1694
f 1696 4373 1694
f 4374 4373 1696
f 1698 4374 1696
f 4375 4374 1698
f 1700 4375 1698
f 4376 4375 1700
f 1702 4376 1700
f 4377 4376 1702
f 1704 4377 1702
f 4378 4377 1704
f 1710 4378 1704
f 4379 4378 1710
f 1715 4379 1710
f 4380 4379 1715
f 1719 4380 1715
f 4381 4380 1719
f 1721 4381 1719
f 4382 4381 1721
f 1723 4382 1721
f 4383 4382 1723
f 1725 4383 1723
f 4384 4383 1725
f 1727 4384 1725
f 4385 4384 1727
f 1729 4385 1727
f 4386 4385 1729
f 1775 4386 1729
f 4387 4386 1775
f 1778 4387 1775
f 4388 4387 1778
f 1781 4389 4388
f 1781 4388 1778
f 1732 4410 4395
f 1732 4395 1733
f 4411 4410 1732
f 4412 4411 1732
f 4413 4412 1732
f 1734 4413 1732
f 4414 4397 786
f 4414 786 780
f 4414 780 1762
f 4414 1762 4397
f 4415 4399 4397
f 4415 1762 1765
f 4415 4397 1762
f 4415 1765 4399
f 4416 4401 4399
f 4416 1765 1768
f 4416 4399 1765
f 4416 1768 4401
f 4417 4403 4401
f 4417 1768 1771
f 4417 4401 1768
f 4417 1771 4403
f 4418 4395 4389
f 4418 1781 1733
f 4418 1733 4395
f 4418 4389 1781
f 1681 1679 4419
f 4420 1681 4419
f 1683 1681 4420
f 4421 1683 4420
f 1685 1683 4421
f 4422 1685 4421
f 1687 1685 4422
f 4423 1687 4422
f 1689 1687 4423
f 4424 1689 4423
f 1691 1689 4424
f 4425 1691 4424
f 1693 1691 4425
f 4426 1695 1693
f 4426 1693 4425
f 4427 1695 4426
f 4427 1697 1695
f 4428 1697 4427
f 4428 1699 1697
f 4429 1699 4428
f 4429 1701 1699
f 4430 1701 4429
f 1703 1701 4430
f 4431 1703 4430
f 4431 4432 1703
f 4433 1703 4432
f 4434 1703 4433
f 4435 1703 4434
f 4436 1703 4435
f 4437 1703 4436
f 4438 1703 4437
f 1705 1703 4438
f 4439 1763 782
f 4439 782 781
f 4439 781 4440
f 4439 4440 1763
f 4441 1766 1763
f 4441 4440 4442
f 4441 1763 4440
f 4441 4442 1766
f 4443 1769 1766
f 4443 4442 4444
f 4443 1766 4442
f 4443 4444 1769
f 4445 1772 1769
f 4445 4444 4446
f 4445 1769 4444
f 4445 4446 1772
f 4447 1678 1772
f 4447 4446 4448
f 4447 1772 4446
f 4447 4448 1678
f 4449 1679 1678
f 4449 4448 4419
f 4449 1678 4448
f 4449 4419 1679
f 1871 4420 4419
f 1871 4419 1867
f 1873 4421 4420
f 1873 4420 1871
f 1875 4422 4421
f 1875 4421 1873
f 1877 4423 4422
f 1877 4422 1875
f 1879 4424 4423
f 1879 4423 1877
f 1881 4425 4424
f 1881 4424 1879
f 1883 4426 4425
f 1883 4425 1881
f 1885 4426 1883
f 1885 4427 4426
f 1887 4427 1885
f 1887 4428 4427
f 1889 4428 1887
f 1889 4429 4428
f 4430 4429 1889
f 1891 4430 1889
f 4450 4431 4430
f 4451 4430 1891
f 4451 4450 4430
f 4452 4451 1891
f 4453 4452 1891
f 4454 4453 1891
f 4455 4454 1891
f 1893 4455 1891
f 4456 4440 781
f 4456 781 774
f 4456 774 1951
f 4456 1951 4440
f 4457 4442 4440
f 4457 1951 1954
f 4457 4440 1951
f 4457 1954 4442
f 4458 4444 4442
f 4458 1954 1957
f 4458 4442 1954
f 4458 1957 4444
f 4459 4446 4444
f 4459 1957 1960
f 4459 4444 1957
f 4459 1960 4446
f 4460 4448 4446
f 4460 1960 1868
f 4460 4446 1960
f 4460 1868 4448
f 4461 4419 4448
f 4461 1868 1867
f 4461 4448 1868
f 4461 1867 4419
f 4462 4463 926
f 4462 926 850
f 4462 850 849
f 4464 4465 4463
f 4464 4463 4462
f 4466 4467 4465
f 4466 4465 4464
f 3365 3361 4467
f 3369 4467 4466
f 3369 3365 4467
f 4468 4462 849
f 4468 849 848
f 4469 4464 4462
f 4469 4462 4468
f 4470 4466 4464
f 4470 4464 4469
f 3375 3369 4466
f 3375 4466 4470
f 4471 4468 848
f 4471 848 847
f 4472 4469 4468
f 4472 4468 4471
f 4473 4470 4469
f 4473 4469 4472
f 4474 4470 4473
f 3375 4470 4474
f 3382 3375 4474
f 4475 4471 847
f 4475 847 846
f 4476 4472 4471
f 4476 4471 4475
f 4477 4473 4472
f 4477 4472 4476
f 4478 4474 4473
f 4478 4473 4477
f 3389 3382 4474
f 3389 4474 4478
f 4479 4475 846
f 4479 846 851
f 4480 4476 4475
f 4480 4475 4479
f 4481 4477 4476
f 4481 4476 4480
f 4482 4478 4477
f 4482 4477 4481
f 3397 3389 4478
f 3397 4478 4482
f 4483 4479 851
f 4483 851 852
f 4484 4480 4479
f 4484 4479 4483
f 4485 4481 4480
f 4485 4480 4484
f 4486 4482 4481
f 4486 4481 4485
f 3404 3397 4482
f 3404 4482 4486
f 3190 4483 852
f 3190 852 854
f 3192 4484 4483
f 3192 4483 3190
f 3194 4485 4484
f 3194 4484 3192
f 3196 4486 4485
f 3196 4485 3194
f 3198 3404 4486
f 3198 4486 3196
f 4487 4210 916
f 4487 916 915
f 4488 4487 915
f 4489 4487 4488
f 4490 4489 4488
f 4491 4489 4490
f 4492 4491 4490
f 3822 4491 4492
f 3819 3822 4492
f 3816 3819 4492
f 3813 3816 4492
f 3811 3813 4492
f 4488 915 917
f 4493 4488 917
f 4490 4488 4493
f 4494 4490 4493
f 4492 4490 4494
f 4495 4492 4494
f 3811 4492 4495
f 3809 3811 4495
f 3807 3809 4495
f 3805 3807 4495
f 3803 3805 4495
f 3802 3803 4495
f 3800 3802 4495
f 3798 3800 4495
f 3797 3798 4495
f 3795 3797 4495
f 3794 3795 4495
f 3792 3794 4495
f 3791 3792 4495
f 3789 3791 4495
f 3788 3789 4495
f 3787 3788 4495
f 3785 3787 4495
f 3784 3785 4495
f 3783 3784 4495
f 3781 3783 4495
f 3780 3781 4495
f 4493 917 918
f 4496 4493 918
f 4494 4493 4496
f 4497 4494 4496
f 4495 4494 4497
f 4498 4495 4497
f 3780 4495 4498
f 3779 3780 4498
f 3778 3779 4498
f 3777 3778 4498
f 3776 3777 4498
f 3774 3776 4498
f 3773 3774 4498
f 3772 3773 4498
f 3771 3772 4498
f 3770 3771 4498
f 3769 3770 4498
f 3767 3769 4498
f 3766 3767 4498
f 3765 3766 4498
f 3764 3765 4498
f 3763 3764 4498
f 3762 3763 4498
f 3761 3762 4498
f 3760 3761 4498
f 3758 3760 4498
f 3757 3758 4498
f 3756 3757 4498
f 3755 3756 4498
f 3754 3755 4498
f 3753 3754 4498
f 3752 3753 4498
f 3750 3752 4498
f 3749 3750 4498
f 3746 3749 4498
f 4499 4166 4167
f 4499 4167 4169
f 4499 4169 4170
f 4499 4170 4171
f 4499 4171 4173
f 4499 4173 4174
f 4499 4174 4175
f 4499 4175 4176
f 4499 4176 4177
f 4499 4177 4178
f 4499 4178 4179
f 4499 4179 3747
f 4499 3747 3746
f 4499 3746 4498
f 4500 4166 4499
f 4501 4500 4499
f 4502 4500 4501
f 4503 4502 4501
f 4504 4502 4503
f 4505 4506 4504
f 4505 4504 4503
f 4507 4508 4506
f 4507 4506 4505
f 3696 3695 4508
f 3696 4508 4507
f 4496 918 919
f 4509 4496 919
f 4497 4496 4509
f 4510 4497 4509
f 4498 4497 4510
f 4511 4498 4510
f 4499 4498 4511
f 4512 4499 4511
f 4501 4499 4512
f 4513 4501 4512
f 4503 4501 4513
f 4514 4503 4513
f 4505 4503 4514
f 4515 4505 4514
f 4507 4505 4515
f 4516 4507 4515
f 3696 4507 4516
f 3697 3696 4516
f 4509 919 922
f 4517 4509 922
f 4510 4509 4517
f 4518 4510 4517
f 4511 4510 4518
f 4519 4511 4518
f 4512 4511 4519
f 4520 4512 4519
f 4513 4512 4520
f 4521 4513 4520
f 4516 4515 4522
f 3698 3697 4516
f 3698 4516 4522
f 4523 4514 4513
f 4523 4521 4524
f 4523 4513 4521
f 4523 4524 4514
f 4525 4515 4514
f 4525 4524 4522
f 4525 4514 4524
f 4525 4522 4515
f 4517 922 921
f 4526 4517 921
f 4518 4517 4526
f 4527 4518 4526
f 4519 4518 4527
f 4528 4519 4527
f 4520 4519 4528
f 4529 4520 4528
f 4530 4521 4520
f 4530 4529 4531
f 4530 4520 4529
f 4530 4531 4521
f 4532 4524 4521
f 4532 4531 4533
f 4532 4521 4531
f 4532 4533 4524
f 4534 4522 4524
f 4534 4533 4535
f 4534 4524 4533
f 4534 4535 4522
f 4536 3698 4522
f 4536 4535 3699
f 4536 3699 3698
f 4536 4522 4535
f 4537 4526 921
f 4537 921 923
f 4538 4527 4526
f 4538 4526 4537
f 4539 4528 4527
f 4539 4527 4538
f 4540 4528 4539
f 4529 4528 4540
f 4541 4531 4529
f 4541 4540 4542
f 4541 4529 4540
f 4541 4542 4531
f 4543 4533 4531
f 4543 4542 4544
f 4543 4531 4542
f 4543 4544 4533
f 4545 4535 4533
f 4545 4544 4546
f 4545 4533 4544
f 4545 4546 4535
f 4547 3699 4535
f 4547 4546 3700
f 4547 3700 3699
f 4547 4535 4546
f 4548 4537 923
f 4548 923 924
f 4549 4538 4537
f 4549 4537 4548
f 4550 4538 4549
f 4539 4538 4550
f 4551 4539 4550
f 4540 4539 4551
f 4552 4540 4551
f 4542 4540 4552
f 4553 4542 4552
f 4544 4542 4553
f 4554 4544 4553
f 4546 4544 4554
f 4555 4546 4554
f 4556 3700 4546
f 4556 4555 3701
f 4556 3701 3700
f 4556 4546 4555
f 4557 4548 924
f 4557 924 927
f 4558 4548 4557
f 4549 4548 4558
f 4559 4549 4558
f 4550 4549 4559
f 3331 4550 3332
f 3333 4550 3331
f 3335 3332 4550
f 3329 4550 3333
f 3336 3335 4550
f 3328 4550 3329
f 3327 4550 3328
f 3338 3336 4550
f 3323 4550 3327
f 3322 4550 3323
f 3339 3338 4550
f 3324 4550 3322
f 3325 4550 3324
f 3317 4550 3325
f 3316 4550 3317
f 3341 3339 4550
f 3318 4550 3316
f 3319 4550 3318
f 3320 4550 3319
f 3311 4550 3320
f 3310 4550 3311
f 3312 4550 3310
f 3342 3341 4550
f 3313 4550 3312
f 3314 4550 3313
f 3306 4550 3314
f 3305 4550 3306
f 3344 3342 4550
f 3346 3344 4550
f 3348 3346 4550
f 3350 4550 4559
f 3350 3348 4550
f 4551 4550 3305
f 4551 3305 3307
f 4551 3307 3308
f 4551 3308 3302
f 4551 3302 3301
f 4551 3301 3303
f 4551 3303 3671
f 4551 3671 3672
f 4551 3672 3666
f 4551 3666 3665
f 4551 3665 3667
f 4551 3667 3668
f 4551 3668 3669
f 4551 3669 3670
f 4551 3670 3661
f 4551 3661 3660
f 4551 3660 3662
f 4551 3662 3663
f 4551 3663 3657
f 4551 3657 3656
f 4551 3656 3658
f 4551 3658 3653
f 4551 3653 3652
f 4551 3652 3654
f 4551 3654 3650
f 4551 3650 3649
f 4551 3649 3647
f 4551 3647 3646
f 4551 3646 3644
f 4551 3644 3642
f 4551 3642 3640
f 4551 3640 3638
f 4551 3638 3636
f 4551 3636 3635
f 4551 3635 3633
f 4551 3633 3631
f 4560 4551 3631
f 4552 4551 4560
f 4561 4552 4560
f 4553 4552 4561
f 4562 4553 4561
f 4554 4553 4562
f 4563 4554 4562
f 4555 4554 4563
f 4564 4555 4563
f 3701 4555 4564
f 3702 3701 4564
f 4463 4557 927
f 4463 927 926
f 4465 4558 4557
f 4465 4557 4463
f 4467 4559 4558
f 4467 4558 4465
f 3352 3350 4559
f 3355 3352 4559
f 3358 3355 4559
f 3361 4559 4467
f 3361 3358 4559
f 943 942 4565
f 944 943 4565
f 4566 944 4565
f 982 944 4566
f 980 982 4566
f 981 4566 4567
f 981 980 4566
f 997 981 4567
f 4568 4567 4569
f 4568 1084 1014
f 4568 1014 1013
f 4568 1013 997
f 4568 997 4567
f 4570 4568 4569
f 4571 4569 4572
f 4571 4570 4569
f 4573 4572 4574
f 4573 4574 4575
f 4573 4571 4572
f 4576 4573 4575
f 4577 4575 4578
f 4577 4576 4575
f 4579 4578 4580
f 4579 4577 4578
f 4581 4580 4582
f 4581 4579 4580
f 4583 4581 4582
f 4583 4582 4584
f 4585 4583 4584
f 4585 4584 4586
f 4587 4585 4586
f 4587 4586 4588
f 4589 4587 4588
f 4589 4588 4590
f 4591 4589 4590
f 4592 4589 4591
f 4593 4592 4591
f 4594 4592 4593
f 4595 4593 4596
f 4595 4594 4593
f 4597 4595 4596
f 4598 4565 942
f 4598 942 941
f 4598 4599 4565
f 4598 941 4600
f 4598 4600 4599
f 4601 941 4602
f 4601 4602 4603
f 4601 4604 4599
f 4601 4600 941
f 4601 4599 4600
f 4601 4603 4604
f 4605 4606 4565
f 4605 4607 4606
f 4605 4565 4599
f 4605 4599 4604
f 4605 4603 4607
f 4605 4604 4603
f 4608 4602 4606
f 4608 4606 4607
f 4608 4603 4602
f 4608 4607 4603
f 4609 941 940
f 4609 4610 4611
f 4609 4611 941
f 4609 940 4610
f 4612 940 4613
f 4612 4611 4610
f 4612 4613 4614
f 4612 4615 4611
f 4612 4610 940
f 4612 4614 4615
f 4616 4602 941
f 4616 941 4611
f 4616 4617 4602
f 4616 4611 4615
f 4616 4615 4614
f 4616 4614 4617
f 4618 4613 4602
f 4618 4614 4613
f 4618 4602 4617
f 4618 4617 4614
f 4619 940 939
f 4619 4620 4621
f 4619 4621 940
f 4619 939 4620
f 4622 939 4623
f 4622 4621 4620
f 4622 4623 4624
f 4622 4625 4621
f 4622 4620 939
f 4622 4624 4625
f 4626 4613 940
f 4626 940 4621
f 4626 4627 4613
f 4626 4621 4625
f 4626 4625 4624
f 4626 4624 4627
f 4628 4623 4613
f 4628 4624 4623
f 4628 4613 4627
f 4628 4627 4624
f 4629 4623 939
f 4629 939 938
f 4630 4629 938
f 4630 4631 4629
f 4632 4633 4623
f 4632 4623 4629
f 4632 4629 4631
f 4634 938 4633
f 4634 4633 4632
f 4634 4631 4630
f 4634 4630 938
f 4634 4632 4631
f 4635 4633 938
f 4635 938 937
f 4636 4635 937
f 4636 4637 4635
f 4638 4633 4635
f 4638 4635 4637
f 4639 937 4640
f 4639 4640 4633
f 4639 4637 4636
f 4639 4633 4638
f 4639 4636 937
f 4639 4638 4637
f 4641 4640 937
f 4642 4249 4643
f 4642 4643 4640
f 4642 4640 4641
f 4644 937 936
f 4644 936 4249
f 4644 4641 937
f 4644 4249 4642
f 4644 4642 4641
f 4645 4646 4309
f 4645 4647 4646
f 4645 4648 4647
f 4649 4309 1082
f 4649 1082 1086
f 4649 1086 4648
f 4649 4645 4309
f 4649 4648 4645
f 4650 4651 4309
f 4650 4652 4651
f 4650 4309 4646
f 4650 4648 4653
f 4650 4646 4647
f 4650 4647 4648
f 4650 4653 4652
f 4654 1086 4655
f 4654 4648 1086
f 4654 4653 4648
f 4654 4655 4656
f 4654 4652 4653
f 4654 4656 4652
f 4657 4655 4651
f 4657 4651 4652
f 4657 4656 4655
f 4657 4652 4656
f 4658 1086 1085
f 4658 4659 1086
f 4658 4660 4659
f 4658 1085 4660
f 4661 4655 1086
f 4661 4660 4662
f 4661 4663 4655
f 4661 1086 4659
f 4661 4659 4660
f 4661 4662 4663
f 4664 1085 4665
f 4664 4662 4660
f 4664 4665 4666
f 4664 4660 1085
f 4664 4663 4662
f 4664 4666 4663
f 4667 4665 4655
f 4667 4655 4663
f 4667 4666 4665
f 4667 4663 4666
f 4668 1085 1084
f 4668 1084 4568
f 4668 4669 1085
f 4668 4670 4669
f 4668 4568 4670
f 4671 4665 1085
f 4671 4670 4672
f 4671 1085 4669
f 4671 4669 4670
f 4671 4673 4665
f 4671 4672 4673
f 4674 4568 4675
f 4674 4672 4670
f 4674 4675 4676
f 4674 4670 4568
f 4674 4673 4672
f 4674 4676 4673
f 4677 4675 4665
f 4677 4676 4675
f 4677 4665 4673
f 4677 4673 4676
f 1742 1744 4678
f 1744 1660 4678
f 1660 4679 4678
f 1660 1659 4679
f 1659 1661 4679
f 4679 1644 4680
f 1661 1644 4679
f 1644 1628 4680
f 4680 4681 4682
f 1597 4681 1598
f 1627 4681 1628
f 1598 4681 1627
f 1628 4681 4680
f 4681 4683 4682
f 4682 4684 4685
f 4683 4684 4682
f 4685 4686 4687
f 4684 4686 4685
f 4687 4688 4689
f 4686 4688 4687
f 4689 4690 4691
f 4688 4690 4689
f 4691 4692 4693
f 4690 4692 4691
f 4692 4694 4693
f 4692 4695 4694
f 4694 4696 4697
f 4695 4696 4694
f 4696 4698 4697
f 4697 4698 4699
f 4698 4700 4699
f 4699 4700 4701
f 4700 4702 4701
f 4701 4702 4703
f 4702 4704 4703
f 4702 4705 4704
f 4705 4706 4704
f 4705 4707 4706
f 4707 4708 4706
f 4707 4709 4708
f 4709 4710 4708
f 1596 4711 1597
f 1597 4711 4681
f 4712 4711 1596
f 4713 4711 4712
f 4681 4711 4713
f 4714 4715 1596
f 4713 4715 4716
f 1596 4715 4712
f 4712 4715 4713
f 4717 4715 4714
f 4716 4715 4717
f 4681 4718 4719
f 4716 4718 4713
f 4719 4718 4720
f 4713 4718 4681
f 4717 4718 4716
f 4720 4718 4717
f 4719 4721 4714
f 4720 4721 4719
f 4714 4721 4717
f 4717 4721 4720
f 1595 4722 1596
f 4723 4722 1595
f 4724 4722 4723
f 1596 4722 4724
f 4725 4726 1595
f 4724 4726 4727
f 4728 4726 4725
f 1595 4726 4723
f 4723 4726 4724
f 4727 4726 4728
f 1596 4729 4714
f 4727 4729 4724
f 4714 4729 4730
f 4724 4729 1596
f 4728 4729 4727
f 4730 4729 4728
f 4714 4731 4725
f 4725 4731 4728
f 4730 4731 4714
f 4728 4731 4730
f 4732 4733 4350
f 4734 4733 4732
f 4735 4733 4734
f 4350 4736 1594
f 1594 4736 1595
f 1595 4736 4735
f 4733 4736 4350
f 4735 4736 4733
f 4737 4738 4350
f 4739 4738 4737
f 4350 4738 4732
f 4735 4738 4740
f 4732 4738 4734
f 4734 4738 4735
f 4740 4738 4739
f 1595 4741 4725
f 4735 4741 1595
f 4740 4741 4735
f 4725 4741 4742
f 4739 4741 4740
f 4742 4741 4739
f 4725 4743 4737
f 4737 4743 4739
f 4742 4743 4725
f 4739 4743 4742
f 4744 4745 1737
f 4413 4746 4747
f 4747 4746 4744
f 4744 4746 4745
f 1737 4748 1734
f 1734 4748 4413
f 4745 4748 1737
f 4413 4748 4746
f 4746 4748 4745
f 4749 4750 1736
f 1736 4750 1737
f 4750 4751 1737
f 4752 4751 4750
f 4744 4753 4749
f 4749 4753 4750
f 4750 4753 4752
f 1737 4754 4744
f 4744 4754 4753
f 4752 4754 4751
f 4751 4754 1737
f 4753 4754 4752
f 4755 4756 1738
f 1738 4756 1736
f 1736 4757 4749
f 4756 4757 1736
f 4758 4757 4756
f 4755 4759 4756
f 4756 4759 4758
f 4749 4760 4755
f 4758 4760 4757
f 4755 4760 4759
f 4757 4760 4749
f 4759 4760 4758
f 1739 4761 1738
f 4762 4761 4763
f 4763 4761 1739
f 1738 4761 4762
f 1738 4764 4755
f 4763 4764 4762
f 4755 4764 4765
f 4766 4764 4763
f 4762 4764 1738
f 4765 4764 4766
f 4767 4768 1739
f 1739 4768 4763
f 4769 4768 4767
f 4763 4768 4766
f 4766 4768 4765
f 4765 4768 4769
f 4755 4770 4767
f 4765 4770 4755
f 4767 4770 4769
f 4769 4770 4765
f 1741 4771 1739
f 4772 4771 4773
f 4773 4771 1741
f 1739 4771 4772
f 1739 4774 4767
f 4773 4774 4772
f 4767 4774 4775
f 4776 4774 4773
f 4772 4774 1739
f 4775 4774 4776
f 4777 4778 1741
f 1741 4778 4773
f 4779 4778 4777
f 4773 4778 4776
f 4776 4778 4775
f 4775 4778 4779
f 4767 4780 4777
f 4775 4780 4767
f 4777 4780 4779
f 4779 4780 4775
f 4678 4781 1742
f 1742 4781 1741
f 4782 4781 4678
f 1741 4781 4783
f 4783 4781 4782
f 1741 4784 4777
f 4785 4784 4782
f 4777 4784 4786
f 4783 4784 1741
f 4782 4784 4783
f 4786 4784 4785
f 4787 4788 4678
f 4789 4788 4787
f 4678 4788 4782
f 4782 4788 4785
f 4786 4788 4789
f 4785 4788 4786
f 4777 4790 4787
f 4787 4790 4789
f 4786 4790 4777
f 4789 4790 4786
f 4791 4792 4793
f 4791 4794 4795
f 4791 4793 4794
f 4796 4797 4792
f 4796 4792 4791
f 4798 4799 4797
f 4798 4797 4796
f 1718 1717 4799
f 1784 4799 4798
f 1784 1718 4799
f 4800 4801 4802
f 4800 4803 4801
f 4792 4804 4793
f 4792 4802 4804
f 4792 4800 4802
f 4797 4805 4800
f 4797 4800 4792
f 4799 4806 4805
f 4799 4805 4797
f 1717 1716 4806
f 1717 4806 4799
f 4807 4808 4809
f 4810 4808 4807
f 4811 4810 4807
f 4812 4810 4811
f 4813 4812 4814
f 4815 4812 4813
f 4816 4814 4812
f 4817 4812 4815
f 4818 4816 4812
f 4819 4812 4817
f 4820 4812 4819
f 4821 4818 4812
f 4822 4812 4820
f 4823 4812 4822
f 4824 4821 4812
f 4825 4812 4823
f 4826 4812 4825
f 4827 4812 4826
f 4828 4812 4827
f 4829 4812 4828
f 4830 4824 4812
f 4831 4812 4829
f 4832 4812 4831
f 4833 4812 4832
f 4834 4812 4833
f 4835 4812 4834
f 4836 4830 4812
f 4837 4812 4835
f 4838 4836 4812
f 4839 4838 4812
f 4840 4839 4812
f 4841 4812 4811
f 4841 4840 4812
f 4842 4837 4843
f 4842 4843 4844
f 4842 4844 4845
f 4842 4845 4846
f 4842 4846 4847
f 4842 4847 4848
f 4842 4848 4849
f 4842 4849 4850
f 4842 4850 4851
f 4842 4851 4852
f 4842 4852 4853
f 4842 4853 4854
f 4842 4854 4855
f 4842 4855 4856
f 4842 4856 4857
f 4842 4812 4837
f 4842 4857 4858
f 4842 4858 4859
f 4842 4859 4860
f 4842 4860 4861
f 4842 4861 4862
f 4842 4862 4863
f 4842 4863 4864
f 4842 4864 4865
f 4842 4865 4866
f 4842 4866 4867
f 4842 4867 4868
f 4842 4868 4869
f 4842 4869 4870
f 4842 4870 4871
f 4842 4871 4872
f 4842 4872 4873
f 4842 4873 4874
f 4842 4874 4875
f 4842 4875 4876
f 4842 4876 4877
f 4842 4877 4878
f 4842 4878 4879
f 4842 4879 4880
f 4842 4880 4881
f 4842 4881 4803
f 4800 4842 4803
f 4882 4842 4800
f 4805 4882 4800
f 4883 4882 4805
f 4806 4883 4805
f 1714 4883 4806
f 1716 1714 4806
f 4884 4885 4886
f 4884 4886 4887
f 4884 4887 4888
f 4884 4888 4885
f 4889 4808 4885
f 4889 4888 4809
f 4889 4809 4808
f 4889 4885 4888
f 4810 4890 4808
f 4891 4890 4810
f 4812 4891 4810
f 4892 4891 4812
f 4842 4892 4812
f 4893 4892 4842
f 4882 4893 4842
f 4894 4893 4882
f 4883 4894 4882
f 4895 4894 4883
f 1714 1713 4895
f 1714 4895 4883
f 4896 4897 4898
f 4896 4898 4886
f 4896 4886 4885
f 4896 4885 4897
f 4899 4890 4897
f 4899 4885 4808
f 4899 4897 4885
f 4899 4808 4890
f 4892 4900 4891
f 4901 4900 4892
f 4893 4901 4892
f 4902 4901 4893
f 4894 4902 4893
f 4903 4902 4894
f 4895 4904 4903
f 4895 4903 4894
f 1713 1712 4904
f 1713 4904 4895
f 4905 4906 4907
f 4905 4907 4898
f 4905 4898 4897
f 4905 4897 4906
f 4908 4909 4906
f 4908 4897 4890
f 4908 4906 4897
f 4908 4890 4909
f 4910 4900 4909
f 4910 4890 4891
f 4910 4909 4890
f 4910 4891 4900
f 4911 4912 4901
f 4902 4911 4901
f 4913 4911 4902
f 4903 4913 4902
f 4914 4913 4903
f 4904 4914 4903
f 1711 4914 4904
f 1712 1711 4904
f 4915 4916 4917
f 4915 4917 4907
f 4915 4907 4906
f 4915 4906 4916
f 4918 4919 4916
f 4918 4906 4909
f 4918 4916 4906
f 4918 4909 4919
f 4920 4921 4919
f 4920 4909 4900
f 4920 4919 4909
f 4920 4900 4921
f 4922 4912 4921
f 4922 4900 4901
f 4922 4921 4900
f 4922 4901 4912
f 4923 4924 4921
f 4912 4923 4921
f 4925 4923 4912
f 4911 4925 4912
f 4926 4925 4911
f 4913 4926 4911
f 4927 4926 4913
f 4914 4927 4913
f 1709 4927 4914
f 1711 1709 4914
f 4928 4929 4930
f 4928 4930 4917
f 4928 4917 4916
f 4928 4916 4929
f 4931 4932 4929
f 4931 4916 4919
f 4931 4929 4916
f 4931 4919 4932
f 4933 4924 4932
f 4933 4919 4921
f 4933 4932 4919
f 4933 4921 4924
f 4934 4935 4932
f 4924 4934 4932
f 4936 4934 4924
f 4923 4936 4924
f 4937 4936 4923
f 4925 4937 4923
f 4938 4937 4925
f 4926 4938 4925
f 4939 4938 4926
f 4927 4939 4926
f 1708 4939 4927
f 1709 1708 4927
f 4940 4941 4942
f 4940 4942 4930
f 4940 4930 4929
f 4940 4929 4941
f 4943 4935 4941
f 4943 4929 4932
f 4943 4941 4929
f 4943 4932 4935
f 4944 4945 4941
f 4935 4944 4941
f 4946 4944 4935
f 4934 4946 4935
f 4947 4946 4934
f 4936 4947 4934
f 4948 4947 4936
f 4949 4948 4936
f 4950 4949 4936
f 4951 4950 4936
f 4952 4951 4936
f 4953 4952 4936
f 4954 4953 4936
f 4955 4954 4936
f 4956 4955 4936
f 4957 4956 4936
f 4958 4957 4936
f 4959 4958 4936
f 4960 4959 4936
f 4961 4960 4936
f 4962 4961 4936
f 4963 4962 4936
f 4964 4963 4936
f 4965 4964 4936
f 4966 4965 4936
f 4937 4966 4936
f 4937 4967 4968
f 4937 4968 4969
f 4937 4969 4970
f 4937 4970 4971
f 4937 4971 4972
f 4937 4972 4973
f 4937 4973 4974
f 4937 4974 4975
f 4937 4975 4976
f 4937 4976 4977
f 4937 4977 4978
f 4937 4978 4979
f 4937 4979 4980
f 4937 4980 4981
f 4937 4981 4982
f 4937 4982 4983
f 4937 4983 4984
f 4937 4984 4985
f 4937 4985 4986
f 4937 4986 4987
f 4937 4987 4966
f 4988 4967 4937
f 4938 4988 4937
f 4989 4988 4938
f 4939 4989 4938
f 4990 4989 4939
f 1708 1707 4990
f 1708 4990 4939
f 4991 4945 4992
f 4991 4992 4942
f 4991 4942 4941
f 4991 4941 4945
f 4988 4993 4994
f 4988 4995 4967
f 4988 4996 4995
f 4988 4997 4996
f 4988 4998 4997
f 4988 4999 4998
f 4988 5000 4999
f 4988 5001 5000
f 4988 5002 5001
f 4988 5003 5002
f 4988 5004 5003
f 4988 5005 5004
f 4988 5006 5005
f 4988 5007 5006
f 4988 5008 5007
f 4988 5009 5008
f 4988 5010 5009
f 4988 5011 5010
f 4988 5012 5011
f 4988 5013 5012
f 4988 4994 5013
f 5014 4993 4988
f 4989 5014 4988
f 5015 5014 4989
f 4990 5015 4989
f 1706 5015 4990
f 1707 1706 4990
f 5016 5017 5018
f 4993 5019 4994
f 4993 5020 5019
f 4993 5018 5020
f 4993 5016 5018
f 5021 5016 4993
f 5014 5021 4993
f 5022 5021 5014
f 5015 5022 5014
f 4438 5022 5015
f 1705 4438 5015
f 1706 1705 5015
f 5023 5024 5025
f 5023 5025 5026
f 5027 5028 5024
f 5027 5024 5023
f 5029 5030 5028
f 5029 5028 5027
f 5031 5032 5030
f 5031 5030 5029
f 1791 1790 5032
f 1822 5032 5031
f 1822 1791 5032
f 5024 5033 5034
f 5024 5034 5025
f 5028 5035 5033
f 5028 5033 5024
f 5030 5036 5035
f 5030 5035 5028
f 5032 5037 5036
f 5032 5036 5030
f 1790 1789 5037
f 1790 5037 5032
f 5033 5038 5039
f 5033 5039 5034
f 5035 5040 5038
f 5035 5038 5033
f 5036 5041 5040
f 5036 5040 5035
f 5037 5042 5041
f 5037 5041 5036
f 1789 1788 5042
f 1789 5042 5037
f 5038 5043 5044
f 5038 5044 5039
f 5040 5045 5043
f 5040 5043 5038
f 5041 5046 5045
f 5041 5045 5040
f 5042 5046 5041
f 1787 5046 5042
f 1788 1787 5042
f 5043 5047 5048
f 5043 5048 5044
f 5045 5049 5047
f 5045 5047 5043
f 5046 5050 5049
f 5046 5049 5045
f 1787 1786 5050
f 1787 5050 5046
f 5047 5051 5052
f 5047 5052 5048
f 5049 5053 5051
f 5049 5051 5047
f 5050 5054 5053
f 5050 5053 5049
f 1786 1785 5054
f 1786 5054 5050
f 5051 4791 4795
f 5051 4795 5052
f 5053 4796 4791
f 5053 4791 5051
f 5054 4798 4796
f 5054 4796 5053
f 1785 1784 4798
f 1785 4798 5054
f 5055 5056 5057
f 5058 5055 5057
f 5059 5055 5058
f 5060 5059 5058
f 5061 5059 5060
f 5062 5061 5060
f 5063 5061 5062
f 5064 5063 5062
f 5065 5063 5064
f 5066 5065 5064
f 5067 5065 5066
f 5068 5067 5066
f 5069 5067 5068
f 5070 5069 5068
f 5071 5069 5070
f 5072 5071 5070
f 5073 5071 5072
f 5074 5073 5072
f 5075 5073 5074
f 5076 5075 5074
f 5077 5076 5074
f 5078 5077 5074
f 5079 5078 5074
f 5080 5079 5074
f 5081 5080 5074
f 5082 5081 5074
f 5083 5082 5074
f 5084 5083 5074
f 5085 5084 5074
f 5086 5085 5074
f 5087 5086 5074
f 5088 5087 5074
f 5089 5088 5074
f 5090 5089 5074
f 5091 5090 5074
f 5092 5091 5074
f 5093 5092 5074
f 5094 5093 5074
f 5095 5094 5074
f 5096 5095 5074
f 5097 5096 5074
f 5098 5097 5074
f 5099 5098 5074
f 5100 5099 5074
f 5101 5100 5074
f 5102 5101 5074
f 5103 5102 5074
f 5104 5103 5074
f 5105 5104 5074
f 5106 5105 5074
f 5107 5106 5074
f 5108 5107 5074
f 5109 5108 5074
f 5110 5109 5074
f 5111 5110 5074
f 5112 5111 5074
f 5112 5113 5114
f 5112 5114 5115
f 5112 5115 5116
f 5112 5116 5117
f 5112 5117 5118
f 5112 5118 5119
f 5112 5119 5120
f 5112 5120 5121
f 5112 5121 5122
f 5112 5122 5123
f 5112 5123 5124
f 5112 5124 5125
f 5112 5125 5126
f 5112 5126 5127
f 5112 5127 5128
f 5112 5128 5129
f 5112 5129 5130
f 5112 5130 5131
f 5112 5131 5132
f 5112 5132 5111
f 5133 5113 5112
f 5134 5133 5112
f 5135 5133 5134
f 5136 5135 5134
f 5137 5135 5136
f 5138 5137 5136
f 5139 5137 5138
f 5140 5139 5138
f 5141 5139 5140
f 5142 5141 5140
f 1839 5141 5142
f 1863 1839 5142
f 1923 1863 5142
f 5133 5143 5144
f 5133 5145 5113
f 5133 5146 5145
f 5133 5147 5146
f 5133 5148 5147
f 5133 5149 5148
f 5133 5150 5149
f 5133 5144 5150
f 5135 5151 5143
f 5135 5143 5133
f 5137 5152 5151
f 5137 5151 5135
f 5153 5152 5137
f 5139 5153 5137
f 5154 5153 5139
f 5141 5154 5139
f 1839 1838 5154
f 1839 5154 5141
f 5143 5155 5156
f 5143 5157 5144
f 5143 5156 5157
f 5151 5158 5155
f 5151 5155 5143
f 5159 5158 5151
f 5152 5159 5151
f 5160 5159 5152
f 5153 5160 5152
f 5161 5160 5153
f 5154 5161 5153
f 1838 1837 5161
f 1838 5161 5154
f 5155 5162 5163
f 5155 5163 5156
f 5158 5164 5162
f 5158 5162 5155
f 5165 5164 5158
f 5159 5165 5158
f 5166 5165 5159
f 5160 5166 5159
f 5167 5166 5160
f 5161 5167 5160
f 1837 1836 5167
f 1837 5167 5161
f 5162 5168 5169
f 5162 5169 5163
f 5164 5170 5168
f 5164 5168 5162
f 5171 5170 5164
f 5165 5171 5164
f 5172 5171 5165
f 5166 5172 5165
f 5173 5172 5166
f 5167 5173 5166
f 1836 1835 5173
f 1836 5173 5167
f 5168 5174 5175
f 5168 5175 5169
f 5170 5176 5174
f 5170 5174 5168
f 5177 5176 5170
f 5171 5177 5170
f 5178 5177 5171
f 5172 5178 5171
f 5179 5178 5172
f 5173 5179 5172
f 1835 1834 5179
f 1835 5179 5173
f 5174 5180 5181
f 5174 5181 5175
f 5176 5182 5180
f 5176 5180 5174
f 5183 5182 5176
f 5177 5183 5176
f 5184 5183 5177
f 5178 5184 5177
f 5185 5184 5178
f 5179 5185 5178
f 1834 1832 5185
f 1834 5185 5179
f 5180 5186 5187
f 5180 5187 5181
f 5182 5188 5186
f 5182 5186 5180
f 5183 5189 5188
f 5183 5188 5182
f 5184 5190 5189
f 5184 5189 5183
f 5185 5191 5190
f 5185 5190 5184
f 1832 1831 5191
f 1832 5191 5185
f 5186 5192 5193
f 5186 5194 5187
f 5186 5193 5194
f 5188 5195 5192
f 5188 5192 5186
f 5189 5196 5195
f 5189 5195 5188
f 5190 5197 5196
f 5190 5196 5189
f 5191 5198 5197
f 5191 5197 5190
f 1831 1830 5198
f 1831 5198 5191
f 5192 5199 5200
f 5192 5201 5193
f 5192 5202 5201
f 5192 5200 5202
f 5195 5203 5199
f 5195 5199 5192
f 5196 5204 5203
f 5196 5203 5195
f 5197 5205 5204
f 5197 5204 5196
f 5198 5206 5205
f 5198 5205 5197
f 1830 1829 5206
f 1830 5206 5198
f 5199 5207 5208
f 5199 5209 5200
f 5199 5208 5209
f 5203 5210 5207
f 5203 5207 5199
f 5204 5211 5210
f 5204 5210 5203
f 5205 5212 5211
f 5205 5211 5204
f 5206 5213 5212
f 5206 5212 5205
f 1829 1828 5213
f 1829 5213 5206
f 5207 5214 5215
f 5207 5216 5208
f 5207 5215 5216
f 5210 5217 5214
f 5210 5214 5207
f 5211 5218 5217
f 5211 5217 5210
f 5212 5219 5218
f 5212 5218 5211
f 5213 5220 5219
f 5213 5219 5212
f 1828 1827 5220
f 1828 5220 5213
f 5214 5221 5222
f 5214 5222 5215
f 5217 5223 5221
f 5217 5221 5214
f 5218 5224 5223
f 5218 5223 5217
f 5219 5225 5224
f 5219 5224 5218
f 5220 5226 5225
f 5220 5225 5219
f 1827 1826 5226
f 1827 5226 5220
f 5221 5227 5228
f 5221 5228 5222
f 5223 5229 5227
f 5223 5227 5221
f 5224 5230 5229
f 5224 5229 5223
f 5225 5231 5230
f 5225 5230 5224
f 5226 5232 5231
f 5226 5231 5225
f 1826 1825 5232
f 1826 5232 5226
f 5227 5233 5228
f 5234 5233 5227
f 5229 5234 5227
f 5235 5234 5229
f 5230 5235 5229
f 5236 5235 5230
f 5231 5236 5230
f 5237 5236 5231
f 5232 5237 5231
f 1824 5237 5232
f 1825 1824 5232
f 5234 5238 5239
f 5234 5239 5233
f 5235 5240 5238
f 5235 5238 5234
f 5236 5241 5240
f 5236 5240 5235
f 5237 5242 5241
f 5237 5241 5236
f 1824 1823 5242
f 1824 5242 5237
f 5238 5023 5026
f 5238 5026 5239
f 5240 5027 5023
f 5240 5023 5238
f 5241 5029 5027
f 5241 5027 5240
f 5242 5031 5029
f 5242 5029 5241
f 1823 1822 5031
f 1823 5031 5242
f 5243 5244 5245
f 5243 5245 5246
f 5247 5248 5244
f 5247 5244 5243
f 5249 5250 5248
f 5249 5248 5247
f 5251 5252 5250
f 5251 5250 5249
f 5253 5254 5252
f 5253 5252 5251
f 5255 5254 5253
f 5256 5254 5255
f 5257 5256 5255
f 5258 5256 5257
f 5259 5256 5258
f 5260 5256 5259
f 5261 5256 5260
f 5262 5256 5261
f 5263 5256 5262
f 5264 5256 5263
f 5265 5256 5264
f 5266 5256 5265
f 5267 5256 5266
f 5268 5256 5267
f 5269 5256 5268
f 5270 5256 5269
f 5270 5269 5271
f 5270 5271 5272
f 5270 5272 5273
f 5270 5273 5274
f 5270 5274 5275
f 5270 5275 5276
f 5270 5276 5277
f 5270 5277 5278
f 5270 5278 5279
f 5270 5279 5280
f 5270 5280 5281
f 5270 5281 5282
f 5270 5282 5283
f 5270 5283 5284
f 5270 5284 5285
f 5270 5285 5286
f 5270 5286 5287
f 5270 5287 5288
f 5289 5270 5288
f 5290 5270 5289
f 5291 5290 5289
f 5292 5290 5291
f 5293 5292 5291
f 5294 5292 5293
f 5295 5294 5293
f 1894 5294 5295
f 1893 1894 5295
f 4455 1893 5295
f 5244 5296 5297
f 5244 5297 5245
f 5248 5298 5296
f 5248 5296 5244
f 5250 5299 5298
f 5250 5298 5248
f 5252 5300 5299
f 5252 5299 5250
f 5254 5301 5300
f 5254 5300 5252
f 5256 5302 5301
f 5256 5301 5254
f 5270 5303 5302
f 5270 5302 5256
f 5290 5303 5270
f 5304 5303 5290
f 5292 5304 5290
f 5305 5304 5292
f 5294 5306 5305
f 5294 5305 5292
f 1894 1895 5306
f 1894 5306 5294
f 5296 5307 5308
f 5296 5308 5297
f 5298 5309 5307
f 5298 5307 5296
f 5299 5310 5309
f 5299 5309 5298
f 5300 5311 5310
f 5300 5310 5299
f 5301 5312 5311
f 5301 5311 5300
f 5302 5313 5312
f 5302 5312 5301
f 5303 5313 5302
f 5314 5313 5303
f 5304 5314 5303
f 5315 5314 5304
f 5305 5315 5304
f 5316 5315 5305
f 5306 5317 5316
f 5306 5316 5305
f 1895 1896 5317
f 1895 5317 5306
f 5307 5318 5319
f 5307 5319 5308
f 5309 5320 5318
f 5309 5318 5307
f 5310 5321 5320
f 5310 5320 5309
f 5311 5322 5321
f 5311 5321 5310
f 5312 5323 5322
f 5312 5322 5311
f 5313 5324 5323
f 5313 5323 5312
f 5314 5324 5313
f 5325 5324 5314
f 5315 5325 5314
f 5326 5325 5315
f 5316 5326 5315
f 5327 5326 5316
f 5317 5328 5327
f 5317 5327 5316
f 1896 1900 5328
f 1896 5328 5317
f 5318 5329 5330
f 5318 5330 5319
f 5320 5331 5329
f 5320 5329 5318
f 5321 5332 5331
f 5321 5331 5320
f 5322 5333 5332
f 5322 5332 5321
f 5323 5334 5333
f 5323 5333 5322
f 5324 5335 5334
f 5324 5334 5323
f 5325 5335 5324
f 5336 5335 5325
f 5326 5336 5325
f 5337 5336 5326
f 5327 5337 5326
f 5338 5337 5327
f 5328 5339 5338
f 5328 5338 5327
f 1900 1899 5339
f 1900 5339 5328
f 5329 5340 5341
f 5329 5341 5330
f 5331 5342 5340
f 5331 5340 5329
f 5332 5343 5342
f 5332 5342 5331
f 5333 5344 5343
f 5333 5343 5332
f 5334 5345 5344
f 5334 5344 5333
f 5335 5346 5345
f 5335 5345 5334
f 5336 5347 5346
f 5336 5346 5335
f 5337 5347 5336
f 5348 5347 5337
f 5338 5348 5337
f 5349 5348 5338
f 5339 5350 5349
f 5339 5349 5338
f 1899 1898 5350
f 1899 5350 5339
f 5340 5351 5352
f 5340 5352 5341
f 5342 5353 5351
f 5342 5351 5340
f 5343 5354 5353
f 5343 5353 5342
f 5344 5355 5354
f 5344 5354 5343
f 5345 5356 5355
f 5345 5355 5344
f 5346 5357 5356
f 5346 5356 5345
f 5347 5358 5357
f 5347 5357 5346
f 5348 5359 5358
f 5348 5358 5347
f 5349 5360 5359
f 5349 5359 5348
f 5350 5360 5349
f 1901 5360 5350
f 1898 1901 5350
f 5353 5361 5362
f 5353 5362 5351
f 5354 5363 5361
f 5354 5361 5353
f 5355 5364 5363
f 5355 5363 5354
f 5356 5365 5364
f 5356 5364 5355
f 5357 5366 5365
f 5357 5365 5356
f 5358 5367 5366
f 5358 5366 5357
f 5359 5368 5367
f 5359 5367 5358
f 5360 5369 5368
f 5360 5368 5359
f 1901 1902 5369
f 1901 5369 5360
f 5370 5362 5371
f 5370 5371 5352
f 5370 5352 5351
f 5370 5351 5362
f 5363 5372 5373
f 5363 5373 5361
f 5364 5374 5372
f 5364 5372 5363
f 5365 5375 5374
f 5365 5374 5364
f 5366 5376 5375
f 5366 5375 5365
f 5367 5377 5376
f 5367 5376 5366
f 5368 5378 5377
f 5368 5377 5367
f 5369 5379 5378
f 5369 5378 5368
f 1902 1905 5379
f 1902 5379 5369
f 5380 5381 5382
f 5380 5382 5371
f 5380 5371 5362
f 5380 5362 5381
f 5383 5373 5381
f 5383 5362 5361
f 5383 5381 5362
f 5383 5361 5373
f 5374 5384 5385
f 5374 5385 5372
f 5375 5386 5384
f 5375 5384 5374
f 5376 5387 5386
f 5376 5386 5375
f 5377 5388 5387
f 5377 5387 5376
f 5378 5389 5388
f 5378 5388 5377
f 5379 5390 5389
f 5379 5389 5378
f 1905 1904 5390
f 1905 5390 5379
f 5391 5392 5393
f 5391 5393 5382
f 5391 5382 5381
f 5391 5381 5392
f 5394 5395 5392
f 5394 5381 5373
f 5394 5392 5381
f 5394 5373 5395
f 5396 5385 5395
f 5396 5373 5372
f 5396 5395 5373
f 5396 5372 5385
f 5397 5398 5385
f 5384 5397 5385
f 5399 5397 5384
f 5386 5399 5384
f 5400 5399 5386
f 5387 5400 5386
f 5401 5400 5387
f 5388 5401 5387
f 5402 5401 5388
f 5389 5402 5388
f 5403 5402 5389
f 5390 5403 5389
f 1906 5403 5390
f 1904 1906 5390
f 5404 5405 5406
f 5404 5406 5393
f 5404 5393 5392
f 5404 5392 5405
f 5407 5408 5405
f 5407 5392 5395
f 5407 5405 5392
f 5407 5395 5408
f 5409 5398 5408
f 5409 5395 5385
f 5409 5408 5395
f 5409 5385 5398
f 5410 5411 5398
f 5397 5410 5398
f 5412 5410 5397
f 5399 5412 5397
f 5413 5412 5399
f 5400 5413 5399
f 5414 5413 5400
f 5401 5414 5400
f 5415 5414 5401
f 5402 5415 5401
f 5416 5415 5402
f 5403 5416 5402
f 1907 5416 5403
f 1906 1907 5403
f 5417 5418 5419
f 5417 5419 5406
f 5417 5406 5405
f 5417 5405 5418
f 5420 5421 5418
f 5420 5405 5408
f 5420 5418 5405
f 5420 5408 5421
f 5422 5411 5421
f 5422 5408 5398
f 5422 5421 5408
f 5422 5398 5411
f 5423 5424 5421
f 5411 5423 5421
f 5425 5423 5411
f 5410 5425 5411
f 5426 5425 5410
f 5412 5426 5410
f 5427 5426 5412
f 5413 5427 5412
f 5428 5427 5413
f 5414 5428 5413
f 5429 5428 5414
f 5415 5429 5414
f 5430 5429 5415
f 5416 5430 5415
f 5431 5430 5416
f 1907 1908 5431
f 1907 5431 5416
f 5432 5433 5434
f 5432 5434 5419
f 5432 5419 5418
f 5432 5418 5433
f 5435 5424 5433
f 5435 5418 5421
f 5435 5433 5418
f 5435 5421 5424
f 5436 5437 5424
f 5423 5436 5424
f 5438 5436 5423
f 5425 5438 5423
f 5439 5438 5425
f 5426 5439 5425
f 5440 5439 5426
f 5427 5440 5426
f 5441 5440 5427
f 5428 5441 5427
f 5442 5441 5428
f 5429 5442 5428
f 5443 5442 5429
f 5430 5443 5429
f 5444 5443 5430
f 5431 5444 5430
f 1910 5444 5431
f 1908 1910 5431
f 5445 5446 5447
f 5445 5447 5434
f 5445 5434 5433
f 5445 5433 5446
f 5448 5437 5446
f 5448 5433 5424
f 5448 5446 5433
f 5448 5424 5437
f 5449 5450 5446
f 5437 5449 5446
f 5451 5449 5437
f 5436 5451 5437
f 5452 5451 5436
f 5438 5452 5436
f 5453 5452 5438
f 5439 5453 5438
f 5454 5453 5439
f 5440 5454 5439
f 5455 5454 5440
f 5441 5455 5440
f 5456 5455 5441
f 5442 5456 5441
f 5457 5456 5442
f 5443 5457 5442
f 5458 5457 5443
f 5444 5458 5443
f 1911 5458 5444
f 1910 1911 5444
f 5459 5450 5460
f 5459 5460 5447
f 5459 5447 5446
f 5459 5446 5450
f 5461 5462 5460
f 5450 5461 5460
f 5463 5461 5450
f 5449 5463 5450
f 5464 5463 5449
f 5451 5464 5449
f 5465 5464 5451
f 5452 5465 5451
f 5466 5465 5452
f 5453 5466 5452
f 5467 5466 5453
f 5454 5467 5453
f 5468 5467 5454
f 5455 5468 5454
f 5469 5468 5455
f 5456 5469 5455
f 5470 5469 5456
f 5457 5470 5456
f 5471 5470 5457
f 5458 5471 5457
f 1912 5471 5458
f 1911 1912 5458
f 5472 5473 5462
f 5461 5472 5462
f 5474 5472 5461
f 5463 5474 5461
f 5475 5474 5463
f 5464 5475 5463
f 5476 5475 5464
f 5465 5476 5464
f 5477 5476 5465
f 5466 5477 5465
f 5478 5477 5466
f 5467 5478 5466
f 5479 5478 5467
f 5468 5479 5467
f 5480 5479 5468
f 5469 5480 5468
f 5481 5480 5469
f 5470 5481 5469
f 5482 5481 5470
f 5471 5482 5470
f 5483 5482 5471
f 1912 1915 5483
f 1912 5483 5471
f 5484 5485 5473
f 5472 5484 5473
f 5486 5484 5472
f 5474 5486 5472
f 5487 5486 5474
f 5475 5487 5474
f 5488 5487 5475
f 5476 5488 5475
f 5489 5488 5476
f 5477 5489 5476
f 5490 5489 5477
f 5478 5490 5477
f 5491 5490 5478
f 5479 5491 5478
f 5492 5491 5479
f 5480 5492 5479
f 5493 5492 5480
f 5481 5493 5480
f 5494 5493 5481
f 5482 5494 5481
f 5495 5494 5482
f 5483 5495 5482
f 1914 5495 5483
f 1915 1914 5483
f 5496 5497 5485
f 5484 5496 5485
f 5498 5496 5484
f 5486 5498 5484
f 5499 5498 5486
f 5487 5499 5486
f 5500 5499 5487
f 5488 5500 5487
f 5501 5500 5488
f 5489 5501 5488
f 5502 5501 5489
f 5490 5502 5489
f 5503 5502 5490
f 5491 5503 5490
f 5504 5503 5491
f 5492 5504 5491
f 5505 5504 5492
f 5493 5505 5492
f 5506 5505 5493
f 5494 5506 5493
f 5507 5506 5494
f 5495 5507 5494
f 1916 5507 5495
f 1914 1916 5495
f 5508 5509 5497
f 5496 5508 5497
f 5510 5508 5496
f 5498 5510 5496
f 5511 5510 5498
f 5499 5511 5498
f 5512 5511 5499
f 5500 5512 5499
f 5513 5512 5500
f 5501 5513 5500
f 5514 5513 5501
f 5502 5514 5501
f 5515 5514 5502
f 5503 5515 5502
f 5516 5515 5503
f 5504 5516 5503
f 5517 5516 5504
f 5505 5517 5504
f 5518 5517 5505
f 5506 5518 5505
f 5519 5518 5506
f 5507 5519 5506
f 5520 5519 5507
f 1916 1919 5520
f 1916 5520 5507
f 5521 5522 5509
f 5508 5521 5509
f 5523 5521 5508
f 5510 5523 5508
f 5524 5523 5510
f 5511 5524 5510
f 5525 5524 5511
f 5512 5525 5511
f 5526 5525 5512
f 5513 5526 5512
f 5527 5526 5513
f 5514 5527 5513
f 5528 5527 5514
f 5515 5528 5514
f 5529 5528 5515
f 5516 5529 5515
f 5530 5529 5516
f 5517 5530 5516
f 5531 5530 5517
f 5518 5531 5517
f 5532 5531 5518
f 5519 5532 5518
f 5533 5532 5519
f 5520 5533 5519
f 1918 5533 5520
f 1919 1918 5520
f 5534 5535 5522
f 5521 5534 5522
f 5536 5534 5521
f 5523 5536 5521
f 5537 5536 5523
f 5524 5537 5523
f 5538 5537 5524
f 5525 5538 5524
f 5539 5538 5525
f 5526 5539 5525
f 5540 5539 5526
f 5527 5540 5526
f 5541 5540 5527
f 5528 5541 5527
f 5542 5541 5528
f 5529 5542 5528
f 5543 5542 5529
f 5530 5543 5529
f 5544 5543 5530
f 5531 5544 5530
f 5545 5544 5531
f 5532 5545 5531
f 5546 5545 5532
f 5533 5546 5532
f 1920 5546 5533
f 1918 1920 5533
f 5547 5548 5535
f 5534 5547 5535
f 5549 5547 5534
f 5536 5549 5534
f 5550 5549 5536
f 5537 5550 5536
f 5551 5550 5537
f 5538 5551 5537
f 5552 5551 5538
f 5539 5552 5538
f 5553 5552 5539
f 5540 5553 5539
f 5554 5553 5540
f 5541 5554 5540
f 5555 5554 5541
f 5542 5555 5541
f 5556 5555 5542
f 5543 5556 5542
f 5557 5556 5543
f 5544 5557 5543
f 5558 5557 5544
f 5545 5558 5544
f 5559 5558 5545
f 5546 5559 5545
f 5560 5559 5546
f 1920 1921 5560
f 1920 5560 5546
f 5561 5562 5548
f 5547 5561 5548
f 5563 5561 5547
f 5549 5563 5547
f 5564 5563 5549
f 5550 5564 5549
f 5565 5564 5550
f 5551 5565 5550
f 5566 5565 5551
f 5552 5566 5551
f 5567 5566 5552
f 5553 5567 5552
f 5568 5567 5553
f 5554 5569 5568
f 5554 5568 5553
f 5555 5570 5569
f 5555 5569 5554
f 5571 5570 5555
f 5556 5571 5555
f 5572 5571 5556
f 5557 5572 5556
f 5573 5572 5557
f 5558 5573 5557
f 5574 5573 5558
f 5559 5574 5558
f 5575 5574 5559
f 5560 5575 5559
f 1924 5575 5560
f 1921 1924 5560
f 5058 5057 5562
f 5561 5058 5562
f 5060 5058 5561
f 5563 5060 5561
f 5062 5060 5563
f 5564 5062 5563
f 5064 5062 5564
f 5565 5064 5564
f 5066 5064 5565
f 5566 5066 5565
f 5068 5066 5566
f 5567 5068 5566
f 5070 5068 5567
f 5568 5070 5567
f 5072 5070 5568
f 5569 5072 5568
f 5074 5072 5569
f 5570 5074 5569
f 5112 5074 5570
f 5571 5112 5570
f 5134 5112 5571
f 5572 5134 5571
f 5136 5134 5572
f 5573 5136 5572
f 5138 5136 5573
f 5574 5138 5573
f 5140 5138 5574
f 5575 5140 5574
f 5142 5140 5575
f 1924 1923 5142
f 1924 5142 5575
f 4560 3628 3625
f 4560 3631 3628
f 5576 3622 3619
f 5576 3625 3622
f 5576 4560 3625
f 5577 4561 4560
f 5577 5576 5578
f 5577 4560 5576
f 5577 5578 4561
f 5579 4562 4561
f 5579 5578 5580
f 5579 4561 5578
f 5579 5580 4562
f 5581 4563 4562
f 5581 5580 5582
f 5581 4562 5580
f 5581 5582 4563
f 5583 4564 4563
f 5583 5582 5584
f 5583 4563 5582
f 5583 5584 4564
f 5585 3702 4564
f 5585 5584 3703
f 5585 3703 3702
f 5585 4564 5584
f 5586 5584 5587
f 3703 5584 5586
f 3704 3703 5586
f 5588 5576 3619
f 5588 3615 3609
f 5588 3619 3615
f 5588 3609 5589
f 5588 5589 5576
f 5590 5578 5576
f 5590 5589 5591
f 5590 5576 5589
f 5590 5591 5578
f 5592 5580 5578
f 5592 5591 5593
f 5592 5578 5591
f 5592 5593 5580
f 5594 5582 5580
f 5594 5593 5595
f 5594 5580 5593
f 5594 5595 5582
f 5596 5584 5582
f 5596 5595 5587
f 5596 5582 5595
f 5596 5587 5584
f 5597 5587 5598
f 5586 5587 5597
f 3705 3704 5586
f 3705 5586 5597
f 5599 5589 3609
f 5599 3609 3603
f 5599 3603 5600
f 5599 5600 5589
f 5601 5591 5589
f 5601 5600 5602
f 5601 5589 5600
f 5601 5602 5591
f 5603 5593 5591
f 5603 5602 5604
f 5603 5591 5602
f 5603 5604 5593
f 5605 5595 5593
f 5605 5604 5606
f 5605 5593 5604
f 5605 5606 5595
f 5607 5587 5595
f 5607 5606 5598
f 5607 5595 5606
f 5607 5598 5587
f 5608 5600 3603
f 5608 3603 3596
f 5609 5602 5600
f 5609 5600 5608
f 5610 5606 5611
f 5598 5606 5610
f 5612 5597 5598
f 5612 5598 5610
f 5613 5604 5602
f 5613 5609 5614
f 5613 5602 5609
f 5613 5614 5604
f 5615 5606 5604
f 5615 5614 5611
f 5615 5604 5614
f 5615 5611 5606
f 5616 3705 5597
f 5616 5612 3706
f 5616 3706 3705
f 5616 5597 5612
f 5617 5608 3596
f 5617 3596 3589
f 5618 5609 5608
f 5618 5608 5617
f 5619 5609 5618
f 5614 5609 5619
f 5620 5614 5619
f 5611 5614 5620
f 5621 5611 5620
f 5610 5611 5621
f 5622 5610 5621
f 5612 5610 5622
f 5623 5612 5622
f 3706 5612 5623
f 3707 3706 5623
f 5624 5617 3589
f 5624 3589 3583
f 5625 5618 5617
f 5625 5617 5624
f 5626 5619 5618
f 5626 5618 5625
f 5627 5619 5626
f 5620 5619 5627
f 5628 5620 5627
f 5621 5620 5628
f 5629 5621 5628
f 5622 5621 5629
f 5630 5623 5622
f 5630 5622 5629
f 3708 3707 5623
f 3708 5623 5630
f 5631 5624 3583
f 5631 3583 3576
f 5632 5625 5624
f 5632 5624 5631
f 5633 5626 5625
f 5633 5625 5632
f 5634 5626 5633
f 5627 5626 5634
f 5635 5627 5634
f 5628 5627 5635
f 5636 5628 5635
f 5629 5628 5636
f 5637 5630 5629
f 5637 5629 5636
f 5638 3708 5630
f 5638 5637 3709
f 5638 3709 3708
f 5638 5630 5637
f 5639 5631 3576
f 5639 3576 3568
f 5640 5632 5631
f 5640 5631 5639
f 5641 5633 5632
f 5641 5632 5640
f 5642 5633 5641
f 5634 5633 5642
f 5643 5634 5642
f 5635 5634 5643
f 5644 5635 5643
f 5636 5635 5644
f 5645 5636 5644
f 5637 5636 5645
f 5646 5637 5645
f 3709 5637 5646
f 3710 3709 5646
f 5647 5639 3568
f 5647 3568 3561
f 5648 5640 5639
f 5648 5639 5647
f 5649 5641 5640
f 5649 5640 5648
f 5650 5642 5641
f 5650 5641 5649
f 5651 5642 5650
f 5643 5642 5651
f 5652 5643 5651
f 5644 5643 5652
f 5653 5644 5652
f 5645 5644 5653
f 5654 5646 5645
f 5654 5645 5653
f 3711 3710 5646
f 3711 5646 5654
f 5655 5647 3561
f 5655 3561 3554
f 5656 5648 5647
f 5656 5647 5655
f 5657 5649 5648
f 5657 5648 5656
f 5658 5650 5649
f 5658 5649 5657
f 5659 5650 5658
f 5651 5650 5659
f 5660 5651 5659
f 5652 5651 5660
f 5661 5652 5660
f 5653 5652 5661
f 5662 5654 5653
f 5662 5653 5661
f 3712 3711 5654
f 3712 5654 5662
f 5663 5655 3554
f 5663 3554 3548
f 5664 5656 5655
f 5664 5655 5663
f 5665 5657 5656
f 5665 5656 5664
f 5666 5658 5657
f 5666 5657 5665
f 5667 5658 5666
f 5659 5658 5667
f 5668 5659 5667
f 5660 5659 5668
f 5669 5660 5668
f 5661 5660 5669
f 5670 5662 5661
f 5670 5661 5669
f 3713 3712 5662
f 3713 5662 5670
f 5663 3548 3541
f 5671 5663 3541
f 5664 5663 5671
f 5672 5664 5671
f 5665 5664 5672
f 5673 5665 5672
f 5666 5665 5673
f 5674 5666 5673
f 5667 5666 5674
f 5675 5667 5674
f 5668 5667 5675
f 5676 5668 5675
f 5669 5668 5676
f 5677 5669 5676
f 5670 5669 5677
f 5678 5670 5677
f 3713 5670 5678
f 3714 3713 5678
f 5679 5671 3541
f 5679 3541 3535
f 5680 5672 5671
f 5680 5671 5679
f 5681 5673 5672
f 5681 5672 5680
f 5682 5673 5681
f 5674 5673 5682
f 5683 5674 5682
f 5675 5674 5683
f 5684 5675 5683
f 5676 5675 5684
f 5685 5676 5684
f 5677 5676 5685
f 5686 5678 5677
f 5686 5677 5685
f 3715 3714 5678
f 3715 5678 5686
f 5687 5679 3535
f 5687 3535 3531
f 5688 5680 5679
f 5688 5679 5687
f 5689 5681 5680
f 5689 5680 5688
f 5690 5681 5689
f 5682 5681 5690
f 5691 5682 5690
f 5683 5682 5691
f 5692 5683 5691
f 5684 5683 5692
f 5693 5684 5692
f 5685 5684 5693
f 5694 5686 5685
f 5694 5685 5693
f 3716 3715 5686
f 3716 5686 5694
f 5695 5687 3531
f 5695 3528 3525
f 5695 3531 3528
f 5696 5688 5687
f 5696 5687 5695
f 5697 5689 5688
f 5697 5688 5696
f 5698 5689 5697
f 5690 5689 5698
f 5699 5690 5698
f 5691 5690 5699
f 5700 5691 5699
f 5692 5691 5700
f 5701 5692 5700
f 5693 5692 5701
f 5702 5694 5693
f 5702 5693 5701
f 3718 3716 5694
f 3718 5694 5702
f 5703 5695 3525
f 5703 3521 3519
f 5703 3525 3521
f 5704 5696 5695
f 5704 5695 5703
f 5705 5697 5696
f 5705 5696 5704
f 5706 5697 5705
f 5698 5697 5706
f 5707 5698 5706
f 5699 5698 5707
f 5708 5699 5707
f 5700 5699 5708
f 5709 5700 5708
f 5701 5700 5709
f 5710 5702 5701
f 5710 5701 5709
f 3720 3718 5702
f 3720 5702 5710
f 5711 5703 3519
f 5711 3516 3513
f 5711 3519 3516
f 5712 5704 5703
f 5712 5703 5711
f 5713 5704 5712
f 5705 5704 5713
f 5714 5705 5713
f 5706 5705 5714
f 5715 5706 5714
f 5707 5706 5715
f 5716 5707 5715
f 5708 5707 5716
f 5717 5708 5716
f 5709 5708 5717
f 5718 5710 5709
f 5718 5709 5717
f 3722 3720 5710
f 3722 5710 5718
f 5719 5711 3513
f 5719 3513 3511
f 5720 5712 5711
f 5720 5711 5719
f 5721 5712 5720
f 5713 5712 5721
f 5722 5713 5721
f 5714 5713 5722
f 5723 5714 5722
f 5715 5714 5723
f 5724 5715 5723
f 5716 5715 5724
f 5725 5716 5724
f 5717 5716 5725
f 5726 5718 5717
f 5726 5717 5725
f 3724 3722 5718
f 3724 5718 5726
f 5727 5719 3511
f 5727 3511 3509
f 5728 5719 5727
f 5720 5719 5728
f 5729 5720 5728
f 5721 5720 5729
f 5730 5721 5729
f 5722 5721 5730
f 5731 5722 5730
f 5723 5722 5731
f 5732 5723 5731
f 5724 5723 5732
f 5733 5724 5732
f 5725 5724 5733
f 5734 5726 5725
f 5734 5725 5733
f 3725 3724 5726
f 3725 5726 5734
f 5735 5727 3509
f 5735 3509 3508
f 5728 5727 5735
f 5736 5728 5735
f 5729 5728 5736
f 5737 5729 5736
f 5730 5729 5737
f 5738 5730 5737
f 5731 5730 5738
f 5739 5731 5738
f 5732 5731 5739
f 5740 5732 5739
f 5733 5732 5740
f 5741 5733 5740
f 5734 5733 5741
f 5742 5734 5741
f 3725 5734 5742
f 3723 3725 5742
f 5743 5735 3508
f 5743 3508 3506
f 5736 5735 5743
f 5744 5736 5743
f 5737 5736 5744
f 5745 5737 5744
f 5738 5737 5745
f 5746 5738 5745
f 5739 5738 5746
f 5747 5739 5746
f 5740 5739 5747
f 5748 5740 5747
f 5741 5740 5748
f 5749 5741 5748
f 5742 5741 5749
f 5750 5742 5749
f 3723 5742 5750
f 3721 3723 5750
f 5751 5743 3506
f 5751 3506 3504
f 5744 5743 5751
f 5752 5744 5751
f 5745 5744 5752
f 5753 5745 5752
f 5746 5745 5753
f 5754 5746 5753
f 5747 5746 5754
f 5755 5747 5754
f 5748 5747 5755
f 5756 5748 5755
f 5749 5748 5756
f 5757 5749 5756
f 5750 5749 5757
f 5758 5750 5757
f 3721 5750 5758
f 3719 3721 5758
f 5759 5751 3504
f 5759 3504 3501
f 5760 5752 5751
f 5760 5751 5759
f 5753 5752 5760
f 5761 5753 5760
f 5754 5753 5761
f 5762 5754 5761
f 5755 5754 5762
f 5763 5755 5762
f 5756 5755 5763
f 5764 5756 5763
f 5757 5756 5764
f 5765 5757 5764
f 5758 5757 5765
f 5766 5758 5765
f 3719 5758 5766
f 3717 3719 5766
f 3673 5759 3501
f 3673 3499 3497
f 3673 3501 3499
f 3674 5760 5759
f 3674 5759 3673
f 5761 5760 3674
f 3675 5761 3674
f 5762 5761 3675
f 3676 5762 3675
f 5763 5762 3676
f 3677 5763 3676
f 5764 5763 3677
f 3678 5764 3677
f 5765 5764 3678
f 3679 5765 3678
f 5766 5765 3679
f 3680 5766 3679
f 3717 5766 3680
f 3681 3717 3680
f 5767 3321 3326
f 5767 3315 3321
f 5767 3309 3315
f 5767 3304 3309
f 5767 3300 3304
f 5768 5769 5767
f 5768 5767 3326
f 5768 3334 3337
f 5768 3330 3334
f 5768 3326 3330
f 5770 5771 5769
f 5770 5769 5768
f 5772 5773 5771
f 5772 5771 5770
f 5774 5775 5773
f 5774 5773 5772
f 5776 5777 5775
f 5776 5775 5774
f 5778 5779 5777
f 5778 5777 5776
f 5780 5781 5779
f 5780 5779 5778
f 5782 5783 5781
f 5782 5781 5780
f 5784 5785 5783
f 5784 5783 5782
f 5786 5787 5785
f 5786 5785 5784
f 5788 5789 5787
f 5788 5787 5786
f 5790 5791 5789
f 5790 5789 5788
f 5792 5793 5791
f 5792 5791 5790
f 5794 5795 5793
f 5794 5793 5792
f 5796 5795 5794
f 5797 5795 5796
f 5798 5797 5796
f 5799 5797 5798
f 5800 5799 5798
f 5801 5799 5800
f 5802 5801 5800
f 5803 5801 5802
f 5804 5803 5802
f 5805 5803 5804
f 5806 5805 5804
f 5807 5805 5806
f 5808 5807 5806
f 5809 5807 5808
f 5810 5811 5809
f 5810 5809 5808
f 5812 5811 5810
f 5813 5812 5810
f 5813 5814 5812
f 5815 5814 5813
f 5815 5816 5814
f 5817 5816 5815
f 5817 5818 5816
f 5819 5818 5817
f 5819 5820 5818
f 5821 5820 5819
f 5821 5822 5820
f 5823 5822 5821
f 5823 5824 5822
f 5825 5826 5824
f 5825 5824 5823
f 5827 5828 5826
f 5827 5826 5825
f 5829 5830 5828
f 5829 5828 5827
f 5831 5832 5830
f 5831 5830 5829
f 5833 5834 5832
f 5833 5832 5831
f 5835 5836 5834
f 5835 5834 5833
f 5837 5838 5836
f 5837 5836 5835
f 5839 5840 5838
f 5839 5838 5837
f 5841 5842 5840
f 5841 5840 5839
f 5843 5844 5842
f 5843 5842 5841
f 5845 5846 5844
f 5845 5847 5846
f 5845 5844 5843
f 5848 5849 5847
f 5848 5847 5845
f 5850 5851 5849
f 5850 5849 5848
f 5852 5853 5851
f 5852 5851 5850
f 5854 5853 5852
f 5768 3343 3345
f 5768 3340 3343
f 5768 3337 3340
f 5855 5770 5768
f 5855 3349 3351
f 5855 3347 3349
f 5855 3345 3347
f 5855 5768 3345
f 5856 5772 5770
f 5856 5770 5855
f 5857 5774 5772
f 5857 5772 5856
f 5858 5776 5774
f 5858 5774 5857
f 5859 5778 5776
f 5859 5776 5858
f 5860 5780 5778
f 5860 5778 5859
f 5861 5782 5780
f 5861 5780 5860
f 5862 5784 5782
f 5862 5782 5861
f 5863 5786 5784
f 5863 5784 5862
f 5864 5788 5786
f 5864 5786 5863
f 5865 5790 5788
f 5865 5788 5864
f 5866 5792 5790
f 5866 5790 5865
f 5867 5794 5792
f 5867 5792 5866
f 5868 5796 5794
f 5868 5794 5867
f 5869 5796 5868
f 5798 5796 5869
f 5870 5798 5869
f 5800 5798 5870
f 5871 5800 5870
f 5802 5800 5871
f 5872 5802 5871
f 5804 5802 5872
f 5873 5804 5872
f 5806 5804 5873
f 5874 5806 5873
f 5808 5806 5874
f 5875 5808 5874
f 5810 5808 5875
f 5876 5810 5875
f 5813 5810 5876
f 5877 5813 5876
f 5815 5813 5877
f 5878 5815 5877
f 5817 5815 5878
f 5879 5817 5878
f 5819 5817 5879
f 5880 5819 5879
f 5821 5819 5880
f 5881 5821 5880
f 5881 5823 5821
f 5882 5823 5881
f 5882 5825 5823
f 5883 5825 5882
f 5883 5827 5825
f 5884 5827 5883
f 5884 5829 5827
f 5885 5829 5884
f 5885 5831 5829
f 5886 5831 5885
f 5886 5833 5831
f 5887 5835 5833
f 5887 5833 5886
f 5888 5837 5835
f 5888 5835 5887
f 5889 5839 5837
f 5889 5837 5888
f 5890 5841 5839
f 5890 5839 5889
f 5891 5843 5841
f 5891 5841 5890
f 5892 5845 5843
f 5892 5843 5891
f 5893 5848 5845
f 5893 5845 5892
f 5894 5850 5848
f 5894 5848 5893
f 5895 5852 5850
f 5895 5850 5894
f 5896 5854 5852
f 5896 5852 5895
f 5855 3354 3356
f 5855 3353 3354
f 5855 3351 3353
f 3357 5855 3356
f 5897 5856 5855
f 5897 5855 3357
f 5897 3359 3360
f 5897 3357 3359
f 5898 5857 5856
f 5898 5856 5897
f 5899 5858 5857
f 5899 5857 5898
f 5900 5859 5858
f 5900 5858 5899
f 5901 5860 5859
f 5901 5859 5900
f 5902 5861 5860
f 5902 5860 5901
f 5903 5862 5861
f 5903 5861 5902
f 5904 5863 5862
f 5904 5862 5903
f 5905 5864 5863
f 5905 5863 5904
f 5906 5865 5864
f 5906 5864 5905
f 5907 5866 5865
f 5907 5865 5906
f 5908 5867 5866
f 5908 5866 5907
f 5909 5868 5867
f 5909 5867 5908
f 5910 5869 5868
f 5910 5868 5909
f 5911 5870 5869
f 5911 5869 5910
f 5912 5871 5870
f 5912 5870 5911
f 5913 5872 5871
f 5913 5871 5912
f 5914 5873 5872
f 5914 5872 5913
f 5915 5874 5873
f 5915 5873 5914
f 5916 5875 5874
f 5916 5874 5915
f 5917 5876 5875
f 5917 5875 5916
f 5918 5877 5876
f 5918 5876 5917
f 5878 5877 5918
f 5919 5878 5918
f 5879 5878 5919
f 5920 5879 5919
f 5880 5879 5920
f 5921 5880 5920
f 5921 5881 5880
f 5922 5881 5921
f 5922 5882 5881
f 5923 5882 5922
f 5923 5883 5882
f 5924 5883 5923
f 5924 5884 5883
f 5925 5884 5924
f 5925 5885 5884
f 5926 5885 5925
f 5926 5886 5885
f 5927 5886 5926
f 5927 5887 5886
f 5928 5887 5927
f 5928 5888 5887
f 5929 5889 5888
f 5929 5888 5928
f 5930 5890 5889
f 5930 5889 5929
f 5931 5891 5890
f 5931 5890 5930
f 5932 5892 5891
f 5932 5891 5931
f 5933 5893 5892
f 5933 5892 5932
f 5934 5894 5893
f 5934 5893 5933
f 5935 5895 5894
f 5935 5894 5934
f 5936 5896 5895
f 5936 5895 5935
f 5937 5896 5936
f 5897 3363 3364
f 5897 3362 3363
f 5897 3360 3362
f 3366 5897 3364
f 3367 5897 3366
f 5938 5898 5897
f 5938 5897 3367
f 5938 3368 3370
f 5938 3367 3368
f 5939 5899 5898
f 5939 5898 5938
f 5940 5900 5899
f 5940 5899 5939
f 5941 5901 5900
f 5941 5900 5940
f 5942 5902 5901
f 5942 5901 5941
f 5943 5903 5902
f 5943 5902 5942
f 5944 5904 5903
f 5944 5903 5943
f 5945 5905 5904
f 5945 5904 5944
f 5946 5906 5905
f 5946 5905 5945
f 5947 5907 5906
f 5947 5906 5946
f 5948 5908 5907
f 5948 5907 5947
f 5949 5909 5908
f 5949 5908 5948
f 5950 5910 5909
f 5950 5909 5949
f 5951 5911 5910
f 5951 5910 5950
f 5952 5912 5911
f 5952 5911 5951
f 5953 5913 5912
f 5953 5912 5952
f 5954 5913 5953
f 5914 5913 5954
f 5955 5915 5914
f 5955 5914 5954
f 5956 5916 5915
f 5956 5915 5955
f 5957 5917 5916
f 5957 5916 5956
f 5958 5918 5917
f 5958 5917 5957
f 5959 5919 5918
f 5959 5918 5958
f 5960 5920 5919
f 5960 5919 5959
f 5961 5921 5920
f 5961 5920 5960
f 5962 5921 5961
f 5962 5922 5921
f 5963 5922 5962
f 5963 5923 5922
f 5964 5923 5963
f 5964 5924 5923
f 5965 5924 5964
f 5965 5925 5924
f 5966 5925 5965
f 5966 5926 5925
f 5966 5927 5926
f 5967 5927 5966
f 5967 5928 5927
f 5968 5928 5967
f 5968 5929 5928
f 5969 5930 5929
f 5969 5929 5968
f 5970 5930 5969
f 5971 5931 5930
f 5971 5930 5970
f 5972 5932 5931
f 5972 5931 5971
f 5973 5933 5932
f 5973 5932 5972
f 5974 5934 5933
f 5974 5933 5973
f 5975 5935 5934
f 5975 5934 5974
f 5976 5936 5935
f 5976 5935 5975
f 5977 5937 5936
f 5977 5936 5976
f 5978 5937 5977
f 5938 3373 3374
f 5938 3372 3373
f 5938 3371 3372
f 5938 3370 3371
f 3376 5938 3374
f 5979 5939 5938
f 5979 5938 3376
f 5979 3378 3379
f 5979 3377 3378
f 5979 3376 3377
f 5980 5940 5939
f 5980 5939 5979
f 5981 5941 5940
f 5981 5940 5980
f 5982 5942 5941
f 5982 5941 5981
f 5983 5943 5942
f 5983 5942 5982
f 5984 5944 5943
f 5984 5943 5983
f 5985 5945 5944
f 5985 5944 5984
f 5986 5946 5945
f 5986 5945 5985
f 5987 5947 5946
f 5987 5946 5986
f 5988 5948 5947
f 5988 5947 5987
f 5989 5949 5948
f 5989 5948 5988
f 5990 5950 5949
f 5990 5949 5989
f 5991 5951 5950
f 5991 5950 5990
f 5992 5952 5951
f 5992 5951 5991
f 5993 5953 5952
f 5993 5952 5992
f 5994 5954 5953
f 5994 5953 5993
f 5995 5954 5994
f 5955 5954 5995
f 5996 5955 5995
f 5956 5955 5996
f 5997 5956 5996
f 5957 5956 5997
f 5998 5957 5997
f 5958 5957 5998
f 5999 5958 5998
f 5959 5958 5999
f 6000 5960 5959
f 6000 5959 5999
f 6001 5961 5960
f 6001 5960 6000
f 6002 5961 6001
f 6002 5962 5961
f 6003 5962 6002
f 6003 5963 5962
f 6004 5963 6003
f 6004 5964 5963
f 6005 5964 6004
f 6005 5965 5964
f 6006 5965 6005
f 6006 5966 5965
f 6007 5966 6006
f 6007 5967 5966
f 6008 5967 6007
f 6008 5968 5967
f 6009 5968 6008
f 6009 5969 5968
f 6010 5970 5969
f 6010 5969 6009
f 6011 5971 5970
f 6011 5970 6010
f 6012 5972 5971
f 6012 5971 6011
f 6013 5973 5972
f 6013 5972 6012
f 6014 5974 5973
f 6014 5973 6013
f 6015 5975 5974
f 6015 5974 6014
f 6016 5976 5975
f 6016 5975 6015
f 6017 5977 5976
f 6017 5976 6016
f 6018 5978 5977
f 6018 5977 6017
f 5979 3384 3385
f 5979 3383 3384
f 5979 3381 3383
f 5979 3380 3381
f 5979 3379 3380
f 3386 5979 3385
f 6019 5980 5979
f 6019 5979 3386
f 6019 3388 3390
f 6019 3387 3388
f 6019 3386 3387
f 6020 5981 5980
f 6020 5980 6019
f 6021 5982 5981
f 6021 5981 6020
f 6022 5983 5982
f 6022 5982 6021
f 6023 5984 5983
f 6023 5985 5984
f 6023 5983 6022
f 6024 5986 5985
f 6024 5985 6023
f 6025 5987 5986
f 6025 5986 6024
f 6026 5988 5987
f 6026 5987 6025
f 6027 5989 5988
f 6027 5988 6026
f 6028 5990 5989
f 6028 5989 6027
f 6029 5991 5990
f 6029 5990 6028
f 6030 5992 5991
f 6030 5991 6029
f 6031 5993 5992
f 6031 5992 6030
f 6032 5993 6031
f 5994 5993 6032
f 6033 5994 6032
f 5995 5994 6033
f 6034 5995 6033
f 5996 5995 6034
f 6035 5996 6034
f 5997 5996 6035
f 6036 5998 5997
f 6036 5997 6035
f 6037 5999 5998
f 6037 5998 6036
f 6038 6000 5999
f 6038 5999 6037
f 6039 6001 6000
f 6039 6000 6038
f 6040 6002 6001
f 6040 6001 6039
f 6041 6003 6002
f 6041 6002 6040
f 6042 6003 6041
f 6042 6004 6003
f 6043 6004 6042
f 6043 6005 6004
f 6044 6005 6043
f 6044 6006 6005
f 6045 6006 6044
f 6045 6007 6006
f 6046 6007 6045
f 6046 6008 6007
f 6047 6008 6046
f 6047 6009 6008
f 6048 6009 6047
f 6048 6010 6009
f 6049 6010 6048
f 6049 6011 6010
f 6050 6012 6011
f 6050 6011 6049
f 6051 6013 6012
f 6051 6012 6050
f 6052 6014 6013
f 6052 6013 6051
f 6053 6015 6014
f 6053 6014 6052
f 6054 6016 6015
f 6054 6015 6053
f 6055 6017 6016
f 6055 6016 6054
f 6056 6018 6017
f 6056 6017 6055
f 6019 3395 3396
f 6019 3394 3395
f 6019 3393 3394
f 6019 3392 3393
f 6019 3391 3392
f 6019 3390 3391
f 6057 6020 6019
f 6057 3400 3401
f 6057 3399 3400
f 6057 3398 3399
f 6057 3396 3398
f 6057 6019 3396
f 6058 6021 6020
f 6058 6020 6057
f 6059 6022 6021
f 6059 6021 6058
f 6060 6023 6022
f 6060 6022 6059
f 6061 6024 6023
f 6061 6023 6060
f 6062 6025 6024
f 6062 6024 6061
f 6063 6026 6025
f 6063 6025 6062
f 6064 6027 6026
f 6064 6026 6063
f 6065 6028 6027
f 6065 6027 6064
f 6066 6029 6028
f 6066 6028 6065
f 6067 6030 6029
f 6067 6029 6066
f 6068 6030 6067
f 6031 6030 6068
f 6069 6031 6068
f 6032 6031 6069
f 6070 6032 6069
f 6071 6032 6070
f 6071 6033 6032
f 6072 6033 6071
f 6073 6033 6072
f 6074 6033 6073
f 6075 6033 6074
f 6076 6033 6075
f 6077 6033 6076
f 6078 6033 6077
f 6079 6033 6078
f 6080 6033 6079
f 6081 6033 6080
f 6082 6033 6081
f 6083 6033 6082
f 6034 6033 6083
f 6034 6083 6084
f 6034 6084 6085
f 6086 6034 6085
f 6087 6034 6086
f 6088 6034 6087
f 6089 6034 6088
f 6090 6034 6089
f 6091 6034 6090
f 6092 6034 6091
f 6093 6034 6092
f 6094 6034 6093
f 6095 6034 6094
f 6096 6034 6095
f 6035 6097 6098
f 6035 6098 6099
f 6035 6099 6100
f 6035 6100 6101
f 6035 6101 6102
f 6035 6102 6103
f 6035 6103 6104
f 6035 6104 6105
f 6035 6105 6106
f 6035 6106 6107
f 6108 6035 6107
f 6109 6035 6108
f 6110 6035 6109
f 6111 6035 6110
f 6112 6035 6111
f 6113 6035 6112
f 6114 6035 6113
f 6115 6035 6114
f 6116 6035 6115
f 6036 6116 6117
f 6036 6117 6118
f 6036 6118 6119
f 6036 6119 6120
f 6036 6035 6116
f 6121 6036 6120
f 6037 6036 6121
f 6122 6037 6121
f 6038 6037 6122
f 6123 6038 6122
f 6039 6038 6123
f 6124 6039 6123
f 6040 6039 6124
f 6125 6041 6040
f 6125 6040 6124
f 6126 6042 6041
f 6126 6041 6125
f 6127 6043 6042
f 6127 6042 6126
f 6128 6044 6043
f 6128 6043 6127
f 6129 6045 6044
f 6129 6044 6128
f 6130 6046 6045
f 6130 6045 6129
f 6131 6047 6046
f 6131 6046 6130
f 6132 6048 6047
f 6132 6047 6131
f 6133 6049 6048
f 6133 6048 6132
f 6134 6050 6049
f 6134 6049 6133
f 6135 6051 6050
f 6135 6050 6134
f 6136 6052 6051
f 6136 6051 6135
f 6137 6053 6052
f 6137 6052 6136
f 6138 6054 6053
f 6138 6053 6137
f 6139 6055 6054
f 6139 6054 6138
f 6140 6056 6055
f 6140 6055 6139
f 6035 6034 6141
f 6141 6034 6096
f 6035 6141 6097
f 6057 3405 3406
f 6057 3403 3405
f 6057 3402 3403
f 6057 3401 3402
f 3407 6057 3406
f 3408 6057 3407
f 6142 6058 6057
f 6142 3411 3412
f 6142 3410 3411
f 6142 3409 3410
f 6142 3408 3409
f 6142 6057 3408
f 6143 6059 6058
f 6143 6058 6142
f 6144 6060 6059
f 6144 6059 6143
f 6145 6061 6060
f 6145 6060 6144
f 6146 6062 6061
f 6146 6061 6145
f 6147 6062 6146
f 6147 6063 6062
f 6148 6063 6147
f 6148 6064 6063
f 6149 6064 6148
f 6149 6065 6064
f 6150 6065 6149
f 6150 6066 6065
f 6151 6067 6066
f 6151 6066 6150
f 6152 6068 6067
f 6152 6067 6151
f 6153 6069 6068
f 6153 6068 6152
f 6154 6070 6069
f 6154 6069 6153
f 6155 6071 6070
f 6155 6070 6154
f 6156 6072 6071
f 6157 6156 6071
f 6158 6157 6071
f 6159 6158 6071
f 6160 6159 6071
f 6161 6160 6071
f 6162 6161 6071
f 6163 6162 6071
f 6164 6071 6155
f 6164 6163 6071
f 6165 6164 6155
f 6166 6165 6155
f 6167 6166 6155
f 6168 6167 6155
f 6142 3416 3417
f 6142 3415 3416
f 6142 3414 3415
f 6142 3413 3414
f 6142 3412 3413
f 3418 6142 3417
f 6169 3422 3423
f 6169 3421 3422
f 6169 3420 3421
f 6169 3419 3420
f 6169 3418 3419
f 6169 6142 3418
f 6170 6143 6142
f 6170 6142 6169
f 6171 6144 6143
f 6171 6143 6170
f 6172 6145 6144
f 6172 6144 6171
f 6173 6146 6145
f 6173 6145 6172
f 6174 6146 6173
f 6174 6147 6146
f 6175 6148 6147
f 6175 6147 6174
f 6176 6148 6175
f 6176 6149 6148
f 6177 6150 6149
f 6177 6149 6176
f 6178 6151 6150
f 6178 6150 6177
f 6179 6152 6151
f 6179 6151 6178
f 6180 6153 6152
f 6180 6152 6179
f 6181 6154 6153
f 6181 6153 6180
f 6182 6155 6154
f 6182 6154 6181
f 6183 6168 6155
f 6184 6183 6155
f 6185 6184 6155
f 6186 6185 6155
f 6187 6186 6155
f 6188 6155 6182
f 6188 6187 6155
f 6189 6187 6188
f 6190 6189 6188
f 6191 6190 6188
f 6192 6191 6188
f 6193 6192 6188
f 6194 6193 6188
f 6195 6194 6188
f 6196 6195 6188
f 6169 3426 3427
f 6169 3425 3426
f 6169 3424 3425
f 6169 3423 3424
f 6197 3431 3432
f 6197 3430 3431
f 6197 3429 3430
f 6197 3428 3429
f 6197 3427 3428
f 6197 6169 3427
f 6198 6170 6169
f 6198 6169 6197
f 6199 6171 6170
f 6199 6170 6198
f 6200 6172 6171
f 6200 6171 6199
f 6201 6173 6172
f 6201 6172 6200
f 6202 6174 6173
f 6202 6173 6201
f 6203 6175 6174
f 6203 6174 6202
f 6204 6176 6175
f 6204 6175 6203
f 6205 6177 6176
f 6205 6176 6204
f 6206 6178 6177
f 6206 6177 6205
f 6207 6178 6206
f 6207 6179 6178
f 6208 6179 6207
f 6208 6180 6179
f 6209 6181 6180
f 6209 6180 6208
f 6210 6181 6209
f 6210 6182 6181
f 6188 6182 6210
f 6211 6196 6188
f 6211 6188 6210
f 6211 6212 6213
f 6211 6213 6196
f 6214 6212 6211
f 6215 6214 6211
f 6216 6215 6211
f 6217 6216 6211
f 6218 6217 6211
f 6219 6218 6211
f 6220 6219 6211
f 6221 6220 6211
f 6222 6221 6211
f 6223 6222 6211
f 6224 6223 6211
f 6225 6224 6211
f 6226 6225 6211
f 6227 6226 6211
f 6228 6229 6230
f 6228 6230 6231
f 6228 6231 6232
f 6228 6232 6233
f 6228 6233 6234
f 6228 6234 6227
f 6228 6227 6211
f 6235 6229 6228
f 6236 6235 6228
f 6237 6236 6228
f 6238 6237 6228
f 6239 6238 6228
f 6240 6239 6228
f 6241 6240 6228
f 6242 6241 6228
f 6243 6242 6228
f 6244 6243 6228
f 6245 6244 6228
f 6246 6247 6248
f 6246 6248 6249
f 6246 6249 6250
f 6246 6250 6251
f 6246 6251 6252
f 6246 6252 6253
f 6246 6253 6254
f 6246 6254 6255
f 6246 6255 6256
f 6246 6257 6258
f 6246 6258 6259
f 6246 6259 6260
f 6246 6260 6261
f 6246 6261 6262
f 6246 6262 6263
f 6246 6263 6264
f 6246 6264 6265
f 6246 6265 6266
f 6246 6266 6267
f 6246 6267 6268
f 6246 6268 6247
f 6269 6257 6246
f 6269 6270 6271
f 6269 6271 6272
f 6269 6272 6273
f 6269 6273 6274
f 6269 6274 6257
f 6275 6270 6269
f 6275 6276 6270
f 6277 6276 6275
f 6277 6278 6276
f 6279 6278 6277
f 6279 6280 6278
f 6281 6280 6279
f 6281 6282 6280
f 6283 6284 6282
f 6283 6282 6281
f 6285 6286 6284
f 6285 6284 6283
f 6287 6288 6286
f 6287 6286 6285
f 6289 6290 6288
f 6289 6288 6287
f 6291 6292 6290
f 6291 6290 6289
f 6293 6294 6292
f 6293 6292 6291
f 6295 6296 6294
f 6295 6294 6293
f 6297 6296 6295
f 6297 6298 6296
f 6299 6298 6297
f 6299 6300 6298
f 6301 6300 6299
f 6301 6302 6300
f 6303 6302 6301
f 6303 6304 6302
f 6305 6304 6303
f 6305 6306 6304
f 6307 6306 6305
f 6307 6308 6306
f 6309 6308 6307
f 6309 6310 6308
f 6311 6310 6309
f 6311 6312 6310
f 6313 6312 6311
f 6228 6246 6314
f 6314 6246 6256
f 6228 6314 6245
f 6197 3434 3435
f 6197 3433 3434
f 6197 3432 3433
f 6315 6197 3435
f 6315 3439 3440
f 6315 3438 3439
f 6315 3437 3438
f 6315 3436 3437
f 6315 3435 3436
f 6316 6198 6197
f 6316 6197 6315
f 6317 6199 6198
f 6317 6198 6316
f 6318 6200 6199
f 6318 6199 6317
f 6319 6201 6200
f 6319 6200 6318
f 6320 6201 6319
f 6321 6202 6201
f 6321 6201 6320
f 6322 6203 6202
f 6322 6202 6321
f 6323 6204 6203
f 6323 6203 6322
f 6324 6205 6204
f 6324 6204 6323
f 6325 6206 6205
f 6325 6205 6324
f 6326 6207 6206
f 6326 6206 6325
f 6327 6208 6207
f 6327 6207 6326
f 6328 6209 6208
f 6328 6208 6327
f 6329 6210 6209
f 6329 6209 6328
f 6330 6211 6210
f 6330 6210 6329
f 6331 6211 6330
f 6228 6211 6331
f 6332 6228 6331
f 6246 6228 6332
f 6333 6246 6332
f 6269 6246 6333
f 6334 6269 6333
f 6275 6269 6334
f 6335 6275 6334
f 6277 6275 6335
f 6336 6279 6277
f 6336 6277 6335
f 6337 6281 6279
f 6337 6279 6336
f 6338 6283 6281
f 6338 6281 6337
f 6339 6285 6283
f 6339 6283 6338
f 6340 6285 6339
f 6340 6287 6285
f 6341 6287 6340
f 6341 6289 6287
f 6342 6289 6341
f 6342 6291 6289
f 6343 6291 6342
f 6343 6293 6291
f 6344 6293 6343
f 6344 6295 6293
f 6345 6295 6344
f 6345 6297 6295
f 6346 6297 6345
f 6346 6299 6297
f 6347 6299 6346
f 6347 6301 6299
f 6348 6303 6301
f 6348 6301 6347
f 6349 6305 6303
f 6349 6303 6348
f 6350 6307 6305
f 6350 6305 6349
f 6351 6309 6307
f 6351 6307 6350
f 6352 6311 6309
f 6352 6309 6351
f 6353 6313 6311
f 6353 6311 6352
f 6354 6313 6353
f 6315 3443 3444
f 6315 3442 3443
f 6315 3441 3442
f 6315 3440 3441
f 6355 3447 3448
f 6355 3446 3447
f 6355 3445 3446
f 6355 3444 3445
f 6355 6315 3444
f 6356 6316 6315
f 6356 6315 6355
f 6357 6317 6316
f 6357 6316 6356
f 6358 6318 6317
f 6358 6317 6357
f 6359 6319 6318
f 6359 6318 6358
f 6360 6320 6319
f 6360 6319 6359
f 6361 6321 6320
f 6361 6320 6360
f 6362 6322 6321
f 6362 6321 6361
f 6363 6323 6322
f 6363 6322 6362
f 6364 6324 6323
f 6364 6323 6363
f 6365 6325 6324
f 6365 6324 6364
f 6366 6326 6325
f 6366 6325 6365
f 6367 6327 6326
f 6367 6326 6366
f 6368 6328 6327
f 6368 6327 6367
f 6369 6329 6328
f 6369 6328 6368
f 6370 6329 6369
f 6330 6329 6370
f 6371 6330 6370
f 6331 6330 6371
f 6372 6331 6371
f 6332 6331 6372
f 6373 6332 6372
f 6333 6332 6373
f 6374 6333 6373
f 6334 6333 6374
f 6375 6335 6334
f 6375 6334 6374
f 6376 6336 6335
f 6376 6335 6375
f 6377 6337 6336
f 6377 6336 6376
f 6378 6337 6377
f 6378 6338 6337
f 6379 6338 6378
f 6379 6339 6338
f 6380 6339 6379
f 6380 6340 6339
f 6381 6340 6380
f 6381 6341 6340
f 6382 6341 6381
f 6382 6342 6341
f 6383 6342 6382
f 6383 6343 6342
f 6384 6343 6383
f 6384 6344 6343
f 6385 6344 6384
f 6385 6345 6344
f 6386 6346 6345
f 6386 6345 6385
f 6387 6347 6346
f 6387 6346 6386
f 6388 6348 6347
f 6388 6347 6387
f 6389 6349 6348
f 6389 6348 6388
f 6390 6350 6349
f 6390 6349 6389
f 6391 6351 6350
f 6391 6350 6390
f 6392 6352 6351
f 6392 6351 6391
f 6393 6353 6352
f 6393 6352 6392
f 6394 6354 6353
f 6394 6353 6393
f 6395 6354 6394
f 6355 3450 3451
f 6355 3449 3450
f 6355 3448 3449
f 6396 3454 3455
f 6396 3453 3454
f 6396 3452 3453
f 6396 3451 3452
f 6396 6355 3451
f 6397 6356 6355
f 6397 6355 6396
f 6398 6357 6356
f 6398 6356 6397
f 6399 6358 6357
f 6399 6357 6398
f 6400 6359 6358
f 6400 6358 6399
f 6401 6360 6359
f 6401 6359 6400
f 6402 6361 6360
f 6402 6360 6401
f 6403 6362 6361
f 6403 6361 6402
f 6404 6363 6362
f 6404 6362 6403
f 6405 6364 6363
f 6405 6363 6404
f 6406 6365 6364
f 6406 6364 6405
f 6407 6366 6365
f 6407 6365 6406
f 6408 6367 6366
f 6408 6366 6407
f 6409 6367 6408
f 6368 6367 6409
f 6410 6368 6409
f 6369 6368 6410
f 6411 6369 6410
f 6370 6369 6411
f 6412 6370 6411
f 6371 6370 6412
f 6413 6371 6412
f 6372 6371 6413
f 6414 6372 6413
f 6373 6372 6414
f 6415 6373 6414
f 6374 6373 6415
f 6416 6374 6415
f 6375 6374 6416
f 6417 6375 6416
f 6376 6375 6417
f 6418 6376 6417
f 6377 6376 6418
f 6419 6377 6418
f 6378 6377 6419
f 6420 6379 6378
f 6420 6378 6419
f 6421 6379 6420
f 6421 6380 6379
f 6422 6380 6421
f 6422 6381 6380
f 6423 6381 6422
f 6423 6382 6381
f 6424 6382 6423
f 6424 6383 6382
f 6425 6383 6424
f 6426 6383 6425
f 6426 6384 6383
f 6427 6384 6426
f 6427 6385 6384
f 6428 6385 6427
f 6428 6386 6385
f 6429 6387 6386
f 6429 6388 6387
f 6429 6386 6428
f 6430 6389 6388
f 6430 6388 6429
f 6431 6390 6389
f 6431 6389 6430
f 6432 6391 6390
f 6432 6390 6431
f 6433 6392 6391
f 6433 6391 6432
f 6434 6393 6392
f 6434 6392 6433
f 6435 6394 6393
f 6435 6393 6434
f 6436 6395 6394
f 6436 6394 6435
f 6396 3456 3457
f 6396 3455 3456
f 6437 3460 3461
f 6437 3459 3460
f 6437 3458 3459
f 6437 3457 3458
f 6437 6396 3457
f 6438 6397 6396
f 6438 6396 6437
f 6439 6398 6397
f 6439 6397 6438
f 6440 6399 6398
f 6440 6398 6439
f 6441 6400 6399
f 6441 6399 6440
f 6442 6401 6400
f 6442 6400 6441
f 6443 6402 6401
f 6443 6401 6442
f 6444 6403 6402
f 6444 6402 6443
f 6445 6404 6403
f 6445 6403 6444
f 6446 6405 6404
f 6446 6404 6445
f 6447 6406 6405
f 6447 6405 6446
f 6448 6407 6406
f 6448 6406 6447
f 6449 6408 6407
f 6449 6407 6448
f 6450 6409 6408
f 6450 6408 6449
f 6451 6410 6409
f 6451 6409 6450
f 6452 6411 6410
f 6452 6410 6451
f 6453 6411 6452
f 6412 6411 6453
f 6454 6412 6453
f 6413 6412 6454
f 6455 6413 6454
f 6414 6413 6455
f 6456 6414 6455
f 6415 6414 6456
f 6457 6415 6456
f 6416 6415 6457
f 6458 6416 6457
f 6417 6416 6458
f 6459 6417 6458
f 6460 6418 6417
f 6460 6417 6459
f 6461 6419 6418
f 6461 6418 6460
f 6462 6420 6419
f 6462 6419 6461
f 6463 6420 6462
f 6463 6421 6420
f 6464 6421 6463
f 6464 6422 6421
f 6465 6422 6464
f 6465 6423 6422
f 6466 6423 6465
f 6466 6424 6423
f 6467 6424 6466
f 6467 6425 6424
f 6468 6425 6467
f 6468 6426 6425
f 6469 6426 6468
f 6469 6427 6426
f 6470 6428 6427
f 6470 6427 6469
f 6471 6429 6428
f 6471 6428 6470
f 6472 6430 6429
f 6472 6429 6471
f 6473 6431 6430
f 6473 6430 6472
f 6474 6432 6431
f 6474 6431 6473
f 6475 6433 6432
f 6475 6432 6474
f 6476 6434 6433
f 6476 6433 6475
f 6477 6435 6434
f 6477 6434 6476
f 6478 6436 6435
f 6478 6435 6477
f 6437 3463 3464
f 6437 3462 3463
f 6437 3461 3462
f 6479 6437 3464
f 6479 3466 3467
f 6479 3465 3466
f 6479 3464 3465
f 6480 6438 6437
f 6480 6437 6479
f 6481 6439 6438
f 6481 6438 6480
f 6482 6440 6439
f 6482 6439 6481
f 6483 6441 6440
f 6483 6440 6482
f 6484 6442 6441
f 6484 6441 6483
f 6485 6443 6442
f 6485 6442 6484
f 6486 6444 6443
f 6486 6443 6485
f 6487 6445 6444
f 6487 6444 6486
f 6488 6446 6445
f 6488 6445 6487
f 6489 6447 6446
f 6489 6446 6488
f 6490 6448 6447
f 6490 6447 6489
f 6491 6449 6448
f 6491 6448 6490
f 6492 6450 6449
f 6492 6449 6491
f 6493 6451 6450
f 6493 6450 6492
f 6494 6452 6451
f 6494 6451 6493
f 6495 6453 6452
f 6495 6452 6494
f 6496 6454 6453
f 6496 6453 6495
f 6497 6455 6454
f 6497 6454 6496
f 6498 6456 6455
f 6498 6455 6497
f 6499 6457 6456
f 6499 6456 6498
f 6500 6458 6457
f 6500 6457 6499
f 6501 6459 6458
f 6501 6458 6500
f 6502 6460 6459
f 6502 6459 6501
f 6503 6460 6502
f 6503 6461 6460
f 6504 6461 6503
f 6504 6462 6461
f 6505 6462 6504
f 6505 6463 6462
f 6506 6463 6505
f 6506 6464 6463
f 6507 6464 6506
f 6507 6465 6464
f 6508 6465 6507
f 6508 6466 6465
f 6509 6466 6508
f 6509 6467 6466
f 6510 6467 6509
f 6510 6468 6467
f 6511 6468 6510
f 6511 6469 6468
f 6512 6470 6469
f 6512 6469 6511
f 6513 6471 6470
f 6513 6470 6512
f 6514 6472 6471
f 6514 6471 6513
f 6515 6473 6472
f 6515 6472 6514
f 6516 6474 6473
f 6516 6473 6515
f 6517 6475 6474
f 6517 6474 6516
f 6518 6476 6475
f 6518 6475 6517
f 6519 6477 6476
f 6519 6476 6518
f 6520 6478 6477
f 6520 6477 6519
f 6521 6478 6520
f 6479 3471 3472
f 6479 3470 3471
f 6479 3469 3470
f 6479 3468 3469
f 6479 3467 3468
f 6522 6479 3472
f 6522 3475 3476
f 6522 3474 3475
f 6522 3473 3474
f 6522 3472 3473
f 6523 6480 6479
f 6523 6479 6522
f 6524 6481 6480
f 6524 6480 6523
f 6525 6482 6481
f 6525 6481 6524
f 6526 6483 6482
f 6526 6482 6525
f 6527 6484 6483
f 6527 6483 6526
f 6528 6485 6484
f 6528 6484 6527
f 6529 6486 6485
f 6529 6485 6528
f 6530 6487 6486
f 6530 6486 6529
f 6531 6488 6487
f 6531 6487 6530
f 6532 6489 6488
f 6532 6488 6531
f 6533 6490 6489
f 6533 6489 6532
f 6534 6491 6490
f 6534 6490 6533
f 6535 6492 6491
f 6535 6491 6534
f 6536 6493 6492
f 6536 6492 6535
f 6537 6494 6493
f 6537 6493 6536
f 6538 6495 6494
f 6538 6494 6537
f 6539 6495 6538
f 6496 6495 6539
f 6540 6496 6539
f 6497 6496 6540
f 6541 6497 6540
f 6498 6497 6541
f 6542 6498 6541
f 6499 6498 6542
f 6543 6499 6542
f 6500 6499 6543
f 6544 6500 6543
f 6545 6500 6544
f 6501 6500 6545
f 6546 6501 6545
f 6502 6501 6546
f 6547 6502 6546
f 6547 6503 6502
f 6548 6503 6547
f 6548 6504 6503
f 6549 6504 6548
f 6549 6505 6504
f 6550 6506 6505
f 6550 6505 6549
f 6551 6507 6506
f 6551 6506 6550
f 6552 6508 6507
f 6552 6507 6551
f 6553 6509 6508
f 6553 6508 6552
f 6554 6510 6509
f 6554 6509 6553
f 6555 6511 6510
f 6555 6510 6554
f 6556 6512 6511
f 6556 6511 6555
f 6557 6513 6512
f 6557 6512 6556
f 6558 6514 6513
f 6558 6513 6557
f 6559 6515 6514
f 6559 6514 6558
f 6560 6516 6515
f 6560 6515 6559
f 6561 6517 6516
f 6561 6516 6560
f 6562 6517 6561
f 6563 6518 6517
f 6563 6517 6562
f 6564 6519 6518
f 6564 6518 6563
f 6565 6520 6519
f 6565 6519 6564
f 6566 6521 6520
f 6566 6520 6565
f 6522 3480 3481
f 6522 3479 3480
f 6522 3478 3479
f 6522 3477 3478
f 6522 3476 3477
f 6567 6523 6522
f 6567 6522 3481
f 6567 3483 3484
f 6567 3482 3483
f 6567 3481 3482
f 6568 6524 6523
f 6568 6523 6567
f 6569 6525 6524
f 6569 6524 6568
f 6570 6526 6525
f 6570 6525 6569
f 6571 6527 6526
f 6571 6526 6570
f 6572 6528 6527
f 6572 6527 6571
f 6573 6529 6528
f 6573 6528 6572
f 6574 6530 6529
f 6574 6529 6573
f 6575 6531 6530
f 6575 6530 6574
f 6576 6532 6531
f 6576 6531 6575
f 6577 6533 6532
f 6577 6532 6576
f 6578 6534 6533
f 6578 6533 6577
f 6579 6535 6534
f 6579 6534 6578
f 6580 6536 6535
f 6580 6535 6579
f 6581 6536 6580
f 6537 6536 6581
f 6582 6537 6581
f 6538 6537 6582
f 6583 6538 6582
f 6539 6538 6583
f 6584 6539 6583
f 6540 6539 6584
f 6585 6540 6584
f 6541 6540 6585
f 6586 6541 6585
f 6542 6541 6586
f 6587 6542 6586
f 6543 6542 6587
f 6588 6544 6543
f 6588 6543 6587
f 6545 6544 6588
f 6589 6545 6588
f 6589 6546 6545
f 6590 6546 6589
f 6590 6547 6546
f 6591 6547 6590
f 6591 6548 6547
f 6592 6548 6591
f 6592 6549 6548
f 6593 6549 6592
f 6593 6550 6549
f 6594 6550 6593
f 6594 6551 6550
f 6595 6552 6551
f 6595 6551 6594
f 6596 6553 6552
f 6596 6552 6595
f 6597 6554 6553
f 6597 6553 6596
f 6598 6555 6554
f 6598 6554 6597
f 6599 6556 6555
f 6599 6555 6598
f 6600 6557 6556
f 6600 6556 6599
f 6601 6558 6557
f 6601 6557 6600
f 6602 6559 6558
f 6602 6558 6601
f 6603 6560 6559
f 6603 6559 6602
f 6604 6561 6560
f 6604 6560 6603
f 6605 6562 6561
f 6605 6563 6562
f 6605 6561 6604
f 6606 6564 6563
f 6606 6563 6605
f 6607 6565 6564
f 6607 6564 6606
f 6608 6566 6565
f 6608 6565 6607
f 6609 6566 6608
f 6567 3488 3491
f 6567 3485 3488
f 6567 3484 3485
f 6610 6568 6567
f 6610 3496 3498
f 6610 3493 3496
f 6610 3491 3493
f 6610 6567 3491
f 6611 6569 6568
f 6611 6568 6610
f 6612 6570 6569
f 6612 6569 6611
f 6613 6571 6570
f 6613 6570 6612
f 6614 6572 6571
f 6614 6571 6613
f 6615 6573 6572
f 6615 6572 6614
f 6616 6574 6573
f 6616 6573 6615
f 6617 6575 6574
f 6617 6574 6616
f 6618 6576 6575
f 6618 6575 6617
f 6619 6577 6576
f 6619 6576 6618
f 6620 6578 6577
f 6620 6577 6619
f 6621 6579 6578
f 6621 6578 6620
f 6622 6580 6579
f 6622 6579 6621
f 6623 6581 6580
f 6623 6580 6622
f 6624 6581 6623
f 6582 6581 6624
f 6625 6582 6624
f 6583 6582 6625
f 6626 6583 6625
f 6584 6583 6626
f 6627 6584 6626
f 6585 6584 6627
f 6628 6585 6627
f 6586 6585 6628
f 6629 6586 6628
f 6587 6586 6629
f 6630 6587 6629
f 6588 6587 6630
f 6631 6588 6630
f 6589 6588 6631
f 6632 6589 6631
f 6590 6589 6632
f 6633 6590 6632
f 6591 6590 6633
f 6634 6591 6633
f 6592 6591 6634
f 6635 6592 6634
f 6593 6592 6635
f 6636 6593 6635
f 6636 6594 6593
f 6637 6594 6636
f 6637 6595 6594
f 6638 6595 6637
f 6638 6596 6595
f 6639 6596 6638
f 6639 6597 6596
f 6640 6597 6639
f 6640 6598 6597
f 6641 6598 6640
f 6641 6599 6598
f 6642 6600 6599
f 6642 6599 6641
f 6643 6601 6600
f 6643 6600 6642
f 6644 6602 6601
f 6644 6601 6643
f 6645 6603 6602
f 6645 6602 6644
f 6646 6604 6603
f 6646 6603 6645
f 6647 6605 6604
f 6647 6604 6646
f 6648 6606 6605
f 6648 6605 6647
f 6649 6607 6606
f 6649 6606 6648
f 6650 6608 6607
f 6650 6607 6649
f 6651 6609 6608
f 6651 6608 6650
f 6610 3502 3503
f 6610 3500 3502
f 6610 3498 3500
f 3505 6610 3503
f 6652 6611 6610
f 6652 6610 3505
f 6652 3507 3510
f 6652 3505 3507
f 6653 6612 6611
f 6653 6611 6652
f 6654 6613 6612
f 6654 6612 6653
f 6655 6614 6613
f 6655 6613 6654
f 6656 6615 6614
f 6656 6614 6655
f 6657 6616 6615
f 6657 6615 6656
f 6658 6617 6616
f 6658 6616 6657
f 6659 6618 6617
f 6659 6617 6658
f 6660 6619 6618
f 6660 6618 6659
f 6661 6620 6619
f 6661 6619 6660
f 6662 6621 6620
f 6662 6620 6661
f 6663 6622 6621
f 6663 6621 6662
f 6664 6623 6622
f 6664 6622 6663
f 6665 6624 6623
f 6665 6623 6664
f 6666 6625 6624
f 6666 6624 6665
f 6667 6626 6625
f 6667 6625 6666
f 6668 6627 6626
f 6668 6626 6667
f 6669 6628 6627
f 6669 6627 6668
f 6670 6629 6628
f 6670 6628 6669
f 6671 6630 6629
f 6671 6629 6670
f 6672 6631 6630
f 6672 6630 6671
f 6673 6632 6631
f 6673 6631 6672
f 6633 6632 6673
f 6674 6633 6673
f 6634 6633 6674
f 6675 6634 6674
f 6635 6634 6675
f 6676 6635 6675
f 6676 6636 6635
f 6677 6636 6676
f 6677 6637 6636
f 6678 6637 6677
f 6678 6638 6637
f 6679 6638 6678
f 6679 6639 6638
f 6680 6639 6679
f 6680 6640 6639
f 6681 6640 6680
f 6681 6641 6640
f 6682 6641 6681
f 6682 6642 6641
f 6683 6642 6682
f 6683 6643 6642
f 6684 6644 6643
f 6684 6643 6683
f 6685 6645 6644
f 6685 6644 6684
f 6686 6646 6645
f 6686 6645 6685
f 6687 6647 6646
f 6687 6646 6686
f 6688 6648 6647
f 6688 6647 6687
f 6689 6649 6648
f 6689 6648 6688
f 6690 6650 6649
f 6690 6649 6689
f 6691 6651 6650
f 6691 6650 6690
f 6692 6651 6691
f 6652 3514 3515
f 6652 3512 3514
f 6652 3510 3512
f 3517 6652 3515
f 3518 6652 3517
f 6693 6653 6652
f 6693 6652 3518
f 6693 3520 3522
f 6693 3518 3520
f 6694 6654 6653
f 6694 6653 6693
f 6695 6655 6654
f 6695 6654 6694
f 6696 6656 6655
f 6696 6655 6695
f 6697 6657 6656
f 6697 6656 6696
f 6698 6658 6657
f 6698 6657 6697
f 6699 6659 6658
f 6699 6658 6698
f 6700 6660 6659
f 6700 6659 6699
f 6701 6661 6660
f 6701 6660 6700
f 6702 6662 6661
f 6702 6661 6701
f 6703 6663 6662
f 6703 6662 6702
f 6704 6664 6663
f 6704 6663 6703
f 6705 6665 6664
f 6705 6664 6704
f 6706 6666 6665
f 6706 6665 6705
f 6707 6667 6666
f 6707 6666 6706
f 6708 6668 6667
f 6708 6667 6707
f 6709 6668 6708
f 6669 6668 6709
f 6710 6670 6669
f 6710 6669 6709
f 6711 6671 6670
f 6711 6670 6710
f 6712 6672 6671
f 6712 6671 6711
f 6713 6673 6672
f 6713 6672 6712
f 6714 6674 6673
f 6714 6673 6713
f 6715 6675 6674
f 6715 6674 6714
f 6716 6676 6675
f 6716 6675 6715
f 6717 6676 6716
f 6717 6677 6676
f 6718 6677 6717
f 6718 6678 6677
f 6719 6678 6718
f 6719 6679 6678
f 6720 6679 6719
f 6720 6680 6679
f 6721 6680 6720
f 6721 6681 6680
f 6721 6682 6681
f 6722 6682 6721
f 6722 6683 6682
f 6723 6683 6722
f 6723 6684 6683
f 6724 6685 6684
f 6724 6684 6723
f 6725 6685 6724
f 6726 6686 6685
f 6726 6685 6725
f 6727 6687 6686
f 6727 6686 6726
f 6728 6688 6687
f 6728 6687 6727
f 6729 6689 6688
f 6729 6688 6728
f 6730 6690 6689
f 6730 6689 6729
f 6731 6691 6690
f 6731 6690 6730
f 6732 6692 6691
f 6732 6691 6731
f 6733 6692 6732
f 6693 3526 3527
f 6693 3524 3526
f 6693 3523 3524
f 6693 3522 3523
f 3529 6693 3527
f 6734 6694 6693
f 6734 6693 3529
f 6734 3532 3533
f 6734 3530 3532
f 6734 3529 3530
f 6735 6695 6694
f 6735 6694 6734
f 6736 6696 6695
f 6736 6695 6735
f 6737 6697 6696
f 6737 6696 6736
f 6738 6698 6697
f 6738 6697 6737
f 6739 6699 6698
f 6739 6698 6738
f 6740 6700 6699
f 6740 6699 6739
f 6741 6701 6700
f 6741 6700 6740
f 6742 6702 6701
f 6742 6701 6741
f 6743 6703 6702
f 6743 6702 6742
f 6744 6704 6703
f 6744 6703 6743
f 6745 6705 6704
f 6745 6704 6744
f 6746 6706 6705
f 6746 6705 6745
f 6747 6707 6706
f 6747 6706 6746
f 6748 6708 6707
f 6748 6707 6747
f 6749 6709 6708
f 6749 6708 6748
f 6750 6709 6749
f 6710 6709 6750
f 6751 6710 6750
f 6711 6710 6751
f 6752 6711 6751
f 6712 6711 6752
f 6753 6712 6752
f 6713 6712 6753
f 6754 6713 6753
f 6714 6713 6754
f 6755 6715 6714
f 6755 6714 6754
f 6756 6716 6715
f 6756 6715 6755
f 6757 6716 6756
f 6757 6717 6716
f 6758 6717 6757
f 6758 6718 6717
f 6759 6718 6758
f 6759 6719 6718
f 6760 6719 6759
f 6760 6720 6719
f 6761 6720 6760
f 6761 6721 6720
f 6762 6721 6761
f 6762 6722 6721
f 6763 6722 6762
f 6763 6723 6722
f 6764 6723 6763
f 6764 6724 6723
f 6765 6725 6724
f 6765 6724 6764
f 6766 6726 6725
f 6766 6725 6765
f 6767 6727 6726
f 6767 6726 6766
f 6768 6728 6727
f 6768 6727 6767
f 6769 6729 6728
f 6769 6728 6768
f 6770 6730 6729
f 6770 6729 6769
f 6771 6731 6730
f 6771 6730 6770
f 6772 6732 6731
f 6772 6731 6771
f 6773 6733 6732
f 6773 6732 6772
f 6734 3538 3539
f 6734 3537 3538
f 6734 3536 3537
f 6734 3534 3536
f 6734 3533 3534
f 3540 6734 3539
f 6774 6735 6734
f 6774 6734 3540
f 6774 3543 3544
f 6774 3542 3543
f 6774 3540 3542
f 6775 6736 6735
f 6775 6735 6774
f 6776 6737 6736
f 6776 6736 6775
f 6777 6738 6737
f 6777 6737 6776
f 6778 6739 6738
f 6778 6740 6739
f 6778 6738 6777
f 6779 6741 6740
f 6779 6740 6778
f 6780 6742 6741
f 6780 6741 6779
f 6781 6743 6742
f 6781 6742 6780
f 6782 6744 6743
f 6782 6743 6781
f 6783 6745 6744
f 6783 6744 6782
f 6784 6746 6745
f 6784 6745 6783
f 6785 6747 6746
f 6785 6746 6784
f 6786 6748 6747
f 6786 6747 6785
f 6787 6748 6786
f 6749 6748 6787
f 6788 6749 6787
f 6750 6749 6788
f 6789 6750 6788
f 6751 6750 6789
f 6790 6751 6789
f 6752 6751 6790
f 6791 6753 6752
f 6791 6752 6790
f 6792 6754 6753
f 6792 6753 6791
f 6793 6755 6754
f 6793 6754 6792
f 6794 6756 6755
f 6794 6755 6793
f 6795 6757 6756
f 6795 6756 6794
f 6796 6758 6757
f 6796 6757 6795
f 6797 6758 6796
f 6797 6759 6758
f 6798 6759 6797
f 6798 6760 6759
f 6799 6760 6798
f 6799 6761 6760
f 6800 6761 6799
f 6800 6762 6761
f 6801 6762 6800
f 6801 6763 6762
f 6802 6763 6801
f 6802 6764 6763
f 6803 6764 6802
f 6803 6765 6764
f 6804 6765 6803
f 6804 6766 6765
f 6805 6767 6766
f 6805 6766 6804
f 6806 6768 6767
f 6806 6767 6805
f 6807 6769 6768
f 6807 6768 6806
f 6808 6770 6769
f 6808 6769 6807
f 6809 6771 6770
f 6809 6770 6808
f 6810 6772 6771
f 6810 6771 6809
f 6811 6773 6772
f 6811 6772 6810
f 6774 3550 3551
f 6774 3549 3550
f 6774 3547 3549
f 6774 3546 3547
f 6774 3545 3546
f 6774 3544 3545
f 6812 6775 6774
f 6812 3555 3556
f 6812 3553 3555
f 6812 3552 3553
f 6812 3551 3552
f 6812 6774 3551
f 6813 6776 6775
f 6813 6775 6812
f 6814 6777 6776
f 6814 6776 6813
f 6815 6778 6777
f 6815 6777 6814
f 6816 6779 6778
f 6816 6778 6815
f 6817 6780 6779
f 6817 6779 6816
f 6818 6781 6780
f 6818 6780 6817
f 6819 6782 6781
f 6819 6781 6818
f 6820 6782 6819
f 6820 6783 6782
f 6821 6783 6820
f 6821 6784 6783
f 6822 6784 6821
f 6822 6785 6784
f 6823 6785 6822
f 6786 6785 6823
f 6824 6786 6823
f 6787 6786 6824
f 6825 6787 6824
f 6826 6788 6787
f 6826 6787 6825
f 6827 6788 6826
f 6828 6788 6827
f 6829 6788 6828
f 6830 6788 6829
f 6831 6788 6830
f 6832 6788 6831
f 6833 6788 6832
f 6834 6788 6833
f 6835 6788 6834
f 6836 6788 6835
f 6837 6788 6836
f 6838 6788 6837
f 6789 6788 6838
f 6789 6838 6839
f 6789 6839 6840
f 6841 6789 6840
f 6842 6789 6841
f 6843 6789 6842
f 6844 6789 6843
f 6845 6789 6844
f 6846 6789 6845
f 6847 6789 6846
f 6848 6789 6847
f 6849 6789 6848
f 6850 6789 6849
f 6851 6789 6850
f 6852 6789 6851
f 6790 6853 6854
f 6790 6854 6855
f 6790 6855 6856
f 6790 6856 6857
f 6790 6857 6858
f 6790 6858 6859
f 6790 6860 6861
f 6790 6861 6862
f 6790 6862 6863
f 6790 6863 6864
f 6790 6864 6865
f 6790 6865 6866
f 6790 6866 6867
f 6790 6867 6853
f 6868 6790 6859
f 6869 6790 6868
f 6870 6790 6869
f 6871 6790 6870
f 6872 6790 6871
f 6873 6790 6872
f 6874 6790 6873
f 6875 6790 6874
f 6876 6790 6875
f 6877 6790 6876
f 6878 6790 6877
f 6879 6790 6878
f 6791 6879 6880
f 6791 6880 6881
f 6791 6881 6882
f 6791 6882 6883
f 6791 6883 6884
f 6791 6884 6885
f 6791 6790 6879
f 6886 6791 6885
f 6792 6791 6886
f 6887 6792 6886
f 6793 6792 6887
f 6888 6793 6887
f 6794 6793 6888
f 6889 6794 6888
f 6795 6794 6889
f 6890 6796 6795
f 6890 6795 6889
f 6891 6797 6796
f 6891 6796 6890
f 6892 6798 6797
f 6892 6797 6891
f 6893 6799 6798
f 6893 6798 6892
f 6894 6800 6799
f 6894 6799 6893
f 6895 6801 6800
f 6895 6800 6894
f 6896 6802 6801
f 6896 6801 6895
f 6897 6803 6802
f 6897 6802 6896
f 6898 6804 6803
f 6898 6803 6897
f 6899 6804 6898
f 6899 6805 6804
f 6900 6805 6899
f 6900 6806 6805
f 6901 6806 6900
f 6901 6807 6806
f 6902 6807 6901
f 6902 6808 6807
f 6903 6808 6902
f 6903 6809 6808
f 6904 6809 6903
f 6904 6810 6809
f 6905 6810 6904
f 6905 6811 6810
f 6790 6789 6906
f 6906 6789 6852
f 6790 6906 6907
f 6790 6907 6860
f 6812 3559 3560
f 6812 3558 3559
f 6812 3557 3558
f 6812 3556 3557
f 3562 6812 3560
f 3563 6812 3562
f 6908 6813 6812
f 6908 3566 3567
f 6908 3565 3566
f 6908 3564 3565
f 6908 3563 3564
f 6908 6812 3563
f 6909 6814 6813
f 6909 6813 6908
f 6910 6815 6814
f 6910 6814 6909
f 6911 6816 6815
f 6911 6815 6910
f 6912 6817 6816
f 6912 6816 6911
f 6913 6817 6912
f 6913 6818 6817
f 6914 6818 6913
f 6914 6819 6818
f 6915 6819 6914
f 6915 6820 6819
f 6916 6820 6915
f 6916 6821 6820
f 6917 6822 6821
f 6917 6821 6916
f 6918 6823 6822
f 6918 6822 6917
f 6919 6824 6823
f 6919 6823 6918
f 6920 6825 6824
f 6920 6824 6919
f 6921 6826 6825
f 6921 6825 6920
f 6922 6827 6826
f 6923 6922 6826
f 6924 6923 6826
f 6925 6924 6826
f 6926 6925 6826
f 6927 6926 6826
f 6928 6927 6826
f 6929 6928 6826
f 6930 6826 6921
f 6930 6929 6826
f 6931 6930 6921
f 6932 6931 6921
f 6933 6932 6921
f 6934 6933 6921
f 6908 3572 3573
f 6908 3571 3572
f 6908 3570 3571
f 6908 3569 3570
f 6908 3567 3569
f 3574 6908 3573
f 6935 3579 3580
f 6935 3578 3579
f 6935 3577 3578
f 6935 3575 3577
f 6935 3574 3575
f 6935 6908 3574
f 6936 6909 6908
f 6936 6908 6935
f 6937 6910 6909
f 6937 6909 6936
f 6938 6911 6910
f 6938 6910 6937
f 6939 6912 6911
f 6939 6911 6938
f 6940 6912 6939
f 6940 6913 6912
f 6941 6914 6913
f 6941 6913 6940
f 6942 6914 6941
f 6942 6915 6914
f 6943 6916 6915
f 6943 6915 6942
f 6944 6917 6916
f 6944 6916 6943
f 6945 6918 6917
f 6945 6917 6944
f 6946 6919 6918
f 6946 6918 6945
f 6947 6920 6919
f 6947 6919 6946
f 6948 6921 6920
f 6948 6920 6947
f 6949 6934 6921
f 6950 6949 6921
f 6951 6950 6921
f 6952 6951 6921
f 6953 6952 6921
f 6954 6921 6948
f 6954 6953 6921
f 6955 6953 6954
f 6956 6955 6954
f 6957 6956 6954
f 6958 6957 6954
f 6959 6958 6954
f 6960 6959 6954
f 6961 6960 6954
f 6962 6961 6954
f 6935 3584 3585
f 6935 3582 3584
f 6935 3581 3582
f 6935 3580 3581
f 6963 3590 3591
f 6963 3588 3590
f 6963 3587 3588
f 6963 3586 3587
f 6963 3585 3586
f 6963 6935 3585
f 6964 6936 6935
f 6964 6935 6963
f 6965 6937 6936
f 6965 6936 6964
f 6966 6938 6937
f 6966 6937 6965
f 6967 6939 6938
f 6967 6938 6966
f 6968 6940 6939
f 6968 6939 6967
f 6969 6941 6940
f 6969 6940 6968
f 6970 6942 6941
f 6970 6941 6969
f 6971 6943 6942
f 6971 6942 6970
f 6972 6944 6943
f 6972 6943 6971
f 6973 6945 6944
f 6973 6944 6972
f 6974 6946 6945
f 6974 6945 6973
f 6975 6946 6974
f 6975 6947 6946
f 6976 6947 6975
f 6976 6948 6947
f 6954 6948 6976
f 6977 6954 6976
f 6977 6962 6954
f 6977 6978 6962
f 6979 6978 6977
f 6980 6979 6977
f 6981 6980 6977
f 6982 6981 6977
f 6983 6982 6977
f 6984 6983 6977
f 6985 6984 6977
f 6986 6985 6977
f 6987 6986 6977
f 6988 6987 6977
f 6989 6990 6991
f 6989 6991 6992
f 6989 6992 6993
f 6989 6993 6994
f 6989 6994 6988
f 6989 6988 6977
f 6995 6990 6989
f 6996 6995 6989
f 6997 6996 6989
f 6998 6997 6989
f 6999 6998 6989
f 7000 6999 6989
f 7001 7000 6989
f 7002 7003 7004
f 7002 7004 7005
f 7002 7005 7006
f 7002 7006 7007
f 7002 7007 7008
f 7002 7008 7009
f 7002 7009 7010
f 7002 7011 7012
f 7002 7012 7013
f 7002 7013 7014
f 7002 7014 7015
f 7002 7015 7016
f 7002 7016 7017
f 7002 7017 7018
f 7002 7018 7019
f 7002 7019 7020
f 7002 7020 7021
f 7002 7021 7022
f 7002 7022 7003
f 7023 7024 7025
f 7023 7025 7026
f 7023 7026 7027
f 7023 7027 7028
f 7023 7028 7011
f 7023 7011 7002
f 7029 7030 7024
f 7029 7024 7023
f 7031 7030 7029
f 7031 7032 7030
f 7033 7032 7031
f 7033 7034 7032
f 7035 7034 7033
f 7035 7036 7034
f 7037 7036 7035
f 7037 7038 7036
f 7039 7038 7037
f 7039 7040 7038
f 7041 7040 7039
f 7041 7042 7040
f 7043 7042 7041
f 7043 7044 7042
f 7045 7044 7043
f 7045 7046 7044
f 7047 7046 7045
f 7047 7048 7046
f 7049 7048 7047
f 7049 7050 7048
f 7051 7050 7049
f 7051 7052 7050
f 7053 7052 7051
f 7053 7054 7052
f 7055 7054 7053
f 7055 7056 7054
f 7057 7058 7056
f 7057 7056 7055
f 7059 7060 7058
f 7059 7058 7057
f 7061 7062 7060
f 7061 7060 7059
f 7063 7064 7062
f 7063 7062 7061
f 7065 7066 7064
f 7065 7064 7063
f 7067 7066 7065
f 6989 7002 7068
f 7068 7002 7069
f 7069 7002 7010
f 6989 7068 7001
f 6963 3593 3594
f 6963 3592 3593
f 6963 3591 3592
f 7070 6963 3594
f 7070 3599 3600
f 7070 3598 3599
f 7070 3597 3598
f 7070 3595 3597
f 7070 3594 3595
f 7071 6964 6963
f 7071 6963 7070
f 7072 6965 6964
f 7072 6964 7071
f 7073 6966 6965
f 7073 6965 7072
f 7074 6967 6966
f 7074 6966 7073
f 7075 6967 7074
f 7076 6968 6967
f 7076 6967 7075
f 7077 6969 6968
f 7077 6968 7076
f 7078 6970 6969
f 7078 6969 7077
f 7079 6971 6970
f 7079 6970 7078
f 7080 6972 6971
f 7080 6971 7079
f 7081 6973 6972
f 7081 6972 7080
f 7082 6974 6973
f 7082 6973 7081
f 7083 6975 6974
f 7083 6974 7082
f 7084 6976 6975
f 7084 6975 7083
f 7085 6977 6976
f 7085 6976 7084
f 7086 6977 7085
f 6989 6977 7086
f 7087 6989 7086
f 7002 6989 7087
f 7088 7002 7087
f 7023 7002 7088
f 7089 7023 7088
f 7029 7023 7089
f 7090 7029 7089
f 7031 7029 7090
f 7091 7033 7031
f 7091 7031 7090
f 7092 7035 7033
f 7092 7033 7091
f 7093 7037 7035
f 7093 7035 7092
f 7094 7039 7037
f 7094 7037 7093
f 7095 7039 7094
f 7095 7041 7039
f 7096 7041 7095
f 7096 7043 7041
f 7097 7043 7096
f 7097 7045 7043
f 7098 7045 7097
f 7098 7047 7045
f 7099 7047 7098
f 7099 7049 7047
f 7100 7049 7099
f 7100 7051 7049
f 7101 7051 7100
f 7101 7053 7051
f 7102 7053 7101
f 7102 7055 7053
f 7103 7057 7055
f 7103 7055 7102
f 7104 7059 7057
f 7104 7057 7103
f 7105 7061 7059
f 7105 7059 7104
f 7106 7063 7061
f 7106 7061 7105
f 7107 7065 7063
f 7107 7063 7106
f 7108 7067 7065
f 7108 7065 7107
f 7109 7067 7108
f 7070 3604 3605
f 7070 3602 3604
f 7070 3601 3602
f 7070 3600 3601
f 7110 3608 3610
f 7110 3607 3608
f 7110 3606 3607
f 7110 3605 3606
f 7110 7070 3605
f 7111 7071 7070
f 7111 7070 7110
f 7112 7072 7071
f 7112 7071 7111
f 7113 7073 7072
f 7113 7072 7112
f 7114 7074 7073
f 7114 7073 7113
f 7115 7075 7074
f 7115 7074 7114
f 7116 7076 7075
f 7116 7075 7115
f 7117 7077 7076
f 7117 7076 7116
f 7118 7078 7077
f 7118 7077 7117
f 7119 7079 7078
f 7119 7078 7118
f 7120 7080 7079
f 7120 7079 7119
f 7121 7081 7080
f 7121 7080 7120
f 7122 7082 7081
f 7122 7081 7121
f 7123 7083 7082
f 7123 7082 7122
f 7124 7084 7083
f 7124 7083 7123
f 7125 7084 7124
f 7085 7084 7125
f 7126 7085 7125
f 7086 7085 7126
f 7127 7086 7126
f 7087 7086 7127
f 7128 7087 7127
f 7088 7087 7128
f 7129 7088 7128
f 7089 7088 7129
f 7130 7090 7089
f 7130 7089 7129
f 7131 7091 7090
f 7131 7090 7130
f 7132 7092 7091
f 7132 7091 7131
f 7133 7092 7132
f 7133 7093 7092
f 7134 7093 7133
f 7134 7094 7093
f 7135 7094 7134
f 7135 7095 7094
f 7136 7095 7135
f 7136 7096 7095
f 7137 7096 7136
f 7137 7097 7096
f 7138 7097 7137
f 7138 7098 7097
f 7139 7098 7138
f 7139 7099 7098
f 7140 7099 7139
f 7140 7100 7099
f 7141 7101 7100
f 7141 7100 7140
f 7142 7102 7101
f 7142 7101 7141
f 7143 7103 7102
f 7143 7102 7142
f 7144 7104 7103
f 7144 7103 7143
f 7145 7105 7104
f 7145 7104 7144
f 7146 7106 7105
f 7146 7105 7145
f 7147 7107 7106
f 7147 7106 7146
f 7148 7108 7107
f 7148 7107 7147
f 7149 7109 7108
f 7149 7108 7148
f 7150 7109 7149
f 7110 3612 3613
f 7110 3611 3612
f 7110 3610 3611
f 7151 3617 3618
f 7151 3616 3617
f 7151 3614 3616
f 7151 3613 3614
f 7151 7110 3613
f 7152 7111 7110
f 7152 7110 7151
f 7153 7112 7111
f 7153 7111 7152
f 7154 7113 7112
f 7154 7112 7153
f 7155 7114 7113
f 7155 7113 7154
f 7156 7115 7114
f 7156 7114 7155
f 7157 7116 7115
f 7157 7115 7156
f 7158 7117 7116
f 7158 7116 7157
f 7159 7118 7117
f 7159 7117 7158
f 7160 7119 7118
f 7160 7118 7159
f 7161 7120 7119
f 7161 7119 7160
f 7162 7121 7120
f 7162 7120 7161
f 7163 7122 7121
f 7163 7121 7162
f 7164 7122 7163
f 7123 7122 7164
f 7165 7123 7164
f 7124 7123 7165
f 7166 7124 7165
f 7125 7124 7166
f 7167 7125 7166
f 7126 7125 7167
f 7168 7126 7167
f 7127 7126 7168
f 7169 7127 7168
f 7128 7127 7169
f 7170 7128 7169
f 7129 7128 7170
f 7171 7129 7170
f 7130 7129 7171
f 7172 7130 7171
f 7131 7130 7172
f 7173 7131 7172
f 7132 7131 7173
f 7174 7132 7173
f 7133 7132 7174
f 7175 7134 7133
f 7175 7133 7174
f 7176 7134 7175
f 7176 7135 7134
f 7177 7135 7176
f 7177 7136 7135
f 7178 7136 7177
f 7178 7137 7136
f 7179 7137 7178
f 7179 7138 7137
f 7180 7138 7179
f 7181 7138 7180
f 7181 7139 7138
f 7182 7139 7181
f 7182 7140 7139
f 7183 7140 7182
f 7183 7141 7140
f 7184 7142 7141
f 7184 7143 7142
f 7184 7141 7183
f 7185 7144 7143
f 7185 7143 7184
f 7186 7145 7144
f 7186 7144 7185
f 7187 7146 7145
f 7187 7145 7186
f 7188 7147 7146
f 7188 7146 7187
f 7189 7148 7147
f 7189 7147 7188
f 7190 7149 7148
f 7190 7148 7189
f 7191 7150 7149
f 7191 7149 7190
f 7151 3620 3621
f 7151 3618 3620
f 7192 3626 3627
f 7192 3624 3626
f 7192 3623 3624
f 7192 3621 3623
f 7192 7151 3621
f 7193 7152 7151
f 7193 7151 7192
f 7194 7153 7152
f 7194 7152 7193
f 7195 7154 7153
f 7195 7153 7194
f 7196 7155 7154
f 7196 7154 7195
f 7197 7156 7155
f 7197 7155 7196
f 7198 7157 7156
f 7198 7156 7197
f 7199 7158 7157
f 7199 7157 7198
f 7200 7159 7158
f 7200 7158 7199
f 7201 7160 7159
f 7201 7159 7200
f 7202 7161 7160
f 7202 7160 7201
f 7203 7162 7161
f 7203 7161 7202
f 7204 7163 7162
f 7204 7162 7203
f 7205 7164 7163
f 7205 7163 7204
f 7206 7165 7164
f 7206 7164 7205
f 7207 7166 7165
f 7207 7165 7206
f 7208 7166 7207
f 7167 7166 7208
f 7209 7167 7208
f 7168 7167 7209
f 7210 7168 7209
f 7169 7168 7210
f 7211 7169 7210
f 7170 7169 7211
f 7212 7170 7211
f 7171 7170 7212
f 7213 7171 7212
f 7172 7171 7213
f 7214 7172 7213
f 7215 7173 7172
f 7215 7172 7214
f 7216 7174 7173
f 7216 7173 7215
f 7217 7175 7174
f 7217 7174 7216
f 7218 7175 7217
f 7218 7176 7175
f 7219 7176 7218
f 7219 7177 7176
f 7220 7177 7219
f 7220 7178 7177
f 7221 7178 7220
f 7221 7179 7178
f 7222 7179 7221
f 7222 7180 7179
f 7223 7180 7222
f 7223 7181 7180
f 7224 7181 7223
f 7224 7182 7181
f 7225 7183 7182
f 7225 7182 7224
f 7226 7184 7183
f 7226 7183 7225
f 7227 7185 7184
f 7227 7184 7226
f 7228 7186 7185
f 7228 7185 7227
f 7229 7187 7186
f 7229 7186 7228
f 7230 7188 7187
f 7230 7187 7229
f 7231 7189 7188
f 7231 7188 7230
f 7232 7190 7189
f 7232 7189 7231
f 7233 7191 7190
f 7233 7190 7232
f 7192 3630 3632
f 7192 3629 3630
f 7192 3627 3629
f 7234 7192 3632
f 7234 3637 3639
f 7234 3634 3637
f 7234 3632 3634
f 7235 7193 7192
f 7235 7192 7234
f 7236 7194 7193
f 7236 7193 7235
f 7237 7195 7194
f 7237 7194 7236
f 7238 7196 7195
f 7238 7195 7237
f 7239 7197 7196
f 7239 7196 7238
f 7240 7198 7197
f 7240 7197 7239
f 7241 7199 7198
f 7241 7198 7240
f 7242 7200 7199
f 7242 7199 7241
f 7243 7201 7200
f 7243 7200 7242
f 7244 7202 7201
f 7244 7201 7243
f 7245 7203 7202
f 7245 7202 7244
f 7246 7204 7203
f 7246 7203 7245
f 7247 7205 7204
f 7247 7204 7246
f 7248 7206 7205
f 7248 7205 7247
f 7249 7207 7206
f 7249 7206 7248
f 7250 7208 7207
f 7250 7207 7249
f 7251 7209 7208
f 7251 7208 7250
f 7252 7210 7209
f 7252 7209 7251
f 7253 7211 7210
f 7253 7210 7252
f 7254 7212 7211
f 7254 7211 7253
f 7255 7213 7212
f 7255 7212 7254
f 7256 7214 7213
f 7256 7213 7255
f 7257 7215 7214
f 7257 7214 7256
f 7258 7215 7257
f 7258 7216 7215
f 7259 7216 7258
f 7259 7217 7216
f 7260 7217 7259
f 7260 7218 7217
f 7261 7218 7260
f 7261 7219 7218
f 7262 7219 7261
f 7262 7220 7219
f 7263 7220 7262
f 7263 7221 7220
f 7264 7221 7263
f 7264 7222 7221
f 7265 7222 7264
f 7265 7223 7222
f 7266 7223 7265
f 7266 7224 7223
f 7267 7225 7224
f 7267 7224 7266
f 7268 7226 7225
f 7268 7225 7267
f 7269 7227 7226
f 7269 7226 7268
f 7270 7228 7227
f 7270 7227 7269
f 7271 7229 7228
f 7271 7228 7270
f 7272 7230 7229
f 7272 7229 7271
f 7273 7231 7230
f 7273 7230 7272
f 7274 7232 7231
f 7274 7231 7273
f 7275 7233 7232
f 7275 7232 7274
f 7276 7233 7275
f 7234 3648 3651
f 7234 3645 3648
f 7234 3643 3645
f 7234 3641 3643
f 7234 3639 3641
f 5767 7234 3651
f 5767 3664 3300
f 5767 3659 3664
f 5767 3655 3659
f 5767 3651 3655
f 5769 7235 7234
f 5769 7234 5767
f 5771 7236 7235
f 5771 7235 5769
f 5773 7237 7236
f 5773 7236 5771
f 5775 7238 7237
f 5775 7237 5773
f 5777 7239 7238
f 5777 7238 5775
f 5779 7240 7239
f 5779 7239 5777
f 5781 7241 7240
f 5781 7240 5779
f 5783 7242 7241
f 5783 7241 5781
f 5785 7243 7242
f 5785 7242 5783
f 5787 7244 7243
f 5787 7243 5785
f 5789 7245 7244
f 5789 7244 5787
f 5791 7246 7245
f 5791 7245 5789
f 5793 7247 7246
f 5793 7246 5791
f 5795 7248 7247
f 5795 7247 5793
f 5797 7249 7248
f 5797 7248 5795
f 5799 7250 7249
f 5799 7249 5797
f 5801 7250 5799
f 7251 7250 5801
f 5803 7251 5801
f 7252 7251 5803
f 5805 7252 5803
f 7253 7252 5805
f 5807 7253 5805
f 7254 7253 5807
f 5809 7254 5807
f 7255 7254 5809
f 5811 7255 5809
f 5812 7255 5811
f 7256 7255 5812
f 5814 7256 5812
f 7257 7256 5814
f 5816 7257 5814
f 5816 7258 7257
f 5818 7258 5816
f 5818 7259 7258
f 5820 7259 5818
f 5820 7260 7259
f 5822 7261 7260
f 5822 7260 5820
f 5824 7262 7261
f 5824 7261 5822
f 5826 7263 7262
f 5826 7262 5824
f 5828 7264 7263
f 5828 7263 5826
f 5830 7265 7264
f 5830 7264 5828
f 5832 7266 7265
f 5832 7265 5830
f 5834 7267 7266
f 5834 7266 5832
f 5836 7268 7267
f 5836 7267 5834
f 5838 7269 7268
f 5838 7268 5836
f 5840 7270 7269
f 5840 7269 5838
f 5842 7271 7270
f 5842 7270 5840
f 5844 7272 7271
f 5844 7271 5842
f 5846 7272 5844
f 5847 7273 7272
f 5847 7272 5846
f 5849 7274 7273
f 5849 7273 5847
f 5851 7275 7274
f 5851 7274 5849
f 5853 7276 7275
f 5853 7275 5851
f 7277 4048 4051
f 7277 4045 4048
f 7277 4042 4045
f 7277 4039 4042
f 7278 7277 4051
f 7279 7277 7278
f 7280 7279 7278
f 7281 7279 7280
f 7282 7281 7280
f 7283 7281 7282
f 7284 7283 7282
f 7285 7283 7284
f 7286 7285 7284
f 7287 7285 7286
f 7288 7287 7286
f 7289 7287 7288
f 7290 7289 7288
f 3682 7289 7290
f 3683 3682 7290
f 7278 4058 4061
f 7278 4054 4058
f 7278 4051 4054
f 7291 7278 4061
f 7280 7278 7291
f 7292 7280 7291
f 7282 7280 7292
f 7293 7282 7292
f 7284 7282 7293
f 7294 7284 7293
f 7286 7284 7294
f 7295 7286 7294
f 7288 7286 7295
f 7296 7288 7295
f 7290 7288 7296
f 3685 3683 7290
f 3685 7290 7296
f 7291 4069 4072
f 7291 4064 4069
f 7291 4061 4064
f 7297 7291 4072
f 7292 7291 7297
f 7298 7292 7297
f 7293 7292 7298
f 7299 7293 7298
f 7294 7293 7299
f 7300 7294 7299
f 7295 7294 7300
f 7301 7295 7300
f 7296 7295 7301
f 7302 7296 7301
f 3685 7296 7302
f 3687 3685 7302
f 7297 4079 4082
f 7297 4076 4079
f 7297 4072 4076
f 7303 7297 4082
f 7298 7297 7303
f 7304 7298 7303
f 7299 7298 7304
f 7305 7299 7304
f 7300 7299 7305
f 7306 7300 7305
f 7301 7300 7306
f 7307 7301 7306
f 7302 7301 7307
f 7308 7302 7307
f 3687 7302 7308
f 3689 3687 7308
f 7303 4086 4089
f 7303 4082 4086
f 7309 4089 4092
f 7309 7303 4089
f 7304 7303 7309
f 7310 7304 7309
f 7305 7304 7310
f 7311 7305 7310
f 7306 7305 7311
f 7312 7306 7311
f 7307 7306 7312
f 7313 7307 7312
f 7308 7307 7313
f 7314 7308 7313
f 3689 7308 7314
f 3690 3689 7314
f 7309 4092 4095
f 7315 4098 4101
f 7315 4095 4098
f 7315 7309 4095
f 7310 7309 7315
f 7316 7310 7315
f 7311 7310 7316
f 7317 7311 7316
f 7312 7311 7317
f 7318 7312 7317
f 7313 7312 7318
f 7319 7313 7318
f 7314 7313 7319
f 7320 7314 7319
f 3690 7314 7320
f 3691 3690 7320
f 7315 4101 4104
f 7321 4108 4111
f 7321 4104 4108
f 7321 7315 4104
f 7316 7315 7321
f 7322 7316 7321
f 7317 7316 7322
f 7323 7317 7322
f 7318 7317 7323
f 7324 7318 7323
f 7319 7318 7324
f 7325 7319 7324
f 7320 7319 7325
f 7326 7320 7325
f 3691 7320 7326
f 3692 3691 7326
f 7327 7321 4111
f 7327 4117 4121
f 7327 4114 4117
f 7327 4111 4114
f 7322 7321 7327
f 7328 7322 7327
f 7323 7322 7328
f 7329 7323 7328
f 7324 7323 7329
f 7330 7324 7329
f 7325 7324 7330
f 7331 7325 7330
f 7326 7325 7331
f 3693 3692 7326
f 3693 7326 7331
f 7332 7327 4121
f 7332 4129 4132
f 7332 4126 4129
f 7332 4124 4126
f 7332 4121 4124
f 7328 7327 7332
f 7333 7328 7332
f 7329 7328 7333
f 7334 7329 7333
f 7330 7329 7334
f 7335 7330 7334
f 7331 7330 7335
f 7336 7331 7335
f 7337 3693 7331
f 7337 7336 3694
f 7337 3694 3693
f 7337 7331 7336
f 4500 7332 4132
f 4500 4164 4166
f 4500 4163 4164
f 4500 4161 4163
f 4500 4160 4161
f 4500 4158 4160
f 4500 4157 4158
f 4500 4155 4157
f 4500 4154 4155
f 4500 4152 4154
f 4500 4150 4152
f 4500 4149 4150
f 4500 4147 4149
f 4500 4145 4147
f 4500 4144 4145
f 4500 4142 4144
f 4500 4140 4142
f 4500 4138 4140
f 4500 4136 4138
f 4500 4134 4136
f 4500 4132 4134
f 7333 7332 4500
f 4502 7333 4500
f 7336 7335 4506
f 4508 7336 4506
f 7338 7334 7333
f 7338 4502 4504
f 7338 7333 4502
f 7338 4504 7334
f 7339 7335 7334
f 7339 4504 4506
f 7339 7334 4504
f 7339 4506 7335
f 7340 3694 7336
f 7340 4508 3695
f 7340 3695 3694
f 7340 7336 4508
f 3739 4011 4014
f 3739 4007 4011
f 3739 4005 4007
f 3739 4003 4005
f 3739 4001 4003
f 3739 3727 4001
f 7341 3739 4014
f 3740 3739 7341
f 7342 3740 7341
f 3741 3740 7342
f 7343 3741 7342
f 3742 3741 7343
f 7344 3742 7343
f 3743 3742 7344
f 7345 3743 7344
f 3744 3743 7345
f 7346 3744 7345
f 3745 3744 7346
f 7347 3745 7346
f 3688 3745 7347
f 3686 3688 7347
f 7341 4024 4027
f 7341 4020 4024
f 7341 4018 4020
f 7341 4016 4018
f 7341 4014 4016
f 7348 7341 4027
f 7342 7341 7348
f 7349 7342 7348
f 7343 7342 7349
f 7350 7343 7349
f 7344 7343 7350
f 7351 7344 7350
f 7345 7344 7351
f 7352 7345 7351
f 7346 7345 7352
f 7353 7346 7352
f 7347 7346 7353
f 7354 7347 7353
f 3686 7347 7354
f 3684 3686 7354
f 7348 4035 4039
f 7348 4032 4035
f 7348 4030 4032
f 7348 4027 4030
f 7277 7348 4039
f 7349 7348 7277
f 7279 7349 7277
f 7350 7349 7279
f 7281 7350 7279
f 7351 7350 7281
f 7283 7351 7281
f 7352 7351 7283
f 7285 7352 7283
f 7353 7352 7285
f 7287 7353 7285
f 7354 7353 7287
f 7289 7354 7287
f 3684 7354 7289
f 3682 3684 7289
f 7355 4209 4210
f 4487 7355 4210
f 7356 7355 4487
f 4489 7356 4487
f 7357 7356 4489
f 4491 7357 4489
f 3832 7357 4491
f 3829 3832 4491
f 3825 3829 4491
f 3822 3825 4491
f 7358 4208 4209
f 7355 7358 4209
f 7359 7358 7355
f 7356 7359 7355
f 7360 7359 7356
f 7357 7360 7356
f 3842 7360 7357
f 3838 3842 7357
f 3835 3838 7357
f 3832 3835 7357
f 7361 4207 4208
f 7358 7361 4208
f 7362 7361 7358
f 7359 7362 7358
f 7363 7362 7359
f 7360 7363 7359
f 3853 7363 7360
f 3849 3853 7360
f 3846 3849 7360
f 3842 3846 7360
f 7364 4206 4207
f 7361 7364 4207
f 7365 7364 7361
f 7362 7365 7361
f 7366 7365 7362
f 7363 7366 7362
f 3864 7366 7363
f 3861 3864 7363
f 3857 3861 7363
f 3853 3857 7363
f 7367 4205 4206
f 7364 7367 4206
f 7368 7367 7364
f 7365 7368 7364
f 7369 7368 7365
f 7366 7369 7365
f 7370 7369 7366
f 3872 3875 7370
f 3868 3872 7370
f 3864 7370 7366
f 3864 3868 7370
f 7367 4200 4201
f 7367 4201 4205
f 4202 4200 7367
f 7368 4202 7367
f 4203 4202 7368
f 7369 4203 7368
f 4204 4203 7369
f 7370 4204 7369
f 3886 4204 7370
f 3882 3886 7370
f 3878 3882 7370
f 3875 3878 7370
f 7371 7372 7373
f 7371 7373 7374
f 7375 7376 7372
f 7375 7372 7371
f 7377 7378 7376
f 7377 7376 7375
f 7379 7380 7378
f 7379 7378 7377
f 7381 7382 7380
f 7381 7380 7379
f 7383 7384 7382
f 7383 7382 7381
f 7385 7386 7384
f 7385 7384 7383
f 7387 7388 7386
f 7387 7386 7385
f 7389 7390 7388
f 7389 7388 7387
f 7391 7392 7390
f 7391 7390 7389
f 7393 7392 7391
f 7393 7394 7392
f 7395 7396 7394
f 7395 7394 7393
f 7397 7398 7396
f 7397 7396 7395
f 7399 7400 7398
f 7399 7398 7397
f 7401 7402 7400
f 7401 7400 7399
f 7403 7404 7402
f 7403 7402 7401
f 7405 7406 7404
f 7405 7404 7403
f 7407 7408 7406
f 7407 7406 7405
f 7409 7410 7408
f 7409 7408 7407
f 7411 7412 7410
f 7411 7410 7409
f 7413 7414 7412
f 7413 7412 7411
f 7415 7416 7414
f 7415 7414 7413
f 7417 7418 7416
f 7417 7416 7415
f 7419 7420 7418
f 7419 7418 7417
f 7421 7422 7420
f 7421 7420 7419
f 7423 7422 7421
f 7423 7424 7422
f 7425 7424 7423
f 7425 7426 7424
f 7427 7426 7425
f 7427 7428 7426
f 7429 7428 7427
f 7429 7430 7428
f 7431 7430 7429
f 7431 7432 7430
f 7433 7432 7431
f 7433 7434 7432
f 7435 7434 7433
f 7435 7436 7434
f 7437 7436 7435
f 7437 7438 7436
f 7439 7438 7437
f 7439 7440 7438
f 7441 7442 7440
f 7441 7440 7439
f 7443 7444 7442
f 7443 7442 7441
f 7445 7446 7444
f 7445 7444 7443
f 7447 7448 7446
f 7447 7446 7445
f 7449 7450 7448
f 7449 7448 7447
f 7451 7452 7450
f 7451 7450 7449
f 7453 7454 7452
f 7453 7452 7451
f 4151 4148 7455
f 4153 4151 7455
f 4156 4153 7455
f 4159 4156 7455
f 7456 7455 7454
f 7456 7454 7453
f 4162 7455 7456
f 4162 4159 7455
f 4165 4162 7456
f 4168 4165 7456
f 4172 4168 7456
f 3748 4172 7456
f 7372 7457 7458
f 7372 7458 7373
f 7376 7459 7457
f 7376 7457 7372
f 7378 7460 7459
f 7378 7459 7376
f 7380 7461 7460
f 7380 7460 7378
f 7382 7462 7461
f 7382 7461 7380
f 7384 7463 7462
f 7384 7462 7382
f 7386 7464 7463
f 7386 7463 7384
f 7388 7465 7464
f 7388 7464 7386
f 7390 7466 7465
f 7390 7465 7388
f 7392 7467 7466
f 7392 7466 7390
f 7394 7468 7467
f 7394 7467 7392
f 7396 7469 7468
f 7396 7468 7394
f 7398 7470 7469
f 7398 7469 7396
f 7400 7471 7470
f 7400 7470 7398
f 7402 7472 7471
f 7402 7471 7400
f 7404 7473 7472
f 7404 7472 7402
f 7406 7474 7473
f 7406 7473 7404
f 7408 7475 7474
f 7408 7474 7406
f 7410 7476 7475
f 7410 7475 7408
f 7412 7477 7476
f 7412 7476 7410
f 7414 7478 7477
f 7414 7477 7412
f 7416 7479 7478
f 7416 7478 7414
f 7418 7480 7479
f 7418 7479 7416
f 7420 7481 7480
f 7420 7480 7418
f 7422 7482 7481
f 7422 7481 7420
f 7424 7483 7482
f 7424 7482 7422
f 7426 7483 7424
f 7426 7484 7483
f 7428 7484 7426
f 7428 7485 7484
f 7430 7485 7428
f 7430 7486 7485
f 7432 7486 7430
f 7432 7487 7486
f 7434 7487 7432
f 7434 7488 7487
f 7436 7488 7434
f 7436 7489 7488
f 7438 7489 7436
f 7438 7490 7489
f 7440 7490 7438
f 7440 7491 7490
f 7442 7491 7440
f 7442 7492 7491
f 7444 7493 7492
f 7444 7492 7442
f 7446 7494 7493
f 7446 7493 7444
f 7448 7495 7494
f 7448 7494 7446
f 7450 7496 7495
f 7450 7495 7448
f 7452 7497 7496
f 7452 7496 7450
f 7454 7498 7497
f 7454 7497 7452
f 4137 4135 7499
f 4139 4137 7499
f 7455 7499 7498
f 7455 7498 7454
f 4141 7499 7455
f 4141 4139 7499
f 4143 4141 7455
f 4146 4143 7455
f 4148 4146 7455
f 7458 7500 7501
f 7457 7502 7500
f 7457 7500 7458
f 7459 7502 7457
f 7459 7503 7502
f 7460 7503 7459
f 7461 7504 7503
f 7461 7503 7460
f 7462 7505 7504
f 7462 7504 7461
f 7463 7506 7505
f 7463 7505 7462
f 7464 7507 7506
f 7464 7506 7463
f 7465 7508 7507
f 7465 7507 7464
f 7466 7509 7508
f 7466 7508 7465
f 7467 7510 7509
f 7467 7509 7466
f 7468 7511 7510
f 7468 7510 7467
f 7469 7512 7511
f 7469 7511 7468
f 7470 7512 7469
f 7471 7513 7512
f 7471 7512 7470
f 7472 7514 7513
f 7472 7513 7471
f 7473 7515 7514
f 7473 7514 7472
f 7474 7516 7515
f 7474 7515 7473
f 7475 7517 7516
f 7475 7516 7474
f 7476 7518 7517
f 7476 7517 7475
f 7477 7519 7518
f 7477 7518 7476
f 7478 7520 7519
f 7478 7519 7477
f 7479 7521 7520
f 7479 7520 7478
f 7480 7521 7479
f 7522 7521 7480
f 7481 7522 7480
f 7523 7522 7481
f 7482 7523 7481
f 7524 7523 7482
f 7483 7524 7482
f 7525 7524 7483
f 7484 7525 7483
f 7526 7525 7484
f 7485 7526 7484
f 7527 7526 7485
f 7486 7527 7485
f 7528 7527 7486
f 7487 7528 7486
f 7529 7528 7487
f 7488 7529 7487
f 7530 7529 7488
f 7489 7530 7488
f 7531 7530 7489
f 7490 7531 7489
f 7490 7532 7531
f 7491 7532 7490
f 7491 7533 7532
f 7492 7533 7491
f 7492 7534 7533
f 7493 7534 7492
f 7493 7535 7534
f 7494 7536 7535
f 7494 7535 7493
f 7495 7537 7536
f 7495 7536 7494
f 7496 7538 7537
f 7496 7537 7495
f 7497 7539 7538
f 7497 7538 7496
f 4127 4125 7540
f 7498 7540 7539
f 7498 7539 7497
f 4128 4127 7540
f 4130 4128 7540
f 7499 7540 7498
f 7499 4130 7540
f 4131 4130 7499
f 4133 4131 7499
f 4135 4133 7499
f 7500 7541 7542
f 7500 7542 7501
f 7502 7541 7500
f 7502 7543 7541
f 7503 7543 7502
f 7503 7544 7543
f 7504 7545 7544
f 7504 7544 7503
f 7505 7546 7545
f 7505 7545 7504
f 7506 7547 7546
f 7506 7546 7505
f 7507 7548 7547
f 7507 7547 7506
f 7508 7549 7548
f 7508 7548 7507
f 7509 7550 7549
f 7509 7549 7508
f 7510 7551 7550
f 7510 7550 7509
f 7511 7552 7551
f 7511 7551 7510
f 7512 7553 7552
f 7512 7552 7511
f 7513 7554 7553
f 7513 7553 7512
f 7514 7555 7554
f 7514 7554 7513
f 7515 7556 7555
f 7515 7555 7514
f 7516 7557 7556
f 7516 7556 7515
f 7517 7558 7557
f 7517 7557 7516
f 7518 7559 7558
f 7518 7558 7517
f 7519 7560 7559
f 7519 7559 7518
f 7520 7561 7560
f 7520 7560 7519
f 7521 7562 7561
f 7521 7561 7520
f 7522 7563 7562
f 7522 7562 7521
f 7523 7563 7522
f 7564 7563 7523
f 7524 7564 7523
f 7565 7564 7524
f 7525 7565 7524
f 7566 7565 7525
f 7526 7566 7525
f 7567 7566 7526
f 7527 7567 7526
f 7568 7567 7527
f 7528 7568 7527
f 7569 7568 7528
f 7529 7569 7528
f 7570 7569 7529
f 7530 7570 7529
f 7571 7570 7530
f 7531 7571 7530
f 7572 7571 7531
f 7532 7572 7531
f 7573 7572 7532
f 7533 7573 7532
f 7533 7574 7573
f 7534 7574 7533
f 7534 7575 7574
f 7535 7575 7534
f 7535 7576 7575
f 7536 7576 7535
f 7536 7577 7576
f 7537 7578 7577
f 7537 7577 7536
f 7538 7578 7537
f 4116 4115 7579
f 7539 7580 7578
f 7539 7578 7538
f 4120 4116 7579
f 4118 4120 7579
f 7540 7579 7580
f 7540 7580 7539
f 7540 4118 7579
f 7540 4119 4118
f 4122 4119 7540
f 4123 4122 7540
f 4125 4123 7540
f 7541 7581 7582
f 7541 7582 7542
f 7543 7583 7581
f 7543 7581 7541
f 7544 7583 7543
f 7544 7584 7583
f 7545 7585 7584
f 7545 7584 7544
f 7546 7586 7585
f 7546 7585 7545
f 7547 7587 7586
f 7547 7586 7546
f 7548 7588 7587
f 7548 7587 7547
f 7549 7589 7588
f 7549 7588 7548
f 7550 7590 7589
f 7550 7589 7549
f 7551 7591 7590
f 7551 7590 7550
f 7552 7592 7591
f 7552 7591 7551
f 7553 7593 7592
f 7553 7592 7552
f 7554 7594 7593
f 7554 7593 7553
f 7555 7595 7594
f 7555 7594 7554
f 7556 7596 7595
f 7556 7595 7555
f 7557 7597 7596
f 7557 7596 7556
f 7558 7598 7597
f 7558 7597 7557
f 7559 7599 7598
f 7559 7598 7558
f 7560 7600 7599
f 7560 7599 7559
f 7561 7601 7600
f 7561 7600 7560
f 7562 7602 7601
f 7562 7601 7561
f 7563 7603 7602
f 7563 7602 7562
f 7564 7604 7603
f 7564 7603 7563
f 7565 7605 7604
f 7565 7604 7564
f 7566 7606 7605
f 7566 7605 7565
f 7567 7607 7606
f 7567 7606 7566
f 7568 7608 7607
f 7568 7607 7567
f 7569 7609 7608
f 7569 7608 7568
f 7570 7609 7569
f 7570 7610 7609
f 7571 7610 7570
f 7571 7611 7610
f 7572 7611 7571
f 7572 7612 7611
f 7573 7612 7572
f 7573 7613 7612
f 7574 7613 7573
f 7574 7614 7613
f 7575 7614 7574
f 7575 7615 7614
f 7576 7615 7575
f 7576 7616 7615
f 7577 7616 7576
f 7577 7617 7616
f 7578 7617 7577
f 7578 7618 7617
f 4107 4103 7619
f 4105 4107 7619
f 4106 4105 7619
f 4109 4106 7619
f 7580 7619 7618
f 7580 7618 7578
f 7580 4109 7619
f 4110 4109 7580
f 7579 4110 7580
f 7579 4112 4110
f 4113 4112 7579
f 4115 4113 7579
f 7581 7620 7621
f 7581 7621 7582
f 7583 7622 7620
f 7583 7620 7581
f 7584 7622 7583
f 7584 7623 7622
f 7585 7624 7623
f 7585 7623 7584
f 7586 7625 7624
f 7586 7624 7585
f 7587 7626 7625
f 7587 7625 7586
f 7588 7627 7626
f 7588 7626 7587
f 7589 7628 7627
f 7589 7627 7588
f 7590 7629 7628
f 7590 7628 7589
f 7591 7630 7629
f 7591 7629 7590
f 7592 7631 7630
f 7592 7630 7591
f 7593 7632 7631
f 7593 7631 7592
f 7594 7633 7632
f 7594 7632 7593
f 7595 7634 7633
f 7595 7633 7594
f 7596 7635 7634
f 7596 7634 7595
f 7597 7636 7635
f 7597 7635 7596
f 7598 7637 7636
f 7598 7636 7597
f 7599 7638 7637
f 7599 7637 7598
f 7600 7639 7638
f 7600 7638 7599
f 7601 7640 7639
f 7601 7639 7600
f 7602 7641 7640
f 7602 7640 7601
f 7603 7641 7602
f 7642 7641 7603
f 7604 7642 7603
f 7643 7642 7604
f 7605 7643 7604
f 7644 7643 7605
f 7606 7644 7605
f 7645 7644 7606
f 7607 7645 7606
f 7646 7645 7607
f 7608 7646 7607
f 7647 7646 7608
f 7609 7647 7608
f 7648 7647 7609
f 7610 7648 7609
f 7611 7648 7610
f 7611 7649 7648
f 7650 7649 7611
f 7612 7650 7611
f 7651 7650 7612
f 7613 7651 7612
f 7614 7651 7613
f 7614 7652 7651
f 7615 7652 7614
f 7615 7653 7652
f 7616 7653 7615
f 7616 7654 7653
f 7617 7654 7616
f 7617 7655 7654
f 4093 4091 7656
f 4094 4093 7656
f 7618 7655 7617
f 7618 7656 7655
f 4096 4094 7656
f 4097 7656 7618
f 4097 4096 7656
f 7619 4097 7618
f 7619 4099 4097
f 4100 4099 7619
f 4102 4100 7619
f 4103 4102 7619
f 7620 7657 7658
f 7620 7658 7621
f 7622 7659 7657
f 7622 7657 7620
f 7623 7660 7659
f 7623 7659 7622
f 7624 7661 7660
f 7624 7660 7623
f 7625 7662 7661
f 7625 7661 7624
f 7626 7663 7662
f 7626 7662 7625
f 7627 7664 7663
f 7627 7663 7626
f 7628 7665 7664
f 7628 7664 7627
f 7629 7666 7665
f 7629 7665 7628
f 7630 7667 7666
f 7630 7666 7629
f 7631 7668 7667
f 7631 7667 7630
f 7632 7669 7668
f 7632 7668 7631
f 7633 7670 7669
f 7633 7669 7632
f 7634 7671 7670
f 7634 7670 7633
f 7635 7672 7671
f 7635 7671 7634
f 7636 7673 7672
f 7636 7672 7635
f 7637 7673 7636
f 7637 7674 7673
f 7638 7674 7637
f 7638 7675 7674
f 7639 7675 7638
f 7639 7676 7675
f 7640 7676 7639
f 7640 7677 7676
f 7641 7677 7640
f 7641 7678 7677
f 7642 7678 7641
f 7642 7679 7678
f 7680 7679 7642
f 7643 7681 7680
f 7643 7680 7642
f 7643 7682 7683
f 7643 7683 7684
f 7643 7684 7685
f 7643 7685 7681
f 7686 7682 7643
f 7687 7686 7643
f 7688 7687 7643
f 7689 7688 7643
f 7690 7689 7643
f 7691 7690 7643
f 7692 7691 7643
f 7693 7692 7643
f 7694 7693 7643
f 7695 7694 7643
f 7696 7695 7643
f 7697 7696 7643
f 7698 7697 7643
f 7699 7698 7643
f 7700 7699 7643
f 7701 7700 7643
f 7702 7701 7643
f 7644 7703 7702
f 7644 7702 7643
f 7704 7703 7644
f 7705 7704 7644
f 7645 7706 7707
f 7645 7707 7708
f 7645 7708 7709
f 7645 7709 7710
f 7645 7710 7711
f 7645 7711 7712
f 7645 7713 7714
f 7645 7714 7715
f 7645 7715 7716
f 7645 7716 7717
f 7645 7717 7718
f 7645 7718 7719
f 7645 7719 7720
f 7645 7720 7721
f 7645 7721 7722
f 7645 7722 7723
f 7645 7723 7724
f 7645 7724 7725
f 7645 7725 7726
f 7645 7726 7727
f 7645 7727 7728
f 7645 7728 7729
f 7645 7729 7706
f 7730 7713 7645
f 7646 7730 7645
f 7731 7730 7646
f 7647 7731 7646
f 7732 7731 7647
f 7648 7732 7647
f 7733 7732 7648
f 7649 7733 7648
f 7734 7733 7649
f 7650 7734 7649
f 7650 7735 7734
f 7651 7735 7650
f 7651 7736 7735
f 7652 7736 7651
f 7652 7737 7736
f 7653 7737 7652
f 7653 7738 7737
f 7654 7738 7653
f 7654 7739 7738
f 7655 7739 7654
f 7655 7740 7739
f 4080 4078 7740
f 4081 4080 7740
f 4085 4081 7740
f 4083 4085 7740
f 7656 7740 7655
f 7656 4083 7740
f 4084 4083 7656
f 4087 4084 7656
f 4088 4087 7656
f 4090 4088 7656
f 4091 4090 7656
f 7644 7645 7705
f 7705 7645 7741
f 7741 7645 7712
f 7742 7743 7744
f 7742 7745 7743
f 7742 7746 7745
f 7730 7747 7713
f 7730 7748 7747
f 7730 7749 7748
f 7730 7750 7749
f 7730 7751 7750
f 7730 7752 7751
f 7730 7753 7752
f 7730 7754 7753
f 7730 7755 7754
f 7730 7744 7755
f 7730 7742 7744
f 7731 7756 7742
f 7731 7742 7730
f 7732 7757 7756
f 7732 7756 7731
f 7733 7758 7757
f 7733 7757 7732
f 7734 7759 7758
f 7734 7758 7733
f 7735 7760 7759
f 7735 7759 7734
f 7736 7760 7735
f 7736 7761 7760
f 7737 7762 7761
f 7737 7761 7736
f 7738 7763 7762
f 7738 7762 7737
f 4067 4063 7764
f 4065 4067 7764
f 4066 4065 7764
f 7739 7765 7763
f 7739 7763 7738
f 4068 4066 7764
f 4070 4068 7764
f 4071 4070 7764
f 4071 7764 7765
f 7740 7765 7739
f 7740 4071 7765
f 7740 4075 4071
f 4073 4075 7740
f 4074 4073 7740
f 4077 4074 7740
f 4078 4077 7740
f 7766 7767 7768
f 7766 7769 7767
f 7766 7770 7769
f 7766 7771 7770
f 7766 7772 7771
f 7766 7773 7772
f 7766 7774 7773
f 7766 7775 7774
f 7766 7776 7775
f 7766 7777 7776
f 7766 7778 7777
f 7742 7779 7766
f 7742 7780 7746
f 7742 7768 7780
f 7742 7766 7768
f 7756 7779 7742
f 7781 7779 7756
f 7757 7782 7781
f 7757 7781 7756
f 7758 7783 7782
f 7758 7782 7757
f 7759 7784 7783
f 7759 7783 7758
f 7760 7785 7784
f 7760 7784 7759
f 7761 7786 7785
f 7761 7785 7760
f 7762 7786 7761
f 7762 7787 7786
f 7763 7787 7762
f 7763 7788 7787
f 4050 4049 7789
f 4052 4050 7789
f 4053 4052 7789
f 7765 7789 7788
f 7765 7788 7763
f 4057 4053 7789
f 4055 4057 7789
f 4056 7789 7765
f 4056 4055 7789
f 7764 4056 7765
f 7764 4059 4056
f 4060 4059 7764
f 4062 4060 7764
f 4063 4062 7764
f 7790 7791 7792
f 7793 7794 7791
f 7793 7791 7790
f 7795 7796 7794
f 7795 7794 7793
f 7797 7798 7796
f 7797 7796 7795
f 7799 7800 7798
f 7799 7798 7797
f 7801 7802 7800
f 7801 7800 7799
f 7803 7804 7802
f 7803 7802 7801
f 7805 7806 7804
f 7805 7804 7803
f 7807 7808 7806
f 7807 7806 7805
f 7809 7810 7808
f 7809 7808 7807
f 7811 7812 7810
f 7811 7810 7809
f 7813 7814 7812
f 7813 7812 7811
f 7815 7816 7814
f 7815 7814 7813
f 7817 7818 7816
f 7817 7816 7815
f 7819 7818 7817
f 7819 7820 7818
f 7821 7820 7819
f 7821 7822 7820
f 7823 7822 7821
f 7823 7824 7822
f 7825 7824 7823
f 7825 7826 7824
f 7827 7826 7825
f 7827 7828 7826
f 7829 7828 7827
f 7830 7828 7829
f 7831 7830 7829
f 7832 7830 7831
f 7833 7832 7831
f 7834 7832 7833
f 7835 7834 7833
f 7836 7837 7834
f 7836 7834 7835
f 7838 7837 7836
f 7839 7837 7838
f 7840 7837 7839
f 7841 7837 7840
f 7842 7837 7841
f 7843 7837 7842
f 7844 7837 7843
f 7845 7837 7844
f 7846 7837 7845
f 7847 7837 7846
f 7848 7837 7847
f 7849 7837 7848
f 7850 7837 7849
f 7851 7837 7850
f 7852 7837 7851
f 7853 7837 7852
f 7854 7837 7853
f 7855 7837 7854
f 7856 7837 7855
f 7857 7837 7856
f 7858 7837 7857
f 7859 7837 7858
f 7860 7837 7859
f 7861 7860 7862
f 7861 7837 7860
f 7863 7861 7862
f 7864 7861 7863
f 7865 7861 7864
f 7866 7867 7868
f 7866 7868 7869
f 7866 7869 7870
f 7866 7870 7871
f 7866 7871 7872
f 7866 7872 7873
f 7866 7873 7874
f 7866 7874 7875
f 7866 7875 7876
f 7866 7876 7877
f 7866 7877 7878
f 7866 7878 7879
f 7866 7879 7880
f 7866 7881 7882
f 7866 7882 7883
f 7866 7883 7884
f 7866 7884 7885
f 7866 7885 7886
f 7866 7886 7887
f 7866 7887 7888
f 7866 7888 7889
f 7866 7889 7867
f 7890 7866 7880
f 7891 7866 7890
f 7892 7866 7891
f 7893 7866 7892
f 7894 7866 7893
f 7895 7866 7894
f 7896 7866 7895
f 7897 7866 7896
f 7778 7866 7897
f 7766 7898 7866
f 7766 7866 7778
f 7779 7898 7766
f 7779 7899 7898
f 7781 7900 7899
f 7781 7899 7779
f 7782 7901 7900
f 7782 7900 7781
f 7783 7902 7901
f 7783 7901 7782
f 7784 7903 7902
f 7784 7902 7783
f 7785 7904 7903
f 7785 7903 7784
f 7786 7905 7904
f 7786 7904 7785
f 7787 7906 7905
f 7787 7905 7786
f 7788 7906 7787
f 7788 7907 7906
f 4038 4034 7908
f 4036 4038 7908
f 4037 4036 7908
f 7789 7907 7788
f 7789 7908 7907
f 4040 4037 7908
f 4041 4040 7908
f 4043 7908 7789
f 4043 4041 7908
f 4044 4043 7789
f 4046 4044 7789
f 4047 4046 7789
f 4049 4047 7789
f 7866 7861 7865
f 7866 7865 7909
f 7866 7909 7910
f 7866 7910 7881
f 7792 7911 7912
f 7791 7913 7911
f 7791 7911 7792
f 7794 7914 7913
f 7794 7913 7791
f 7796 7914 7794
f 7796 7915 7914
f 7798 7916 7915
f 7798 7915 7796
f 7800 7916 7798
f 7800 7917 7916
f 7802 7918 7917
f 7802 7917 7800
f 7804 7919 7918
f 7804 7918 7802
f 7806 7920 7919
f 7806 7919 7804
f 7808 7921 7920
f 7808 7920 7806
f 7810 7922 7921
f 7810 7921 7808
f 7812 7923 7922
f 7812 7922 7810
f 7814 7924 7923
f 7814 7923 7812
f 7816 7925 7924
f 7816 7924 7814
f 7818 7926 7925
f 7818 7925 7816
f 7820 7927 7926
f 7820 7926 7818
f 7822 7928 7927
f 7822 7927 7820
f 7824 7929 7928
f 7824 7928 7822
f 7826 7930 7929
f 7826 7929 7824
f 7828 7931 7930
f 7828 7930 7826
f 7830 7932 7931
f 7830 7931 7828
f 7832 7933 7932
f 7832 7932 7830
f 7834 7934 7933
f 7834 7933 7832
f 7837 7935 7934
f 7837 7934 7834
f 7861 7936 7935
f 7861 7935 7837
f 7866 7937 7936
f 7866 7936 7861
f 7898 7938 7937
f 7898 7937 7866
f 7899 7939 7938
f 7899 7938 7898
f 7900 7940 7939
f 7900 7939 7899
f 7941 7940 7900
f 7901 7941 7900
f 7902 7941 7901
f 7902 7942 7941
f 7903 7942 7902
f 7903 7943 7942
f 7903 7944 7943
f 7904 7944 7903
f 7904 7945 7944
f 7905 7945 7904
f 7905 7946 7945
f 7906 7946 7905
f 7906 7947 7946
f 7907 7947 7906
f 7907 7948 7947
f 4022 4021 7949
f 7908 7948 7907
f 4023 4022 7949
f 4025 4023 7949
f 4026 4025 7949
f 4028 4026 7949
f 4029 7949 7948
f 4029 7948 7908
f 4029 4028 7949
f 4031 4029 7908
f 4033 4031 7908
f 4034 4033 7908
f 7912 7950 7951
f 7911 7952 7950
f 7911 7950 7912
f 7913 7953 7952
f 7913 7952 7911
f 7914 7953 7913
f 7914 7954 7953
f 7915 7955 7954
f 7915 7954 7914
f 7916 7956 7955
f 7916 7955 7915
f 7917 7957 7956
f 7917 7956 7916
f 7918 7958 7957
f 7918 7957 7917
f 7919 7959 7958
f 7919 7958 7918
f 7920 7960 7959
f 7920 7959 7919
f 7921 7961 7960
f 7921 7960 7920
f 7922 7962 7961
f 7922 7961 7921
f 7923 7963 7962
f 7923 7962 7922
f 7924 7964 7963
f 7924 7963 7923
f 7925 7965 7964
f 7925 7964 7924
f 7926 7966 7965
f 7926 7965 7925
f 7927 7967 7966
f 7927 7966 7926
f 7928 7968 7967
f 7928 7967 7927
f 7929 7969 7968
f 7929 7968 7928
f 7930 7970 7969
f 7930 7969 7929
f 7931 7970 7930
f 7971 7970 7931
f 7932 7971 7931
f 7972 7971 7932
f 7933 7972 7932
f 7973 7972 7933
f 7934 7973 7933
f 7974 7973 7934
f 7935 7974 7934
f 7975 7974 7935
f 7936 7975 7935
f 7976 7975 7936
f 7937 7976 7936
f 7977 7976 7937
f 7938 7977 7937
f 7978 7977 7938
f 7939 7978 7938
f 7979 7978 7939
f 7940 7979 7939
f 7980 7979 7940
f 7941 7980 7940
f 7981 7980 7941
f 7942 7981 7941
f 7942 7982 7981
f 7943 7982 7942
f 7943 7983 7982
f 7944 7983 7943
f 7944 7984 7983
f 7945 7984 7944
f 7945 7985 7984
f 7946 7985 7945
f 7946 7986 7985
f 7947 7986 7946
f 7947 7987 7986
f 7948 7988 7987
f 7948 7987 7947
f 4009 4008 7989
f 4010 4009 7989
f 4012 4010 7989
f 7949 7988 7948
f 4013 7989 7988
f 4013 4012 7989
f 4015 7988 7949
f 4015 4013 7988
f 4017 4015 7949
f 4019 4017 7949
f 4021 4019 7949
f 7951 7990 7991
f 7950 7992 7990
f 7950 7990 7951
f 7952 7992 7950
f 7952 7993 7992
f 7953 7994 7993
f 7953 7993 7952
f 7954 7995 7994
f 7954 7994 7953
f 7955 7996 7995
f 7955 7995 7954
f 7956 7997 7996
f 7956 7996 7955
f 7957 7998 7997
f 7957 7997 7956
f 7958 7999 7998
f 7958 7998 7957
f 7959 8000 7999
f 7959 7999 7958
f 7960 8001 8000
f 7960 8000 7959
f 7961 8002 8001
f 7961 8001 7960
f 7962 8003 8002
f 7962 8002 7961
f 7963 8004 8003
f 7963 8003 7962
f 7964 8005 8004
f 7964 8004 7963
f 7965 8006 8005
f 7965 8005 7964
f 7966 8007 8006
f 7966 8006 7965
f 7967 8008 8007
f 7967 8007 7966
f 7968 8008 7967
f 8009 8008 7968
f 7969 8009 7968
f 8010 8009 7969
f 7970 8010 7969
f 8011 8010 7970
f 7971 8011 7970
f 8012 8011 7971
f 7972 8012 7971
f 8013 8012 7972
f 7973 8014 8013
f 7973 8013 7972
f 7974 8015 8014
f 7974 8014 7973
f 7975 8016 8015
f 7975 8015 7974
f 7976 8017 8016
f 7976 8016 7975
f 7977 8018 8017
f 7977 8017 7976
f 7978 8018 7977
f 7978 8019 8018
f 7979 8019 7978
f 7979 8020 8019
f 7980 8020 7979
f 7980 8021 8020
f 7981 8021 7980
f 7981 8022 8021
f 7982 8022 7981
f 7982 8023 8022
f 7983 8023 7982
f 7983 8024 8023
f 7984 8024 7983
f 7984 8025 8024
f 7985 8025 7984
f 7985 8026 8025
f 7986 8026 7985
f 7986 8027 8026
f 7987 8028 8027
f 7987 8027 7986
f 7987 8029 8028
f 7988 8030 8029
f 7988 8029 7987
f 3998 3997 8030
f 3999 3998 8030
f 4000 3999 8030
f 4002 4000 8030
f 7989 8030 7988
f 7989 4002 8030
f 4004 4002 7989
f 4006 4004 7989
f 4008 4006 7989
f 7990 8031 8032
f 7990 8032 7991
f 7992 8033 8031
f 7992 8031 7990
f 7993 8034 8033
f 7993 8035 8034
f 7993 8033 7992
f 7994 8036 8035
f 7994 8035 7993
f 7995 8037 8036
f 7995 8036 7994
f 7996 8038 8037
f 7996 8037 7995
f 7997 8039 8038
f 7997 8038 7996
f 7998 8040 8039
f 7998 8039 7997
f 7999 8041 8040
f 7999 8040 7998
f 8000 8042 8041
f 8000 8041 7999
f 8001 8043 8042
f 8001 8042 8000
f 8002 8044 8043
f 8002 8045 8044
f 8002 8043 8001
f 8003 8046 8045
f 8003 8045 8002
f 8004 8047 8046
f 8004 8046 8003
f 8005 8048 8047
f 8005 8047 8004
f 8006 8049 8048
f 8006 8048 8005
f 8007 8050 8049
f 8007 8049 8006
f 8008 8051 8050
f 8008 8050 8007
f 8009 8052 8051
f 8009 8051 8008
f 8010 8053 8052
f 8010 8052 8009
f 8011 8054 8053
f 8011 8053 8010
f 8012 8055 8054
f 8012 8054 8011
f 8013 8056 8055
f 8013 8055 8012
f 8014 8057 8056
f 8014 8056 8013
f 8015 8057 8014
f 8058 8057 8015
f 8016 8058 8015
f 8059 8058 8016
f 8017 8059 8016
f 8017 8060 8059
f 8018 8060 8017
f 8018 8061 8060
f 8019 8061 8018
f 8019 8062 8061
f 8020 8062 8019
f 8020 8063 8062
f 8021 8063 8020
f 8021 8064 8063
f 8022 8064 8021
f 8022 8065 8064
f 8023 8065 8022
f 8023 8066 8065
f 8024 8066 8023
f 8024 8067 8066
f 8025 8067 8024
f 8025 8068 8067
f 8026 8069 8068
f 8026 8068 8025
f 8027 8070 8069
f 8027 8069 8026
f 8028 8071 8070
f 8028 8070 8027
f 8029 8072 8071
f 8029 8071 8028
f 3992 3991 8073
f 3993 3992 8073
f 8030 8073 8072
f 8030 8072 8029
f 3994 8073 8030
f 3994 3993 8073
f 3995 3994 8030
f 3996 3995 8030
f 3997 3996 8030
f 8032 8074 8075
f 8031 8074 8032
f 8031 8076 8074
f 8033 8077 8076
f 8033 8076 8031
f 8034 8077 8033
f 8034 8078 8077
f 8035 8079 8078
f 8035 8078 8034
f 8036 8080 8079
f 8036 8079 8035
f 8037 8081 8080
f 8037 8080 8036
f 8038 8082 8081
f 8038 8081 8037
f 8039 8083 8082
f 8039 8082 8038
f 8040 8084 8083
f 8040 8083 8039
f 8041 8085 8084
f 8041 8084 8040
f 8042 8086 8085
f 8042 8085 8041
f 8043 8087 8086
f 8043 8086 8042
f 8044 8088 8087
f 8044 8087 8043
f 8045 8089 8088
f 8045 8088 8044
f 8046 8090 8089
f 8046 8089 8045
f 8047 8091 8090
f 8047 8090 8046
f 8048 8092 8091
f 8048 8091 8047
f 8049 8093 8092
f 8049 8092 8048
f 8050 8093 8049
f 8094 8093 8050
f 8051 8094 8050
f 8095 8094 8051
f 8052 8095 8051
f 8096 8095 8052
f 8053 8096 8052
f 8097 8096 8053
f 8054 8097 8053
f 8098 8097 8054
f 8055 8098 8054
f 8099 8098 8055
f 8056 8099 8055
f 8100 8099 8056
f 8057 8100 8056
f 8101 8100 8057
f 8058 8101 8057
f 8102 8101 8058
f 8059 8102 8058
f 8103 8102 8059
f 8060 8103 8059
f 8104 8103 8060
f 8061 8104 8060
f 8105 8104 8061
f 8062 8105 8061
f 8106 8105 8062
f 8063 8106 8062
f 8107 8106 8063
f 8064 8107 8063
f 8108 8107 8064
f 8065 8108 8064
f 8109 8108 8065
f 8066 8109 8065
f 8066 8110 8109
f 8067 8111 8110
f 8067 8110 8066
f 8068 8112 8111
f 8068 8111 8067
f 8069 8113 8112
f 8069 8112 8068
f 8070 8114 8113
f 8070 8113 8069
f 8071 8115 8114
f 8071 8114 8070
f 8072 8116 8115
f 8072 8115 8071
f 3986 3985 8116
f 3987 3986 8116
f 8073 8116 8072
f 3988 8116 8073
f 3988 3987 8116
f 3989 3988 8073
f 3990 3989 8073
f 3991 3990 8073
f 8075 8117 8118
f 8074 8119 8117
f 8074 8117 8075
f 8076 8119 8074
f 8076 8120 8119
f 8077 8121 8120
f 8077 8120 8076
f 8078 8122 8121
f 8078 8121 8077
f 8079 8123 8122
f 8079 8122 8078
f 8080 8124 8123
f 8080 8123 8079
f 8081 8125 8124
f 8081 8124 8080
f 8082 8126 8125
f 8082 8125 8081
f 8083 8127 8126
f 8083 8126 8082
f 8084 8128 8127
f 8084 8127 8083
f 8085 8129 8128
f 8085 8128 8084
f 8086 8130 8129
f 8086 8129 8085
f 8087 8131 8130
f 8087 8130 8086
f 8088 8132 8131
f 8088 8131 8087
f 8089 8133 8132
f 8089 8132 8088
f 8090 8134 8133
f 8090 8133 8089
f 8091 8135 8134
f 8091 8134 8090
f 8092 8136 8135
f 8092 8135 8091
f 8093 8136 8092
f 8137 8136 8093
f 8094 8137 8093
f 8138 8137 8094
f 8095 8138 8094
f 8139 8138 8095
f 8096 8139 8095
f 8140 8139 8096
f 8097 8140 8096
f 8141 8140 8097
f 8098 8141 8097
f 8142 8141 8098
f 8099 8142 8098
f 8143 8142 8099
f 8100 8143 8099
f 8144 8143 8100
f 8101 8144 8100
f 8145 8144 8101
f 8102 8145 8101
f 8146 8145 8102
f 8103 8146 8102
f 8147 8146 8103
f 8104 8147 8103
f 8148 8147 8104
f 8105 8148 8104
f 8149 8148 8105
f 8106 8149 8105
f 8150 8149 8106
f 8107 8150 8106
f 8151 8150 8107
f 8108 8151 8107
f 8152 8151 8108
f 8109 8152 8108
f 8153 8152 8109
f 8110 8154 8153
f 8110 8153 8109
f 8111 8155 8154
f 8111 8154 8110
f 8112 8156 8155
f 8112 8155 8111
f 8113 8157 8156
f 8113 8156 8112
f 8114 8158 8157
f 8114 8157 8113
f 8115 8159 8158
f 8115 8158 8114
f 3978 3977 8159
f 3979 3978 8159
f 3980 3979 8159
f 8116 8159 8115
f 3981 3980 8159
f 3982 8159 8116
f 3982 3981 8159
f 3983 3982 8116
f 3984 3983 8116
f 3985 3984 8116
f 8117 8160 8161
f 8117 8161 8118
f 8119 8162 8160
f 8119 8160 8117
f 8120 8163 8162
f 8120 8162 8119
f 8121 8164 8163
f 8121 8163 8120
f 8122 8165 8164
f 8122 8164 8121
f 8123 8166 8165
f 8123 8165 8122
f 8124 8167 8166
f 8124 8166 8123
f 8125 8168 8167
f 8125 8167 8124
f 8126 8169 8168
f 8126 8168 8125
f 8127 8170 8169
f 8127 8169 8126
f 8128 8170 8127
f 8128 8171 8170
f 8129 8172 8171
f 8129 8171 8128
f 8130 8173 8172
f 8130 8172 8129
f 8131 8174 8173
f 8131 8173 8130
f 8132 8175 8174
f 8132 8174 8131
f 8133 8176 8175
f 8133 8175 8132
f 8134 8177 8176
f 8134 8176 8133
f 8135 8178 8177
f 8135 8177 8134
f 8136 8179 8178
f 8136 8178 8135
f 8137 8180 8179
f 8137 8179 8136
f 8138 8181 8180
f 8138 8180 8137
f 8139 8182 8181
f 8139 8181 8138
f 8140 8183 8182
f 8140 8182 8139
f 8141 8184 8183
f 8141 8183 8140
f 8142 8185 8184
f 8142 8184 8141
f 8143 8185 8142
f 8143 8186 8185
f 8144 8186 8143
f 8144 8187 8186
f 8145 8187 8144
f 8145 8188 8187
f 8146 8188 8145
f 8146 8189 8188
f 8147 8189 8146
f 8147 8190 8189
f 8148 8190 8147
f 8148 8191 8190
f 8149 8191 8148
f 8149 8192 8191
f 8150 8192 8149
f 8150 8193 8192
f 8151 8193 8150
f 8151 8194 8193
f 8152 8195 8194
f 8152 8194 8151
f 8153 8196 8195
f 8153 8195 8152
f 8154 8197 8196
f 8154 8196 8153
f 8155 8198 8197
f 8155 8197 8154
f 8156 8199 8198
f 8156 8198 8155
f 8157 8200 8199
f 8157 8199 8156
f 8158 8201 8200
f 8158 8200 8157
f 3969 3968 8202
f 3970 3969 8202
f 3971 3970 8202
f 3972 3971 8202
f 8159 8202 8201
f 8159 8201 8158
f 3973 8202 8159
f 3973 3972 8202
f 3974 3973 8159
f 3975 3974 8159
f 3976 3975 8159
f 3977 3976 8159
f 8160 8203 8204
f 8160 8204 8161
f 8162 8205 8203
f 8162 8203 8160
f 8163 8206 8205
f 8163 8205 8162
f 8164 8207 8206
f 8164 8206 8163
f 8165 8208 8207
f 8165 8207 8164
f 8166 8209 8208
f 8166 8208 8165
f 8167 8210 8209
f 8167 8209 8166
f 8168 8211 8210
f 8168 8210 8167
f 8169 8212 8211
f 8169 8211 8168
f 8170 8213 8212
f 8170 8212 8169
f 8171 8214 8213
f 8171 8213 8170
f 8172 8215 8214
f 8172 8214 8171
f 8173 8216 8215
f 8173 8215 8172
f 8174 8217 8216
f 8174 8216 8173
f 8175 8218 8217
f 8175 8217 8174
f 8176 8219 8218
f 8176 8218 8175
f 8177 8220 8219
f 8177 8219 8176
f 8178 8221 8220
f 8178 8220 8177
f 8179 8222 8221
f 8179 8221 8178
f 8180 8223 8222
f 8180 8222 8179
f 8181 8224 8223
f 8181 8223 8180
f 8182 8225 8224
f 8182 8224 8181
f 8183 8226 8225
f 8183 8225 8182
f 8184 8227 8226
f 8184 8226 8183
f 8185 8228 8227
f 8185 8227 8184
f 8186 8229 8228
f 8186 8228 8185
f 8187 8229 8186
f 8187 8230 8229
f 8188 8230 8187
f 8188 8231 8230
f 8189 8231 8188
f 8189 8232 8231
f 8190 8232 8189
f 8190 8233 8232
f 8191 8233 8190
f 8191 8234 8233
f 8192 8234 8191
f 8192 8235 8234
f 8193 8235 8192
f 8193 8236 8235
f 8194 8236 8193
f 8194 8237 8236
f 8195 8237 8194
f 8195 8238 8237
f 8196 8239 8238
f 8196 8238 8195
f 8197 8240 8239
f 8197 8239 8196
f 8198 8241 8240
f 8198 8240 8197
f 8199 8242 8241
f 8199 8241 8198
f 8200 8243 8242
f 8200 8242 8199
f 8201 8244 8243
f 8201 8243 8200
f 3957 3956 8245
f 3959 3957 8245
f 8202 8245 8244
f 8202 8244 8201
f 3961 8245 8202
f 3961 3959 8245
f 3963 3961 8202
f 3965 3963 8202
f 3968 3965 8202
f 8204 8246 8247
f 8203 8248 8246
f 8203 8246 8204
f 8205 8248 8203
f 8205 8249 8248
f 8206 8249 8205
f 8207 8250 8249
f 8207 8249 8206
f 8208 8251 8250
f 8208 8250 8207
f 8209 8252 8251
f 8209 8251 8208
f 8210 8253 8252
f 8210 8252 8209
f 8211 8254 8253
f 8211 8253 8210
f 8212 8255 8254
f 8212 8254 8211
f 8213 8256 8255
f 8213 8255 8212
f 8214 8257 8256
f 8214 8256 8213
f 8215 8258 8257
f 8215 8257 8214
f 8216 8258 8215
f 8217 8259 8258
f 8217 8258 8216
f 8218 8260 8259
f 8218 8259 8217
f 8219 8261 8260
f 8219 8260 8218
f 8220 8262 8261
f 8220 8261 8219
f 8221 8263 8262
f 8221 8262 8220
f 8222 8264 8263
f 8222 8263 8221
f 8223 8265 8264
f 8223 8264 8222
f 8224 8266 8265
f 8224 8265 8223
f 8225 8267 8266
f 8225 8266 8224
f 8226 8267 8225
f 8268 8267 8226
f 8227 8268 8226
f 8269 8268 8227
f 8228 8269 8227
f 8270 8269 8228
f 8229 8270 8228
f 8271 8270 8229
f 8230 8271 8229
f 8272 8271 8230
f 8231 8272 8230
f 8273 8272 8231
f 8232 8273 8231
f 8274 8273 8232
f 8233 8274 8232
f 8275 8274 8233
f 8234 8275 8233
f 8276 8275 8234
f 8235 8276 8234
f 8277 8276 8235
f 8236 8277 8235
f 8236 8278 8277
f 8237 8278 8236
f 8237 8279 8278
f 8238 8279 8237
f 8238 8280 8279
f 8239 8280 8238
f 8239 8281 8280
f 8240 8282 8281
f 8240 8281 8239
f 8241 8283 8282
f 8241 8282 8240
f 8242 8284 8283
f 8242 8283 8241
f 8243 8285 8284
f 8243 8284 8242
f 3947 3945 8286
f 8244 8286 8285
f 8244 8285 8243
f 3949 3947 8286
f 3950 3949 8286
f 8245 8286 8244
f 8245 3950 8286
f 3952 3950 8245
f 3954 3952 8245
f 3956 3954 8245
f 8246 8287 8288
f 8246 8288 8247
f 8248 8287 8246
f 8248 8289 8287
f 8249 8289 8248
f 8249 8290 8289
f 8250 8291 8290
f 8250 8290 8249
f 8251 8292 8291
f 8251 8291 8250
f 8252 8293 8292
f 8252 8292 8251
f 8253 8294 8293
f 8253 8293 8252
f 8254 8295 8294
f 8254 8294 8253
f 8255 8296 8295
f 8255 8295 8254
f 8256 8297 8296
f 8256 8296 8255
f 8257 8298 8297
f 8257 8297 8256
f 8258 8299 8298
f 8258 8298 8257
f 8259 8300 8299
f 8259 8299 8258
f 8260 8301 8300
f 8260 8300 8259
f 8261 8302 8301
f 8261 8301 8260
f 8262 8303 8302
f 8262 8302 8261
f 8263 8304 8303
f 8263 8303 8262
f 8264 8305 8304
f 8264 8304 8263
f 8265 8306 8305
f 8265 8305 8264
f 8266 8307 8306
f 8266 8306 8265
f 8267 8308 8307
f 8267 8307 8266
f 8268 8309 8308
f 8268 8308 8267
f 8269 8309 8268
f 8310 8309 8269
f 8270 8310 8269
f 8311 8310 8270
f 8271 8311 8270
f 8312 8311 8271
f 8272 8312 8271
f 8313 8312 8272
f 8273 8313 8272
f 8314 8313 8273
f 8274 8314 8273
f 8315 8314 8274
f 8275 8315 8274
f 8316 8315 8275
f 8276 8316 8275
f 8317 8316 8276
f 8277 8317 8276
f 8318 8317 8277
f 8278 8318 8277
f 8319 8318 8278
f 8279 8319 8278
f 8279 8320 8319
f 8280 8320 8279
f 8280 8321 8320
f 8281 8321 8280
f 8281 8322 8321
f 8282 8322 8281
f 8282 8323 8322
f 8283 8324 8323
f 8283 8323 8282
f 8284 8324 8283
f 3938 3934 8325
f 8285 8326 8324
f 8285 8324 8284
f 3936 3938 8325
f 3937 3936 8325
f 8286 8325 8326
f 8286 8326 8285
f 8286 3937 8325
f 8286 3940 3937
f 3942 3940 8286
f 3943 3942 8286
f 3945 3943 8286
f 8287 8327 8328
f 8287 8328 8288
f 8289 8329 8327
f 8289 8327 8287
f 8290 8329 8289
f 8290 8330 8329
f 8291 8331 8330
f 8291 8330 8290
f 8292 8332 8331
f 8292 8331 8291
f 8293 8333 8332
f 8293 8332 8292
f 8294 8334 8333
f 8294 8333 8293
f 8295 8335 8334
f 8295 8334 8294
f 8296 8336 8335
f 8296 8335 8295
f 8297 8337 8336
f 8297 8336 8296
f 8298 8338 8337
f 8298 8337 8297
f 8299 8339 8338
f 8299 8338 8298
f 8300 8340 8339
f 8300 8339 8299
f 8301 8341 8340
f 8301 8340 8300
f 8302 8342 8341
f 8302 8341 8301
f 8303 8343 8342
f 8303 8342 8302
f 8304 8344 8343
f 8304 8343 8303
f 8305 8345 8344
f 8305 8344 8304
f 8306 8346 8345
f 8306 8345 8305
f 8307 8347 8346
f 8307 8346 8306
f 8308 8348 8347
f 8308 8347 8307
f 8309 8349 8348
f 8309 8348 8308
f 8310 8350 8349
f 8310 8349 8309
f 8311 8351 8350
f 8311 8350 8310
f 8312 8352 8351
f 8312 8351 8311
f 8313 8353 8352
f 8313 8352 8312
f 8314 8354 8353
f 8314 8353 8313
f 8315 8355 8354
f 8315 8354 8314
f 8316 8355 8315
f 8316 8356 8355
f 8317 8356 8316
f 8317 8357 8356
f 8318 8357 8317
f 8318 8358 8357
f 8319 8358 8318
f 8319 8359 8358
f 8320 8359 8319
f 8320 8360 8359
f 8321 8360 8320
f 8321 8361 8360
f 8322 8361 8321
f 8322 8362 8361
f 8323 8362 8322
f 8323 8363 8362
f 8324 8363 8323
f 8324 8364 8363
f 3924 3922 8365
f 3925 3924 8365
f 3926 3925 8365
f 3928 3926 8365
f 8326 8365 8364
f 8326 8364 8324
f 8326 3928 8365
f 3929 3928 8326
f 8325 3929 8326
f 8325 3931 3929
f 3932 3931 8325
f 3934 3932 8325
f 8327 8366 8367
f 8327 8367 8328
f 8329 8368 8366
f 8329 8366 8327
f 8330 8368 8329
f 8330 8369 8368
f 8331 8370 8369
f 8331 8369 8330
f 8332 8371 8370
f 8332 8370 8331
f 8333 8372 8371
f 8333 8371 8332
f 8334 8373 8372
f 8334 8372 8333
f 8335 8374 8373
f 8335 8373 8334
f 8336 8375 8374
f 8336 8374 8335
f 8337 8376 8375
f 8337 8375 8336
f 8338 8377 8376
f 8338 8376 8337
f 8339 8378 8377
f 8339 8377 8338
f 8340 8379 8378
f 8340 8378 8339
f 8341 8380 8379
f 8341 8379 8340
f 8342 8381 8380
f 8342 8380 8341
f 8343 8382 8381
f 8343 8381 8342
f 8344 8383 8382
f 8344 8382 8343
f 8345 8384 8383
f 8345 8383 8344
f 8346 8385 8384
f 8346 8384 8345
f 8347 8386 8385
f 8347 8385 8346
f 8348 8387 8386
f 8348 8386 8347
f 8349 8387 8348
f 8388 8387 8349
f 8350 8388 8349
f 8389 8388 8350
f 8351 8389 8350
f 8390 8389 8351
f 8352 8390 8351
f 8391 8390 8352
f 8353 8391 8352
f 8392 8391 8353
f 8354 8392 8353
f 8393 8392 8354
f 8355 8393 8354
f 8394 8393 8355
f 8356 8394 8355
f 8357 8394 8356
f 8357 8395 8394
f 8396 8395 8357
f 8358 8396 8357
f 8397 8396 8358
f 8359 8397 8358
f 8360 8397 8359
f 8360 8398 8397
f 8361 8398 8360
f 8361 8399 8398
f 8362 8399 8361
f 8362 8400 8399
f 8363 8400 8362
f 8363 8401 8400
f 3911 3910 8402
f 3913 3911 8402
f 8364 8401 8363
f 8364 8402 8401
f 3914 3913 8402
f 3916 8402 8364
f 3916 3914 8402
f 8365 3916 8364
f 8365 3917 3916
f 3919 3917 8365
f 3920 3919 8365
f 3922 3920 8365
f 8366 8403 8404
f 8366 8404 8367
f 8368 8405 8403
f 8368 8403 8366
f 8369 8406 8405
f 8369 8405 8368
f 8370 8407 8406
f 8370 8406 8369
f 8371 8408 8407
f 8371 8407 8370
f 8372 8409 8408
f 8372 8408 8371
f 8373 8410 8409
f 8373 8409 8372
f 8374 8411 8410
f 8374 8410 8373
f 8375 8412 8411
f 8375 8411 8374
f 8376 8413 8412
f 8376 8412 8375
f 8377 8414 8413
f 8377 8413 8376
f 8378 8415 8414
f 8378 8414 8377
f 8379 8416 8415
f 8379 8415 8378
f 8380 8416 8379
f 8380 8417 8416
f 8381 8417 8380
f 8381 8418 8417
f 8382 8418 8381
f 8382 8419 8418
f 8383 8419 8382
f 8383 8420 8419
f 8384 8420 8383
f 8384 8421 8420
f 8385 8422 8421
f 8385 8421 8384
f 8386 8423 8422
f 8386 8422 8385
f 8387 8424 8423
f 8387 8423 8386
f 8388 8425 8424
f 8388 8424 8387
f 8426 8425 8388
f 8389 8427 8426
f 8389 8428 8429
f 8389 8426 8388
f 8389 8429 8430
f 8389 8430 8431
f 8389 8431 8432
f 8389 8432 8433
f 8389 8433 8427
f 8434 8428 8389
f 8435 8434 8389
f 8436 8435 8389
f 8437 8436 8389
f 8438 8437 8389
f 8439 8438 8389
f 8440 8439 8389
f 8441 8440 8389
f 8442 8441 8389
f 8443 8442 8389
f 8444 8443 8389
f 8445 8444 8389
f 8446 8445 8389
f 8447 8446 8389
f 8448 8447 8389
f 8449 8448 8389
f 8450 8449 8389
f 8451 8450 8389
f 8452 8451 8389
f 8453 8452 8389
f 8454 8453 8389
f 8455 8454 8389
f 8456 8455 8389
f 8390 8456 8389
f 8390 8457 8458
f 8390 8458 8456
f 8459 8457 8390
f 8460 8459 8390
f 8461 8460 8390
f 8391 8462 8463
f 8391 8463 8464
f 8391 8464 8465
f 8391 8465 8466
f 8391 8466 8467
f 8391 8467 8468
f 8391 8468 8469
f 8391 8470 8471
f 8391 8471 8472
f 8391 8472 8473
f 8391 8473 8474
f 8391 8474 8475
f 8391 8475 8476
f 8391 8476 8477
f 8391 8477 8478
f 8391 8478 8479
f 8391 8479 8480
f 8391 8480 8481
f 8391 8481 8482
f 8391 8482 8483
f 8391 8483 8484
f 8391 8484 8485
f 8391 8485 8486
f 8391 8486 8462
f 8487 8470 8391
f 8392 8487 8391
f 8488 8487 8392
f 8393 8488 8392
f 8489 8488 8393
f 8394 8489 8393
f 8490 8489 8394
f 8395 8490 8394
f 8491 8490 8395
f 8396 8492 8491
f 8396 8491 8395
f 8397 8493 8492
f 8397 8492 8396
f 8398 8494 8493
f 8398 8493 8397
f 8399 8495 8494
f 8399 8494 8398
f 8400 8496 8495
f 8400 8495 8399
f 8401 8496 8400
f 8401 8497 8496
f 3897 3895 8497
f 3899 3897 8497
f 3900 3899 8497
f 3902 3900 8497
f 8402 8497 8401
f 8402 3902 8497
f 3903 3902 8402
f 3905 3903 8402
f 3906 3905 8402
f 3908 3906 8402
f 3910 3908 8402
f 8390 8391 8461
f 8461 8391 8498
f 8498 8391 8469
f 8499 8500 8501
f 8499 8502 8500
f 8499 8503 8502
f 8487 8504 8470
f 8487 8505 8504
f 8487 8506 8505
f 8487 8507 8506
f 8487 8508 8507
f 8487 8509 8508
f 8487 8510 8509
f 8487 8511 8510
f 8487 8512 8511
f 8487 8501 8512
f 8487 8499 8501
f 8488 8513 8499
f 8488 8499 8487
f 8489 8514 8513
f 8489 8513 8488
f 8490 8515 8514
f 8490 8514 8489
f 8491 8516 8515
f 8491 8515 8490
f 8492 8517 8516
f 8492 8516 8491
f 8493 8517 8492
f 8493 8518 8517
f 8494 8519 8518
f 8494 8518 8493
f 8495 8520 8519
f 8495 8519 8494
f 3881 3880 8521
f 3885 3881 8521
f 3883 3885 8521
f 8496 8522 8520
f 8496 8520 8495
f 3884 3883 8521
f 3889 3884 8521
f 3887 3889 8521
f 3887 8521 8522
f 8497 8522 8496
f 8497 3887 8522
f 8497 3888 3887
f 3891 3888 8497
f 3892 3891 8497
f 3894 3892 8497
f 3895 3894 8497
f 8523 8524 8525
f 8523 8526 8524
f 8523 8527 8526
f 8523 8528 8527
f 8523 8529 8528
f 8523 8530 8529
f 8523 8531 8530
f 8523 8532 8531
f 8523 8533 8532
f 8523 8534 8533
f 8523 8535 8534
f 8499 8536 8523
f 8499 8537 8503
f 8499 8525 8537
f 8499 8523 8525
f 8513 8536 8499
f 8538 8536 8513
f 8514 8539 8538
f 8514 8538 8513
f 8515 8540 8539
f 8515 8539 8514
f 8516 8541 8540
f 8516 8540 8515
f 8517 8542 8541
f 8517 8541 8516
f 8518 8543 8542
f 8518 8542 8517
f 8519 8543 8518
f 8519 8544 8543
f 8520 8544 8519
f 8520 8545 8544
f 3867 3866 8546
f 3871 3867 8546
f 3869 3871 8546
f 8522 8546 8545
f 8522 8545 8520
f 3870 3869 8546
f 3873 3870 8546
f 3874 8546 8522
f 3874 3873 8546
f 8521 3874 8522
f 8521 3876 3874
f 3877 3876 8521
f 3879 3877 8521
f 3880 3879 8521
f 8547 8548 8549
f 8550 8551 8548
f 8550 8548 8547
f 8552 8553 8551
f 8552 8551 8550
f 8554 8555 8553
f 8554 8553 8552
f 8556 8557 8555
f 8556 8555 8554
f 8558 8559 8557
f 8558 8557 8556
f 8560 8561 8559
f 8560 8559 8558
f 8562 8563 8561
f 8562 8561 8560
f 8564 8565 8563
f 8564 8563 8562
f 8566 8567 8565
f 8566 8565 8564
f 8568 8569 8567
f 8568 8567 8566
f 8570 8571 8569
f 8570 8569 8568
f 8572 8573 8571
f 8572 8571 8570
f 8574 8575 8573
f 8574 8573 8572
f 8576 8577 8575
f 8576 8575 8574
f 8578 8579 8577
f 8578 8577 8576
f 8580 8579 8578
f 8580 8581 8579
f 8582 8581 8580
f 8582 8583 8581
f 8584 8583 8582
f 8584 8585 8583
f 8586 8585 8584
f 8587 8585 8586
f 8588 8587 8586
f 8589 8587 8588
f 8590 8589 8588
f 8591 8589 8590
f 8592 8591 8590
f 8593 8594 8591
f 8593 8591 8592
f 8595 8594 8593
f 8596 8594 8595
f 8597 8594 8596
f 8598 8594 8597
f 8599 8594 8598
f 8600 8594 8599
f 8601 8594 8600
f 8602 8594 8601
f 8603 8594 8602
f 8604 8594 8603
f 8605 8594 8604
f 8606 8594 8605
f 8607 8594 8606
f 8608 8594 8607
f 8609 8594 8608
f 8610 8594 8609
f 8611 8594 8610
f 8612 8594 8611
f 8613 8594 8612
f 8614 8594 8613
f 8615 8594 8614
f 8616 8594 8615
f 8617 8594 8616
f 8617 8616 8618
f 8619 8617 8618
f 8620 8617 8619
f 8621 8617 8620
f 8622 8623 8624
f 8622 8624 8625
f 8622 8625 8626
f 8622 8626 8627
f 8622 8627 8628
f 8622 8629 8630
f 8622 8630 8631
f 8622 8631 8632
f 8622 8632 8633
f 8622 8633 8634
f 8622 8634 8635
f 8622 8635 8636
f 8622 8636 8637
f 8622 8637 8638
f 8622 8638 8639
f 8622 8639 8623
f 8640 8622 8628
f 8641 8622 8640
f 8642 8622 8641
f 8643 8622 8642
f 8644 8622 8643
f 8535 8622 8644
f 8523 8645 8622
f 8523 8622 8535
f 8536 8646 8645
f 8536 8645 8523
f 8538 8647 8646
f 8538 8646 8536
f 8539 8648 8647
f 8539 8647 8538
f 8540 8649 8648
f 8540 8648 8539
f 8541 8650 8649
f 8541 8649 8540
f 8542 8651 8650
f 8542 8650 8541
f 8543 8652 8651
f 8543 8651 8542
f 8544 8653 8652
f 8544 8652 8543
f 8545 8654 8653
f 8545 8653 8544
f 3851 3850 8655
f 3852 3851 8655
f 3856 3852 8655
f 3854 3856 8655
f 8546 8655 8654
f 8546 8654 8545
f 3855 3854 8655
f 3860 3855 8655
f 3858 8655 8546
f 3858 3860 8655
f 3859 3858 8546
f 3862 3859 8546
f 3863 3862 8546
f 3865 3863 8546
f 3866 3865 8546
f 8622 8617 8621
f 8622 8621 8656
f 8622 8656 8629
f 8549 8657 8658
f 8548 8659 8657
f 8548 8657 8549
f 8551 8660 8659
f 8551 8659 8548
f 8553 8660 8551
f 8553 8661 8660
f 8555 8662 8661
f 8555 8661 8553
f 8557 8662 8555
f 8557 8663 8662
f 8559 8664 8663
f 8559 8663 8557
f 8561 8665 8664
f 8561 8664 8559
f 8563 8666 8665
f 8563 8665 8561
f 8565 8667 8666
f 8565 8666 8563
f 8567 8668 8667
f 8567 8667 8565
f 8569 8669 8668
f 8569 8668 8567
f 8571 8670 8669
f 8571 8669 8569
f 8573 8671 8670
f 8573 8670 8571
f 8575 8672 8671
f 8575 8671 8573
f 8577 8673 8672
f 8577 8672 8575
f 8579 8674 8673
f 8579 8673 8577
f 8581 8675 8674
f 8581 8674 8579
f 8583 8676 8675
f 8583 8675 8581
f 8585 8677 8676
f 8585 8676 8583
f 8587 8678 8677
f 8587 8677 8585
f 8589 8679 8678
f 8589 8678 8587
f 8591 8680 8679
f 8591 8679 8589
f 8594 8681 8680
f 8594 8680 8591
f 8617 8682 8681
f 8617 8681 8594
f 8622 8683 8682
f 8622 8682 8617
f 8645 8684 8683
f 8645 8683 8622
f 8646 8685 8684
f 8646 8684 8645
f 8647 8686 8685
f 8647 8685 8646
f 8687 8686 8647
f 8648 8687 8647
f 8649 8687 8648
f 8649 8688 8687
f 8650 8688 8649
f 8650 8689 8688
f 8650 8690 8689
f 8651 8690 8650
f 8651 8691 8690
f 8652 8691 8651
f 8652 8692 8691
f 8653 8692 8652
f 8653 8693 8692
f 8654 8693 8653
f 8654 8694 8693
f 3841 3837 8695
f 8655 8694 8654
f 3839 3841 8695
f 3840 3839 8695
f 3845 3840 8695
f 3843 3845 8695
f 3844 8695 8694
f 3844 8694 8655
f 3844 3843 8695
f 3847 3844 8655
f 3848 3847 8655
f 3850 3848 8655
f 8658 8696 8697
f 8657 8698 8696
f 8657 8696 8658
f 8659 8699 8698
f 8659 8698 8657
f 8660 8699 8659
f 8660 8700 8699
f 8661 8701 8700
f 8661 8700 8660
f 8662 8702 8701
f 8662 8701 8661
f 8663 8703 8702
f 8663 8702 8662
f 8664 8704 8703
f 8664 8703 8663
f 8665 8705 8704
f 8665 8704 8664
f 8666 8706 8705
f 8666 8705 8665
f 8667 8707 8706
f 8667 8706 8666
f 8668 8708 8707
f 8668 8707 8667
f 8669 8709 8708
f 8669 8708 8668
f 8670 8710 8709
f 8670 8709 8669
f 8671 8711 8710
f 8671 8710 8670
f 8672 8712 8711
f 8672 8711 8671
f 8673 8713 8712
f 8673 8712 8672
f 8674 8714 8713
f 8674 8713 8673
f 8675 8715 8714
f 8675 8714 8674
f 8676 8716 8715
f 8676 8715 8675
f 8677 8716 8676
f 8717 8716 8677
f 8678 8717 8677
f 8718 8717 8678
f 8679 8718 8678
f 8719 8718 8679
f 8680 8719 8679
f 8720 8719 8680
f 8681 8720 8680
f 8721 8720 8681
f 8682 8721 8681
f 8722 8721 8682
f 8683 8722 8682
f 8723 8722 8683
f 8684 8723 8683
f 8724 8723 8684
f 8685 8724 8684
f 8725 8724 8685
f 8686 8725 8685
f 8726 8725 8686
f 8687 8726 8686
f 8727 8726 8687
f 8688 8727 8687
f 8688 8728 8727
f 8689 8728 8688
f 8689 8729 8728
f 8690 8729 8689
f 8690 8730 8729
f 8691 8730 8690
f 8691 8731 8730
f 8692 8731 8691
f 8692 8732 8731
f 8693 8732 8692
f 8693 8733 8732
f 8694 8734 8733
f 8694 8733 8693
f 3827 3826 8735
f 3828 3827 8735
f 3830 3828 8735
f 8695 8734 8694
f 3831 8735 8734
f 3831 3830 8735
f 3833 8734 8695
f 3833 3831 8734
f 3834 3833 8695
f 3836 3834 8695
f 3837 3836 8695
f 8697 8736 8737
f 8696 8738 8736
f 8696 8736 8697
f 8698 8738 8696
f 8698 8739 8738
f 8699 8740 8739
f 8699 8739 8698
f 8700 8741 8740
f 8700 8740 8699
f 8701 8742 8741
f 8701 8741 8700
f 8702 8743 8742
f 8702 8742 8701
f 8703 8744 8743
f 8703 8743 8702
f 8704 8745 8744
f 8704 8744 8703
f 8705 8746 8745
f 8705 8745 8704
f 8706 8747 8746
f 8706 8746 8705
f 8707 8748 8747
f 8707 8747 8706
f 8708 8749 8748
f 8708 8748 8707
f 8709 8750 8749
f 8709 8749 8708
f 8710 8751 8750
f 8710 8750 8709
f 8711 8752 8751
f 8711 8751 8710
f 8712 8753 8752
f 8712 8752 8711
f 8713 8754 8753
f 8713 8753 8712
f 8714 8754 8713
f 8755 8754 8714
f 8715 8755 8714
f 8756 8755 8715
f 8716 8756 8715
f 8757 8756 8716
f 8717 8757 8716
f 8758 8757 8717
f 8718 8758 8717
f 8759 8758 8718
f 8719 8760 8759
f 8719 8759 8718
f 8720 8761 8760
f 8720 8760 8719
f 8721 8762 8761
f 8721 8761 8720
f 8722 8763 8762
f 8722 8762 8721
f 8723 8764 8763
f 8723 8763 8722
f 8724 8764 8723
f 8724 8765 8764
f 8725 8765 8724
f 8725 8766 8765
f 8726 8766 8725
f 8726 8767 8766
f 8727 8767 8726
f 8727 8768 8767
f 8728 8768 8727
f 8728 8769 8768
f 8729 8769 8728
f 8729 8770 8769
f 8730 8770 8729
f 8730 8771 8770
f 8731 8771 8730
f 8731 8772 8771
f 8732 8772 8731
f 8732 8773 8772
f 8733 8774 8773
f 8733 8773 8732
f 8733 8775 8774
f 8734 8776 8775
f 8734 8775 8733
f 3817 3815 8776
f 3818 3817 8776
f 3820 3818 8776
f 3821 3820 8776
f 8735 8776 8734
f 8735 3821 8776
f 3823 3821 8735
f 3824 3823 8735
f 3826 3824 8735
f 8736 8777 8778
f 8736 8778 8737
f 8738 8779 8777
f 8738 8777 8736
f 8739 8780 8779
f 8739 8781 8780
f 8739 8779 8738
f 8740 8782 8781
f 8740 8781 8739
f 8741 8783 8782
f 8741 8782 8740
f 8742 8784 8783
f 8742 8783 8741
f 8743 8785 8784
f 8743 8784 8742
f 8744 8786 8785
f 8744 8785 8743
f 8745 8787 8786
f 8745 8786 8744
f 8746 8788 8787
f 8746 8787 8745
f 8747 8789 8788
f 8747 8788 8746
f 8748 8790 8789
f 8748 8791 8790
f 8748 8789 8747
f 8749 8792 8791
f 8749 8791 8748
f 8750 8793 8792
f 8750 8792 8749
f 8751 8794 8793
f 8751 8793 8750
f 8752 8795 8794
f 8752 8794 8751
f 8753 8796 8795
f 8753 8795 8752
f 8754 8797 8796
f 8754 8796 8753
f 8755 8798 8797
f 8755 8797 8754
f 8756 8799 8798
f 8756 8798 8755
f 8757 8800 8799
f 8757 8799 8756
f 8758 8801 8800
f 8758 8800 8757
f 8759 8802 8801
f 8759 8801 8758
f 8760 8803 8802
f 8760 8802 8759
f 8761 8803 8760
f 8804 8803 8761
f 8762 8804 8761
f 8805 8804 8762
f 8763 8805 8762
f 8763 8806 8805
f 8764 8806 8763
f 8764 8807 8806
f 8765 8807 8764
f 8765 8808 8807
f 8766 8808 8765
f 8766 8809 8808
f 8767 8809 8766
f 8767 8810 8809
f 8768 8810 8767
f 8768 8811 8810
f 8769 8811 8768
f 8769 8812 8811
f 8770 8812 8769
f 8770 8813 8812
f 8771 8813 8770
f 8771 8814 8813
f 8772 8815 8814
f 8772 8814 8771
f 8773 8816 8815
f 8773 8815 8772
f 8774 8817 8816
f 8774 8816 8773
f 8775 8818 8817
f 8775 8817 8774
f 3806 3804 8819
f 3808 3806 8819
f 8776 8819 8818
f 8776 8818 8775
f 3810 8819 8776
f 3810 3808 8819
f 3812 3810 8776
f 3814 3812 8776
f 3815 3814 8776
f 8778 8820 8821
f 8777 8820 8778
f 8777 8822 8820
f 8779 8823 8822
f 8779 8822 8777
f 8780 8823 8779
f 8780 8824 8823
f 8781 8825 8824
f 8781 8824 8780
f 8782 8826 8825
f 8782 8825 8781
f 8783 8827 8826
f 8783 8826 8782
f 8784 8828 8827
f 8784 8827 8783
f 8785 8829 8828
f 8785 8828 8784
f 8786 8830 8829
f 8786 8829 8785
f 8787 8831 8830
f 8787 8830 8786
f 8788 8832 8831
f 8788 8831 8787
f 8789 8833 8832
f 8789 8832 8788
f 8790 8834 8833
f 8790 8833 8789
f 8791 8835 8834
f 8791 8834 8790
f 8792 8836 8835
f 8792 8835 8791
f 8793 8837 8836
f 8793 8836 8792
f 8794 8838 8837
f 8794 8837 8793
f 8795 8839 8838
f 8795 8838 8794
f 8796 8839 8795
f 8840 8839 8796
f 8797 8840 8796
f 8841 8840 8797
f 8798 8841 8797
f 8842 8841 8798
f 8799 8842 8798
f 8843 8842 8799
f 8800 8843 8799
f 8844 8843 8800
f 8801 8844 8800
f 8845 8844 8801
f 8802 8845 8801
f 8846 8845 8802
f 8803 8846 8802
f 8847 8846 8803
f 8804 8847 8803
f 8848 8847 8804
f 8805 8848 8804
f 8849 8848 8805
f 8806 8849 8805
f 8850 8849 8806
f 8807 8850 8806
f 8851 8850 8807
f 8808 8851 8807
f 8852 8851 8808
f 8809 8852 8808
f 8853 8852 8809
f 8810 8853 8809
f 8854 8853 8810
f 8811 8854 8810
f 8855 8854 8811
f 8812 8855 8811
f 8812 8856 8855
f 8813 8857 8856
f 8813 8856 8812
f 8814 8858 8857
f 8814 8857 8813
f 8815 8859 8858
f 8815 8858 8814
f 8816 8860 8859
f 8816 8859 8815
f 8817 8861 8860
f 8817 8860 8816
f 8818 8862 8861
f 8818 8861 8817
f 3790 3786 8862
f 3793 3790 8862
f 8819 8862 8818
f 3796 8862 8819
f 3796 3793 8862
f 3799 3796 8819
f 3801 3799 8819
f 3804 3801 8819
f 8821 7371 7374
f 8820 7371 8821
f 8820 7375 7371
f 8822 7377 7375
f 8822 7375 8820
f 8823 7377 8822
f 8823 7379 7377
f 8824 7381 7379
f 8824 7379 8823
f 8825 7383 7381
f 8825 7381 8824
f 8826 7385 7383
f 8826 7383 8825
f 8827 7387 7385
f 8827 7385 8826
f 8828 7389 7387
f 8828 7387 8827
f 8829 7391 7389
f 8829 7389 8828
f 8830 7393 7391
f 8830 7391 8829
f 8831 7395 7393
f 8831 7393 8830
f 8832 7397 7395
f 8832 7395 8831
f 8833 7399 7397
f 8833 7397 8832
f 8834 7401 7399
f 8834 7399 8833
f 8835 7403 7401
f 8835 7401 8834
f 8836 7405 7403
f 8836 7403 8835
f 8837 7407 7405
f 8837 7405 8836
f 8838 7409 7407
f 8838 7407 8837
f 8839 7409 8838
f 7411 7409 8839
f 8840 7411 8839
f 7413 7411 8840
f 8841 7413 8840
f 7415 7413 8841
f 8842 7415 8841
f 7417 7415 8842
f 8843 7417 8842
f 7419 7417 8843
f 8844 7419 8843
f 7421 7419 8844
f 8845 7421 8844
f 7423 7421 8845
f 8846 7423 8845
f 7425 7423 8846
f 8847 7425 8846
f 7427 7425 8847
f 8848 7427 8847
f 7429 7427 8848
f 8849 7429 8848
f 7431 7429 8849
f 8850 7431 8849
f 7433 7431 8850
f 8851 7433 8850
f 7435 7433 8851
f 8852 7435 8851
f 7437 7435 8852
f 8853 7437 8852
f 7439 7437 8853
f 8854 7439 8853
f 7441 7439 8854
f 8855 7441 8854
f 7443 7441 8855
f 8856 7445 7443
f 8856 7443 8855
f 8857 7447 7445
f 8857 7445 8856
f 8858 7449 7447
f 8858 7447 8857
f 8859 7451 7449
f 8859 7449 8858
f 8860 7453 7451
f 8860 7451 8859
f 8861 7456 7453
f 8861 7453 8860
f 3751 3748 7456
f 3759 3751 7456
f 8862 7456 8861
f 3768 7456 8862
f 3768 3759 7456
f 3775 3768 8862
f 3782 3775 8862
f 3786 3782 8862
f 8863 4643 4249
f 8863 4249 4248
f 8863 4248 8864
f 8863 8864 4643
f 8865 8864 4248
f 8865 4248 4247
f 8865 4247 8866
f 8865 8866 8864
f 8867 8866 4247
f 8867 4247 4246
f 8867 4246 8868
f 8867 8868 8866
f 8869 8868 4246
f 8869 4246 4245
f 8869 4245 4283
f 8870 4283 8871
f 8870 8871 8868
f 8870 8869 4283
f 8870 8868 8869
f 8872 8871 4283
f 8872 4283 4284
f 8872 4284 8873
f 8872 8873 8871
f 8874 8873 4284
f 8874 4284 4285
f 8874 4285 8875
f 8874 8875 8873
f 8876 8875 4285
f 8876 4285 4286
f 8876 4286 8877
f 8876 8877 8875
f 8878 8877 4286
f 8878 4286 4287
f 8878 4287 8879
f 8878 8879 8877
f 8880 8879 4287
f 8880 8881 8879
f 8882 4287 4288
f 8882 4288 4303
f 8882 4303 8881
f 8882 8880 4287
f 8882 8881 8880
f 8883 8881 4303
f 8883 4303 4304
f 8883 4304 8884
f 8883 8884 8881
f 8885 8884 4304
f 8885 4304 4305
f 8885 4305 8886
f 8885 8886 8884
f 8887 4305 4306
f 8887 4306 8888
f 8887 8889 4305
f 8887 8890 8889
f 8891 8886 4305
f 8891 4305 8889
f 8891 8889 8890
f 8892 8888 8886
f 8892 8890 8887
f 8892 8886 8891
f 8892 8887 8888
f 8892 8891 8890
f 8893 4306 4307
f 8893 4307 8894
f 8893 8895 4306
f 8893 8896 8895
f 8897 8888 4306
f 8897 4306 8895
f 8897 8895 8896
f 8898 8894 8888
f 8898 8896 8893
f 8898 8888 8897
f 8898 8893 8894
f 8898 8897 8896
f 8899 8900 8901
f 8902 4307 4308
f 8902 8901 4307
f 8902 8899 8901
f 8902 4308 8899
f 8903 8894 4307
f 8903 8904 8894
f 8903 4307 8901
f 8903 8901 8900
f 8903 8905 8904
f 8906 4308 8907
f 8906 8900 8899
f 8906 8907 8905
f 8906 8899 4308
f 8906 8903 8900
f 8906 8905 8903
f 8908 8907 8894
f 8908 8905 8907
f 8908 8894 8904
f 8908 8904 8905
f 8909 4308 4309
f 8909 8910 4308
f 8909 8911 8910
f 8909 4309 8911
f 8912 8907 4308
f 8912 8911 8913
f 8912 8914 8907
f 8912 4308 8910
f 8912 8910 8911
f 8912 8913 8914
f 8915 4309 4651
f 8915 8913 8911
f 8915 8911 4309
f 8915 8914 8913
f 8915 4651 8916
f 8915 8916 8914
f 8917 4651 8907
f 8917 8907 8914
f 8917 8916 4651
f 8917 8914 8916
f 8918 8919 8920
f 4349 8921 4350
f 8920 8921 4349
f 8919 8921 8920
f 4350 8921 8919
f 8922 8923 4349
f 8924 8923 8922
f 4349 8923 8920
f 8920 8923 8918
f 8925 8923 8924
f 4350 8926 4737
f 8918 8926 8919
f 8923 8926 8918
f 8919 8926 4350
f 4737 8926 8925
f 8925 8926 8923
f 4737 8927 8922
f 8922 8927 8924
f 8925 8927 4737
f 8924 8927 8925
f 4348 8928 4349
f 8929 8928 4348
f 8930 8928 8929
f 4349 8928 8930
f 8931 8932 4348
f 8930 8932 8933
f 8934 8932 8931
f 4348 8932 8929
f 8929 8932 8930
f 8933 8932 8934
f 4349 8935 8922
f 8933 8935 8930
f 8922 8935 8936
f 8930 8935 4349
f 8934 8935 8933
f 8936 8935 8934
f 8922 8937 8931
f 8931 8937 8934
f 8936 8937 8922
f 8934 8937 8936
f 4347 8938 4348
f 4348 8938 8931
f 8939 8938 4347
f 8940 8938 8939
f 8941 8942 4347
f 4347 8942 8939
f 8939 8942 8940
f 8931 8943 8941
f 8940 8943 8938
f 8941 8943 8942
f 8938 8943 8931
f 8942 8943 8940
f 4346 8944 4347
f 4347 8944 8941
f 8945 8944 4346
f 8946 8944 8945
f 8947 8948 4346
f 4346 8948 8945
f 8945 8948 8946
f 8941 8949 8947
f 8946 8949 8944
f 8947 8949 8948
f 8944 8949 8941
f 8948 8949 8946
f 8950 8951 4345
f 4345 8951 4346
f 4346 8951 8947
f 8947 8951 8950
f 8952 8953 4344
f 4344 8953 4345
f 4345 8953 8950
f 8950 8953 8952
f 8954 8955 4393
f 8952 8955 8954
f 4393 8956 4342
f 4342 8956 4344
f 4344 8956 8952
f 8955 8956 4393
f 8952 8956 8955
f 8957 8958 4390
f 4390 8958 4393
f 4393 8958 8954
f 8954 8958 8957
f 8959 8960 4391
f 4391 8960 4390
f 4390 8960 8957
f 8957 8960 8959
f 8961 8962 4392
f 4392 8962 4391
f 4391 8962 8959
f 8959 8962 8961
f 8963 8964 4394
f 4394 8964 4392
f 4392 8964 8961
f 8961 8964 8963
f 8965 8966 4410
f 4410 8966 4395
f 4395 8966 4394
f 4394 8967 8963
f 8963 8967 8965
f 8966 8967 4394
f 8965 8967 8966
f 8968 8969 4411
f 4411 8969 4410
f 4410 8969 8965
f 8965 8969 8968
f 8970 8971 4412
f 4412 8971 4411
f 4411 8971 8968
f 8968 8971 8970
f 4747 8972 4413
f 4413 8972 4412
f 4412 8972 8970
f 8970 8972 4747
f 8973 8974 8975
f 5016 8976 5017
f 5016 8975 8976
f 5016 8973 8975
f 8977 8973 5016
f 5021 8977 5016
f 8978 8977 5021
f 5022 8978 5021
f 4437 8978 5022
f 4438 4437 5022
f 8979 8980 8981
f 8979 8982 8980
f 8973 8981 8974
f 8973 8979 8981
f 8983 8979 8973
f 8977 8983 8973
f 8984 8983 8977
f 8978 8984 8977
f 4436 8984 8978
f 4437 4436 8978
f 8985 8986 8987
f 8985 8988 8986
f 8979 8987 8982
f 8979 8985 8987
f 8989 8985 8979
f 8983 8989 8979
f 8990 8989 8983
f 8984 8990 8983
f 4435 8990 8984
f 4436 4435 8984
f 8991 8992 8988
f 8991 8993 8992
f 8991 8994 8993
f 8985 8991 8988
f 8995 8991 8985
f 8989 8995 8985
f 8996 8995 8989
f 8990 8996 8989
f 4434 8996 8990
f 4435 4434 8990
f 8997 8998 8994
f 8997 8999 8998
f 8997 9000 8999
f 8991 8997 8994
f 9001 8997 8991
f 8995 9001 8991
f 9002 9001 8995
f 8996 9002 8995
f 4433 9002 8996
f 4434 4433 8996
f 9003 9004 9000
f 9003 9005 9004
f 9003 9006 9005
f 8997 9003 9000
f 9007 9003 8997
f 9001 9007 8997
f 9008 9007 9001
f 9002 9008 9001
f 4432 9008 9002
f 4433 4432 9002
f 9009 9010 9006
f 9009 9011 9010
f 9009 9012 9011
f 9009 9013 9012
f 9003 9009 9006
f 9014 9009 9003
f 9007 9014 9003
f 9015 9014 9007
f 9008 9015 9007
f 4450 9015 9008
f 4431 4450 9008
f 4432 4431 9008
f 9016 9017 9013
f 9016 9018 9017
f 9016 9019 9018
f 9016 9020 9019
f 9009 9016 9013
f 9021 9016 9009
f 9014 9021 9009
f 9022 9021 9014
f 9015 9022 9014
f 4451 9022 9015
f 4450 4451 9015
f 9023 9024 9020
f 9023 9025 9024
f 9023 9026 9025
f 9023 9027 9026
f 9016 9023 9020
f 9028 9023 9016
f 9021 9028 9016
f 9029 9028 9021
f 9022 9029 9021
f 4452 9029 9022
f 4451 4452 9022
f 9030 9031 9027
f 9030 9032 9031
f 9030 9033 9032
f 9030 9034 9033
f 9023 9030 9027
f 9035 9030 9023
f 9028 9035 9023
f 9036 9035 9028
f 9029 9036 9028
f 4453 9036 9029
f 4452 4453 9029
f 9037 9038 9034
f 9037 9039 9038
f 9037 9040 9039
f 9037 9041 9040
f 9037 9042 9041
f 9030 9037 9034
f 9043 9037 9030
f 9035 9043 9030
f 9044 9043 9035
f 9036 9044 9035
f 4454 9044 9036
f 4453 4454 9036
f 5289 9045 9042
f 5289 9046 9045
f 5289 9047 9046
f 5289 9048 9047
f 5289 9049 9048
f 5289 9050 9049
f 5289 9051 9050
f 5289 9052 9051
f 5289 9053 9052
f 5289 9054 9053
f 5289 5288 9054
f 9037 5289 9042
f 5291 5289 9037
f 9043 5291 9037
f 5293 5291 9043
f 9044 5293 9043
f 5295 5293 9044
f 4454 4455 5295
f 4454 5295 9044
f 9055 9056 9057
f 9058 4568 4570
f 9058 9059 9060
f 9058 9060 4568
f 9058 4570 9059
f 9061 4675 4568
f 9061 9060 9059
f 9061 4568 9060
f 9061 9056 4675
f 9061 9057 9056
f 9062 4570 9063
f 9062 9063 9055
f 9062 9059 4570
f 9062 9055 9057
f 9062 9061 9059
f 9062 9057 9061
f 9064 9063 4675
f 9064 9055 9063
f 9064 4675 9056
f 9064 9056 9055
f 9065 9066 9067
f 9068 4570 4571
f 9068 9065 9067
f 9068 9067 4570
f 9068 4571 9065
f 9069 9063 4570
f 9069 9070 9063
f 9069 4570 9067
f 9069 9067 9066
f 9071 4571 9072
f 9071 9072 9073
f 9071 9066 9065
f 9071 9070 9069
f 9071 9065 4571
f 9071 9073 9070
f 9071 9069 9066
f 9074 9072 9063
f 9074 9073 9072
f 9074 9063 9070
f 9074 9070 9073
f 9075 9076 9077
f 9078 4571 4573
f 9078 9079 4571
f 9078 9080 9079
f 9078 4573 9080
f 9081 9072 4571
f 9081 4571 9079
f 9081 9076 9072
f 9081 9077 9076
f 9082 4573 9083
f 9082 9083 9075
f 9082 9079 9080
f 9082 9080 4573
f 9082 9075 9077
f 9082 9077 9081
f 9082 9081 9079
f 9084 9083 9072
f 9084 9075 9083
f 9084 9072 9076
f 9084 9076 9075
f 9085 9086 9087
f 9088 4573 4576
f 9088 9089 9090
f 9088 9090 4573
f 9088 4576 9089
f 9091 9083 4573
f 9091 4573 9090
f 9091 9086 9083
f 9091 9087 9086
f 9092 4576 9093
f 9092 9090 9089
f 9092 9093 9085
f 9092 9091 9090
f 9092 9089 4576
f 9092 9085 9087
f 9092 9087 9091
f 9094 9093 9083
f 9094 9085 9093
f 9094 9083 9086
f 9094 9086 9085
f 9095 9096 9097
f 9098 4576 4577
f 9098 9099 4576
f 9098 9100 9099
f 9098 4577 9100
f 9101 9093 4576
f 9101 9096 9093
f 9101 4576 9099
f 9101 9099 9100
f 9101 9097 9096
f 9102 4577 9103
f 9102 9103 9095
f 9102 9100 4577
f 9102 9095 9097
f 9102 9101 9100
f 9102 9097 9101
f 9104 9103 9093
f 9104 9095 9103
f 9104 9093 9096
f 9104 9096 9095
f 9105 9106 9107
f 9108 4577 4579
f 9108 9109 4577
f 9108 9110 9109
f 9108 4579 9110
f 9111 9103 4577
f 9111 4577 9109
f 9111 9106 9103
f 9111 9107 9106
f 9112 4579 9113
f 9112 9113 9105
f 9112 9109 9110
f 9112 9110 4579
f 9112 9105 9107
f 9112 9107 9111
f 9112 9111 9109
f 9114 9113 9103
f 9114 9105 9113
f 9114 9103 9106
f 9114 9106 9105
f 9115 4579 4581
f 9115 9116 9117
f 9115 9117 4579
f 9115 4581 9116
f 9118 9113 4579
f 9118 9117 9116
f 9118 9116 9119
f 9118 4579 9117
f 9118 9120 9113
f 9118 9119 9120
f 9121 4581 9122
f 9121 9122 9123
f 9121 9119 9116
f 9121 9116 4581
f 9121 9120 9119
f 9121 9123 9120
f 9124 9122 9113
f 9124 9123 9122
f 9124 9113 9120
f 9124 9120 9123
f 9125 4581 4583
f 9125 9126 4581
f 9125 9127 9126
f 9128 9122 4581
f 9128 4581 9126
f 9128 9126 9127
f 9129 4583 9130
f 9129 9130 9122
f 9129 9122 9128
f 9129 9127 9125
f 9129 9125 4583
f 9129 9128 9127
f 9131 9130 4583
f 9132 4583 4585
f 9132 9131 4583
f 9132 9133 9131
f 9134 9130 9131
f 9134 9131 9133
f 9135 4585 9136
f 9135 9136 9130
f 9135 9130 9134
f 9135 9133 9132
f 9135 9132 4585
f 9135 9134 9133
f 9137 4585 4587
f 9137 4587 9138
f 9137 9138 9136
f 9137 9136 4585
f 9139 4587 4589
f 9139 4589 9140
f 9139 9140 9138
f 9139 9138 4587
f 9141 4589 4592
f 9141 4592 9142
f 9141 9142 9140
f 9141 9140 4589
f 9143 4592 4594
f 9143 4594 9144
f 9143 9144 9142
f 9143 9142 4592
f 9145 4594 4595
f 9145 4595 9146
f 9145 9146 9144
f 9145 9144 4594
f 9147 4595 4597
f 9147 9146 4595
f 9148 4597 4596
f 9148 9147 4597
f 9149 4596 4593
f 9149 4593 9150
f 9149 9150 9148
f 9149 9148 4596
f 9151 4593 4591
f 9151 4591 9152
f 9151 9152 9150
f 9151 9150 4593
f 9153 4591 4590
f 9153 4590 9154
f 9153 9154 9152
f 9153 9152 4591
f 9155 4590 4588
f 9155 4588 9156
f 9155 9156 9154
f 9155 9154 4590
f 9157 4588 4586
f 9157 4586 9158
f 9157 9158 9156
f 9157 9156 4588
f 9159 9158 4586
f 9160 4586 4584
f 9160 9159 4586
f 9160 9161 9159
f 9162 9158 9159
f 9162 9159 9161
f 9163 4584 9164
f 9163 9164 9158
f 9163 9158 9162
f 9163 9161 9160
f 9163 9160 4584
f 9163 9162 9161
f 9165 4584 4582
f 9165 9166 4584
f 9165 9167 9166
f 9168 9164 4584
f 9168 4584 9166
f 9168 9166 9167
f 9169 4582 9170
f 9169 9170 9164
f 9169 9164 9168
f 9169 9167 9165
f 9169 9165 4582
f 9169 9168 9167
f 9171 4582 4580
f 9171 9172 9173
f 9171 9173 4582
f 9171 4580 9172
f 9174 4580 9175
f 9174 9173 9172
f 9174 9176 9173
f 9174 9175 9177
f 9174 9172 4580
f 9174 9177 9176
f 9178 9170 4582
f 9178 9179 9170
f 9178 4582 9173
f 9178 9173 9176
f 9178 9176 9177
f 9178 9177 9179
f 9180 9175 9170
f 9180 9170 9179
f 9180 9177 9175
f 9180 9179 9177
f 9181 9182 9183
f 9184 4580 4578
f 9184 9185 4580
f 9184 9186 9185
f 9184 4578 9186
f 9187 9175 4580
f 9187 4580 9185
f 9187 9185 9186
f 9187 9182 9175
f 9187 9183 9182
f 9188 4578 9189
f 9188 9187 9186
f 9188 9189 9181
f 9188 9186 4578
f 9188 9181 9183
f 9188 9183 9187
f 9190 9189 9175
f 9190 9175 9182
f 9190 9181 9189
f 9190 9182 9181
f 9191 4578 4575
f 9191 9192 4578
f 9191 9193 9192
f 9191 4575 9193
f 9194 4575 9195
f 9194 9195 9196
f 9194 9192 9193
f 9194 9197 9192
f 9194 9193 4575
f 9194 9196 9197
f 9198 9189 4578
f 9198 9199 9189
f 9198 4578 9192
f 9198 9192 9197
f 9198 9196 9199
f 9198 9197 9196
f 9200 9195 9189
f 9200 9196 9195
f 9200 9189 9199
f 9200 9199 9196
f 9201 9202 9203
f 9204 4575 4574
f 9204 9205 4575
f 9204 9206 9205
f 9204 4574 9206
f 9207 9195 4575
f 9207 4575 9205
f 9207 9202 9195
f 9207 9203 9202
f 9208 4574 9209
f 9208 9205 9206
f 9208 9209 9201
f 9208 9206 4574
f 9208 9201 9203
f 9208 9203 9207
f 9208 9207 9205
f 9210 9209 9195
f 9210 9195 9202
f 9210 9201 9209
f 9210 9202 9201
f 9211 9212 9213
f 9214 4574 4572
f 9214 9215 4574
f 9214 9216 9215
f 9214 4572 9216
f 9217 9209 4574
f 9217 4574 9215
f 9217 9212 9209
f 9217 9213 9212
f 9218 4572 9219
f 9218 9219 9211
f 9218 9215 9216
f 9218 9216 4572
f 9218 9211 9213
f 9218 9213 9217
f 9218 9217 9215
f 9220 9219 9209
f 9220 9211 9219
f 9220 9209 9212
f 9220 9212 9211
f 9221 9222 9223
f 9224 4572 4569
f 9224 9225 4572
f 9224 9226 9225
f 9224 4569 9226
f 9227 9219 4572
f 9227 4572 9225
f 9227 9225 9226
f 9227 9222 9219
f 9227 9223 9222
f 9228 4569 9229
f 9228 9229 9221
f 9228 9227 9226
f 9228 9226 4569
f 9228 9221 9223
f 9228 9223 9227
f 9230 9229 9219
f 9230 9221 9229
f 9230 9219 9222
f 9230 9222 9221
f 9231 9232 9233
f 9234 4569 4567
f 9234 9235 9236
f 9234 9236 4569
f 9234 4567 9235
f 9237 9229 4569
f 9237 4569 9236
f 9237 9232 9229
f 9237 9233 9232
f 9238 4567 9239
f 9238 9236 9235
f 9238 9239 9231
f 9238 9237 9236
f 9238 9235 4567
f 9238 9231 9233
f 9238 9233 9237
f 9240 9239 9229
f 9240 9231 9239
f 9240 9229 9232
f 9240 9232 9231
f 9241 9242 9243
f 9244 4567 4566
f 9244 9245 4567
f 9244 9246 9245
f 9244 4566 9246
f 9247 9239 4567
f 9247 4567 9245
f 9247 9242 9239
f 9247 9243 9242
f 9248 4566 9249
f 9248 9249 9241
f 9248 9245 9246
f 9248 9246 4566
f 9248 9241 9243
f 9248 9243 9247
f 9248 9247 9245
f 9250 9249 9239
f 9250 9241 9249
f 9250 9239 9242
f 9250 9242 9241
f 9251 9252 9253
f 9254 4566 4565
f 9254 9255 4566
f 9254 9256 9255
f 9254 4565 9256
f 9257 9249 4566
f 9257 4566 9255
f 9257 9252 9249
f 9257 9253 9252
f 9258 4565 4606
f 9258 4606 9251
f 9258 9255 9256
f 9258 9256 4565
f 9258 9251 9253
f 9258 9253 9257
f 9258 9257 9255
f 9259 4606 9249
f 9259 9251 4606
f 9259 9249 9252
f 9259 9252 9251
f 8873 8875 8871
f 8871 8877 8868
f 8875 8877 8871
f 8868 8879 8866
f 8877 8879 8868
f 8866 8881 8864
f 8864 8881 4643
f 8879 8881 8866
f 8881 8884 4643
f 4643 8886 4640
f 4640 8886 4633
f 8884 8886 4643
f 4633 8888 4623
f 8886 8888 4633
f 4623 8894 4613
f 8888 8894 4623
f 8894 8907 4613
f 4613 4651 4602
f 4602 4651 4606
f 8907 4651 4613
f 4651 4655 4606
f 4655 4665 4606
f 4606 4665 9249
f 4665 4675 9249
f 9249 4675 9239
f 9239 4675 9229
f 4675 9063 9229
f 9229 9063 9219
f 9063 9072 9219
f 9219 9083 9209
f 9072 9083 9219
f 9209 9093 9195
f 9195 9093 9189
f 9083 9093 9209
f 9189 9103 9175
f 9093 9103 9189
f 9103 9113 9175
f 9175 9122 9170
f 9113 9122 9175
f 9122 9164 9170
f 9122 9130 9164
f 9164 9136 9158
f 9130 9136 9164
f 9136 9156 9158
f 9136 9138 9156
f 9138 9154 9156
f 9138 9140 9154
f 9154 9142 9152
f 9140 9142 9154
f 9152 9144 9150
f 9142 9144 9152
f 9150 9146 9148
f 9144 9146 9150
f 9146 9147 9148
f 9260 9261 9262
f 4681 9263 4683
f 9264 9263 9265
f 9265 9263 4681
f 4683 9263 9264
f 4719 9266 4681
f 9265 9266 9264
f 4681 9266 9265
f 9260 9266 4719
f 9262 9266 9260
f 4683 9267 9268
f 9268 9267 9261
f 9264 9267 4683
f 9261 9267 9262
f 9266 9267 9264
f 9262 9267 9266
f 9268 9269 4719
f 9261 9269 9268
f 4719 9269 9260
f 9260 9269 9261
f 9270 9271 9272
f 4683 9273 4684
f 9271 9273 9272
f 9272 9273 4683
f 4684 9273 9271
f 9268 9274 4683
f 9275 9274 9268
f 4683 9274 9272
f 9272 9274 9270
f 4684 9276 9277
f 9277 9276 9278
f 9270 9276 9271
f 9275 9276 9274
f 9271 9276 4684
f 9278 9276 9275
f 9274 9276 9270
f 9277 9279 9268
f 9278 9279 9277
f 9268 9279 9275
f 9275 9279 9278
f 9280 9281 9282
f 4684 9283 4686
f 9284 9283 4684
f 9285 9283 9284
f 4686 9283 9285
f 9277 9286 4684
f 4684 9286 9284
f 9280 9286 9277
f 9282 9286 9280
f 4686 9287 9288
f 9288 9287 9281
f 9284 9287 9285
f 9285 9287 4686
f 9281 9287 9282
f 9282 9287 9286
f 9286 9287 9284
f 9288 9289 9277
f 9281 9289 9288
f 9277 9289 9280
f 9280 9289 9281
f 9290 9291 9292
f 4686 9293 4688
f 9294 9293 9295
f 9295 9293 4686
f 4688 9293 9294
f 9288 9296 4686
f 4686 9296 9295
f 9290 9296 9288
f 9292 9296 9290
f 4688 9297 9298
f 9295 9297 9294
f 9298 9297 9291
f 9296 9297 9295
f 9294 9297 4688
f 9291 9297 9292
f 9292 9297 9296
f 9298 9299 9288
f 9291 9299 9298
f 9288 9299 9290
f 9290 9299 9291
f 9300 9301 9302
f 4688 9303 4690
f 9304 9303 4688
f 9305 9303 9304
f 4690 9303 9305
f 9298 9306 4688
f 9300 9306 9298
f 4688 9306 9304
f 9304 9306 9305
f 9302 9306 9300
f 4690 9307 9308
f 9308 9307 9301
f 9305 9307 4690
f 9301 9307 9302
f 9306 9307 9305
f 9302 9307 9306
f 9308 9309 9298
f 9301 9309 9308
f 9298 9309 9300
f 9300 9309 9301
f 9310 9311 9312
f 4690 9313 4692
f 9314 9313 4690
f 9315 9313 9314
f 4692 9313 9315
f 9308 9316 4690
f 4690 9316 9314
f 9310 9316 9308
f 9312 9316 9310
f 4692 9317 9318
f 9318 9317 9311
f 9314 9317 9315
f 9315 9317 4692
f 9311 9317 9312
f 9312 9317 9316
f 9316 9317 9314
f 9318 9319 9308
f 9311 9319 9318
f 9308 9319 9310
f 9310 9319 9311
f 4692 9320 4695
f 9321 9320 9322
f 9322 9320 4692
f 4695 9320 9321
f 9318 9323 4692
f 9322 9323 9321
f 9321 9323 9324
f 4692 9323 9322
f 9325 9323 9318
f 9324 9323 9325
f 4695 9326 9327
f 9327 9326 9328
f 9324 9326 9321
f 9321 9326 4695
f 9325 9326 9324
f 9328 9326 9325
f 9327 9329 9318
f 9328 9329 9327
f 9318 9329 9325
f 9325 9329 9328
f 4695 9330 4696
f 9331 9330 4695
f 9332 9330 9331
f 9327 9333 4695
f 4695 9333 9331
f 9331 9333 9332
f 4696 9334 9335
f 9335 9334 9327
f 9327 9334 9333
f 9332 9334 9330
f 9330 9334 4696
f 9333 9334 9332
f 9335 9336 4696
f 4696 9337 4698
f 9336 9337 4696
f 9338 9337 9336
f 9335 9339 9336
f 9336 9339 9338
f 4698 9340 9341
f 9341 9340 9335
f 9335 9340 9339
f 9338 9340 9337
f 9337 9340 4698
f 9339 9340 9338
f 4698 9342 4700
f 4700 9342 9343
f 9343 9342 9341
f 9341 9342 4698
f 4700 9344 4702
f 4702 9344 9345
f 9345 9344 9343
f 9343 9344 4700
f 4702 9346 4705
f 4705 9346 9347
f 9347 9346 9345
f 9345 9346 4702
f 4705 9348 4707
f 4707 9348 9349
f 9349 9348 9347
f 9347 9348 4705
f 4707 9350 4709
f 4709 9350 9351
f 9351 9350 9349
f 9349 9350 4707
f 4709 9352 4710
f 9351 9352 4709
f 4710 9353 4708
f 9352 9353 4710
f 4708 9354 4706
f 4706 9354 9355
f 9355 9354 9353
f 9353 9354 4708
f 4706 9356 4704
f 4704 9356 9357
f 9357 9356 9355
f 9355 9356 4706
f 4704 9358 4703
f 4703 9358 9359
f 9359 9358 9357
f 9357 9358 4704
f 4703 9360 4701
f 4701 9360 9361
f 9361 9360 9359
f 9359 9360 4703
f 4701 9362 4699
f 4699 9362 9363
f 9363 9362 9361
f 9361 9362 4701
f 9363 9364 4699
f 4699 9365 4697
f 9364 9365 4699
f 9366 9365 9364
f 9363 9367 9364
f 9364 9367 9366
f 4697 9368 9369
f 9369 9368 9363
f 9363 9368 9367
f 9366 9368 9365
f 9365 9368 4697
f 9367 9368 9366
f 4697 9370 4694
f 9371 9370 4697
f 9372 9370 9371
f 9369 9373 4697
f 4697 9373 9371
f 9371 9373 9372
f 4694 9374 9375
f 9375 9374 9369
f 9369 9374 9373
f 9372 9374 9370
f 9370 9374 4694
f 9373 9374 9372
f 4694 9376 4693
f 9377 9376 9378
f 9378 9376 4694
f 4693 9376 9377
f 4693 9379 9380
f 9378 9379 9377
f 9381 9379 9378
f 9380 9379 9382
f 9377 9379 4693
f 9382 9379 9381
f 9375 9383 4694
f 9384 9383 9375
f 4694 9383 9378
f 9378 9383 9381
f 9381 9383 9382
f 9382 9383 9384
f 9380 9385 9375
f 9375 9385 9384
f 9382 9385 9380
f 9384 9385 9382
f 9386 9387 9388
f 4693 9389 4691
f 9390 9389 4693
f 9391 9389 9390
f 4691 9389 9391
f 9380 9392 4693
f 4693 9392 9390
f 9390 9392 9391
f 9386 9392 9380
f 9388 9392 9386
f 4691 9393 9394
f 9392 9393 9391
f 9394 9393 9387
f 9391 9393 4691
f 9387 9393 9388
f 9388 9393 9392
f 9394 9395 9380
f 9380 9395 9386
f 9387 9395 9394
f 9386 9395 9387
f 4691 9396 4689
f 9397 9396 4691
f 9398 9396 9397
f 4689 9396 9398
f 4689 9399 9400
f 9400 9399 9401
f 9397 9399 9398
f 9402 9399 9397
f 9398 9399 4689
f 9401 9399 9402
f 9394 9403 4691
f 9404 9403 9394
f 4691 9403 9397
f 9397 9403 9402
f 9401 9403 9404
f 9402 9403 9401
f 9400 9405 9394
f 9401 9405 9400
f 9394 9405 9404
f 9404 9405 9401
f 9406 9407 9408
f 4689 9409 4687
f 9410 9409 4689
f 9411 9409 9410
f 4687 9409 9411
f 9400 9412 4689
f 4689 9412 9410
f 9406 9412 9400
f 9408 9412 9406
f 4687 9413 9414
f 9410 9413 9411
f 9414 9413 9407
f 9411 9413 4687
f 9407 9413 9408
f 9408 9413 9412
f 9412 9413 9410
f 9414 9415 9400
f 9400 9415 9406
f 9407 9415 9414
f 9406 9415 9407
f 9416 9417 9418
f 4687 9419 4685
f 9420 9419 4687
f 9421 9419 9420
f 4685 9419 9421
f 9414 9422 4687
f 4687 9422 9420
f 9416 9422 9414
f 9418 9422 9416
f 4685 9423 9424
f 9424 9423 9417
f 9420 9423 9421
f 9421 9423 4685
f 9417 9423 9418
f 9418 9423 9422
f 9422 9423 9420
f 9424 9425 9414
f 9417 9425 9424
f 9414 9425 9416
f 9416 9425 9417
f 9426 9427 9428
f 4685 9429 4682
f 9430 9429 4685
f 9431 9429 9430
f 4682 9429 9431
f 9424 9432 4685
f 4685 9432 9430
f 9430 9432 9431
f 9426 9432 9424
f 9428 9432 9426
f 4682 9433 9434
f 9434 9433 9427
f 9432 9433 9431
f 9431 9433 4682
f 9427 9433 9428
f 9428 9433 9432
f 9434 9435 9424
f 9427 9435 9434
f 9424 9435 9426
f 9426 9435 9427
f 9436 9437 9438
f 4682 9439 4680
f 9440 9439 9441
f 9441 9439 4682
f 4680 9439 9440
f 9434 9442 4682
f 4682 9442 9441
f 9436 9442 9434
f 9438 9442 9436
f 4680 9443 9444
f 9441 9443 9440
f 9444 9443 9437
f 9442 9443 9441
f 9440 9443 4680
f 9437 9443 9438
f 9438 9443 9442
f 9444 9445 9434
f 9437 9445 9444
f 9434 9445 9436
f 9436 9445 9437
f 9446 9447 9448
f 4680 9449 4679
f 9450 9449 4680
f 9451 9449 9450
f 4679 9449 9451
f 9444 9452 4680
f 4680 9452 9450
f 9446 9452 9444
f 9448 9452 9446
f 4679 9453 9454
f 9454 9453 9447
f 9450 9453 9451
f 9451 9453 4679
f 9447 9453 9448
f 9448 9453 9452
f 9452 9453 9450
f 9454 9455 9444
f 9447 9455 9454
f 9444 9455 9446
f 9446 9455 9447
f 9456 9457 9458
f 4679 9459 4678
f 9460 9459 4679
f 9461 9459 9460
f 4678 9459 9461
f 9454 9462 4679
f 4679 9462 9460
f 9456 9462 9454
f 9458 9462 9456
f 4678 9463 4787
f 4787 9463 9457
f 9460 9463 9461
f 9461 9463 4678
f 9457 9463 9458
f 9458 9463 9462
f 9462 9463 9460
f 4787 9464 9454
f 9457 9464 4787
f 9454 9464 9456
f 9456 9464 9457
f 8959 8961 8963
f 8957 8963 8965
f 8957 8959 8963
f 8954 8965 8968
f 8954 8957 8965
f 8952 8968 8970
f 8952 8970 4747
f 8952 8954 8968
f 8950 8952 4747
f 8947 4747 4744
f 8947 4744 4749
f 8947 8950 4747
f 8941 4749 4755
f 8941 8947 4749
f 8931 4755 4767
f 8931 8941 4755
f 8922 8931 4767
f 4737 4767 4777
f 4737 4777 4787
f 4737 8922 4767
f 4725 4737 4787
f 4714 4725 4787
f 4714 4787 9454
f 4719 4714 9454
f 4719 9454 9444
f 4719 9444 9434
f 9268 4719 9434
f 9268 9434 9424
f 9277 9268 9424
f 9288 9424 9414
f 9288 9277 9424
f 9298 9414 9400
f 9298 9400 9394
f 9298 9288 9414
f 9308 9394 9380
f 9308 9298 9394
f 9318 9308 9380
f 9327 9380 9375
f 9327 9318 9380
f 9369 9327 9375
f 9335 9327 9369
f 9341 9369 9363
f 9341 9335 9369
f 9361 9341 9363
f 9343 9341 9361
f 9359 9343 9361
f 9345 9343 9359
f 9347 9359 9357
f 9347 9345 9359
f 9349 9357 9355
f 9349 9347 9357
f 9351 9355 9353
f 9351 9349 9355
f 9352 9351 9353
f 9465 4828 4827
f 9465 4829 4828
f 9465 4831 4829
f 9466 4825 4823
f 9466 4826 4825
f 9466 4827 4826
f 9466 9465 4827
f 9467 4820 4819
f 9467 4822 4820
f 9467 4823 4822
f 9467 9466 4823
f 9468 4815 4813
f 9468 4817 4815
f 9468 4819 4817
f 9468 9467 4819
f 9469 4814 4816
f 9469 4813 4814
f 9469 9468 4813
f 9470 4818 4821
f 9470 4816 4818
f 9470 9469 4816
f 9471 4821 4824
f 9471 9470 4821
f 9472 4830 4836
f 9472 4824 4830
f 9472 9471 4824
f 9473 4836 4838
f 9473 9472 4836
f 9474 4838 4839
f 9474 9473 4838
f 9475 9474 4839
f 9475 4839 4840
f 9476 9475 4840
f 9476 4840 4841
f 9477 4841 9478
f 9477 9476 4841
f 9479 9477 9478
f 9480 9478 9481
f 9480 9479 9478
f 9482 9480 9481
f 9483 9481 9484
f 9483 9482 9481
f 9485 9483 9484
f 9486 9484 9487
f 9486 9485 9484
f 9488 9486 9487
f 9489 9487 9490
f 9489 9488 9487
f 9491 9489 9490
f 9492 9491 9490
f 9493 9492 9490
f 9494 9490 9495
f 9494 9493 9490
f 9496 9494 9495
f 9497 9496 9495
f 9498 9497 9495
f 9499 9495 9500
f 9499 9498 9495
f 9501 9499 9500
f 9502 9501 9500
f 9503 9502 9500
f 9504 9503 9500
f 9505 9504 9500
f 9506 9500 9507
f 9506 9505 9500
f 9508 9506 9507
f 9509 9508 9507
f 9510 9509 9507
f 9511 9510 9507
f 9512 9511 9507
f 9513 9512 9507
f 9514 9513 9507
f 9514 9507 9515
f 9516 9514 9515
f 9517 9516 9515
f 9518 9517 9515
f 9519 9518 9515
f 9520 9519 9515
f 9521 9520 9515
f 9521 9515 9522
f 9523 9521 9522
f 9524 9523 9522
f 9525 9524 9522
f 9526 9525 9522
f 9527 9526 9522
f 9528 9527 9522
f 9528 9522 9529
f 9530 9528 9529
f 9531 9530 9529
f 9532 9531 9529
f 9533 9532 9529
f 9534 9533 9529
f 9535 9529 9536
f 9535 9534 9529
f 9537 9535 9536
f 9538 9537 9536
f 9539 9538 9536
f 9540 9539 9536
f 9541 9540 9536
f 9542 9536 9543
f 9542 9541 9536
f 9544 9542 9543
f 9545 9544 9543
f 9546 9545 9543
f 9547 9546 9543
f 9548 9547 9543
f 9549 9548 9543
f 9550 9549 9543
f 9551 9549 9550
f 9552 9551 9550
f 9553 9552 9550
f 9554 9553 9550
f 9555 9554 9550
f 9556 9555 9550
f 9557 9556 9550
f 9558 9556 9557
f 9559 9558 9557
f 9560 9559 9557
f 9561 9560 9557
f 9562 9561 9557
f 9563 9562 9557
f 9564 9562 9563
f 9565 9564 9563
f 9566 9565 9563
f 9567 9566 9563
f 9568 9567 9563
f 9569 9568 9563
f 9570 9568 9569
f 9571 9570 9569
f 9572 9571 9569
f 9573 9572 9569
f 9574 9573 9569
f 9575 9573 9574
f 9576 9575 9574
f 9577 9576 9574
f 9578 9577 9574
f 9578 9574 9579
f 9580 9578 9579
f 9581 9580 9579
f 9581 9579 9582
f 9583 9581 9582
f 9584 9583 9582
f 9584 9582 9585
f 9586 9584 9585
f 9587 9586 9585
f 9587 9585 9588
f 9589 9587 9588
f 9590 9588 9591
f 9590 9589 9588
f 9592 9591 9593
f 9592 9590 9591
f 9594 9592 9593
f 9595 9593 9596
f 9595 9594 9593
f 9597 9596 9598
f 9597 9595 9596
f 9599 9598 9600
f 9599 9600 9601
f 9599 9597 9598
f 9602 9601 9603
f 9602 9599 9601
f 9604 9603 9605
f 9604 9602 9603
f 9606 9604 9605
f 9607 9605 9608
f 9607 9606 9605
f 9609 9608 9610
f 9609 9607 9608
f 9611 9610 9612
f 9611 9609 9610
f 9613 9611 9612
f 9613 9614 9615
f 9613 9612 9614
f 9616 9613 9615
f 9616 9615 9617
f 9618 9616 9617
f 9618 9619 9620
f 9618 9617 9619
f 9621 5075 5076
f 9621 9618 9620
f 9621 9622 5075
f 9621 9620 9622
f 9623 9621 5076
f 9623 5078 5079
f 9623 5077 5078
f 9623 5076 5077
f 9624 5080 5081
f 9624 5079 5080
f 9624 9623 5079
f 9625 9624 5081
f 9625 5082 5083
f 9625 5081 5082
f 9626 5086 5087
f 9626 5085 5086
f 9626 5084 5085
f 9626 5083 5084
f 9626 9625 5083
f 9627 5090 5091
f 9627 5089 5090
f 9627 5088 5089
f 9627 5087 5088
f 9627 9626 5087
f 9627 5092 5093
f 9627 5091 5092
f 9628 5099 5100
f 9628 5098 5099
f 9628 5097 5098
f 9628 5096 5097
f 9628 5095 5096
f 9628 9627 5093
f 9628 5094 5095
f 9628 5093 5094
f 9629 9628 5100
f 9629 5106 5107
f 9629 5105 5106
f 9629 5104 5105
f 9629 5103 5104
f 9629 5102 5103
f 9629 5101 5102
f 9629 5100 5101
f 9630 9629 5107
f 9630 5132 5131
f 9630 5111 5132
f 9630 5110 5111
f 9630 5109 5110
f 9630 5108 5109
f 9630 5107 5108
f 9631 5127 5126
f 9631 5128 5127
f 9631 5129 5128
f 9631 5130 5129
f 9631 5131 5130
f 9631 9630 5131
f 9632 9631 5126
f 9632 5122 5121
f 9632 5123 5122
f 9632 5124 5123
f 9632 5125 5124
f 9632 5126 5125
f 9633 9632 5121
f 9633 5120 5119
f 9633 5121 5120
f 9634 9633 5119
f 9634 5118 5117
f 9634 5119 5118
f 9635 9634 5117
f 9635 5116 5115
f 9635 5117 5116
f 9636 9635 5115
f 9636 5114 5113
f 9636 5115 5114
f 9637 5113 5145
f 9637 9636 5113
f 9638 5145 5146
f 9638 9637 5145
f 9639 5146 5147
f 9639 5147 5148
f 9639 9638 5146
f 9640 9639 5148
f 9640 5148 5149
f 9641 5149 5150
f 9641 9640 5149
f 9642 5150 5144
f 9642 5144 5157
f 9642 9641 5150
f 9643 9642 5157
f 9644 5157 5156
f 9644 9643 5157
f 9645 5156 5163
f 9645 9644 5156
f 9646 9645 5163
f 9647 9646 5163
f 9647 5163 5169
f 9648 9647 5169
f 9648 5169 5175
f 9648 5175 5181
f 9648 5181 5187
f 9649 9648 5187
f 9649 5187 5194
f 9650 9649 5194
f 9650 5194 5193
f 9651 9650 5193
f 9651 5193 5201
f 9652 9651 5201
f 9652 5201 5202
f 9653 9652 5202
f 9653 5202 5200
f 9654 9653 5200
f 9655 5200 5209
f 9655 9654 5200
f 9656 9655 5209
f 9657 9656 5209
f 9657 5209 5208
f 9658 5208 5216
f 9658 9657 5208
f 9659 9658 5216
f 9660 9659 5216
f 9661 9660 5216
f 9661 5216 5215
f 9662 9661 5215
f 9663 9662 5215
f 9664 9663 5215
f 5222 9664 5215
f 9665 9664 5222
f 9666 9665 5222
f 9667 9666 5222
f 9668 9667 5222
f 9669 9668 5222
f 9670 9669 5222
f 5228 9670 5222
f 9671 9670 5228
f 9672 9671 5228
f 9673 9672 5228
f 9674 9673 5228
f 9675 5228 5233
f 9675 9674 5228
f 9676 9675 5233
f 9677 9676 5233
f 9678 9677 5233
f 9679 9678 5233
f 9680 9679 5233
f 9681 5233 5239
f 9681 9680 5233
f 9682 9681 5239
f 9683 9682 5239
f 9684 9683 5239
f 9685 9684 5239
f 9686 9685 5239
f 5026 9686 5239
f 9687 9686 5026
f 9688 9687 5026
f 9689 9688 5026
f 9690 9689 5026
f 9691 9690 5026
f 9692 9691 5026
f 5025 9692 5026
f 9693 9692 5025
f 9694 9693 5025
f 9695 9694 5025
f 9696 9695 5025
f 9697 9696 5025
f 9698 9697 5025
f 9699 9698 5025
f 9699 5025 5034
f 9700 9699 5034
f 9701 9700 5034
f 9702 9701 5034
f 9703 9702 5034
f 9704 9703 5034
f 9705 9704 5034
f 5039 9705 5034
f 9706 9705 5039
f 9707 9706 5039
f 9708 9707 5039
f 9709 9708 5039
f 9710 9709 5039
f 9711 9710 5039
f 5044 9711 5039
f 9712 9711 5044
f 9713 9712 5044
f 9714 9713 5044
f 9715 9714 5044
f 9716 9715 5044
f 9717 5044 5048
f 9717 9716 5044
f 9718 9717 5048
f 9719 9718 5048
f 9720 9719 5048
f 9721 9720 5048
f 9722 9721 5048
f 9723 5048 5052
f 9723 9722 5048
f 9724 9723 5052
f 9725 9724 5052
f 9726 9725 5052
f 9727 9726 5052
f 9728 9727 5052
f 9729 9728 5052
f 9729 5052 4795
f 9730 9729 4795
f 9731 9730 4795
f 9732 9731 4795
f 9733 9732 4795
f 9734 9733 4795
f 9734 4795 4794
f 9735 9734 4794
f 9736 9735 4794
f 9737 9736 4794
f 9737 4794 4793
f 9738 9737 4793
f 9739 9738 4793
f 9739 4793 4804
f 9740 9739 4804
f 9741 9740 4804
f 9741 4804 4802
f 9742 9741 4802
f 9743 9742 4802
f 9743 4802 4801
f 9744 9743 4801
f 9745 4801 4803
f 9745 9744 4801
f 9746 4881 4880
f 9746 4803 4881
f 9746 9745 4803
f 9747 4880 4879
f 9747 9746 4880
f 9748 4878 4877
f 9748 4879 4878
f 9748 9747 4879
f 9749 4877 4876
f 9749 9748 4877
f 9750 4875 4874
f 9750 4876 4875
f 9750 9749 4876
f 9751 4872 4871
f 9751 4873 4872
f 9751 4874 4873
f 9751 9750 4874
f 9752 4868 4867
f 9752 4869 4868
f 9752 4870 4869
f 9752 4871 4870
f 9752 9751 4871
f 9753 4863 4862
f 9753 4864 4863
f 9753 4865 4864
f 9753 4866 4865
f 9753 4867 4866
f 9753 9752 4867
f 9754 4856 4855
f 9754 4857 4856
f 9754 4858 4857
f 9754 4859 4858
f 9754 4860 4859
f 9754 4861 4860
f 9754 4862 4861
f 9754 9753 4862
f 9755 4848 4847
f 9755 4849 4848
f 9755 4850 4849
f 9755 4851 4850
f 9755 4852 4851
f 9755 4853 4852
f 9755 4854 4853
f 9755 4855 4854
f 9755 9754 4855
f 9756 4835 4834
f 9756 4837 4835
f 9756 4843 4837
f 9756 4844 4843
f 9756 4845 4844
f 9756 4846 4845
f 9756 4847 4846
f 9756 9755 4847
f 9465 4832 4831
f 9465 4833 4832
f 9465 4834 4833
f 9465 9756 4834
f 9757 4888 9758
f 4809 4888 9757
f 9759 4809 9757
f 4807 4809 9759
f 9760 4807 9759
f 4811 4807 9760
f 9761 4811 9760
f 4841 4811 9761
f 9478 4841 9761
f 9481 9478 9761
f 9484 9481 9761
f 9487 9484 9761
f 9762 4888 4887
f 9762 4887 9763
f 9762 9763 9758
f 9762 9758 4888
f 9764 9765 9766
f 9767 9766 9768
f 9767 9764 9766
f 9769 9768 9770
f 9769 9767 9768
f 9771 9770 5246
f 9771 9769 9770
f 9772 5246 5245
f 9772 9771 5246
f 9773 5245 5297
f 9773 9772 5245
f 9774 9773 5297
f 9774 5297 5308
f 9775 9774 5308
f 9775 5308 5319
f 9776 5319 5330
f 9776 9775 5319
f 4992 9776 5330
f 4992 5330 5341
f 4942 5341 5352
f 4942 4992 5341
f 4930 5352 5371
f 4930 4942 5352
f 4917 5371 5382
f 4917 5382 5393
f 4917 4930 5371
f 4907 4917 5393
f 4907 5393 5406
f 4898 4907 5406
f 4886 5406 5419
f 4886 5419 5434
f 4886 4898 5406
f 4887 5434 5447
f 4887 4886 5434
f 9763 5447 5460
f 9763 4887 5447
f 9777 5460 5462
f 9777 9763 5460
f 9778 5462 5473
f 9778 9777 5462
f 9779 5473 5485
f 9779 9778 5473
f 9780 5485 5497
f 9780 9779 5485
f 9781 5497 5509
f 9781 9780 5497
f 9782 5509 5522
f 9782 9781 5509
f 9783 5522 5535
f 9783 9782 5522
f 9784 5535 5548
f 9784 9783 5535
f 9785 5548 5562
f 9785 9784 5548
f 9786 5562 5057
f 9786 9785 5562
f 9787 5057 5056
f 9787 9786 5057
f 9788 9787 5056
f 9789 9788 5056
f 9790 9788 9789
f 9791 9790 9789
f 9792 9790 9791
f 9793 9792 9791
f 9794 9792 9793
f 9795 9794 9793
f 9796 9794 9795
f 9797 9796 9795
f 9798 9796 9797
f 9799 9798 9797
f 9800 9776 4992
f 4945 9800 4992
f 9801 9800 4945
f 4944 9801 4945
f 9802 9801 4944
f 4946 9802 4944
f 9803 9802 4946
f 4947 9803 4946
f 9804 9803 4947
f 9805 9806 9804
f 9807 9805 9804
f 9808 9807 9804
f 9809 9808 9804
f 9810 9809 9804
f 9811 9810 9804
f 9812 9811 9804
f 9813 9812 9804
f 9814 9813 9804
f 9815 9814 9804
f 9816 9815 9804
f 9817 9816 9804
f 9818 9817 9804
f 9819 9818 9804
f 9820 9819 9804
f 9821 9820 9804
f 9822 9821 9804
f 9823 9822 9804
f 9824 9823 9804
f 4948 9804 4947
f 4948 9824 9804
f 4962 4963 9825
f 4961 9825 9826
f 4961 4962 9825
f 4960 4961 9826
f 4959 4960 9826
f 4958 4959 9826
f 4958 9826 9827
f 4957 4958 9827
f 4956 4957 9827
f 4955 4956 9827
f 4954 4955 9827
f 4953 9827 9828
f 4953 4954 9827
f 4952 4953 9828
f 4951 4952 9828
f 4950 4951 9828
f 4949 9828 9829
f 4949 4950 9828
f 4948 4949 9829
f 9824 4948 9829
f 9823 9829 9830
f 9823 9824 9829
f 9822 9823 9830
f 9821 9830 9831
f 9821 9822 9830
f 9820 9821 9831
f 9819 9820 9831
f 9818 9831 9832
f 9818 9819 9831
f 9817 9818 9832
f 9816 9832 9833
f 9816 9817 9832
f 9815 9816 9833
f 9814 9815 9833
f 9813 9833 9834
f 9813 9814 9833
f 9812 9834 9835
f 9812 9813 9834
f 9811 9812 9835
f 9810 9835 9836
f 9810 9811 9835
f 9809 9836 9837
f 9809 9810 9836
f 9808 9837 9838
f 9808 9809 9837
f 9807 9838 9839
f 9807 9808 9838
f 9805 9839 9840
f 9805 9807 9839
f 9806 9840 9841
f 9806 9805 9840
f 9842 9843 9844
f 9842 9841 9843
f 9842 9806 9841
f 9845 9846 9847
f 9845 9844 9846
f 9845 9842 9844
f 9848 9849 9850
f 9848 9847 9849
f 9848 9845 9847
f 9851 9852 9853
f 9851 9850 9852
f 9851 9848 9850
f 9854 9855 9856
f 9854 9853 9855
f 9854 9851 9853
f 9857 9854 9856
f 9857 9856 9858
f 9857 9859 9860
f 9857 9858 9859
f 9861 9857 9860
f 9861 9862 9863
f 9861 9860 9862
f 9864 9861 9863
f 9864 9865 9866
f 9864 9863 9865
f 9867 9864 9866
f 9867 9868 9869
f 9867 9866 9868
f 9870 9867 9869
f 9870 9871 9872
f 9870 9873 9871
f 9870 9869 9873
f 9874 9875 9876
f 9874 9872 9875
f 9874 9870 9872
f 9877 9878 9879
f 9877 9876 9878
f 9877 9874 9876
f 9880 9881 9882
f 9880 9879 9881
f 9880 9882 9883
f 9880 9877 9879
f 9884 9880 9883
f 9884 9885 9886
f 9884 9887 9885
f 9884 9883 9887
f 9888 9889 9890
f 9888 9886 9889
f 9888 9884 9886
f 9891 9892 9893
f 9891 9890 9892
f 9891 9888 9890
f 9894 9895 9896
f 9894 9893 9895
f 9894 9891 9893
f 9897 9898 9899
f 9897 9900 9898
f 9897 9896 9900
f 9897 9894 9896
f 9901 9902 9903
f 9901 9899 9902
f 9901 9897 9899
f 9904 9905 9906
f 9904 9907 9905
f 9904 9903 9907
f 9904 9901 9903
f 9908 9904 9906
f 9908 9909 9910
f 9908 9906 9909
f 9911 9908 9910
f 9911 9912 9913
f 9911 9914 9912
f 9911 9910 9914
f 9915 9911 9913
f 9915 9916 9917
f 9915 9918 9916
f 9915 9913 9918
f 9919 9915 9917
f 9919 9920 9921
f 9919 9922 9920
f 9919 9917 9922
f 9923 9919 9921
f 9923 9924 9925
f 9923 9921 9924
f 9926 9923 9925
f 9926 9927 9928
f 9926 9925 9927
f 9929 9926 9928
f 9929 9930 9931
f 9929 9928 9930
f 9932 9929 9931
f 9932 9931 9933
f 9934 9932 9933
f 9934 9935 9936
f 9934 9933 9935
f 9937 9934 9936
f 9937 9938 9939
f 9937 9936 9938
f 9940 9937 9939
f 9940 9941 9942
f 9940 9939 9941
f 9943 9940 9942
f 9943 9944 9945
f 9943 9942 9944
f 9946 9943 9945
f 9946 9945 9947
f 9948 9949 9950
f 9948 9947 9949
f 9948 9946 9947
f 9951 9952 9953
f 9951 9950 9952
f 9951 9948 9950
f 9954 9951 9953
f 9954 9955 9956
f 9954 9953 9955
f 9957 9954 9956
f 9957 9956 9958
f 9959 9957 9958
f 9959 9958 9960
f 9961 9959 9960
f 9961 9962 9963
f 9961 9960 9962
f 9964 9965 9966
f 9964 9961 9963
f 9964 9963 9965
f 9967 9968 9969
f 9967 9966 9968
f 9967 9964 9966
f 9970 9969 9971
f 9970 9967 9969
f 9972 9970 9971
f 9973 9971 9974
f 9973 9972 9971
f 9975 9976 9977
f 9975 9974 9976
f 9975 9973 9974
f 9978 9977 9979
f 9978 9975 9977
f 9980 9979 9981
f 9980 9978 9979
f 9982 9981 9983
f 9982 9980 9981
f 9984 9983 9985
f 9984 9982 9983
f 9986 9984 9985
f 9987 9985 9988
f 9987 9986 9985
f 9989 9988 9990
f 9989 9987 9988
f 9991 9990 9992
f 9991 9989 9990
f 9993 9992 9994
f 9993 9991 9992
f 9995 9994 9996
f 9995 9993 9994
f 9997 9995 9996
f 5257 9996 9998
f 5257 9997 9996
f 5258 5257 9998
f 5259 5258 9998
f 5259 9998 9999
f 5260 9999 10000
f 5260 5259 9999
f 5261 5260 10000
f 5261 10000 10001
f 5262 5261 10001
f 5262 10001 10002
f 5263 5262 10002
f 5263 10002 10003
f 5264 5263 10003
f 5265 5264 10003
f 5265 10003 10004
f 5266 5265 10004
f 5267 10004 10005
f 5267 5266 10004
f 5268 10005 10006
f 5268 5267 10005
f 5269 5268 10006
f 5271 10006 10007
f 5271 5269 10006
f 5272 5271 10007
f 5273 10007 10008
f 5273 5272 10007
f 5274 5273 10008
f 5275 10008 10009
f 5275 5274 10008
f 5276 5275 10009
f 5276 10009 10010
f 5277 5276 10010
f 5278 10010 10011
f 5278 5277 10010
f 5279 5278 10011
f 5280 10011 10012
f 5280 5279 10011
f 5281 10012 10013
f 5281 5280 10012
f 5282 5281 10013
f 5283 10013 10014
f 5283 5282 10013
f 5284 10014 10015
f 5284 5283 10014
f 5285 5284 10015
f 5286 10015 10016
f 5286 5285 10015
f 5287 5286 10016
f 5288 10016 10017
f 5288 5287 10016
f 9054 10017 10018
f 9054 5288 10017
f 9053 9054 10018
f 9052 9053 10018
f 9052 10018 10019
f 9051 10019 10020
f 9051 9052 10019
f 9050 9051 10020
f 9050 10020 10021
f 9049 9050 10021
f 9049 10021 10022
f 9048 9049 10022
f 9048 10022 10023
f 9048 10023 10024
f 9047 9048 10024
f 9047 10024 10025
f 9046 9047 10025
f 9046 10025 10026
f 9045 9046 10026
f 9045 10027 10028
f 9045 10026 10027
f 9042 9045 10028
f 9042 10028 10029
f 9041 9042 10029
f 9041 10030 10031
f 9041 10029 10030
f 9040 9041 10031
f 9040 10031 10032
f 9039 9040 10032
f 9039 10033 10034
f 9039 10032 10033
f 9038 9039 10034
f 9038 10035 10036
f 9038 10034 10035
f 9034 9038 10036
f 9034 10037 10038
f 9034 10036 10037
f 9033 10039 10040
f 9033 10038 10039
f 9033 9034 10038
f 9032 10041 10042
f 9032 10040 10041
f 9032 9033 10040
f 9031 10043 10044
f 9031 10042 10043
f 9031 9032 10042
f 9027 10045 10046
f 9027 10047 10045
f 9027 10044 10047
f 9027 9031 10044
f 9026 10046 10048
f 9026 9027 10046
f 9025 10049 10050
f 9025 10048 10049
f 9025 9026 10048
f 9024 9025 10050
f 9024 10051 10052
f 9024 10050 10051
f 9020 9024 10052
f 9020 10052 10053
f 9020 10054 10055
f 9020 10053 10054
f 9019 9020 10055
f 9019 10056 10057
f 9019 10055 10056
f 9018 9019 10057
f 9018 10057 10058
f 9017 9018 10058
f 9017 10059 10060
f 9017 10058 10059
f 9013 9017 10060
f 9013 10061 10062
f 9013 10060 10061
f 9012 9013 10062
f 9012 10062 10063
f 9011 9012 10063
f 9011 10064 10065
f 9011 10066 10064
f 9011 10063 10066
f 9010 9011 10065
f 9010 10067 10068
f 9010 10065 10067
f 9006 9010 10068
f 9006 10069 10070
f 9006 10068 10069
f 9005 9006 10070
f 9005 10071 10072
f 9005 10073 10071
f 9005 10070 10073
f 9004 10074 10075
f 9004 10076 10074
f 9004 10072 10076
f 9004 9005 10072
f 9000 9004 10075
f 9000 10077 10078
f 9000 10079 10077
f 9000 10075 10079
f 8999 9000 10078
f 8999 10080 10081
f 8999 10078 10080
f 8998 8999 10081
f 8998 10082 10083
f 8998 10081 10082
f 8994 10084 10085
f 8994 10086 10084
f 8994 8998 10083
f 8994 10083 10086
f 8993 8994 10085
f 8993 10087 10088
f 8993 10085 10087
f 8992 10089 10090
f 8992 10088 10089
f 8992 8993 10088
f 8988 10091 10092
f 8988 10090 10091
f 8988 8992 10090
f 8986 10092 10093
f 8986 8988 10092
f 8986 10093 10094
f 8987 10095 10096
f 8987 10097 10095
f 8987 10094 10097
f 8987 8986 10094
f 8982 10098 10099
f 8982 10096 10098
f 8982 8987 10096
f 8980 10100 10101
f 8980 10099 10100
f 8980 8982 10099
f 8981 10102 10103
f 8981 10104 10102
f 8981 10101 10104
f 8981 8980 10101
f 8974 10105 10106
f 8974 10103 10105
f 8974 8981 10103
f 8975 10107 10108
f 8975 10106 10107
f 8975 8974 10106
f 8976 10108 10109
f 8976 10110 10111
f 8976 10109 10110
f 8976 8975 10108
f 5017 10112 10113
f 5017 10111 10112
f 5017 8976 10111
f 5018 10113 10114
f 5018 5017 10113
f 5020 10115 10116
f 5020 10114 10115
f 5020 5018 10114
f 5019 10117 10118
f 5019 10116 10117
f 5019 5020 10116
f 4994 10118 10119
f 4994 5019 10118
f 5013 10119 10120
f 5013 4994 10119
f 5012 5013 10120
f 5012 10120 10121
f 5011 5012 10121
f 5011 10121 10122
f 5010 5011 10122
f 5010 10122 10123
f 5009 5010 10123
f 5008 5009 10123
f 5008 10123 10124
f 5007 5008 10124
f 5007 10124 10125
f 5006 5007 10125
f 5005 5006 10125
f 5005 10125 10126
f 5004 5005 10126
f 5003 5004 10126
f 5003 10126 10127
f 5002 5003 10127
f 5001 10127 10128
f 5001 5002 10127
f 5000 5001 10128
f 4999 10128 10129
f 4999 5000 10128
f 4998 4999 10129
f 4997 4998 10129
f 4997 10129 10130
f 4996 4997 10130
f 4995 10130 10131
f 4995 4996 10130
f 4967 4995 10131
f 4968 10131 10132
f 4968 4967 10131
f 4969 4968 10132
f 4970 10132 10133
f 4970 4969 10132
f 4971 4970 10133
f 4972 4971 10133
f 4973 4972 10133
f 4974 10133 10134
f 4974 4973 10133
f 4975 4974 10134
f 4976 4975 10134
f 4977 4976 10134
f 4978 10134 10135
f 4978 4977 10134
f 4979 4978 10135
f 4980 4979 10135
f 4981 4980 10135
f 4982 4981 10135
f 4982 10135 10136
f 4983 4982 10136
f 4984 4983 10136
f 4985 4984 10136
f 4986 4985 10136
f 4987 4986 10136
f 4987 10136 9825
f 4966 4987 9825
f 4965 4966 9825
f 4964 4965 9825
f 4963 4964 9825
f 10137 9789 5056
f 5055 10137 5056
f 10138 10137 5055
f 5059 10138 5055
f 10139 10138 5059
f 5061 10139 5059
f 10140 10139 5061
f 5063 10140 5061
f 10141 10140 5063
f 5065 10141 5063
f 10142 10141 5065
f 5067 10142 5065
f 10143 10142 5067
f 5069 10143 5067
f 10144 10143 5069
f 5071 10144 5069
f 10145 10144 5071
f 5073 10145 5071
f 9610 10145 5073
f 9612 9610 5073
f 9614 9612 5073
f 9615 9614 5073
f 9617 9615 5073
f 9619 9617 5073
f 9620 9619 5073
f 9622 9620 5073
f 5075 9622 5073
f 10146 5243 5246
f 10146 5246 9770
f 10147 5247 5243
f 10147 5243 10146
f 10148 5249 5247
f 10148 5247 10147
f 10149 5251 5249
f 10149 5249 10148
f 10150 5253 5251
f 10150 5251 10149
f 10151 5255 5253
f 10151 5253 10150
f 9973 5255 10151
f 9973 9975 5255
f 9978 5255 9975
f 9980 5255 9978
f 9982 5255 9980
f 9984 5255 9982
f 9986 5255 9984
f 9987 5255 9986
f 9989 5255 9987
f 9991 5255 9989
f 9993 5255 9991
f 9995 5255 9993
f 9997 5255 9995
f 5257 5255 9997
f 6773 6692 6733
f 6773 6811 6692
f 6811 6905 6692
f 6692 6566 6651
f 6651 6566 6609
f 10152 7066 6905
f 6566 6478 6521
f 7066 7067 6905
f 6692 6436 6566
f 6566 6436 6478
f 6436 6354 6395
f 7150 7191 7109
f 7109 7191 7067
f 6436 6313 6354
f 6692 6312 6436
f 6436 6312 6313
f 7276 5853 7233
f 7233 5853 7191
f 6312 6140 10153
f 6692 6056 6312
f 6312 6056 6140
f 5854 5896 5853
f 6905 5937 6692
f 7067 5937 6905
f 5896 5937 5853
f 7191 5937 7067
f 6692 5937 6056
f 5853 5937 7191
f 5937 6018 6056
f 5937 5978 6018
f 6121 10154 10155
f 6121 10156 10154
f 6121 10157 10156
f 6121 10158 10157
f 6121 10159 10158
f 6121 10160 10159
f 6121 10161 10160
f 6121 10162 10161
f 6121 10163 10162
f 6121 10164 10163
f 6121 10165 10164
f 6121 10166 10165
f 6121 6120 10166
f 10167 6121 10155
f 6122 6121 10167
f 10168 6122 10167
f 6123 6122 10168
f 10169 6124 6123
f 10169 6123 10168
f 10170 6125 6124
f 10170 6124 10169
f 10171 6125 10170
f 10171 6126 6125
f 10172 6126 10171
f 10172 6127 6126
f 10173 6128 6127
f 10173 6127 10172
f 10174 6129 6128
f 10174 6128 10173
f 10175 6130 6129
f 10175 6129 10174
f 10176 6131 6130
f 10176 6130 10175
f 10177 6132 6131
f 10177 6131 10176
f 10178 6133 6132
f 10178 6132 10177
f 10179 6134 6133
f 10179 6133 10178
f 10180 6135 6134
f 10180 6134 10179
f 10181 6136 6135
f 10181 6135 10180
f 10182 6137 6136
f 10182 6136 10181
f 10183 6137 10182
f 10184 6138 6137
f 10184 6137 10183
f 10185 6139 6138
f 10185 6138 10184
f 10186 6140 6139
f 10186 6139 10185
f 10153 6140 10186
f 6097 6141 10187
f 6097 10187 10188
f 6098 10188 10189
f 6098 6097 10188
f 6099 6098 10189
f 6099 10189 10190
f 6100 6099 10190
f 6100 10190 10191
f 6101 6100 10191
f 6101 10191 10192
f 6102 6101 10192
f 6102 10192 10193
f 6103 6102 10193
f 6103 10193 10194
f 6104 6103 10194
f 6104 10194 10195
f 6105 6104 10195
f 6105 10195 10196
f 6106 6105 10196
f 6107 6106 10196
f 6107 10196 10197
f 6108 10197 10198
f 6108 6107 10197
f 6109 10198 10199
f 6109 6108 10198
f 6110 10199 10200
f 6110 6109 10199
f 6111 10200 10201
f 6111 6110 10200
f 6112 10201 10202
f 6112 6111 10201
f 6113 10202 10203
f 6113 6112 10202
f 6114 6113 10203
f 6115 10203 10204
f 6115 6114 10203
f 6116 10204 10205
f 6116 6115 10204
f 6117 10205 10206
f 6117 6116 10205
f 6118 10206 10207
f 6118 6117 10206
f 6119 6118 10207
f 6120 10207 10208
f 6120 6119 10207
f 10166 10208 10209
f 10166 6120 10208
f 10165 10209 10210
f 10165 10166 10209
f 10164 10210 10211
f 10164 10165 10210
f 10163 10164 10211
f 10162 10211 10212
f 10162 10163 10211
f 10161 10162 10212
f 10161 10212 10213
f 10160 10161 10213
f 10160 10213 10214
f 10159 10160 10214
f 10159 10214 10215
f 10158 10159 10215
f 10157 10158 10215
f 10157 10215 10216
f 10156 10157 10216
f 10156 10216 10217
f 10154 10156 10217
f 10154 10217 10218
f 10155 10154 10218
f 10155 10218 10219
f 10220 10155 10219
f 10221 10220 10219
f 10221 10219 10222
f 10223 10221 10222
f 10223 10222 10224
f 10225 10223 10224
f 10225 10224 10226
f 10227 10225 10226
f 10227 10226 10228
f 10229 10227 10228
f 10230 10229 10228
f 10230 10228 10231
f 10232 10230 10231
f 10232 10231 10233
f 10234 10232 10233
f 10234 10233 10235
f 10236 10235 10237
f 10236 10234 10235
f 10238 10237 10239
f 10238 10236 10237
f 10240 10239 10241
f 10240 10238 10239
f 6271 10240 10241
f 6271 10241 10242
f 6272 10242 10243
f 6272 6271 10242
f 6273 10243 10244
f 6273 6272 10243
f 6274 6273 10244
f 6257 10244 10245
f 6257 6274 10244
f 6258 10245 10246
f 6258 6257 10245
f 6259 10246 10247
f 6259 6258 10246
f 6260 10247 10248
f 6260 6259 10247
f 6261 6260 10248
f 6262 6261 10248
f 6262 10248 10249
f 6263 6262 10249
f 6263 10249 10250
f 6264 6263 10250
f 6264 10250 10251
f 6265 6264 10251
f 6265 10251 10252
f 6266 6265 10252
f 6266 10252 10253
f 6267 6266 10253
f 6267 10253 10254
f 6268 6267 10254
f 6247 6268 10254
f 6247 10254 10255
f 6248 6247 10255
f 6248 10255 10256
f 6249 6248 10256
f 6249 10256 10257
f 6250 6249 10257
f 6250 10257 10258
f 6251 6250 10258
f 6252 6251 10258
f 6252 10258 10259
f 6253 6252 10259
f 6253 10259 10260
f 6254 6253 10260
f 6255 6254 10260
f 6255 10260 10261
f 6256 6255 10261
f 6314 6256 10261
f 6314 10261 10262
f 6245 6314 10262
f 6245 10262 10263
f 6244 6245 10263
f 6243 6244 10263
f 6243 10263 10264
f 6242 6243 10264
f 6242 10264 10265
f 6241 6242 10265
f 6240 6241 10265
f 6240 10265 10266
f 6239 6240 10266
f 6239 10266 10267
f 6238 6239 10267
f 6237 10267 10268
f 6237 6238 10267
f 6236 6237 10268
f 6235 6236 10268
f 6235 10268 10269
f 6229 6235 10269
f 6229 10269 10270
f 6230 6229 10270
f 6231 6230 10270
f 6231 10270 10271
f 6232 6231 10271
f 6232 10271 10272
f 6233 6232 10272
f 6234 6233 10272
f 6234 10272 10273
f 6227 6234 10273
f 6227 10273 10274
f 6226 6227 10274
f 6225 10274 10275
f 6225 6226 10274
f 6224 6225 10275
f 6223 10275 10276
f 6223 6224 10275
f 6222 10276 10277
f 6222 6223 10276
f 6221 6222 10277
f 6220 10277 10278
f 6220 6221 10277
f 6219 10278 10279
f 6219 6220 10278
f 6218 6219 10279
f 6217 10279 10280
f 6217 6218 10279
f 6216 6217 10280
f 6215 10280 10281
f 6215 6216 10280
f 6214 10281 10282
f 6214 6215 10281
f 6212 6214 10282
f 6213 10282 10283
f 6213 6212 10282
f 6196 6213 10283
f 6195 10283 10284
f 6195 6196 10283
f 6194 10284 10285
f 6194 6195 10284
f 6193 10285 10286
f 6193 6194 10285
f 6192 10286 10287
f 6192 6193 10286
f 6191 10287 10288
f 6191 6192 10287
f 6190 10288 10289
f 6190 6191 10288
f 6189 6190 10289
f 6187 6189 10289
f 6187 10289 10290
f 6186 6187 10290
f 6186 10290 10291
f 6185 6186 10291
f 6185 10291 10292
f 6184 10292 10293
f 6184 6185 10292
f 6183 6184 10293
f 6168 10293 10294
f 6168 6183 10293
f 6167 10294 10295
f 6167 6168 10294
f 6166 10295 10296
f 6166 6167 10295
f 6165 6166 10296
f 6165 10296 10297
f 6164 6165 10297
f 6163 10297 10298
f 6163 6164 10297
f 6162 10298 10299
f 6162 6163 10298
f 6161 10299 10300
f 6161 6162 10299
f 6160 10300 10301
f 6160 6161 10300
f 6159 6160 10301
f 6158 10301 10302
f 6158 6159 10301
f 6157 10302 10303
f 6157 6158 10302
f 6156 10303 10304
f 6156 6157 10303
f 6072 10304 10305
f 6072 6156 10304
f 6073 10305 10306
f 6073 6072 10305
f 6074 10306 10307
f 6074 6073 10306
f 6075 6074 10307
f 6076 10307 10308
f 6076 6075 10307
f 6077 10308 10309
f 6077 6076 10308
f 6078 10309 10310
f 6078 6077 10309
f 6079 10310 10311
f 6079 6078 10310
f 6080 6079 10311
f 6081 10311 10312
f 6081 6080 10311
f 6082 6081 10312
f 6082 10312 10313
f 6083 6082 10313
f 6083 10313 10314
f 6084 6083 10314
f 6084 10314 10315
f 6085 6084 10315
f 6085 10315 10316
f 6086 6085 10316
f 6086 10316 10317
f 6087 6086 10317
f 6088 6087 10317
f 6088 10317 10318
f 6089 6088 10318
f 6089 10318 10319
f 6090 6089 10319
f 6090 10319 10320
f 6091 6090 10320
f 6091 10320 10321
f 6092 6091 10321
f 6092 10321 10322
f 6093 6092 10322
f 6094 10322 10323
f 6094 6093 10322
f 6095 10323 10324
f 6095 6094 10323
f 6096 10324 10187
f 6096 6095 10324
f 6141 6096 10187
f 6270 10167 10155
f 6270 10240 6271
f 6270 10238 10240
f 6270 10236 10238
f 6270 10234 10236
f 6270 10232 10234
f 6270 10230 10232
f 6270 10229 10230
f 6270 10227 10229
f 6270 10225 10227
f 6270 10223 10225
f 6270 10221 10223
f 6270 10220 10221
f 6270 10155 10220
f 6276 10168 10167
f 6276 10167 6270
f 6278 10169 10168
f 6278 10168 6276
f 6280 10170 10169
f 6280 10169 6278
f 6282 10171 10170
f 6282 10170 6280
f 6284 10171 6282
f 6284 10172 10171
f 6286 10173 10172
f 6286 10172 6284
f 6288 10174 10173
f 6288 10173 6286
f 6290 10175 10174
f 6290 10174 6288
f 6292 10176 10175
f 6292 10175 6290
f 6294 10177 10176
f 6294 10176 6292
f 6296 10178 10177
f 6296 10177 6294
f 6298 10179 10178
f 6298 10178 6296
f 6300 10180 10179
f 6300 10179 6298
f 6302 10181 10180
f 6302 10180 6300
f 6304 10182 10181
f 6304 10181 6302
f 6306 10183 10182
f 6306 10184 10183
f 6306 10182 6304
f 6308 10184 6306
f 6308 10185 10184
f 6310 10186 10185
f 6310 10185 6308
f 6312 10153 10186
f 6312 10186 6310
f 6886 10325 10326
f 6886 10327 10325
f 6886 10328 10327
f 6886 10329 10328
f 6886 10330 10329
f 6886 10331 10330
f 6886 10332 10331
f 6886 10333 10332
f 6886 10334 10333
f 6886 10335 10334
f 6886 10336 10335
f 6886 10337 10336
f 6886 6885 10337
f 10338 6886 10326
f 6887 6886 10338
f 10339 6887 10338
f 6888 6887 10339
f 10340 6889 6888
f 10340 6888 10339
f 10341 6890 6889
f 10341 6889 10340
f 10342 6890 10341
f 10342 6891 6890
f 10343 6891 10342
f 10343 6892 6891
f 10344 6893 6892
f 10344 6892 10343
f 10345 6894 6893
f 10345 6893 10344
f 10346 6895 6894
f 10346 6894 10345
f 10347 6896 6895
f 10347 6895 10346
f 10348 6897 6896
f 10348 6896 10347
f 10349 6898 6897
f 10349 6897 10348
f 10350 6899 6898
f 10350 6898 10349
f 10351 6900 6899
f 10351 6899 10350
f 10352 6901 6900
f 10352 6900 10351
f 10353 6902 6901
f 10353 6901 10352
f 10354 6902 10353
f 10355 6903 6902
f 10355 6902 10354
f 10356 6904 6903
f 10356 6903 10355
f 10357 6905 6904
f 10357 6904 10356
f 10152 6905 10357
f 10358 7068 7069
f 10359 7069 7010
f 10359 10358 7069
f 10360 10359 7010
f 10360 7010 7009
f 10361 10360 7009
f 10361 7008 7007
f 10361 7009 7008
f 10362 10361 7007
f 10362 7007 7006
f 10363 10362 7006
f 10363 7006 7005
f 10364 10363 7005
f 10364 7005 7004
f 10365 10364 7004
f 10365 7004 7003
f 10366 10365 7003
f 10366 7022 7021
f 10366 7003 7022
f 10367 10366 7021
f 10367 7021 7020
f 10368 10367 7020
f 10368 7020 7019
f 10369 10368 7019
f 10369 7019 7018
f 10370 10369 7018
f 10370 7018 7017
f 10371 10370 7017
f 10371 7017 7016
f 10372 10371 7016
f 10372 7015 7014
f 10372 7016 7015
f 10373 7014 7013
f 10373 10372 7014
f 10374 10373 7013
f 10374 7013 7012
f 10375 7012 7011
f 10375 10374 7012
f 10376 7028 7027
f 10376 7011 7028
f 10376 10375 7011
f 10377 7027 7026
f 10377 10376 7027
f 10378 7026 7025
f 10378 10377 7026
f 10379 7025 10380
f 10379 10378 7025
f 10381 10380 10382
f 10381 10379 10380
f 10383 10382 10384
f 10383 10381 10382
f 10385 10384 10386
f 10385 10383 10384
f 10387 10386 10388
f 10387 10385 10386
f 10389 10387 10388
f 10389 10388 10390
f 10391 10389 10390
f 10391 10390 10392
f 10391 10392 10393
f 10394 10391 10393
f 10394 10393 10395
f 10396 10394 10395
f 10396 10395 10397
f 10398 10396 10397
f 10398 10397 10399
f 10400 10398 10399
f 10400 10399 10401
f 10400 10401 10326
f 10402 10400 10326
f 10402 10326 10325
f 10403 10402 10325
f 10403 10325 10327
f 10404 10403 10327
f 10404 10327 10328
f 10405 10404 10328
f 10405 10328 10329
f 10405 10329 10330
f 10406 10405 10330
f 10406 10330 10331
f 10407 10406 10331
f 10407 10331 10332
f 10408 10407 10332
f 10408 10332 10333
f 10409 10408 10333
f 10409 10333 10334
f 10409 10334 10335
f 10410 10409 10335
f 10410 10335 10336
f 10411 10336 10337
f 10411 10410 10336
f 10412 10337 6885
f 10412 6885 6884
f 10412 10411 10337
f 10413 6883 6882
f 10413 6884 6883
f 10413 10412 6884
f 10414 6882 6881
f 10414 10413 6882
f 10415 6880 6879
f 10415 6881 6880
f 10415 10414 6881
f 10416 10415 6879
f 10416 6878 6877
f 10416 6879 6878
f 10417 10416 6877
f 10417 6877 6876
f 10418 10417 6876
f 10418 6875 6874
f 10418 6876 6875
f 10419 10418 6874
f 10419 6874 6873
f 10420 10419 6873
f 10420 6872 6871
f 10420 6873 6872
f 10421 10420 6871
f 10421 6870 6869
f 10421 6871 6870
f 10422 10421 6869
f 10422 6869 6868
f 10423 10422 6868
f 10423 6859 6858
f 10423 6868 6859
f 10424 10423 6858
f 10424 6858 6857
f 10425 6856 6855
f 10425 6857 6856
f 10425 10424 6857
f 10426 10425 6855
f 10426 6855 6854
f 10427 6853 6867
f 10427 6854 6853
f 10427 10426 6854
f 10428 10427 6867
f 10428 6866 6865
f 10428 6867 6866
f 10429 6865 6864
f 10429 10428 6865
f 10430 6863 6862
f 10430 6864 6863
f 10430 10429 6864
f 10431 6862 6861
f 10431 10430 6862
f 10432 6860 6907
f 10432 6861 6860
f 10432 10431 6861
f 10433 6907 6906
f 10433 10432 6907
f 10434 6852 6851
f 10434 6906 6852
f 10434 10433 6906
f 10435 6850 6849
f 10435 6851 6850
f 10435 10434 6851
f 10436 6849 6848
f 10436 10435 6849
f 10437 10436 6848
f 10437 6847 6846
f 10437 6848 6847
f 10438 10437 6846
f 10438 6846 6845
f 10439 10438 6845
f 10439 6845 6844
f 10440 6844 6843
f 10440 10439 6844
f 10441 6842 6841
f 10441 6843 6842
f 10441 10440 6843
f 10442 6841 6840
f 10442 10441 6841
f 10443 6840 6839
f 10443 10442 6840
f 10444 6839 6838
f 10444 10443 6839
f 10445 6838 6837
f 10445 10444 6838
f 10446 6837 6836
f 10446 10445 6837
f 10447 6835 6834
f 10447 6836 6835
f 10447 10446 6836
f 10448 6834 6833
f 10448 10447 6834
f 10449 6833 6832
f 10449 10448 6833
f 10450 6832 6831
f 10450 10449 6832
f 10451 6830 6829
f 10451 6831 6830
f 10451 10450 6831
f 10452 6829 6828
f 10452 10451 6829
f 10453 6828 6827
f 10453 10452 6828
f 10454 6827 6922
f 10454 10453 6827
f 10455 6922 6923
f 10455 10454 6922
f 10456 6923 6924
f 10456 10455 6923
f 10457 6925 6926
f 10457 6924 6925
f 10457 10456 6924
f 10458 6926 6927
f 10458 10457 6926
f 10459 6927 6928
f 10459 10458 6927
f 10460 10459 6928
f 10460 6928 6929
f 10461 10460 6929
f 10461 6930 6931
f 10461 6929 6930
f 10462 6931 6932
f 10462 10461 6931
f 10463 10462 6932
f 10463 6932 6933
f 10464 10463 6933
f 10464 6933 6934
f 10465 10464 6934
f 10465 6949 6950
f 10465 6934 6949
f 10466 10465 6950
f 10466 6950 6951
f 10467 10466 6951
f 10467 6951 6952
f 10468 10467 6952
f 10468 6952 6953
f 10469 10468 6953
f 10469 6955 6956
f 10469 6953 6955
f 10470 10469 6956
f 10470 6956 6957
f 10471 10470 6957
f 10471 6957 6958
f 10472 10471 6958
f 10472 6958 6959
f 10473 10472 6959
f 10473 6959 6960
f 10474 10473 6960
f 10474 6960 6961
f 10475 10474 6961
f 10475 6961 6962
f 10476 6978 6979
f 10476 6962 6978
f 10476 10475 6962
f 10477 6979 6980
f 10477 10476 6979
f 10478 6980 6981
f 10478 10477 6980
f 10479 6981 6982
f 10479 10478 6981
f 10480 6983 6984
f 10480 6982 6983
f 10480 10479 6982
f 10481 6984 6985
f 10481 10480 6984
f 10482 6985 6986
f 10482 10481 6985
f 10483 10482 6986
f 10483 6986 6987
f 10484 10483 6987
f 10484 6987 6988
f 10485 6988 6994
f 10485 10484 6988
f 10486 10485 6994
f 10486 6994 6993
f 10487 6992 6991
f 10487 6993 6992
f 10487 10486 6993
f 10488 6991 6990
f 10488 10487 6991
f 10489 6990 6995
f 10489 10488 6990
f 10490 6995 6996
f 10490 10489 6995
f 10491 6996 6997
f 10491 10490 6996
f 10492 6997 6998
f 10492 10491 6997
f 10493 6998 6999
f 10493 10492 6998
f 10494 6999 7000
f 10494 10493 6999
f 10495 7000 7001
f 10495 10494 7000
f 10358 7001 7068
f 10358 10495 7001
f 7024 10338 10326
f 7024 10380 7025
f 7024 10382 10380
f 7024 10384 10382
f 7024 10386 10384
f 7024 10388 10386
f 7024 10390 10388
f 7024 10392 10390
f 7024 10393 10392
f 7024 10395 10393
f 7024 10397 10395
f 7024 10399 10397
f 7024 10401 10399
f 7024 10326 10401
f 7030 10339 10338
f 7030 10338 7024
f 7032 10340 10339
f 7032 10339 7030
f 7034 10341 10340
f 7034 10340 7032
f 7036 10342 10341
f 7036 10341 7034
f 7038 10342 7036
f 7038 10343 10342
f 7040 10344 10343
f 7040 10343 7038
f 7042 10345 10344
f 7042 10344 7040
f 7044 10346 10345
f 7044 10345 7042
f 7046 10347 10346
f 7046 10346 7044
f 7048 10348 10347
f 7048 10347 7046
f 7050 10349 10348
f 7050 10348 7048
f 7052 10350 10349
f 7052 10349 7050
f 7054 10351 10350
f 7054 10350 7052
f 7056 10352 10351
f 7056 10351 7054
f 7058 10353 10352
f 7058 10352 7056
f 7060 10354 10353
f 7060 10355 10354
f 7060 10353 7058
f 7062 10355 7060
f 7062 10356 10355
f 7064 10357 10356
f 7064 10356 7062
f 7066 10152 10357
f 7066 10357 7064
f 7991 7912 7951
f 7792 7912 7991
f 7790 7792 7991
f 8118 7991 8032
f 8118 8032 8075
f 7658 10496 7790
f 8204 8118 8161
f 7621 7658 7790
f 8247 7991 8118
f 8247 8118 8204
f 8328 8247 8288
f 7501 7542 7582
f 7501 7582 7621
f 8367 8247 8328
f 8404 7991 8247
f 8404 8247 8367
f 7374 7373 7458
f 7374 7458 7501
f 8547 8404 10497
f 8549 7991 8404
f 8549 8404 8547
f 8778 8821 7374
f 8737 7790 7991
f 8737 7621 7790
f 8737 8778 7374
f 8737 7501 7621
f 8737 7991 8549
f 8737 7374 7501
f 8658 8737 8549
f 8697 8737 8658
f 7657 10498 10496
f 7657 10496 7658
f 7659 10499 10498
f 7659 10498 7657
f 7660 10500 10499
f 7660 10499 7659
f 7661 10501 10500
f 7661 10500 7660
f 7662 10502 10501
f 7662 10501 7661
f 7663 10503 10502
f 7663 10502 7662
f 7664 10504 10503
f 7664 10503 7663
f 7665 10505 10504
f 7665 10504 7664
f 7666 10505 7665
f 7666 10506 10505
f 7667 10506 7666
f 7667 10507 10506
f 7668 10507 7667
f 7668 10508 10507
f 7669 10508 7668
f 7669 10509 10508
f 7670 10510 10509
f 7670 10509 7669
f 7671 10511 10510
f 7671 10510 7670
f 7672 10512 10511
f 7672 10511 7671
f 7673 10513 10512
f 7673 10512 7672
f 7674 10514 10513
f 7674 10513 7673
f 7675 10515 10514
f 7675 10514 7674
f 7676 10516 10515
f 7676 10515 7675
f 7677 10517 10516
f 7677 10516 7676
f 7678 10518 10517
f 7678 10517 7677
f 7679 10519 10518
f 7679 10518 7678
f 10520 10521 10519
f 10522 10520 10519
f 7680 10519 7679
f 7680 10523 10524
f 7680 10524 10522
f 7680 10522 10519
f 10525 10523 7680
f 10526 10525 7680
f 10527 10526 7680
f 10528 10527 7680
f 10529 10528 7680
f 10530 10529 7680
f 10531 10530 7680
f 10532 10531 7680
f 7681 10532 7680
f 10533 7705 7741
f 10534 7741 7712
f 10534 10533 7741
f 10535 10534 7712
f 10535 7712 7711
f 10536 10535 7711
f 10536 7710 7709
f 10536 7711 7710
f 10537 10536 7709
f 10537 7709 7708
f 10538 10537 7708
f 10538 7708 7707
f 10539 10538 7707
f 10539 7707 7706
f 10540 10539 7706
f 10540 7706 7729
f 10541 10540 7729
f 10541 7728 7727
f 10541 7729 7728
f 10542 10541 7727
f 10542 7727 7726
f 10543 10542 7726
f 10543 7726 7725
f 10544 10543 7725
f 10544 7725 7724
f 10545 10544 7724
f 10545 7724 7723
f 10546 10545 7723
f 10546 7723 7722
f 10547 10546 7722
f 10547 7721 7720
f 10547 7722 7721
f 10548 7720 7719
f 10548 10547 7720
f 10549 10548 7719
f 10549 7719 7718
f 10550 7718 7717
f 10550 10549 7718
f 10551 7716 7715
f 10551 7717 7716
f 10551 10550 7717
f 10552 7715 7714
f 10552 10551 7715
f 10553 7714 7713
f 10553 10552 7714
f 10554 7713 7747
f 10554 10553 7713
f 10555 7747 7748
f 10555 10554 7747
f 10556 7748 7749
f 10556 10555 7748
f 10557 7749 7750
f 10557 10556 7749
f 10558 7750 7751
f 10558 10557 7750
f 10559 10558 7751
f 10559 7751 7752
f 10560 10559 7752
f 10560 7752 7753
f 10560 7753 7754
f 10561 10560 7754
f 10561 7754 7755
f 10562 10561 7755
f 10562 7755 7744
f 10563 10562 7744
f 10563 7744 7743
f 10564 10563 7743
f 10564 7743 7745
f 10564 7745 7746
f 10565 10564 7746
f 10565 7746 7780
f 10566 10565 7780
f 10566 7780 7768
f 10567 10566 7768
f 10567 7768 7767
f 10568 10567 7767
f 10568 7767 7769
f 10568 7769 7770
f 10569 10568 7770
f 10569 7770 7771
f 10570 10569 7771
f 10570 7771 7772
f 10571 10570 7772
f 10571 7772 7773
f 10572 10571 7773
f 10572 7773 7774
f 10572 7774 7775
f 10573 10572 7775
f 10573 7775 7776
f 10574 7776 7777
f 10574 10573 7776
f 10575 7777 7778
f 10575 7778 7897
f 10575 10574 7777
f 10576 7896 7895
f 10576 7897 7896
f 10576 10575 7897
f 10577 7895 7894
f 10577 10576 7895
f 10578 7893 7892
f 10578 7894 7893
f 10578 10577 7894
f 10579 10578 7892
f 10579 7891 7890
f 10579 7892 7891
f 10580 10579 7890
f 10580 7890 7880
f 10581 10580 7880
f 10581 7879 7878
f 10581 7880 7879
f 10582 10581 7878
f 10582 7878 7877
f 10583 10582 7877
f 10583 7876 7875
f 10583 7877 7876
f 10584 10583 7875
f 10584 7874 7873
f 10584 7875 7874
f 10585 10584 7873
f 10585 7873 7872
f 10586 10585 7872
f 10586 7871 7870
f 10586 7872 7871
f 10587 10586 7870
f 10587 7870 7869
f 10588 7868 7867
f 10588 7869 7868
f 10588 10587 7869
f 10589 10588 7867
f 10589 7867 7889
f 10590 7888 7887
f 10590 7889 7888
f 10590 10589 7889
f 10591 10590 7887
f 10591 7886 7885
f 10591 7887 7886
f 10592 7885 7884
f 10592 10591 7885
f 10593 7883 7882
f 10593 7884 7883
f 10593 10592 7884
f 10594 7882 7881
f 10594 10593 7882
f 10595 7910 7909
f 10595 7881 7910
f 10595 10594 7881
f 10596 7909 7865
f 10596 10595 7909
f 10597 7864 7863
f 10597 7865 7864
f 10597 10596 7865
f 10598 7862 7860
f 10598 7863 7862
f 10598 10597 7863
f 10599 7860 7859
f 10599 10598 7860
f 10600 10599 7859
f 10600 7858 7857
f 10600 7859 7858
f 10601 10600 7857
f 10601 7857 7856
f 10602 10601 7856
f 10602 7856 7855
f 10603 7855 7854
f 10603 10602 7855
f 10604 7853 7852
f 10604 7854 7853
f 10604 10603 7854
f 10605 7852 7851
f 10605 10604 7852
f 10606 7851 7850
f 10606 10605 7851
f 10607 7850 7849
f 10607 10606 7850
f 10608 7849 7848
f 10608 10607 7849
f 10609 7848 7847
f 10609 10608 7848
f 10610 7846 7845
f 10610 7847 7846
f 10610 10609 7847
f 10611 7845 7844
f 10611 10610 7845
f 10612 7844 7843
f 10612 10611 7844
f 10613 7843 7842
f 10613 10612 7843
f 10614 7841 7840
f 10614 7842 7841
f 10614 10613 7842
f 10615 7840 7839
f 10615 10614 7840
f 10616 7839 7838
f 10616 10615 7839
f 10617 7838 10618
f 10617 10616 7838
f 10619 10618 10620
f 10619 10617 10618
f 10621 10620 10622
f 10621 10619 10620
f 10623 10624 10625
f 10623 10622 10624
f 10623 10621 10622
f 10626 10625 10627
f 10626 10623 10625
f 10628 10627 10629
f 10628 10626 10627
f 10630 10628 10629
f 10630 10629 10631
f 10632 10630 10631
f 10632 10633 10634
f 10632 10631 10633
f 10635 10634 10636
f 10635 10632 10634
f 10637 10635 10636
f 10637 10636 10638
f 10639 10637 10638
f 10639 10638 10521
f 10640 10639 10521
f 10640 10520 10522
f 10640 10521 10520
f 10641 10640 10522
f 10641 10522 10524
f 10642 10641 10524
f 10642 10524 10523
f 10643 10642 10523
f 10643 10523 10525
f 10644 10643 10525
f 10644 10526 10527
f 10644 10525 10526
f 10645 10644 10527
f 10645 10527 10528
f 10646 10645 10528
f 10646 10528 10529
f 10647 10646 10529
f 10647 10529 10530
f 10648 10647 10530
f 10648 10530 10531
f 10649 10648 10531
f 10649 10531 10532
f 10650 10649 10532
f 10650 10532 7681
f 10651 7685 7684
f 10651 7681 7685
f 10651 10650 7681
f 10652 7684 7683
f 10652 10651 7684
f 10653 7683 7682
f 10653 10652 7683
f 10654 7682 7686
f 10654 10653 7682
f 10655 7687 7688
f 10655 7686 7687
f 10655 10654 7686
f 10656 7688 7689
f 10656 10655 7688
f 10657 7689 7690
f 10657 10656 7689
f 10658 10657 7690
f 10658 7690 7691
f 10659 10658 7691
f 10659 7691 7692
f 10660 7692 7693
f 10660 10659 7692
f 10661 10660 7693
f 10661 7693 7694
f 10662 7695 7696
f 10662 7694 7695
f 10662 10661 7694
f 10663 7696 7697
f 10663 10662 7696
f 10664 7697 7698
f 10664 10663 7697
f 10665 7698 7699
f 10665 10664 7698
f 10666 7699 7700
f 10666 10665 7699
f 10667 7700 7701
f 10667 10666 7700
f 10668 7701 7702
f 10668 10667 7701
f 10669 7702 7703
f 10669 10668 7702
f 10670 7703 7704
f 10670 10669 7703
f 10533 7704 7705
f 10533 10670 7704
f 10496 7793 7790
f 10498 7795 7793
f 10498 7793 10496
f 10499 7797 7795
f 10499 7795 10498
f 10500 7799 7797
f 10500 7797 10499
f 10501 7801 7799
f 10501 7799 10500
f 10502 7803 7801
f 10502 7801 10501
f 10503 7805 7803
f 10503 7803 10502
f 10504 7807 7805
f 10504 7805 10503
f 10505 7809 7807
f 10505 7807 10504
f 10506 7809 10505
f 10506 7811 7809
f 10507 7811 10506
f 10507 7813 7811
f 10508 7813 10507
f 10508 7815 7813
f 10509 7815 10508
f 10509 7817 7815
f 10510 7819 7817
f 10510 7817 10509
f 10511 7821 7819
f 10511 7819 10510
f 10512 7823 7821
f 10512 7821 10511
f 10513 7825 7823
f 10513 7823 10512
f 10514 7827 7825
f 10514 7825 10513
f 10515 7829 7827
f 10515 7827 10514
f 10516 7829 10515
f 7831 7829 10516
f 10517 7831 10516
f 7833 7831 10517
f 10518 7833 10517
f 7835 7833 10518
f 10519 7835 10518
f 7836 7835 10519
f 10618 7838 7836
f 10620 10618 7836
f 10622 10620 7836
f 10624 10622 7836
f 10625 10624 7836
f 10627 10625 7836
f 10629 10627 7836
f 10631 10629 7836
f 10633 10631 7836
f 10634 10633 7836
f 10636 10634 7836
f 10638 7836 10519
f 10638 10636 7836
f 10521 10638 10519
f 8403 10671 10497
f 8403 10497 8404
f 8405 10672 10671
f 8405 10671 8403
f 8406 10673 10672
f 8406 10672 8405
f 8407 10674 10673
f 8407 10673 8406
f 8408 10675 10674
f 8408 10674 8407
f 8409 10676 10675
f 8409 10675 8408
f 8410 10677 10676
f 8410 10676 8409
f 8411 10678 10677
f 8411 10677 8410
f 8412 10678 8411
f 8412 10679 10678
f 8413 10679 8412
f 8413 10680 10679
f 8414 10680 8413
f 8414 10681 10680
f 8415 10681 8414
f 8415 10682 10681
f 8416 10683 10682
f 8416 10682 8415
f 8417 10684 10683
f 8417 10683 8416
f 8418 10685 10684
f 8418 10684 8417
f 8419 10686 10685
f 8419 10685 8418
f 8420 10687 10686
f 8420 10686 8419
f 8421 10688 10687
f 8421 10687 8420
f 8422 10689 10688
f 8422 10688 8421
f 8423 10690 10689
f 8423 10689 8422
f 8424 10691 10690
f 8424 10690 8423
f 8425 10692 10691
f 8425 10691 8424
f 10693 10694 10692
f 10695 10693 10692
f 8426 10692 8425
f 8426 10696 10697
f 8426 10697 10695
f 8426 10695 10692
f 10698 10696 8426
f 10699 10698 8426
f 10700 10699 8426
f 10701 10700 8426
f 10702 10701 8426
f 10703 10702 8426
f 10704 10703 8426
f 10705 10704 8426
f 8427 10705 8426
f 8656 8621 10706
f 8656 10706 10707
f 8629 10707 10708
f 8629 8656 10707
f 8630 8629 10708
f 8630 10708 10709
f 8631 8630 10709
f 8631 10709 10710
f 8632 8631 10710
f 8632 10710 10711
f 8633 8632 10711
f 8633 10711 10712
f 8634 8633 10712
f 8634 10712 10713
f 8635 8634 10713
f 8635 10713 10714
f 8636 8635 10714
f 8636 10714 10715
f 8637 8636 10715
f 8638 8637 10715
f 8638 10715 10716
f 8639 10716 10717
f 8639 8638 10716
f 8623 10717 10718
f 8623 8639 10717
f 8624 10718 10719
f 8624 8623 10718
f 8625 10719 10720
f 8625 8624 10719
f 8626 10720 10721
f 8626 8625 10720
f 8627 10721 10722
f 8627 8626 10721
f 8628 8627 10722
f 8640 10722 10723
f 8640 8628 10722
f 8641 10723 10724
f 8641 8640 10723
f 8642 10724 10725
f 8642 8641 10724
f 8643 10725 10726
f 8643 8642 10725
f 8644 8643 10726
f 8535 10726 10727
f 8535 8644 10726
f 8534 10727 10728
f 8534 8535 10727
f 8533 10728 10729
f 8533 8534 10728
f 8532 10729 10730
f 8532 8533 10729
f 8531 8532 10730
f 8530 10730 10731
f 8530 8531 10730
f 8529 8530 10731
f 8529 10731 10732
f 8528 8529 10732
f 8528 10732 10733
f 8527 8528 10733
f 8527 10733 10734
f 8526 8527 10734
f 8524 8526 10734
f 8524 10734 10735
f 8525 8524 10735
f 8525 10735 10736
f 8537 8525 10736
f 8537 10736 10737
f 8503 8537 10737
f 8503 10737 10738
f 8502 8503 10738
f 8500 8502 10738
f 8500 10738 10739
f 8501 8500 10739
f 8501 10739 10740
f 8512 8501 10740
f 8512 10740 10741
f 8511 8512 10741
f 8511 10741 10742
f 8510 8511 10742
f 8509 8510 10742
f 8509 10742 10743
f 8508 8509 10743
f 8508 10743 10744
f 8507 8508 10744
f 8507 10744 10745
f 8506 10745 10746
f 8506 8507 10745
f 8505 10746 10747
f 8505 8506 10746
f 8504 10747 10748
f 8504 8505 10747
f 8470 8504 10748
f 8470 10748 10749
f 8471 10749 10750
f 8471 8470 10749
f 8472 10750 10751
f 8472 8471 10750
f 8473 8472 10751
f 8474 10751 10752
f 8474 8473 10751
f 8475 10752 10753
f 8475 8474 10752
f 8476 10753 10754
f 8476 8475 10753
f 8477 10754 10755
f 8477 8476 10754
f 8478 8477 10755
f 8479 8478 10755
f 8479 10755 10756
f 8480 8479 10756
f 8480 10756 10757
f 8481 8480 10757
f 8481 10757 10758
f 8482 8481 10758
f 8482 10758 10759
f 8483 8482 10759
f 8483 10759 10760
f 8484 8483 10760
f 8484 10760 10761
f 8485 8484 10761
f 8486 8485 10761
f 8486 10761 10762
f 8462 8486 10762
f 8462 10762 10763
f 8463 8462 10763
f 8463 10763 10764
f 8464 8463 10764
f 8464 10764 10765
f 8465 8464 10765
f 8466 8465 10765
f 8466 10765 10766
f 8467 8466 10766
f 8467 10766 10767
f 8468 8467 10767
f 8469 8468 10767
f 8469 10767 10768
f 8498 8469 10768
f 8461 8498 10768
f 8461 10768 10769
f 8460 8461 10769
f 8460 10769 10770
f 8459 8460 10770
f 8457 8459 10770
f 8457 10770 10771
f 8458 8457 10771
f 8458 10771 10772
f 8456 8458 10772
f 8455 8456 10772
f 8455 10772 10773
f 8454 8455 10773
f 8454 10773 10774
f 8453 8454 10774
f 8452 10774 10775
f 8452 8453 10774
f 8451 8452 10775
f 8450 8451 10775
f 8450 10775 10776
f 8449 8450 10776
f 8449 10776 10777
f 8448 8449 10777
f 8447 8448 10777
f 8447 10777 10778
f 8446 8447 10778
f 8446 10778 10779
f 8445 8446 10779
f 8444 8445 10779
f 8444 10779 10780
f 8443 8444 10780
f 8443 10780 10781
f 8442 8443 10781
f 8441 10781 10782
f 8441 8442 10781
f 8440 8441 10782
f 8439 10782 10783
f 8439 8440 10782
f 8438 10783 10784
f 8438 8439 10783
f 8437 8438 10784
f 8436 10784 10785
f 8436 8437 10784
f 8435 10785 10786
f 8435 8436 10785
f 8434 8435 10786
f 8428 10786 10787
f 8428 8434 10786
f 8429 8428 10787
f 8430 10787 10788
f 8430 8429 10787
f 8431 10788 10789
f 8431 8430 10788
f 8432 8431 10789
f 8433 10789 10790
f 8433 8432 10789
f 8427 8433 10790
f 10705 10790 10791
f 10705 8427 10790
f 10704 10791 10792
f 10704 10705 10791
f 10703 10792 10793
f 10703 10704 10792
f 10702 10793 10794
f 10702 10703 10793
f 10701 10794 10795
f 10701 10702 10794
f 10700 10795 10796
f 10700 10701 10795
f 10699 10700 10796
f 10698 10699 10796
f 10698 10796 10797
f 10696 10698 10797
f 10696 10797 10798
f 10697 10696 10798
f 10697 10798 10799
f 10695 10799 10800
f 10695 10697 10799
f 10693 10695 10800
f 10694 10800 10801
f 10694 10693 10800
f 10802 10801 10803
f 10802 10694 10801
f 10804 10803 10805
f 10804 10802 10803
f 10806 10804 10805
f 10806 10805 10807
f 10808 10806 10807
f 10809 10807 10810
f 10809 10808 10807
f 10811 10810 10812
f 10811 10809 10810
f 10813 10812 10814
f 10813 10811 10812
f 10815 10814 10816
f 10815 10813 10814
f 10817 10815 10816
f 10818 10816 10819
f 10818 10817 10816
f 10820 10819 10821
f 10820 10818 10819
f 10822 10821 10823
f 10822 10820 10821
f 8595 10823 10824
f 8595 10822 10823
f 8596 10824 10825
f 8596 8595 10824
f 8597 10825 10826
f 8597 8596 10825
f 8598 8597 10826
f 8599 10826 10827
f 8599 8598 10826
f 8600 10827 10828
f 8600 8599 10827
f 8601 10828 10829
f 8601 8600 10828
f 8602 10829 10830
f 8602 8601 10829
f 8603 8602 10830
f 8604 10830 10831
f 8604 8603 10830
f 8605 8604 10831
f 8605 10831 10832
f 8606 8605 10832
f 8606 10832 10833
f 8607 8606 10833
f 8607 10833 10834
f 8608 8607 10834
f 8608 10834 10835
f 8609 8608 10835
f 8609 10835 10836
f 8610 8609 10836
f 8611 8610 10836
f 8611 10836 10837
f 8612 8611 10837
f 8612 10837 10838
f 8613 8612 10838
f 8613 10838 10839
f 8614 8613 10839
f 8614 10839 10840
f 8615 8614 10840
f 8615 10840 10841
f 8616 8615 10841
f 8618 10841 10842
f 8618 8616 10841
f 8619 10842 10843
f 8619 8618 10842
f 8620 10843 10706
f 8620 8619 10843
f 8621 8620 10706
f 10497 8550 8547
f 10671 8552 8550
f 10671 8550 10497
f 10672 8554 8552
f 10672 8552 10671
f 10673 8556 8554
f 10673 8554 10672
f 10674 8558 8556
f 10674 8556 10673
f 10675 8560 8558
f 10675 8558 10674
f 10676 8562 8560
f 10676 8560 10675
f 10677 8564 8562
f 10677 8562 10676
f 10678 8566 8564
f 10678 8564 10677
f 10679 8566 10678
f 10679 8568 8566
f 10680 8568 10679
f 10680 8570 8568
f 10681 8570 10680
f 10681 8572 8570
f 10682 8572 10681
f 10682 8574 8572
f 10683 8576 8574
f 10683 8574 10682
f 10684 8578 8576
f 10684 8576 10683
f 10685 8580 8578
f 10685 8578 10684
f 10686 8582 8580
f 10686 8580 10685
f 10687 8584 8582
f 10687 8582 10686
f 10688 8586 8584
f 10688 8584 10687
f 10689 8586 10688
f 8588 8586 10689
f 10690 8588 10689
f 8590 8588 10690
f 10691 8590 10690
f 8592 8590 10691
f 10692 8592 10691
f 8593 8592 10692
f 10822 8595 8593
f 10820 10822 8593
f 10818 10820 8593
f 10817 10818 8593
f 10815 10817 8593
f 10813 10815 8593
f 10811 10813 8593
f 10809 10811 8593
f 10808 10809 8593
f 10806 10808 8593
f 10804 10806 8593
f 10802 8593 10692
f 10802 10804 8593
f 10694 10802 10692
f 10844 9791 9789
f 10137 10844 9789
f 10845 10844 10137
f 10138 10845 10137
f 10846 10845 10138
f 10139 10846 10138
f 10847 10846 10139
f 10140 10847 10139
f 10848 10847 10140
f 10141 10848 10140
f 10849 10848 10141
f 10142 10849 10141
f 10850 10849 10142
f 10143 10850 10142
f 10851 10850 10143
f 10144 10851 10143
f 10852 10851 10144
f 10145 10852 10144
f 9605 10852 10145
f 9608 9605 10145
f 9610 9608 10145
f 10853 9793 9791
f 10844 10853 9791
f 10854 10853 10844
f 10845 10854 10844
f 10855 10854 10845
f 10846 10855 10845
f 10856 10855 10846
f 10847 10856 10846
f 10857 10856 10847
f 10848 10857 10847
f 10858 10857 10848
f 10849 10858 10848
f 10859 10858 10849
f 10850 10859 10849
f 10860 10859 10850
f 10851 10860 10850
f 10861 10860 10851
f 10852 10861 10851
f 9603 10861 10852
f 9605 9603 10852
f 10862 9795 9793
f 10853 10862 9793
f 10863 10862 10853
f 10854 10863 10853
f 10864 10863 10854
f 10855 10864 10854
f 10865 10864 10855
f 10856 10865 10855
f 10866 10865 10856
f 10857 10866 10856
f 10867 10866 10857
f 10858 10867 10857
f 10868 10867 10858
f 10859 10868 10858
f 10869 10868 10859
f 10860 10869 10859
f 10870 10869 10860
f 10861 10870 10860
f 9601 10870 10861
f 9603 9601 10861
f 10871 9797 9795
f 10862 10871 9795
f 10872 10871 10862
f 10863 10872 10862
f 10873 10872 10863
f 10864 10873 10863
f 10874 10873 10864
f 10865 10874 10864
f 10875 10874 10865
f 10866 10875 10865
f 10876 10875 10866
f 10867 10876 10866
f 10877 10876 10867
f 10868 10877 10867
f 10878 10877 10868
f 10869 10878 10868
f 10879 10878 10869
f 10870 10879 10869
f 9600 10879 10870
f 9601 9600 10870
f 10880 9799 9797
f 10871 10880 9797
f 10881 10880 10871
f 10872 10881 10871
f 10882 10881 10872
f 10873 10882 10872
f 10883 10882 10873
f 10874 10883 10873
f 10884 10883 10874
f 10875 10884 10874
f 10885 10884 10875
f 10876 10885 10875
f 10886 10885 10876
f 10877 10886 10876
f 10887 10886 10877
f 10878 10887 10877
f 10888 10887 10878
f 10879 10888 10878
f 9598 10888 10879
f 9600 9598 10879
f 10880 10889 9798
f 10880 9798 9799
f 10881 10890 10889
f 10881 10889 10880
f 10882 10891 10890
f 10882 10890 10881
f 10883 10892 10891
f 10883 10891 10882
f 10884 10893 10892
f 10884 10892 10883
f 10885 10894 10893
f 10885 10893 10884
f 10886 10894 10885
f 10895 10894 10886
f 10887 10895 10886
f 10896 10895 10887
f 10888 10897 10896
f 10888 10896 10887
f 9596 10897 10888
f 9598 9596 10888
f 10889 10898 9796
f 10889 9796 9798
f 10890 10899 10898
f 10890 10898 10889
f 10891 10900 10899
f 10891 10899 10890
f 10892 10901 10900
f 10892 10900 10891
f 10893 10902 10901
f 10893 10901 10892
f 10894 10903 10902
f 10894 10902 10893
f 10895 10903 10894
f 10904 10903 10895
f 10896 10904 10895
f 10905 10904 10896
f 10897 10906 10905
f 10897 10905 10896
f 9593 10906 10897
f 9596 9593 10897
f 10898 10907 9794
f 10898 9794 9796
f 10899 10908 10907
f 10899 10907 10898
f 10900 10909 10908
f 10900 10908 10899
f 10901 10910 10909
f 10901 10909 10900
f 10902 10911 10910
f 10902 10910 10901
f 10903 10912 10911
f 10903 10911 10902
f 10904 10912 10903
f 10913 10912 10904
f 10905 10913 10904
f 10914 10913 10905
f 10906 10915 10914
f 10906 10914 10905
f 9588 10915 10906
f 9591 9588 10906
f 9593 9591 10906
f 10907 10916 9792
f 10907 9792 9794
f 10908 10917 10916
f 10908 10916 10907
f 10909 10918 10917
f 10909 10917 10908
f 10910 10919 10918
f 10910 10918 10909
f 10911 10920 10919
f 10911 10919 10910
f 10912 10921 10920
f 10912 10920 10911
f 10913 10921 10912
f 10922 10921 10913
f 10914 10922 10913
f 10923 10922 10914
f 10915 10924 10923
f 10915 10923 10914
f 9585 9582 10924
f 9585 10924 10915
f 9588 9585 10915
f 10916 10925 9790
f 10916 9790 9792
f 10917 10926 10925
f 10917 10925 10916
f 10918 10927 10926
f 10918 10926 10917
f 10919 10928 10927
f 10919 10927 10918
f 10920 10929 10928
f 10920 10928 10919
f 10921 10929 10920
f 10930 10929 10921
f 10922 10930 10921
f 10931 10930 10922
f 10923 10931 10922
f 10932 10931 10923
f 10924 10933 10932
f 10924 10932 10923
f 9579 9574 10933
f 9582 10933 10924
f 9582 9579 10933
f 10925 10934 9788
f 10925 9788 9790
f 10926 10935 10934
f 10926 10934 10925
f 10927 10936 10935
f 10927 10935 10926
f 10928 10937 10936
f 10928 10936 10927
f 10929 10938 10937
f 10929 10937 10928
f 10930 10938 10929
f 10939 10938 10930
f 10931 10939 10930
f 10940 10939 10931
f 10932 10940 10931
f 10941 10940 10932
f 10933 10942 10941
f 10933 10941 10932
f 9574 9569 10942
f 9574 10942 10933
f 10934 10943 9787
f 10934 9787 9788
f 10935 10944 10943
f 10935 10943 10934
f 10936 10945 10944
f 10936 10944 10935
f 10937 10946 10945
f 10937 10945 10936
f 10938 10947 10946
f 10938 10946 10937
f 10939 10947 10938
f 10948 10947 10939
f 10940 10948 10939
f 10949 10948 10940
f 10941 10949 10940
f 10950 10949 10941
f 10942 10950 10941
f 9563 10950 10942
f 9569 9563 10942
f 10943 9786 9787
f 10951 9786 10943
f 10944 10951 10943
f 10952 10951 10944
f 10945 10952 10944
f 10953 10952 10945
f 10946 10953 10945
f 10954 10953 10946
f 10947 10954 10946
f 10955 10954 10947
f 10948 10955 10947
f 10956 10955 10948
f 10949 10956 10948
f 10957 10956 10949
f 10950 10957 10949
f 9557 10957 10950
f 9563 9557 10950
f 10951 10958 9785
f 10951 9785 9786
f 10952 10959 10958
f 10952 10958 10951
f 10953 10960 10959
f 10953 10959 10952
f 10954 10961 10960
f 10954 10960 10953
f 10955 10961 10954
f 10962 10961 10955
f 10956 10962 10955
f 10963 10962 10956
f 10957 10964 10963
f 10957 10963 10956
f 9557 9550 10964
f 9557 10964 10957
f 10958 10965 9784
f 10958 9784 9785
f 10959 10966 10965
f 10959 10965 10958
f 10960 10967 10966
f 10960 10966 10959
f 10961 10968 10967
f 10961 10967 10960
f 10962 10968 10961
f 10969 10968 10962
f 10963 10969 10962
f 10970 10969 10963
f 10964 10971 10970
f 10964 10970 10963
f 9550 9543 10971
f 9550 10971 10964
f 10965 10972 9783
f 10965 9783 9784
f 10966 10973 10972
f 10966 10972 10965
f 10967 10974 10973
f 10967 10973 10966
f 10968 10974 10967
f 10975 10974 10968
f 10969 10975 10968
f 10976 10975 10969
f 10970 10976 10969
f 10977 10976 10970
f 10971 10978 10977
f 10971 10977 10970
f 9543 9536 10978
f 9543 10978 10971
f 10972 10979 9782
f 10972 9782 9783
f 10973 10980 10979
f 10973 10979 10972
f 10974 10981 10980
f 10974 10980 10973
f 10975 10981 10974
f 10982 10981 10975
f 10976 10982 10975
f 10983 10982 10976
f 10977 10983 10976
f 10984 10983 10977
f 10978 10985 10984
f 10978 10984 10977
f 9536 9529 10985
f 9536 10985 10978
f 10979 10986 9781
f 10979 9781 9782
f 10980 10987 10986
f 10980 10986 10979
f 10981 10988 10987
f 10981 10987 10980
f 10982 10988 10981
f 10989 10988 10982
f 10983 10989 10982
f 10990 10989 10983
f 10984 10990 10983
f 10991 10990 10984
f 10985 10991 10984
f 9522 10991 10985
f 9529 9522 10985
f 10986 10992 9780
f 10986 9780 9781
f 10987 10993 10992
f 10987 10992 10986
f 10988 10993 10987
f 10994 10993 10988
f 10989 10994 10988
f 10995 10994 10989
f 10990 10995 10989
f 10996 10995 10990
f 10991 10997 10996
f 10991 10996 10990
f 9522 9515 10997
f 9522 10997 10991
f 10992 10998 9779
f 10992 9779 9780
f 10993 10999 10998
f 10993 10998 10992
f 10994 10999 10993
f 11000 10999 10994
f 10995 11000 10994
f 11001 11000 10995
f 10996 11001 10995
f 11002 11001 10996
f 10997 11002 10996
f 11003 11002 10997
f 9515 9507 11003
f 9515 11003 10997
f 10998 11004 9778
f 10998 9778 9779
f 10999 11005 11004
f 10999 11004 10998
f 11000 11005 10999
f 11006 11005 11000
f 11001 11006 11000
f 11007 11006 11001
f 11002 11007 11001
f 11008 11007 11002
f 11003 11008 11002
f 9500 11008 11003
f 9507 9500 11003
f 11004 11009 9777
f 11004 9777 9778
f 11005 11009 11004
f 11010 11009 11005
f 11006 11010 11005
f 11011 11010 11006
f 11007 11011 11006
f 11012 11011 11007
f 11008 11012 11007
f 11013 11012 11008
f 9500 9495 11013
f 9500 11013 11008
f 11010 9758 11009
f 9757 9758 11010
f 11011 9757 11010
f 9759 9757 11011
f 11012 9759 11011
f 9760 9759 11012
f 11013 9760 11012
f 9761 9760 11013
f 9490 9487 9761
f 9495 9761 11013
f 9495 9490 9761
f 11014 9758 9763
f 11014 9763 9777
f 11014 9777 11009
f 11014 11009 9758
f 11015 9469 9470
f 11015 9468 9469
f 11015 9467 9468
f 11015 9466 9467
f 11015 9465 9466
f 11016 11017 11015
f 11016 11015 9470
f 11016 9472 9473
f 11016 9471 9472
f 11016 9470 9471
f 11018 11019 11017
f 11018 11017 11016
f 11020 11021 11019
f 11020 11019 11018
f 11022 11023 11021
f 11022 11021 11020
f 11024 11025 11023
f 11024 11023 11022
f 11026 11027 11025
f 11026 11025 11024
f 11028 11029 11027
f 11028 11027 11026
f 11030 11031 11029
f 11030 11029 11028
f 11032 11033 11031
f 11032 11031 11030
f 11034 11035 11033
f 11034 11033 11032
f 11036 11037 11035
f 11036 11035 11034
f 11038 11039 11037
f 11038 11037 11036
f 11040 11041 11039
f 11040 11039 11038
f 11042 11043 11041
f 11042 11041 11040
f 11044 11043 11042
f 11045 11043 11044
f 11046 11045 11044
f 11047 11045 11046
f 11048 11047 11046
f 11049 11047 11048
f 11050 11049 11048
f 11051 11049 11050
f 11052 11051 11050
f 11053 11051 11052
f 11054 11053 11052
f 11055 11053 11054
f 11056 11055 11054
f 11057 11055 11056
f 11058 11059 11057
f 11058 11057 11056
f 11060 11059 11058
f 11061 11060 11058
f 11061 11062 11060
f 11063 11062 11061
f 11063 11064 11062
f 11065 11064 11063
f 11065 11066 11064
f 11067 11066 11065
f 11067 11068 11066
f 11069 11068 11067
f 11069 11070 11068
f 11071 11070 11069
f 11071 11072 11070
f 11073 11074 11072
f 11073 11072 11071
f 11075 11076 11074
f 11075 11074 11073
f 11077 11078 11076
f 11077 11076 11075
f 11079 11080 11078
f 11079 11078 11077
f 11081 11082 11080
f 11081 11080 11079
f 11083 11084 11082
f 11083 11082 11081
f 11085 11086 11084
f 11085 11084 11083
f 11087 11088 11086
f 11087 11086 11085
f 11089 11090 11088
f 11089 11088 11087
f 11091 11092 11090
f 11091 11090 11089
f 11093 11094 11092
f 11093 11095 11094
f 11093 11092 11091
f 11096 11097 11095
f 11096 11095 11093
f 11098 11099 11097
f 11098 11097 11096
f 11100 11101 11099
f 11100 11099 11098
f 11102 11101 11100
f 11016 9475 9476
f 11016 9474 9475
f 11016 9473 9474
f 11103 11018 11016
f 11103 9479 9480
f 11103 9477 9479
f 11103 9476 9477
f 11103 11016 9476
f 11104 11020 11018
f 11104 11018 11103
f 11105 11022 11020
f 11105 11020 11104
f 11106 11024 11022
f 11106 11022 11105
f 11107 11026 11024
f 11107 11024 11106
f 11108 11028 11026
f 11108 11026 11107
f 11109 11030 11028
f 11109 11028 11108
f 11110 11032 11030
f 11110 11030 11109
f 11111 11034 11032
f 11111 11032 11110
f 11112 11036 11034
f 11112 11034 11111
f 11113 11038 11036
f 11113 11036 11112
f 11114 11040 11038
f 11114 11038 11113
f 11115 11042 11040
f 11115 11040 11114
f 11116 11044 11042
f 11116 11042 11115
f 11117 11044 11116
f 11046 11044 11117
f 11118 11046 11117
f 11048 11046 11118
f 11119 11048 11118
f 11050 11048 11119
f 11120 11050 11119
f 11052 11050 11120
f 11121 11052 11120
f 11054 11052 11121
f 11122 11054 11121
f 11056 11054 11122
f 11123 11056 11122
f 11058 11056 11123
f 11124 11058 11123
f 11061 11058 11124
f 11125 11061 11124
f 11063 11061 11125
f 11126 11063 11125
f 11065 11063 11126
f 11127 11065 11126
f 11067 11065 11127
f 11128 11067 11127
f 11069 11067 11128
f 11129 11069 11128
f 11129 11071 11069
f 11130 11071 11129
f 11130 11073 11071
f 11131 11073 11130
f 11131 11075 11073
f 11132 11075 11131
f 11132 11077 11075
f 11133 11077 11132
f 11133 11079 11077
f 11134 11079 11133
f 11134 11081 11079
f 11135 11083 11081
f 11135 11081 11134
f 11136 11085 11083
f 11136 11083 11135
f 11137 11087 11085
f 11137 11085 11136
f 11138 11089 11087
f 11138 11087 11137
f 11139 11091 11089
f 11139 11089 11138
f 11140 11093 11091
f 11140 11091 11139
f 11141 11096 11093
f 11141 11093 11140
f 11142 11098 11096
f 11142 11096 11141
f 11143 11100 11098
f 11143 11098 11142
f 11144 11102 11100
f 11144 11100 11143
f 11103 9483 9485
f 11103 9482 9483
f 11103 9480 9482
f 9486 11103 9485
f 11145 11104 11103
f 11145 11103 9486
f 11145 9488 9489
f 11145 9486 9488
f 11146 11105 11104
f 11146 11104 11145
f 11147 11106 11105
f 11147 11105 11146
f 11148 11107 11106
f 11148 11106 11147
f 11149 11108 11107
f 11149 11107 11148
f 11150 11109 11108
f 11150 11108 11149
f 11151 11110 11109
f 11151 11109 11150
f 11152 11111 11110
f 11152 11110 11151
f 11153 11112 11111
f 11153 11111 11152
f 11154 11113 11112
f 11154 11112 11153
f 11155 11114 11113
f 11155 11113 11154
f 11156 11115 11114
f 11156 11114 11155
f 11157 11116 11115
f 11157 11115 11156
f 11158 11117 11116
f 11158 11116 11157
f 11159 11118 11117
f 11159 11117 11158
f 11160 11119 11118
f 11160 11118 11159
f 11161 11120 11119
f 11161 11119 11160
f 11162 11121 11120
f 11162 11120 11161
f 11163 11122 11121
f 11163 11121 11162
f 11164 11123 11122
f 11164 11122 11163
f 11165 11124 11123
f 11165 11123 11164
f 11166 11125 11124
f 11166 11124 11165
f 11126 11125 11166
f 11167 11126 11166
f 11127 11126 11167
f 11168 11127 11167
f 11128 11127 11168
f 11169 11128 11168
f 11169 11129 11128
f 11170 11129 11169
f 11170 11130 11129
f 11171 11130 11170
f 11171 11131 11130
f 11172 11131 11171
f 11172 11132 11131
f 11173 11132 11172
f 11173 11133 11132
f 11174 11133 11173
f 11174 11134 11133
f 11175 11134 11174
f 11175 11135 11134
f 11176 11135 11175
f 11176 11136 11135
f 11177 11137 11136
f 11177 11136 11176
f 11178 11138 11137
f 11178 11137 11177
f 11179 11139 11138
f 11179 11138 11178
f 11180 11140 11139
f 11180 11139 11179
f 11181 11141 11140
f 11181 11140 11180
f 11182 11142 11141
f 11182 11141 11181
f 11183 11143 11142
f 11183 11142 11182
f 11184 11144 11143
f 11184 11143 11183
f 11185 11144 11184
f 11145 9492 9493
f 11145 9491 9492
f 11145 9489 9491
f 9494 11145 9493
f 9496 11145 9494
f 11186 11146 11145
f 11186 11145 9496
f 11186 9497 9498
f 11186 9496 9497
f 11187 11147 11146
f 11187 11146 11186
f 11188 11148 11147
f 11188 11147 11187
f 11189 11149 11148
f 11189 11148 11188
f 11190 11150 11149
f 11190 11149 11189
f 11191 11151 11150
f 11191 11150 11190
f 11192 11152 11151
f 11192 11151 11191
f 11193 11153 11152
f 11193 11152 11192
f 11194 11154 11153
f 11194 11153 11193
f 11195 11155 11154
f 11195 11154 11194
f 11196 11156 11155
f 11196 11155 11195
f 11197 11157 11156
f 11197 11156 11196
f 11198 11158 11157
f 11198 11157 11197
f 11199 11159 11158
f 11199 11158 11198
f 11200 11160 11159
f 11200 11159 11199
f 11201 11161 11160
f 11201 11160 11200
f 11202 11161 11201
f 11162 11161 11202
f 11203 11163 11162
f 11203 11162 11202
f 11204 11164 11163
f 11204 11163 11203
f 11205 11165 11164
f 11205 11164 11204
f 11206 11166 11165
f 11206 11165 11205
f 11207 11167 11166
f 11207 11166 11206
f 11208 11168 11167
f 11208 11167 11207
f 11209 11169 11168
f 11209 11168 11208
f 11210 11169 11209
f 11210 11170 11169
f 11211 11170 11210
f 11211 11171 11170
f 11212 11171 11211
f 11212 11172 11171
f 11213 11172 11212
f 11213 11173 11172
f 11214 11173 11213
f 11214 11174 11173
f 11214 11175 11174
f 11215 11175 11214
f 11215 11176 11175
f 11216 11176 11215
f 11216 11177 11176
f 11217 11178 11177
f 11217 11177 11216
f 11218 11178 11217
f 11219 11179 11178
f 11219 11178 11218
f 11220 11180 11179
f 11220 11179 11219
f 11221 11181 11180
f 11221 11180 11220
f 11222 11182 11181
f 11222 11181 11221
f 11223 11183 11182
f 11223 11182 11222
f 11224 11184 11183
f 11224 11183 11223
f 11225 11185 11184
f 11225 11184 11224
f 11226 11185 11225
f 11186 9502 9503
f 11186 9501 9502
f 11186 9499 9501
f 11186 9498 9499
f 9504 11186 9503
f 11227 11187 11186
f 11227 11186 9504
f 11227 9506 9508
f 11227 9505 9506
f 11227 9504 9505
f 11228 11188 11187
f 11228 11187 11227
f 11229 11189 11188
f 11229 11188 11228
f 11230 11190 11189
f 11230 11189 11229
f 11231 11191 11190
f 11231 11190 11230
f 11232 11192 11191
f 11232 11191 11231
f 11233 11193 11192
f 11233 11192 11232
f 11234 11194 11193
f 11234 11193 11233
f 11235 11195 11194
f 11235 11194 11234
f 11236 11196 11195
f 11236 11195 11235
f 11237 11197 11196
f 11237 11196 11236
f 11238 11198 11197
f 11238 11197 11237
f 11239 11199 11198
f 11239 11198 11238
f 11240 11200 11199
f 11240 11199 11239
f 11241 11201 11200
f 11241 11200 11240
f 11242 11202 11201
f 11242 11201 11241
f 11243 11202 11242
f 11203 11202 11243
f 11244 11203 11243
f 11204 11203 11244
f 11245 11204 11244
f 11205 11204 11245
f 11246 11205 11245
f 11206 11205 11246
f 11247 11206 11246
f 11207 11206 11247
f 11248 11208 11207
f 11248 11207 11247
f 11249 11209 11208
f 11249 11208 11248
f 11250 11209 11249
f 11250 11210 11209
f 11251 11210 11250
f 11251 11211 11210
f 11252 11211 11251
f 11252 11212 11211
f 11253 11212 11252
f 11253 11213 11212
f 11254 11213 11253
f 11254 11214 11213
f 11255 11214 11254
f 11255 11215 11214
f 11256 11215 11255
f 11256 11216 11215
f 11257 11216 11256
f 11257 11217 11216
f 11258 11218 11217
f 11258 11217 11257
f 11259 11219 11218
f 11259 11218 11258
f 11260 11220 11219
f 11260 11219 11259
f 11261 11221 11220
f 11261 11220 11260
f 11262 11222 11221
f 11262 11221 11261
f 11263 11223 11222
f 11263 11222 11262
f 11264 11224 11223
f 11264 11223 11263
f 11265 11225 11224
f 11265 11224 11264
f 11266 11226 11225
f 11266 11225 11265
f 11227 9512 9513
f 11227 9511 9512
f 11227 9510 9511
f 11227 9509 9510
f 11227 9508 9509
f 9514 11227 9513
f 11267 11228 11227
f 11267 11227 9514
f 11267 9517 9518
f 11267 9516 9517
f 11267 9514 9516
f 11268 11229 11228
f 11268 11228 11267
f 11269 11230 11229
f 11269 11229 11268
f 11270 11231 11230
f 11270 11230 11269
f 11271 11232 11231
f 11271 11233 11232
f 11271 11231 11270
f 11272 11234 11233
f 11272 11233 11271
f 11273 11235 11234
f 11273 11234 11272
f 11274 11236 11235
f 11274 11235 11273
f 11275 11237 11236
f 11275 11236 11274
f 11276 11238 11237
f 11276 11237 11275
f 11277 11239 11238
f 11277 11238 11276
f 11278 11240 11239
f 11278 11239 11277
f 11279 11241 11240
f 11279 11240 11278
f 11280 11241 11279
f 11242 11241 11280
f 11281 11242 11280
f 11243 11242 11281
f 11282 11243 11281
f 11244 11243 11282
f 11283 11244 11282
f 11245 11244 11283
f 11284 11246 11245
f 11284 11245 11283
f 11285 11247 11246
f 11285 11246 11284
f 11286 11248 11247
f 11286 11247 11285
f 11287 11249 11248
f 11287 11248 11286
f 11288 11250 11249
f 11288 11249 11287
f 11289 11251 11250
f 11289 11250 11288
f 11290 11251 11289
f 11290 11252 11251
f 11291 11252 11290
f 11291 11253 11252
f 11292 11253 11291
f 11292 11254 11253
f 11293 11254 11292
f 11293 11255 11254
f 11294 11255 11293
f 11294 11256 11255
f 11295 11256 11294
f 11295 11257 11256
f 11296 11257 11295
f 11296 11258 11257
f 11297 11258 11296
f 11297 11259 11258
f 11298 11260 11259
f 11298 11259 11297
f 11299 11261 11260
f 11299 11260 11298
f 11300 11262 11261
f 11300 11261 11299
f 11301 11263 11262
f 11301 11262 11300
f 11302 11264 11263
f 11302 11263 11301
f 11303 11265 11264
f 11303 11264 11302
f 11304 11266 11265
f 11304 11265 11303
f 11267 9524 9525
f 11267 9523 9524
f 11267 9521 9523
f 11267 9520 9521
f 11267 9519 9520
f 11267 9518 9519
f 11305 11268 11267
f 11305 9528 9530
f 11305 9527 9528
f 11305 9526 9527
f 11305 9525 9526
f 11305 11267 9525
f 11306 11269 11268
f 11306 11268 11305
f 11307 11270 11269
f 11307 11269 11306
f 11308 11271 11270
f 11308 11270 11307
f 11309 11272 11271
f 11309 11271 11308
f 11310 11273 11272
f 11310 11272 11309
f 11311 11274 11273
f 11311 11273 11310
f 11312 11275 11274
f 11312 11274 11311
f 11313 11276 11275
f 11313 11275 11312
f 11314 11277 11276
f 11314 11276 11313
f 11315 11278 11277
f 11315 11277 11314
f 11316 11278 11315
f 11279 11278 11316
f 11317 11279 11316
f 11280 11279 11317
f 11318 11280 11317
f 11319 11280 11318
f 11319 11281 11280
f 11320 11281 11319
f 11321 11281 11320
f 11322 11281 11321
f 11323 11281 11322
f 11324 11281 11323
f 11325 11281 11324
f 11326 11281 11325
f 11327 11281 11326
f 11328 11281 11327
f 11329 11281 11328
f 11330 11281 11329
f 11331 11281 11330
f 11282 11281 11331
f 11282 11331 11332
f 11282 11332 11333
f 11334 11282 11333
f 11335 11282 11334
f 11336 11282 11335
f 11337 11282 11336
f 11338 11282 11337
f 11339 11282 11338
f 11340 11282 11339
f 11341 11282 11340
f 11342 11282 11341
f 11343 11282 11342
f 11344 11282 11343
f 11283 11345 11346
f 11283 11346 11347
f 11283 11347 11348
f 11283 11348 11349
f 11283 11349 11350
f 11283 11350 11351
f 11283 11351 11352
f 11283 11352 11353
f 11283 11353 11354
f 11283 11354 11355
f 11356 11283 11355
f 11357 11283 11356
f 11358 11283 11357
f 11359 11283 11358
f 11360 11283 11359
f 11361 11283 11360
f 11362 11283 11361
f 11363 11283 11362
f 11364 11283 11363
f 11284 11364 11365
f 11284 11365 11366
f 11284 11366 11367
f 11284 11367 11368
f 11284 11283 11364
f 11369 11284 11368
f 11285 11284 11369
f 11370 11285 11369
f 11286 11285 11370
f 11371 11286 11370
f 11287 11286 11371
f 11372 11287 11371
f 11288 11287 11372
f 11373 11289 11288
f 11373 11288 11372
f 11374 11290 11289
f 11374 11289 11373
f 11375 11291 11290
f 11375 11290 11374
f 11376 11292 11291
f 11376 11291 11375
f 11377 11293 11292
f 11377 11292 11376
f 11378 11294 11293
f 11378 11293 11377
f 11379 11295 11294
f 11379 11294 11378
f 11380 11296 11295
f 11380 11295 11379
f 11381 11297 11296
f 11381 11296 11380
f 11382 11298 11297
f 11382 11297 11381
f 11383 11299 11298
f 11383 11298 11382
f 11384 11300 11299
f 11384 11299 11383
f 11385 11301 11300
f 11385 11300 11384
f 11386 11302 11301
f 11386 11301 11385
f 11387 11303 11302
f 11387 11302 11386
f 11388 11304 11303
f 11388 11303 11387
f 11283 11282 11389
f 11389 11282 11344
f 11283 11389 11345
f 11305 9533 9534
f 11305 9532 9533
f 11305 9531 9532
f 11305 9530 9531
f 9535 11305 9534
f 9537 11305 9535
f 11390 11306 11305
f 11390 9540 9541
f 11390 9539 9540
f 11390 9538 9539
f 11390 9537 9538
f 11390 11305 9537
f 11391 11307 11306
f 11391 11306 11390
f 11392 11308 11307
f 11392 11307 11391
f 11393 11309 11308
f 11393 11308 11392
f 11394 11310 11309
f 11394 11309 11393
f 11395 11310 11394
f 11395 11311 11310
f 11396 11311 11395
f 11396 11312 11311
f 11397 11312 11396
f 11397 11313 11312
f 11398 11313 11397
f 11398 11314 11313
f 11399 11315 11314
f 11399 11314 11398
f 11400 11316 11315
f 11400 11315 11399
f 11401 11317 11316
f 11401 11316 11400
f 11402 11318 11317
f 11402 11317 11401
f 11403 11319 11318
f 11403 11318 11402
f 11404 11320 11319
f 11405 11404 11319
f 11406 11405 11319
f 11407 11406 11319
f 11408 11407 11319
f 11409 11408 11319
f 11410 11409 11319
f 11411 11410 11319
f 11412 11319 11403
f 11412 11411 11319
f 11413 11412 11403
f 11414 11413 11403
f 11415 11414 11403
f 11416 11415 11403
f 11390 9546 9547
f 11390 9545 9546
f 11390 9544 9545
f 11390 9542 9544
f 11390 9541 9542
f 9548 11390 9547
f 11417 9553 9554
f 11417 9552 9553
f 11417 9551 9552
f 11417 9549 9551
f 11417 9548 9549
f 11417 11390 9548
f 11418 11391 11390
f 11418 11390 11417
f 11419 11392 11391
f 11419 11391 11418
f 11420 11393 11392
f 11420 11392 11419
f 11421 11394 11393
f 11421 11393 11420
f 11422 11394 11421
f 11422 11395 11394
f 11423 11396 11395
f 11423 11395 11422
f 11424 11396 11423
f 11424 11397 11396
f 11425 11398 11397
f 11425 11397 11424
f 11426 11399 11398
f 11426 11398 11425
f 11427 11400 11399
f 11427 11399 11426
f 11428 11401 11400
f 11428 11400 11427
f 11429 11402 11401
f 11429 11401 11428
f 11430 11403 11402
f 11430 11402 11429
f 11431 11416 11403
f 11432 11431 11403
f 11433 11432 11403
f 11434 11433 11403
f 11435 11434 11403
f 11436 11403 11430
f 11436 11435 11403
f 11437 11435 11436
f 11438 11437 11436
f 11439 11438 11436
f 11440 11439 11436
f 11441 11440 11436
f 11442 11441 11436
f 11443 11442 11436
f 11444 11443 11436
f 11417 9558 9559
f 11417 9556 9558
f 11417 9555 9556
f 11417 9554 9555
f 11445 9564 9565
f 11445 9562 9564
f 11445 9561 9562
f 11445 9560 9561
f 11445 9559 9560
f 11445 11417 9559
f 11446 11418 11417
f 11446 11417 11445
f 11447 11419 11418
f 11447 11418 11446
f 11448 11420 11419
f 11448 11419 11447
f 11449 11421 11420
f 11449 11420 11448
f 11450 11422 11421
f 11450 11421 11449
f 11451 11423 11422
f 11451 11422 11450
f 11452 11424 11423
f 11452 11423 11451
f 11453 11425 11424
f 11453 11424 11452
f 11454 11426 11425
f 11454 11425 11453
f 11455 11426 11454
f 11455 11427 11426
f 11456 11427 11455
f 11456 11428 11427
f 11457 11429 11428
f 11457 11428 11456
f 11458 11429 11457
f 11458 11430 11429
f 11436 11430 11458
f 11459 11444 11436
f 11459 11436 11458
f 11459 11460 11461
f 11459 11461 11444
f 11462 11460 11459
f 11463 11462 11459
f 11464 11463 11459
f 11465 11464 11459
f 11466 11465 11459
f 11467 11466 11459
f 11468 11467 11459
f 11469 11468 11459
f 11470 11469 11459
f 11471 11470 11459
f 11472 11471 11459
f 11473 11472 11459
f 11474 11473 11459
f 11475 11474 11459
f 11476 11477 11478
f 11476 11478 11479
f 11476 11479 11480
f 11476 11480 11481
f 11476 11481 11482
f 11476 11482 11475
f 11476 11475 11459
f 11483 11477 11476
f 11484 11483 11476
f 11485 11484 11476
f 11486 11485 11476
f 11487 11486 11476
f 11488 11487 11476
f 11489 11488 11476
f 11490 11489 11476
f 11491 11490 11476
f 11492 11491 11476
f 11493 11492 11476
f 11494 11495 11496
f 11494 11496 11497
f 11494 11497 11498
f 11494 11498 11499
f 11494 11499 11500
f 11494 11500 11501
f 11494 11501 11502
f 11494 11502 11503
f 11494 11503 11504
f 11494 11505 11506
f 11494 11506 11507
f 11494 11507 11508
f 11494 11508 11509
f 11494 11509 11510
f 11494 11510 11511
f 11494 11511 11512
f 11494 11512 11513
f 11494 11513 11514
f 11494 11514 11515
f 11494 11515 11516
f 11494 11516 11495
f 11517 11505 11494
f 11517 11518 11519
f 11517 11519 11520
f 11517 11520 11521
f 11517 11521 11522
f 11517 11522 11505
f 11523 11518 11517
f 11523 11524 11518
f 11525 11524 11523
f 11525 11526 11524
f 11527 11526 11525
f 11527 11528 11526
f 11529 11528 11527
f 11529 11530 11528
f 11531 11532 11530
f 11531 11530 11529
f 11533 11534 11532
f 11533 11532 11531
f 11535 11536 11534
f 11535 11534 11533
f 11537 11538 11536
f 11537 11536 11535
f 11539 11540 11538
f 11539 11538 11537
f 11541 11542 11540
f 11541 11540 11539
f 11543 11544 11542
f 11543 11542 11541
f 11545 11544 11543
f 11545 11546 11544
f 11547 11546 11545
f 11547 11548 11546
f 11549 11548 11547
f 11549 11550 11548
f 11551 11550 11549
f 11551 11552 11550
f 11553 11552 11551
f 11553 11554 11552
f 11555 11554 11553
f 11555 11556 11554
f 11557 11556 11555
f 11557 11558 11556
f 11559 11558 11557
f 11559 11560 11558
f 11561 11560 11559
f 11476 11494 11562
f 11562 11494 11504
f 11476 11562 11493
f 11445 9567 9568
f 11445 9566 9567
f 11445 9565 9566
f 11563 11445 9568
f 11563 9573 9575
f 11563 9572 9573
f 11563 9571 9572
f 11563 9570 9571
f 11563 9568 9570
f 11564 11446 11445
f 11564 11445 11563
f 11565 11447 11446
f 11565 11446 11564
f 11566 11448 11447
f 11566 11447 11565
f 11567 11449 11448
f 11567 11448 11566
f 11568 11449 11567
f 11569 11450 11449
f 11569 11449 11568
f 11570 11451 11450
f 11570 11450 11569
f 11571 11452 11451
f 11571 11451 11570
f 11572 11453 11452
f 11572 11452 11571
f 11573 11454 11453
f 11573 11453 11572
f 11574 11455 11454
f 11574 11454 11573
f 11575 11456 11455
f 11575 11455 11574
f 11576 11457 11456
f 11576 11456 11575
f 11577 11458 11457
f 11577 11457 11576
f 11578 11459 11458
f 11578 11458 11577
f 11579 11459 11578
f 11476 11459 11579
f 11580 11476 11579
f 11494 11476 11580
f 11581 11494 11580
f 11517 11494 11581
f 11582 11517 11581
f 11523 11517 11582
f 11583 11523 11582
f 11525 11523 11583
f 11584 11527 11525
f 11584 11525 11583
f 11585 11529 11527
f 11585 11527 11584
f 11586 11531 11529
f 11586 11529 11585
f 11587 11533 11531
f 11587 11531 11586
f 11588 11533 11587
f 11588 11535 11533
f 11589 11535 11588
f 11589 11537 11535
f 11590 11537 11589
f 11590 11539 11537
f 11591 11539 11590
f 11591 11541 11539
f 11592 11541 11591
f 11592 11543 11541
f 11593 11543 11592
f 11593 11545 11543
f 11594 11545 11593
f 11594 11547 11545
f 11595 11547 11594
f 11595 11549 11547
f 11596 11551 11549
f 11596 11549 11595
f 11597 11553 11551
f 11597 11551 11596
f 11598 11555 11553
f 11598 11553 11597
f 11599 11557 11555
f 11599 11555 11598
f 11600 11559 11557
f 11600 11557 11599
f 11601 11561 11559
f 11601 11559 11600
f 11602 11561 11601
f 11563 9578 9580
f 11563 9577 9578
f 11563 9576 9577
f 11563 9575 9576
f 11603 9584 9586
f 11603 9583 9584
f 11603 9581 9583
f 11603 9580 9581
f 11603 11563 9580
f 11604 11564 11563
f 11604 11563 11603
f 11605 11565 11564
f 11605 11564 11604
f 11606 11566 11565
f 11606 11565 11605
f 11607 11567 11566
f 11607 11566 11606
f 11608 11568 11567
f 11608 11567 11607
f 11609 11569 11568
f 11609 11568 11608
f 11610 11570 11569
f 11610 11569 11609
f 11611 11571 11570
f 11611 11570 11610
f 11612 11572 11571
f 11612 11571 11611
f 11613 11573 11572
f 11613 11572 11612
f 11614 11574 11573
f 11614 11573 11613
f 11615 11575 11574
f 11615 11574 11614
f 11616 11576 11575
f 11616 11575 11615
f 11617 11577 11576
f 11617 11576 11616
f 11618 11577 11617
f 11578 11577 11618
f 11619 11578 11618
f 11579 11578 11619
f 11620 11579 11619
f 11580 11579 11620
f 11621 11580 11620
f 11581 11580 11621
f 11622 11581 11621
f 11582 11581 11622
f 11623 11583 11582
f 11623 11582 11622
f 11624 11584 11583
f 11624 11583 11623
f 11625 11585 11584
f 11625 11584 11624
f 11626 11585 11625
f 11626 11586 11585
f 11627 11586 11626
f 11627 11587 11586
f 11628 11587 11627
f 11628 11588 11587
f 11629 11588 11628
f 11629 11589 11588
f 11630 11589 11629
f 11630 11590 11589
f 11631 11590 11630
f 11631 11591 11590
f 11632 11591 11631
f 11632 11592 11591
f 11633 11592 11632
f 11633 11593 11592
f 11634 11594 11593
f 11634 11593 11633
f 11635 11595 11594
f 11635 11594 11634
f 11636 11596 11595
f 11636 11595 11635
f 11637 11597 11596
f 11637 11596 11636
f 11638 11598 11597
f 11638 11597 11637
f 11639 11599 11598
f 11639 11598 11638
f 11640 11600 11599
f 11640 11599 11639
f 11641 11601 11600
f 11641 11600 11640
f 11642 11602 11601
f 11642 11601 11641
f 11643 11602 11642
f 11603 9589 9590
f 11603 9587 9589
f 11603 9586 9587
f 11644 9595 9597
f 11644 9594 9595
f 11644 9592 9594
f 11644 9590 9592
f 11644 11603 9590
f 11645 11604 11603
f 11645 11603 11644
f 11646 11605 11604
f 11646 11604 11645
f 11647 11606 11605
f 11647 11605 11646
f 11648 11607 11606
f 11648 11606 11647
f 11649 11608 11607
f 11649 11607 11648
f 11650 11609 11608
f 11650 11608 11649
f 11651 11610 11609
f 11651 11609 11650
f 11652 11611 11610
f 11652 11610 11651
f 11653 11612 11611
f 11653 11611 11652
f 11654 11613 11612
f 11654 11612 11653
f 11655 11614 11613
f 11655 11613 11654
f 11656 11615 11614
f 11656 11614 11655
f 11657 11615 11656
f 11616 11615 11657
f 11658 11616 11657
f 11617 11616 11658
f 11659 11617 11658
f 11618 11617 11659
f 11660 11618 11659
f 11619 11618 11660
f 11661 11619 11660
f 11620 11619 11661
f 11662 11620 11661
f 11621 11620 11662
f 11663 11621 11662
f 11622 11621 11663
f 11664 11622 11663
f 11623 11622 11664
f 11665 11623 11664
f 11624 11623 11665
f 11666 11624 11665
f 11625 11624 11666
f 11667 11625 11666
f 11626 11625 11667
f 11668 11627 11626
f 11668 11626 11667
f 11669 11627 11668
f 11669 11628 11627
f 11670 11628 11669
f 11670 11629 11628
f 11671 11629 11670
f 11671 11630 11629
f 11672 11630 11671
f 11672 11631 11630
f 11673 11631 11672
f 11674 11631 11673
f 11674 11632 11631
f 11675 11632 11674
f 11675 11633 11632
f 11676 11633 11675
f 11676 11634 11633
f 11677 11635 11634
f 11677 11636 11635
f 11677 11634 11676
f 11678 11637 11636
f 11678 11636 11677
f 11679 11638 11637
f 11679 11637 11678
f 11680 11639 11638
f 11680 11638 11679
f 11681 11640 11639
f 11681 11639 11680
f 11682 11641 11640
f 11682 11640 11681
f 11683 11642 11641
f 11683 11641 11682
f 11684 11643 11642
f 11684 11642 11683
f 11644 9599 9602
f 11644 9597 9599
f 11685 9607 9609
f 11685 9606 9607
f 11685 9604 9606
f 11685 9602 9604
f 11685 11644 9602
f 11686 11645 11644
f 11686 11644 11685
f 11687 11646 11645
f 11687 11645 11686
f 11688 11647 11646
f 11688 11646 11687
f 11689 11648 11647
f 11689 11647 11688
f 11690 11649 11648
f 11690 11648 11689
f 11691 11650 11649
f 11691 11649 11690
f 11692 11651 11650
f 11692 11650 11691
f 11693 11652 11651
f 11693 11651 11692
f 11694 11653 11652
f 11694 11652 11693
f 11695 11654 11653
f 11695 11653 11694
f 11696 11655 11654
f 11696 11654 11695
f 11697 11656 11655
f 11697 11655 11696
f 11698 11657 11656
f 11698 11656 11697
f 11699 11658 11657
f 11699 11657 11698
f 11700 11659 11658
f 11700 11658 11699
f 11701 11659 11700
f 11660 11659 11701
f 11702 11660 11701
f 11661 11660 11702
f 11703 11661 11702
f 11662 11661 11703
f 11704 11662 11703
f 11663 11662 11704
f 11705 11663 11704
f 11664 11663 11705
f 11706 11664 11705
f 11665 11664 11706
f 11707 11665 11706
f 11708 11666 11665
f 11708 11665 11707
f 11709 11667 11666
f 11709 11666 11708
f 11710 11668 11667
f 11710 11667 11709
f 11711 11668 11710
f 11711 11669 11668
f 11712 11669 11711
f 11712 11670 11669
f 11713 11670 11712
f 11713 11671 11670
f 11714 11671 11713
f 11714 11672 11671
f 11715 11672 11714
f 11715 11673 11672
f 11716 11673 11715
f 11716 11674 11673
f 11717 11674 11716
f 11717 11675 11674
f 11718 11676 11675
f 11718 11675 11717
f 11719 11677 11676
f 11719 11676 11718
f 11720 11678 11677
f 11720 11677 11719
f 11721 11679 11678
f 11721 11678 11720
f 11722 11680 11679
f 11722 11679 11721
f 11723 11681 11680
f 11723 11680 11722
f 11724 11682 11681
f 11724 11681 11723
f 11725 11683 11682
f 11725 11682 11724
f 11726 11684 11683
f 11726 11683 11725
f 11685 9613 9616
f 11685 9611 9613
f 11685 9609 9611
f 11727 11685 9616
f 11727 9621 9623
f 11727 9618 9621
f 11727 9616 9618
f 11728 11686 11685
f 11728 11685 11727
f 11729 11687 11686
f 11729 11686 11728
f 11730 11688 11687
f 11730 11687 11729
f 11731 11689 11688
f 11731 11688 11730
f 11732 11690 11689
f 11732 11689 11731
f 11733 11691 11690
f 11733 11690 11732
f 11734 11692 11691
f 11734 11691 11733
f 11735 11693 11692
f 11735 11692 11734
f 11736 11694 11693
f 11736 11693 11735
f 11737 11695 11694
f 11737 11694 11736
f 11738 11696 11695
f 11738 11695 11737
f 11739 11697 11696
f 11739 11696 11738
f 11740 11698 11697
f 11740 11697 11739
f 11741 11699 11698
f 11741 11698 11740
f 11742 11700 11699
f 11742 11699 11741
f 11743 11701 11700
f 11743 11700 11742
f 11744 11702 11701
f 11744 11701 11743
f 11745 11703 11702
f 11745 11702 11744
f 11746 11704 11703
f 11746 11703 11745
f 11747 11705 11704
f 11747 11704 11746
f 11748 11706 11705
f 11748 11705 11747
f 11749 11707 11706
f 11749 11706 11748
f 11750 11708 11707
f 11750 11707 11749
f 11751 11708 11750
f 11751 11709 11708
f 11752 11709 11751
f 11752 11710 11709
f 11753 11710 11752
f 11753 11711 11710
f 11754 11711 11753
f 11754 11712 11711
f 11755 11712 11754
f 11755 11713 11712
f 11756 11713 11755
f 11756 11714 11713
f 11757 11714 11756
f 11757 11715 11714
f 11758 11715 11757
f 11758 11716 11715
f 11759 11716 11758
f 11759 11717 11716
f 11760 11718 11717
f 11760 11717 11759
f 11761 11719 11718
f 11761 11718 11760
f 11762 11720 11719
f 11762 11719 11761
f 11763 11721 11720
f 11763 11720 11762
f 11764 11722 11721
f 11764 11721 11763
f 11765 11723 11722
f 11765 11722 11764
f 11766 11724 11723
f 11766 11723 11765
f 11767 11725 11724
f 11767 11724 11766
f 11768 11726 11725
f 11768 11725 11767
f 11769 11726 11768
f 11727 9627 9628
f 11727 9626 9627
f 11727 9625 9626
f 11727 9624 9625
f 11727 9623 9624
f 11770 11727 9628
f 11770 9631 9632
f 11770 9630 9631
f 11770 9629 9630
f 11770 9628 9629
f 11771 11728 11727
f 11771 11727 11770
f 11772 11729 11728
f 11772 11728 11771
f 11773 11730 11729
f 11773 11729 11772
f 11774 11731 11730
f 11774 11730 11773
f 11775 11732 11731
f 11775 11731 11774
f 11776 11733 11732
f 11776 11732 11775
f 11777 11734 11733
f 11777 11733 11776
f 11778 11735 11734
f 11778 11734 11777
f 11779 11736 11735
f 11779 11735 11778
f 11780 11737 11736
f 11780 11736 11779
f 11781 11738 11737
f 11781 11737 11780
f 11782 11739 11738
f 11782 11738 11781
f 11783 11740 11739
f 11783 11739 11782
f 11784 11741 11740
f 11784 11740 11783
f 11785 11742 11741
f 11785 11741 11784
f 11786 11743 11742
f 11786 11742 11785
f 11787 11743 11786
f 11744 11743 11787
f 11788 11744 11787
f 11745 11744 11788
f 11789 11745 11788
f 11746 11745 11789
f 11790 11746 11789
f 11747 11746 11790
f 11791 11747 11790
f 11748 11747 11791
f 11792 11748 11791
f 11793 11748 11792
f 11749 11748 11793
f 11794 11749 11793
f 11750 11749 11794
f 11795 11750 11794
f 11795 11751 11750
f 11796 11751 11795
f 11796 11752 11751
f 11797 11752 11796
f 11797 11753 11752
f 11798 11754 11753
f 11798 11753 11797
f 11799 11755 11754
f 11799 11754 11798
f 11800 11756 11755
f 11800 11755 11799
f 11801 11757 11756
f 11801 11756 11800
f 11802 11758 11757
f 11802 11757 11801
f 11803 11759 11758
f 11803 11758 11802
f 11804 11760 11759
f 11804 11759 11803
f 11805 11761 11760
f 11805 11760 11804
f 11806 11762 11761
f 11806 11761 11805
f 11807 11763 11762
f 11807 11762 11806
f 11808 11764 11763
f 11808 11763 11807
f 11809 11765 11764
f 11809 11764 11808
f 11810 11765 11809
f 11811 11766 11765
f 11811 11765 11810
f 11812 11767 11766
f 11812 11766 11811
f 11813 11768 11767
f 11813 11767 11812
f 11814 11769 11768
f 11814 11768 11813
f 11770 9636 9637
f 11770 9635 9636
f 11770 9634 9635
f 11770 9633 9634
f 11770 9632 9633
f 11815 11771 11770
f 11815 11770 9637
f 11815 9639 9640
f 11815 9638 9639
f 11815 9637 9638
f 11816 11772 11771
f 11816 11771 11815
f 11817 11773 11772
f 11817 11772 11816
f 11818 11774 11773
f 11818 11773 11817
f 11819 11775 11774
f 11819 11774 11818
f 11820 11776 11775
f 11820 11775 11819
f 11821 11777 11776
f 11821 11776 11820
f 11822 11778 11777
f 11822 11777 11821
f 11823 11779 11778
f 11823 11778 11822
f 11824 11780 11779
f 11824 11779 11823
f 11825 11781 11780
f 11825 11780 11824
f 11826 11782 11781
f 11826 11781 11825
f 11827 11783 11782
f 11827 11782 11826
f 11828 11784 11783
f 11828 11783 11827
f 11829 11784 11828
f 11785 11784 11829
f 11830 11785 11829
f 11786 11785 11830
f 11831 11786 11830
f 11787 11786 11831
f 11832 11787 11831
f 11788 11787 11832
f 11833 11788 11832
f 11789 11788 11833
f 11834 11789 11833
f 11790 11789 11834
f 11835 11790 11834
f 11791 11790 11835
f 11836 11792 11791
f 11836 11791 11835
f 11793 11792 11836
f 11837 11793 11836
f 11837 11794 11793
f 11838 11794 11837
f 11838 11795 11794
f 11839 11795 11838
f 11839 11796 11795
f 11840 11796 11839
f 11840 11797 11796
f 11841 11797 11840
f 11841 11798 11797
f 11842 11798 11841
f 11842 11799 11798
f 11843 11800 11799
f 11843 11799 11842
f 11844 11801 11800
f 11844 11800 11843
f 11845 11802 11801
f 11845 11801 11844
f 11846 11803 11802
f 11846 11802 11845
f 11847 11804 11803
f 11847 11803 11846
f 11848 11805 11804
f 11848 11804 11847
f 11849 11806 11805
f 11849 11805 11848
f 11850 11807 11806
f 11850 11806 11849
f 11851 11808 11807
f 11851 11807 11850
f 11852 11809 11808
f 11852 11808 11851
f 11853 11810 11809
f 11853 11811 11810
f 11853 11809 11852
f 11854 11812 11811
f 11854 11811 11853
f 11855 11813 11812
f 11855 11812 11854
f 11856 11814 11813
f 11856 11813 11855
f 11857 11814 11856
f 11815 9642 9643
f 11815 9641 9642
f 11815 9640 9641
f 11858 11816 11815
f 11858 9645 9646
f 11858 9644 9645
f 11858 9643 9644
f 11858 11815 9643
f 11859 11817 11816
f 11859 11816 11858
f 11860 11818 11817
f 11860 11817 11859
f 11861 11819 11818
f 11861 11818 11860
f 11862 11820 11819
f 11862 11819 11861
f 11863 11821 11820
f 11863 11820 11862
f 11864 11822 11821
f 11864 11821 11863
f 11865 11823 11822
f 11865 11822 11864
f 11866 11824 11823
f 11866 11823 11865
f 11867 11825 11824
f 11867 11824 11866
f 11868 11826 11825
f 11868 11825 11867
f 11869 11827 11826
f 11869 11826 11868
f 11870 11828 11827
f 11870 11827 11869
f 11871 11829 11828
f 11871 11828 11870
f 11872 11829 11871
f 11830 11829 11872
f 11873 11830 11872
f 11831 11830 11873
f 11874 11831 11873
f 11832 11831 11874
f 11875 11832 11874
f 11833 11832 11875
f 11876 11833 11875
f 11834 11833 11876
f 11877 11834 11876
f 11835 11834 11877
f 11878 11835 11877
f 11836 11835 11878
f 11879 11836 11878
f 11837 11836 11879
f 11880 11837 11879
f 11838 11837 11880
f 11881 11838 11880
f 11839 11838 11881
f 11882 11839 11881
f 11840 11839 11882
f 11883 11840 11882
f 11841 11840 11883
f 11884 11841 11883
f 11884 11842 11841
f 11885 11842 11884
f 11885 11843 11842
f 11886 11843 11885
f 11886 11844 11843
f 11887 11844 11886
f 11887 11845 11844
f 11888 11845 11887
f 11888 11846 11845
f 11889 11846 11888
f 11889 11847 11846
f 11890 11848 11847
f 11890 11847 11889
f 11891 11849 11848
f 11891 11848 11890
f 11892 11850 11849
f 11892 11849 11891
f 11893 11851 11850
f 11893 11850 11892
f 11894 11852 11851
f 11894 11851 11893
f 11895 11853 11852
f 11895 11852 11894
f 11896 11854 11853
f 11896 11853 11895
f 11897 11855 11854
f 11897 11854 11896
f 11898 11856 11855
f 11898 11855 11897
f 11899 11857 11856
f 11899 11856 11898
f 11858 9648 9649
f 11858 9647 9648
f 11858 9646 9647
f 9650 11858 9649
f 11900 11859 11858
f 11900 11858 9650
f 11900 9651 9652
f 11900 9650 9651
f 11901 11860 11859
f 11901 11859 11900
f 11902 11861 11860
f 11902 11860 11901
f 11903 11862 11861
f 11903 11861 11902
f 11904 11863 11862
f 11904 11862 11903
f 11905 11864 11863
f 11905 11863 11904
f 11906 11865 11864
f 11906 11864 11905
f 11907 11866 11865
f 11907 11865 11906
f 11908 11867 11866
f 11908 11866 11907
f 11909 11868 11867
f 11909 11867 11908
f 11910 11869 11868
f 11910 11868 11909
f 11911 11870 11869
f 11911 11869 11910
f 11912 11871 11870
f 11912 11870 11911
f 11913 11872 11871
f 11913 11871 11912
f 11914 11873 11872
f 11914 11872 11913
f 11915 11874 11873
f 11915 11873 11914
f 11916 11875 11874
f 11916 11874 11915
f 11917 11876 11875
f 11917 11875 11916
f 11918 11877 11876
f 11918 11876 11917
f 11919 11878 11877
f 11919 11877 11918
f 11920 11879 11878
f 11920 11878 11919
f 11921 11880 11879
f 11921 11879 11920
f 11881 11880 11921
f 11922 11881 11921
f 11882 11881 11922
f 11923 11882 11922
f 11883 11882 11923
f 11924 11883 11923
f 11924 11884 11883
f 11925 11884 11924
f 11925 11885 11884
f 11926 11885 11925
f 11926 11886 11885
f 11927 11886 11926
f 11927 11887 11886
f 11928 11887 11927
f 11928 11888 11887
f 11929 11888 11928
f 11929 11889 11888
f 11930 11889 11929
f 11930 11890 11889
f 11931 11890 11930
f 11931 11891 11890
f 11932 11892 11891
f 11932 11891 11931
f 11933 11893 11892
f 11933 11892 11932
f 11934 11894 11893
f 11934 11893 11933
f 11935 11895 11894
f 11935 11894 11934
f 11936 11896 11895
f 11936 11895 11935
f 11937 11897 11896
f 11937 11896 11936
f 11938 11898 11897
f 11938 11897 11937
f 11939 11899 11898
f 11939 11898 11938
f 11940 11899 11939
f 11900 9654 9655
f 11900 9653 9654
f 11900 9652 9653
f 9656 11900 9655
f 9657 11900 9656
f 11941 11901 11900
f 11941 11900 9657
f 11941 9658 9659
f 11941 9657 9658
f 11942 11902 11901
f 11942 11901 11941
f 11943 11903 11902
f 11943 11902 11942
f 11944 11904 11903
f 11944 11903 11943
f 11945 11905 11904
f 11945 11904 11944
f 11946 11906 11905
f 11946 11905 11945
f 11947 11907 11906
f 11947 11906 11946
f 11948 11908 11907
f 11948 11907 11947
f 11949 11909 11908
f 11949 11908 11948
f 11950 11910 11909
f 11950 11909 11949
f 11951 11911 11910
f 11951 11910 11950
f 11952 11912 11911
f 11952 11911 11951
f 11953 11913 11912
f 11953 11912 11952
f 11954 11914 11913
f 11954 11913 11953
f 11955 11915 11914
f 11955 11914 11954
f 11956 11916 11915
f 11956 11915 11955
f 11957 11916 11956
f 11917 11916 11957
f 11958 11918 11917
f 11958 11917 11957
f 11959 11919 11918
f 11959 11918 11958
f 11960 11920 11919
f 11960 11919 11959
f 11961 11921 11920
f 11961 11920 11960
f 11962 11922 11921
f 11962 11921 11961
f 11963 11923 11922
f 11963 11922 11962
f 11964 11924 11923
f 11964 11923 11963
f 11965 11924 11964
f 11965 11925 11924
f 11966 11925 11965
f 11966 11926 11925
f 11967 11926 11966
f 11967 11927 11926
f 11968 11927 11967
f 11968 11928 11927
f 11969 11928 11968
f 11969 11929 11928
f 11969 11930 11929
f 11970 11930 11969
f 11970 11931 11930
f 11971 11931 11970
f 11971 11932 11931
f 11972 11933 11932
f 11972 11932 11971
f 11973 11933 11972
f 11974 11934 11933
f 11974 11933 11973
f 11975 11935 11934
f 11975 11934 11974
f 11976 11936 11935
f 11976 11935 11975
f 11977 11937 11936
f 11977 11936 11976
f 11978 11938 11937
f 11978 11937 11977
f 11979 11939 11938
f 11979 11938 11978
f 11980 11940 11939
f 11980 11939 11979
f 11981 11940 11980
f 11941 9662 9663
f 11941 9661 9662
f 11941 9660 9661
f 11941 9659 9660
f 9664 11941 9663
f 11982 11942 11941
f 11982 11941 9664
f 11982 9666 9667
f 11982 9665 9666
f 11982 9664 9665
f 11983 11943 11942
f 11983 11942 11982
f 11984 11944 11943
f 11984 11943 11983
f 11985 11945 11944
f 11985 11944 11984
f 11986 11946 11945
f 11986 11945 11985
f 11987 11947 11946
f 11987 11946 11986
f 11988 11948 11947
f 11988 11947 11987
f 11989 11949 11948
f 11989 11948 11988
f 11990 11950 11949
f 11990 11949 11989
f 11991 11951 11950
f 11991 11950 11990
f 11992 11952 11951
f 11992 11951 11991
f 11993 11953 11952
f 11993 11952 11992
f 11994 11954 11953
f 11994 11953 11993
f 11995 11955 11954
f 11995 11954 11994
f 11996 11956 11955
f 11996 11955 11995
f 11997 11957 11956
f 11997 11956 11996
f 11998 11957 11997
f 11958 11957 11998
f 11999 11958 11998
f 11959 11958 11999
f 12000 11959 11999
f 11960 11959 12000
f 12001 11960 12000
f 11961 11960 12001
f 12002 11961 12001
f 11962 11961 12002
f 12003 11963 11962
f 12003 11962 12002
f 12004 11964 11963
f 12004 11963 12003
f 12005 11964 12004
f 12005 11965 11964
f 12006 11965 12005
f 12006 11966 11965
f 12007 11966 12006
f 12007 11967 11966
f 12008 11967 12007
f 12008 11968 11967
f 12009 11968 12008
f 12009 11969 11968
f 12010 11969 12009
f 12010 11970 11969
f 12011 11970 12010
f 12011 11971 11970
f 12012 11971 12011
f 12012 11972 11971
f 12013 11973 11972
f 12013 11972 12012
f 12014 11974 11973
f 12014 11973 12013
f 12015 11975 11974
f 12015 11974 12014
f 12016 11976 11975
f 12016 11975 12015
f 12017 11977 11976
f 12017 11976 12016
f 12018 11978 11977
f 12018 11977 12017
f 12019 11979 11978
f 12019 11978 12018
f 12020 11980 11979
f 12020 11979 12019
f 12021 11981 11980
f 12021 11980 12020
f 11982 9671 9672
f 11982 9670 9671
f 11982 9669 9670
f 11982 9668 9669
f 11982 9667 9668
f 9673 11982 9672
f 12022 11983 11982
f 12022 11982 9673
f 12022 9675 9676
f 12022 9674 9675
f 12022 9673 9674
f 12023 11984 11983
f 12023 11983 12022
f 12024 11985 11984
f 12024 11984 12023
f 12025 11986 11985
f 12025 11985 12024
f 12026 11987 11986
f 12026 11988 11987
f 12026 11986 12025
f 12027 11989 11988
f 12027 11988 12026
f 12028 11990 11989
f 12028 11989 12027
f 12029 11991 11990
f 12029 11990 12028
f 12030 11992 11991
f 12030 11991 12029
f 12031 11993 11992
f 12031 11992 12030
f 12032 11994 11993
f 12032 11993 12031
f 12033 11995 11994
f 12033 11994 12032
f 12034 11996 11995
f 12034 11995 12033
f 12035 11996 12034
f 11997 11996 12035
f 12036 11997 12035
f 11998 11997 12036
f 12037 11998 12036
f 11999 11998 12037
f 12038 11999 12037
f 12000 11999 12038
f 12039 12001 12000
f 12039 12000 12038
f 12040 12002 12001
f 12040 12001 12039
f 12041 12003 12002
f 12041 12002 12040
f 12042 12004 12003
f 12042 12003 12041
f 12043 12005 12004
f 12043 12004 12042
f 12044 12006 12005
f 12044 12005 12043
f 12045 12006 12044
f 12045 12007 12006
f 12046 12007 12045
f 12046 12008 12007
f 12047 12008 12046
f 12047 12009 12008
f 12048 12009 12047
f 12048 12010 12009
f 12049 12010 12048
f 12049 12011 12010
f 12050 12011 12049
f 12050 12012 12011
f 12051 12012 12050
f 12051 12013 12012
f 12052 12013 12051
f 12052 12014 12013
f 12053 12015 12014
f 12053 12014 12052
f 12054 12016 12015
f 12054 12015 12053
f 12055 12017 12016
f 12055 12016 12054
f 12056 12018 12017
f 12056 12017 12055
f 12057 12019 12018
f 12057 12018 12056
f 12058 12020 12019
f 12058 12019 12057
f 12059 12021 12020
f 12059 12020 12058
f 12022 9681 9682
f 12022 9680 9681
f 12022 9679 9680
f 12022 9678 9679
f 12022 9677 9678
f 12022 9676 9677
f 12060 12023 12022
f 12060 9685 9686
f 12060 9684 9685
f 12060 9683 9684
f 12060 9682 9683
f 12060 12022 9682
f 12061 12024 12023
f 12061 12023 12060
f 12062 12025 12024
f 12062 12024 12061
f 12063 12026 12025
f 12063 12025 12062
f 12064 12027 12026
f 12064 12026 12063
f 12065 12028 12027
f 12065 12027 12064
f 12066 12029 12028
f 12066 12028 12065
f 12067 12030 12029
f 12067 12029 12066
f 12068 12030 12067
f 12068 12031 12030
f 12069 12031 12068
f 12069 12032 12031
f 12070 12032 12069
f 12070 12033 12032
f 12071 12033 12070
f 12034 12033 12071
f 12072 12034 12071
f 12035 12034 12072
f 12073 12035 12072
f 12074 12036 12035
f 12074 12035 12073
f 12075 12036 12074
f 12076 12036 12075
f 12077 12036 12076
f 12078 12036 12077
f 12079 12036 12078
f 12080 12036 12079
f 12081 12036 12080
f 12082 12036 12081
f 12083 12036 12082
f 12084 12036 12083
f 12085 12036 12084
f 12086 12036 12085
f 12037 12036 12086
f 12037 12086 12087
f 12037 12087 12088
f 12089 12037 12088
f 12090 12037 12089
f 12091 12037 12090
f 12092 12037 12091
f 12093 12037 12092
f 12094 12037 12093
f 12095 12037 12094
f 12096 12037 12095
f 12097 12037 12096
f 12098 12037 12097
f 12099 12037 12098
f 12100 12037 12099
f 12038 12101 12102
f 12038 12102 12103
f 12038 12103 12104
f 12038 12104 12105
f 12038 12105 12106
f 12038 12106 12107
f 12038 12108 12109
f 12038 12109 12110
f 12038 12110 12111
f 12038 12111 12112
f 12038 12112 12113
f 12038 12113 12114
f 12038 12114 12115
f 12038 12115 12101
f 12116 12038 12107
f 12117 12038 12116
f 12118 12038 12117
f 12119 12038 12118
f 12120 12038 12119
f 12121 12038 12120
f 12122 12038 12121
f 12123 12038 12122
f 12124 12038 12123
f 12125 12038 12124
f 12126 12038 12125
f 12127 12038 12126
f 12039 12127 12128
f 12039 12128 12129
f 12039 12129 12130
f 12039 12130 12131
f 12039 12131 12132
f 12039 12132 12133
f 12039 12038 12127
f 12134 12039 12133
f 12040 12039 12134
f 12135 12040 12134
f 12041 12040 12135
f 12136 12041 12135
f 12042 12041 12136
f 12137 12042 12136
f 12043 12042 12137
f 12138 12044 12043
f 12138 12043 12137
f 12139 12045 12044
f 12139 12044 12138
f 12140 12046 12045
f 12140 12045 12139
f 12141 12047 12046
f 12141 12046 12140
f 12142 12048 12047
f 12142 12047 12141
f 12143 12049 12048
f 12143 12048 12142
f 12144 12050 12049
f 12144 12049 12143
f 12145 12051 12050
f 12145 12050 12144
f 12146 12052 12051
f 12146 12051 12145
f 12147 12052 12146
f 12147 12053 12052
f 12148 12053 12147
f 12148 12054 12053
f 12149 12054 12148
f 12149 12055 12054
f 12150 12055 12149
f 12150 12056 12055
f 12151 12056 12150
f 12151 12057 12056
f 12152 12057 12151
f 12152 12058 12057
f 12153 12058 12152
f 12153 12059 12058
f 12038 12037 12154
f 12154 12037 12100
f 12038 12154 12155
f 12038 12155 12108
f 12060 9689 9690
f 12060 9688 9689
f 12060 9687 9688
f 12060 9686 9687
f 9691 12060 9690
f 9692 12060 9691
f 12156 12061 12060
f 12156 9695 9696
f 12156 9694 9695
f 12156 9693 9694
f 12156 9692 9693
f 12156 12060 9692
f 12157 12062 12061
f 12157 12061 12156
f 12158 12063 12062
f 12158 12062 12157
f 12159 12064 12063
f 12159 12063 12158
f 12160 12065 12064
f 12160 12064 12159
f 12161 12065 12160
f 12161 12066 12065
f 12162 12066 12161
f 12162 12067 12066
f 12163 12067 12162
f 12163 12068 12067
f 12164 12068 12163
f 12164 12069 12068
f 12165 12070 12069
f 12165 12069 12164
f 12166 12071 12070
f 12166 12070 12165
f 12167 12072 12071
f 12167 12071 12166
f 12168 12073 12072
f 12168 12072 12167
f 12169 12074 12073
f 12169 12073 12168
f 12170 12075 12074
f 12171 12170 12074
f 12172 12171 12074
f 12173 12172 12074
f 12174 12173 12074
f 12175 12174 12074
f 12176 12175 12074
f 12177 12176 12074
f 12178 12074 12169
f 12178 12177 12074
f 12179 12178 12169
f 12180 12179 12169
f 12181 12180 12169
f 12182 12181 12169
f 12156 9700 9701
f 12156 9699 9700
f 12156 9698 9699
f 12156 9697 9698
f 12156 9696 9697
f 9702 12156 9701
f 12183 9706 9707
f 12183 9705 9706
f 12183 9704 9705
f 12183 9703 9704
f 12183 9702 9703
f 12183 12156 9702
f 12184 12157 12156
f 12184 12156 12183
f 12185 12158 12157
f 12185 12157 12184
f 12186 12159 12158
f 12186 12158 12185
f 12187 12160 12159
f 12187 12159 12186
f 12188 12160 12187
f 12188 12161 12160
f 12189 12162 12161
f 12189 12161 12188
f 12190 12162 12189
f 12190 12163 12162
f 12191 12164 12163
f 12191 12163 12190
f 12192 12165 12164
f 12192 12164 12191
f 12193 12166 12165
f 12193 12165 12192
f 12194 12167 12166
f 12194 12166 12193
f 12195 12168 12167
f 12195 12167 12194
f 12196 12169 12168
f 12196 12168 12195
f 12197 12182 12169
f 12198 12197 12169
f 12199 12198 12169
f 12200 12199 12169
f 12201 12200 12169
f 12202 12169 12196
f 12202 12201 12169
f 12203 12201 12202
f 12204 12203 12202
f 12205 12204 12202
f 12206 12205 12202
f 12207 12206 12202
f 12208 12207 12202
f 12209 12208 12202
f 12210 12209 12202
f 12183 9710 9711
f 12183 9709 9710
f 12183 9708 9709
f 12183 9707 9708
f 12211 9715 9716
f 12211 9714 9715
f 12211 9713 9714
f 12211 9712 9713
f 12211 9711 9712
f 12211 12183 9711
f 12212 12184 12183
f 12212 12183 12211
f 12213 12185 12184
f 12213 12184 12212
f 12214 12186 12185
f 12214 12185 12213
f 12215 12187 12186
f 12215 12186 12214
f 12216 12188 12187
f 12216 12187 12215
f 12217 12189 12188
f 12217 12188 12216
f 12218 12190 12189
f 12218 12189 12217
f 12219 12191 12190
f 12219 12190 12218
f 12220 12192 12191
f 12220 12191 12219
f 12221 12193 12192
f 12221 12192 12220
f 12222 12194 12193
f 12222 12193 12221
f 12223 12194 12222
f 12223 12195 12194
f 12224 12195 12223
f 12224 12196 12195
f 12202 12196 12224
f 12225 12202 12224
f 12225 12210 12202
f 12225 12226 12210
f 12227 12226 12225
f 12228 12227 12225
f 12229 12228 12225
f 12230 12229 12225
f 12231 12230 12225
f 12232 12231 12225
f 12233 12232 12225
f 12234 12233 12225
f 12235 12234 12225
f 12236 12235 12225
f 12237 12238 12239
f 12237 12239 12240
f 12237 12240 12241
f 12237 12241 12242
f 12237 12242 12236
f 12237 12236 12225
f 12243 12238 12237
f 12244 12243 12237
f 12245 12244 12237
f 12246 12245 12237
f 12247 12246 12237
f 12248 12247 12237
f 12249 12248 12237
f 12250 12251 12252
f 12250 12252 12253
f 12250 12253 12254
f 12250 12254 12255
f 12250 12255 12256
f 12250 12256 12257
f 12250 12257 12258
f 12250 12259 12260
f 12250 12260 12261
f 12250 12261 12262
f 12250 12262 12263
f 12250 12263 12264
f 12250 12264 12265
f 12250 12265 12266
f 12250 12266 12267
f 12250 12267 12268
f 12250 12268 12269
f 12250 12269 12270
f 12250 12270 12251
f 12271 12272 12273
f 12271 12273 12274
f 12271 12274 12275
f 12271 12275 12276
f 12271 12276 12259
f 12271 12259 12250
f 12277 12278 12272
f 12277 12272 12271
f 12279 12278 12277
f 12279 12280 12278
f 12281 12280 12279
f 12281 12282 12280
f 12283 12282 12281
f 12283 12284 12282
f 12285 12284 12283
f 12285 12286 12284
f 12287 12286 12285
f 12287 12288 12286
f 12289 12288 12287
f 12289 12290 12288
f 12291 12290 12289
f 12291 12292 12290
f 12293 12292 12291
f 12293 12294 12292
f 12295 12294 12293
f 12295 12296 12294
f 12297 12296 12295
f 12297 12298 12296
f 12299 12298 12297
f 12299 12300 12298
f 12301 12300 12299
f 12301 12302 12300
f 12303 12302 12301
f 12303 12304 12302
f 12305 12306 12304
f 12305 12304 12303
f 12307 12308 12306
f 12307 12306 12305
f 12309 12310 12308
f 12309 12308 12307
f 12311 12312 12310
f 12311 12310 12309
f 12313 12314 12312
f 12313 12312 12311
f 12315 12314 12313
f 12237 12250 12316
f 12316 12250 12317
f 12317 12250 12258
f 12237 12316 12249
f 12211 9718 9719
f 12211 9717 9718
f 12211 9716 9717
f 12318 12211 9719
f 12318 9723 9724
f 12318 9722 9723
f 12318 9721 9722
f 12318 9720 9721
f 12318 9719 9720
f 12319 12212 12211
f 12319 12211 12318
f 12320 12213 12212
f 12320 12212 12319
f 12321 12214 12213
f 12321 12213 12320
f 12322 12215 12214
f 12322 12214 12321
f 12323 12215 12322
f 12324 12216 12215
f 12324 12215 12323
f 12325 12217 12216
f 12325 12216 12324
f 12326 12218 12217
f 12326 12217 12325
f 12327 12219 12218
f 12327 12218 12326
f 12328 12220 12219
f 12328 12219 12327
f 12329 12221 12220
f 12329 12220 12328
f 12330 12222 12221
f 12330 12221 12329
f 12331 12223 12222
f 12331 12222 12330
f 12332 12224 12223
f 12332 12223 12331
f 12333 12225 12224
f 12333 12224 12332
f 12334 12225 12333
f 12237 12225 12334
f 12335 12237 12334
f 12250 12237 12335
f 12336 12250 12335
f 12271 12250 12336
f 12337 12271 12336
f 12277 12271 12337
f 12338 12277 12337
f 12279 12277 12338
f 12339 12281 12279
f 12339 12279 12338
f 12340 12283 12281
f 12340 12281 12339
f 12341 12285 12283
f 12341 12283 12340
f 12342 12287 12285
f 12342 12285 12341
f 12343 12287 12342
f 12343 12289 12287
f 12344 12289 12343
f 12344 12291 12289
f 12345 12291 12344
f 12345 12293 12291
f 12346 12293 12345
f 12346 12295 12293
f 12347 12295 12346
f 12347 12297 12295
f 12348 12297 12347
f 12348 12299 12297
f 12349 12299 12348
f 12349 12301 12299
f 12350 12301 12349
f 12350 12303 12301
f 12351 12305 12303
f 12351 12303 12350
f 12352 12307 12305
f 12352 12305 12351
f 12353 12309 12307
f 12353 12307 12352
f 12354 12311 12309
f 12354 12309 12353
f 12355 12313 12311
f 12355 12311 12354
f 12356 12315 12313
f 12356 12313 12355
f 12357 12315 12356
f 12318 9727 9728
f 12318 9726 9727
f 12318 9725 9726
f 12318 9724 9725
f 12358 9731 9732
f 12358 9730 9731
f 12358 9729 9730
f 12358 9728 9729
f 12358 12318 9728
f 12359 12319 12318
f 12359 12318 12358
f 12360 12320 12319
f 12360 12319 12359
f 12361 12321 12320
f 12361 12320 12360
f 12362 12322 12321
f 12362 12321 12361
f 12363 12323 12322
f 12363 12322 12362
f 12364 12324 12323
f 12364 12323 12363
f 12365 12325 12324
f 12365 12324 12364
f 12366 12326 12325
f 12366 12325 12365
f 12367 12327 12326
f 12367 12326 12366
f 12368 12328 12327
f 12368 12327 12367
f 12369 12329 12328
f 12369 12328 12368
f 12370 12330 12329
f 12370 12329 12369
f 12371 12331 12330
f 12371 12330 12370
f 12372 12332 12331
f 12372 12331 12371
f 12373 12332 12372
f 12333 12332 12373
f 12374 12333 12373
f 12334 12333 12374
f 12375 12334 12374
f 12335 12334 12375
f 12376 12335 12375
f 12336 12335 12376
f 12377 12336 12376
f 12337 12336 12377
f 12378 12338 12337
f 12378 12337 12377
f 12379 12339 12338
f 12379 12338 12378
f 12380 12340 12339
f 12380 12339 12379
f 12381 12340 12380
f 12381 12341 12340
f 12382 12341 12381
f 12382 12342 12341
f 12383 12342 12382
f 12383 12343 12342
f 12384 12343 12383
f 12384 12344 12343
f 12385 12344 12384
f 12385 12345 12344
f 12386 12345 12385
f 12386 12346 12345
f 12387 12346 12386
f 12387 12347 12346
f 12388 12347 12387
f 12388 12348 12347
f 12389 12349 12348
f 12389 12348 12388
f 12390 12350 12349
f 12390 12349 12389
f 12391 12351 12350
f 12391 12350 12390
f 12392 12352 12351
f 12392 12351 12391
f 12393 12353 12352
f 12393 12352 12392
f 12394 12354 12353
f 12394 12353 12393
f 12395 12355 12354
f 12395 12354 12394
f 12396 12356 12355
f 12396 12355 12395
f 12397 12357 12356
f 12397 12356 12396
f 12398 12357 12397
f 12358 9734 9735
f 12358 9733 9734
f 12358 9732 9733
f 12399 9738 9739
f 12399 9737 9738
f 12399 9736 9737
f 12399 9735 9736
f 12399 12358 9735
f 12400 12359 12358
f 12400 12358 12399
f 12401 12360 12359
f 12401 12359 12400
f 12402 12361 12360
f 12402 12360 12401
f 12403 12362 12361
f 12403 12361 12402
f 12404 12363 12362
f 12404 12362 12403
f 12405 12364 12363
f 12405 12363 12404
f 12406 12365 12364
f 12406 12364 12405
f 12407 12366 12365
f 12407 12365 12406
f 12408 12367 12366
f 12408 12366 12407
f 12409 12368 12367
f 12409 12367 12408
f 12410 12369 12368
f 12410 12368 12409
f 12411 12370 12369
f 12411 12369 12410
f 12412 12370 12411
f 12371 12370 12412
f 12413 12371 12412
f 12372 12371 12413
f 12414 12372 12413
f 12373 12372 12414
f 12415 12373 12414
f 12374 12373 12415
f 12416 12374 12415
f 12375 12374 12416
f 12417 12375 12416
f 12376 12375 12417
f 12418 12376 12417
f 12377 12376 12418
f 12419 12377 12418
f 12378 12377 12419
f 12420 12378 12419
f 12379 12378 12420
f 12421 12379 12420
f 12380 12379 12421
f 12422 12380 12421
f 12381 12380 12422
f 12423 12382 12381
f 12423 12381 12422
f 12424 12382 12423
f 12424 12383 12382
f 12425 12383 12424
f 12425 12384 12383
f 12426 12384 12425
f 12426 12385 12384
f 12427 12385 12426
f 12427 12386 12385
f 12428 12386 12427
f 12429 12386 12428
f 12429 12387 12386
f 12430 12387 12429
f 12430 12388 12387
f 12431 12388 12430
f 12431 12389 12388
f 12432 12390 12389
f 12432 12391 12390
f 12432 12389 12431
f 12433 12392 12391
f 12433 12391 12432
f 12434 12393 12392
f 12434 12392 12433
f 12435 12394 12393
f 12435 12393 12434
f 12436 12395 12394
f 12436 12394 12435
f 12437 12396 12395
f 12437 12395 12436
f 12438 12397 12396
f 12438 12396 12437
f 12439 12398 12397
f 12439 12397 12438
f 12399 9740 9741
f 12399 9739 9740
f 12440 9744 9745
f 12440 9743 9744
f 12440 9742 9743
f 12440 9741 9742
f 12440 12399 9741
f 12441 12400 12399
f 12441 12399 12440
f 12442 12401 12400
f 12442 12400 12441
f 12443 12402 12401
f 12443 12401 12442
f 12444 12403 12402
f 12444 12402 12443
f 12445 12404 12403
f 12445 12403 12444
f 12446 12405 12404
f 12446 12404 12445
f 12447 12406 12405
f 12447 12405 12446
f 12448 12407 12406
f 12448 12406 12447
f 12449 12408 12407
f 12449 12407 12448
f 12450 12409 12408
f 12450 12408 12449
f 12451 12410 12409
f 12451 12409 12450
f 12452 12411 12410
f 12452 12410 12451
f 12453 12412 12411
f 12453 12411 12452
f 12454 12413 12412
f 12454 12412 12453
f 12455 12414 12413
f 12455 12413 12454
f 12456 12414 12455
f 12415 12414 12456
f 12457 12415 12456
f 12416 12415 12457
f 12458 12416 12457
f 12417 12416 12458
f 12459 12417 12458
f 12418 12417 12459
f 12460 12418 12459
f 12419 12418 12460
f 12461 12419 12460
f 12420 12419 12461
f 12462 12420 12461
f 12463 12421 12420
f 12463 12420 12462
f 12464 12422 12421
f 12464 12421 12463
f 12465 12423 12422
f 12465 12422 12464
f 12466 12423 12465
f 12466 12424 12423
f 12467 12424 12466
f 12467 12425 12424
f 12468 12425 12467
f 12468 12426 12425
f 12469 12426 12468
f 12469 12427 12426
f 12470 12427 12469
f 12470 12428 12427
f 12471 12428 12470
f 12471 12429 12428
f 12472 12429 12471
f 12472 12430 12429
f 12473 12431 12430
f 12473 12430 12472
f 12474 12432 12431
f 12474 12431 12473
f 12475 12433 12432
f 12475 12432 12474
f 12476 12434 12433
f 12476 12433 12475
f 12477 12435 12434
f 12477 12434 12476
f 12478 12436 12435
f 12478 12435 12477
f 12479 12437 12436
f 12479 12436 12478
f 12480 12438 12437
f 12480 12437 12479
f 12481 12439 12438
f 12481 12438 12480
f 12440 9747 9748
f 12440 9746 9747
f 12440 9745 9746
f 12482 12440 9748
f 12482 9750 9751
f 12482 9749 9750
f 12482 9748 9749
f 12483 12441 12440
f 12483 12440 12482
f 12484 12442 12441
f 12484 12441 12483
f 12485 12443 12442
f 12485 12442 12484
f 12486 12444 12443
f 12486 12443 12485
f 12487 12445 12444
f 12487 12444 12486
f 12488 12446 12445
f 12488 12445 12487
f 12489 12447 12446
f 12489 12446 12488
f 12490 12448 12447
f 12490 12447 12489
f 12491 12449 12448
f 12491 12448 12490
f 12492 12450 12449
f 12492 12449 12491
f 12493 12451 12450
f 12493 12450 12492
f 12494 12452 12451
f 12494 12451 12493
f 12495 12453 12452
f 12495 12452 12494
f 12496 12454 12453
f 12496 12453 12495
f 12497 12455 12454
f 12497 12454 12496
f 12498 12456 12455
f 12498 12455 12497
f 12499 12457 12456
f 12499 12456 12498
f 12500 12458 12457
f 12500 12457 12499
f 12501 12459 12458
f 12501 12458 12500
f 12502 12460 12459
f 12502 12459 12501
f 12503 12461 12460
f 12503 12460 12502
f 12504 12462 12461
f 12504 12461 12503
f 12505 12463 12462
f 12505 12462 12504
f 12506 12463 12505
f 12506 12464 12463
f 12507 12464 12506
f 12507 12465 12464
f 12508 12465 12507
f 12508 12466 12465
f 12509 12466 12508
f 12509 12467 12466
f 12510 12467 12509
f 12510 12468 12467
f 12511 12468 12510
f 12511 12469 12468
f 12512 12469 12511
f 12512 12470 12469
f 12513 12470 12512
f 12513 12471 12470
f 12514 12471 12513
f 12514 12472 12471
f 12515 12473 12472
f 12515 12472 12514
f 12516 12474 12473
f 12516 12473 12515
f 12517 12475 12474
f 12517 12474 12516
f 12518 12476 12475
f 12518 12475 12517
f 12519 12477 12476
f 12519 12476 12518
f 12520 12478 12477
f 12520 12477 12519
f 12521 12479 12478
f 12521 12478 12520
f 12522 12480 12479
f 12522 12479 12521
f 12523 12481 12480
f 12523 12480 12522
f 12524 12481 12523
f 12482 9753 9754
f 12482 9752 9753
f 12482 9751 9752
f 11015 12482 9754
f 11015 9756 9465
f 11015 9755 9756
f 11015 9754 9755
f 11017 12482 11015
f 11017 12483 12482
f 11019 12484 12483
f 11019 12483 11017
f 11021 12485 12484
f 11021 12484 11019
f 11023 12486 12485
f 11023 12485 11021
f 11025 12487 12486
f 11025 12486 11023
f 11027 12488 12487
f 11027 12487 11025
f 11029 12489 12488
f 11029 12488 11027
f 11031 12490 12489
f 11031 12489 11029
f 11033 12491 12490
f 11033 12490 11031
f 11035 12492 12491
f 11035 12491 11033
f 11037 12493 12492
f 11037 12492 11035
f 11039 12494 12493
f 11039 12493 11037
f 11041 12495 12494
f 11041 12494 11039
f 11043 12496 12495
f 11043 12495 11041
f 11045 12497 12496
f 11045 12496 11043
f 11047 12498 12497
f 11047 12497 11045
f 11049 12498 11047
f 12499 12498 11049
f 11051 12499 11049
f 12500 12499 11051
f 11053 12500 11051
f 12501 12500 11053
f 11055 12501 11053
f 12502 12501 11055
f 11057 12502 11055
f 12503 12502 11057
f 11059 12503 11057
f 11060 12503 11059
f 12504 12503 11060
f 11062 12504 11060
f 12505 12504 11062
f 11064 12505 11062
f 11064 12506 12505
f 11066 12506 11064
f 11066 12507 12506
f 11068 12507 11066
f 11068 12508 12507
f 11070 12508 11068
f 11070 12509 12508
f 11072 12509 11070
f 11072 12510 12509
f 11074 12510 11072
f 11074 12511 12510
f 11076 12512 12511
f 11076 12511 11074
f 11078 12513 12512
f 11078 12512 11076
f 11080 12514 12513
f 11080 12513 11078
f 11082 12515 12514
f 11082 12514 11080
f 11084 12516 12515
f 11084 12515 11082
f 11086 12517 12516
f 11086 12516 11084
f 11088 12518 12517
f 11088 12517 11086
f 11090 12519 12518
f 11090 12518 11088
f 11092 12520 12519
f 11092 12519 11090
f 11094 12520 11092
f 11095 12521 12520
f 11095 12520 11094
f 11097 12522 12521
f 11097 12521 11095
f 11099 12523 12522
f 11099 12522 11097
f 11101 12524 12523
f 11101 12523 11099
f 12525 9765 9764
f 12526 12525 9764
f 12527 12525 12526
f 12528 12527 12526
f 12529 12527 12528
f 12530 12529 12528
f 12531 12529 12530
f 12532 12531 12530
f 12533 12531 12532
f 12534 12533 12532
f 12535 12533 12534
f 12536 12535 12534
f 9934 12535 12536
f 9932 9934 12536
f 9929 9932 12536
f 9926 9929 12536
f 9923 9926 12536
f 12526 9764 9767
f 12537 12526 9767
f 12528 12526 12537
f 12538 12528 12537
f 12530 12528 12538
f 12539 12530 12538
f 12532 12530 12539
f 12540 12532 12539
f 12534 12532 12540
f 12541 12534 12540
f 12536 12534 12541
f 12542 12536 12541
f 9923 12536 12542
f 9919 9923 12542
f 9915 9919 12542
f 9911 9915 12542
f 12537 9767 9769
f 12543 12537 9769
f 12538 12537 12543
f 12544 12538 12543
f 12539 12538 12544
f 12545 12539 12544
f 12540 12539 12545
f 12546 12540 12545
f 12541 12540 12546
f 12547 12541 12546
f 12542 12541 12547
f 12548 12542 12547
f 9911 12542 12548
f 9908 9911 12548
f 9904 9908 12548
f 9901 9904 12548
f 12543 9769 9771
f 12549 12543 9771
f 12544 12543 12549
f 12550 12544 12549
f 12545 12544 12550
f 12551 12545 12550
f 12546 12545 12551
f 12552 12546 12551
f 12547 12546 12552
f 12553 12547 12552
f 12548 12547 12553
f 12554 12548 12553
f 9901 12548 12554
f 9897 9901 12554
f 9894 9897 12554
f 9891 9894 12554
f 12549 9771 9772
f 12555 12549 9772
f 12550 12549 12555
f 12556 12550 12555
f 12551 12550 12556
f 12557 12551 12556
f 12552 12551 12557
f 12558 12552 12557
f 12553 12552 12558
f 12559 12553 12558
f 12554 12553 12559
f 9888 9891 12554
f 9884 9888 12554
f 9880 12554 12559
f 9880 9884 12554
f 12555 9772 9773
f 12560 12555 9773
f 12556 12555 12560
f 12561 12556 12560
f 12557 12556 12561
f 12562 12557 12561
f 12558 12557 12562
f 12563 12558 12562
f 12559 12558 12563
f 12564 12559 12563
f 9880 12559 12564
f 9877 9880 12564
f 9874 9877 12564
f 9870 9874 12564
f 12560 9773 9774
f 12565 12560 9774
f 12561 12560 12565
f 12566 12561 12565
f 12562 12561 12566
f 12567 12562 12566
f 12563 12562 12567
f 12568 12563 12567
f 12564 12563 12568
f 12569 12564 12568
f 9870 12564 12569
f 9867 9870 12569
f 9864 9867 12569
f 9861 9864 12569
f 12565 9774 9775
f 12570 12565 9775
f 12566 12565 12570
f 12571 12566 12570
f 12567 12566 12571
f 12572 12567 12571
f 12568 12567 12572
f 12573 12568 12572
f 12569 12568 12573
f 12574 12569 12573
f 9861 12569 12574
f 9857 9861 12574
f 9854 9857 12574
f 9851 9854 12574
f 12570 9775 9776
f 9800 12570 9776
f 12571 12570 9800
f 9801 12571 9800
f 12572 12571 9801
f 9802 12572 9801
f 12573 12572 9802
f 9803 12573 9802
f 12574 12573 9803
f 9804 12574 9803
f 9851 12574 9804
f 9848 9851 9804
f 9845 9848 9804
f 9842 9845 9804
f 9806 9842 9804
f 12575 10146 9770
f 12575 9770 9768
f 12576 10147 10146
f 12576 10146 12575
f 12577 10148 10147
f 12577 10147 12576
f 12578 10149 10148
f 12578 10148 12577
f 12579 10150 10149
f 12579 10149 12578
f 12580 10151 10150
f 12580 10150 12579
f 9964 9967 10151
f 9970 10151 9967
f 9961 9964 10151
f 9972 10151 9970
f 9973 10151 9972
f 9959 10151 12580
f 9959 9961 10151
f 12575 9768 9766
f 12581 12575 9766
f 12576 12575 12581
f 12582 12576 12581
f 12577 12576 12582
f 12583 12577 12582
f 12578 12577 12583
f 12584 12578 12583
f 12579 12578 12584
f 12585 12579 12584
f 12580 12579 12585
f 12586 12580 12585
f 9957 9959 12580
f 9954 9957 12580
f 9951 9954 12580
f 9948 9951 12580
f 9946 12580 12586
f 9946 9948 12580
f 12581 9766 9765
f 12525 12581 9765
f 12582 12581 12525
f 12527 12582 12525
f 12583 12582 12527
f 12529 12583 12527
f 12584 12583 12529
f 12531 12584 12529
f 12585 12584 12531
f 12533 12585 12531
f 12586 12585 12533
f 12535 12586 12533
f 9943 9946 12586
f 9940 9943 12586
f 9937 9940 12586
f 9934 12586 12535
f 9934 9937 12586
f 12587 12588 12589
f 12587 12589 12590
f 12591 12592 12588
f 12591 12588 12587
f 12593 12594 12592
f 12593 12592 12591
f 12595 12596 12594
f 12595 12594 12593
f 12597 12598 12596
f 12597 12596 12595
f 12599 12600 12598
f 12599 12598 12597
f 12601 12602 12600
f 12601 12600 12599
f 12603 12604 12602
f 12603 12602 12601
f 12605 12606 12604
f 12605 12604 12603
f 12607 12608 12606
f 12607 12606 12605
f 12609 12608 12607
f 12609 12610 12608
f 12611 12612 12610
f 12611 12610 12609
f 12613 12614 12612
f 12613 12612 12611
f 12615 12616 12614
f 12615 12614 12613
f 12617 12618 12616
f 12617 12616 12615
f 12619 12620 12618
f 12619 12618 12617
f 12621 12622 12620
f 12621 12620 12619
f 12623 12624 12622
f 12623 12622 12621
f 12625 12626 12624
f 12625 12624 12623
f 12627 12628 12626
f 12627 12626 12625
f 12629 12630 12628
f 12629 12628 12627
f 12631 12632 12630
f 12631 12630 12629
f 12633 12634 12632
f 12633 12632 12631
f 12635 12636 12634
f 12635 12634 12633
f 12637 12638 12636
f 12637 12636 12635
f 12639 12638 12637
f 12639 12640 12638
f 12641 12640 12639
f 12641 12642 12640
f 12643 12642 12641
f 12643 12644 12642
f 12645 12644 12643
f 12645 12646 12644
f 12647 12646 12645
f 12647 12648 12646
f 12649 12648 12647
f 12649 12650 12648
f 12651 12650 12649
f 12651 12652 12650
f 12653 12652 12651
f 12653 12654 12652
f 12655 12654 12653
f 12655 12656 12654
f 12657 12658 12656
f 12657 12656 12655
f 12659 12660 12658
f 12659 12658 12657
f 12661 12662 12660
f 12661 12660 12659
f 12663 12664 12662
f 12663 12662 12661
f 12665 12666 12664
f 12665 12664 12663
f 12667 12668 12666
f 12667 12666 12665
f 12669 12670 12668
f 12669 12668 12667
f 10129 10128 12671
f 10130 10129 12671
f 10131 10130 12671
f 10132 10131 12671
f 12672 12671 12670
f 12672 12670 12669
f 10133 12671 12672
f 10133 10132 12671
f 10134 10133 12672
f 10135 10134 12672
f 10136 10135 12672
f 9825 10136 12672
f 12588 12673 12674
f 12588 12674 12589
f 12592 12675 12673
f 12592 12673 12588
f 12594 12676 12675
f 12594 12675 12592
f 12596 12677 12676
f 12596 12676 12594
f 12598 12678 12677
f 12598 12677 12596
f 12600 12679 12678
f 12600 12678 12598
f 12602 12680 12679
f 12602 12679 12600
f 12604 12681 12680
f 12604 12680 12602
f 12606 12682 12681
f 12606 12681 12604
f 12608 12683 12682
f 12608 12682 12606
f 12610 12684 12683
f 12610 12683 12608
f 12612 12685 12684
f 12612 12684 12610
f 12614 12686 12685
f 12614 12685 12612
f 12616 12687 12686
f 12616 12686 12614
f 12618 12688 12687
f 12618 12687 12616
f 12620 12689 12688
f 12620 12688 12618
f 12622 12690 12689
f 12622 12689 12620
f 12624 12691 12690
f 12624 12690 12622
f 12626 12692 12691
f 12626 12691 12624
f 12628 12693 12692
f 12628 12692 12626
f 12630 12694 12693
f 12630 12693 12628
f 12632 12695 12694
f 12632 12694 12630
f 12634 12696 12695
f 12634 12695 12632
f 12636 12697 12696
f 12636 12696 12634
f 12638 12698 12697
f 12638 12697 12636
f 12640 12699 12698
f 12640 12698 12638
f 12642 12699 12640
f 12642 12700 12699
f 12644 12700 12642
f 12644 12701 12700
f 12646 12701 12644
f 12646 12702 12701
f 12648 12702 12646
f 12648 12703 12702
f 12650 12703 12648
f 12650 12704 12703
f 12652 12704 12650
f 12652 12705 12704
f 12654 12705 12652
f 12654 12706 12705
f 12656 12706 12654
f 12656 12707 12706
f 12658 12707 12656
f 12658 12708 12707
f 12660 12709 12708
f 12660 12708 12658
f 12662 12710 12709
f 12662 12709 12660
f 12664 12711 12710
f 12664 12710 12662
f 12666 12712 12711
f 12666 12711 12664
f 12668 12713 12712
f 12668 12712 12666
f 12670 12714 12713
f 12670 12713 12668
f 10123 10122 12715
f 10124 10123 12715
f 12671 12715 12714
f 12671 12714 12670
f 10125 12715 12671
f 10125 10124 12715
f 10126 10125 12671
f 10127 10126 12671
f 10128 10127 12671
f 12674 12716 12717
f 12673 12718 12716
f 12673 12716 12674
f 12675 12718 12673
f 12675 12719 12718
f 12676 12719 12675
f 12677 12720 12719
f 12677 12719 12676
f 12678 12721 12720
f 12678 12720 12677
f 12679 12722 12721
f 12679 12721 12678
f 12680 12723 12722
f 12680 12722 12679
f 12681 12724 12723
f 12681 12723 12680
f 12682 12725 12724
f 12682 12724 12681
f 12683 12726 12725
f 12683 12725 12682
f 12684 12727 12726
f 12684 12726 12683
f 12685 12728 12727
f 12685 12727 12684
f 12686 12728 12685
f 12687 12729 12728
f 12687 12728 12686
f 12688 12730 12729
f 12688 12729 12687
f 12689 12731 12730
f 12689 12730 12688
f 12690 12732 12731
f 12690 12731 12689
f 12691 12733 12732
f 12691 12732 12690
f 12692 12734 12733
f 12692 12733 12691
f 12693 12735 12734
f 12693 12734 12692
f 12694 12736 12735
f 12694 12735 12693
f 12695 12737 12736
f 12695 12736 12694
f 12696 12737 12695
f 12738 12737 12696
f 12697 12738 12696
f 12739 12738 12697
f 12698 12739 12697
f 12740 12739 12698
f 12699 12740 12698
f 12741 12740 12699
f 12700 12741 12699
f 12742 12741 12700
f 12701 12742 12700
f 12743 12742 12701
f 12702 12743 12701
f 12744 12743 12702
f 12703 12744 12702
f 12745 12744 12703
f 12704 12745 12703
f 12746 12745 12704
f 12705 12746 12704
f 12747 12746 12705
f 12706 12747 12705
f 12706 12748 12747
f 12707 12748 12706
f 12707 12749 12748
f 12708 12749 12707
f 12708 12750 12749
f 12709 12750 12708
f 12709 12751 12750
f 12710 12752 12751
f 12710 12751 12709
f 12711 12753 12752
f 12711 12752 12710
f 12712 12754 12753
f 12712 12753 12711
f 12713 12755 12754
f 12713 12754 12712
f 10117 10116 12756
f 12714 12756 12755
f 12714 12755 12713
f 10118 10117 12756
f 10119 10118 12756
f 12715 12756 12714
f 12715 10119 12756
f 10120 10119 12715
f 10121 10120 12715
f 10122 10121 12715
f 12716 12757 12758
f 12716 12758 12717
f 12718 12757 12716
f 12718 12759 12757
f 12719 12759 12718
f 12719 12760 12759
f 12720 12761 12760
f 12720 12760 12719
f 12721 12762 12761
f 12721 12761 12720
f 12722 12763 12762
f 12722 12762 12721
f 12723 12764 12763
f 12723 12763 12722
f 12724 12765 12764
f 12724 12764 12723
f 12725 12766 12765
f 12725 12765 12724
f 12726 12767 12766
f 12726 12766 12725
f 12727 12768 12767
f 12727 12767 12726
f 12728 12769 12768
f 12728 12768 12727
f 12729 12770 12769
f 12729 12769 12728
f 12730 12771 12770
f 12730 12770 12729
f 12731 12772 12771
f 12731 12771 12730
f 12732 12773 12772
f 12732 12772 12731
f 12733 12774 12773
f 12733 12773 12732
f 12734 12775 12774
f 12734 12774 12733
f 12735 12776 12775
f 12735 12775 12734
f 12736 12777 12776
f 12736 12776 12735
f 12737 12778 12777
f 12737 12777 12736
f 12738 12779 12778
f 12738 12778 12737
f 12739 12779 12738
f 12780 12779 12739
f 12740 12780 12739
f 12781 12780 12740
f 12741 12781 12740
f 12782 12781 12741
f 12742 12782 12741
f 12783 12782 12742
f 12743 12783 12742
f 12784 12783 12743
f 12744 12784 12743
f 12785 12784 12744
f 12745 12785 12744
f 12786 12785 12745
f 12746 12786 12745
f 12787 12786 12746
f 12747 12787 12746
f 12788 12787 12747
f 12748 12788 12747
f 12789 12788 12748
f 12749 12789 12748
f 12749 12790 12789
f 12750 12790 12749
f 12750 12791 12790
f 12751 12791 12750
f 12751 12792 12791
f 12752 12792 12751
f 12752 12793 12792
f 12753 12794 12793
f 12753 12793 12752
f 12754 12794 12753
f 10110 10109 12795
f 12755 12796 12794
f 12755 12794 12754
f 10111 10110 12795
f 10112 10111 12795
f 12756 12795 12796
f 12756 12796 12755
f 12756 10112 12795
f 12756 10113 10112
f 10114 10113 12756
f 10115 10114 12756
f 10116 10115 12756
f 12757 12797 12798
f 12757 12798 12758
f 12759 12799 12797
f 12759 12797 12757
f 12760 12799 12759
f 12760 12800 12799
f 12761 12801 12800
f 12761 12800 12760
f 12762 12802 12801
f 12762 12801 12761
f 12763 12803 12802
f 12763 12802 12762
f 12764 12804 12803
f 12764 12803 12763
f 12765 12805 12804
f 12765 12804 12764
f 12766 12806 12805
f 12766 12805 12765
f 12767 12807 12806
f 12767 12806 12766
f 12768 12808 12807
f 12768 12807 12767
f 12769 12809 12808
f 12769 12808 12768
f 12770 12810 12809
f 12770 12809 12769
f 12771 12811 12810
f 12771 12810 12770
f 12772 12812 12811
f 12772 12811 12771
f 12773 12813 12812
f 12773 12812 12772
f 12774 12814 12813
f 12774 12813 12773
f 12775 12815 12814
f 12775 12814 12774
f 12776 12816 12815
f 12776 12815 12775
f 12777 12817 12816
f 12777 12816 12776
f 12778 12818 12817
f 12778 12817 12777
f 12779 12819 12818
f 12779 12818 12778
f 12780 12820 12819
f 12780 12819 12779
f 12781 12821 12820
f 12781 12820 12780
f 12782 12822 12821
f 12782 12821 12781
f 12783 12823 12822
f 12783 12822 12782
f 12784 12824 12823
f 12784 12823 12783
f 12785 12825 12824
f 12785 12824 12784
f 12786 12825 12785
f 12786 12826 12825
f 12787 12826 12786
f 12787 12827 12826
f 12788 12827 12787
f 12788 12828 12827
f 12789 12828 12788
f 12789 12829 12828
f 12790 12829 12789
f 12790 12830 12829
f 12791 12830 12790
f 12791 12831 12830
f 12792 12831 12791
f 12792 12832 12831
f 12793 12832 12792
f 12793 12833 12832
f 12794 12833 12793
f 12794 12834 12833
f 10104 10101 12835
f 10102 10104 12835
f 10103 10102 12835
f 10105 10103 12835
f 12796 12835 12834
f 12796 12834 12794
f 12796 10105 12835
f 10106 10105 12796
f 12795 10106 12796
f 12795 10107 10106
f 10108 10107 12795
f 10109 10108 12795
f 12797 12836 12837
f 12797 12837 12798
f 12799 12838 12836
f 12799 12836 12797
f 12800 12838 12799
f 12800 12839 12838
f 12801 12840 12839
f 12801 12839 12800
f 12802 12841 12840
f 12802 12840 12801
f 12803 12842 12841
f 12803 12841 12802
f 12804 12843 12842
f 12804 12842 12803
f 12805 12844 12843
f 12805 12843 12804
f 12806 12845 12844
f 12806 12844 12805
f 12807 12846 12845
f 12807 12845 12806
f 12808 12847 12846
f 12808 12846 12807
f 12809 12848 12847
f 12809 12847 12808
f 12810 12849 12848
f 12810 12848 12809
f 12811 12850 12849
f 12811 12849 12810
f 12812 12851 12850
f 12812 12850 12811
f 12813 12852 12851
f 12813 12851 12812
f 12814 12853 12852
f 12814 12852 12813
f 12815 12854 12853
f 12815 12853 12814
f 12816 12855 12854
f 12816 12854 12815
f 12817 12856 12855
f 12817 12855 12816
f 12818 12857 12856
f 12818 12856 12817
f 12819 12857 12818
f 12858 12857 12819
f 12820 12858 12819
f 12859 12858 12820
f 12821 12859 12820
f 12860 12859 12821
f 12822 12860 12821
f 12861 12860 12822
f 12823 12861 12822
f 12862 12861 12823
f 12824 12862 12823
f 12863 12862 12824
f 12825 12863 12824
f 12864 12863 12825
f 12826 12864 12825
f 12827 12864 12826
f 12827 12865 12864
f 12866 12865 12827
f 12828 12866 12827
f 12867 12866 12828
f 12829 12867 12828
f 12830 12867 12829
f 12830 12868 12867
f 12831 12868 12830
f 12831 12869 12868
f 12832 12869 12831
f 12832 12870 12869
f 12833 12870 12832
f 12833 12871 12870
f 10094 10093 12872
f 10097 10094 12872
f 12834 12871 12833
f 12834 12872 12871
f 10095 10097 12872
f 10096 12872 12834
f 10096 10095 12872
f 12835 10096 12834
f 12835 10098 10096
f 10099 10098 12835
f 10100 10099 12835
f 10101 10100 12835
f 12836 12873 12874
f 12836 12874 12837
f 12838 12875 12873
f 12838 12873 12836
f 12839 12876 12875
f 12839 12875 12838
f 12840 12877 12876
f 12840 12876 12839
f 12841 12878 12877
f 12841 12877 12840
f 12842 12879 12878
f 12842 12878 12841
f 12843 12880 12879
f 12843 12879 12842
f 12844 12881 12880
f 12844 12880 12843
f 12845 12882 12881
f 12845 12881 12844
f 12846 12883 12882
f 12846 12882 12845
f 12847 12884 12883
f 12847 12883 12846
f 12848 12885 12884
f 12848 12884 12847
f 12849 12886 12885
f 12849 12885 12848
f 12850 12887 12886
f 12850 12886 12849
f 12851 12888 12887
f 12851 12887 12850
f 12852 12889 12888
f 12852 12888 12851
f 12853 12889 12852
f 12853 12890 12889
f 12854 12890 12853
f 12854 12891 12890
f 12855 12891 12854
f 12855 12892 12891
f 12856 12892 12855
f 12856 12893 12892
f 12857 12893 12856
f 12857 12894 12893
f 12858 12894 12857
f 12858 12895 12894
f 12896 12895 12858
f 12859 12897 12896
f 12859 12896 12858
f 12859 12898 12899
f 12859 12899 12900
f 12859 12900 12901
f 12859 12901 12897
f 12902 12898 12859
f 12903 12902 12859
f 12904 12903 12859
f 12905 12904 12859
f 12906 12905 12859
f 12907 12906 12859
f 12908 12907 12859
f 12909 12908 12859
f 12910 12909 12859
f 12911 12910 12859
f 12912 12911 12859
f 12913 12912 12859
f 12914 12913 12859
f 12915 12914 12859
f 12916 12915 12859
f 12917 12916 12859
f 12918 12917 12859
f 12860 12919 12918
f 12860 12918 12859
f 12920 12919 12860
f 12921 12920 12860
f 12861 12922 12923
f 12861 12923 12924
f 12861 12924 12925
f 12861 12925 12926
f 12861 12926 12927
f 12861 12927 12928
f 12861 12929 12930
f 12861 12930 12931
f 12861 12931 12932
f 12861 12932 12933
f 12861 12933 12934
f 12861 12934 12935
f 12861 12935 12936
f 12861 12936 12937
f 12861 12937 12938
f 12861 12938 12939
f 12861 12939 12940
f 12861 12940 12941
f 12861 12941 12942
f 12861 12942 12943
f 12861 12943 12944
f 12861 12944 12945
f 12861 12945 12922
f 12946 12929 12861
f 12862 12946 12861
f 12947 12946 12862
f 12863 12947 12862
f 12948 12947 12863
f 12864 12948 12863
f 12949 12948 12864
f 12865 12949 12864
f 12950 12949 12865
f 12866 12950 12865
f 12866 12951 12950
f 12867 12951 12866
f 12867 12952 12951
f 12868 12952 12867
f 12868 12953 12952
f 12869 12953 12868
f 12869 12954 12953
f 12870 12954 12869
f 12870 12955 12954
f 12871 12955 12870
f 12871 12956 12955
f 10084 10086 12956
f 10085 10084 12956
f 10087 10085 12956
f 10088 10087 12956
f 12872 12956 12871
f 12872 10088 12956
f 10089 10088 12872
f 10090 10089 12872
f 10091 10090 12872
f 10092 10091 12872
f 10093 10092 12872
f 12860 12861 12921
f 12921 12861 12957
f 12957 12861 12928
f 12958 12959 12960
f 12958 12961 12959
f 12958 12962 12961
f 12946 12963 12929
f 12946 12964 12963
f 12946 12965 12964
f 12946 12966 12965
f 12946 12967 12966
f 12946 12968 12967
f 12946 12969 12968
f 12946 12970 12969
f 12946 12971 12970
f 12946 12960 12971
f 12946 12958 12960
f 12947 12972 12958
f 12947 12958 12946
f 12948 12973 12972
f 12948 12972 12947
f 12949 12974 12973
f 12949 12973 12948
f 12950 12975 12974
f 12950 12974 12949
f 12951 12976 12975
f 12951 12975 12950
f 12952 12976 12951
f 12952 12977 12976
f 12953 12978 12977
f 12953 12977 12952
f 12954 12979 12978
f 12954 12978 12953
f 10076 10072 12980
f 10074 10076 12980
f 10075 10074 12980
f 12955 12981 12979
f 12955 12979 12954
f 10079 10075 12980
f 10077 10079 12980
f 10078 10077 12980
f 10078 12980 12981
f 12956 12981 12955
f 12956 10078 12981
f 12956 10080 10078
f 10081 10080 12956
f 10082 10081 12956
f 10083 10082 12956
f 10086 10083 12956
f 12982 12983 12984
f 12982 12985 12983
f 12982 12986 12985
f 12982 12987 12986
f 12982 12988 12987
f 12982 12989 12988
f 12982 12990 12989
f 12982 12991 12990
f 12982 12992 12991
f 12982 12993 12992
f 12982 12994 12993
f 12958 12995 12982
f 12958 12996 12962
f 12958 12984 12996
f 12958 12982 12984
f 12972 12995 12958
f 12997 12995 12972
f 12973 12998 12997
f 12973 12997 12972
f 12974 12999 12998
f 12974 12998 12973
f 12975 13000 12999
f 12975 12999 12974
f 12976 13001 13000
f 12976 13000 12975
f 12977 13002 13001
f 12977 13001 12976
f 12978 13002 12977
f 12978 13003 13002
f 12979 13003 12978
f 12979 13004 13003
f 10066 10063 13005
f 10064 10066 13005
f 10065 10064 13005
f 12981 13005 13004
f 12981 13004 12979
f 10067 10065 13005
f 10068 10067 13005
f 10069 13005 12981
f 10069 10068 13005
f 12980 10069 12981
f 12980 10070 10069
f 10073 10070 12980
f 10071 10073 12980
f 10072 10071 12980
f 13006 13007 13008
f 13009 13010 13007
f 13009 13007 13006
f 13011 13012 13010
f 13011 13010 13009
f 13013 13014 13012
f 13013 13012 13011
f 13015 13016 13014
f 13015 13014 13013
f 13017 13018 13016
f 13017 13016 13015
f 13019 13020 13018
f 13019 13018 13017
f 13021 13022 13020
f 13021 13020 13019
f 13023 13024 13022
f 13023 13022 13021
f 13025 13026 13024
f 13025 13024 13023
f 13027 13028 13026
f 13027 13026 13025
f 13029 13030 13028
f 13029 13028 13027
f 13031 13032 13030
f 13031 13030 13029
f 13033 13034 13032
f 13033 13032 13031
f 13035 13034 13033
f 13035 13036 13034
f 13037 13036 13035
f 13037 13038 13036
f 13039 13038 13037
f 13039 13040 13038
f 13041 13040 13039
f 13041 13042 13040
f 13043 13042 13041
f 13043 13044 13042
f 13045 13044 13043
f 13046 13044 13045
f 13047 13046 13045
f 13048 13046 13047
f 13049 13048 13047
f 13050 13048 13049
f 13051 13050 13049
f 13052 13053 13050
f 13052 13050 13051
f 13054 13053 13052
f 13055 13053 13054
f 13056 13053 13055
f 13057 13053 13056
f 13058 13053 13057
f 13059 13053 13058
f 13060 13053 13059
f 13061 13053 13060
f 13062 13053 13061
f 13063 13053 13062
f 13064 13053 13063
f 13065 13053 13064
f 13066 13053 13065
f 13067 13053 13066
f 13068 13053 13067
f 13069 13053 13068
f 13070 13053 13069
f 13071 13053 13070
f 13072 13053 13071
f 13073 13053 13072
f 13074 13053 13073
f 13075 13053 13074
f 13076 13053 13075
f 13077 13076 13078
f 13077 13053 13076
f 13079 13077 13078
f 13080 13077 13079
f 13081 13077 13080
f 13082 13083 13084
f 13082 13084 13085
f 13082 13085 13086
f 13082 13086 13087
f 13082 13087 13088
f 13082 13088 13089
f 13082 13089 13090
f 13082 13090 13091
f 13082 13091 13092
f 13082 13092 13093
f 13082 13093 13094
f 13082 13094 13095
f 13082 13095 13096
f 13082 13097 13098
f 13082 13098 13099
f 13082 13099 13100
f 13082 13100 13101
f 13082 13101 13102
f 13082 13102 13103
f 13082 13103 13104
f 13082 13104 13105
f 13082 13105 13083
f 13106 13082 13096
f 13107 13082 13106
f 13108 13082 13107
f 13109 13082 13108
f 13110 13082 13109
f 13111 13082 13110
f 13112 13082 13111
f 13113 13082 13112
f 12994 13082 13113
f 12982 13114 13082
f 12982 13082 12994
f 12995 13114 12982
f 12995 13115 13114
f 12997 13116 13115
f 12997 13115 12995
f 12998 13117 13116
f 12998 13116 12997
f 12999 13118 13117
f 12999 13117 12998
f 13000 13119 13118
f 13000 13118 12999
f 13001 13120 13119
f 13001 13119 13000
f 13002 13121 13120
f 13002 13120 13001
f 13003 13122 13121
f 13003 13121 13002
f 13004 13122 13003
f 13004 13123 13122
f 10054 10053 13124
f 10055 10054 13124
f 10056 10055 13124
f 13005 13123 13004
f 13005 13124 13123
f 10057 10056 13124
f 10058 10057 13124
f 10059 13124 13005
f 10059 10058 13124
f 10060 10059 13005
f 10061 10060 13005
f 10062 10061 13005
f 10063 10062 13005
f 13082 13077 13081
f 13082 13081 13125
f 13082 13125 13126
f 13082 13126 13097
f 13008 13127 13128
f 13007 13129 13127
f 13007 13127 13008
f 13010 13130 13129
f 13010 13129 13007
f 13012 13130 13010
f 13012 13131 13130
f 13014 13132 13131
f 13014 13131 13012
f 13016 13132 13014
f 13016 13133 13132
f 13018 13134 13133
f 13018 13133 13016
f 13020 13135 13134
f 13020 13134 13018
f 13022 13136 13135
f 13022 13135 13020
f 13024 13137 13136
f 13024 13136 13022
f 13026 13138 13137
f 13026 13137 13024
f 13028 13139 13138
f 13028 13138 13026
f 13030 13140 13139
f 13030 13139 13028
f 13032 13141 13140
f 13032 13140 13030
f 13034 13142 13141
f 13034 13141 13032
f 13036 13143 13142
f 13036 13142 13034
f 13038 13144 13143
f 13038 13143 13036
f 13040 13145 13144
f 13040 13144 13038
f 13042 13146 13145
f 13042 13145 13040
f 13044 13147 13146
f 13044 13146 13042
f 13046 13148 13147
f 13046 13147 13044
f 13048 13149 13148
f 13048 13148 13046
f 13050 13150 13149
f 13050 13149 13048
f 13053 13151 13150
f 13053 13150 13050
f 13077 13152 13151
f 13077 13151 13053
f 13082 13153 13152
f 13082 13152 13077
f 13114 13154 13153
f 13114 13153 13082
f 13115 13155 13154
f 13115 13154 13114
f 13116 13156 13155
f 13116 13155 13115
f 13157 13156 13116
f 13117 13157 13116
f 13118 13157 13117
f 13118 13158 13157
f 13119 13158 13118
f 13119 13159 13158
f 13119 13160 13159
f 13120 13160 13119
f 13120 13161 13160
f 13121 13161 13120
f 13121 13162 13161
f 13122 13162 13121
f 13122 13163 13162
f 13123 13163 13122
f 13123 13164 13163
f 10047 10044 13165
f 13124 13164 13123
f 10045 10047 13165
f 10046 10045 13165
f 10048 10046 13165
f 10049 10048 13165
f 10050 13165 13164
f 10050 13164 13124
f 10050 10049 13165
f 10051 10050 13124
f 10052 10051 13124
f 10053 10052 13124
f 13128 13166 13167
f 13127 13168 13166
f 13127 13166 13128
f 13129 13169 13168
f 13129 13168 13127
f 13130 13169 13129
f 13130 13170 13169
f 13131 13171 13170
f 13131 13170 13130
f 13132 13172 13171
f 13132 13171 13131
f 13133 13173 13172
f 13133 13172 13132
f 13134 13174 13173
f 13134 13173 13133
f 13135 13175 13174
f 13135 13174 13134
f 13136 13176 13175
f 13136 13175 13135
f 13137 13177 13176
f 13137 13176 13136
f 13138 13178 13177
f 13138 13177 13137
f 13139 13179 13178
f 13139 13178 13138
f 13140 13180 13179
f 13140 13179 13139
f 13141 13181 13180
f 13141 13180 13140
f 13142 13182 13181
f 13142 13181 13141
f 13143 13183 13182
f 13143 13182 13142
f 13144 13184 13183
f 13144 13183 13143
f 13145 13185 13184
f 13145 13184 13144
f 13146 13186 13185
f 13146 13185 13145
f 13147 13186 13146
f 13187 13186 13147
f 13148 13187 13147
f 13188 13187 13148
f 13149 13188 13148
f 13189 13188 13149
f 13150 13189 13149
f 13190 13189 13150
f 13151 13190 13150
f 13191 13190 13151
f 13152 13191 13151
f 13192 13191 13152
f 13153 13192 13152
f 13193 13192 13153
f 13154 13193 13153
f 13194 13193 13154
f 13155 13194 13154
f 13195 13194 13155
f 13156 13195 13155
f 13196 13195 13156
f 13157 13196 13156
f 13197 13196 13157
f 13158 13197 13157
f 13158 13198 13197
f 13159 13198 13158
f 13159 13199 13198
f 13160 13199 13159
f 13160 13200 13199
f 13161 13200 13160
f 13161 13201 13200
f 13162 13201 13161
f 13162 13202 13201
f 13163 13202 13162
f 13163 13203 13202
f 13164 13204 13203
f 13164 13203 13163
f 10037 10036 13205
f 10038 10037 13205
f 10039 10038 13205
f 13165 13204 13164
f 10040 13205 13204
f 10040 10039 13205
f 10041 13204 13165
f 10041 10040 13204
f 10042 10041 13165
f 10043 10042 13165
f 10044 10043 13165
f 13167 13206 13207
f 13166 13208 13206
f 13166 13206 13167
f 13168 13208 13166
f 13168 13209 13208
f 13169 13210 13209
f 13169 13209 13168
f 13170 13211 13210
f 13170 13210 13169
f 13171 13212 13211
f 13171 13211 13170
f 13172 13213 13212
f 13172 13212 13171
f 13173 13214 13213
f 13173 13213 13172
f 13174 13215 13214
f 13174 13214 13173
f 13175 13216 13215
f 13175 13215 13174
f 13176 13217 13216
f 13176 13216 13175
f 13177 13218 13217
f 13177 13217 13176
f 13178 13219 13218
f 13178 13218 13177
f 13179 13220 13219
f 13179 13219 13178
f 13180 13221 13220
f 13180 13220 13179
f 13181 13222 13221
f 13181 13221 13180
f 13182 13223 13222
f 13182 13222 13181
f 13183 13224 13223
f 13183 13223 13182
f 13184 13224 13183
f 13225 13224 13184
f 13185 13225 13184
f 13226 13225 13185
f 13186 13226 13185
f 13227 13226 13186
f 13187 13227 13186
f 13228 13227 13187
f 13188 13228 13187
f 13229 13228 13188
f 13189 13230 13229
f 13189 13229 13188
f 13190 13231 13230
f 13190 13230 13189
f 13191 13232 13231
f 13191 13231 13190
f 13192 13233 13232
f 13192 13232 13191
f 13193 13234 13233
f 13193 13233 13192
f 13194 13234 13193
f 13194 13235 13234
f 13195 13235 13194
f 13195 13236 13235
f 13196 13236 13195
f 13196 13237 13236
f 13197 13237 13196
f 13197 13238 13237
f 13198 13238 13197
f 13198 13239 13238
f 13199 13239 13198
f 13199 13240 13239
f 13200 13240 13199
f 13200 13241 13240
f 13201 13241 13200
f 13201 13242 13241
f 13202 13242 13201
f 13202 13243 13242
f 13203 13244 13243
f 13203 13243 13202
f 13203 13245 13244
f 13204 13246 13245
f 13204 13245 13203
f 10030 10029 13246
f 10031 10030 13246
f 10032 10031 13246
f 10033 10032 13246
f 13205 13246 13204
f 13205 10033 13246
f 10034 10033 13205
f 10035 10034 13205
f 10036 10035 13205
f 13206 13247 13248
f 13206 13248 13207
f 13208 13249 13247
f 13208 13247 13206
f 13209 13250 13249
f 13209 13251 13250
f 13209 13249 13208
f 13210 13252 13251
f 13210 13251 13209
f 13211 13253 13252
f 13211 13252 13210
f 13212 13254 13253
f 13212 13253 13211
f 13213 13255 13254
f 13213 13254 13212
f 13214 13256 13255
f 13214 13255 13213
f 13215 13257 13256
f 13215 13256 13214
f 13216 13258 13257
f 13216 13257 13215
f 13217 13259 13258
f 13217 13258 13216
f 13218 13260 13259
f 13218 13261 13260
f 13218 13259 13217
f 13219 13262 13261
f 13219 13261 13218
f 13220 13263 13262
f 13220 13262 13219
f 13221 13264 13263
f 13221 13263 13220
f 13222 13265 13264
f 13222 13264 13221
f 13223 13266 13265
f 13223 13265 13222
f 13224 13267 13266
f 13224 13266 13223
f 13225 13268 13267
f 13225 13267 13224
f 13226 13269 13268
f 13226 13268 13225
f 13227 13270 13269
f 13227 13269 13226
f 13228 13271 13270
f 13228 13270 13227
f 13229 13272 13271
f 13229 13271 13228
f 13230 13273 13272
f 13230 13272 13229
f 13231 13273 13230
f 13274 13273 13231
f 13232 13274 13231
f 13275 13274 13232
f 13233 13275 13232
f 13233 13276 13275
f 13234 13276 13233
f 13234 13277 13276
f 13235 13277 13234
f 13235 13278 13277
f 13236 13278 13235
f 13236 13279 13278
f 13237 13279 13236
f 13237 13280 13279
f 13238 13280 13237
f 13238 13281 13280
f 13239 13281 13238
f 13239 13282 13281
f 13240 13282 13239
f 13240 13283 13282
f 13241 13283 13240
f 13241 13284 13283
f 13242 13285 13284
f 13242 13284 13241
f 13243 13286 13285
f 13243 13285 13242
f 13244 13287 13286
f 13244 13286 13243
f 13245 13288 13287
f 13245 13287 13244
f 10024 10023 13289
f 10025 10024 13289
f 13246 13289 13288
f 13246 13288 13245
f 10026 13289 13246
f 10026 10025 13289
f 10027 10026 13246
f 10028 10027 13246
f 10029 10028 13246
f 13248 13290 13291
f 13247 13290 13248
f 13247 13292 13290
f 13249 13293 13292
f 13249 13292 13247
f 13250 13293 13249
f 13250 13294 13293
f 13251 13295 13294
f 13251 13294 13250
f 13252 13296 13295
f 13252 13295 13251
f 13253 13297 13296
f 13253 13296 13252
f 13254 13298 13297
f 13254 13297 13253
f 13255 13299 13298
f 13255 13298 13254
f 13256 13300 13299
f 13256 13299 13255
f 13257 13301 13300
f 13257 13300 13256
f 13258 13302 13301
f 13258 13301 13257
f 13259 13303 13302
f 13259 13302 13258
f 13260 13304 13303
f 13260 13303 13259
f 13261 13305 13304
f 13261 13304 13260
f 13262 13306 13305
f 13262 13305 13261
f 13263 13307 13306
f 13263 13306 13262
f 13264 13308 13307
f 13264 13307 13263
f 13265 13309 13308
f 13265 13308 13264
f 13266 13309 13265
f 13310 13309 13266
f 13267 13310 13266
f 13311 13310 13267
f 13268 13311 13267
f 13312 13311 13268
f 13269 13312 13268
f 13313 13312 13269
f 13270 13313 13269
f 13314 13313 13270
f 13271 13314 13270
f 13315 13314 13271
f 13272 13315 13271
f 13316 13315 13272
f 13273 13316 13272
f 13317 13316 13273
f 13274 13317 13273
f 13318 13317 13274
f 13275 13318 13274
f 13319 13318 13275
f 13276 13319 13275
f 13320 13319 13276
f 13277 13320 13276
f 13321 13320 13277
f 13278 13321 13277
f 13322 13321 13278
f 13279 13322 13278
f 13323 13322 13279
f 13280 13323 13279
f 13324 13323 13280
f 13281 13324 13280
f 13325 13324 13281
f 13282 13325 13281
f 13282 13326 13325
f 13283 13327 13326
f 13283 13326 13282
f 13284 13328 13327
f 13284 13327 13283
f 13285 13329 13328
f 13285 13328 13284
f 13286 13330 13329
f 13286 13329 13285
f 13287 13331 13330
f 13287 13330 13286
f 13288 13332 13331
f 13288 13331 13287
f 10018 10017 13332
f 10019 10018 13332
f 13289 13332 13288
f 10020 13332 13289
f 10020 10019 13332
f 10021 10020 13289
f 10022 10021 13289
f 10023 10022 13289
f 13291 13333 13334
f 13290 13335 13333
f 13290 13333 13291
f 13292 13335 13290
f 13292 13336 13335
f 13293 13337 13336
f 13293 13336 13292
f 13294 13338 13337
f 13294 13337 13293
f 13295 13339 13338
f 13295 13338 13294
f 13296 13340 13339
f 13296 13339 13295
f 13297 13341 13340
f 13297 13340 13296
f 13298 13342 13341
f 13298 13341 13297
f 13299 13343 13342
f 13299 13342 13298
f 13300 13344 13343
f 13300 13343 13299
f 13301 13345 13344
f 13301 13344 13300
f 13302 13346 13345
f 13302 13345 13301
f 13303 13347 13346
f 13303 13346 13302
f 13304 13348 13347
f 13304 13347 13303
f 13305 13349 13348
f 13305 13348 13304
f 13306 13350 13349
f 13306 13349 13305
f 13307 13351 13350
f 13307 13350 13306
f 13308 13352 13351
f 13308 13351 13307
f 13309 13352 13308
f 13353 13352 13309
f 13310 13353 13309
f 13354 13353 13310
f 13311 13354 13310
f 13355 13354 13311
f 13312 13355 13311
f 13356 13355 13312
f 13313 13356 13312
f 13357 13356 13313
f 13314 13357 13313
f 13358 13357 13314
f 13315 13358 13314
f 13359 13358 13315
f 13316 13359 13315
f 13360 13359 13316
f 13317 13360 13316
f 13361 13360 13317
f 13318 13361 13317
f 13362 13361 13318
f 13319 13362 13318
f 13363 13362 13319
f 13320 13363 13319
f 13364 13363 13320
f 13321 13364 13320
f 13365 13364 13321
f 13322 13365 13321
f 13366 13365 13322
f 13323 13366 13322
f 13367 13366 13323
f 13324 13367 13323
f 13368 13367 13324
f 13325 13368 13324
f 13369 13368 13325
f 13326 13370 13369
f 13326 13369 13325
f 13327 13371 13370
f 13327 13370 13326
f 13328 13372 13371
f 13328 13371 13327
f 13329 13373 13372
f 13329 13372 13328
f 13330 13374 13373
f 13330 13373 13329
f 13331 13375 13374
f 13331 13374 13330
f 10010 10009 13375
f 10011 10010 13375
f 10012 10011 13375
f 13332 13375 13331
f 10013 10012 13375
f 10014 13375 13332
f 10014 10013 13375
f 10015 10014 13332
f 10016 10015 13332
f 10017 10016 13332
f 13333 13376 13377
f 13333 13377 13334
f 13335 13378 13376
f 13335 13376 13333
f 13336 13379 13378
f 13336 13378 13335
f 13337 13380 13379
f 13337 13379 13336
f 13338 13381 13380
f 13338 13380 13337
f 13339 13382 13381
f 13339 13381 13338
f 13340 13383 13382
f 13340 13382 13339
f 13341 13384 13383
f 13341 13383 13340
f 13342 13385 13384
f 13342 13384 13341
f 13343 13386 13385
f 13343 13385 13342
f 13344 13386 13343
f 13344 13387 13386
f 13345 13388 13387
f 13345 13387 13344
f 13346 13389 13388
f 13346 13388 13345
f 13347 13390 13389
f 13347 13389 13346
f 13348 13391 13390
f 13348 13390 13347
f 13349 13392 13391
f 13349 13391 13348
f 13350 13393 13392
f 13350 13392 13349
f 13351 13394 13393
f 13351 13393 13350
f 13352 13395 13394
f 13352 13394 13351
f 13353 13396 13395
f 13353 13395 13352
f 13354 13397 13396
f 13354 13396 13353
f 13355 13398 13397
f 13355 13397 13354
f 13356 13399 13398
f 13356 13398 13355
f 13357 13400 13399
f 13357 13399 13356
f 13358 13401 13400
f 13358 13400 13357
f 13359 13401 13358
f 13359 13402 13401
f 13360 13402 13359
f 13360 13403 13402
f 13361 13403 13360
f 13361 13404 13403
f 13362 13404 13361
f 13362 13405 13404
f 13363 13405 13362
f 13363 13406 13405
f 13364 13406 13363
f 13364 13407 13406
f 13365 13407 13364
f 13365 13408 13407
f 13366 13408 13365
f 13366 13409 13408
f 13367 13409 13366
f 13367 13410 13409
f 13368 13411 13410
f 13368 13410 13367
f 13369 13412 13411
f 13369 13411 13368
f 13370 13413 13412
f 13370 13412 13369
f 13371 13414 13413
f 13371 13413 13370
f 13372 13415 13414
f 13372 13414 13371
f 13373 13416 13415
f 13373 13415 13372
f 13374 13417 13416
f 13374 13416 13373
f 10001 10000 13418
f 10002 10001 13418
f 10003 10002 13418
f 10004 10003 13418
f 13375 13418 13417
f 13375 13417 13374
f 10005 13418 13375
f 10005 10004 13418
f 10006 10005 13375
f 10007 10006 13375
f 10008 10007 13375
f 10009 10008 13375
f 13376 13419 13420
f 13376 13420 13377
f 13378 13421 13419
f 13378 13419 13376
f 13379 13422 13421
f 13379 13421 13378
f 13380 13423 13422
f 13380 13422 13379
f 13381 13424 13423
f 13381 13423 13380
f 13382 13425 13424
f 13382 13424 13381
f 13383 13426 13425
f 13383 13425 13382
f 13384 13427 13426
f 13384 13426 13383
f 13385 13428 13427
f 13385 13427 13384
f 13386 13429 13428
f 13386 13428 13385
f 13387 13430 13429
f 13387 13429 13386
f 13388 13431 13430
f 13388 13430 13387
f 13389 13432 13431
f 13389 13431 13388
f 13390 13433 13432
f 13390 13432 13389
f 13391 13434 13433
f 13391 13433 13390
f 13392 13435 13434
f 13392 13434 13391
f 13393 13436 13435
f 13393 13435 13392
f 13394 13437 13436
f 13394 13436 13393
f 13395 13438 13437
f 13395 13437 13394
f 13396 13439 13438
f 13396 13438 13395
f 13397 13440 13439
f 13397 13439 13396
f 13398 13441 13440
f 13398 13440 13397
f 13399 13442 13441
f 13399 13441 13398
f 13400 13443 13442
f 13400 13442 13399
f 13401 13444 13443
f 13401 13443 13400
f 13402 13445 13444
f 13402 13444 13401
f 13403 13445 13402
f 13403 13446 13445
f 13404 13446 13403
f 13404 13447 13446
f 13405 13447 13404
f 13405 13448 13447
f 13406 13448 13405
f 13406 13449 13448
f 13407 13449 13406
f 13407 13450 13449
f 13408 13450 13407
f 13408 13451 13450
f 13409 13451 13408
f 13409 13452 13451
f 13410 13452 13409
f 13410 13453 13452
f 13411 13453 13410
f 13411 13454 13453
f 13412 13455 13454
f 13412 13454 13411
f 13413 13456 13455
f 13413 13455 13412
f 13414 13457 13456
f 13414 13456 13413
f 13415 13458 13457
f 13415 13457 13414
f 13416 13459 13458
f 13416 13458 13415
f 13417 13460 13459
f 13417 13459 13416
f 9992 9990 13461
f 9994 9992 13461
f 13418 13461 13460
f 13418 13460 13417
f 9996 13461 13418
f 9996 9994 13461
f 9998 9996 13418
f 9999 9998 13418
f 10000 9999 13418
f 13420 13462 13463
f 13419 13464 13462
f 13419 13462 13420
f 13421 13464 13419
f 13421 13465 13464
f 13422 13465 13421
f 13423 13466 13465
f 13423 13465 13422
f 13424 13467 13466
f 13424 13466 13423
f 13425 13468 13467
f 13425 13467 13424
f 13426 13469 13468
f 13426 13468 13425
f 13427 13470 13469
f 13427 13469 13426
f 13428 13471 13470
f 13428 13470 13427
f 13429 13472 13471
f 13429 13471 13428
f 13430 13473 13472
f 13430 13472 13429
f 13431 13474 13473
f 13431 13473 13430
f 13432 13474 13431
f 13433 13475 13474
f 13433 13474 13432
f 13434 13476 13475
f 13434 13475 13433
f 13435 13477 13476
f 13435 13476 13434
f 13436 13478 13477
f 13436 13477 13435
f 13437 13479 13478
f 13437 13478 13436
f 13438 13480 13479
f 13438 13479 13437
f 13439 13481 13480
f 13439 13480 13438
f 13440 13482 13481
f 13440 13481 13439
f 13441 13483 13482
f 13441 13482 13440
f 13442 13483 13441
f 13484 13483 13442
f 13443 13484 13442
f 13485 13484 13443
f 13444 13485 13443
f 13486 13485 13444
f 13445 13486 13444
f 13487 13486 13445
f 13446 13487 13445
f 13488 13487 13446
f 13447 13488 13446
f 13489 13488 13447
f 13448 13489 13447
f 13490 13489 13448
f 13449 13490 13448
f 13491 13490 13449
f 13450 13491 13449
f 13492 13491 13450
f 13451 13492 13450
f 13493 13492 13451
f 13452 13493 13451
f 13452 13494 13493
f 13453 13494 13452
f 13453 13495 13494
f 13454 13495 13453
f 13454 13496 13495
f 13455 13496 13454
f 13455 13497 13496
f 13456 13498 13497
f 13456 13497 13455
f 13457 13499 13498
f 13457 13498 13456
f 13458 13500 13499
f 13458 13499 13457
f 13459 13501 13500
f 13459 13500 13458
f 9979 9977 13502
f 13460 13502 13501
f 13460 13501 13459
f 9981 9979 13502
f 9983 9981 13502
f 13461 13502 13460
f 13461 9983 13502
f 9985 9983 13461
f 9988 9985 13461
f 9990 9988 13461
f 13462 13503 13504
f 13462 13504 13463
f 13464 13503 13462
f 13464 13505 13503
f 13465 13505 13464
f 13465 13506 13505
f 13466 13507 13506
f 13466 13506 13465
f 13467 13508 13507
f 13467 13507 13466
f 13468 13509 13508
f 13468 13508 13467
f 13469 13510 13509
f 13469 13509 13468
f 13470 13511 13510
f 13470 13510 13469
f 13471 13512 13511
f 13471 13511 13470
f 13472 13513 13512
f 13472 13512 13471
f 13473 13514 13513
f 13473 13513 13472
f 13474 13515 13514
f 13474 13514 13473
f 13475 13516 13515
f 13475 13515 13474
f 13476 13517 13516
f 13476 13516 13475
f 13477 13518 13517
f 13477 13517 13476
f 13478 13519 13518
f 13478 13518 13477
f 13479 13520 13519
f 13479 13519 13478
f 13480 13521 13520
f 13480 13520 13479
f 13481 13522 13521
f 13481 13521 13480
f 13482 13523 13522
f 13482 13522 13481
f 13483 13524 13523
f 13483 13523 13482
f 13484 13525 13524
f 13484 13524 13483
f 13485 13525 13484
f 13526 13525 13485
f 13486 13526 13485
f 13527 13526 13486
f 13487 13527 13486
f 13528 13527 13487
f 13488 13528 13487
f 13529 13528 13488
f 13489 13529 13488
f 13530 13529 13489
f 13490 13530 13489
f 13531 13530 13490
f 13491 13531 13490
f 13532 13531 13491
f 13492 13532 13491
f 13533 13532 13492
f 13493 13533 13492
f 13534 13533 13493
f 13494 13534 13493
f 13535 13534 13494
f 13495 13535 13494
f 13495 13536 13535
f 13496 13536 13495
f 13496 13537 13536
f 13497 13537 13496
f 13497 13538 13537
f 13498 13538 13497
f 13498 13539 13538
f 13499 13540 13539
f 13499 13539 13498
f 13500 13540 13499
f 9966 9965 13541
f 13501 13542 13540
f 13501 13540 13500
f 9968 9966 13541
f 9969 9968 13541
f 13502 13541 13542
f 13502 13542 13501
f 13502 9969 13541
f 13502 9971 9969
f 9974 9971 13502
f 9976 9974 13502
f 9977 9976 13502
f 13503 13543 13544
f 13503 13544 13504
f 13505 13545 13543
f 13505 13543 13503
f 13506 13545 13505
f 13506 13546 13545
f 13507 13547 13546
f 13507 13546 13506
f 13508 13548 13547
f 13508 13547 13507
f 13509 13549 13548
f 13509 13548 13508
f 13510 13550 13549
f 13510 13549 13509
f 13511 13551 13550
f 13511 13550 13510
f 13512 13552 13551
f 13512 13551 13511
f 13513 13553 13552
f 13513 13552 13512
f 13514 13554 13553
f 13514 13553 13513
f 13515 13555 13554
f 13515 13554 13514
f 13516 13556 13555
f 13516 13555 13515
f 13517 13557 13556
f 13517 13556 13516
f 13518 13558 13557
f 13518 13557 13517
f 13519 13559 13558
f 13519 13558 13518
f 13520 13560 13559
f 13520 13559 13519
f 13521 13561 13560
f 13521 13560 13520
f 13522 13562 13561
f 13522 13561 13521
f 13523 13563 13562
f 13523 13562 13522
f 13524 13564 13563
f 13524 13563 13523
f 13525 13565 13564
f 13525 13564 13524
f 13526 13566 13565
f 13526 13565 13525
f 13527 13567 13566
f 13527 13566 13526
f 13528 13568 13567
f 13528 13567 13527
f 13529 13569 13568
f 13529 13568 13528
f 13530 13570 13569
f 13530 13569 13529
f 13531 13571 13570
f 13531 13570 13530
f 13532 13571 13531
f 13532 13572 13571
f 13533 13572 13532
f 13533 13573 13572
f 13534 13573 13533
f 13534 13574 13573
f 13535 13574 13534
f 13535 13575 13574
f 13536 13575 13535
f 13536 13576 13575
f 13537 13576 13536
f 13537 13577 13576
f 13538 13577 13537
f 13538 13578 13577
f 13539 13578 13538
f 13539 13579 13578
f 13540 13579 13539
f 13540 13580 13579
f 9953 9952 13581
f 9955 9953 13581
f 9956 9955 13581
f 9958 9956 13581
f 13542 13581 13580
f 13542 13580 13540
f 13542 9958 13581
f 9960 9958 13542
f 13541 9960 13542
f 13541 9962 9960
f 9963 9962 13541
f 9965 9963 13541
f 13543 13582 13583
f 13543 13583 13544
f 13545 13584 13582
f 13545 13582 13543
f 13546 13584 13545
f 13546 13585 13584
f 13547 13586 13585
f 13547 13585 13546
f 13548 13587 13586
f 13548 13586 13547
f 13549 13588 13587
f 13549 13587 13548
f 13550 13589 13588
f 13550 13588 13549
f 13551 13590 13589
f 13551 13589 13550
f 13552 13591 13590
f 13552 13590 13551
f 13553 13592 13591
f 13553 13591 13552
f 13554 13593 13592
f 13554 13592 13553
f 13555 13594 13593
f 13555 13593 13554
f 13556 13595 13594
f 13556 13594 13555
f 13557 13596 13595
f 13557 13595 13556
f 13558 13597 13596
f 13558 13596 13557
f 13559 13598 13597
f 13559 13597 13558
f 13560 13599 13598
f 13560 13598 13559
f 13561 13600 13599
f 13561 13599 13560
f 13562 13601 13600
f 13562 13600 13561
f 13563 13602 13601
f 13563 13601 13562
f 13564 13603 13602
f 13564 13602 13563
f 13565 13603 13564
f 13604 13603 13565
f 13566 13604 13565
f 13605 13604 13566
f 13567 13605 13566
f 13606 13605 13567
f 13568 13606 13567
f 13607 13606 13568
f 13569 13607 13568
f 13608 13607 13569
f 13570 13608 13569
f 13609 13608 13570
f 13571 13609 13570
f 13610 13609 13571
f 13572 13610 13571
f 13573 13610 13572
f 13573 13611 13610
f 13612 13611 13573
f 13574 13612 13573
f 13613 13612 13574
f 13575 13613 13574
f 13576 13613 13575
f 13576 13614 13613
f 13577 13614 13576
f 13577 13615 13614
f 13578 13615 13577
f 13578 13616 13615
f 13579 13616 13578
f 13579 13617 13616
f 9941 9939 13618
f 9942 9941 13618
f 13580 13617 13579
f 13580 13618 13617
f 9944 9942 13618
f 9945 13618 13580
f 9945 9944 13618
f 13581 9945 13580
f 13581 9947 9945
f 9949 9947 13581
f 9950 9949 13581
f 9952 9950 13581
f 13582 13619 13620
f 13582 13620 13583
f 13584 13621 13619
f 13584 13619 13582
f 13585 13622 13621
f 13585 13621 13584
f 13586 13623 13622
f 13586 13622 13585
f 13587 13624 13623
f 13587 13623 13586
f 13588 13625 13624
f 13588 13624 13587
f 13589 13626 13625
f 13589 13625 13588
f 13590 13627 13626
f 13590 13626 13589
f 13591 13628 13627
f 13591 13627 13590
f 13592 13629 13628
f 13592 13628 13591
f 13593 13630 13629
f 13593 13629 13592
f 13594 13631 13630
f 13594 13630 13593
f 13595 13632 13631
f 13595 13631 13594
f 13596 13632 13595
f 13596 13633 13632
f 13597 13633 13596
f 13597 13634 13633
f 13598 13634 13597
f 13598 13635 13634
f 13599 13635 13598
f 13599 13636 13635
f 13600 13636 13599
f 13600 13637 13636
f 13601 13638 13637
f 13601 13637 13600
f 13602 13639 13638
f 13602 13638 13601
f 13603 13640 13639
f 13603 13639 13602
f 13604 13641 13640
f 13604 13640 13603
f 13642 13641 13604
f 13605 13643 13642
f 13605 13644 13645
f 13605 13642 13604
f 13605 13645 13646
f 13605 13646 13647
f 13605 13647 13648
f 13605 13648 13649
f 13605 13649 13643
f 13650 13644 13605
f 13651 13650 13605
f 13652 13651 13605
f 13653 13652 13605
f 13654 13653 13605
f 13655 13654 13605
f 13656 13655 13605
f 13657 13656 13605
f 13658 13657 13605
f 13659 13658 13605
f 13660 13659 13605
f 13661 13660 13605
f 13662 13661 13605
f 13663 13662 13605
f 13664 13663 13605
f 13665 13664 13605
f 13666 13665 13605
f 13667 13666 13605
f 13668 13667 13605
f 13669 13668 13605
f 13670 13669 13605
f 13671 13670 13605
f 13672 13671 13605
f 13606 13672 13605
f 13606 13673 13674
f 13606 13674 13672
f 13675 13673 13606
f 13676 13675 13606
f 13677 13676 13606
f 13607 13678 13679
f 13607 13679 13680
f 13607 13680 13681
f 13607 13681 13682
f 13607 13682 13683
f 13607 13683 13684
f 13607 13684 13685
f 13607 13686 13687
f 13607 13687 13688
f 13607 13688 13689
f 13607 13689 13690
f 13607 13690 13691
f 13607 13691 13692
f 13607 13692 13693
f 13607 13693 13694
f 13607 13694 13695
f 13607 13695 13696
f 13607 13696 13697
f 13607 13697 13698
f 13607 13698 13699
f 13607 13699 13700
f 13607 13700 13701
f 13607 13701 13702
f 13607 13702 13678
f 13703 13686 13607
f 13608 13703 13607
f 13704 13703 13608
f 13609 13704 13608
f 13705 13704 13609
f 13610 13705 13609
f 13706 13705 13610
f 13611 13706 13610
f 13707 13706 13611
f 13612 13708 13707
f 13612 13707 13611
f 13613 13709 13708
f 13613 13708 13612
f 13614 13710 13709
f 13614 13709 13613
f 13615 13711 13710
f 13615 13710 13614
f 13616 13712 13711
f 13616 13711 13615
f 13617 13712 13616
f 13617 13713 13712
f 9927 9925 13713
f 9928 9927 13713
f 9930 9928 13713
f 9931 9930 13713
f 13618 13713 13617
f 13618 9931 13713
f 9933 9931 13618
f 9935 9933 13618
f 9936 9935 13618
f 9938 9936 13618
f 9939 9938 13618
f 13606 13607 13677
f 13677 13607 13714
f 13714 13607 13685
f 13715 13716 13717
f 13715 13718 13716
f 13715 13719 13718
f 13703 13720 13686
f 13703 13721 13720
f 13703 13722 13721
f 13703 13723 13722
f 13703 13724 13723
f 13703 13725 13724
f 13703 13726 13725
f 13703 13727 13726
f 13703 13728 13727
f 13703 13717 13728
f 13703 13715 13717
f 13704 13729 13715
f 13704 13715 13703
f 13705 13730 13729
f 13705 13729 13704
f 13706 13731 13730
f 13706 13730 13705
f 13707 13732 13731
f 13707 13731 13706
f 13708 13733 13732
f 13708 13732 13707
f 13709 13733 13708
f 13709 13734 13733
f 13710 13735 13734
f 13710 13734 13709
f 13711 13736 13735
f 13711 13735 13710
f 9914 9910 13737
f 9912 9914 13737
f 9913 9912 13737
f 13712 13738 13736
f 13712 13736 13711
f 9918 9913 13737
f 9916 9918 13737
f 9917 9916 13737
f 9917 13737 13738
f 13713 13738 13712
f 13713 9917 13738
f 13713 9922 9917
f 9920 9922 13713
f 9921 9920 13713
f 9924 9921 13713
f 9925 9924 13713
f 13739 13740 13741
f 13739 13742 13740
f 13739 13743 13742
f 13739 13744 13743
f 13739 13745 13744
f 13739 13746 13745
f 13739 13747 13746
f 13739 13748 13747
f 13739 13749 13748
f 13739 13750 13749
f 13739 13751 13750
f 13715 13752 13739
f 13715 13753 13719
f 13715 13741 13753
f 13715 13739 13741
f 13729 13752 13715
f 13754 13752 13729
f 13730 13755 13754
f 13730 13754 13729
f 13731 13756 13755
f 13731 13755 13730
f 13732 13757 13756
f 13732 13756 13731
f 13733 13758 13757
f 13733 13757 13732
f 13734 13759 13758
f 13734 13758 13733
f 13735 13759 13734
f 13735 13760 13759
f 13736 13760 13735
f 13736 13761 13760
f 9900 9896 13762
f 9898 9900 13762
f 9899 9898 13762
f 13738 13762 13761
f 13738 13761 13736
f 9902 9899 13762
f 9903 9902 13762
f 9907 13762 13738
f 9907 9903 13762
f 13737 9907 13738
f 13737 9905 9907
f 9906 9905 13737
f 9909 9906 13737
f 9910 9909 13737
f 13763 13764 13765
f 13766 13767 13764
f 13766 13764 13763
f 13768 13769 13767
f 13768 13767 13766
f 13770 13771 13769
f 13770 13769 13768
f 13772 13773 13771
f 13772 13771 13770
f 13774 13775 13773
f 13774 13773 13772
f 13776 13777 13775
f 13776 13775 13774
f 13778 13779 13777
f 13778 13777 13776
f 13780 13781 13779
f 13780 13779 13778
f 13782 13783 13781
f 13782 13781 13780
f 13784 13785 13783
f 13784 13783 13782
f 13786 13787 13785
f 13786 13785 13784
f 13788 13789 13787
f 13788 13787 13786
f 13790 13791 13789
f 13790 13789 13788
f 13792 13793 13791
f 13792 13791 13790
f 13794 13795 13793
f 13794 13793 13792
f 13796 13797 13795
f 13796 13795 13794
f 13798 13797 13796
f 13798 13799 13797
f 13800 13799 13798
f 13800 13801 13799
f 13802 13801 13800
f 13803 13801 13802
f 13804 13803 13802
f 13805 13803 13804
f 13806 13805 13804
f 13807 13805 13806
f 13808 13807 13806
f 13809 13810 13807
f 13809 13807 13808
f 13811 13810 13809
f 13812 13810 13811
f 13813 13810 13812
f 13814 13810 13813
f 13815 13810 13814
f 13816 13810 13815
f 13817 13810 13816
f 13818 13810 13817
f 13819 13810 13818
f 13820 13810 13819
f 13821 13810 13820
f 13822 13810 13821
f 13823 13810 13822
f 13824 13810 13823
f 13825 13810 13824
f 13826 13810 13825
f 13827 13810 13826
f 13828 13810 13827
f 13829 13810 13828
f 13830 13810 13829
f 13831 13810 13830
f 13832 13810 13831
f 13833 13810 13832
f 13833 13832 13834
f 13835 13833 13834
f 13836 13833 13835
f 13837 13833 13836
f 13838 13839 13840
f 13838 13840 13841
f 13838 13841 13842
f 13838 13842 13843
f 13838 13843 13844
f 13838 13845 13846
f 13838 13846 13847
f 13838 13847 13848
f 13838 13848 13849
f 13838 13849 13850
f 13838 13850 13851
f 13838 13851 13852
f 13838 13852 13853
f 13838 13853 13854
f 13838 13854 13855
f 13838 13855 13839
f 13856 13838 13844
f 13857 13838 13856
f 13858 13838 13857
f 13859 13838 13858
f 13860 13838 13859
f 13751 13838 13860
f 13739 13838 13751
f 13739 13861 13838
f 13752 13861 13739
f 13752 13862 13861
f 13754 13863 13862
f 13754 13862 13752
f 13755 13864 13863
f 13755 13863 13754
f 13756 13865 13864
f 13756 13864 13755
f 13757 13866 13865
f 13757 13865 13756
f 13758 13867 13866
f 13758 13866 13757
f 13759 13868 13867
f 13759 13867 13758
f 13760 13869 13868
f 13760 13868 13759
f 13761 13870 13869
f 13761 13869 13760
f 9883 9882 13871
f 9887 9883 13871
f 9885 9887 13871
f 13762 13871 13870
f 13762 13870 13761
f 9886 9885 13871
f 9889 9886 13871
f 9890 13871 13762
f 9890 9889 13871
f 9892 9890 13762
f 9893 9892 13762
f 9895 9893 13762
f 9896 9895 13762
f 13838 13833 13837
f 13838 13837 13872
f 13838 13872 13845
f 13765 13873 13874
f 13764 13875 13873
f 13764 13873 13765
f 13767 13876 13875
f 13767 13875 13764
f 13769 13876 13767
f 13769 13877 13876
f 13771 13878 13877
f 13771 13877 13769
f 13773 13878 13771
f 13773 13879 13878
f 13775 13880 13879
f 13775 13879 13773
f 13777 13881 13880
f 13777 13880 13775
f 13779 13882 13881
f 13779 13881 13777
f 13781 13883 13882
f 13781 13882 13779
f 13783 13884 13883
f 13783 13883 13781
f 13785 13885 13884
f 13785 13884 13783
f 13787 13886 13885
f 13787 13885 13785
f 13789 13887 13886
f 13789 13886 13787
f 13791 13888 13887
f 13791 13887 13789
f 13793 13889 13888
f 13793 13888 13791
f 13795 13890 13889
f 13795 13889 13793
f 13797 13891 13890
f 13797 13890 13795
f 13799 13892 13891
f 13799 13891 13797
f 13801 13893 13892
f 13801 13892 13799
f 13803 13894 13893
f 13803 13893 13801
f 13805 13895 13894
f 13805 13894 13803
f 13807 13896 13895
f 13807 13895 13805
f 13810 13897 13896
f 13810 13896 13807
f 13833 13898 13897
f 13833 13897 13810
f 13838 13899 13898
f 13838 13898 13833
f 13861 13900 13899
f 13861 13899 13838
f 13862 13901 13900
f 13862 13900 13861
f 13863 13902 13901
f 13863 13901 13862
f 13903 13902 13863
f 13864 13903 13863
f 13865 13903 13864
f 13865 13904 13903
f 13866 13904 13865
f 13866 13905 13904
f 13866 13906 13905
f 13867 13906 13866
f 13867 13907 13906
f 13868 13907 13867
f 13868 13908 13907
f 13869 13908 13868
f 13869 13909 13908
f 13870 13909 13869
f 13870 13910 13909
f 9873 9869 13911
f 13871 13910 13870
f 9871 9873 13911
f 9872 9871 13911
f 9875 9872 13911
f 9876 9875 13911
f 9878 13911 13910
f 9878 13910 13871
f 9878 9876 13911
f 9879 9878 13871
f 9881 9879 13871
f 9882 9881 13871
f 13874 13912 13913
f 13873 13914 13912
f 13873 13912 13874
f 13875 13915 13914
f 13875 13914 13873
f 13876 13915 13875
f 13876 13916 13915
f 13877 13917 13916
f 13877 13916 13876
f 13878 13918 13917
f 13878 13917 13877
f 13879 13919 13918
f 13879 13918 13878
f 13880 13920 13919
f 13880 13919 13879
f 13881 13921 13920
f 13881 13920 13880
f 13882 13922 13921
f 13882 13921 13881
f 13883 13923 13922
f 13883 13922 13882
f 13884 13924 13923
f 13884 13923 13883
f 13885 13925 13924
f 13885 13924 13884
f 13886 13926 13925
f 13886 13925 13885
f 13887 13927 13926
f 13887 13926 13886
f 13888 13928 13927
f 13888 13927 13887
f 13889 13929 13928
f 13889 13928 13888
f 13890 13930 13929
f 13890 13929 13889
f 13891 13931 13930
f 13891 13930 13890
f 13892 13932 13931
f 13892 13931 13891
f 13893 13932 13892
f 13933 13932 13893
f 13894 13933 13893
f 13934 13933 13894
f 13895 13934 13894
f 13935 13934 13895
f 13896 13935 13895
f 13936 13935 13896
f 13897 13936 13896
f 13937 13936 13897
f 13898 13937 13897
f 13938 13937 13898
f 13899 13938 13898
f 13939 13938 13899
f 13900 13939 13899
f 13940 13939 13900
f 13901 13940 13900
f 13941 13940 13901
f 13902 13941 13901
f 13942 13941 13902
f 13903 13942 13902
f 13943 13942 13903
f 13904 13943 13903
f 13904 13944 13943
f 13905 13944 13904
f 13905 13945 13944
f 13906 13945 13905
f 13906 13946 13945
f 13907 13946 13906
f 13907 13947 13946
f 13908 13947 13907
f 13908 13948 13947
f 13909 13948 13908
f 13909 13949 13948
f 13910 13950 13949
f 13910 13949 13909
f 9859 9858 13951
f 9860 9859 13951
f 9862 9860 13951
f 13911 13950 13910
f 9863 13951 13950
f 9863 9862 13951
f 9865 13950 13911
f 9865 9863 13950
f 9866 9865 13911
f 9868 9866 13911
f 9869 9868 13911
f 13913 13952 13953
f 13912 13954 13952
f 13912 13952 13913
f 13914 13954 13912
f 13914 13955 13954
f 13915 13956 13955
f 13915 13955 13914
f 13916 13957 13956
f 13916 13956 13915
f 13917 13958 13957
f 13917 13957 13916
f 13918 13959 13958
f 13918 13958 13917
f 13919 13960 13959
f 13919 13959 13918
f 13920 13961 13960
f 13920 13960 13919
f 13921 13962 13961
f 13921 13961 13920
f 13922 13963 13962
f 13922 13962 13921
f 13923 13964 13963
f 13923 13963 13922
f 13924 13965 13964
f 13924 13964 13923
f 13925 13966 13965
f 13925 13965 13924
f 13926 13967 13966
f 13926 13966 13925
f 13927 13968 13967
f 13927 13967 13926
f 13928 13969 13968
f 13928 13968 13927
f 13929 13970 13969
f 13929 13969 13928
f 13930 13970 13929
f 13971 13970 13930
f 13931 13971 13930
f 13972 13971 13931
f 13932 13972 13931
f 13973 13972 13932
f 13933 13973 13932
f 13974 13973 13933
f 13934 13974 13933
f 13975 13974 13934
f 13935 13976 13975
f 13935 13975 13934
f 13936 13977 13976
f 13936 13976 13935
f 13937 13978 13977
f 13937 13977 13936
f 13938 13979 13978
f 13938 13978 13937
f 13939 13980 13979
f 13939 13979 13938
f 13940 13980 13939
f 13940 13981 13980
f 13941 13981 13940
f 13941 13982 13981
f 13942 13982 13941
f 13942 13983 13982
f 13943 13983 13942
f 13943 13984 13983
f 13944 13984 13943
f 13944 13985 13984
f 13945 13985 13944
f 13945 13986 13985
f 13946 13986 13945
f 13946 13987 13986
f 13947 13987 13946
f 13947 13988 13987
f 13948 13988 13947
f 13948 13989 13988
f 13949 13990 13989
f 13949 13989 13948
f 13949 13991 13990
f 13950 13992 13991
f 13950 13991 13949
f 9849 9847 13992
f 9850 9849 13992
f 9852 9850 13992
f 9853 9852 13992
f 13951 13992 13950
f 13951 9853 13992
f 9855 9853 13951
f 9856 9855 13951
f 9858 9856 13951
f 13952 13993 13994
f 13952 13994 13953
f 13954 13995 13993
f 13954 13993 13952
f 13955 13996 13995
f 13955 13997 13996
f 13955 13995 13954
f 13956 13998 13997
f 13956 13997 13955
f 13957 13999 13998
f 13957 13998 13956
f 13958 14000 13999
f 13958 13999 13957
f 13959 14001 14000
f 13959 14000 13958
f 13960 14002 14001
f 13960 14001 13959
f 13961 14003 14002
f 13961 14002 13960
f 13962 14004 14003
f 13962 14003 13961
f 13963 14005 14004
f 13963 14004 13962
f 13964 14006 14005
f 13964 14007 14006
f 13964 14005 13963
f 13965 14008 14007
f 13965 14007 13964
f 13966 14009 14008
f 13966 14008 13965
f 13967 14010 14009
f 13967 14009 13966
f 13968 14011 14010
f 13968 14010 13967
f 13969 14012 14011
f 13969 14011 13968
f 13970 14013 14012
f 13970 14012 13969
f 13971 14014 14013
f 13971 14013 13970
f 13972 14015 14014
f 13972 14014 13971
f 13973 14016 14015
f 13973 14015 13972
f 13974 14017 14016
f 13974 14016 13973
f 13975 14018 14017
f 13975 14017 13974
f 13976 14019 14018
f 13976 14018 13975
f 13977 14019 13976
f 14020 14019 13977
f 13978 14020 13977
f 14021 14020 13978
f 13979 14021 13978
f 13979 14022 14021
f 13980 14022 13979
f 13980 14023 14022
f 13981 14023 13980
f 13981 14024 14023
f 13982 14024 13981
f 13982 14025 14024
f 13983 14025 13982
f 13983 14026 14025
f 13984 14026 13983
f 13984 14027 14026
f 13985 14027 13984
f 13985 14028 14027
f 13986 14028 13985
f 13986 14029 14028
f 13987 14029 13986
f 13987 14030 14029
f 13988 14031 14030
f 13988 14030 13987
f 13989 14032 14031
f 13989 14031 13988
f 13990 14033 14032
f 13990 14032 13989
f 13991 14034 14033
f 13991 14033 13990
f 9840 9839 14035
f 9841 9840 14035
f 13992 14035 14034
f 13992 14034 13991
f 9843 14035 13992
f 9843 9841 14035
f 9844 9843 13992
f 9846 9844 13992
f 9847 9846 13992
f 13994 14036 14037
f 13993 14036 13994
f 13993 14038 14036
f 13995 14039 14038
f 13995 14038 13993
f 13996 14039 13995
f 13996 14040 14039
f 13997 14041 14040
f 13997 14040 13996
f 13998 14042 14041
f 13998 14041 13997
f 13999 14043 14042
f 13999 14042 13998
f 14000 14044 14043
f 14000 14043 13999
f 14001 14045 14044
f 14001 14044 14000
f 14002 14046 14045
f 14002 14045 14001
f 14003 14047 14046
f 14003 14046 14002
f 14004 14048 14047
f 14004 14047 14003
f 14005 14049 14048
f 14005 14048 14004
f 14006 14050 14049
f 14006 14049 14005
f 14007 14051 14050
f 14007 14050 14006
f 14008 14052 14051
f 14008 14051 14007
f 14009 14053 14052
f 14009 14052 14008
f 14010 14054 14053
f 14010 14053 14009
f 14011 14055 14054
f 14011 14054 14010
f 14012 14055 14011
f 14056 14055 14012
f 14013 14056 14012
f 14057 14056 14013
f 14014 14057 14013
f 14058 14057 14014
f 14015 14058 14014
f 14059 14058 14015
f 14016 14059 14015
f 14060 14059 14016
f 14017 14060 14016
f 14061 14060 14017
f 14018 14061 14017
f 14062 14061 14018
f 14019 14062 14018
f 14063 14062 14019
f 14020 14063 14019
f 14064 14063 14020
f 14021 14064 14020
f 14065 14064 14021
f 14022 14065 14021
f 14066 14065 14022
f 14023 14066 14022
f 14067 14066 14023
f 14024 14067 14023
f 14068 14067 14024
f 14025 14068 14024
f 14069 14068 14025
f 14026 14069 14025
f 14070 14069 14026
f 14027 14070 14026
f 14071 14070 14027
f 14028 14071 14027
f 14028 14072 14071
f 14029 14073 14072
f 14029 14072 14028
f 14030 14074 14073
f 14030 14073 14029
f 14031 14075 14074
f 14031 14074 14030
f 14032 14076 14075
f 14032 14075 14031
f 14033 14077 14076
f 14033 14076 14032
f 14034 14078 14077
f 14034 14077 14033
f 9834 9833 14078
f 9835 9834 14078
f 14035 14078 14034
f 9836 14078 14035
f 9836 9835 14078
f 9837 9836 14035
f 9838 9837 14035
f 9839 9838 14035
f 14037 12587 12590
f 14036 12591 12587
f 14036 12587 14037
f 14038 12591 14036
f 14038 12593 12591
f 14039 12595 12593
f 14039 12593 14038
f 14040 12597 12595
f 14040 12595 14039
f 14041 12599 12597
f 14041 12597 14040
f 14042 12601 12599
f 14042 12599 14041
f 14043 12603 12601
f 14043 12601 14042
f 14044 12605 12603
f 14044 12603 14043
f 14045 12607 12605
f 14045 12605 14044
f 14046 12609 12607
f 14046 12607 14045
f 14047 12611 12609
f 14047 12609 14046
f 14048 12613 12611
f 14048 12611 14047
f 14049 12615 12613
f 14049 12613 14048
f 14050 12617 12615
f 14050 12615 14049
f 14051 12619 12617
f 14051 12617 14050
f 14052 12621 12619
f 14052 12619 14051
f 14053 12623 12621
f 14053 12621 14052
f 14054 12625 12623
f 14054 12623 14053
f 14055 12625 14054
f 12627 12625 14055
f 14056 12627 14055
f 12629 12627 14056
f 14057 12629 14056
f 12631 12629 14057
f 14058 12631 14057
f 12633 12631 14058
f 14059 12633 14058
f 12635 12633 14059
f 14060 12635 14059
f 12637 12635 14060
f 14061 12637 14060
f 12639 12637 14061
f 14062 12639 14061
f 12641 12639 14062
f 14063 12641 14062
f 12643 12641 14063
f 14064 12643 14063
f 12645 12643 14064
f 14065 12645 14064
f 12647 12645 14065
f 14066 12647 14065
f 12649 12647 14066
f 14067 12649 14066
f 12651 12649 14067
f 14068 12651 14067
f 12653 12651 14068
f 14069 12653 14068
f 12655 12653 14069
f 14070 12655 14069
f 12657 12655 14070
f 14071 12657 14070
f 12659 12657 14071
f 14072 12661 12659
f 14072 12659 14071
f 14073 12663 12661
f 14073 12661 14072
f 14074 12665 12663
f 14074 12663 14073
f 14075 12667 12665
f 14075 12665 14074
f 14076 12669 12667
f 14076 12667 14075
f 14077 12672 12669
f 14077 12669 14076
f 9826 9825 12672
f 9827 9826 12672
f 9828 9827 12672
f 14078 12672 14077
f 9829 9828 12672
f 9830 12672 14078
f 9830 9829 12672
f 9831 9830 14078
f 9832 9831 14078
f 9833 9832 14078
f 10276 10275 10277
f 10277 10282 10278
f 10278 10282 10279
f 10279 10282 10280
f 10280 10282 10281
f 10282 10284 10283
f 10272 10271 10273
f 10275 10270 10277
f 10271 10270 10273
f 10273 10270 10274
f 10274 10270 10275
f 10285 10287 10286
f 10269 10268 10270
f 10287 10289 10288
f 10266 10265 10267
f 10265 10264 10267
f 10282 10292 10284
f 10285 10292 10287
f 10287 10292 10289
f 10284 10292 10285
f 10289 10292 10290
f 10290 10292 10291
f 10263 10262 10264
f 10292 10294 10293
f 10261 10260 10262
f 10294 10297 10295
f 10295 10297 10296
f 10294 10298 10297
f 10292 10298 10294
f 10258 10257 10259
f 10259 10257 10260
f 10260 10257 10262
f 10255 10254 10256
f 10299 10302 10300
f 10300 10302 10301
f 10292 10302 10298
f 10298 10302 10299
f 10257 10252 10262
f 10254 10252 10256
f 10253 10252 10254
f 10256 10252 10257
f 10302 10304 10303
f 10292 10305 10302
f 10302 10305 10304
f 10251 10250 10252
f 10305 10307 10306
f 10292 10307 10305
f 10248 10247 10249
f 10307 10310 10308
f 10308 10310 10309
f 10277 10310 10282
f 10292 10310 10307
f 10270 10310 10277
f 10282 10310 10292
f 10246 10245 10247
f 10249 10245 10250
f 10247 10245 10249
f 10310 10313 10311
f 10311 10313 10312
f 10242 10241 10243
f 10243 10241 10244
f 10244 10241 10245
f 10245 10241 10250
f 10313 10315 10314
f 10310 10315 10313
f 10310 10316 10315
f 10270 10316 10310
f 10237 10235 10239
f 10239 10235 10241
f 10316 10320 10317
f 10317 10320 10318
f 10318 10320 10319
f 10320 10322 10321
f 10270 10322 10316
f 10268 10322 10270
f 10267 10322 10268
f 10264 10322 10267
f 10316 10322 10320
f 10226 10224 10228
f 10224 10222 10228
f 10228 10222 10231
f 10231 10222 10233
f 10322 10187 10323
f 10323 10187 10324
f 10264 10188 10322
f 10322 10188 10187
f 10262 10188 10264
f 10217 10216 10218
f 10218 10216 10219
f 10219 10216 10222
f 10188 10191 10189
f 10189 10191 10190
f 10216 10214 10222
f 10215 10214 10216
f 10262 10192 10188
f 10188 10192 10191
f 10262 10193 10192
f 10252 10193 10262
f 10222 10212 10233
f 10214 10212 10222
f 10213 10212 10214
f 10233 10212 10235
f 10241 10212 10250
f 10235 10212 10241
f 10193 10195 10194
f 10252 10195 10193
f 10209 10208 10210
f 10210 10208 10211
f 10211 10208 10212
f 10195 10198 10196
f 10196 10198 10197
f 10195 10199 10198
f 10250 10200 10252
f 10252 10200 10195
f 10195 10200 10199
f 10250 10201 10200
f 10205 10204 10206
f 10206 10204 10207
f 10207 10204 10208
f 10212 10204 10250
f 10208 10204 10212
f 10201 10203 10202
f 10204 10203 10250
f 10250 10203 10201
f 10446 10447 10448
f 10453 10448 10449
f 10453 10449 10450
f 10453 10450 10451
f 10453 10451 10452
f 10455 10453 10454
f 10442 10443 10444
f 10441 10446 10448
f 10441 10442 10444
f 10441 10444 10445
f 10441 10445 10446
f 10458 10456 10457
f 10439 10440 10441
f 10460 10458 10459
f 10436 10437 10438
f 10435 10436 10438
f 10463 10453 10455
f 10463 10456 10458
f 10463 10458 10460
f 10463 10455 10456
f 10463 10460 10461
f 10463 10461 10462
f 10433 10434 10435
f 10465 10463 10464
f 10431 10432 10433
f 10468 10465 10466
f 10468 10466 10467
f 10469 10465 10468
f 10469 10463 10465
f 10428 10429 10430
f 10428 10430 10431
f 10428 10431 10433
f 10425 10426 10427
f 10473 10470 10471
f 10473 10471 10472
f 10473 10463 10469
f 10473 10469 10470
f 10423 10428 10433
f 10423 10425 10427
f 10423 10424 10425
f 10423 10427 10428
f 10475 10473 10474
f 10476 10463 10473
f 10476 10473 10475
f 10421 10422 10423
f 10478 10476 10477
f 10478 10463 10476
f 10418 10419 10420
f 10481 10478 10479
f 10481 10479 10480
f 10481 10448 10453
f 10481 10463 10478
f 10481 10441 10448
f 10481 10453 10463
f 10416 10417 10418
f 10416 10420 10421
f 10416 10418 10420
f 10484 10481 10482
f 10484 10482 10483
f 10412 10413 10414
f 10412 10414 10415
f 10412 10415 10416
f 10412 10416 10421
f 10486 10484 10485
f 10486 10481 10484
f 10487 10481 10486
f 10487 10441 10481
f 10409 10410 10411
f 10409 10411 10412
f 10491 10487 10488
f 10491 10488 10489
f 10491 10489 10490
f 10493 10491 10492
f 10493 10441 10487
f 10493 10439 10441
f 10493 10438 10439
f 10493 10435 10438
f 10493 10487 10491
f 10404 10405 10406
f 10403 10404 10406
f 10403 10406 10407
f 10403 10407 10408
f 10358 10493 10494
f 10358 10494 10495
f 10359 10435 10493
f 10359 10493 10358
f 10359 10433 10435
f 10396 10398 10400
f 10396 10400 10402
f 10396 10402 10403
f 10362 10359 10360
f 10362 10360 10361
f 10391 10396 10403
f 10391 10394 10396
f 10363 10433 10359
f 10363 10359 10362
f 10364 10433 10363
f 10364 10423 10433
f 10387 10403 10408
f 10387 10391 10403
f 10387 10389 10391
f 10387 10408 10409
f 10387 10412 10421
f 10387 10409 10412
f 10366 10364 10365
f 10366 10423 10364
f 10379 10381 10383
f 10379 10383 10385
f 10379 10385 10387
f 10369 10366 10367
f 10369 10367 10368
f 10370 10366 10369
f 10371 10421 10423
f 10371 10423 10366
f 10371 10366 10370
f 10372 10421 10371
f 10375 10376 10377
f 10375 10377 10378
f 10375 10378 10379
f 10375 10387 10421
f 10375 10379 10387
f 10374 10372 10373
f 10374 10375 10421
f 10374 10421 10372
f 10609 10610 10611
f 10616 10612 10613
f 10616 10613 10614
f 10616 10614 10615
f 10607 10609 10611
f 10607 10608 10609
f 10617 10612 10616
f 10617 10611 10612
f 10605 10606 10607
f 10604 10605 10607
f 10602 10607 10611
f 10602 10604 10607
f 10602 10603 10604
f 10628 10619 10621
f 10628 10621 10623
f 10628 10623 10626
f 10630 10619 10628
f 10599 10600 10601
f 10635 10630 10632
f 10598 10611 10617
f 10598 10602 10611
f 10598 10601 10602
f 10598 10599 10601
f 10598 10617 10619
f 10596 10597 10598
f 10640 10637 10639
f 10594 10595 10596
f 10594 10596 10598
f 10642 10640 10641
f 10643 10640 10642
f 10592 10593 10594
f 10592 10598 10619
f 10592 10619 10630
f 10592 10630 10635
f 10592 10635 10637
f 10592 10594 10598
f 10644 10640 10643
f 10591 10592 10637
f 10645 10640 10644
f 10645 10637 10640
f 10588 10589 10590
f 10588 10590 10591
f 10648 10646 10647
f 10649 10645 10646
f 10649 10646 10648
f 10584 10585 10586
f 10584 10586 10587
f 10652 10650 10651
f 10582 10583 10584
f 10581 10584 10587
f 10581 10582 10584
f 10581 10587 10588
f 10655 10649 10650
f 10655 10652 10653
f 10655 10653 10654
f 10655 10650 10652
f 10579 10588 10591
f 10579 10581 10588
f 10579 10580 10581
f 10579 10591 10637
f 10659 10657 10658
f 10576 10577 10578
f 10660 10656 10657
f 10660 10657 10659
f 10574 10575 10576
f 10572 10573 10574
f 10572 10578 10579
f 10572 10576 10578
f 10572 10574 10576
f 10664 10661 10662
f 10664 10662 10663
f 10570 10571 10572
f 10570 10579 10637
f 10570 10572 10579
f 10666 10664 10665
f 10666 10661 10664
f 10667 10660 10661
f 10667 10656 10660
f 10667 10661 10666
f 10668 10656 10667
f 10566 10567 10568
f 10565 10566 10568
f 10565 10568 10569
f 10533 10655 10656
f 10533 10668 10669
f 10533 10669 10670
f 10533 10656 10668
f 10564 10565 10569
f 10564 10637 10645
f 10564 10569 10570
f 10564 10570 10637
f 10561 10562 10563
f 10561 10563 10564
f 10560 10533 10534
f 10560 10645 10649
f 10560 10561 10564
f 10560 10649 10655
f 10560 10564 10645
f 10560 10655 10533
f 10538 10535 10536
f 10538 10536 10537
f 10558 10559 10560
f 10540 10538 10539
f 10557 10558 10560
f 10541 10538 10540
f 10556 10557 10560
f 10555 10556 10560
f 10545 10534 10535
f 10545 10541 10542
f 10545 10542 10543
f 10545 10543 10544
f 10545 10535 10538
f 10545 10538 10541
f 10552 10553 10554
f 10552 10554 10555
f 10552 10555 10560
f 10546 10534 10545
f 10551 10552 10560
f 10547 10534 10546
f 10548 10534 10547
f 10549 10550 10551
f 10549 10560 10534
f 10549 10551 10560
f 10549 10534 10548
f 10783 10782 10784
f 10785 10789 10786
f 10786 10789 10787
f 10787 10789 10788
f 10782 10780 10784
f 10781 10780 10782
f 10785 10790 10789
f 10784 10790 10785
f 10779 10778 10780
f 10778 10777 10780
f 10780 10775 10784
f 10777 10775 10780
f 10776 10775 10777
f 10791 10795 10792
f 10792 10795 10793
f 10793 10795 10794
f 10791 10796 10795
f 10773 10772 10774
f 10796 10798 10797
f 10784 10771 10790
f 10775 10771 10784
f 10774 10771 10775
f 10772 10771 10774
f 10790 10771 10791
f 10770 10769 10771
f 10799 10801 10800
f 10768 10767 10769
f 10769 10767 10771
f 10801 10805 10803
f 10801 10807 10805
f 10766 10765 10767
f 10771 10765 10791
f 10791 10765 10796
f 10796 10765 10798
f 10798 10765 10799
f 10767 10765 10771
f 10801 10810 10807
f 10765 10764 10799
f 10801 10812 10810
f 10799 10812 10801
f 10762 10761 10763
f 10763 10761 10764
f 10814 10819 10816
f 10812 10821 10814
f 10814 10821 10819
f 10758 10757 10759
f 10759 10757 10760
f 10823 10825 10824
f 10756 10755 10757
f 10757 10754 10760
f 10755 10754 10757
f 10760 10754 10761
f 10821 10828 10823
f 10825 10828 10826
f 10826 10828 10827
f 10823 10828 10825
f 10761 10752 10764
f 10754 10752 10761
f 10753 10752 10754
f 10764 10752 10799
f 10830 10832 10831
f 10750 10749 10751
f 10829 10833 10830
f 10830 10833 10832
f 10748 10747 10749
f 10746 10745 10747
f 10751 10745 10752
f 10749 10745 10751
f 10747 10745 10749
f 10834 10837 10835
f 10835 10837 10836
f 10744 10743 10745
f 10752 10743 10799
f 10745 10743 10752
f 10837 10839 10838
f 10834 10839 10837
f 10833 10840 10834
f 10829 10840 10833
f 10834 10840 10839
f 10829 10841 10840
f 10740 10739 10741
f 10739 10738 10741
f 10741 10738 10742
f 10828 10706 10829
f 10841 10706 10842
f 10842 10706 10843
f 10829 10706 10841
f 10738 10737 10742
f 10799 10737 10812
f 10742 10737 10743
f 10743 10737 10799
f 10735 10734 10736
f 10736 10734 10737
f 10706 10733 10707
f 10812 10733 10821
f 10734 10733 10737
f 10821 10733 10828
f 10737 10733 10812
f 10828 10733 10706
f 10708 10711 10709
f 10709 10711 10710
f 10732 10731 10733
f 10711 10713 10712
f 10731 10730 10733
f 10711 10714 10713
f 10730 10729 10733
f 10729 10728 10733
f 10707 10718 10708
f 10714 10718 10715
f 10715 10718 10716
f 10716 10718 10717
f 10708 10718 10711
f 10711 10718 10714
f 10726 10725 10727
f 10727 10725 10728
f 10728 10725 10733
f 10707 10719 10718
f 10725 10724 10733
f 10707 10720 10719
f 10707 10721 10720
f 10723 10722 10724
f 10733 10722 10707
f 10724 10722 10733
f 10707 10722 10721
f 12021 11940 11981
f 12021 12059 11940
f 12059 12153 11940
f 11940 11814 11899
f 11899 11814 11857
f 14079 12314 12153
f 11814 11726 11769
f 12314 12315 12153
f 11940 11684 11814
f 11814 11684 11726
f 11684 11602 11643
f 12398 12439 12357
f 12357 12439 12315
f 11684 11561 11602
f 11940 11560 11684
f 11684 11560 11561
f 12524 11101 12481
f 12481 11101 12439
f 11560 11388 14080
f 11940 11304 11560
f 11560 11304 11388
f 11102 11144 11101
f 12153 11185 11940
f 12315 11185 12153
f 11144 11185 11101
f 12439 11185 12315
f 11940 11185 11304
f 11101 11185 12439
f 11185 11266 11304
f 11185 11226 11266
f 11369 14081 14082
f 11369 14083 14081
f 11369 14084 14083
f 11369 14085 14084
f 11369 14086 14085
f 11369 14087 14086
f 11369 14088 14087
f 11369 14089 14088
f 11369 14090 14089
f 11369 14091 14090
f 11369 14092 14091
f 11369 14093 14092
f 11369 11368 14093
f 14094 11369 14082
f 11370 11369 14094
f 14095 11370 14094
f 11371 11370 14095
f 14096 11372 11371
f 14096 11371 14095
f 14097 11373 11372
f 14097 11372 14096
f 14098 11373 14097
f 14098 11374 11373
f 14099 11374 14098
f 14099 11375 11374
f 14100 11376 11375
f 14100 11375 14099
f 14101 11377 11376
f 14101 11376 14100
f 14102 11378 11377
f 14102 11377 14101
f 14103 11379 11378
f 14103 11378 14102
f 14104 11380 11379
f 14104 11379 14103
f 14105 11381 11380
f 14105 11380 14104
f 14106 11382 11381
f 14106 11381 14105
f 14107 11383 11382
f 14107 11382 14106
f 14108 11384 11383
f 14108 11383 14107
f 14109 11385 11384
f 14109 11384 14108
f 14110 11385 14109
f 14111 11386 11385
f 14111 11385 14110
f 14112 11387 11386
f 14112 11386 14111
f 14113 11388 11387
f 14113 11387 14112
f 14080 11388 14113
f 11345 11389 14114
f 11345 14114 14115
f 11346 14115 14116
f 11346 11345 14115
f 11347 11346 14116
f 11347 14116 14117
f 11348 11347 14117
f 11348 14117 14118
f 11349 11348 14118
f 11349 14118 14119
f 11350 11349 14119
f 11350 14119 14120
f 11351 11350 14120
f 11351 14120 14121
f 11352 11351 14121
f 11352 14121 14122
f 11353 11352 14122
f 11353 14122 14123
f 11354 11353 14123
f 11355 11354 14123
f 11355 14123 14124
f 11356 14124 14125
f 11356 11355 14124
f 11357 14125 14126
f 11357 11356 14125
f 11358 14126 14127
f 11358 11357 14126
f 11359 14127 14128
f 11359 11358 14127
f 11360 14128 14129
f 11360 11359 14128
f 11361 14129 14130
f 11361 11360 14129
f 11362 11361 14130
f 11363 14130 14131
f 11363 11362 14130
f 11364 14131 14132
f 11364 11363 14131
f 11365 14132 14133
f 11365 11364 14132
f 11366 14133 14134
f 11366 11365 14133
f 11367 11366 14134
f 11368 14134 14135
f 11368 11367 14134
f 14093 14135 14136
f 14093 11368 14135
f 14092 14136 14137
f 14092 14093 14136
f 14091 14137 14138
f 14091 14092 14137
f 14090 14091 14138
f 14089 14138 14139
f 14089 14090 14138
f 14088 14089 14139
f 14088 14139 14140
f 14087 14088 14140
f 14087 14140 14141
f 14086 14087 14141
f 14086 14141 14142
f 14085 14086 14142
f 14084 14085 14142
f 14084 14142 14143
f 14083 14084 14143
f 14083 14143 14144
f 14081 14083 14144
f 14081 14144 14145
f 14082 14081 14145
f 14082 14145 14146
f 14147 14082 14146
f 14148 14147 14146
f 14148 14146 14149
f 14150 14148 14149
f 14150 14149 14151
f 14152 14150 14151
f 14152 14151 14153
f 14154 14152 14153
f 14154 14153 14155
f 14156 14154 14155
f 14157 14156 14155
f 14157 14155 14158
f 14159 14157 14158
f 14159 14158 14160
f 14161 14159 14160
f 14161 14160 14162
f 14163 14162 14164
f 14163 14161 14162
f 14165 14164 14166
f 14165 14163 14164
f 14167 14166 14168
f 14167 14165 14166
f 11519 14167 14168
f 11519 14168 14169
f 11520 14169 14170
f 11520 11519 14169
f 11521 14170 14171
f 11521 11520 14170
f 11522 11521 14171
f 11505 14171 14172
f 11505 11522 14171
f 11506 14172 14173
f 11506 11505 14172
f 11507 14173 14174
f 11507 11506 14173
f 11508 14174 14175
f 11508 11507 14174
f 11509 11508 14175
f 11510 11509 14175
f 11510 14175 14176
f 11511 11510 14176
f 11511 14176 14177
f 11512 11511 14177
f 11512 14177 14178
f 11513 11512 14178
f 11513 14178 14179
f 11514 11513 14179
f 11514 14179 14180
f 11515 11514 14180
f 11515 14180 14181
f 11516 11515 14181
f 11495 11516 14181
f 11495 14181 14182
f 11496 11495 14182
f 11496 14182 14183
f 11497 11496 14183
f 11497 14183 14184
f 11498 11497 14184
f 11498 14184 14185
f 11499 11498 14185
f 11500 11499 14185
f 11500 14185 14186
f 11501 11500 14186
f 11501 14186 14187
f 11502 11501 14187
f 11503 11502 14187
f 11503 14187 14188
f 11504 11503 14188
f 11562 11504 14188
f 11562 14188 14189
f 11493 11562 14189
f 11493 14189 14190
f 11492 11493 14190
f 11491 11492 14190
f 11491 14190 14191
f 11490 11491 14191
f 11490 14191 14192
f 11489 11490 14192
f 11488 11489 14192
f 11488 14192 14193
f 11487 11488 14193
f 11487 14193 14194
f 11486 11487 14194
f 11485 14194 14195
f 11485 11486 14194
f 11484 11485 14195
f 11483 11484 14195
f 11483 14195 14196
f 11477 11483 14196
f 11477 14196 14197
f 11478 11477 14197
f 11479 11478 14197
f 11479 14197 14198
f 11480 11479 14198
f 11480 14198 14199
f 11481 11480 14199
f 11482 11481 14199
f 11482 14199 14200
f 11475 11482 14200
f 11475 14200 14201
f 11474 11475 14201
f 11473 14201 14202
f 11473 11474 14201
f 11472 11473 14202
f 11471 14202 14203
f 11471 11472 14202
f 11470 14203 14204
f 11470 11471 14203
f 11469 11470 14204
f 11468 14204 14205
f 11468 11469 14204
f 11467 14205 14206
f 11467 11468 14205
f 11466 11467 14206
f 11465 14206 14207
f 11465 11466 14206
f 11464 11465 14207
f 11463 14207 14208
f 11463 11464 14207
f 11462 14208 14209
f 11462 11463 14208
f 11460 11462 14209
f 11461 14209 14210
f 11461 11460 14209
f 11444 11461 14210
f 11443 14210 14211
f 11443 11444 14210
f 11442 14211 14212
f 11442 11443 14211
f 11441 14212 14213
f 11441 11442 14212
f 11440 14213 14214
f 11440 11441 14213
f 11439 14214 14215
f 11439 11440 14214
f 11438 14215 14216
f 11438 11439 14215
f 11437 11438 14216
f 11435 11437 14216
f 11435 14216 14217
f 11434 11435 14217
f 11434 14217 14218
f 11433 11434 14218
f 11433 14218 14219
f 11432 14219 14220
f 11432 11433 14219
f 11431 11432 14220
f 11416 14220 14221
f 11416 11431 14220
f 11415 14221 14222
f 11415 11416 14221
f 11414 14222 14223
f 11414 11415 14222
f 11413 11414 14223
f 11413 14223 14224
f 11412 11413 14224
f 11411 14224 14225
f 11411 11412 14224
f 11410 14225 14226
f 11410 11411 14225
f 11409 14226 14227
f 11409 11410 14226
f 11408 14227 14228
f 11408 11409 14227
f 11407 11408 14228
f 11406 14228 14229
f 11406 11407 14228
f 11405 14229 14230
f 11405 11406 14229
f 11404 14230 14231
f 11404 11405 14230
f 11320 14231 14232
f 11320 11404 14231
f 11321 14232 14233
f 11321 11320 14232
f 11322 14233 14234
f 11322 11321 14233
f 11323 11322 14234
f 11324 14234 14235
f 11324 11323 14234
f 11325 14235 14236
f 11325 11324 14235
f 11326 14236 14237
f 11326 11325 14236
f 11327 14237 14238
f 11327 11326 14237
f 11328 11327 14238
f 11329 14238 14239
f 11329 11328 14238
f 11330 11329 14239
f 11330 14239 14240
f 11331 11330 14240
f 11331 14240 14241
f 11332 11331 14241
f 11332 14241 14242
f 11333 11332 14242
f 11333 14242 14243
f 11334 11333 14243
f 11334 14243 14244
f 11335 11334 14244
f 11336 11335 14244
f 11336 14244 14245
f 11337 11336 14245
f 11337 14245 14246
f 11338 11337 14246
f 11338 14246 14247
f 11339 11338 14247
f 11339 14247 14248
f 11340 11339 14248
f 11340 14248 14249
f 11341 11340 14249
f 11342 14249 14250
f 11342 11341 14249
f 11343 14250 14251
f 11343 11342 14250
f 11344 14251 14114
f 11344 11343 14251
f 11389 11344 14114
f 11518 14094 14082
f 11518 14167 11519
f 11518 14165 14167
f 11518 14163 14165
f 11518 14161 14163
f 11518 14159 14161
f 11518 14157 14159
f 11518 14156 14157
f 11518 14154 14156
f 11518 14152 14154
f 11518 14150 14152
f 11518 14148 14150
f 11518 14147 14148
f 11518 14082 14147
f 11524 14095 14094
f 11524 14094 11518
f 11526 14096 14095
f 11526 14095 11524
f 11528 14097 14096
f 11528 14096 11526
f 11530 14098 14097
f 11530 14097 11528
f 11532 14098 11530
f 11532 14099 14098
f 11534 14100 14099
f 11534 14099 11532
f 11536 14101 14100
f 11536 14100 11534
f 11538 14102 14101
f 11538 14101 11536
f 11540 14103 14102
f 11540 14102 11538
f 11542 14104 14103
f 11542 14103 11540
f 11544 14105 14104
f 11544 14104 11542
f 11546 14106 14105
f 11546 14105 11544
f 11548 14107 14106
f 11548 14106 11546
f 11550 14108 14107
f 11550 14107 11548
f 11552 14109 14108
f 11552 14108 11550
f 11554 14110 14109
f 11554 14111 14110
f 11554 14109 11552
f 11556 14111 11554
f 11556 14112 14111
f 11558 14113 14112
f 11558 14112 11556
f 11560 14080 14113
f 11560 14113 11558
f 12134 14252 14253
f 12134 14254 14252
f 12134 14255 14254
f 12134 14256 14255
f 12134 14257 14256
f 12134 14258 14257
f 12134 14259 14258
f 12134 14260 14259
f 12134 14261 14260
f 12134 14262 14261
f 12134 14263 14262
f 12134 14264 14263
f 12134 12133 14264
f 14265 12134 14253
f 12135 12134 14265
f 14266 12135 14265
f 12136 12135 14266
f 14267 12137 12136
f 14267 12136 14266
f 14268 12138 12137
f 14268 12137 14267
f 14269 12138 14268
f 14269 12139 12138
f 14270 12139 14269
f 14270 12140 12139
f 14271 12141 12140
f 14271 12140 14270
f 14272 12142 12141
f 14272 12141 14271
f 14273 12143 12142
f 14273 12142 14272
f 14274 12144 12143
f 14274 12143 14273
f 14275 12145 12144
f 14275 12144 14274
f 14276 12146 12145
f 14276 12145 14275
f 14277 12147 12146
f 14277 12146 14276
f 14278 12148 12147
f 14278 12147 14277
f 14279 12149 12148
f 14279 12148 14278
f 14280 12150 12149
f 14280 12149 14279
f 14281 12150 14280
f 14282 12151 12150
f 14282 12150 14281
f 14283 12152 12151
f 14283 12151 14282
f 14284 12153 12152
f 14284 12152 14283
f 14079 12153 14284
f 14285 12316 12317
f 14286 12317 12258
f 14286 14285 12317
f 14287 14286 12258
f 14287 12258 12257
f 14288 14287 12257
f 14288 12256 12255
f 14288 12257 12256
f 14289 14288 12255
f 14289 12255 12254
f 14290 14289 12254
f 14290 12254 12253
f 14291 14290 12253
f 14291 12253 12252
f 14292 14291 12252
f 14292 12252 12251
f 14293 14292 12251
f 14293 12270 12269
f 14293 12251 12270
f 14294 14293 12269
f 14294 12269 12268
f 14295 14294 12268
f 14295 12268 12267
f 14296 14295 12267
f 14296 12267 12266
f 14297 14296 12266
f 14297 12266 12265
f 14298 14297 12265
f 14298 12265 12264
f 14299 14298 12264
f 14299 12263 12262
f 14299 12264 12263
f 14300 12262 12261
f 14300 14299 12262
f 14301 14300 12261
f 14301 12261 12260
f 14302 12260 12259
f 14302 14301 12260
f 14303 12276 12275
f 14303 12259 12276
f 14303 14302 12259
f 14304 12275 12274
f 14304 14303 12275
f 14305 12274 12273
f 14305 14304 12274
f 14306 12273 14307
f 14306 14305 12273
f 14308 14307 14309
f 14308 14306 14307
f 14310 14309 14311
f 14310 14308 14309
f 14312 14311 14313
f 14312 14310 14311
f 14314 14313 14315
f 14314 14312 14313
f 14316 14314 14315
f 14316 14315 14317
f 14318 14316 14317
f 14318 14317 14319
f 14318 14319 14320
f 14321 14318 14320
f 14321 14320 14322
f 14323 14321 14322
f 14323 14322 14324
f 14325 14323 14324
f 14325 14324 14326
f 14327 14325 14326
f 14327 14326 14328
f 14327 14328 14253
f 14329 14327 14253
f 14329 14253 14252
f 14330 14329 14252
f 14330 14252 14254
f 14331 14330 14254
f 14331 14254 14255
f 14332 14331 14255
f 14332 14255 14256
f 14332 14256 14257
f 14333 14332 14257
f 14333 14257 14258
f 14334 14333 14258
f 14334 14258 14259
f 14335 14334 14259
f 14335 14259 14260
f 14336 14335 14260
f 14336 14260 14261
f 14336 14261 14262
f 14337 14336 14262
f 14337 14262 14263
f 14338 14263 14264
f 14338 14337 14263
f 14339 14264 12133
f 14339 12133 12132
f 14339 14338 14264
f 14340 12131 12130
f 14340 12132 12131
f 14340 14339 12132
f 14341 12130 12129
f 14341 14340 12130
f 14342 12128 12127
f 14342 12129 12128
f 14342 14341 12129
f 14343 14342 12127
f 14343 12126 12125
f 14343 12127 12126
f 14344 14343 12125
f 14344 12125 12124
f 14345 14344 12124
f 14345 12123 12122
f 14345 12124 12123
f 14346 14345 12122
f 14346 12122 12121
f 14347 14346 12121
f 14347 12120 12119
f 14347 12121 12120
f 14348 14347 12119
f 14348 12118 12117
f 14348 12119 12118
f 14349 14348 12117
f 14349 12117 12116
f 14350 14349 12116
f 14350 12107 12106
f 14350 12116 12107
f 14351 14350 12106
f 14351 12106 12105
f 14352 12104 12103
f 14352 12105 12104
f 14352 14351 12105
f 14353 14352 12103
f 14353 12103 12102
f 14354 12101 12115
f 14354 12102 12101
f 14354 14353 12102
f 14355 14354 12115
f 14355 12114 12113
f 14355 12115 12114
f 14356 12113 12112
f 14356 14355 12113
f 14357 12111 12110
f 14357 12112 12111
f 14357 14356 12112
f 14358 12110 12109
f 14358 14357 12110
f 14359 12108 12155
f 14359 12109 12108
f 14359 14358 12109
f 14360 12155 12154
f 14360 14359 12155
f 14361 12100 12099
f 14361 12154 12100
f 14361 14360 12154
f 14362 12098 12097
f 14362 12099 12098
f 14362 14361 12099
f 14363 12097 12096
f 14363 14362 12097
f 14364 14363 12096
f 14364 12095 12094
f 14364 12096 12095
f 14365 14364 12094
f 14365 12094 12093
f 14366 14365 12093
f 14366 12093 12092
f 14367 12092 12091
f 14367 14366 12092
f 14368 12090 12089
f 14368 12091 12090
f 14368 14367 12091
f 14369 12089 12088
f 14369 14368 12089
f 14370 12088 12087
f 14370 14369 12088
f 14371 12087 12086
f 14371 14370 12087
f 14372 12086 12085
f 14372 14371 12086
f 14373 12085 12084
f 14373 14372 12085
f 14374 12083 12082
f 14374 12084 12083
f 14374 14373 12084
f 14375 12082 12081
f 14375 14374 12082
f 14376 12081 12080
f 14376 14375 12081
f 14377 12080 12079
f 14377 14376 12080
f 14378 12078 12077
f 14378 12079 12078
f 14378 14377 12079
f 14379 12077 12076
f 14379 14378 12077
f 14380 12076 12075
f 14380 14379 12076
f 14381 12075 12170
f 14381 14380 12075
f 14382 12170 12171
f 14382 14381 12170
f 14383 12171 12172
f 14383 14382 12171
f 14384 12173 12174
f 14384 12172 12173
f 14384 14383 12172
f 14385 12174 12175
f 14385 14384 12174
f 14386 12175 12176
f 14386 14385 12175
f 14387 14386 12176
f 14387 12176 12177
f 14388 14387 12177
f 14388 12178 12179
f 14388 12177 12178
f 14389 12179 12180
f 14389 14388 12179
f 14390 14389 12180
f 14390 12180 12181
f 14391 14390 12181
f 14391 12181 12182
f 14392 14391 12182
f 14392 12197 12198
f 14392 12182 12197
f 14393 14392 12198
f 14393 12198 12199
f 14394 14393 12199
f 14394 12199 12200
f 14395 14394 12200
f 14395 12200 12201
f 14396 14395 12201
f 14396 12203 12204
f 14396 12201 12203
f 14397 14396 12204
f 14397 12204 12205
f 14398 14397 12205
f 14398 12205 12206
f 14399 14398 12206
f 14399 12206 12207
f 14400 14399 12207
f 14400 12207 12208
f 14401 14400 12208
f 14401 12208 12209
f 14402 14401 12209
f 14402 12209 12210
f 14403 12226 12227
f 14403 12210 12226
f 14403 14402 12210
f 14404 12227 12228
f 14404 14403 12227
f 14405 12228 12229
f 14405 14404 12228
f 14406 12229 12230
f 14406 14405 12229
f 14407 12231 12232
f 14407 12230 12231
f 14407 14406 12230
f 14408 12232 12233
f 14408 14407 12232
f 14409 12233 12234
f 14409 14408 12233
f 14410 14409 12234
f 14410 12234 12235
f 14411 14410 12235
f 14411 12235 12236
f 14412 12236 12242
f 14412 14411 12236
f 14413 14412 12242
f 14413 12242 12241
f 14414 12240 12239
f 14414 12241 12240
f 14414 14413 12241
f 14415 12239 12238
f 14415 14414 12239
f 14416 12238 12243
f 14416 14415 12238
f 14417 12243 12244
f 14417 14416 12243
f 14418 12244 12245
f 14418 14417 12244
f 14419 12245 12246
f 14419 14418 12245
f 14420 12246 12247
f 14420 14419 12246
f 14421 12247 12248
f 14421 14420 12247
f 14422 12248 12249
f 14422 14421 12248
f 14285 12249 12316
f 14285 14422 12249
f 12272 14265 14253
f 12272 14307 12273
f 12272 14309 14307
f 12272 14311 14309
f 12272 14313 14311
f 12272 14315 14313
f 12272 14317 14315
f 12272 14319 14317
f 12272 14320 14319
f 12272 14322 14320
f 12272 14324 14322
f 12272 14326 14324
f 12272 14328 14326
f 12272 14253 14328
f 12278 14266 14265
f 12278 14265 12272
f 12280 14267 14266
f 12280 14266 12278
f 12282 14268 14267
f 12282 14267 12280
f 12284 14269 14268
f 12284 14268 12282
f 12286 14269 12284
f 12286 14270 14269
f 12288 14271 14270
f 12288 14270 12286
f 12290 14272 14271
f 12290 14271 12288
f 12292 14273 14272
f 12292 14272 12290
f 12294 14274 14273
f 12294 14273 12292
f 12296 14275 14274
f 12296 14274 12294
f 12298 14276 14275
f 12298 14275 12296
f 12300 14277 14276
f 12300 14276 12298
f 12302 14278 14277
f 12302 14277 12300
f 12304 14279 14278
f 12304 14278 12302
f 12306 14280 14279
f 12306 14279 12304
f 12308 14281 14280
f 12308 14282 14281
f 12308 14280 12306
f 12310 14282 12308
f 12310 14283 14282
f 12312 14284 14283
f 12312 14283 12310
f 12314 14079 14284
f 12314 14284 12312
f 13207 13128 13167
f 13008 13128 13207
f 13006 13008 13207
f 13334 13207 13248
f 13334 13248 13291
f 12874 14423 13006
f 13420 13334 13377
f 12837 12874 13006
f 13463 13207 13334
f 13463 13334 13420
f 13544 13463 13504
f 12717 12758 12798
f 12717 12798 12837
f 13583 13463 13544
f 13620 13207 13463
f 13620 13463 13583
f 12590 12589 12674
f 12590 12674 12717
f 13763 13620 14424
f 13765 13207 13620
f 13765 13620 13763
f 13994 14037 12590
f 13953 13006 13207
f 13953 12837 13006
f 13953 13994 12590
f 13953 12717 12837
f 13953 13207 13765
f 13953 12590 12717
f 13874 13953 13765
f 13913 13953 13874
f 12873 14425 14423
f 12873 14423 12874
f 12875 14426 14425
f 12875 14425 12873
f 12876 14427 14426
f 12876 14426 12875
f 12877 14428 14427
f 12877 14427 12876
f 12878 14429 14428
f 12878 14428 12877
f 12879 14430 14429
f 12879 14429 12878
f 12880 14431 14430
f 12880 14430 12879
f 12881 14432 14431
f 12881 14431 12880
f 12882 14432 12881
f 12882 14433 14432
f 12883 14433 12882
f 12883 14434 14433
f 12884 14434 12883
f 12884 14435 14434
f 12885 14435 12884
f 12885 14436 14435
f 12886 14437 14436
f 12886 14436 12885
f 12887 14438 14437
f 12887 14437 12886
f 12888 14439 14438
f 12888 14438 12887
f 12889 14440 14439
f 12889 14439 12888
f 12890 14441 14440
f 12890 14440 12889
f 12891 14442 14441
f 12891 14441 12890
f 12892 14443 14442
f 12892 14442 12891
f 12893 14444 14443
f 12893 14443 12892
f 12894 14445 14444
f 12894 14444 12893
f 12895 14446 14445
f 12895 14445 12894
f 14447 14448 14446
f 14449 14447 14446
f 12896 14446 12895
f 12896 14450 14451
f 12896 14451 14449
f 12896 14449 14446
f 14452 14450 12896
f 14453 14452 12896
f 14454 14453 12896
f 14455 14454 12896
f 14456 14455 12896
f 14457 14456 12896
f 14458 14457 12896
f 14459 14458 12896
f 12897 14459 12896
f 14460 12921 12957
f 14461 12957 12928
f 14461 14460 12957
f 14462 14461 12928
f 14462 12928 12927
f 14463 14462 12927
f 14463 12926 12925
f 14463 12927 12926
f 14464 14463 12925
f 14464 12925 12924
f 14465 14464 12924
f 14465 12924 12923
f 14466 14465 12923
f 14466 12923 12922
f 14467 14466 12922
f 14467 12922 12945
f 14468 14467 12945
f 14468 12944 12943
f 14468 12945 12944
f 14469 14468 12943
f 14469 12943 12942
f 14470 14469 12942
f 14470 12942 12941
f 14471 14470 12941
f 14471 12941 12940
f 14472 14471 12940
f 14472 12940 12939
f 14473 14472 12939
f 14473 12939 12938
f 14474 14473 12938
f 14474 12937 12936
f 14474 12938 12937
f 14475 12936 12935
f 14475 14474 12936
f 14476 14475 12935
f 14476 12935 12934
f 14477 12934 12933
f 14477 14476 12934
f 14478 12932 12931
f 14478 12933 12932
f 14478 14477 12933
f 14479 12931 12930
f 14479 14478 12931
f 14480 12930 12929
f 14480 14479 12930
f 14481 12929 12963
f 14481 14480 12929
f 14482 12963 12964
f 14482 14481 12963
f 14483 12964 12965
f 14483 14482 12964
f 14484 12965 12966
f 14484 14483 12965
f 14485 12966 12967
f 14485 14484 12966
f 14486 14485 12967
f 14486 12967 12968
f 14487 14486 12968
f 14487 12968 12969
f 14487 12969 12970
f 14488 14487 12970
f 14488 12970 12971
f 14489 14488 12971
f 14489 12971 12960
f 14490 14489 12960
f 14490 12960 12959
f 14491 14490 12959
f 14491 12959 12961
f 14491 12961 12962
f 14492 14491 12962
f 14492 12962 12996
f 14493 14492 12996
f 14493 12996 12984
f 14494 14493 12984
f 14494 12984 12983
f 14495 14494 12983
f 14495 12983 12985
f 14495 12985 12986
f 14496 14495 12986
f 14496 12986 12987
f 14497 14496 12987
f 14497 12987 12988
f 14498 14497 12988
f 14498 12988 12989
f 14499 14498 12989
f 14499 12989 12990
f 14499 12990 12991
f 14500 14499 12991
f 14500 12991 12992
f 14501 12992 12993
f 14501 14500 12992
f 14502 12993 12994
f 14502 12994 13113
f 14502 14501 12993
f 14503 13112 13111
f 14503 13113 13112
f 14503 14502 13113
f 14504 13111 13110
f 14504 14503 13111
f 14505 13109 13108
f 14505 13110 13109
f 14505 14504 13110
f 14506 14505 13108
f 14506 13107 13106
f 14506 13108 13107
f 14507 14506 13106
f 14507 13106 13096
f 14508 14507 13096
f 14508 13095 13094
f 14508 13096 13095
f 14509 14508 13094
f 14509 13094 13093
f 14510 14509 13093
f 14510 13092 13091
f 14510 13093 13092
f 14511 14510 13091
f 14511 13090 13089
f 14511 13091 13090
f 14512 14511 13089
f 14512 13089 13088
f 14513 14512 13088
f 14513 13087 13086
f 14513 13088 13087
f 14514 14513 13086
f 14514 13086 13085
f 14515 13084 13083
f 14515 13085 13084
f 14515 14514 13085
f 14516 14515 13083
f 14516 13083 13105
f 14517 13104 13103
f 14517 13105 13104
f 14517 14516 13105
f 14518 14517 13103
f 14518 13102 13101
f 14518 13103 13102
f 14519 13101 13100
f 14519 14518 13101
f 14520 13099 13098
f 14520 13100 13099
f 14520 14519 13100
f 14521 13098 13097
f 14521 14520 13098
f 14522 13126 13125
f 14522 13097 13126
f 14522 14521 13097
f 14523 13125 13081
f 14523 14522 13125
f 14524 13080 13079
f 14524 13081 13080
f 14524 14523 13081
f 14525 13078 13076
f 14525 13079 13078
f 14525 14524 13079
f 14526 13076 13075
f 14526 14525 13076
f 14527 14526 13075
f 14527 13074 13073
f 14527 13075 13074
f 14528 14527 13073
f 14528 13073 13072
f 14529 14528 13072
f 14529 13072 13071
f 14530 13071 13070
f 14530 14529 13071
f 14531 13069 13068
f 14531 13070 13069
f 14531 14530 13070
f 14532 13068 13067
f 14532 14531 13068
f 14533 13067 13066
f 14533 14532 13067
f 14534 13066 13065
f 14534 14533 13066
f 14535 13065 13064
f 14535 14534 13065
f 14536 13064 13063
f 14536 14535 13064
f 14537 13062 13061
f 14537 13063 13062
f 14537 14536 13063
f 14538 13061 13060
f 14538 14537 13061
f 14539 13060 13059
f 14539 14538 13060
f 14540 13059 13058
f 14540 14539 13059
f 14541 13057 13056
f 14541 13058 13057
f 14541 14540 13058
f 14542 13056 13055
f 14542 14541 13056
f 14543 13055 13054
f 14543 14542 13055
f 14544 13054 14545
f 14544 14543 13054
f 14546 14545 14547
f 14546 14544 14545
f 14548 14547 14549
f 14548 14546 14547
f 14550 14551 14552
f 14550 14549 14551
f 14550 14548 14549
f 14553 14552 14554
f 14553 14550 14552
f 14555 14554 14556
f 14555 14553 14554
f 14557 14555 14556
f 14557 14556 14558
f 14559 14557 14558
f 14559 14560 14561
f 14559 14558 14560
f 14562 14561 14563
f 14562 14559 14561
f 14564 14562 14563
f 14564 14563 14565
f 14566 14564 14565
f 14566 14565 14448
f 14567 14566 14448
f 14567 14447 14449
f 14567 14448 14447
f 14568 14567 14449
f 14568 14449 14451
f 14569 14568 14451
f 14569 14451 14450
f 14570 14569 14450
f 14570 14450 14452
f 14571 14570 14452
f 14571 14453 14454
f 14571 14452 14453
f 14572 14571 14454
f 14572 14454 14455
f 14573 14572 14455
f 14573 14455 14456
f 14574 14573 14456
f 14574 14456 14457
f 14575 14574 14457
f 14575 14457 14458
f 14576 14575 14458
f 14576 14458 14459
f 14577 14576 14459
f 14577 14459 12897
f 14578 12901 12900
f 14578 12897 12901
f 14578 14577 12897
f 14579 12900 12899
f 14579 14578 12900
f 14580 12899 12898
f 14580 14579 12899
f 14581 12898 12902
f 14581 14580 12898
f 14582 12903 12904
f 14582 12902 12903
f 14582 14581 12902
f 14583 12904 12905
f 14583 14582 12904
f 14584 12905 12906
f 14584 14583 12905
f 14585 14584 12906
f 14585 12906 12907
f 14586 14585 12907
f 14586 12907 12908
f 14587 12908 12909
f 14587 14586 12908
f 14588 14587 12909
f 14588 12909 12910
f 14589 12911 12912
f 14589 12910 12911
f 14589 14588 12910
f 14590 12912 12913
f 14590 14589 12912
f 14591 12913 12914
f 14591 14590 12913
f 14592 12914 12915
f 14592 14591 12914
f 14593 12915 12916
f 14593 14592 12915
f 14594 12916 12917
f 14594 14593 12916
f 14595 12917 12918
f 14595 14594 12917
f 14596 12918 12919
f 14596 14595 12918
f 14597 12919 12920
f 14597 14596 12919
f 14460 12920 12921
f 14460 14597 12920
f 14423 13009 13006
f 14425 13011 13009
f 14425 13009 14423
f 14426 13013 13011
f 14426 13011 14425
f 14427 13015 13013
f 14427 13013 14426
f 14428 13017 13015
f 14428 13015 14427
f 14429 13019 13017
f 14429 13017 14428
f 14430 13021 13019
f 14430 13019 14429
f 14431 13023 13021
f 14431 13021 14430
f 14432 13025 13023
f 14432 13023 14431
f 14433 13025 14432
f 14433 13027 13025
f 14434 13027 14433
f 14434 13029 13027
f 14435 13029 14434
f 14435 13031 13029
f 14436 13031 14435
f 14436 13033 13031
f 14437 13035 13033
f 14437 13033 14436
f 14438 13037 13035
f 14438 13035 14437
f 14439 13039 13037
f 14439 13037 14438
f 14440 13041 13039
f 14440 13039 14439
f 14441 13043 13041
f 14441 13041 14440
f 14442 13045 13043
f 14442 13043 14441
f 14443 13045 14442
f 13047 13045 14443
f 14444 13047 14443
f 13049 13047 14444
f 14445 13049 14444
f 13051 13049 14445
f 14446 13051 14445
f 13052 13051 14446
f 14545 13054 13052
f 14547 14545 13052
f 14549 14547 13052
f 14551 14549 13052
f 14552 14551 13052
f 14554 14552 13052
f 14556 14554 13052
f 14558 14556 13052
f 14560 14558 13052
f 14561 14560 13052
f 14563 14561 13052
f 14565 13052 14446
f 14565 14563 13052
f 14448 14565 14446
f 13619 14598 14424
f 13619 14424 13620
f 13621 14599 14598
f 13621 14598 13619
f 13622 14600 14599
f 13622 14599 13621
f 13623 14601 14600
f 13623 14600 13622
f 13624 14602 14601
f 13624 14601 13623
f 13625 14603 14602
f 13625 14602 13624
f 13626 14604 14603
f 13626 14603 13625
f 13627 14605 14604
f 13627 14604 13626
f 13628 14605 13627
f 13628 14606 14605
f 13629 14606 13628
f 13629 14607 14606
f 13630 14607 13629
f 13630 14608 14607
f 13631 14608 13630
f 13631 14609 14608
f 13632 14610 14609
f 13632 14609 13631
f 13633 14611 14610
f 13633 14610 13632
f 13634 14612 14611
f 13634 14611 13633
f 13635 14613 14612
f 13635 14612 13634
f 13636 14614 14613
f 13636 14613 13635
f 13637 14615 14614
f 13637 14614 13636
f 13638 14616 14615
f 13638 14615 13637
f 13639 14617 14616
f 13639 14616 13638
f 13640 14618 14617
f 13640 14617 13639
f 13641 14619 14618
f 13641 14618 13640
f 14620 14621 14619
f 14622 14620 14619
f 13642 14619 13641
f 13642 14623 14624
f 13642 14624 14622
f 13642 14622 14619
f 14625 14623 13642
f 14626 14625 13642
f 14627 14626 13642
f 14628 14627 13642
f 14629 14628 13642
f 14630 14629 13642
f 14631 14630 13642
f 14632 14631 13642
f 13643 14632 13642
f 13872 13837 14633
f 13872 14633 14634
f 13845 14634 14635
f 13845 13872 14634
f 13846 13845 14635
f 13846 14635 14636
f 13847 13846 14636
f 13847 14636 14637
f 13848 13847 14637
f 13848 14637 14638
f 13849 13848 14638
f 13849 14638 14639
f 13850 13849 14639
f 13850 14639 14640
f 13851 13850 14640
f 13851 14640 14641
f 13852 13851 14641
f 13852 14641 14642
f 13853 13852 14642
f 13854 13853 14642
f 13854 14642 14643
f 13855 14643 14644
f 13855 13854 14643
f 13839 14644 14645
f 13839 13855 14644
f 13840 14645 14646
f 13840 13839 14645
f 13841 14646 14647
f 13841 13840 14646
f 13842 14647 14648
f 13842 13841 14647
f 13843 14648 14649
f 13843 13842 14648
f 13844 13843 14649
f 13856 14649 14650
f 13856 13844 14649
f 13857 14650 14651
f 13857 13856 14650
f 13858 14651 14652
f 13858 13857 14651
f 13859 14652 14653
f 13859 13858 14652
f 13860 13859 14653
f 13751 14653 14654
f 13751 13860 14653
f 13750 14654 14655
f 13750 13751 14654
f 13749 14655 14656
f 13749 13750 14655
f 13748 14656 14657
f 13748 13749 14656
f 13747 13748 14657
f 13746 14657 14658
f 13746 13747 14657
f 13745 13746 14658
f 13745 14658 14659
f 13744 13745 14659
f 13744 14659 14660
f 13743 13744 14660
f 13743 14660 14661
f 13742 13743 14661
f 13740 13742 14661
f 13740 14661 14662
f 13741 13740 14662
f 13741 14662 14663
f 13753 13741 14663
f 13753 14663 14664
f 13719 13753 14664
f 13719 14664 14665
f 13718 13719 14665
f 13716 13718 14665
f 13716 14665 14666
f 13717 13716 14666
f 13717 14666 14667
f 13728 13717 14667
f 13728 14667 14668
f 13727 13728 14668
f 13727 14668 14669
f 13726 13727 14669
f 13725 13726 14669
f 13725 14669 14670
f 13724 13725 14670
f 13724 14670 14671
f 13723 13724 14671
f 13723 14671 14672
f 13722 14672 14673
f 13722 13723 14672
f 13721 14673 14674
f 13721 13722 14673
f 13720 14674 14675
f 13720 13721 14674
f 13686 13720 14675
f 13686 14675 14676
f 13687 14676 14677
f 13687 13686 14676
f 13688 14677 14678
f 13688 13687 14677
f 13689 13688 14678
f 13690 14678 14679
f 13690 13689 14678
f 13691 14679 14680
f 13691 13690 14679
f 13692 14680 14681
f 13692 13691 14680
f 13693 14681 14682
f 13693 13692 14681
f 13694 13693 14682
f 13695 13694 14682
f 13695 14682 14683
f 13696 13695 14683
f 13696 14683 14684
f 13697 13696 14684
f 13697 14684 14685
f 13698 13697 14685
f 13698 14685 14686
f 13699 13698 14686
f 13699 14686 14687
f 13700 13699 14687
f 13700 14687 14688
f 13701 13700 14688
f 13702 13701 14688
f 13702 14688 14689
f 13678 13702 14689
f 13678 14689 14690
f 13679 13678 14690
f 13679 14690 14691
f 13680 13679 14691
f 13680 14691 14692
f 13681 13680 14692
f 13682 13681 14692
f 13682 14692 14693
f 13683 13682 14693
f 13683 14693 14694
f 13684 13683 14694
f 13685 13684 14694
f 13685 14694 14695
f 13714 13685 14695
f 13677 13714 14695
f 13677 14695 14696
f 13676 13677 14696
f 13676 14696 14697
f 13675 13676 14697
f 13673 13675 14697
f 13673 14697 14698
f 13674 13673 14698
f 13674 14698 14699
f 13672 13674 14699
f 13671 13672 14699
f 13671 14699 14700
f 13670 13671 14700
f 13670 14700 14701
f 13669 13670 14701
f 13668 14701 14702
f 13668 13669 14701
f 13667 13668 14702
f 13666 13667 14702
f 13666 14702 14703
f 13665 13666 14703
f 13665 14703 14704
f 13664 13665 14704
f 13663 13664 14704
f 13663 14704 14705
f 13662 13663 14705
f 13662 14705 14706
f 13661 13662 14706
f 13660 13661 14706
f 13660 14706 14707
f 13659 13660 14707
f 13659 14707 14708
f 13658 13659 14708
f 13657 14708 14709
f 13657 13658 14708
f 13656 13657 14709
f 13655 14709 14710
f 13655 13656 14709
f 13654 14710 14711
f 13654 13655 14710
f 13653 13654 14711
f 13652 14711 14712
f 13652 13653 14711
f 13651 14712 14713
f 13651 13652 14712
f 13650 13651 14713
f 13644 14713 14714
f 13644 13650 14713
f 13645 13644 14714
f 13646 14714 14715
f 13646 13645 14714
f 13647 14715 14716
f 13647 13646 14715
f 13648 13647 14716
f 13649 14716 14717
f 13649 13648 14716
f 13643 13649 14717
f 14632 14717 14718
f 14632 13643 14717
f 14631 14718 14719
f 14631 14632 14718
f 14630 14719 14720
f 14630 14631 14719
f 14629 14720 14721
f 14629 14630 14720
f 14628 14721 14722
f 14628 14629 14721
f 14627 14722 14723
f 14627 14628 14722
f 14626 14627 14723
f 14625 14626 14723
f 14625 14723 14724
f 14623 14625 14724
f 14623 14724 14725
f 14624 14623 14725
f 14624 14725 14726
f 14622 14726 14727
f 14622 14624 14726
f 14620 14622 14727
f 14621 14727 14728
f 14621 14620 14727
f 14729 14728 14730
f 14729 14621 14728
f 14731 14730 14732
f 14731 14729 14730
f 14733 14731 14732
f 14733 14732 14734
f 14735 14733 14734
f 14736 14734 14737
f 14736 14735 14734
f 14738 14737 14739
f 14738 14736 14737
f 14740 14739 14741
f 14740 14738 14739
f 14742 14741 14743
f 14742 14740 14741
f 14744 14742 14743
f 14745 14743 14746
f 14745 14744 14743
f 14747 14746 14748
f 14747 14745 14746
f 14749 14748 14750
f 14749 14747 14748
f 13811 14750 14751
f 13811 14749 14750
f 13812 14751 14752
f 13812 13811 14751
f 13813 14752 14753
f 13813 13812 14752
f 13814 13813 14753
f 13815 14753 14754
f 13815 13814 14753
f 13816 14754 14755
f 13816 13815 14754
f 13817 14755 14756
f 13817 13816 14755
f 13818 14756 14757
f 13818 13817 14756
f 13819 13818 14757
f 13820 14757 14758
f 13820 13819 14757
f 13821 13820 14758
f 13821 14758 14759
f 13822 13821 14759
f 13822 14759 14760
f 13823 13822 14760
f 13823 14760 14761
f 13824 13823 14761
f 13824 14761 14762
f 13825 13824 14762
f 13825 14762 14763
f 13826 13825 14763
f 13827 13826 14763
f 13827 14763 14764
f 13828 13827 14764
f 13828 14764 14765
f 13829 13828 14765
f 13829 14765 14766
f 13830 13829 14766
f 13830 14766 14767
f 13831 13830 14767
f 13831 14767 14768
f 13832 13831 14768
f 13834 14768 14769
f 13834 13832 14768
f 13835 14769 14770
f 13835 13834 14769
f 13836 14770 14633
f 13836 13835 14770
f 13837 13836 14633
f 14424 13766 13763
f 14598 13768 13766
f 14598 13766 14424
f 14599 13770 13768
f 14599 13768 14598
f 14600 13772 13770
f 14600 13770 14599
f 14601 13774 13772
f 14601 13772 14600
f 14602 13776 13774
f 14602 13774 14601
f 14603 13778 13776
f 14603 13776 14602
f 14604 13780 13778
f 14604 13778 14603
f 14605 13782 13780
f 14605 13780 14604
f 14606 13782 14605
f 14606 13784 13782
f 14607 13784 14606
f 14607 13786 13784
f 14608 13786 14607
f 14608 13788 13786
f 14609 13788 14608
f 14609 13790 13788
f 14610 13792 13790
f 14610 13790 14609
f 14611 13794 13792
f 14611 13792 14610
f 14612 13796 13794
f 14612 13794 14611
f 14613 13798 13796
f 14613 13796 14612
f 14614 13800 13798
f 14614 13798 14613
f 14615 13802 13800
f 14615 13800 14614
f 14616 13802 14615
f 13804 13802 14616
f 14617 13804 14616
f 13806 13804 14617
f 14618 13806 14617
f 13808 13806 14618
f 14619 13808 14618
f 13809 13808 14619
f 14749 13811 13809
f 14747 14749 13809
f 14745 14747 13809
f 14744 14745 13809
f 14742 14744 13809
f 14740 14742 13809
f 14738 14740 13809
f 14736 14738 13809
f 14735 14736 13809
f 14733 14735 13809
f 14731 14733 13809
f 14729 13809 14619
f 14729 14731 13809
f 14621 14729 14619
f 14203 14202 14204
f 14204 14209 14205
f 14205 14209 14206
f 14206 14209 14207
f 14207 14209 14208
f 14209 14211 14210
f 14199 14198 14200
f 14202 14197 14204
f 14198 14197 14200
f 14200 14197 14201
f 14201 14197 14202
f 14212 14214 14213
f 14196 14195 14197
f 14214 14216 14215
f 14193 14192 14194
f 14192 14191 14194
f 14209 14219 14211
f 14212 14219 14214
f 14214 14219 14216
f 14211 14219 14212
f 14216 14219 14217
f 14217 14219 14218
f 14190 14189 14191
f 14219 14221 14220
f 14188 14187 14189
f 14221 14224 14222
f 14222 14224 14223
f 14221 14225 14224
f 14219 14225 14221
f 14185 14184 14186
f 14186 14184 14187
f 14187 14184 14189
f 14182 14181 14183
f 14226 14229 14227
f 14227 14229 14228
f 14219 14229 14225
f 14225 14229 14226
f 14184 14179 14189
f 14181 14179 14183
f 14180 14179 14181
f 14183 14179 14184
f 14229 14231 14230
f 14219 14232 14229
f 14229 14232 14231
f 14178 14177 14179
f 14232 14234 14233
f 14219 14234 14232
f 14175 14174 14176
f 14234 14237 14235
f 14235 14237 14236
f 14204 14237 14209
f 14219 14237 14234
f 14197 14237 14204
f 14209 14237 14219
f 14173 14172 14174
f 14176 14172 14177
f 14174 14172 14176
f 14237 14240 14238
f 14238 14240 14239
f 14169 14168 14170
f 14170 14168 14171
f 14171 14168 14172
f 14172 14168 14177
f 14240 14242 14241
f 14237 14242 14240
f 14237 14243 14242
f 14197 14243 14237
f 14164 14162 14166
f 14166 14162 14168
f 14243 14247 14244
f 14244 14247 14245
f 14245 14247 14246
f 14247 14249 14248
f 14197 14249 14243
f 14195 14249 14197
f 14194 14249 14195
f 14191 14249 14194
f 14243 14249 14247
f 14153 14151 14155
f 14151 14149 14155
f 14155 14149 14158
f 14158 14149 14160
f 14249 14114 14250
f 14250 14114 14251
f 14191 14115 14249
f 14249 14115 14114
f 14189 14115 14191
f 14144 14143 14145
f 14145 14143 14146
f 14146 14143 14149
f 14115 14118 14116
f 14116 14118 14117
f 14143 14141 14149
f 14142 14141 14143
f 14189 14119 14115
f 14115 14119 14118
f 14189 14120 14119
f 14179 14120 14189
f 14149 14139 14160
f 14141 14139 14149
f 14140 14139 14141
f 14160 14139 14162
f 14168 14139 14177
f 14162 14139 14168
f 14120 14122 14121
f 14179 14122 14120
f 14136 14135 14137
f 14137 14135 14138
f 14138 14135 14139
f 14122 14125 14123
f 14123 14125 14124
f 14122 14126 14125
f 14177 14127 14179
f 14179 14127 14122
f 14122 14127 14126
f 14177 14128 14127
f 14132 14131 14133
f 14133 14131 14134
f 14134 14131 14135
f 14139 14131 14177
f 14135 14131 14139
f 14128 14130 14129
f 14131 14130 14177
f 14177 14130 14128
f 14373 14374 14375
f 14380 14375 14376
f 14380 14376 14377
f 14380 14377 14378
f 14380 14378 14379
f 14382 14380 14381
f 14369 14370 14371
f 14368 14373 14375
f 14368 14369 14371
f 14368 14371 14372
f 14368 14372 14373
f 14385 14383 14384
f 14366 14367 14368
f 14387 14385 14386
f 14363 14364 14365
f 14362 14363 14365
f 14390 14380 14382
f 14390 14383 14385
f 14390 14385 14387
f 14390 14382 14383
f 14390 14387 14388
f 14390 14388 14389
f 14360 14361 14362
f 14392 14390 14391
f 14358 14359 14360
f 14395 14392 14393
f 14395 14393 14394
f 14396 14392 14395
f 14396 14390 14392
f 14355 14356 14357
f 14355 14357 14358
f 14355 14358 14360
f 14352 14353 14354
f 14400 14397 14398
f 14400 14398 14399
f 14400 14390 14396
f 14400 14396 14397
f 14350 14355 14360
f 14350 14352 14354
f 14350 14351 14352
f 14350 14354 14355
f 14402 14400 14401
f 14403 14390 14400
f 14403 14400 14402
f 14348 14349 14350
f 14405 14403 14404
f 14405 14390 14403
f 14345 14346 14347
f 14408 14405 14406
f 14408 14406 14407
f 14408 14375 14380
f 14408 14390 14405
f 14408 14368 14375
f 14408 14380 14390
f 14343 14344 14345
f 14343 14347 14348
f 14343 14345 14347
f 14411 14408 14409
f 14411 14409 14410
f 14339 14340 14341
f 14339 14341 14342
f 14339 14342 14343
f 14339 14343 14348
f 14413 14411 14412
f 14413 14408 14411
f 14414 14408 14413
f 14414 14368 14408
f 14336 14337 14338
f 14336 14338 14339
f 14418 14414 14415
f 14418 14415 14416
f 14418 14416 14417
f 14420 14418 14419
f 14420 14368 14414
f 14420 14366 14368
f 14420 14365 14366
f 14420 14362 14365
f 14420 14414 14418
f 14331 14332 14333
f 14330 14331 14333
f 14330 14333 14334
f 14330 14334 14335
f 14285 14420 14421
f 14285 14421 14422
f 14286 14362 14420
f 14286 14420 14285
f 14286 14360 14362
f 14323 14325 14327
f 14323 14327 14329
f 14323 14329 14330
f 14289 14286 14287
f 14289 14287 14288
f 14318 14323 14330
f 14318 14321 14323
f 14290 14360 14286
f 14290 14286 14289
f 14291 14360 14290
f 14291 14350 14360
f 14314 14330 14335
f 14314 14318 14330
f 14314 14316 14318
f 14314 14335 14336
f 14314 14339 14348
f 14314 14336 14339
f 14293 14291 14292
f 14293 14350 14291
f 14306 14308 14310
f 14306 14310 14312
f 14306 14312 14314
f 14296 14293 14294
f 14296 14294 14295
f 14297 14293 14296
f 14298 14348 14350
f 14298 14350 14293
f 14298 14293 14297
f 14299 14348 14298
f 14302 14303 14304
f 14302 14304 14305
f 14302 14305 14306
f 14302 14314 14348
f 14302 14306 14314
f 14301 14299 14300
f 14301 14302 14348
f 14301 14348 14299
f 14536 14537 14538
f 14543 14539 14540
f 14543 14540 14541
f 14543 14541 14542
f 14534 14536 14538
f 14534 14535 14536
f 14544 14539 14543
f 14544 14538 14539
f 14532 14533 14534
f 14531 14532 14534
f 14529 14534 14538
f 14529 14531 14534
f 14529 14530 14531
f 14555 14546 14548
f 14555 14548 14550
f 14555 14550 14553
f 14557 14546 14555
f 14526 14527 14528
f 14562 14557 14559
f 14525 14538 14544
f 14525 14529 14538
f 14525 14528 14529
f 14525 14526 14528
f 14525 14544 14546
f 14523 14524 14525
f 14567 14564 14566
f 14521 14522 14523
f 14521 14523 14525
f 14569 14567 14568
f 14570 14567 14569
f 14519 14520 14521
f 14519 14525 14546
f 14519 14546 14557
f 14519 14557 14562
f 14519 14562 14564
f 14519 14521 14525
f 14571 14567 14570
f 14518 14519 14564
f 14572 14567 14571
f 14572 14564 14567
f 14515 14516 14517
f 14515 14517 14518
f 14575 14573 14574
f 14576 14572 14573
f 14576 14573 14575
f 14511 14512 14513
f 14511 14513 14514
f 14579 14577 14578
f 14509 14510 14511
f 14508 14511 14514
f 14508 14509 14511
f 14508 14514 14515
f 14582 14576 14577
f 14582 14579 14580
f 14582 14580 14581
f 14582 14577 14579
f 14506 14515 14518
f 14506 14508 14515
f 14506 14507 14508
f 14506 14518 14564
f 14586 14584 14585
f 14503 14504 14505
f 14587 14583 14584
f 14587 14584 14586
f 14501 14502 14503
f 14499 14500 14501
f 14499 14505 14506
f 14499 14503 14505
f 14499 14501 14503
f 14591 14588 14589
f 14591 14589 14590
f 14497 14498 14499
f 14497 14506 14564
f 14497 14499 14506
f 14593 14591 14592
f 14593 14588 14591
f 14594 14587 14588
f 14594 14583 14587
f 14594 14588 14593
f 14595 14583 14594
f 14493 14494 14495
f 14492 14493 14495
f 14492 14495 14496
f 14460 14582 14583
f 14460 14595 14596
f 14460 14596 14597
f 14460 14583 14595
f 14491 14492 14496
f 14491 14564 14572
f 14491 14496 14497
f 14491 14497 14564
f 14488 14489 14490
f 14488 14490 14491
f 14487 14460 14461
f 14487 14572 14576
f 14487 14488 14491
f 14487 14576 14582
f 14487 14491 14572
f 14487 14582 14460
f 14465 14462 14463
f 14465 14463 14464
f 14485 14486 14487
f 14467 14465 14466
f 14484 14485 14487
f 14468 14465 14467
f 14483 14484 14487
f 14482 14483 14487
f 14472 14461 14462
f 14472 14468 14469
f 14472 14469 14470
f 14472 14470 14471
f 14472 14462 14465
f 14472 14465 14468
f 14479 14480 14481
f 14479 14481 14482
f 14479 14482 14487
f 14473 14461 14472
f 14478 14479 14487
f 14474 14461 14473
f 14475 14461 14474
f 14476 14477 14478
f 14476 14487 14461
f 14476 14478 14487
f 14476 14461 14475
f 14710 14709 14711
f 14712 14716 14713
f 14713 14716 14714
f 14714 14716 14715
f 14709 14707 14711
f 14708 14707 14709
f 14712 14717 14716
f 14711 14717 14712
f 14706 14705 14707
f 14705 14704 14707
f 14707 14702 14711
f 14704 14702 14707
f 14703 14702 14704
f 14718 14722 14719
f 14719 14722 14720
f 14720 14722 14721
f 14718 14723 14722
f 14700 14699 14701
f 14723 14725 14724
f 14711 14698 14717
f 14702 14698 14711
f 14701 14698 14702
f 14699 14698 14701
f 14717 14698 14718
f 14697 14696 14698
f 14726 14728 14727
f 14695 14694 14696
f 14696 14694 14698
f 14728 14732 14730
f 14728 14734 14732
f 14693 14692 14694
f 14698 14692 14718
f 14718 14692 14723
f 14723 14692 14725
f 14725 14692 14726
f 14694 14692 14698
f 14728 14737 14734
f 14692 14691 14726
f 14728 14739 14737
f 14726 14739 14728
f 14689 14688 14690
f 14690 14688 14691
f 14741 14746 14743
f 14739 14748 14741
f 14741 14748 14746
f 14685 14684 14686
f 14686 14684 14687
f 14750 14752 14751
f 14683 14682 14684
f 14684 14681 14687
f 14682 14681 14684
f 14687 14681 14688
f 14748 14755 14750
f 14752 14755 14753
f 14753 14755 14754
f 14750 14755 14752
f 14688 14679 14691
f 14681 14679 14688
f 14680 14679 14681
f 14691 14679 14726
f 14757 14759 14758
f 14677 14676 14678
f 14756 14760 14757
f 14757 14760 14759
f 14675 14674 14676
f 14673 14672 14674
f 14678 14672 14679
f 14676 14672 14678
f 14674 14672 14676
f 14761 14764 14762
f 14762 14764 14763
f 14671 14670 14672
f 14679 14670 14726
f 14672 14670 14679
f 14764 14766 14765
f 14761 14766 14764
f 14760 14767 14761
f 14756 14767 14760
f 14761 14767 14766
f 14756 14768 14767
f 14667 14666 14668
f 14666 14665 14668
f 14668 14665 14669
f 14755 14633 14756
f 14768 14633 14769
f 14769 14633 14770
f 14756 14633 14768
f 14665 14664 14669
f 14726 14664 14739
f 14669 14664 14670
f 14670 14664 14726
f 14662 14661 14663
f 14663 14661 14664
f 14633 14660 14634
f 14739 14660 14748
f 14661 14660 14664
f 14748 14660 14755
f 14664 14660 14739
f 14755 14660 14633
f 14635 14638 14636
f 14636 14638 14637
f 14659 14658 14660
f 14638 14640 14639
f 14658 14657 14660
f 14638 14641 14640
f 14657 14656 14660
f 14656 14655 14660
f 14634 14645 14635
f 14641 14645 14642
f 14642 14645 14643
f 14643 14645 14644
f 14635 14645 14638
f 14638 14645 14641
f 14653 14652 14654
f 14654 14652 14655
f 14655 14652 14660
f 14634 14646 14645
f 14652 14651 14660
f 14634 14647 14646
f 14634 14648 14647
f 14650 14649 14651
f 14660 14649 14634
f 14651 14649 14660
f 14634 14649 14648
