ISO-10303-21;
HEADER;
FILE_DESCRIPTION(('FreeCAD Model'),'2;1');
FILE_NAME('Open CASCADE Shape Model','2026-09-26T23:35:39',('FreeCAD'),(
    'FreeCAD'),'Open CASCADE STEP processor 7.8','FreeCAD','Unknown');
FILE_SCHEMA(('AUTOMOTIVE_DESIGN { 1 0 10303 214 1 1 1 1 }'));
ENDSEC;
DATA;
#1 = APPLICATION_PROTOCOL_DEFINITION('international standard',
  'automotive_design',2000,#2);
#2 = APPLICATION_CONTEXT(
  'core data for automotive mechanical design processes');
#3 = SHAPE_DEFINITION_REPRESENTATION(#4,#10);
#4 = PRODUCT_DEFINITION_SHAPE('','',#5);
#5 = PRODUCT_DEFINITION('design','',#6,#9);
#6 = PRODUCT_DEFINITION_FORMATION('','',#7);
#7 = PRODUCT('Open CASCADE STEP translator 7.8 1',
  'Open CASCADE STEP translator 7.8 1','',(#8));
#8 = PRODUCT_CONTEXT('',#2,'mechanical');
#9 = PRODUCT_DEFINITION_CONTEXT('part definition',#2,'design');
#10 = ADVANCED_BREP_SHAPE_REPRESENTATION('',(#11,#15),#2653);
#11 = AXIS2_PLACEMENT_3D('',#12,#13,#14);
#12 = CARTESIAN_POINT('',(0.,0.,0.));
#13 = DIRECTION('',(0.,0.,1.));
#14 = DIRECTION('',(1.,0.,-0.));
#15 = MANIFOLD_SOLID_BREP('',#16);
#16 = CLOSED_SHELL('',(#17,#201,#315,#408,#478,#569,#639,#709,#758,#849,
    #919,#989,#1038,#1129,#1199,#1269,#1318,#1409,#1479,#1549,#1598,
    #1689,#1759,#1829,#1878,#1969,#2039,#2109,#2158,#2249,#2319,#2389,
    #2438,#2513,#2562,#2611,#2639,#2646));
#17 = ADVANCED_FACE('',(#18),#33,.F.);
#18 = FACE_BOUND('',#19,.F.);
#19 = EDGE_LOOP('',(#20,#72,#115,#160));
#20 = ORIENTED_EDGE('',*,*,#21,.T.);
#21 = EDGE_CURVE('',#22,#24,#26,.T.);
#22 = VERTEX_POINT('',#23);
#23 = CARTESIAN_POINT('',(0.,-1.836970197974E-15,15.));
#24 = VERTEX_POINT('',#25);
#25 = CARTESIAN_POINT('',(0.,15.,9.184850993605E-16));
#26 = SURFACE_CURVE('',#27,(#32,#60),.PCURVE_S1.);
#27 = ELLIPSE('',#28,15.,15.);
#28 = AXIS2_PLACEMENT_3D('',#29,#30,#31);
#29 = CARTESIAN_POINT('',(0.,0.,0.));
#30 = DIRECTION('',(-1.,0.,0.));
#31 = DIRECTION('',(0.,0.,1.));
#32 = PCURVE('',#33,#54);
#33 = B_SPLINE_SURFACE_WITH_KNOTS('',9,1,(
    (#34,#35)
    ,(#36,#37)
    ,(#38,#39)
    ,(#40,#41)
    ,(#42,#43)
    ,(#44,#45)
    ,(#46,#47)
    ,(#48,#49)
    ,(#50,#51)
    ,(#52,#53
    )),.UNSPECIFIED.,.F.,.F.,.F.,(10,10),(2,2),(0.,1.570796326795),(0.,
    1.),.PIECEWISE_BEZIER_KNOTS.);
#34 = CARTESIAN_POINT('',(0.,0.,15.));
#35 = CARTESIAN_POINT('',(180.,1.42108547152E-14,130.));
#36 = CARTESIAN_POINT('',(0.,2.617993877991,15.));
#37 = CARTESIAN_POINT('',(179.99999999999,19.198621771937,
    129.99999999999));
#38 = CARTESIAN_POINT('',(0.,5.235988477047,14.485957462119));
#39 = CARTESIAN_POINT('',(180.,38.397243819,125.54497059578));
#40 = CARTESIAN_POINT('',(0.,7.738628060872,13.457876713908));
#41 = CARTESIAN_POINT('',(179.99999999998,56.749958447681,
    116.63490867051));
#42 = CARTESIAN_POINT('',(0.,10.0105778604,11.945943403975));
#43 = CARTESIAN_POINT('',(180.00000000002,73.410869936932,
    103.53155012338));
#44 = CARTESIAN_POINT('',(0.,11.945943403975,10.0105778604));
#45 = CARTESIAN_POINT('',(179.99999999998,87.603619335151,
    86.758300834528));
#46 = CARTESIAN_POINT('',(0.,13.457876713908,7.738628060872));
#47 = CARTESIAN_POINT('',(180.00000000001,98.691076567371,
    67.068132710916));
#48 = CARTESIAN_POINT('',(0.,14.485957462119,5.235988477047));
#49 = CARTESIAN_POINT('',(179.99999999999,106.23035973488,
    45.378560876991));
#50 = CARTESIAN_POINT('',(0.,15.,2.617993877991));
#51 = CARTESIAN_POINT('',(180.,110.,22.689280275928));
#52 = CARTESIAN_POINT('',(0.,15.,0.));
#53 = CARTESIAN_POINT('',(180.,110.,1.42108547152E-14));
#54 = DEFINITIONAL_REPRESENTATION('',(#55),#59);
#55 = LINE('',#56,#57);
#56 = CARTESIAN_POINT('',(0.,0.));
#57 = VECTOR('',#58,1.);
#58 = DIRECTION('',(1.,0.));
#59 = ( GEOMETRIC_REPRESENTATION_CONTEXT(2) 
PARAMETRIC_REPRESENTATION_CONTEXT() REPRESENTATION_CONTEXT('2D SPACE',''
  ) );
#60 = PCURVE('',#61,#66);
#61 = PLANE('',#62);
#62 = AXIS2_PLACEMENT_3D('',#63,#64,#65);
#63 = CARTESIAN_POINT('',(0.,0.,0.));
#64 = DIRECTION('',(-1.,0.,0.));
#65 = DIRECTION('',(0.,0.,1.));
#66 = DEFINITIONAL_REPRESENTATION('',(#67),#71);
#67 = CIRCLE('',#68,15.);
#68 = AXIS2_PLACEMENT_2D('',#69,#70);
#69 = CARTESIAN_POINT('',(0.,0.));
#70 = DIRECTION('',(1.,0.));
#71 = ( GEOMETRIC_REPRESENTATION_CONTEXT(2) 
PARAMETRIC_REPRESENTATION_CONTEXT() REPRESENTATION_CONTEXT('2D SPACE',''
  ) );
#72 = ORIENTED_EDGE('',*,*,#73,.T.);
#73 = EDGE_CURVE('',#24,#74,#76,.T.);
#74 = VERTEX_POINT('',#75);
#75 = CARTESIAN_POINT('',(180.,110.,7.960204194458E-15));
#76 = SURFACE_CURVE('',#77,(#80,#87),.PCURVE_S1.);
#77 = B_SPLINE_CURVE_WITH_KNOTS('',1,(#78,#79),.UNSPECIFIED.,.F.,.F.,(2,
    2),(0.,1.),.PIECEWISE_BEZIER_KNOTS.);
#78 = CARTESIAN_POINT('',(0.,15.,0.));
#79 = CARTESIAN_POINT('',(180.,110.,1.42108547152E-14));
#80 = PCURVE('',#33,#81);
#81 = DEFINITIONAL_REPRESENTATION('',(#82),#86);
#82 = LINE('',#83,#84);
#83 = CARTESIAN_POINT('',(1.570796326795,0.));
#84 = VECTOR('',#85,1.);
#85 = DIRECTION('',(0.,1.));
#86 = ( GEOMETRIC_REPRESENTATION_CONTEXT(2) 
PARAMETRIC_REPRESENTATION_CONTEXT() REPRESENTATION_CONTEXT('2D SPACE',''
  ) );
#87 = PCURVE('',#88,#109);
#88 = B_SPLINE_SURFACE_WITH_KNOTS('',9,1,(
    (#89,#90)
    ,(#91,#92)
    ,(#93,#94)
    ,(#95,#96)
    ,(#97,#98)
    ,(#99,#100)
    ,(#101,#102)
    ,(#103,#104)
    ,(#105,#106)
    ,(#107,#108
    )),.UNSPECIFIED.,.F.,.F.,.F.,(10,10),(2,2),(1.570796326795,
    3.14159265359),(0.,1.),.PIECEWISE_BEZIER_KNOTS.);
#89 = CARTESIAN_POINT('',(0.,15.,3.552713678801E-15));
#90 = CARTESIAN_POINT('',(180.,110.,0.));
#91 = CARTESIAN_POINT('',(0.,15.,-2.617993877991));
#92 = CARTESIAN_POINT('',(179.99999999999,109.99999999999,
    -22.68928027592));
#93 = CARTESIAN_POINT('',(0.,14.48595746212,-5.235988477047));
#94 = CARTESIAN_POINT('',(180.,106.23035973489,-45.37856087699));
#95 = CARTESIAN_POINT('',(0.,13.457876713908,-7.738628060871));
#96 = CARTESIAN_POINT('',(179.99999999999,98.691076567364,-67.0681327109
    ));
#97 = CARTESIAN_POINT('',(0.,11.945943403975,-10.0105778604));
#98 = CARTESIAN_POINT('',(180.,87.603619335159,-86.75830083454));
#99 = CARTESIAN_POINT('',(0.,10.0105778604,-11.94594340397));
#100 = CARTESIAN_POINT('',(179.99999999999,73.410869936924,
    -103.5315501233));
#101 = CARTESIAN_POINT('',(0.,7.738628060872,-13.4578767139));
#102 = CARTESIAN_POINT('',(180.,56.749958447687,-116.6349086705));
#103 = CARTESIAN_POINT('',(0.,5.235988477047,-14.48595746211));
#104 = CARTESIAN_POINT('',(179.99999999999,38.397243818997,
    -125.5449705957));
#105 = CARTESIAN_POINT('',(0.,2.617993877991,-15.));
#106 = CARTESIAN_POINT('',(180.,19.198621771937,-130.));
#107 = CARTESIAN_POINT('',(0.,1.7763568394E-15,-15.));
#108 = CARTESIAN_POINT('',(180.,0.,-130.));
#109 = DEFINITIONAL_REPRESENTATION('',(#110),#114);
#110 = LINE('',#111,#112);
#111 = CARTESIAN_POINT('',(1.570796326795,0.));
#112 = VECTOR('',#113,1.);
#113 = DIRECTION('',(0.,1.));
#114 = ( GEOMETRIC_REPRESENTATION_CONTEXT(2) 
PARAMETRIC_REPRESENTATION_CONTEXT() REPRESENTATION_CONTEXT('2D SPACE',''
  ) );
#115 = ORIENTED_EDGE('',*,*,#116,.F.);
#116 = EDGE_CURVE('',#117,#74,#119,.T.);
#117 = VERTEX_POINT('',#118);
#118 = CARTESIAN_POINT('',(180.,-1.347111478514E-14,130.));
#119 = SURFACE_CURVE('',#120,(#125,#132),.PCURVE_S1.);
#120 = ELLIPSE('',#121,130.,110.);
#121 = AXIS2_PLACEMENT_3D('',#122,#123,#124);
#122 = CARTESIAN_POINT('',(180.,0.,0.));
#123 = DIRECTION('',(-1.,0.,0.));
#124 = DIRECTION('',(0.,0.,1.));
#125 = PCURVE('',#33,#126);
#126 = DEFINITIONAL_REPRESENTATION('',(#127),#131);
#127 = LINE('',#128,#129);
#128 = CARTESIAN_POINT('',(0.,1.));
#129 = VECTOR('',#130,1.);
#130 = DIRECTION('',(1.,0.));
#131 = ( GEOMETRIC_REPRESENTATION_CONTEXT(2) 
PARAMETRIC_REPRESENTATION_CONTEXT() REPRESENTATION_CONTEXT('2D SPACE',''
  ) );
#132 = PCURVE('',#133,#154);
#133 = B_SPLINE_SURFACE_WITH_KNOTS('',9,1,(
    (#134,#135)
    ,(#136,#137)
    ,(#138,#139)
    ,(#140,#141)
    ,(#142,#143)
    ,(#144,#145)
    ,(#146,#147)
    ,(#148,#149)
    ,(#150,#151)
    ,(#152,#153
    )),.UNSPECIFIED.,.F.,.F.,.F.,(10,10),(2,2),(0.,1.570796326795),(0.,
    1.),.PIECEWISE_BEZIER_KNOTS.);
#134 = CARTESIAN_POINT('',(180.,1.42108547152E-14,130.));
#135 = CARTESIAN_POINT('',(450.,-2.84217094304E-14,265.));
#136 = CARTESIAN_POINT('',(179.99999999999,19.198621771937,
    129.99999999999));
#137 = CARTESIAN_POINT('',(449.99999999999,41.015237421866,
    264.99999999999));
#138 = CARTESIAN_POINT('',(180.,38.397243819,125.54497059578));
#139 = CARTESIAN_POINT('',(450.00000000003,82.030475431496,255.747246622
    ));
#140 = CARTESIAN_POINT('',(179.99999999998,56.749958447681,
    116.63490867051));
#141 = CARTESIAN_POINT('',(449.99999999993,121.23854759278,
    237.2417333926));
#142 = CARTESIAN_POINT('',(180.00000000002,73.410869936932,
    103.53155012338));
#143 = CARTESIAN_POINT('',(450.00000000009,156.83231304706,
    210.02706564086));
#144 = CARTESIAN_POINT('',(179.99999999998,87.603619335151,
    86.758300834528));
#145 = CARTESIAN_POINT('',(449.99999999991,187.15318676147,
    175.19031711788));
#146 = CARTESIAN_POINT('',(180.00000000001,98.691076567371,
    67.068132710916));
#147 = CARTESIAN_POINT('',(450.00000000006,210.8400272121,
    134.29535255342));
#148 = CARTESIAN_POINT('',(179.99999999999,106.23035973488,
    45.378560876991));
#149 = CARTESIAN_POINT('',(449.99999999996,226.94667761544,
    89.247780282986));
#150 = CARTESIAN_POINT('',(180.,110.,22.689280275928));
#151 = CARTESIAN_POINT('',(450.,235.,42.123889803848));
#152 = CARTESIAN_POINT('',(180.,110.,1.42108547152E-14));
#153 = CARTESIAN_POINT('',(450.,235.,-5.));
#154 = DEFINITIONAL_REPRESENTATION('',(#155),#159);
#155 = LINE('',#156,#157);
#156 = CARTESIAN_POINT('',(0.,0.));
#157 = VECTOR('',#158,1.);
#158 = DIRECTION('',(1.,0.));
#159 = ( GEOMETRIC_REPRESENTATION_CONTEXT(2) 
PARAMETRIC_REPRESENTATION_CONTEXT() REPRESENTATION_CONTEXT('2D SPACE',''
  ) );
#160 = ORIENTED_EDGE('',*,*,#161,.F.);
#161 = EDGE_CURVE('',#22,#117,#162,.T.);
#162 = SURFACE_CURVE('',#163,(#166,#173),.PCURVE_S1.);
#163 = B_SPLINE_CURVE_WITH_KNOTS('',1,(#164,#165),.UNSPECIFIED.,.F.,.F.,
  (2,2),(0.,1.),.PIECEWISE_BEZIER_KNOTS.);
#164 = CARTESIAN_POINT('',(0.,0.,15.));
#165 = CARTESIAN_POINT('',(180.,1.42108547152E-14,130.));
#166 = PCURVE('',#33,#167);
#167 = DEFINITIONAL_REPRESENTATION('',(#168),#172);
#168 = LINE('',#169,#170);
#169 = CARTESIAN_POINT('',(0.,0.));
#170 = VECTOR('',#171,1.);
#171 = DIRECTION('',(0.,1.));
#172 = ( GEOMETRIC_REPRESENTATION_CONTEXT(2) 
PARAMETRIC_REPRESENTATION_CONTEXT() REPRESENTATION_CONTEXT('2D SPACE',''
  ) );
#173 = PCURVE('',#174,#195);
#174 = B_SPLINE_SURFACE_WITH_KNOTS('',9,1,(
    (#175,#176)
    ,(#177,#178)
    ,(#179,#180)
    ,(#181,#182)
    ,(#183,#184)
    ,(#185,#186)
    ,(#187,#188)
    ,(#189,#190)
    ,(#191,#192)
    ,(#193,#194
    )),.UNSPECIFIED.,.F.,.F.,.F.,(10,10),(2,2),(4.712388980385,
    6.28318530718),(0.,1.),.PIECEWISE_BEZIER_KNOTS.);
#175 = CARTESIAN_POINT('',(0.,-15.,-7.993605777302E-15));
#176 = CARTESIAN_POINT('',(180.,-110.,-5.506706202141E-14));
#177 = CARTESIAN_POINT('',(0.,-15.,2.617993877991));
#178 = CARTESIAN_POINT('',(179.99999999999,-109.9999999999,
    22.689280275925));
#179 = CARTESIAN_POINT('',(0.,-14.48595746212,5.235988477047));
#180 = CARTESIAN_POINT('',(180.00000000001,-106.2303597348,
    45.378560877001));
#181 = CARTESIAN_POINT('',(0.,-13.4578767139,7.738628060871));
#182 = CARTESIAN_POINT('',(179.99999999997,-98.69107656735,
    67.068132710895));
#183 = CARTESIAN_POINT('',(0.,-11.94594340397,10.0105778604));
#184 = CARTESIAN_POINT('',(180.00000000003,-87.60361933517,
    86.758300834556));
#185 = CARTESIAN_POINT('',(0.,-10.0105778604,11.945943403975));
#186 = CARTESIAN_POINT('',(179.99999999997,-73.41086993691,
    103.53155012335));
#187 = CARTESIAN_POINT('',(0.,-7.738628060871,13.457876713908));
#188 = CARTESIAN_POINT('',(180.00000000002,-56.74995844769,
    116.63490867053));
#189 = CARTESIAN_POINT('',(0.,-5.235988477047,14.485957462119));
#190 = CARTESIAN_POINT('',(179.99999999999,-38.39724381899,
    125.54497059577));
#191 = CARTESIAN_POINT('',(0.,-2.617993877991,15.));
#192 = CARTESIAN_POINT('',(180.,-19.19862177193,130.));
#193 = CARTESIAN_POINT('',(0.,-5.329070518201E-15,15.));
#194 = CARTESIAN_POINT('',(180.,-2.84217094304E-14,130.));
#195 = DEFINITIONAL_REPRESENTATION('',(#196),#200);
#196 = LINE('',#197,#198);
#197 = CARTESIAN_POINT('',(6.28318530718,0.));
#198 = VECTOR('',#199,1.);
#199 = DIRECTION('',(0.,1.));
#200 = ( GEOMETRIC_REPRESENTATION_CONTEXT(2) 
PARAMETRIC_REPRESENTATION_CONTEXT() REPRESENTATION_CONTEXT('2D SPACE',''
  ) );
#201 = ADVANCED_FACE('',(#202),#88,.F.);
#202 = FACE_BOUND('',#203,.F.);
#203 = EDGE_LOOP('',(#204,#228,#271,#314));
#204 = ORIENTED_EDGE('',*,*,#205,.T.);
#205 = EDGE_CURVE('',#24,#206,#208,.T.);
#206 = VERTEX_POINT('',#207);
#207 = CARTESIAN_POINT('',(0.,1.836970198721E-15,-15.));
#208 = SURFACE_CURVE('',#209,(#214,#221),.PCURVE_S1.);
#209 = ELLIPSE('',#210,15.,15.);
#210 = AXIS2_PLACEMENT_3D('',#211,#212,#213);
#211 = CARTESIAN_POINT('',(0.,0.,0.));
#212 = DIRECTION('',(-1.,0.,0.));
#213 = DIRECTION('',(0.,0.,1.));
#214 = PCURVE('',#88,#215);
#215 = DEFINITIONAL_REPRESENTATION('',(#216),#220);
#216 = LINE('',#217,#218);
#217 = CARTESIAN_POINT('',(0.,0.));
#218 = VECTOR('',#219,1.);
#219 = DIRECTION('',(1.,0.));
#220 = ( GEOMETRIC_REPRESENTATION_CONTEXT(2) 
PARAMETRIC_REPRESENTATION_CONTEXT() REPRESENTATION_CONTEXT('2D SPACE',''
  ) );
#221 = PCURVE('',#61,#222);
#222 = DEFINITIONAL_REPRESENTATION('',(#223),#227);
#223 = CIRCLE('',#224,15.);
#224 = AXIS2_PLACEMENT_2D('',#225,#226);
#225 = CARTESIAN_POINT('',(0.,0.));
#226 = DIRECTION('',(1.,0.));
#227 = ( GEOMETRIC_REPRESENTATION_CONTEXT(2) 
PARAMETRIC_REPRESENTATION_CONTEXT() REPRESENTATION_CONTEXT('2D SPACE',''
  ) );
#228 = ORIENTED_EDGE('',*,*,#229,.T.);
#229 = EDGE_CURVE('',#206,#230,#232,.T.);
#230 = VERTEX_POINT('',#231);
#231 = CARTESIAN_POINT('',(180.,1.347111479062E-14,-130.));
#232 = SURFACE_CURVE('',#233,(#236,#243),.PCURVE_S1.);
#233 = B_SPLINE_CURVE_WITH_KNOTS('',1,(#234,#235),.UNSPECIFIED.,.F.,.F.,
  (2,2),(0.,1.),.PIECEWISE_BEZIER_KNOTS.);
#234 = CARTESIAN_POINT('',(0.,1.7763568394E-15,-15.));
#235 = CARTESIAN_POINT('',(180.,0.,-130.));
#236 = PCURVE('',#88,#237);
#237 = DEFINITIONAL_REPRESENTATION('',(#238),#242);
#238 = LINE('',#239,#240);
#239 = CARTESIAN_POINT('',(3.14159265359,0.));
#240 = VECTOR('',#241,1.);
#241 = DIRECTION('',(0.,1.));
#242 = ( GEOMETRIC_REPRESENTATION_CONTEXT(2) 
PARAMETRIC_REPRESENTATION_CONTEXT() REPRESENTATION_CONTEXT('2D SPACE',''
  ) );
#243 = PCURVE('',#244,#265);
#244 = B_SPLINE_SURFACE_WITH_KNOTS('',9,1,(
    (#245,#246)
    ,(#247,#248)
    ,(#249,#250)
    ,(#251,#252)
    ,(#253,#254)
    ,(#255,#256)
    ,(#257,#258)
    ,(#259,#260)
    ,(#261,#262)
    ,(#263,#264
    )),.UNSPECIFIED.,.F.,.F.,.F.,(10,10),(2,2),(3.14159265359,
    4.712388980385),(0.,1.),.PIECEWISE_BEZIER_KNOTS.);
#245 = CARTESIAN_POINT('',(0.,3.552713678801E-15,-15.));
#246 = CARTESIAN_POINT('',(180.,-1.42108547152E-14,-130.));
#247 = CARTESIAN_POINT('',(0.,-2.617993877991,-15.));
#248 = CARTESIAN_POINT('',(179.99999999999,-19.19862177193,
    -129.9999999999));
#249 = CARTESIAN_POINT('',(0.,-5.235988477047,-14.48595746212));
#250 = CARTESIAN_POINT('',(180.00000000001,-38.397243819,-125.5449705957
    ));
#251 = CARTESIAN_POINT('',(0.,-7.738628060872,-13.4578767139));
#252 = CARTESIAN_POINT('',(179.99999999997,-56.74995844767,
    -116.6349086705));
#253 = CARTESIAN_POINT('',(0.,-10.0105778604,-11.94594340397));
#254 = CARTESIAN_POINT('',(180.00000000003,-73.41086993693,
    -103.5315501233));
#255 = CARTESIAN_POINT('',(0.,-11.94594340397,-10.0105778604));
#256 = CARTESIAN_POINT('',(179.99999999997,-87.60361933514,
    -86.75830083452));
#257 = CARTESIAN_POINT('',(0.,-13.4578767139,-7.738628060871));
#258 = CARTESIAN_POINT('',(180.00000000001,-98.69107656737,
    -67.06813271091));
#259 = CARTESIAN_POINT('',(0.,-14.48595746211,-5.235988477047));
#260 = CARTESIAN_POINT('',(179.99999999999,-106.2303597348,
    -45.37856087699));
#261 = CARTESIAN_POINT('',(0.,-15.,-2.617993877991));
#262 = CARTESIAN_POINT('',(180.,-110.,-22.68928027592));
#263 = CARTESIAN_POINT('',(0.,-15.,-4.684061526471E-15));
#264 = CARTESIAN_POINT('',(180.,-110.,-2.875282096673E-14));
#265 = DEFINITIONAL_REPRESENTATION('',(#266),#270);
#266 = LINE('',#267,#268);
#267 = CARTESIAN_POINT('',(3.14159265359,0.));
#268 = VECTOR('',#269,1.);
#269 = DIRECTION('',(0.,1.));
#270 = ( GEOMETRIC_REPRESENTATION_CONTEXT(2) 
PARAMETRIC_REPRESENTATION_CONTEXT() REPRESENTATION_CONTEXT('2D SPACE',''
  ) );
#271 = ORIENTED_EDGE('',*,*,#272,.F.);
#272 = EDGE_CURVE('',#74,#230,#273,.T.);
#273 = SURFACE_CURVE('',#274,(#279,#286),.PCURVE_S1.);
#274 = ELLIPSE('',#275,130.,110.);
#275 = AXIS2_PLACEMENT_3D('',#276,#277,#278);
#276 = CARTESIAN_POINT('',(180.,0.,0.));
#277 = DIRECTION('',(-1.,0.,0.));
#278 = DIRECTION('',(0.,0.,1.));
#279 = PCURVE('',#88,#280);
#280 = DEFINITIONAL_REPRESENTATION('',(#281),#285);
#281 = LINE('',#282,#283);
#282 = CARTESIAN_POINT('',(0.,1.));
#283 = VECTOR('',#284,1.);
#284 = DIRECTION('',(1.,0.));
#285 = ( GEOMETRIC_REPRESENTATION_CONTEXT(2) 
PARAMETRIC_REPRESENTATION_CONTEXT() REPRESENTATION_CONTEXT('2D SPACE',''
  ) );
#286 = PCURVE('',#287,#308);
#287 = B_SPLINE_SURFACE_WITH_KNOTS('',9,1,(
    (#288,#289)
    ,(#290,#291)
    ,(#292,#293)
    ,(#294,#295)
    ,(#296,#297)
    ,(#298,#299)
    ,(#300,#301)
    ,(#302,#303)
    ,(#304,#305)
    ,(#306,#307
    )),.UNSPECIFIED.,.F.,.F.,.F.,(10,10),(2,2),(1.570796326795,
    3.14159265359),(0.,1.),.PIECEWISE_BEZIER_KNOTS.);
#288 = CARTESIAN_POINT('',(180.,110.,0.));
#289 = CARTESIAN_POINT('',(450.,235.,-5.));
#290 = CARTESIAN_POINT('',(179.99999999999,109.99999999999,
    -22.68928027592));
#291 = CARTESIAN_POINT('',(449.99999999999,234.99999999999,
    -52.12388980384));
#292 = CARTESIAN_POINT('',(180.,106.23035973489,-45.37856087699));
#293 = CARTESIAN_POINT('',(450.,226.94667761545,-99.24778028299));
#294 = CARTESIAN_POINT('',(179.99999999999,98.691076567364,
    -67.0681327109));
#295 = CARTESIAN_POINT('',(449.99999999999,210.84002721209,
    -144.2953525534));
#296 = CARTESIAN_POINT('',(180.,87.603619335159,-86.75830083454));
#297 = CARTESIAN_POINT('',(449.99999999999,187.15318676148,
    -185.1903171179));
#298 = CARTESIAN_POINT('',(179.99999999999,73.410869936924,
    -103.5315501233));
#299 = CARTESIAN_POINT('',(450.,156.83231304705,-220.0270656408));
#300 = CARTESIAN_POINT('',(180.,56.749958447687,-116.6349086705));
#301 = CARTESIAN_POINT('',(449.99999999999,121.23854759279,
    -247.2417333926));
#302 = CARTESIAN_POINT('',(179.99999999999,38.397243818997,
    -125.5449705957));
#303 = CARTESIAN_POINT('',(450.,82.030475431492,-265.747246622));
#304 = CARTESIAN_POINT('',(180.,19.198621771937,-130.));
#305 = CARTESIAN_POINT('',(449.99999999999,41.015237421867,
    -274.9999999999));
#306 = CARTESIAN_POINT('',(180.,0.,-130.));
#307 = CARTESIAN_POINT('',(450.,0.,-275.));
#308 = DEFINITIONAL_REPRESENTATION('',(#309),#313);
#309 = LINE('',#310,#311);
#310 = CARTESIAN_POINT('',(0.,0.));
#311 = VECTOR('',#312,1.);
#312 = DIRECTION('',(1.,0.));
#313 = ( GEOMETRIC_REPRESENTATION_CONTEXT(2) 
PARAMETRIC_REPRESENTATION_CONTEXT() REPRESENTATION_CONTEXT('2D SPACE',''
  ) );
#314 = ORIENTED_EDGE('',*,*,#73,.F.);
#315 = ADVANCED_FACE('',(#316),#244,.F.);
#316 = FACE_BOUND('',#317,.F.);
#317 = EDGE_LOOP('',(#318,#342,#364,#407));
#318 = ORIENTED_EDGE('',*,*,#319,.T.);
#319 = EDGE_CURVE('',#206,#320,#322,.T.);
#320 = VERTEX_POINT('',#321);
#321 = CARTESIAN_POINT('',(0.,-15.,-2.755455298082E-15));
#322 = SURFACE_CURVE('',#323,(#328,#335),.PCURVE_S1.);
#323 = ELLIPSE('',#324,15.,15.);
#324 = AXIS2_PLACEMENT_3D('',#325,#326,#327);
#325 = CARTESIAN_POINT('',(0.,0.,0.));
#326 = DIRECTION('',(-1.,0.,0.));
#327 = DIRECTION('',(0.,0.,1.));
#328 = PCURVE('',#244,#329);
#329 = DEFINITIONAL_REPRESENTATION('',(#330),#334);
#330 = LINE('',#331,#332);
#331 = CARTESIAN_POINT('',(0.,0.));
#332 = VECTOR('',#333,1.);
#333 = DIRECTION('',(1.,0.));
#334 = ( GEOMETRIC_REPRESENTATION_CONTEXT(2) 
PARAMETRIC_REPRESENTATION_CONTEXT() REPRESENTATION_CONTEXT('2D SPACE',''
  ) );
#335 = PCURVE('',#61,#336);
#336 = DEFINITIONAL_REPRESENTATION('',(#337),#341);
#337 = CIRCLE('',#338,15.);
#338 = AXIS2_PLACEMENT_2D('',#339,#340);
#339 = CARTESIAN_POINT('',(0.,0.));
#340 = DIRECTION('',(1.,0.));
#341 = ( GEOMETRIC_REPRESENTATION_CONTEXT(2) 
PARAMETRIC_REPRESENTATION_CONTEXT() REPRESENTATION_CONTEXT('2D SPACE',''
  ) );
#342 = ORIENTED_EDGE('',*,*,#343,.T.);
#343 = EDGE_CURVE('',#320,#344,#346,.T.);
#344 = VERTEX_POINT('',#345);
#345 = CARTESIAN_POINT('',(180.,-110.,-2.388061258337E-14));
#346 = SURFACE_CURVE('',#347,(#350,#357),.PCURVE_S1.);
#347 = B_SPLINE_CURVE_WITH_KNOTS('',1,(#348,#349),.UNSPECIFIED.,.F.,.F.,
  (2,2),(0.,1.),.PIECEWISE_BEZIER_KNOTS.);
#348 = CARTESIAN_POINT('',(0.,-15.,-4.684061526471E-15));
#349 = CARTESIAN_POINT('',(180.,-110.,-2.875282096673E-14));
#350 = PCURVE('',#244,#351);
#351 = DEFINITIONAL_REPRESENTATION('',(#352),#356);
#352 = LINE('',#353,#354);
#353 = CARTESIAN_POINT('',(4.712388980385,0.));
#354 = VECTOR('',#355,1.);
#355 = DIRECTION('',(0.,1.));
#356 = ( GEOMETRIC_REPRESENTATION_CONTEXT(2) 
PARAMETRIC_REPRESENTATION_CONTEXT() REPRESENTATION_CONTEXT('2D SPACE',''
  ) );
#357 = PCURVE('',#174,#358);
#358 = DEFINITIONAL_REPRESENTATION('',(#359),#363);
#359 = LINE('',#360,#361);
#360 = CARTESIAN_POINT('',(4.712388980385,0.));
#361 = VECTOR('',#362,1.);
#362 = DIRECTION('',(0.,1.));
#363 = ( GEOMETRIC_REPRESENTATION_CONTEXT(2) 
PARAMETRIC_REPRESENTATION_CONTEXT() REPRESENTATION_CONTEXT('2D SPACE',''
  ) );
#364 = ORIENTED_EDGE('',*,*,#365,.F.);
#365 = EDGE_CURVE('',#230,#344,#366,.T.);
#366 = SURFACE_CURVE('',#367,(#372,#379),.PCURVE_S1.);
#367 = ELLIPSE('',#368,130.,110.);
#368 = AXIS2_PLACEMENT_3D('',#369,#370,#371);
#369 = CARTESIAN_POINT('',(180.,0.,0.));
#370 = DIRECTION('',(-1.,0.,0.));
#371 = DIRECTION('',(0.,0.,1.));
#372 = PCURVE('',#244,#373);
#373 = DEFINITIONAL_REPRESENTATION('',(#374),#378);
#374 = LINE('',#375,#376);
#375 = CARTESIAN_POINT('',(0.,1.));
#376 = VECTOR('',#377,1.);
#377 = DIRECTION('',(1.,0.));
#378 = ( GEOMETRIC_REPRESENTATION_CONTEXT(2) 
PARAMETRIC_REPRESENTATION_CONTEXT() REPRESENTATION_CONTEXT('2D SPACE',''
  ) );
#379 = PCURVE('',#380,#401);
#380 = B_SPLINE_SURFACE_WITH_KNOTS('',9,1,(
    (#381,#382)
    ,(#383,#384)
    ,(#385,#386)
    ,(#387,#388)
    ,(#389,#390)
    ,(#391,#392)
    ,(#393,#394)
    ,(#395,#396)
    ,(#397,#398)
    ,(#399,#400
    )),.UNSPECIFIED.,.F.,.F.,.F.,(10,10),(2,2),(3.14159265359,
    4.712388980385),(0.,1.),.PIECEWISE_BEZIER_KNOTS.);
#381 = CARTESIAN_POINT('',(180.,-1.42108547152E-14,-130.));
#382 = CARTESIAN_POINT('',(450.,2.84217094304E-14,-275.));
#383 = CARTESIAN_POINT('',(179.99999999999,-19.19862177193,
    -129.9999999999));
#384 = CARTESIAN_POINT('',(449.99999999999,-41.01523742186,
    -274.9999999999));
#385 = CARTESIAN_POINT('',(180.00000000001,-38.397243819,-125.5449705957
    ));
#386 = CARTESIAN_POINT('',(450.00000000003,-82.03047543149,
    -265.747246622));
#387 = CARTESIAN_POINT('',(179.99999999997,-56.74995844767,
    -116.6349086705));
#388 = CARTESIAN_POINT('',(449.99999999993,-121.2385475927,
    -247.2417333925));
#389 = CARTESIAN_POINT('',(180.00000000003,-73.41086993693,
    -103.5315501233));
#390 = CARTESIAN_POINT('',(450.00000000009,-156.832313047,
    -220.0270656408));
#391 = CARTESIAN_POINT('',(179.99999999997,-87.60361933514,
    -86.75830083452));
#392 = CARTESIAN_POINT('',(449.99999999991,-187.1531867614,
    -185.1903171178));
#393 = CARTESIAN_POINT('',(180.00000000001,-98.69107656737,
    -67.06813271091));
#394 = CARTESIAN_POINT('',(450.00000000005,-210.8400272121,
    -144.2953525534));
#395 = CARTESIAN_POINT('',(179.99999999999,-106.2303597348,
    -45.37856087699));
#396 = CARTESIAN_POINT('',(449.99999999997,-226.9466776154,
    -99.24778028298));
#397 = CARTESIAN_POINT('',(180.,-110.,-22.68928027592));
#398 = CARTESIAN_POINT('',(450.,-235.,-52.12388980385));
#399 = CARTESIAN_POINT('',(180.,-110.,-2.875282096673E-14));
#400 = CARTESIAN_POINT('',(450.,-235.,-5.));
#401 = DEFINITIONAL_REPRESENTATION('',(#402),#406);
#402 = LINE('',#403,#404);
#403 = CARTESIAN_POINT('',(0.,0.));
#404 = VECTOR('',#405,1.);
#405 = DIRECTION('',(1.,0.));
#406 = ( GEOMETRIC_REPRESENTATION_CONTEXT(2) 
PARAMETRIC_REPRESENTATION_CONTEXT() REPRESENTATION_CONTEXT('2D SPACE',''
  ) );
#407 = ORIENTED_EDGE('',*,*,#229,.F.);
#408 = ADVANCED_FACE('',(#409),#174,.F.);
#409 = FACE_BOUND('',#410,.F.);
#410 = EDGE_LOOP('',(#411,#433,#434,#477));
#411 = ORIENTED_EDGE('',*,*,#412,.T.);
#412 = EDGE_CURVE('',#320,#22,#413,.T.);
#413 = SURFACE_CURVE('',#414,(#419,#426),.PCURVE_S1.);
#414 = ELLIPSE('',#415,15.,15.);
#415 = AXIS2_PLACEMENT_3D('',#416,#417,#418);
#416 = CARTESIAN_POINT('',(0.,0.,0.));
#417 = DIRECTION('',(-1.,0.,0.));
#418 = DIRECTION('',(0.,0.,1.));
#419 = PCURVE('',#174,#420);
#420 = DEFINITIONAL_REPRESENTATION('',(#421),#425);
#421 = LINE('',#422,#423);
#422 = CARTESIAN_POINT('',(0.,0.));
#423 = VECTOR('',#424,1.);
#424 = DIRECTION('',(1.,0.));
#425 = ( GEOMETRIC_REPRESENTATION_CONTEXT(2) 
PARAMETRIC_REPRESENTATION_CONTEXT() REPRESENTATION_CONTEXT('2D SPACE',''
  ) );
#426 = PCURVE('',#61,#427);
#427 = DEFINITIONAL_REPRESENTATION('',(#428),#432);
#428 = CIRCLE('',#429,15.);
#429 = AXIS2_PLACEMENT_2D('',#430,#431);
#430 = CARTESIAN_POINT('',(0.,0.));
#431 = DIRECTION('',(1.,0.));
#432 = ( GEOMETRIC_REPRESENTATION_CONTEXT(2) 
PARAMETRIC_REPRESENTATION_CONTEXT() REPRESENTATION_CONTEXT('2D SPACE',''
  ) );
#433 = ORIENTED_EDGE('',*,*,#161,.T.);
#434 = ORIENTED_EDGE('',*,*,#435,.F.);
#435 = EDGE_CURVE('',#344,#117,#436,.T.);
#436 = SURFACE_CURVE('',#437,(#442,#449),.PCURVE_S1.);
#437 = ELLIPSE('',#438,130.,110.);
#438 = AXIS2_PLACEMENT_3D('',#439,#440,#441);
#439 = CARTESIAN_POINT('',(180.,0.,0.));
#440 = DIRECTION('',(-1.,0.,0.));
#441 = DIRECTION('',(0.,0.,1.));
#442 = PCURVE('',#174,#443);
#443 = DEFINITIONAL_REPRESENTATION('',(#444),#448);
#444 = LINE('',#445,#446);
#445 = CARTESIAN_POINT('',(0.,1.));
#446 = VECTOR('',#447,1.);
#447 = DIRECTION('',(1.,0.));
#448 = ( GEOMETRIC_REPRESENTATION_CONTEXT(2) 
PARAMETRIC_REPRESENTATION_CONTEXT() REPRESENTATION_CONTEXT('2D SPACE',''
  ) );
#449 = PCURVE('',#450,#471);
#450 = B_SPLINE_SURFACE_WITH_KNOTS('',9,1,(
    (#451,#452)
    ,(#453,#454)
    ,(#455,#456)
    ,(#457,#458)
    ,(#459,#460)
    ,(#461,#462)
    ,(#463,#464)
    ,(#465,#466)
    ,(#467,#468)
    ,(#469,#470
    )),.UNSPECIFIED.,.F.,.F.,.F.,(10,10),(2,2),(4.712388980385,
    6.28318530718),(0.,1.),.PIECEWISE_BEZIER_KNOTS.);
#451 = CARTESIAN_POINT('',(180.,-110.,-5.506706202141E-14));
#452 = CARTESIAN_POINT('',(450.,-235.,-5.));
#453 = CARTESIAN_POINT('',(179.99999999999,-109.9999999999,
    22.689280275925));
#454 = CARTESIAN_POINT('',(449.99999999999,-234.9999999999,
    42.123889803843));
#455 = CARTESIAN_POINT('',(180.00000000001,-106.2303597348,
    45.378560877001));
#456 = CARTESIAN_POINT('',(450.00000000002,-226.9466776154,
    89.247780283004));
#457 = CARTESIAN_POINT('',(179.99999999997,-98.69107656735,
    67.068132710895));
#458 = CARTESIAN_POINT('',(449.99999999995,-210.840027212,
    134.29535255339));
#459 = CARTESIAN_POINT('',(180.00000000003,-87.60361933517,
    86.758300834556));
#460 = CARTESIAN_POINT('',(450.00000000006,-187.1531867615,
    175.19031711793));
#461 = CARTESIAN_POINT('',(179.99999999997,-73.41086993691,
    103.53155012335));
#462 = CARTESIAN_POINT('',(449.99999999993,-156.832313047,
    210.02706564081));
#463 = CARTESIAN_POINT('',(180.00000000002,-56.74995844769,
    116.63490867053));
#464 = CARTESIAN_POINT('',(450.00000000004,-121.2385475928,
    237.24173339264));
#465 = CARTESIAN_POINT('',(179.99999999999,-38.39724381899,
    125.54497059577));
#466 = CARTESIAN_POINT('',(449.99999999997,-82.03047543148,
    255.74724662198));
#467 = CARTESIAN_POINT('',(180.,-19.19862177193,130.));
#468 = CARTESIAN_POINT('',(450.,-41.01523742186,265.));
#469 = CARTESIAN_POINT('',(180.,-2.84217094304E-14,130.));
#470 = CARTESIAN_POINT('',(450.,-1.136868377216E-13,265.));
#471 = DEFINITIONAL_REPRESENTATION('',(#472),#476);
#472 = LINE('',#473,#474);
#473 = CARTESIAN_POINT('',(0.,0.));
#474 = VECTOR('',#475,1.);
#475 = DIRECTION('',(1.,0.));
#476 = ( GEOMETRIC_REPRESENTATION_CONTEXT(2) 
PARAMETRIC_REPRESENTATION_CONTEXT() REPRESENTATION_CONTEXT('2D SPACE',''
  ) );
#477 = ORIENTED_EDGE('',*,*,#343,.F.);
#478 = ADVANCED_FACE('',(#479),#133,.F.);
#479 = FACE_BOUND('',#480,.F.);
#480 = EDGE_LOOP('',(#481,#482,#504,#549));
#481 = ORIENTED_EDGE('',*,*,#116,.T.);
#482 = ORIENTED_EDGE('',*,*,#483,.T.);
#483 = EDGE_CURVE('',#74,#484,#486,.T.);
#484 = VERTEX_POINT('',#485);
#485 = CARTESIAN_POINT('',(450.,235.,-5.));
#486 = SURFACE_CURVE('',#487,(#490,#497),.PCURVE_S1.);
#487 = B_SPLINE_CURVE_WITH_KNOTS('',1,(#488,#489),.UNSPECIFIED.,.F.,.F.,
  (2,2),(0.,1.),.PIECEWISE_BEZIER_KNOTS.);
#488 = CARTESIAN_POINT('',(180.,110.,1.42108547152E-14));
#489 = CARTESIAN_POINT('',(450.,235.,-5.));
#490 = PCURVE('',#133,#491);
#491 = DEFINITIONAL_REPRESENTATION('',(#492),#496);
#492 = LINE('',#493,#494);
#493 = CARTESIAN_POINT('',(1.570796326795,0.));
#494 = VECTOR('',#495,1.);
#495 = DIRECTION('',(0.,1.));
#496 = ( GEOMETRIC_REPRESENTATION_CONTEXT(2) 
PARAMETRIC_REPRESENTATION_CONTEXT() REPRESENTATION_CONTEXT('2D SPACE',''
  ) );
#497 = PCURVE('',#287,#498);
#498 = DEFINITIONAL_REPRESENTATION('',(#499),#503);
#499 = LINE('',#500,#501);
#500 = CARTESIAN_POINT('',(1.570796326795,0.));
#501 = VECTOR('',#502,1.);
#502 = DIRECTION('',(0.,1.));
#503 = ( GEOMETRIC_REPRESENTATION_CONTEXT(2) 
PARAMETRIC_REPRESENTATION_CONTEXT() REPRESENTATION_CONTEXT('2D SPACE',''
  ) );
#504 = ORIENTED_EDGE('',*,*,#505,.F.);
#505 = EDGE_CURVE('',#506,#484,#508,.T.);
#506 = VERTEX_POINT('',#507);
#507 = CARTESIAN_POINT('',(450.,-2.877919978149E-14,265.));
#508 = SURFACE_CURVE('',#509,(#514,#521),.PCURVE_S1.);
#509 = ELLIPSE('',#510,270.,235.);
#510 = AXIS2_PLACEMENT_3D('',#511,#512,#513);
#511 = CARTESIAN_POINT('',(450.,0.,-5.));
#512 = DIRECTION('',(-1.,0.,0.));
#513 = DIRECTION('',(0.,0.,1.));
#514 = PCURVE('',#133,#515);
#515 = DEFINITIONAL_REPRESENTATION('',(#516),#520);
#516 = LINE('',#517,#518);
#517 = CARTESIAN_POINT('',(0.,1.));
#518 = VECTOR('',#519,1.);
#519 = DIRECTION('',(1.,0.));
#520 = ( GEOMETRIC_REPRESENTATION_CONTEXT(2) 
PARAMETRIC_REPRESENTATION_CONTEXT() REPRESENTATION_CONTEXT('2D SPACE',''
  ) );
#521 = PCURVE('',#522,#543);
#522 = B_SPLINE_SURFACE_WITH_KNOTS('',9,1,(
    (#523,#524)
    ,(#525,#526)
    ,(#527,#528)
    ,(#529,#530)
    ,(#531,#532)
    ,(#533,#534)
    ,(#535,#536)
    ,(#537,#538)
    ,(#539,#540)
    ,(#541,#542
    )),.UNSPECIFIED.,.F.,.F.,.F.,(10,10),(2,2),(0.,1.570796326795),(0.,
    1.),.PIECEWISE_BEZIER_KNOTS.);
#523 = CARTESIAN_POINT('',(450.,-2.84217094304E-14,265.));
#524 = CARTESIAN_POINT('',(500.,2.84217094304E-14,290.));
#525 = CARTESIAN_POINT('',(449.99999999999,41.015237421866,
    264.99999999999));
#526 = CARTESIAN_POINT('',(499.99999999999,45.378560551851,290.));
#527 = CARTESIAN_POINT('',(450.00000000003,82.030475431496,255.747246622
    ));
#528 = CARTESIAN_POINT('',(500.,90.757121753996,279.71916291333));
#529 = CARTESIAN_POINT('',(449.99999999993,121.23854759278,
    237.2417333926));
#530 = CARTESIAN_POINT('',(499.99999999999,134.1362654218,
    259.15748154735));
#531 = CARTESIAN_POINT('',(450.00000000009,156.83231304706,
    210.02706564086));
#532 = CARTESIAN_POINT('',(500.,173.5166016691,228.91896182316));
#533 = CARTESIAN_POINT('',(449.99999999991,187.15318676147,
    175.19031711788));
#534 = CARTESIAN_POINT('',(499.99999999999,207.06310024672,
    190.21146346433));
#535 = CARTESIAN_POINT('',(450.00000000006,210.8400272121,
    134.29535255342));
#536 = CARTESIAN_POINT('',(499.99999999999,233.26981734105,
    144.77261394824));
#537 = CARTESIAN_POINT('',(449.99999999996,226.94667761544,
    89.247780282986));
#538 = CARTESIAN_POINT('',(500.,251.08994119155,94.71975586999));
#539 = CARTESIAN_POINT('',(450.,235.,42.123889803848));
#540 = CARTESIAN_POINT('',(499.99999999999,260.,42.35987755983));
#541 = CARTESIAN_POINT('',(450.,235.,-5.));
#542 = CARTESIAN_POINT('',(500.,260.,-10.));
#543 = DEFINITIONAL_REPRESENTATION('',(#544),#548);
#544 = LINE('',#545,#546);
#545 = CARTESIAN_POINT('',(0.,0.));
#546 = VECTOR('',#547,1.);
#547 = DIRECTION('',(1.,0.));
#548 = ( GEOMETRIC_REPRESENTATION_CONTEXT(2) 
PARAMETRIC_REPRESENTATION_CONTEXT() REPRESENTATION_CONTEXT('2D SPACE',''
  ) );
#549 = ORIENTED_EDGE('',*,*,#550,.F.);
#550 = EDGE_CURVE('',#117,#506,#551,.T.);
#551 = SURFACE_CURVE('',#552,(#555,#562),.PCURVE_S1.);
#552 = B_SPLINE_CURVE_WITH_KNOTS('',1,(#553,#554),.UNSPECIFIED.,.F.,.F.,
  (2,2),(0.,1.),.PIECEWISE_BEZIER_KNOTS.);
#553 = CARTESIAN_POINT('',(180.,1.42108547152E-14,130.));
#554 = CARTESIAN_POINT('',(450.,-2.84217094304E-14,265.));
#555 = PCURVE('',#133,#556);
#556 = DEFINITIONAL_REPRESENTATION('',(#557),#561);
#557 = LINE('',#558,#559);
#558 = CARTESIAN_POINT('',(0.,0.));
#559 = VECTOR('',#560,1.);
#560 = DIRECTION('',(0.,1.));
#561 = ( GEOMETRIC_REPRESENTATION_CONTEXT(2) 
PARAMETRIC_REPRESENTATION_CONTEXT() REPRESENTATION_CONTEXT('2D SPACE',''
  ) );
#562 = PCURVE('',#450,#563);
#563 = DEFINITIONAL_REPRESENTATION('',(#564),#568);
#564 = LINE('',#565,#566);
#565 = CARTESIAN_POINT('',(6.28318530718,0.));
#566 = VECTOR('',#567,1.);
#567 = DIRECTION('',(0.,1.));
#568 = ( GEOMETRIC_REPRESENTATION_CONTEXT(2) 
PARAMETRIC_REPRESENTATION_CONTEXT() REPRESENTATION_CONTEXT('2D SPACE',''
  ) );
#569 = ADVANCED_FACE('',(#570),#287,.F.);
#570 = FACE_BOUND('',#571,.F.);
#571 = EDGE_LOOP('',(#572,#573,#595,#638));
#572 = ORIENTED_EDGE('',*,*,#272,.T.);
#573 = ORIENTED_EDGE('',*,*,#574,.T.);
#574 = EDGE_CURVE('',#230,#575,#577,.T.);
#575 = VERTEX_POINT('',#576);
#576 = CARTESIAN_POINT('',(450.,2.877919977996E-14,-275.));
#577 = SURFACE_CURVE('',#578,(#581,#588),.PCURVE_S1.);
#578 = B_SPLINE_CURVE_WITH_KNOTS('',1,(#579,#580),.UNSPECIFIED.,.F.,.F.,
  (2,2),(0.,1.),.PIECEWISE_BEZIER_KNOTS.);
#579 = CARTESIAN_POINT('',(180.,0.,-130.));
#580 = CARTESIAN_POINT('',(450.,0.,-275.));
#581 = PCURVE('',#287,#582);
#582 = DEFINITIONAL_REPRESENTATION('',(#583),#587);
#583 = LINE('',#584,#585);
#584 = CARTESIAN_POINT('',(3.14159265359,0.));
#585 = VECTOR('',#586,1.);
#586 = DIRECTION('',(0.,1.));
#587 = ( GEOMETRIC_REPRESENTATION_CONTEXT(2) 
PARAMETRIC_REPRESENTATION_CONTEXT() REPRESENTATION_CONTEXT('2D SPACE',''
  ) );
#588 = PCURVE('',#380,#589);
#589 = DEFINITIONAL_REPRESENTATION('',(#590),#594);
#590 = LINE('',#591,#592);
#591 = CARTESIAN_POINT('',(3.14159265359,0.));
#592 = VECTOR('',#593,1.);
#593 = DIRECTION('',(0.,1.));
#594 = ( GEOMETRIC_REPRESENTATION_CONTEXT(2) 
PARAMETRIC_REPRESENTATION_CONTEXT() REPRESENTATION_CONTEXT('2D SPACE',''
  ) );
#595 = ORIENTED_EDGE('',*,*,#596,.F.);
#596 = EDGE_CURVE('',#484,#575,#597,.T.);
#597 = SURFACE_CURVE('',#598,(#603,#610),.PCURVE_S1.);
#598 = ELLIPSE('',#599,270.,235.);
#599 = AXIS2_PLACEMENT_3D('',#600,#601,#602);
#600 = CARTESIAN_POINT('',(450.,0.,-5.));
#601 = DIRECTION('',(-1.,0.,0.));
#602 = DIRECTION('',(0.,0.,1.));
#603 = PCURVE('',#287,#604);
#604 = DEFINITIONAL_REPRESENTATION('',(#605),#609);
#605 = LINE('',#606,#607);
#606 = CARTESIAN_POINT('',(0.,1.));
#607 = VECTOR('',#608,1.);
#608 = DIRECTION('',(1.,0.));
#609 = ( GEOMETRIC_REPRESENTATION_CONTEXT(2) 
PARAMETRIC_REPRESENTATION_CONTEXT() REPRESENTATION_CONTEXT('2D SPACE',''
  ) );
#610 = PCURVE('',#611,#632);
#611 = B_SPLINE_SURFACE_WITH_KNOTS('',9,1,(
    (#612,#613)
    ,(#614,#615)
    ,(#616,#617)
    ,(#618,#619)
    ,(#620,#621)
    ,(#622,#623)
    ,(#624,#625)
    ,(#626,#627)
    ,(#628,#629)
    ,(#630,#631
    )),.UNSPECIFIED.,.F.,.F.,.F.,(10,10),(2,2),(1.570796326795,
    3.14159265359),(0.,1.),.PIECEWISE_BEZIER_KNOTS.);
#612 = CARTESIAN_POINT('',(450.,235.,-5.));
#613 = CARTESIAN_POINT('',(500.,260.,-10.));
#614 = CARTESIAN_POINT('',(449.99999999999,234.99999999999,
    -52.12388980384));
#615 = CARTESIAN_POINT('',(499.99999999999,259.99999999999,
    -62.35987755982));
#616 = CARTESIAN_POINT('',(450.,226.94667761545,-99.24778028299));
#617 = CARTESIAN_POINT('',(500.,251.08994119156,-114.7197558699));
#618 = CARTESIAN_POINT('',(449.99999999999,210.84002721209,
    -144.2953525534));
#619 = CARTESIAN_POINT('',(499.99999999999,233.26981734104,
    -164.7726139482));
#620 = CARTESIAN_POINT('',(449.99999999999,187.15318676148,
    -185.1903171179));
#621 = CARTESIAN_POINT('',(499.99999999999,207.06310024673,
    -210.2114634643));
#622 = CARTESIAN_POINT('',(450.,156.83231304705,-220.0270656408));
#623 = CARTESIAN_POINT('',(500.00000000001,173.51660166909,
    -248.9189618231));
#624 = CARTESIAN_POINT('',(449.99999999999,121.23854759279,
    -247.2417333926));
#625 = CARTESIAN_POINT('',(499.99999999999,134.1362654218,
    -279.1574815473));
#626 = CARTESIAN_POINT('',(450.,82.030475431492,-265.747246622));
#627 = CARTESIAN_POINT('',(500.,90.757121753994,-299.7191629133));
#628 = CARTESIAN_POINT('',(449.99999999999,41.015237421867,
    -274.9999999999));
#629 = CARTESIAN_POINT('',(499.99999999999,45.378560551852,-310.));
#630 = CARTESIAN_POINT('',(450.,0.,-275.));
#631 = CARTESIAN_POINT('',(500.,2.84217094304E-14,-310.));
#632 = DEFINITIONAL_REPRESENTATION('',(#633),#637);
#633 = LINE('',#634,#635);
#634 = CARTESIAN_POINT('',(0.,0.));
#635 = VECTOR('',#636,1.);
#636 = DIRECTION('',(1.,0.));
#637 = ( GEOMETRIC_REPRESENTATION_CONTEXT(2) 
PARAMETRIC_REPRESENTATION_CONTEXT() REPRESENTATION_CONTEXT('2D SPACE',''
  ) );
#638 = ORIENTED_EDGE('',*,*,#483,.F.);
#639 = ADVANCED_FACE('',(#640),#380,.F.);
#640 = FACE_BOUND('',#641,.F.);
#641 = EDGE_LOOP('',(#642,#643,#665,#708));
#642 = ORIENTED_EDGE('',*,*,#365,.T.);
#643 = ORIENTED_EDGE('',*,*,#644,.T.);
#644 = EDGE_CURVE('',#344,#645,#647,.T.);
#645 = VERTEX_POINT('',#646);
#646 = CARTESIAN_POINT('',(450.,-235.,-5.));
#647 = SURFACE_CURVE('',#648,(#651,#658),.PCURVE_S1.);
#648 = B_SPLINE_CURVE_WITH_KNOTS('',1,(#649,#650),.UNSPECIFIED.,.F.,.F.,
  (2,2),(0.,1.),.PIECEWISE_BEZIER_KNOTS.);
#649 = CARTESIAN_POINT('',(180.,-110.,-2.875282096673E-14));
#650 = CARTESIAN_POINT('',(450.,-235.,-5.));
#651 = PCURVE('',#380,#652);
#652 = DEFINITIONAL_REPRESENTATION('',(#653),#657);
#653 = LINE('',#654,#655);
#654 = CARTESIAN_POINT('',(4.712388980385,0.));
#655 = VECTOR('',#656,1.);
#656 = DIRECTION('',(0.,1.));
#657 = ( GEOMETRIC_REPRESENTATION_CONTEXT(2) 
PARAMETRIC_REPRESENTATION_CONTEXT() REPRESENTATION_CONTEXT('2D SPACE',''
  ) );
#658 = PCURVE('',#450,#659);
#659 = DEFINITIONAL_REPRESENTATION('',(#660),#664);
#660 = LINE('',#661,#662);
#661 = CARTESIAN_POINT('',(4.712388980385,0.));
#662 = VECTOR('',#663,1.);
#663 = DIRECTION('',(0.,1.));
#664 = ( GEOMETRIC_REPRESENTATION_CONTEXT(2) 
PARAMETRIC_REPRESENTATION_CONTEXT() REPRESENTATION_CONTEXT('2D SPACE',''
  ) );
#665 = ORIENTED_EDGE('',*,*,#666,.F.);
#666 = EDGE_CURVE('',#575,#645,#667,.T.);
#667 = SURFACE_CURVE('',#668,(#673,#680),.PCURVE_S1.);
#668 = ELLIPSE('',#669,270.,235.);
#669 = AXIS2_PLACEMENT_3D('',#670,#671,#672);
#670 = CARTESIAN_POINT('',(450.,0.,-5.));
#671 = DIRECTION('',(-1.,0.,0.));
#672 = DIRECTION('',(0.,0.,1.));
#673 = PCURVE('',#380,#674);
#674 = DEFINITIONAL_REPRESENTATION('',(#675),#679);
#675 = LINE('',#676,#677);
#676 = CARTESIAN_POINT('',(0.,1.));
#677 = VECTOR('',#678,1.);
#678 = DIRECTION('',(1.,0.));
#679 = ( GEOMETRIC_REPRESENTATION_CONTEXT(2) 
PARAMETRIC_REPRESENTATION_CONTEXT() REPRESENTATION_CONTEXT('2D SPACE',''
  ) );
#680 = PCURVE('',#681,#702);
#681 = B_SPLINE_SURFACE_WITH_KNOTS('',9,1,(
    (#682,#683)
    ,(#684,#685)
    ,(#686,#687)
    ,(#688,#689)
    ,(#690,#691)
    ,(#692,#693)
    ,(#694,#695)
    ,(#696,#697)
    ,(#698,#699)
    ,(#700,#701
    )),.UNSPECIFIED.,.F.,.F.,.F.,(10,10),(2,2),(3.14159265359,
    4.712388980385),(0.,1.),.PIECEWISE_BEZIER_KNOTS.);
#682 = CARTESIAN_POINT('',(450.,2.84217094304E-14,-275.));
#683 = CARTESIAN_POINT('',(500.,5.684341886081E-14,-310.));
#684 = CARTESIAN_POINT('',(449.99999999999,-41.01523742186,
    -274.9999999999));
#685 = CARTESIAN_POINT('',(499.99999999999,-45.37856055185,
    -309.9999999999));
#686 = CARTESIAN_POINT('',(450.00000000003,-82.03047543149,
    -265.747246622));
#687 = CARTESIAN_POINT('',(500.00000000002,-90.75712175399,
    -299.7191629133));
#688 = CARTESIAN_POINT('',(449.99999999993,-121.2385475927,
    -247.2417333925));
#689 = CARTESIAN_POINT('',(499.99999999995,-134.1362654217,
    -279.1574815473));
#690 = CARTESIAN_POINT('',(450.00000000009,-156.832313047,
    -220.0270656408));
#691 = CARTESIAN_POINT('',(500.00000000006,-173.5166016691,
    -248.9189618231));
#692 = CARTESIAN_POINT('',(449.99999999991,-187.1531867614,
    -185.1903171178));
#693 = CARTESIAN_POINT('',(499.99999999994,-207.0631002467,
    -210.2114634643));
#694 = CARTESIAN_POINT('',(450.00000000005,-210.8400272121,
    -144.2953525534));
#695 = CARTESIAN_POINT('',(500.00000000004,-233.269817341,
    -164.7726139482));
#696 = CARTESIAN_POINT('',(449.99999999997,-226.9466776154,
    -99.24778028298));
#697 = CARTESIAN_POINT('',(499.99999999998,-251.0899411915,
    -114.7197558699));
#698 = CARTESIAN_POINT('',(450.,-235.,-52.12388980385));
#699 = CARTESIAN_POINT('',(500.,-260.,-62.35987755983));
#700 = CARTESIAN_POINT('',(450.,-235.,-5.));
#701 = CARTESIAN_POINT('',(500.,-260.,-10.));
#702 = DEFINITIONAL_REPRESENTATION('',(#703),#707);
#703 = LINE('',#704,#705);
#704 = CARTESIAN_POINT('',(0.,0.));
#705 = VECTOR('',#706,1.);
#706 = DIRECTION('',(1.,0.));
#707 = ( GEOMETRIC_REPRESENTATION_CONTEXT(2) 
PARAMETRIC_REPRESENTATION_CONTEXT() REPRESENTATION_CONTEXT('2D SPACE',''
  ) );
#708 = ORIENTED_EDGE('',*,*,#574,.F.);
#709 = ADVANCED_FACE('',(#710),#450,.F.);
#710 = FACE_BOUND('',#711,.F.);
#711 = EDGE_LOOP('',(#712,#713,#714,#757));
#712 = ORIENTED_EDGE('',*,*,#435,.T.);
#713 = ORIENTED_EDGE('',*,*,#550,.T.);
#714 = ORIENTED_EDGE('',*,*,#715,.F.);
#715 = EDGE_CURVE('',#645,#506,#716,.T.);
#716 = SURFACE_CURVE('',#717,(#722,#729),.PCURVE_S1.);
#717 = ELLIPSE('',#718,270.,235.);
#718 = AXIS2_PLACEMENT_3D('',#719,#720,#721);
#719 = CARTESIAN_POINT('',(450.,0.,-5.));
#720 = DIRECTION('',(-1.,0.,0.));
#721 = DIRECTION('',(0.,0.,1.));
#722 = PCURVE('',#450,#723);
#723 = DEFINITIONAL_REPRESENTATION('',(#724),#728);
#724 = LINE('',#725,#726);
#725 = CARTESIAN_POINT('',(0.,1.));
#726 = VECTOR('',#727,1.);
#727 = DIRECTION('',(1.,0.));
#728 = ( GEOMETRIC_REPRESENTATION_CONTEXT(2) 
PARAMETRIC_REPRESENTATION_CONTEXT() REPRESENTATION_CONTEXT('2D SPACE',''
  ) );
#729 = PCURVE('',#730,#751);
#730 = B_SPLINE_SURFACE_WITH_KNOTS('',9,1,(
    (#731,#732)
    ,(#733,#734)
    ,(#735,#736)
    ,(#737,#738)
    ,(#739,#740)
    ,(#741,#742)
    ,(#743,#744)
    ,(#745,#746)
    ,(#747,#748)
    ,(#749,#750
    )),.UNSPECIFIED.,.F.,.F.,.F.,(10,10),(2,2),(4.712388980385,
    6.28318530718),(0.,1.),.PIECEWISE_BEZIER_KNOTS.);
#731 = CARTESIAN_POINT('',(450.,-235.,-5.));
#732 = CARTESIAN_POINT('',(500.,-260.,-10.));
#733 = CARTESIAN_POINT('',(449.99999999999,-234.9999999999,
    42.123889803843));
#734 = CARTESIAN_POINT('',(499.99999999999,-259.9999999999,
    42.359877559827));
#735 = CARTESIAN_POINT('',(450.00000000002,-226.9466776154,
    89.247780283004));
#736 = CARTESIAN_POINT('',(500.00000000002,-251.0899411915,
    94.719755870002));
#737 = CARTESIAN_POINT('',(449.99999999995,-210.840027212,
    134.29535255339));
#738 = CARTESIAN_POINT('',(499.99999999995,-233.269817341,
    144.77261394822));
#739 = CARTESIAN_POINT('',(450.00000000006,-187.1531867615,
    175.19031711793));
#740 = CARTESIAN_POINT('',(500.00000000006,-207.0631002467,
    190.21146346435));
#741 = CARTESIAN_POINT('',(449.99999999993,-156.832313047,
    210.02706564081));
#742 = CARTESIAN_POINT('',(499.99999999993,-173.516601669,
    228.91896182314));
#743 = CARTESIAN_POINT('',(450.00000000004,-121.2385475928,
    237.24173339264));
#744 = CARTESIAN_POINT('',(500.00000000003,-134.1362654218,
    259.15748154737));
#745 = CARTESIAN_POINT('',(449.99999999997,-82.03047543148,
    255.74724662198));
#746 = CARTESIAN_POINT('',(499.99999999998,-90.75712175398,
    279.71916291333));
#747 = CARTESIAN_POINT('',(450.,-41.01523742186,265.));
#748 = CARTESIAN_POINT('',(500.,-45.37856055185,290.));
#749 = CARTESIAN_POINT('',(450.,-1.136868377216E-13,265.));
#750 = CARTESIAN_POINT('',(500.,-2.84217094304E-14,290.));
#751 = DEFINITIONAL_REPRESENTATION('',(#752),#756);
#752 = LINE('',#753,#754);
#753 = CARTESIAN_POINT('',(0.,0.));
#754 = VECTOR('',#755,1.);
#755 = DIRECTION('',(1.,0.));
#756 = ( GEOMETRIC_REPRESENTATION_CONTEXT(2) 
PARAMETRIC_REPRESENTATION_CONTEXT() REPRESENTATION_CONTEXT('2D SPACE',''
  ) );
#757 = ORIENTED_EDGE('',*,*,#644,.F.);
#758 = ADVANCED_FACE('',(#759),#522,.F.);
#759 = FACE_BOUND('',#760,.F.);
#760 = EDGE_LOOP('',(#761,#762,#784,#829));
#761 = ORIENTED_EDGE('',*,*,#505,.T.);
#762 = ORIENTED_EDGE('',*,*,#763,.T.);
#763 = EDGE_CURVE('',#484,#764,#766,.T.);
#764 = VERTEX_POINT('',#765);
#765 = CARTESIAN_POINT('',(500.,260.,-10.));
#766 = SURFACE_CURVE('',#767,(#770,#777),.PCURVE_S1.);
#767 = B_SPLINE_CURVE_WITH_KNOTS('',1,(#768,#769),.UNSPECIFIED.,.F.,.F.,
  (2,2),(0.,1.),.PIECEWISE_BEZIER_KNOTS.);
#768 = CARTESIAN_POINT('',(450.,235.,-5.));
#769 = CARTESIAN_POINT('',(500.,260.,-10.));
#770 = PCURVE('',#522,#771);
#771 = DEFINITIONAL_REPRESENTATION('',(#772),#776);
#772 = LINE('',#773,#774);
#773 = CARTESIAN_POINT('',(1.570796326795,0.));
#774 = VECTOR('',#775,1.);
#775 = DIRECTION('',(0.,1.));
#776 = ( GEOMETRIC_REPRESENTATION_CONTEXT(2) 
PARAMETRIC_REPRESENTATION_CONTEXT() REPRESENTATION_CONTEXT('2D SPACE',''
  ) );
#777 = PCURVE('',#611,#778);
#778 = DEFINITIONAL_REPRESENTATION('',(#779),#783);
#779 = LINE('',#780,#781);
#780 = CARTESIAN_POINT('',(1.570796326795,0.));
#781 = VECTOR('',#782,1.);
#782 = DIRECTION('',(0.,1.));
#783 = ( GEOMETRIC_REPRESENTATION_CONTEXT(2) 
PARAMETRIC_REPRESENTATION_CONTEXT() REPRESENTATION_CONTEXT('2D SPACE',''
  ) );
#784 = ORIENTED_EDGE('',*,*,#785,.F.);
#785 = EDGE_CURVE('',#786,#764,#788,.T.);
#786 = VERTEX_POINT('',#787);
#787 = CARTESIAN_POINT('',(500.,-3.184081677811E-14,290.));
#788 = SURFACE_CURVE('',#789,(#794,#801),.PCURVE_S1.);
#789 = ELLIPSE('',#790,300.,260.);
#790 = AXIS2_PLACEMENT_3D('',#791,#792,#793);
#791 = CARTESIAN_POINT('',(500.,0.,-10.));
#792 = DIRECTION('',(-1.,0.,0.));
#793 = DIRECTION('',(0.,0.,1.));
#794 = PCURVE('',#522,#795);
#795 = DEFINITIONAL_REPRESENTATION('',(#796),#800);
#796 = LINE('',#797,#798);
#797 = CARTESIAN_POINT('',(0.,1.));
#798 = VECTOR('',#799,1.);
#799 = DIRECTION('',(1.,0.));
#800 = ( GEOMETRIC_REPRESENTATION_CONTEXT(2) 
PARAMETRIC_REPRESENTATION_CONTEXT() REPRESENTATION_CONTEXT('2D SPACE',''
  ) );
#801 = PCURVE('',#802,#823);
#802 = B_SPLINE_SURFACE_WITH_KNOTS('',9,1,(
    (#803,#804)
    ,(#805,#806)
    ,(#807,#808)
    ,(#809,#810)
    ,(#811,#812)
    ,(#813,#814)
    ,(#815,#816)
    ,(#817,#818)
    ,(#819,#820)
    ,(#821,#822
    )),.UNSPECIFIED.,.F.,.F.,.F.,(10,10),(2,2),(0.,1.570796326795),(0.,
    1.),.PIECEWISE_BEZIER_KNOTS.);
#803 = CARTESIAN_POINT('',(500.,2.84217094304E-14,290.));
#804 = CARTESIAN_POINT('',(1.3E+03,2.84217094304E-14,290.));
#805 = CARTESIAN_POINT('',(499.99999999999,45.378560551851,290.));
#806 = CARTESIAN_POINT('',(1.3E+03,45.378560551851,290.));
#807 = CARTESIAN_POINT('',(500.,90.757121753996,279.71916291333));
#808 = CARTESIAN_POINT('',(1.3E+03,90.757121753996,279.71916291333));
#809 = CARTESIAN_POINT('',(499.99999999999,134.1362654218,
    259.15748154735));
#810 = CARTESIAN_POINT('',(1.3E+03,134.1362654218,259.15748154735));
#811 = CARTESIAN_POINT('',(500.,173.5166016691,228.91896182316));
#812 = CARTESIAN_POINT('',(1.3E+03,173.5166016691,228.91896182316));
#813 = CARTESIAN_POINT('',(499.99999999999,207.06310024672,
    190.21146346433));
#814 = CARTESIAN_POINT('',(1.3E+03,207.06310024672,190.21146346433));
#815 = CARTESIAN_POINT('',(499.99999999999,233.26981734105,
    144.77261394824));
#816 = CARTESIAN_POINT('',(1.3E+03,233.26981734105,144.77261394824));
#817 = CARTESIAN_POINT('',(500.,251.08994119155,94.71975586999));
#818 = CARTESIAN_POINT('',(1.3E+03,251.08994119155,94.71975586999));
#819 = CARTESIAN_POINT('',(499.99999999999,260.,42.35987755983));
#820 = CARTESIAN_POINT('',(1.3E+03,260.,42.35987755983));
#821 = CARTESIAN_POINT('',(500.,260.,-10.));
#822 = CARTESIAN_POINT('',(1.3E+03,260.,-10.));
#823 = DEFINITIONAL_REPRESENTATION('',(#824),#828);
#824 = LINE('',#825,#826);
#825 = CARTESIAN_POINT('',(0.,0.));
#826 = VECTOR('',#827,1.);
#827 = DIRECTION('',(1.,0.));
#828 = ( GEOMETRIC_REPRESENTATION_CONTEXT(2) 
PARAMETRIC_REPRESENTATION_CONTEXT() REPRESENTATION_CONTEXT('2D SPACE',''
  ) );
#829 = ORIENTED_EDGE('',*,*,#830,.F.);
#830 = EDGE_CURVE('',#506,#786,#831,.T.);
#831 = SURFACE_CURVE('',#832,(#835,#842),.PCURVE_S1.);
#832 = B_SPLINE_CURVE_WITH_KNOTS('',1,(#833,#834),.UNSPECIFIED.,.F.,.F.,
  (2,2),(0.,1.),.PIECEWISE_BEZIER_KNOTS.);
#833 = CARTESIAN_POINT('',(450.,-2.84217094304E-14,265.));
#834 = CARTESIAN_POINT('',(500.,2.84217094304E-14,290.));
#835 = PCURVE('',#522,#836);
#836 = DEFINITIONAL_REPRESENTATION('',(#837),#841);
#837 = LINE('',#838,#839);
#838 = CARTESIAN_POINT('',(0.,0.));
#839 = VECTOR('',#840,1.);
#840 = DIRECTION('',(0.,1.));
#841 = ( GEOMETRIC_REPRESENTATION_CONTEXT(2) 
PARAMETRIC_REPRESENTATION_CONTEXT() REPRESENTATION_CONTEXT('2D SPACE',''
  ) );
#842 = PCURVE('',#730,#843);
#843 = DEFINITIONAL_REPRESENTATION('',(#844),#848);
#844 = LINE('',#845,#846);
#845 = CARTESIAN_POINT('',(6.28318530718,0.));
#846 = VECTOR('',#847,1.);
#847 = DIRECTION('',(0.,1.));
#848 = ( GEOMETRIC_REPRESENTATION_CONTEXT(2) 
PARAMETRIC_REPRESENTATION_CONTEXT() REPRESENTATION_CONTEXT('2D SPACE',''
  ) );
#849 = ADVANCED_FACE('',(#850),#611,.F.);
#850 = FACE_BOUND('',#851,.F.);
#851 = EDGE_LOOP('',(#852,#853,#875,#918));
#852 = ORIENTED_EDGE('',*,*,#596,.T.);
#853 = ORIENTED_EDGE('',*,*,#854,.T.);
#854 = EDGE_CURVE('',#575,#855,#857,.T.);
#855 = VERTEX_POINT('',#856);
#856 = CARTESIAN_POINT('',(500.,3.184081677783E-14,-310.));
#857 = SURFACE_CURVE('',#858,(#861,#868),.PCURVE_S1.);
#858 = B_SPLINE_CURVE_WITH_KNOTS('',1,(#859,#860),.UNSPECIFIED.,.F.,.F.,
  (2,2),(0.,1.),.PIECEWISE_BEZIER_KNOTS.);
#859 = CARTESIAN_POINT('',(450.,0.,-275.));
#860 = CARTESIAN_POINT('',(500.,2.84217094304E-14,-310.));
#861 = PCURVE('',#611,#862);
#862 = DEFINITIONAL_REPRESENTATION('',(#863),#867);
#863 = LINE('',#864,#865);
#864 = CARTESIAN_POINT('',(3.14159265359,0.));
#865 = VECTOR('',#866,1.);
#866 = DIRECTION('',(0.,1.));
#867 = ( GEOMETRIC_REPRESENTATION_CONTEXT(2) 
PARAMETRIC_REPRESENTATION_CONTEXT() REPRESENTATION_CONTEXT('2D SPACE',''
  ) );
#868 = PCURVE('',#681,#869);
#869 = DEFINITIONAL_REPRESENTATION('',(#870),#874);
#870 = LINE('',#871,#872);
#871 = CARTESIAN_POINT('',(3.14159265359,0.));
#872 = VECTOR('',#873,1.);
#873 = DIRECTION('',(0.,1.));
#874 = ( GEOMETRIC_REPRESENTATION_CONTEXT(2) 
PARAMETRIC_REPRESENTATION_CONTEXT() REPRESENTATION_CONTEXT('2D SPACE',''
  ) );
#875 = ORIENTED_EDGE('',*,*,#876,.F.);
#876 = EDGE_CURVE('',#764,#855,#877,.T.);
#877 = SURFACE_CURVE('',#878,(#883,#890),.PCURVE_S1.);
#878 = ELLIPSE('',#879,300.,260.);
#879 = AXIS2_PLACEMENT_3D('',#880,#881,#882);
#880 = CARTESIAN_POINT('',(500.,0.,-10.));
#881 = DIRECTION('',(-1.,0.,0.));
#882 = DIRECTION('',(0.,0.,1.));
#883 = PCURVE('',#611,#884);
#884 = DEFINITIONAL_REPRESENTATION('',(#885),#889);
#885 = LINE('',#886,#887);
#886 = CARTESIAN_POINT('',(0.,1.));
#887 = VECTOR('',#888,1.);
#888 = DIRECTION('',(1.,0.));
#889 = ( GEOMETRIC_REPRESENTATION_CONTEXT(2) 
PARAMETRIC_REPRESENTATION_CONTEXT() REPRESENTATION_CONTEXT('2D SPACE',''
  ) );
#890 = PCURVE('',#891,#912);
#891 = B_SPLINE_SURFACE_WITH_KNOTS('',9,1,(
    (#892,#893)
    ,(#894,#895)
    ,(#896,#897)
    ,(#898,#899)
    ,(#900,#901)
    ,(#902,#903)
    ,(#904,#905)
    ,(#906,#907)
    ,(#908,#909)
    ,(#910,#911
    )),.UNSPECIFIED.,.F.,.F.,.F.,(10,10),(2,2),(1.570796326795,
    3.14159265359),(0.,1.),.PIECEWISE_BEZIER_KNOTS.);
#892 = CARTESIAN_POINT('',(500.,260.,-10.));
#893 = CARTESIAN_POINT('',(1.3E+03,260.,-10.));
#894 = CARTESIAN_POINT('',(499.99999999999,259.99999999999,
    -62.35987755982));
#895 = CARTESIAN_POINT('',(1.3E+03,259.99999999999,-62.35987755982));
#896 = CARTESIAN_POINT('',(500.,251.08994119156,-114.7197558699));
#897 = CARTESIAN_POINT('',(1.3E+03,251.08994119156,-114.7197558699));
#898 = CARTESIAN_POINT('',(499.99999999999,233.26981734104,
    -164.7726139482));
#899 = CARTESIAN_POINT('',(1.3E+03,233.26981734104,-164.7726139482));
#900 = CARTESIAN_POINT('',(499.99999999999,207.06310024673,
    -210.2114634643));
#901 = CARTESIAN_POINT('',(1.3E+03,207.06310024673,-210.2114634643));
#902 = CARTESIAN_POINT('',(500.00000000001,173.51660166909,
    -248.9189618231));
#903 = CARTESIAN_POINT('',(1.3E+03,173.51660166909,-248.9189618231));
#904 = CARTESIAN_POINT('',(499.99999999999,134.1362654218,
    -279.1574815473));
#905 = CARTESIAN_POINT('',(1.3E+03,134.1362654218,-279.1574815473));
#906 = CARTESIAN_POINT('',(500.,90.757121753994,-299.7191629133));
#907 = CARTESIAN_POINT('',(1.3E+03,90.757121753994,-299.7191629133));
#908 = CARTESIAN_POINT('',(499.99999999999,45.378560551852,-310.));
#909 = CARTESIAN_POINT('',(1.3E+03,45.378560551852,-310.));
#910 = CARTESIAN_POINT('',(500.,2.84217094304E-14,-310.));
#911 = CARTESIAN_POINT('',(1.3E+03,2.84217094304E-14,-310.));
#912 = DEFINITIONAL_REPRESENTATION('',(#913),#917);
#913 = LINE('',#914,#915);
#914 = CARTESIAN_POINT('',(0.,0.));
#915 = VECTOR('',#916,1.);
#916 = DIRECTION('',(1.,0.));
#917 = ( GEOMETRIC_REPRESENTATION_CONTEXT(2) 
PARAMETRIC_REPRESENTATION_CONTEXT() REPRESENTATION_CONTEXT('2D SPACE',''
  ) );
#918 = ORIENTED_EDGE('',*,*,#763,.F.);
#919 = ADVANCED_FACE('',(#920),#681,.F.);
#920 = FACE_BOUND('',#921,.F.);
#921 = EDGE_LOOP('',(#922,#923,#945,#988));
#922 = ORIENTED_EDGE('',*,*,#666,.T.);
#923 = ORIENTED_EDGE('',*,*,#924,.T.);
#924 = EDGE_CURVE('',#645,#925,#927,.T.);
#925 = VERTEX_POINT('',#926);
#926 = CARTESIAN_POINT('',(500.,-260.,-10.));
#927 = SURFACE_CURVE('',#928,(#931,#938),.PCURVE_S1.);
#928 = B_SPLINE_CURVE_WITH_KNOTS('',1,(#929,#930),.UNSPECIFIED.,.F.,.F.,
  (2,2),(0.,1.),.PIECEWISE_BEZIER_KNOTS.);
#929 = CARTESIAN_POINT('',(450.,-235.,-5.));
#930 = CARTESIAN_POINT('',(500.,-260.,-10.));
#931 = PCURVE('',#681,#932);
#932 = DEFINITIONAL_REPRESENTATION('',(#933),#937);
#933 = LINE('',#934,#935);
#934 = CARTESIAN_POINT('',(4.712388980385,0.));
#935 = VECTOR('',#936,1.);
#936 = DIRECTION('',(0.,1.));
#937 = ( GEOMETRIC_REPRESENTATION_CONTEXT(2) 
PARAMETRIC_REPRESENTATION_CONTEXT() REPRESENTATION_CONTEXT('2D SPACE',''
  ) );
#938 = PCURVE('',#730,#939);
#939 = DEFINITIONAL_REPRESENTATION('',(#940),#944);
#940 = LINE('',#941,#942);
#941 = CARTESIAN_POINT('',(4.712388980385,0.));
#942 = VECTOR('',#943,1.);
#943 = DIRECTION('',(0.,1.));
#944 = ( GEOMETRIC_REPRESENTATION_CONTEXT(2) 
PARAMETRIC_REPRESENTATION_CONTEXT() REPRESENTATION_CONTEXT('2D SPACE',''
  ) );
#945 = ORIENTED_EDGE('',*,*,#946,.F.);
#946 = EDGE_CURVE('',#855,#925,#947,.T.);
#947 = SURFACE_CURVE('',#948,(#953,#960),.PCURVE_S1.);
#948 = ELLIPSE('',#949,300.,260.);
#949 = AXIS2_PLACEMENT_3D('',#950,#951,#952);
#950 = CARTESIAN_POINT('',(500.,0.,-10.));
#951 = DIRECTION('',(-1.,0.,0.));
#952 = DIRECTION('',(0.,0.,1.));
#953 = PCURVE('',#681,#954);
#954 = DEFINITIONAL_REPRESENTATION('',(#955),#959);
#955 = LINE('',#956,#957);
#956 = CARTESIAN_POINT('',(0.,1.));
#957 = VECTOR('',#958,1.);
#958 = DIRECTION('',(1.,0.));
#959 = ( GEOMETRIC_REPRESENTATION_CONTEXT(2) 
PARAMETRIC_REPRESENTATION_CONTEXT() REPRESENTATION_CONTEXT('2D SPACE',''
  ) );
#960 = PCURVE('',#961,#982);
#961 = B_SPLINE_SURFACE_WITH_KNOTS('',9,1,(
    (#962,#963)
    ,(#964,#965)
    ,(#966,#967)
    ,(#968,#969)
    ,(#970,#971)
    ,(#972,#973)
    ,(#974,#975)
    ,(#976,#977)
    ,(#978,#979)
    ,(#980,#981
    )),.UNSPECIFIED.,.F.,.F.,.F.,(10,10),(2,2),(3.14159265359,
    4.712388980385),(0.,1.),.PIECEWISE_BEZIER_KNOTS.);
#962 = CARTESIAN_POINT('',(500.,5.684341886081E-14,-310.));
#963 = CARTESIAN_POINT('',(1.3E+03,5.684341886081E-14,-310.));
#964 = CARTESIAN_POINT('',(499.99999999999,-45.37856055185,
    -309.9999999999));
#965 = CARTESIAN_POINT('',(1.3E+03,-45.37856055185,-309.9999999999));
#966 = CARTESIAN_POINT('',(500.00000000002,-90.75712175399,
    -299.7191629133));
#967 = CARTESIAN_POINT('',(1.3E+03,-90.75712175399,-299.7191629133));
#968 = CARTESIAN_POINT('',(499.99999999995,-134.1362654217,
    -279.1574815473));
#969 = CARTESIAN_POINT('',(1.3E+03,-134.1362654217,-279.1574815473));
#970 = CARTESIAN_POINT('',(500.00000000006,-173.5166016691,
    -248.9189618231));
#971 = CARTESIAN_POINT('',(1.3E+03,-173.5166016691,-248.9189618231));
#972 = CARTESIAN_POINT('',(499.99999999994,-207.0631002467,
    -210.2114634643));
#973 = CARTESIAN_POINT('',(1.3E+03,-207.0631002467,-210.2114634643));
#974 = CARTESIAN_POINT('',(500.00000000004,-233.269817341,
    -164.7726139482));
#975 = CARTESIAN_POINT('',(1.3E+03,-233.269817341,-164.7726139482));
#976 = CARTESIAN_POINT('',(499.99999999998,-251.0899411915,
    -114.7197558699));
#977 = CARTESIAN_POINT('',(1.3E+03,-251.0899411915,-114.7197558699));
#978 = CARTESIAN_POINT('',(500.,-260.,-62.35987755983));
#979 = CARTESIAN_POINT('',(1.3E+03,-260.,-62.35987755983));
#980 = CARTESIAN_POINT('',(500.,-260.,-10.));
#981 = CARTESIAN_POINT('',(1.3E+03,-260.,-10.));
#982 = DEFINITIONAL_REPRESENTATION('',(#983),#987);
#983 = LINE('',#984,#985);
#984 = CARTESIAN_POINT('',(0.,0.));
#985 = VECTOR('',#986,1.);
#986 = DIRECTION('',(1.,0.));
#987 = ( GEOMETRIC_REPRESENTATION_CONTEXT(2) 
PARAMETRIC_REPRESENTATION_CONTEXT() REPRESENTATION_CONTEXT('2D SPACE',''
  ) );
#988 = ORIENTED_EDGE('',*,*,#854,.F.);
#989 = ADVANCED_FACE('',(#990),#730,.F.);
#990 = FACE_BOUND('',#991,.F.);
#991 = EDGE_LOOP('',(#992,#993,#994,#1037));
#992 = ORIENTED_EDGE('',*,*,#715,.T.);
#993 = ORIENTED_EDGE('',*,*,#830,.T.);
#994 = ORIENTED_EDGE('',*,*,#995,.F.);
#995 = EDGE_CURVE('',#925,#786,#996,.T.);
#996 = SURFACE_CURVE('',#997,(#1002,#1009),.PCURVE_S1.);
#997 = ELLIPSE('',#998,300.,260.);
#998 = AXIS2_PLACEMENT_3D('',#999,#1000,#1001);
#999 = CARTESIAN_POINT('',(500.,0.,-10.));
#1000 = DIRECTION('',(-1.,0.,0.));
#1001 = DIRECTION('',(0.,0.,1.));
#1002 = PCURVE('',#730,#1003);
#1003 = DEFINITIONAL_REPRESENTATION('',(#1004),#1008);
#1004 = LINE('',#1005,#1006);
#1005 = CARTESIAN_POINT('',(0.,1.));
#1006 = VECTOR('',#1007,1.);
#1007 = DIRECTION('',(1.,0.));
#1008 = ( GEOMETRIC_REPRESENTATION_CONTEXT(2) 
PARAMETRIC_REPRESENTATION_CONTEXT() REPRESENTATION_CONTEXT('2D SPACE',''
  ) );
#1009 = PCURVE('',#1010,#1031);
#1010 = B_SPLINE_SURFACE_WITH_KNOTS('',9,1,(
    (#1011,#1012)
    ,(#1013,#1014)
    ,(#1015,#1016)
    ,(#1017,#1018)
    ,(#1019,#1020)
    ,(#1021,#1022)
    ,(#1023,#1024)
    ,(#1025,#1026)
    ,(#1027,#1028)
    ,(#1029,#1030
    )),.UNSPECIFIED.,.F.,.F.,.F.,(10,10),(2,2),(4.712388980385,
    6.28318530718),(0.,1.),.PIECEWISE_BEZIER_KNOTS.);
#1011 = CARTESIAN_POINT('',(500.,-260.,-10.));
#1012 = CARTESIAN_POINT('',(1.3E+03,-260.,-10.));
#1013 = CARTESIAN_POINT('',(499.99999999999,-259.9999999999,
    42.359877559827));
#1014 = CARTESIAN_POINT('',(1.3E+03,-259.9999999999,42.359877559827));
#1015 = CARTESIAN_POINT('',(500.00000000002,-251.0899411915,
    94.719755870002));
#1016 = CARTESIAN_POINT('',(1.3E+03,-251.0899411915,94.719755870002));
#1017 = CARTESIAN_POINT('',(499.99999999995,-233.269817341,
    144.77261394822));
#1018 = CARTESIAN_POINT('',(1.3E+03,-233.269817341,144.77261394822));
#1019 = CARTESIAN_POINT('',(500.00000000006,-207.0631002467,
    190.21146346435));
#1020 = CARTESIAN_POINT('',(1.3E+03,-207.0631002467,190.21146346435));
#1021 = CARTESIAN_POINT('',(499.99999999993,-173.516601669,
    228.91896182314));
#1022 = CARTESIAN_POINT('',(1.3E+03,-173.516601669,228.91896182314));
#1023 = CARTESIAN_POINT('',(500.00000000003,-134.1362654218,
    259.15748154737));
#1024 = CARTESIAN_POINT('',(1.3E+03,-134.1362654218,259.15748154737));
#1025 = CARTESIAN_POINT('',(499.99999999998,-90.75712175398,
    279.71916291333));
#1026 = CARTESIAN_POINT('',(1.3E+03,-90.75712175398,279.71916291333));
#1027 = CARTESIAN_POINT('',(500.,-45.37856055185,290.));
#1028 = CARTESIAN_POINT('',(1.3E+03,-45.37856055185,290.));
#1029 = CARTESIAN_POINT('',(500.,-2.84217094304E-14,290.));
#1030 = CARTESIAN_POINT('',(1.3E+03,-2.84217094304E-14,290.));
#1031 = DEFINITIONAL_REPRESENTATION('',(#1032),#1036);
#1032 = LINE('',#1033,#1034);
#1033 = CARTESIAN_POINT('',(0.,0.));
#1034 = VECTOR('',#1035,1.);
#1035 = DIRECTION('',(1.,0.));
#1036 = ( GEOMETRIC_REPRESENTATION_CONTEXT(2) 
PARAMETRIC_REPRESENTATION_CONTEXT() REPRESENTATION_CONTEXT('2D SPACE',''
  ) );
#1037 = ORIENTED_EDGE('',*,*,#924,.F.);
#1038 = ADVANCED_FACE('',(#1039),#802,.F.);
#1039 = FACE_BOUND('',#1040,.F.);
#1040 = EDGE_LOOP('',(#1041,#1042,#1064,#1109));
#1041 = ORIENTED_EDGE('',*,*,#785,.T.);
#1042 = ORIENTED_EDGE('',*,*,#1043,.T.);
#1043 = EDGE_CURVE('',#764,#1044,#1046,.T.);
#1044 = VERTEX_POINT('',#1045);
#1045 = CARTESIAN_POINT('',(1.3E+03,260.,-10.));
#1046 = SURFACE_CURVE('',#1047,(#1050,#1057),.PCURVE_S1.);
#1047 = B_SPLINE_CURVE_WITH_KNOTS('',1,(#1048,#1049),.UNSPECIFIED.,.F.,
  .F.,(2,2),(0.,1.),.PIECEWISE_BEZIER_KNOTS.);
#1048 = CARTESIAN_POINT('',(500.,260.,-10.));
#1049 = CARTESIAN_POINT('',(1.3E+03,260.,-10.));
#1050 = PCURVE('',#802,#1051);
#1051 = DEFINITIONAL_REPRESENTATION('',(#1052),#1056);
#1052 = LINE('',#1053,#1054);
#1053 = CARTESIAN_POINT('',(1.570796326795,0.));
#1054 = VECTOR('',#1055,1.);
#1055 = DIRECTION('',(0.,1.));
#1056 = ( GEOMETRIC_REPRESENTATION_CONTEXT(2) 
PARAMETRIC_REPRESENTATION_CONTEXT() REPRESENTATION_CONTEXT('2D SPACE',''
  ) );
#1057 = PCURVE('',#891,#1058);
#1058 = DEFINITIONAL_REPRESENTATION('',(#1059),#1063);
#1059 = LINE('',#1060,#1061);
#1060 = CARTESIAN_POINT('',(1.570796326795,0.));
#1061 = VECTOR('',#1062,1.);
#1062 = DIRECTION('',(0.,1.));
#1063 = ( GEOMETRIC_REPRESENTATION_CONTEXT(2) 
PARAMETRIC_REPRESENTATION_CONTEXT() REPRESENTATION_CONTEXT('2D SPACE',''
  ) );
#1064 = ORIENTED_EDGE('',*,*,#1065,.F.);
#1065 = EDGE_CURVE('',#1066,#1044,#1068,.T.);
#1066 = VERTEX_POINT('',#1067);
#1067 = CARTESIAN_POINT('',(1.3E+03,-3.184081677811E-14,290.));
#1068 = SURFACE_CURVE('',#1069,(#1074,#1081),.PCURVE_S1.);
#1069 = ELLIPSE('',#1070,300.,260.);
#1070 = AXIS2_PLACEMENT_3D('',#1071,#1072,#1073);
#1071 = CARTESIAN_POINT('',(1.3E+03,0.,-10.));
#1072 = DIRECTION('',(-1.,0.,0.));
#1073 = DIRECTION('',(0.,0.,1.));
#1074 = PCURVE('',#802,#1075);
#1075 = DEFINITIONAL_REPRESENTATION('',(#1076),#1080);
#1076 = LINE('',#1077,#1078);
#1077 = CARTESIAN_POINT('',(0.,1.));
#1078 = VECTOR('',#1079,1.);
#1079 = DIRECTION('',(1.,0.));
#1080 = ( GEOMETRIC_REPRESENTATION_CONTEXT(2) 
PARAMETRIC_REPRESENTATION_CONTEXT() REPRESENTATION_CONTEXT('2D SPACE',''
  ) );
#1081 = PCURVE('',#1082,#1103);
#1082 = B_SPLINE_SURFACE_WITH_KNOTS('',9,1,(
    (#1083,#1084)
    ,(#1085,#1086)
    ,(#1087,#1088)
    ,(#1089,#1090)
    ,(#1091,#1092)
    ,(#1093,#1094)
    ,(#1095,#1096)
    ,(#1097,#1098)
    ,(#1099,#1100)
    ,(#1101,#1102
    )),.UNSPECIFIED.,.F.,.F.,.F.,(10,10),(2,2),(0.,1.570796326795),(0.,
    1.),.PIECEWISE_BEZIER_KNOTS.);
#1083 = CARTESIAN_POINT('',(1.3E+03,2.84217094304E-14,290.));
#1084 = CARTESIAN_POINT('',(1.55E+03,-2.84217094304E-14,270.));
#1085 = CARTESIAN_POINT('',(1.3E+03,45.378560551851,290.));
#1086 = CARTESIAN_POINT('',(1.55E+03,42.760566673858,269.99999999999));
#1087 = CARTESIAN_POINT('',(1.3E+03,90.757121753996,279.71916291333));
#1088 = CARTESIAN_POINT('',(1.55E+03,85.521133960503,260.40455205245));
#1089 = CARTESIAN_POINT('',(1.3E+03,134.1362654218,259.15748154735));
#1090 = CARTESIAN_POINT('',(1.55E+03,126.39763472437,241.21364944418));
#1091 = CARTESIAN_POINT('',(1.3E+03,173.5166016691,228.91896182316));
#1092 = CARTESIAN_POINT('',(1.55E+03,163.5060284959,212.99103103497));
#1093 = CARTESIAN_POINT('',(1.3E+03,207.06310024672,190.21146346433));
#1094 = CARTESIAN_POINT('',(1.55E+03,195.11715215555,176.86403256668));
#1095 = CARTESIAN_POINT('',(1.3E+03,233.26981734105,144.77261394824));
#1096 = CARTESIAN_POINT('',(1.55E+03,219.81194326369,134.45443968504));
#1097 = CARTESIAN_POINT('',(1.3E+03,251.08994119155,94.71975586999));
#1098 = CARTESIAN_POINT('',(1.55E+03,236.60398304588,87.738438811985));
#1099 = CARTESIAN_POINT('',(1.3E+03,260.,42.35987755983));
#1100 = CARTESIAN_POINT('',(1.55E+03,245.,38.869219055843));
#1101 = CARTESIAN_POINT('',(1.3E+03,260.,-10.));
#1102 = CARTESIAN_POINT('',(1.55E+03,245.,-10.));
#1103 = DEFINITIONAL_REPRESENTATION('',(#1104),#1108);
#1104 = LINE('',#1105,#1106);
#1105 = CARTESIAN_POINT('',(0.,0.));
#1106 = VECTOR('',#1107,1.);
#1107 = DIRECTION('',(1.,0.));
#1108 = ( GEOMETRIC_REPRESENTATION_CONTEXT(2) 
PARAMETRIC_REPRESENTATION_CONTEXT() REPRESENTATION_CONTEXT('2D SPACE',''
  ) );
#1109 = ORIENTED_EDGE('',*,*,#1110,.F.);
#1110 = EDGE_CURVE('',#786,#1066,#1111,.T.);
#1111 = SURFACE_CURVE('',#1112,(#1115,#1122),.PCURVE_S1.);
#1112 = B_SPLINE_CURVE_WITH_KNOTS('',1,(#1113,#1114),.UNSPECIFIED.,.F.,
  .F.,(2,2),(0.,1.),.PIECEWISE_BEZIER_KNOTS.);
#1113 = CARTESIAN_POINT('',(500.,2.84217094304E-14,290.));
#1114 = CARTESIAN_POINT('',(1.3E+03,2.84217094304E-14,290.));
#1115 = PCURVE('',#802,#1116);
#1116 = DEFINITIONAL_REPRESENTATION('',(#1117),#1121);
#1117 = LINE('',#1118,#1119);
#1118 = CARTESIAN_POINT('',(0.,0.));
#1119 = VECTOR('',#1120,1.);
#1120 = DIRECTION('',(0.,1.));
#1121 = ( GEOMETRIC_REPRESENTATION_CONTEXT(2) 
PARAMETRIC_REPRESENTATION_CONTEXT() REPRESENTATION_CONTEXT('2D SPACE',''
  ) );
#1122 = PCURVE('',#1010,#1123);
#1123 = DEFINITIONAL_REPRESENTATION('',(#1124),#1128);
#1124 = LINE('',#1125,#1126);
#1125 = CARTESIAN_POINT('',(6.28318530718,0.));
#1126 = VECTOR('',#1127,1.);
#1127 = DIRECTION('',(0.,1.));
#1128 = ( GEOMETRIC_REPRESENTATION_CONTEXT(2) 
PARAMETRIC_REPRESENTATION_CONTEXT() REPRESENTATION_CONTEXT('2D SPACE',''
  ) );
#1129 = ADVANCED_FACE('',(#1130),#891,.F.);
#1130 = FACE_BOUND('',#1131,.F.);
#1131 = EDGE_LOOP('',(#1132,#1133,#1155,#1198));
#1132 = ORIENTED_EDGE('',*,*,#876,.T.);
#1133 = ORIENTED_EDGE('',*,*,#1134,.T.);
#1134 = EDGE_CURVE('',#855,#1135,#1137,.T.);
#1135 = VERTEX_POINT('',#1136);
#1136 = CARTESIAN_POINT('',(1.3E+03,3.184081677783E-14,-310.));
#1137 = SURFACE_CURVE('',#1138,(#1141,#1148),.PCURVE_S1.);
#1138 = B_SPLINE_CURVE_WITH_KNOTS('',1,(#1139,#1140),.UNSPECIFIED.,.F.,
  .F.,(2,2),(0.,1.),.PIECEWISE_BEZIER_KNOTS.);
#1139 = CARTESIAN_POINT('',(500.,2.84217094304E-14,-310.));
#1140 = CARTESIAN_POINT('',(1.3E+03,2.84217094304E-14,-310.));
#1141 = PCURVE('',#891,#1142);
#1142 = DEFINITIONAL_REPRESENTATION('',(#1143),#1147);
#1143 = LINE('',#1144,#1145);
#1144 = CARTESIAN_POINT('',(3.14159265359,0.));
#1145 = VECTOR('',#1146,1.);
#1146 = DIRECTION('',(0.,1.));
#1147 = ( GEOMETRIC_REPRESENTATION_CONTEXT(2) 
PARAMETRIC_REPRESENTATION_CONTEXT() REPRESENTATION_CONTEXT('2D SPACE',''
  ) );
#1148 = PCURVE('',#961,#1149);
#1149 = DEFINITIONAL_REPRESENTATION('',(#1150),#1154);
#1150 = LINE('',#1151,#1152);
#1151 = CARTESIAN_POINT('',(3.14159265359,0.));
#1152 = VECTOR('',#1153,1.);
#1153 = DIRECTION('',(0.,1.));
#1154 = ( GEOMETRIC_REPRESENTATION_CONTEXT(2) 
PARAMETRIC_REPRESENTATION_CONTEXT() REPRESENTATION_CONTEXT('2D SPACE',''
  ) );
#1155 = ORIENTED_EDGE('',*,*,#1156,.F.);
#1156 = EDGE_CURVE('',#1044,#1135,#1157,.T.);
#1157 = SURFACE_CURVE('',#1158,(#1163,#1170),.PCURVE_S1.);
#1158 = ELLIPSE('',#1159,300.,260.);
#1159 = AXIS2_PLACEMENT_3D('',#1160,#1161,#1162);
#1160 = CARTESIAN_POINT('',(1.3E+03,0.,-10.));
#1161 = DIRECTION('',(-1.,0.,0.));
#1162 = DIRECTION('',(0.,0.,1.));
#1163 = PCURVE('',#891,#1164);
#1164 = DEFINITIONAL_REPRESENTATION('',(#1165),#1169);
#1165 = LINE('',#1166,#1167);
#1166 = CARTESIAN_POINT('',(0.,1.));
#1167 = VECTOR('',#1168,1.);
#1168 = DIRECTION('',(1.,0.));
#1169 = ( GEOMETRIC_REPRESENTATION_CONTEXT(2) 
PARAMETRIC_REPRESENTATION_CONTEXT() REPRESENTATION_CONTEXT('2D SPACE',''
  ) );
#1170 = PCURVE('',#1171,#1192);
#1171 = B_SPLINE_SURFACE_WITH_KNOTS('',9,1,(
    (#1172,#1173)
    ,(#1174,#1175)
    ,(#1176,#1177)
    ,(#1178,#1179)
    ,(#1180,#1181)
    ,(#1182,#1183)
    ,(#1184,#1185)
    ,(#1186,#1187)
    ,(#1188,#1189)
    ,(#1190,#1191
    )),.UNSPECIFIED.,.F.,.F.,.F.,(10,10),(2,2),(1.570796326795,
    3.14159265359),(0.,1.),.PIECEWISE_BEZIER_KNOTS.);
#1172 = CARTESIAN_POINT('',(1.3E+03,260.,-10.));
#1173 = CARTESIAN_POINT('',(1.55E+03,245.,-10.));
#1174 = CARTESIAN_POINT('',(1.3E+03,259.99999999999,-62.35987755982));
#1175 = CARTESIAN_POINT('',(1.55E+03,244.99999999999,-58.86921905584));
#1176 = CARTESIAN_POINT('',(1.3E+03,251.08994119156,-114.7197558699));
#1177 = CARTESIAN_POINT('',(1.55E+03,236.6039830459,-107.7384388119));
#1178 = CARTESIAN_POINT('',(1.3E+03,233.26981734104,-164.7726139482));
#1179 = CARTESIAN_POINT('',(1.55E+03,219.81194326366,-154.454439685));
#1180 = CARTESIAN_POINT('',(1.3E+03,207.06310024673,-210.2114634643));
#1181 = CARTESIAN_POINT('',(1.55E+03,195.1171521556,-196.8640325667));
#1182 = CARTESIAN_POINT('',(1.3E+03,173.51660166909,-248.9189618231));
#1183 = CARTESIAN_POINT('',(1.55E+03,163.50602849585,-232.9910310349));
#1184 = CARTESIAN_POINT('',(1.3E+03,134.1362654218,-279.1574815473));
#1185 = CARTESIAN_POINT('',(1.55E+03,126.39763472441,-261.2136494442));
#1186 = CARTESIAN_POINT('',(1.3E+03,90.757121753994,-299.7191629133));
#1187 = CARTESIAN_POINT('',(1.55E+03,85.521133960486,-280.4045520524));
#1188 = CARTESIAN_POINT('',(1.3E+03,45.378560551852,-310.));
#1189 = CARTESIAN_POINT('',(1.55E+03,42.760566673863,-290.));
#1190 = CARTESIAN_POINT('',(1.3E+03,2.84217094304E-14,-310.));
#1191 = CARTESIAN_POINT('',(1.55E+03,0.,-290.));
#1192 = DEFINITIONAL_REPRESENTATION('',(#1193),#1197);
#1193 = LINE('',#1194,#1195);
#1194 = CARTESIAN_POINT('',(0.,0.));
#1195 = VECTOR('',#1196,1.);
#1196 = DIRECTION('',(1.,0.));
#1197 = ( GEOMETRIC_REPRESENTATION_CONTEXT(2) 
PARAMETRIC_REPRESENTATION_CONTEXT() REPRESENTATION_CONTEXT('2D SPACE',''
  ) );
#1198 = ORIENTED_EDGE('',*,*,#1043,.F.);
#1199 = ADVANCED_FACE('',(#1200),#961,.F.);
#1200 = FACE_BOUND('',#1201,.F.);
#1201 = EDGE_LOOP('',(#1202,#1203,#1225,#1268));
#1202 = ORIENTED_EDGE('',*,*,#946,.T.);
#1203 = ORIENTED_EDGE('',*,*,#1204,.T.);
#1204 = EDGE_CURVE('',#925,#1205,#1207,.T.);
#1205 = VERTEX_POINT('',#1206);
#1206 = CARTESIAN_POINT('',(1.3E+03,-260.,-10.));
#1207 = SURFACE_CURVE('',#1208,(#1211,#1218),.PCURVE_S1.);
#1208 = B_SPLINE_CURVE_WITH_KNOTS('',1,(#1209,#1210),.UNSPECIFIED.,.F.,
  .F.,(2,2),(0.,1.),.PIECEWISE_BEZIER_KNOTS.);
#1209 = CARTESIAN_POINT('',(500.,-260.,-10.));
#1210 = CARTESIAN_POINT('',(1.3E+03,-260.,-10.));
#1211 = PCURVE('',#961,#1212);
#1212 = DEFINITIONAL_REPRESENTATION('',(#1213),#1217);
#1213 = LINE('',#1214,#1215);
#1214 = CARTESIAN_POINT('',(4.712388980385,0.));
#1215 = VECTOR('',#1216,1.);
#1216 = DIRECTION('',(0.,1.));
#1217 = ( GEOMETRIC_REPRESENTATION_CONTEXT(2) 
PARAMETRIC_REPRESENTATION_CONTEXT() REPRESENTATION_CONTEXT('2D SPACE',''
  ) );
#1218 = PCURVE('',#1010,#1219);
#1219 = DEFINITIONAL_REPRESENTATION('',(#1220),#1224);
#1220 = LINE('',#1221,#1222);
#1221 = CARTESIAN_POINT('',(4.712388980385,0.));
#1222 = VECTOR('',#1223,1.);
#1223 = DIRECTION('',(0.,1.));
#1224 = ( GEOMETRIC_REPRESENTATION_CONTEXT(2) 
PARAMETRIC_REPRESENTATION_CONTEXT() REPRESENTATION_CONTEXT('2D SPACE',''
  ) );
#1225 = ORIENTED_EDGE('',*,*,#1226,.F.);
#1226 = EDGE_CURVE('',#1135,#1205,#1227,.T.);
#1227 = SURFACE_CURVE('',#1228,(#1233,#1240),.PCURVE_S1.);
#1228 = ELLIPSE('',#1229,300.,260.);
#1229 = AXIS2_PLACEMENT_3D('',#1230,#1231,#1232);
#1230 = CARTESIAN_POINT('',(1.3E+03,0.,-10.));
#1231 = DIRECTION('',(-1.,0.,0.));
#1232 = DIRECTION('',(0.,0.,1.));
#1233 = PCURVE('',#961,#1234);
#1234 = DEFINITIONAL_REPRESENTATION('',(#1235),#1239);
#1235 = LINE('',#1236,#1237);
#1236 = CARTESIAN_POINT('',(0.,1.));
#1237 = VECTOR('',#1238,1.);
#1238 = DIRECTION('',(1.,0.));
#1239 = ( GEOMETRIC_REPRESENTATION_CONTEXT(2) 
PARAMETRIC_REPRESENTATION_CONTEXT() REPRESENTATION_CONTEXT('2D SPACE',''
  ) );
#1240 = PCURVE('',#1241,#1262);
#1241 = B_SPLINE_SURFACE_WITH_KNOTS('',9,1,(
    (#1242,#1243)
    ,(#1244,#1245)
    ,(#1246,#1247)
    ,(#1248,#1249)
    ,(#1250,#1251)
    ,(#1252,#1253)
    ,(#1254,#1255)
    ,(#1256,#1257)
    ,(#1258,#1259)
    ,(#1260,#1261
    )),.UNSPECIFIED.,.F.,.F.,.F.,(10,10),(2,2),(3.14159265359,
    4.712388980385),(0.,1.),.PIECEWISE_BEZIER_KNOTS.);
#1242 = CARTESIAN_POINT('',(1.3E+03,5.684341886081E-14,-310.));
#1243 = CARTESIAN_POINT('',(1.55E+03,0.,-290.));
#1244 = CARTESIAN_POINT('',(1.3E+03,-45.37856055185,-309.9999999999));
#1245 = CARTESIAN_POINT('',(1.55E+03,-42.76056667385,-289.9999999999));
#1246 = CARTESIAN_POINT('',(1.3E+03,-90.75712175399,-299.7191629133));
#1247 = CARTESIAN_POINT('',(1.55E+03,-85.5211339605,-280.4045520524));
#1248 = CARTESIAN_POINT('',(1.3E+03,-134.1362654217,-279.1574815473));
#1249 = CARTESIAN_POINT('',(1.55E+03,-126.3976347243,-261.2136494441));
#1250 = CARTESIAN_POINT('',(1.3E+03,-173.5166016691,-248.9189618231));
#1251 = CARTESIAN_POINT('',(1.55E+03,-163.5060284958,-232.9910310349));
#1252 = CARTESIAN_POINT('',(1.3E+03,-207.0631002467,-210.2114634643));
#1253 = CARTESIAN_POINT('',(1.55E+03,-195.1171521555,-196.8640325666));
#1254 = CARTESIAN_POINT('',(1.3E+03,-233.269817341,-164.7726139482));
#1255 = CARTESIAN_POINT('',(1.55E+03,-219.8119432636,-154.454439685));
#1256 = CARTESIAN_POINT('',(1.3E+03,-251.0899411915,-114.7197558699));
#1257 = CARTESIAN_POINT('',(1.55E+03,-236.6039830458,-107.7384388119));
#1258 = CARTESIAN_POINT('',(1.3E+03,-260.,-62.35987755983));
#1259 = CARTESIAN_POINT('',(1.55E+03,-245.,-58.86921905584));
#1260 = CARTESIAN_POINT('',(1.3E+03,-260.,-10.));
#1261 = CARTESIAN_POINT('',(1.55E+03,-245.,-10.));
#1262 = DEFINITIONAL_REPRESENTATION('',(#1263),#1267);
#1263 = LINE('',#1264,#1265);
#1264 = CARTESIAN_POINT('',(0.,0.));
#1265 = VECTOR('',#1266,1.);
#1266 = DIRECTION('',(1.,0.));
#1267 = ( GEOMETRIC_REPRESENTATION_CONTEXT(2) 
PARAMETRIC_REPRESENTATION_CONTEXT() REPRESENTATION_CONTEXT('2D SPACE',''
  ) );
#1268 = ORIENTED_EDGE('',*,*,#1134,.F.);
#1269 = ADVANCED_FACE('',(#1270),#1010,.F.);
#1270 = FACE_BOUND('',#1271,.F.);
#1271 = EDGE_LOOP('',(#1272,#1273,#1274,#1317));
#1272 = ORIENTED_EDGE('',*,*,#995,.T.);
#1273 = ORIENTED_EDGE('',*,*,#1110,.T.);
#1274 = ORIENTED_EDGE('',*,*,#1275,.F.);
#1275 = EDGE_CURVE('',#1205,#1066,#1276,.T.);
#1276 = SURFACE_CURVE('',#1277,(#1282,#1289),.PCURVE_S1.);
#1277 = ELLIPSE('',#1278,300.,260.);
#1278 = AXIS2_PLACEMENT_3D('',#1279,#1280,#1281);
#1279 = CARTESIAN_POINT('',(1.3E+03,0.,-10.));
#1280 = DIRECTION('',(-1.,0.,0.));
#1281 = DIRECTION('',(0.,0.,1.));
#1282 = PCURVE('',#1010,#1283);
#1283 = DEFINITIONAL_REPRESENTATION('',(#1284),#1288);
#1284 = LINE('',#1285,#1286);
#1285 = CARTESIAN_POINT('',(0.,1.));
#1286 = VECTOR('',#1287,1.);
#1287 = DIRECTION('',(1.,0.));
#1288 = ( GEOMETRIC_REPRESENTATION_CONTEXT(2) 
PARAMETRIC_REPRESENTATION_CONTEXT() REPRESENTATION_CONTEXT('2D SPACE',''
  ) );
#1289 = PCURVE('',#1290,#1311);
#1290 = B_SPLINE_SURFACE_WITH_KNOTS('',9,1,(
    (#1291,#1292)
    ,(#1293,#1294)
    ,(#1295,#1296)
    ,(#1297,#1298)
    ,(#1299,#1300)
    ,(#1301,#1302)
    ,(#1303,#1304)
    ,(#1305,#1306)
    ,(#1307,#1308)
    ,(#1309,#1310
    )),.UNSPECIFIED.,.F.,.F.,.F.,(10,10),(2,2),(4.712388980385,
    6.28318530718),(0.,1.),.PIECEWISE_BEZIER_KNOTS.);
#1291 = CARTESIAN_POINT('',(1.3E+03,-260.,-10.));
#1292 = CARTESIAN_POINT('',(1.55E+03,-245.,-10.));
#1293 = CARTESIAN_POINT('',(1.3E+03,-259.9999999999,42.359877559827));
#1294 = CARTESIAN_POINT('',(1.55E+03,-244.9999999999,38.869219055838));
#1295 = CARTESIAN_POINT('',(1.3E+03,-251.0899411915,94.719755870002));
#1296 = CARTESIAN_POINT('',(1.55E+03,-236.6039830459,87.738438812));
#1297 = CARTESIAN_POINT('',(1.3E+03,-233.269817341,144.77261394822));
#1298 = CARTESIAN_POINT('',(1.55E+03,-219.8119432636,134.454439685));
#1299 = CARTESIAN_POINT('',(1.3E+03,-207.0631002467,190.21146346435));
#1300 = CARTESIAN_POINT('',(1.55E+03,-195.1171521556,176.86403256673));
#1301 = CARTESIAN_POINT('',(1.3E+03,-173.516601669,228.91896182314));
#1302 = CARTESIAN_POINT('',(1.55E+03,-163.5060284958,212.99103103493));
#1303 = CARTESIAN_POINT('',(1.3E+03,-134.1362654218,259.15748154737));
#1304 = CARTESIAN_POINT('',(1.55E+03,-126.3976347244,241.21364944421));
#1305 = CARTESIAN_POINT('',(1.3E+03,-90.75712175398,279.71916291333));
#1306 = CARTESIAN_POINT('',(1.55E+03,-85.52113396048,260.40455205244));
#1307 = CARTESIAN_POINT('',(1.3E+03,-45.37856055185,290.));
#1308 = CARTESIAN_POINT('',(1.55E+03,-42.76056667386,270.));
#1309 = CARTESIAN_POINT('',(1.3E+03,-2.84217094304E-14,290.));
#1310 = CARTESIAN_POINT('',(1.55E+03,-5.684341886081E-14,270.));
#1311 = DEFINITIONAL_REPRESENTATION('',(#1312),#1316);
#1312 = LINE('',#1313,#1314);
#1313 = CARTESIAN_POINT('',(0.,0.));
#1314 = VECTOR('',#1315,1.);
#1315 = DIRECTION('',(1.,0.));
#1316 = ( GEOMETRIC_REPRESENTATION_CONTEXT(2) 
PARAMETRIC_REPRESENTATION_CONTEXT() REPRESENTATION_CONTEXT('2D SPACE',''
  ) );
#1317 = ORIENTED_EDGE('',*,*,#1204,.F.);
#1318 = ADVANCED_FACE('',(#1319),#1082,.F.);
#1319 = FACE_BOUND('',#1320,.F.);
#1320 = EDGE_LOOP('',(#1321,#1322,#1344,#1389));
#1321 = ORIENTED_EDGE('',*,*,#1065,.T.);
#1322 = ORIENTED_EDGE('',*,*,#1323,.T.);
#1323 = EDGE_CURVE('',#1044,#1324,#1326,.T.);
#1324 = VERTEX_POINT('',#1325);
#1325 = CARTESIAN_POINT('',(1.55E+03,245.,-10.));
#1326 = SURFACE_CURVE('',#1327,(#1330,#1337),.PCURVE_S1.);
#1327 = B_SPLINE_CURVE_WITH_KNOTS('',1,(#1328,#1329),.UNSPECIFIED.,.F.,
  .F.,(2,2),(0.,1.),.PIECEWISE_BEZIER_KNOTS.);
#1328 = CARTESIAN_POINT('',(1.3E+03,260.,-10.));
#1329 = CARTESIAN_POINT('',(1.55E+03,245.,-10.));
#1330 = PCURVE('',#1082,#1331);
#1331 = DEFINITIONAL_REPRESENTATION('',(#1332),#1336);
#1332 = LINE('',#1333,#1334);
#1333 = CARTESIAN_POINT('',(1.570796326795,0.));
#1334 = VECTOR('',#1335,1.);
#1335 = DIRECTION('',(0.,1.));
#1336 = ( GEOMETRIC_REPRESENTATION_CONTEXT(2) 
PARAMETRIC_REPRESENTATION_CONTEXT() REPRESENTATION_CONTEXT('2D SPACE',''
  ) );
#1337 = PCURVE('',#1171,#1338);
#1338 = DEFINITIONAL_REPRESENTATION('',(#1339),#1343);
#1339 = LINE('',#1340,#1341);
#1340 = CARTESIAN_POINT('',(1.570796326795,0.));
#1341 = VECTOR('',#1342,1.);
#1342 = DIRECTION('',(0.,1.));
#1343 = ( GEOMETRIC_REPRESENTATION_CONTEXT(2) 
PARAMETRIC_REPRESENTATION_CONTEXT() REPRESENTATION_CONTEXT('2D SPACE',''
  ) );
#1344 = ORIENTED_EDGE('',*,*,#1345,.F.);
#1345 = EDGE_CURVE('',#1346,#1324,#1348,.T.);
#1346 = VERTEX_POINT('',#1347);
#1347 = CARTESIAN_POINT('',(1.55E+03,-3.000384658014E-14,270.));
#1348 = SURFACE_CURVE('',#1349,(#1354,#1361),.PCURVE_S1.);
#1349 = ELLIPSE('',#1350,280.,245.);
#1350 = AXIS2_PLACEMENT_3D('',#1351,#1352,#1353);
#1351 = CARTESIAN_POINT('',(1.55E+03,0.,-10.));
#1352 = DIRECTION('',(-1.,0.,0.));
#1353 = DIRECTION('',(0.,0.,1.));
#1354 = PCURVE('',#1082,#1355);
#1355 = DEFINITIONAL_REPRESENTATION('',(#1356),#1360);
#1356 = LINE('',#1357,#1358);
#1357 = CARTESIAN_POINT('',(0.,1.));
#1358 = VECTOR('',#1359,1.);
#1359 = DIRECTION('',(1.,0.));
#1360 = ( GEOMETRIC_REPRESENTATION_CONTEXT(2) 
PARAMETRIC_REPRESENTATION_CONTEXT() REPRESENTATION_CONTEXT('2D SPACE',''
  ) );
#1361 = PCURVE('',#1362,#1383);
#1362 = B_SPLINE_SURFACE_WITH_KNOTS('',9,1,(
    (#1363,#1364)
    ,(#1365,#1366)
    ,(#1367,#1368)
    ,(#1369,#1370)
    ,(#1371,#1372)
    ,(#1373,#1374)
    ,(#1375,#1376)
    ,(#1377,#1378)
    ,(#1379,#1380)
    ,(#1381,#1382
    )),.UNSPECIFIED.,.F.,.F.,.F.,(10,10),(2,2),(0.,1.570796326795),(0.,
    1.),.PIECEWISE_BEZIER_KNOTS.);
#1363 = CARTESIAN_POINT('',(1.55E+03,-2.84217094304E-14,270.));
#1364 = CARTESIAN_POINT('',(2.E+03,-2.84217094304E-14,210.));
#1365 = CARTESIAN_POINT('',(1.55E+03,42.760566673858,269.99999999999));
#1366 = CARTESIAN_POINT('',(2.E+03,30.543261909899,209.99999999999));
#1367 = CARTESIAN_POINT('',(1.55E+03,85.521133960503,260.40455205245));
#1368 = CARTESIAN_POINT('',(2.E+03,61.086524257501,202.97476132411));
#1369 = CARTESIAN_POINT('',(1.55E+03,126.39763472437,241.21364944418));
#1370 = CARTESIAN_POINT('',(2.E+03,90.284024803127,188.92427905734));
#1371 = CARTESIAN_POINT('',(1.55E+03,163.5060284959,212.99103103497));
#1372 = CARTESIAN_POINT('',(2.E+03,116.79002035421,168.26129057918));
#1373 = CARTESIAN_POINT('',(1.55E+03,195.11715215555,176.86403256668));
#1374 = CARTESIAN_POINT('',(2.E+03,139.36939439683,141.8111667006));
#1375 = CARTESIAN_POINT('',(1.55E+03,219.81194326369,134.45443968504));
#1376 = CARTESIAN_POINT('',(2.E+03,157.00853090263,110.76128619797));
#1377 = CARTESIAN_POINT('',(1.55E+03,236.60398304588,87.738438811985));
#1378 = CARTESIAN_POINT('',(2.E+03,169.00284503277,76.558499844486));
#1379 = CARTESIAN_POINT('',(1.55E+03,245.,38.869219055843));
#1380 = CARTESIAN_POINT('',(2.E+03,175.,40.779249665886));
#1381 = CARTESIAN_POINT('',(1.55E+03,245.,-10.));
#1382 = CARTESIAN_POINT('',(2.E+03,175.,5.));
#1383 = DEFINITIONAL_REPRESENTATION('',(#1384),#1388);
#1384 = LINE('',#1385,#1386);
#1385 = CARTESIAN_POINT('',(0.,0.));
#1386 = VECTOR('',#1387,1.);
#1387 = DIRECTION('',(1.,0.));
#1388 = ( GEOMETRIC_REPRESENTATION_CONTEXT(2) 
PARAMETRIC_REPRESENTATION_CONTEXT() REPRESENTATION_CONTEXT('2D SPACE',''
  ) );
#1389 = ORIENTED_EDGE('',*,*,#1390,.F.);
#1390 = EDGE_CURVE('',#1066,#1346,#1391,.T.);
#1391 = SURFACE_CURVE('',#1392,(#1395,#1402),.PCURVE_S1.);
#1392 = B_SPLINE_CURVE_WITH_KNOTS('',1,(#1393,#1394),.UNSPECIFIED.,.F.,
  .F.,(2,2),(0.,1.),.PIECEWISE_BEZIER_KNOTS.);
#1393 = CARTESIAN_POINT('',(1.3E+03,2.84217094304E-14,290.));
#1394 = CARTESIAN_POINT('',(1.55E+03,-2.84217094304E-14,270.));
#1395 = PCURVE('',#1082,#1396);
#1396 = DEFINITIONAL_REPRESENTATION('',(#1397),#1401);
#1397 = LINE('',#1398,#1399);
#1398 = CARTESIAN_POINT('',(0.,0.));
#1399 = VECTOR('',#1400,1.);
#1400 = DIRECTION('',(0.,1.));
#1401 = ( GEOMETRIC_REPRESENTATION_CONTEXT(2) 
PARAMETRIC_REPRESENTATION_CONTEXT() REPRESENTATION_CONTEXT('2D SPACE',''
  ) );
#1402 = PCURVE('',#1290,#1403);
#1403 = DEFINITIONAL_REPRESENTATION('',(#1404),#1408);
#1404 = LINE('',#1405,#1406);
#1405 = CARTESIAN_POINT('',(6.28318530718,0.));
#1406 = VECTOR('',#1407,1.);
#1407 = DIRECTION('',(0.,1.));
#1408 = ( GEOMETRIC_REPRESENTATION_CONTEXT(2) 
PARAMETRIC_REPRESENTATION_CONTEXT() REPRESENTATION_CONTEXT('2D SPACE',''
  ) );
#1409 = ADVANCED_FACE('',(#1410),#1171,.F.);
#1410 = FACE_BOUND('',#1411,.F.);
#1411 = EDGE_LOOP('',(#1412,#1413,#1435,#1478));
#1412 = ORIENTED_EDGE('',*,*,#1156,.T.);
#1413 = ORIENTED_EDGE('',*,*,#1414,.T.);
#1414 = EDGE_CURVE('',#1135,#1415,#1417,.T.);
#1415 = VERTEX_POINT('',#1416);
#1416 = CARTESIAN_POINT('',(1.55E+03,3.000384657911E-14,-290.));
#1417 = SURFACE_CURVE('',#1418,(#1421,#1428),.PCURVE_S1.);
#1418 = B_SPLINE_CURVE_WITH_KNOTS('',1,(#1419,#1420),.UNSPECIFIED.,.F.,
  .F.,(2,2),(0.,1.),.PIECEWISE_BEZIER_KNOTS.);
#1419 = CARTESIAN_POINT('',(1.3E+03,2.84217094304E-14,-310.));
#1420 = CARTESIAN_POINT('',(1.55E+03,0.,-290.));
#1421 = PCURVE('',#1171,#1422);
#1422 = DEFINITIONAL_REPRESENTATION('',(#1423),#1427);
#1423 = LINE('',#1424,#1425);
#1424 = CARTESIAN_POINT('',(3.14159265359,0.));
#1425 = VECTOR('',#1426,1.);
#1426 = DIRECTION('',(0.,1.));
#1427 = ( GEOMETRIC_REPRESENTATION_CONTEXT(2) 
PARAMETRIC_REPRESENTATION_CONTEXT() REPRESENTATION_CONTEXT('2D SPACE',''
  ) );
#1428 = PCURVE('',#1241,#1429);
#1429 = DEFINITIONAL_REPRESENTATION('',(#1430),#1434);
#1430 = LINE('',#1431,#1432);
#1431 = CARTESIAN_POINT('',(3.14159265359,0.));
#1432 = VECTOR('',#1433,1.);
#1433 = DIRECTION('',(0.,1.));
#1434 = ( GEOMETRIC_REPRESENTATION_CONTEXT(2) 
PARAMETRIC_REPRESENTATION_CONTEXT() REPRESENTATION_CONTEXT('2D SPACE',''
  ) );
#1435 = ORIENTED_EDGE('',*,*,#1436,.F.);
#1436 = EDGE_CURVE('',#1324,#1415,#1437,.T.);
#1437 = SURFACE_CURVE('',#1438,(#1443,#1450),.PCURVE_S1.);
#1438 = ELLIPSE('',#1439,280.,245.);
#1439 = AXIS2_PLACEMENT_3D('',#1440,#1441,#1442);
#1440 = CARTESIAN_POINT('',(1.55E+03,0.,-10.));
#1441 = DIRECTION('',(-1.,0.,0.));
#1442 = DIRECTION('',(0.,0.,1.));
#1443 = PCURVE('',#1171,#1444);
#1444 = DEFINITIONAL_REPRESENTATION('',(#1445),#1449);
#1445 = LINE('',#1446,#1447);
#1446 = CARTESIAN_POINT('',(0.,1.));
#1447 = VECTOR('',#1448,1.);
#1448 = DIRECTION('',(1.,0.));
#1449 = ( GEOMETRIC_REPRESENTATION_CONTEXT(2) 
PARAMETRIC_REPRESENTATION_CONTEXT() REPRESENTATION_CONTEXT('2D SPACE',''
  ) );
#1450 = PCURVE('',#1451,#1472);
#1451 = B_SPLINE_SURFACE_WITH_KNOTS('',9,1,(
    (#1452,#1453)
    ,(#1454,#1455)
    ,(#1456,#1457)
    ,(#1458,#1459)
    ,(#1460,#1461)
    ,(#1462,#1463)
    ,(#1464,#1465)
    ,(#1466,#1467)
    ,(#1468,#1469)
    ,(#1470,#1471
    )),.UNSPECIFIED.,.F.,.F.,.F.,(10,10),(2,2),(1.570796326795,
    3.14159265359),(0.,1.),.PIECEWISE_BEZIER_KNOTS.);
#1452 = CARTESIAN_POINT('',(1.55E+03,245.,-10.));
#1453 = CARTESIAN_POINT('',(2.E+03,175.,5.));
#1454 = CARTESIAN_POINT('',(1.55E+03,244.99999999999,-58.86921905584));
#1455 = CARTESIAN_POINT('',(2.E+03,174.99999999999,-30.77924966588));
#1456 = CARTESIAN_POINT('',(1.55E+03,236.6039830459,-107.7384388119));
#1457 = CARTESIAN_POINT('',(2.E+03,169.00284503278,-66.55849984449));
#1458 = CARTESIAN_POINT('',(1.55E+03,219.81194326366,-154.454439685));
#1459 = CARTESIAN_POINT('',(2.E+03,157.00853090261,-100.7612861979));
#1460 = CARTESIAN_POINT('',(1.55E+03,195.1171521556,-196.8640325667));
#1461 = CARTESIAN_POINT('',(2.E+03,139.36939439685,-131.8111667006));
#1462 = CARTESIAN_POINT('',(1.55E+03,163.50602849585,-232.9910310349));
#1463 = CARTESIAN_POINT('',(2.E+03,116.79002035418,-158.2612905791));
#1464 = CARTESIAN_POINT('',(1.55E+03,126.39763472441,-261.2136494442));
#1465 = CARTESIAN_POINT('',(2.E+03,90.284024803144,-178.9242790573));
#1466 = CARTESIAN_POINT('',(1.55E+03,85.521133960486,-280.4045520524));
#1467 = CARTESIAN_POINT('',(2.E+03,61.086524257494,-192.9747613241));
#1468 = CARTESIAN_POINT('',(1.55E+03,42.760566673863,-290.));
#1469 = CARTESIAN_POINT('',(2.E+03,30.543261909901,-199.9999999999));
#1470 = CARTESIAN_POINT('',(1.55E+03,0.,-290.));
#1471 = CARTESIAN_POINT('',(2.E+03,2.84217094304E-14,-200.));
#1472 = DEFINITIONAL_REPRESENTATION('',(#1473),#1477);
#1473 = LINE('',#1474,#1475);
#1474 = CARTESIAN_POINT('',(0.,0.));
#1475 = VECTOR('',#1476,1.);
#1476 = DIRECTION('',(1.,0.));
#1477 = ( GEOMETRIC_REPRESENTATION_CONTEXT(2) 
PARAMETRIC_REPRESENTATION_CONTEXT() REPRESENTATION_CONTEXT('2D SPACE',''
  ) );
#1478 = ORIENTED_EDGE('',*,*,#1323,.F.);
#1479 = ADVANCED_FACE('',(#1480),#1241,.F.);
#1480 = FACE_BOUND('',#1481,.F.);
#1481 = EDGE_LOOP('',(#1482,#1483,#1505,#1548));
#1482 = ORIENTED_EDGE('',*,*,#1226,.T.);
#1483 = ORIENTED_EDGE('',*,*,#1484,.T.);
#1484 = EDGE_CURVE('',#1205,#1485,#1487,.T.);
#1485 = VERTEX_POINT('',#1486);
#1486 = CARTESIAN_POINT('',(1.55E+03,-245.,-10.));
#1487 = SURFACE_CURVE('',#1488,(#1491,#1498),.PCURVE_S1.);
#1488 = B_SPLINE_CURVE_WITH_KNOTS('',1,(#1489,#1490),.UNSPECIFIED.,.F.,
  .F.,(2,2),(0.,1.),.PIECEWISE_BEZIER_KNOTS.);
#1489 = CARTESIAN_POINT('',(1.3E+03,-260.,-10.));
#1490 = CARTESIAN_POINT('',(1.55E+03,-245.,-10.));
#1491 = PCURVE('',#1241,#1492);
#1492 = DEFINITIONAL_REPRESENTATION('',(#1493),#1497);
#1493 = LINE('',#1494,#1495);
#1494 = CARTESIAN_POINT('',(4.712388980385,0.));
#1495 = VECTOR('',#1496,1.);
#1496 = DIRECTION('',(0.,1.));
#1497 = ( GEOMETRIC_REPRESENTATION_CONTEXT(2) 
PARAMETRIC_REPRESENTATION_CONTEXT() REPRESENTATION_CONTEXT('2D SPACE',''
  ) );
#1498 = PCURVE('',#1290,#1499);
#1499 = DEFINITIONAL_REPRESENTATION('',(#1500),#1504);
#1500 = LINE('',#1501,#1502);
#1501 = CARTESIAN_POINT('',(4.712388980385,0.));
#1502 = VECTOR('',#1503,1.);
#1503 = DIRECTION('',(0.,1.));
#1504 = ( GEOMETRIC_REPRESENTATION_CONTEXT(2) 
PARAMETRIC_REPRESENTATION_CONTEXT() REPRESENTATION_CONTEXT('2D SPACE',''
  ) );
#1505 = ORIENTED_EDGE('',*,*,#1506,.F.);
#1506 = EDGE_CURVE('',#1415,#1485,#1507,.T.);
#1507 = SURFACE_CURVE('',#1508,(#1513,#1520),.PCURVE_S1.);
#1508 = ELLIPSE('',#1509,280.,245.);
#1509 = AXIS2_PLACEMENT_3D('',#1510,#1511,#1512);
#1510 = CARTESIAN_POINT('',(1.55E+03,0.,-10.));
#1511 = DIRECTION('',(-1.,0.,0.));
#1512 = DIRECTION('',(0.,0.,1.));
#1513 = PCURVE('',#1241,#1514);
#1514 = DEFINITIONAL_REPRESENTATION('',(#1515),#1519);
#1515 = LINE('',#1516,#1517);
#1516 = CARTESIAN_POINT('',(0.,1.));
#1517 = VECTOR('',#1518,1.);
#1518 = DIRECTION('',(1.,0.));
#1519 = ( GEOMETRIC_REPRESENTATION_CONTEXT(2) 
PARAMETRIC_REPRESENTATION_CONTEXT() REPRESENTATION_CONTEXT('2D SPACE',''
  ) );
#1520 = PCURVE('',#1521,#1542);
#1521 = B_SPLINE_SURFACE_WITH_KNOTS('',9,1,(
    (#1522,#1523)
    ,(#1524,#1525)
    ,(#1526,#1527)
    ,(#1528,#1529)
    ,(#1530,#1531)
    ,(#1532,#1533)
    ,(#1534,#1535)
    ,(#1536,#1537)
    ,(#1538,#1539)
    ,(#1540,#1541
    )),.UNSPECIFIED.,.F.,.F.,.F.,(10,10),(2,2),(3.14159265359,
    4.712388980385),(0.,1.),.PIECEWISE_BEZIER_KNOTS.);
#1522 = CARTESIAN_POINT('',(1.55E+03,0.,-290.));
#1523 = CARTESIAN_POINT('',(2.E+03,2.84217094304E-14,-200.));
#1524 = CARTESIAN_POINT('',(1.55E+03,-42.76056667385,-289.9999999999));
#1525 = CARTESIAN_POINT('',(2.E+03,-30.54326190989,-199.9999999999));
#1526 = CARTESIAN_POINT('',(1.55E+03,-85.5211339605,-280.4045520524));
#1527 = CARTESIAN_POINT('',(2.E+03,-61.0865242575,-192.9747613241));
#1528 = CARTESIAN_POINT('',(1.55E+03,-126.3976347243,-261.2136494441));
#1529 = CARTESIAN_POINT('',(2.E+03,-90.28402480312,-178.9242790573));
#1530 = CARTESIAN_POINT('',(1.55E+03,-163.5060284958,-232.9910310349));
#1531 = CARTESIAN_POINT('',(2.E+03,-116.7900203542,-158.2612905791));
#1532 = CARTESIAN_POINT('',(1.55E+03,-195.1171521555,-196.8640325666));
#1533 = CARTESIAN_POINT('',(2.E+03,-139.3693943968,-131.8111667005));
#1534 = CARTESIAN_POINT('',(1.55E+03,-219.8119432636,-154.454439685));
#1535 = CARTESIAN_POINT('',(2.E+03,-157.0085309026,-100.7612861979));
#1536 = CARTESIAN_POINT('',(1.55E+03,-236.6039830458,-107.7384388119));
#1537 = CARTESIAN_POINT('',(2.E+03,-169.0028450327,-66.55849984448));
#1538 = CARTESIAN_POINT('',(1.55E+03,-245.,-58.86921905584));
#1539 = CARTESIAN_POINT('',(2.E+03,-175.,-30.77924966588));
#1540 = CARTESIAN_POINT('',(1.55E+03,-245.,-10.));
#1541 = CARTESIAN_POINT('',(2.E+03,-175.,5.));
#1542 = DEFINITIONAL_REPRESENTATION('',(#1543),#1547);
#1543 = LINE('',#1544,#1545);
#1544 = CARTESIAN_POINT('',(0.,0.));
#1545 = VECTOR('',#1546,1.);
#1546 = DIRECTION('',(1.,0.));
#1547 = ( GEOMETRIC_REPRESENTATION_CONTEXT(2) 
PARAMETRIC_REPRESENTATION_CONTEXT() REPRESENTATION_CONTEXT('2D SPACE',''
  ) );
#1548 = ORIENTED_EDGE('',*,*,#1414,.F.);
#1549 = ADVANCED_FACE('',(#1550),#1290,.F.);
#1550 = FACE_BOUND('',#1551,.F.);
#1551 = EDGE_LOOP('',(#1552,#1553,#1554,#1597));
#1552 = ORIENTED_EDGE('',*,*,#1275,.T.);
#1553 = ORIENTED_EDGE('',*,*,#1390,.T.);
#1554 = ORIENTED_EDGE('',*,*,#1555,.F.);
#1555 = EDGE_CURVE('',#1485,#1346,#1556,.T.);
#1556 = SURFACE_CURVE('',#1557,(#1562,#1569),.PCURVE_S1.);
#1557 = ELLIPSE('',#1558,280.,245.);
#1558 = AXIS2_PLACEMENT_3D('',#1559,#1560,#1561);
#1559 = CARTESIAN_POINT('',(1.55E+03,0.,-10.));
#1560 = DIRECTION('',(-1.,0.,0.));
#1561 = DIRECTION('',(0.,0.,1.));
#1562 = PCURVE('',#1290,#1563);
#1563 = DEFINITIONAL_REPRESENTATION('',(#1564),#1568);
#1564 = LINE('',#1565,#1566);
#1565 = CARTESIAN_POINT('',(0.,1.));
#1566 = VECTOR('',#1567,1.);
#1567 = DIRECTION('',(1.,0.));
#1568 = ( GEOMETRIC_REPRESENTATION_CONTEXT(2) 
PARAMETRIC_REPRESENTATION_CONTEXT() REPRESENTATION_CONTEXT('2D SPACE',''
  ) );
#1569 = PCURVE('',#1570,#1591);
#1570 = B_SPLINE_SURFACE_WITH_KNOTS('',9,1,(
    (#1571,#1572)
    ,(#1573,#1574)
    ,(#1575,#1576)
    ,(#1577,#1578)
    ,(#1579,#1580)
    ,(#1581,#1582)
    ,(#1583,#1584)
    ,(#1585,#1586)
    ,(#1587,#1588)
    ,(#1589,#1590
    )),.UNSPECIFIED.,.F.,.F.,.F.,(10,10),(2,2),(4.712388980385,
    6.28318530718),(0.,1.),.PIECEWISE_BEZIER_KNOTS.);
#1571 = CARTESIAN_POINT('',(1.55E+03,-245.,-10.));
#1572 = CARTESIAN_POINT('',(2.E+03,-175.,5.));
#1573 = CARTESIAN_POINT('',(1.55E+03,-244.9999999999,38.869219055838));
#1574 = CARTESIAN_POINT('',(2.E+03,-174.9999999999,40.779249665881));
#1575 = CARTESIAN_POINT('',(1.55E+03,-236.6039830459,87.738438812));
#1576 = CARTESIAN_POINT('',(2.E+03,-169.0028450327,76.558499844505));
#1577 = CARTESIAN_POINT('',(1.55E+03,-219.8119432636,134.454439685));
#1578 = CARTESIAN_POINT('',(2.E+03,-157.0085309025,110.76128619794));
#1579 = CARTESIAN_POINT('',(1.55E+03,-195.1171521556,176.86403256673));
#1580 = CARTESIAN_POINT('',(2.E+03,-139.3693943968,141.81116670065));
#1581 = CARTESIAN_POINT('',(1.55E+03,-163.5060284958,212.99103103493));
#1582 = CARTESIAN_POINT('',(2.E+03,-116.7900203541,168.26129057912));
#1583 = CARTESIAN_POINT('',(1.55E+03,-126.3976347244,241.21364944421));
#1584 = CARTESIAN_POINT('',(2.E+03,-90.28402480316,188.92427905738));
#1585 = CARTESIAN_POINT('',(1.55E+03,-85.52113396048,260.40455205244));
#1586 = CARTESIAN_POINT('',(2.E+03,-61.08652425748,202.9747613241));
#1587 = CARTESIAN_POINT('',(1.55E+03,-42.76056667386,270.));
#1588 = CARTESIAN_POINT('',(2.E+03,-30.5432619099,210.));
#1589 = CARTESIAN_POINT('',(1.55E+03,-5.684341886081E-14,270.));
#1590 = CARTESIAN_POINT('',(2.E+03,-4.263256414561E-14,210.));
#1591 = DEFINITIONAL_REPRESENTATION('',(#1592),#1596);
#1592 = LINE('',#1593,#1594);
#1593 = CARTESIAN_POINT('',(0.,0.));
#1594 = VECTOR('',#1595,1.);
#1595 = DIRECTION('',(1.,0.));
#1596 = ( GEOMETRIC_REPRESENTATION_CONTEXT(2) 
PARAMETRIC_REPRESENTATION_CONTEXT() REPRESENTATION_CONTEXT('2D SPACE',''
  ) );
#1597 = ORIENTED_EDGE('',*,*,#1484,.F.);
#1598 = ADVANCED_FACE('',(#1599),#1362,.F.);
#1599 = FACE_BOUND('',#1600,.F.);
#1600 = EDGE_LOOP('',(#1601,#1602,#1624,#1669));
#1601 = ORIENTED_EDGE('',*,*,#1345,.T.);
#1602 = ORIENTED_EDGE('',*,*,#1603,.T.);
#1603 = EDGE_CURVE('',#1324,#1604,#1606,.T.);
#1604 = VERTEX_POINT('',#1605);
#1605 = CARTESIAN_POINT('',(2.E+03,175.,5.));
#1606 = SURFACE_CURVE('',#1607,(#1610,#1617),.PCURVE_S1.);
#1607 = B_SPLINE_CURVE_WITH_KNOTS('',1,(#1608,#1609),.UNSPECIFIED.,.F.,
  .F.,(2,2),(0.,1.),.PIECEWISE_BEZIER_KNOTS.);
#1608 = CARTESIAN_POINT('',(1.55E+03,245.,-10.));
#1609 = CARTESIAN_POINT('',(2.E+03,175.,5.));
#1610 = PCURVE('',#1362,#1611);
#1611 = DEFINITIONAL_REPRESENTATION('',(#1612),#1616);
#1612 = LINE('',#1613,#1614);
#1613 = CARTESIAN_POINT('',(1.570796326795,0.));
#1614 = VECTOR('',#1615,1.);
#1615 = DIRECTION('',(0.,1.));
#1616 = ( GEOMETRIC_REPRESENTATION_CONTEXT(2) 
PARAMETRIC_REPRESENTATION_CONTEXT() REPRESENTATION_CONTEXT('2D SPACE',''
  ) );
#1617 = PCURVE('',#1451,#1618);
#1618 = DEFINITIONAL_REPRESENTATION('',(#1619),#1623);
#1619 = LINE('',#1620,#1621);
#1620 = CARTESIAN_POINT('',(1.570796326795,0.));
#1621 = VECTOR('',#1622,1.);
#1622 = DIRECTION('',(0.,1.));
#1623 = ( GEOMETRIC_REPRESENTATION_CONTEXT(2) 
PARAMETRIC_REPRESENTATION_CONTEXT() REPRESENTATION_CONTEXT('2D SPACE',''
  ) );
#1624 = ORIENTED_EDGE('',*,*,#1625,.F.);
#1625 = EDGE_CURVE('',#1626,#1604,#1628,.T.);
#1626 = VERTEX_POINT('',#1627);
#1627 = CARTESIAN_POINT('',(2.E+03,-2.143131898959E-14,210.));
#1628 = SURFACE_CURVE('',#1629,(#1634,#1641),.PCURVE_S1.);
#1629 = ELLIPSE('',#1630,205.,175.);
#1630 = AXIS2_PLACEMENT_3D('',#1631,#1632,#1633);
#1631 = CARTESIAN_POINT('',(2.E+03,0.,5.));
#1632 = DIRECTION('',(-1.,0.,0.));
#1633 = DIRECTION('',(0.,0.,1.));
#1634 = PCURVE('',#1362,#1635);
#1635 = DEFINITIONAL_REPRESENTATION('',(#1636),#1640);
#1636 = LINE('',#1637,#1638);
#1637 = CARTESIAN_POINT('',(0.,1.));
#1638 = VECTOR('',#1639,1.);
#1639 = DIRECTION('',(1.,0.));
#1640 = ( GEOMETRIC_REPRESENTATION_CONTEXT(2) 
PARAMETRIC_REPRESENTATION_CONTEXT() REPRESENTATION_CONTEXT('2D SPACE',''
  ) );
#1641 = PCURVE('',#1642,#1663);
#1642 = B_SPLINE_SURFACE_WITH_KNOTS('',9,1,(
    (#1643,#1644)
    ,(#1645,#1646)
    ,(#1647,#1648)
    ,(#1649,#1650)
    ,(#1651,#1652)
    ,(#1653,#1654)
    ,(#1655,#1656)
    ,(#1657,#1658)
    ,(#1659,#1660)
    ,(#1661,#1662
    )),.UNSPECIFIED.,.F.,.F.,.F.,(10,10),(2,2),(0.,1.570796326795),(0.,
    1.),.PIECEWISE_BEZIER_KNOTS.);
#1643 = CARTESIAN_POINT('',(2.E+03,-2.84217094304E-14,210.));
#1644 = CARTESIAN_POINT('',(2.35E+03,0.,170.));
#1645 = CARTESIAN_POINT('',(2.E+03,30.543261909899,209.99999999999));
#1646 = CARTESIAN_POINT('',(2.35E+03,20.943951023931,169.99999999999));
#1647 = CARTESIAN_POINT('',(2.E+03,61.086524257501,202.97476132411));
#1648 = CARTESIAN_POINT('',(2.35E+03,41.887902347999,164.85958145667));
#1649 = CARTESIAN_POINT('',(2.E+03,90.284024803127,188.92427905734));
#1650 = CARTESIAN_POINT('',(2.35E+03,61.90904557929,154.57874077366));
#1651 = CARTESIAN_POINT('',(2.E+03,116.79002035421,168.26129057918));
#1652 = CARTESIAN_POINT('',(2.35E+03,80.084585385742,139.4594809116));
#1653 = CARTESIAN_POINT('',(2.E+03,139.36939439683,141.8111667006));
#1654 = CARTESIAN_POINT('',(2.35E+03,95.567584729257,120.10573173215));
#1655 = CARTESIAN_POINT('',(2.E+03,157.00853090263,110.76128619797));
#1656 = CARTESIAN_POINT('',(2.35E+03,107.66299261895,97.386306974131));
#1657 = CARTESIAN_POINT('',(2.E+03,169.00284503277,76.558499844486));
#1658 = CARTESIAN_POINT('',(2.35E+03,115.88766516533,72.35987793499));
#1659 = CARTESIAN_POINT('',(2.E+03,175.,40.779249665886));
#1660 = CARTESIAN_POINT('',(2.35E+03,120.,46.179938779916));
#1661 = CARTESIAN_POINT('',(2.E+03,175.,5.));
#1662 = CARTESIAN_POINT('',(2.35E+03,120.,20.));
#1663 = DEFINITIONAL_REPRESENTATION('',(#1664),#1668);
#1664 = LINE('',#1665,#1666);
#1665 = CARTESIAN_POINT('',(0.,0.));
#1666 = VECTOR('',#1667,1.);
#1667 = DIRECTION('',(1.,0.));
#1668 = ( GEOMETRIC_REPRESENTATION_CONTEXT(2) 
PARAMETRIC_REPRESENTATION_CONTEXT() REPRESENTATION_CONTEXT('2D SPACE',''
  ) );
#1669 = ORIENTED_EDGE('',*,*,#1670,.F.);
#1670 = EDGE_CURVE('',#1346,#1626,#1671,.T.);
#1671 = SURFACE_CURVE('',#1672,(#1675,#1682),.PCURVE_S1.);
#1672 = B_SPLINE_CURVE_WITH_KNOTS('',1,(#1673,#1674),.UNSPECIFIED.,.F.,
  .F.,(2,2),(0.,1.),.PIECEWISE_BEZIER_KNOTS.);
#1673 = CARTESIAN_POINT('',(1.55E+03,-2.84217094304E-14,270.));
#1674 = CARTESIAN_POINT('',(2.E+03,-2.84217094304E-14,210.));
#1675 = PCURVE('',#1362,#1676);
#1676 = DEFINITIONAL_REPRESENTATION('',(#1677),#1681);
#1677 = LINE('',#1678,#1679);
#1678 = CARTESIAN_POINT('',(0.,0.));
#1679 = VECTOR('',#1680,1.);
#1680 = DIRECTION('',(0.,1.));
#1681 = ( GEOMETRIC_REPRESENTATION_CONTEXT(2) 
PARAMETRIC_REPRESENTATION_CONTEXT() REPRESENTATION_CONTEXT('2D SPACE',''
  ) );
#1682 = PCURVE('',#1570,#1683);
#1683 = DEFINITIONAL_REPRESENTATION('',(#1684),#1688);
#1684 = LINE('',#1685,#1686);
#1685 = CARTESIAN_POINT('',(6.28318530718,0.));
#1686 = VECTOR('',#1687,1.);
#1687 = DIRECTION('',(0.,1.));
#1688 = ( GEOMETRIC_REPRESENTATION_CONTEXT(2) 
PARAMETRIC_REPRESENTATION_CONTEXT() REPRESENTATION_CONTEXT('2D SPACE',''
  ) );
#1689 = ADVANCED_FACE('',(#1690),#1451,.F.);
#1690 = FACE_BOUND('',#1691,.F.);
#1691 = EDGE_LOOP('',(#1692,#1693,#1715,#1758));
#1692 = ORIENTED_EDGE('',*,*,#1436,.T.);
#1693 = ORIENTED_EDGE('',*,*,#1694,.T.);
#1694 = EDGE_CURVE('',#1415,#1695,#1697,.T.);
#1695 = VERTEX_POINT('',#1696);
#1696 = CARTESIAN_POINT('',(2.E+03,2.143131898508E-14,-200.));
#1697 = SURFACE_CURVE('',#1698,(#1701,#1708),.PCURVE_S1.);
#1698 = B_SPLINE_CURVE_WITH_KNOTS('',1,(#1699,#1700),.UNSPECIFIED.,.F.,
  .F.,(2,2),(0.,1.),.PIECEWISE_BEZIER_KNOTS.);
#1699 = CARTESIAN_POINT('',(1.55E+03,0.,-290.));
#1700 = CARTESIAN_POINT('',(2.E+03,2.84217094304E-14,-200.));
#1701 = PCURVE('',#1451,#1702);
#1702 = DEFINITIONAL_REPRESENTATION('',(#1703),#1707);
#1703 = LINE('',#1704,#1705);
#1704 = CARTESIAN_POINT('',(3.14159265359,0.));
#1705 = VECTOR('',#1706,1.);
#1706 = DIRECTION('',(0.,1.));
#1707 = ( GEOMETRIC_REPRESENTATION_CONTEXT(2) 
PARAMETRIC_REPRESENTATION_CONTEXT() REPRESENTATION_CONTEXT('2D SPACE',''
  ) );
#1708 = PCURVE('',#1521,#1709);
#1709 = DEFINITIONAL_REPRESENTATION('',(#1710),#1714);
#1710 = LINE('',#1711,#1712);
#1711 = CARTESIAN_POINT('',(3.14159265359,0.));
#1712 = VECTOR('',#1713,1.);
#1713 = DIRECTION('',(0.,1.));
#1714 = ( GEOMETRIC_REPRESENTATION_CONTEXT(2) 
PARAMETRIC_REPRESENTATION_CONTEXT() REPRESENTATION_CONTEXT('2D SPACE',''
  ) );
#1715 = ORIENTED_EDGE('',*,*,#1716,.F.);
#1716 = EDGE_CURVE('',#1604,#1695,#1717,.T.);
#1717 = SURFACE_CURVE('',#1718,(#1723,#1730),.PCURVE_S1.);
#1718 = ELLIPSE('',#1719,205.,175.);
#1719 = AXIS2_PLACEMENT_3D('',#1720,#1721,#1722);
#1720 = CARTESIAN_POINT('',(2.E+03,0.,5.));
#1721 = DIRECTION('',(-1.,0.,0.));
#1722 = DIRECTION('',(0.,0.,1.));
#1723 = PCURVE('',#1451,#1724);
#1724 = DEFINITIONAL_REPRESENTATION('',(#1725),#1729);
#1725 = LINE('',#1726,#1727);
#1726 = CARTESIAN_POINT('',(0.,1.));
#1727 = VECTOR('',#1728,1.);
#1728 = DIRECTION('',(1.,0.));
#1729 = ( GEOMETRIC_REPRESENTATION_CONTEXT(2) 
PARAMETRIC_REPRESENTATION_CONTEXT() REPRESENTATION_CONTEXT('2D SPACE',''
  ) );
#1730 = PCURVE('',#1731,#1752);
#1731 = B_SPLINE_SURFACE_WITH_KNOTS('',9,1,(
    (#1732,#1733)
    ,(#1734,#1735)
    ,(#1736,#1737)
    ,(#1738,#1739)
    ,(#1740,#1741)
    ,(#1742,#1743)
    ,(#1744,#1745)
    ,(#1746,#1747)
    ,(#1748,#1749)
    ,(#1750,#1751
    )),.UNSPECIFIED.,.F.,.F.,.F.,(10,10),(2,2),(1.570796326795,
    3.14159265359),(0.,1.),.PIECEWISE_BEZIER_KNOTS.);
#1732 = CARTESIAN_POINT('',(2.E+03,175.,5.));
#1733 = CARTESIAN_POINT('',(2.35E+03,120.,20.));
#1734 = CARTESIAN_POINT('',(2.E+03,174.99999999999,-30.77924966588));
#1735 = CARTESIAN_POINT('',(2.35E+03,119.99999999999,-6.179938779915));
#1736 = CARTESIAN_POINT('',(2.E+03,169.00284503278,-66.55849984449));
#1737 = CARTESIAN_POINT('',(2.35E+03,115.88766516533,-32.35987793499));
#1738 = CARTESIAN_POINT('',(2.E+03,157.00853090261,-100.7612861979));
#1739 = CARTESIAN_POINT('',(2.35E+03,107.66299261894,-57.38630697412));
#1740 = CARTESIAN_POINT('',(2.E+03,139.36939439685,-131.8111667006));
#1741 = CARTESIAN_POINT('',(2.35E+03,95.567584729268,-80.10573173215));
#1742 = CARTESIAN_POINT('',(2.E+03,116.79002035418,-158.2612905791));
#1743 = CARTESIAN_POINT('',(2.35E+03,80.084585385732,-99.45948091159));
#1744 = CARTESIAN_POINT('',(2.E+03,90.284024803144,-178.9242790573));
#1745 = CARTESIAN_POINT('',(2.35E+03,61.909045579297,-114.5787407736));
#1746 = CARTESIAN_POINT('',(2.E+03,61.086524257494,-192.9747613241));
#1747 = CARTESIAN_POINT('',(2.35E+03,41.887902347996,-124.8595814566));
#1748 = CARTESIAN_POINT('',(2.E+03,30.543261909901,-199.9999999999));
#1749 = CARTESIAN_POINT('',(2.35E+03,20.943951023932,-129.9999999999));
#1750 = CARTESIAN_POINT('',(2.E+03,2.84217094304E-14,-200.));
#1751 = CARTESIAN_POINT('',(2.35E+03,1.42108547152E-14,-130.));
#1752 = DEFINITIONAL_REPRESENTATION('',(#1753),#1757);
#1753 = LINE('',#1754,#1755);
#1754 = CARTESIAN_POINT('',(0.,0.));
#1755 = VECTOR('',#1756,1.);
#1756 = DIRECTION('',(1.,0.));
#1757 = ( GEOMETRIC_REPRESENTATION_CONTEXT(2) 
PARAMETRIC_REPRESENTATION_CONTEXT() REPRESENTATION_CONTEXT('2D SPACE',''
  ) );
#1758 = ORIENTED_EDGE('',*,*,#1603,.F.);
#1759 = ADVANCED_FACE('',(#1760),#1521,.F.);
#1760 = FACE_BOUND('',#1761,.F.);
#1761 = EDGE_LOOP('',(#1762,#1763,#1785,#1828));
#1762 = ORIENTED_EDGE('',*,*,#1506,.T.);
#1763 = ORIENTED_EDGE('',*,*,#1764,.T.);
#1764 = EDGE_CURVE('',#1485,#1765,#1767,.T.);
#1765 = VERTEX_POINT('',#1766);
#1766 = CARTESIAN_POINT('',(2.E+03,-175.,5.));
#1767 = SURFACE_CURVE('',#1768,(#1771,#1778),.PCURVE_S1.);
#1768 = B_SPLINE_CURVE_WITH_KNOTS('',1,(#1769,#1770),.UNSPECIFIED.,.F.,
  .F.,(2,2),(0.,1.),.PIECEWISE_BEZIER_KNOTS.);
#1769 = CARTESIAN_POINT('',(1.55E+03,-245.,-10.));
#1770 = CARTESIAN_POINT('',(2.E+03,-175.,5.));
#1771 = PCURVE('',#1521,#1772);
#1772 = DEFINITIONAL_REPRESENTATION('',(#1773),#1777);
#1773 = LINE('',#1774,#1775);
#1774 = CARTESIAN_POINT('',(4.712388980385,0.));
#1775 = VECTOR('',#1776,1.);
#1776 = DIRECTION('',(0.,1.));
#1777 = ( GEOMETRIC_REPRESENTATION_CONTEXT(2) 
PARAMETRIC_REPRESENTATION_CONTEXT() REPRESENTATION_CONTEXT('2D SPACE',''
  ) );
#1778 = PCURVE('',#1570,#1779);
#1779 = DEFINITIONAL_REPRESENTATION('',(#1780),#1784);
#1780 = LINE('',#1781,#1782);
#1781 = CARTESIAN_POINT('',(4.712388980385,0.));
#1782 = VECTOR('',#1783,1.);
#1783 = DIRECTION('',(0.,1.));
#1784 = ( GEOMETRIC_REPRESENTATION_CONTEXT(2) 
PARAMETRIC_REPRESENTATION_CONTEXT() REPRESENTATION_CONTEXT('2D SPACE',''
  ) );
#1785 = ORIENTED_EDGE('',*,*,#1786,.F.);
#1786 = EDGE_CURVE('',#1695,#1765,#1787,.T.);
#1787 = SURFACE_CURVE('',#1788,(#1793,#1800),.PCURVE_S1.);
#1788 = ELLIPSE('',#1789,205.,175.);
#1789 = AXIS2_PLACEMENT_3D('',#1790,#1791,#1792);
#1790 = CARTESIAN_POINT('',(2.E+03,0.,5.));
#1791 = DIRECTION('',(-1.,0.,0.));
#1792 = DIRECTION('',(0.,0.,1.));
#1793 = PCURVE('',#1521,#1794);
#1794 = DEFINITIONAL_REPRESENTATION('',(#1795),#1799);
#1795 = LINE('',#1796,#1797);
#1796 = CARTESIAN_POINT('',(0.,1.));
#1797 = VECTOR('',#1798,1.);
#1798 = DIRECTION('',(1.,0.));
#1799 = ( GEOMETRIC_REPRESENTATION_CONTEXT(2) 
PARAMETRIC_REPRESENTATION_CONTEXT() REPRESENTATION_CONTEXT('2D SPACE',''
  ) );
#1800 = PCURVE('',#1801,#1822);
#1801 = B_SPLINE_SURFACE_WITH_KNOTS('',9,1,(
    (#1802,#1803)
    ,(#1804,#1805)
    ,(#1806,#1807)
    ,(#1808,#1809)
    ,(#1810,#1811)
    ,(#1812,#1813)
    ,(#1814,#1815)
    ,(#1816,#1817)
    ,(#1818,#1819)
    ,(#1820,#1821
    )),.UNSPECIFIED.,.F.,.F.,.F.,(10,10),(2,2),(3.14159265359,
    4.712388980385),(0.,1.),.PIECEWISE_BEZIER_KNOTS.);
#1802 = CARTESIAN_POINT('',(2.E+03,2.84217094304E-14,-200.));
#1803 = CARTESIAN_POINT('',(2.35E+03,2.84217094304E-14,-130.));
#1804 = CARTESIAN_POINT('',(2.E+03,-30.54326190989,-199.9999999999));
#1805 = CARTESIAN_POINT('',(2.35E+03,-20.94395102393,-129.9999999999));
#1806 = CARTESIAN_POINT('',(2.E+03,-61.0865242575,-192.9747613241));
#1807 = CARTESIAN_POINT('',(2.35E+03,-41.887902348,-124.8595814566));
#1808 = CARTESIAN_POINT('',(2.E+03,-90.28402480312,-178.9242790573));
#1809 = CARTESIAN_POINT('',(2.35E+03,-61.90904557929,-114.5787407736));
#1810 = CARTESIAN_POINT('',(2.E+03,-116.7900203542,-158.2612905791));
#1811 = CARTESIAN_POINT('',(2.35E+03,-80.08458538574,-99.4594809116));
#1812 = CARTESIAN_POINT('',(2.E+03,-139.3693943968,-131.8111667005));
#1813 = CARTESIAN_POINT('',(2.35E+03,-95.56758472925,-80.10573173214));
#1814 = CARTESIAN_POINT('',(2.E+03,-157.0085309026,-100.7612861979));
#1815 = CARTESIAN_POINT('',(2.35E+03,-107.6629926189,-57.38630697413));
#1816 = CARTESIAN_POINT('',(2.E+03,-169.0028450327,-66.55849984448));
#1817 = CARTESIAN_POINT('',(2.35E+03,-115.8876651653,-32.35987793499));
#1818 = CARTESIAN_POINT('',(2.E+03,-175.,-30.77924966588));
#1819 = CARTESIAN_POINT('',(2.35E+03,-120.,-6.179938779916));
#1820 = CARTESIAN_POINT('',(2.E+03,-175.,5.));
#1821 = CARTESIAN_POINT('',(2.35E+03,-120.,20.));
#1822 = DEFINITIONAL_REPRESENTATION('',(#1823),#1827);
#1823 = LINE('',#1824,#1825);
#1824 = CARTESIAN_POINT('',(0.,0.));
#1825 = VECTOR('',#1826,1.);
#1826 = DIRECTION('',(1.,0.));
#1827 = ( GEOMETRIC_REPRESENTATION_CONTEXT(2) 
PARAMETRIC_REPRESENTATION_CONTEXT() REPRESENTATION_CONTEXT('2D SPACE',''
  ) );
#1828 = ORIENTED_EDGE('',*,*,#1694,.F.);
#1829 = ADVANCED_FACE('',(#1830),#1570,.F.);
#1830 = FACE_BOUND('',#1831,.F.);
#1831 = EDGE_LOOP('',(#1832,#1833,#1834,#1877));
#1832 = ORIENTED_EDGE('',*,*,#1555,.T.);
#1833 = ORIENTED_EDGE('',*,*,#1670,.T.);
#1834 = ORIENTED_EDGE('',*,*,#1835,.F.);
#1835 = EDGE_CURVE('',#1765,#1626,#1836,.T.);
#1836 = SURFACE_CURVE('',#1837,(#1842,#1849),.PCURVE_S1.);
#1837 = ELLIPSE('',#1838,205.,175.);
#1838 = AXIS2_PLACEMENT_3D('',#1839,#1840,#1841);
#1839 = CARTESIAN_POINT('',(2.E+03,0.,5.));
#1840 = DIRECTION('',(-1.,0.,0.));
#1841 = DIRECTION('',(0.,0.,1.));
#1842 = PCURVE('',#1570,#1843);
#1843 = DEFINITIONAL_REPRESENTATION('',(#1844),#1848);
#1844 = LINE('',#1845,#1846);
#1845 = CARTESIAN_POINT('',(0.,1.));
#1846 = VECTOR('',#1847,1.);
#1847 = DIRECTION('',(1.,0.));
#1848 = ( GEOMETRIC_REPRESENTATION_CONTEXT(2) 
PARAMETRIC_REPRESENTATION_CONTEXT() REPRESENTATION_CONTEXT('2D SPACE',''
  ) );
#1849 = PCURVE('',#1850,#1871);
#1850 = B_SPLINE_SURFACE_WITH_KNOTS('',9,1,(
    (#1851,#1852)
    ,(#1853,#1854)
    ,(#1855,#1856)
    ,(#1857,#1858)
    ,(#1859,#1860)
    ,(#1861,#1862)
    ,(#1863,#1864)
    ,(#1865,#1866)
    ,(#1867,#1868)
    ,(#1869,#1870
    )),.UNSPECIFIED.,.F.,.F.,.F.,(10,10),(2,2),(4.712388980385,
    6.28318530718),(0.,1.),.PIECEWISE_BEZIER_KNOTS.);
#1851 = CARTESIAN_POINT('',(2.E+03,-175.,5.));
#1852 = CARTESIAN_POINT('',(2.35E+03,-120.,20.));
#1853 = CARTESIAN_POINT('',(2.E+03,-174.9999999999,40.779249665881));
#1854 = CARTESIAN_POINT('',(2.35E+03,-119.9999999999,46.179938779913));
#1855 = CARTESIAN_POINT('',(2.E+03,-169.0028450327,76.558499844505));
#1856 = CARTESIAN_POINT('',(2.35E+03,-115.8876651653,72.359877935003));
#1857 = CARTESIAN_POINT('',(2.E+03,-157.0085309025,110.76128619794));
#1858 = CARTESIAN_POINT('',(2.35E+03,-107.6629926189,97.386306974106));
#1859 = CARTESIAN_POINT('',(2.E+03,-139.3693943968,141.81116670065));
#1860 = CARTESIAN_POINT('',(2.35E+03,-95.56758472928,120.10573173218));
#1861 = CARTESIAN_POINT('',(2.E+03,-116.7900203541,168.26129057912));
#1862 = CARTESIAN_POINT('',(2.35E+03,-80.08458538571,139.45948091156));
#1863 = CARTESIAN_POINT('',(2.E+03,-90.28402480316,188.92427905738));
#1864 = CARTESIAN_POINT('',(2.35E+03,-61.9090455793,154.57874077369));
#1865 = CARTESIAN_POINT('',(2.E+03,-61.08652425748,202.9747613241));
#1866 = CARTESIAN_POINT('',(2.35E+03,-41.88790234799,164.85958145666));
#1867 = CARTESIAN_POINT('',(2.E+03,-30.5432619099,210.));
#1868 = CARTESIAN_POINT('',(2.35E+03,-20.94395102393,170.));
#1869 = CARTESIAN_POINT('',(2.E+03,-4.263256414561E-14,210.));
#1870 = CARTESIAN_POINT('',(2.35E+03,-4.263256414561E-14,170.));
#1871 = DEFINITIONAL_REPRESENTATION('',(#1872),#1876);
#1872 = LINE('',#1873,#1874);
#1873 = CARTESIAN_POINT('',(0.,0.));
#1874 = VECTOR('',#1875,1.);
#1875 = DIRECTION('',(1.,0.));
#1876 = ( GEOMETRIC_REPRESENTATION_CONTEXT(2) 
PARAMETRIC_REPRESENTATION_CONTEXT() REPRESENTATION_CONTEXT('2D SPACE',''
  ) );
#1877 = ORIENTED_EDGE('',*,*,#1764,.F.);
#1878 = ADVANCED_FACE('',(#1879),#1642,.F.);
#1879 = FACE_BOUND('',#1880,.F.);
#1880 = EDGE_LOOP('',(#1881,#1882,#1904,#1949));
#1881 = ORIENTED_EDGE('',*,*,#1625,.T.);
#1882 = ORIENTED_EDGE('',*,*,#1883,.T.);
#1883 = EDGE_CURVE('',#1604,#1884,#1886,.T.);
#1884 = VERTEX_POINT('',#1885);
#1885 = CARTESIAN_POINT('',(2.35E+03,120.,20.));
#1886 = SURFACE_CURVE('',#1887,(#1890,#1897),.PCURVE_S1.);
#1887 = B_SPLINE_CURVE_WITH_KNOTS('',1,(#1888,#1889),.UNSPECIFIED.,.F.,
  .F.,(2,2),(0.,1.),.PIECEWISE_BEZIER_KNOTS.);
#1888 = CARTESIAN_POINT('',(2.E+03,175.,5.));
#1889 = CARTESIAN_POINT('',(2.35E+03,120.,20.));
#1890 = PCURVE('',#1642,#1891);
#1891 = DEFINITIONAL_REPRESENTATION('',(#1892),#1896);
#1892 = LINE('',#1893,#1894);
#1893 = CARTESIAN_POINT('',(1.570796326795,0.));
#1894 = VECTOR('',#1895,1.);
#1895 = DIRECTION('',(0.,1.));
#1896 = ( GEOMETRIC_REPRESENTATION_CONTEXT(2) 
PARAMETRIC_REPRESENTATION_CONTEXT() REPRESENTATION_CONTEXT('2D SPACE',''
  ) );
#1897 = PCURVE('',#1731,#1898);
#1898 = DEFINITIONAL_REPRESENTATION('',(#1899),#1903);
#1899 = LINE('',#1900,#1901);
#1900 = CARTESIAN_POINT('',(1.570796326795,0.));
#1901 = VECTOR('',#1902,1.);
#1902 = DIRECTION('',(0.,1.));
#1903 = ( GEOMETRIC_REPRESENTATION_CONTEXT(2) 
PARAMETRIC_REPRESENTATION_CONTEXT() REPRESENTATION_CONTEXT('2D SPACE',''
  ) );
#1904 = ORIENTED_EDGE('',*,*,#1905,.F.);
#1905 = EDGE_CURVE('',#1906,#1884,#1908,.T.);
#1906 = VERTEX_POINT('',#1907);
#1907 = CARTESIAN_POINT('',(2.35E+03,-1.469576158379E-14,170.));
#1908 = SURFACE_CURVE('',#1909,(#1914,#1921),.PCURVE_S1.);
#1909 = ELLIPSE('',#1910,150.,120.);
#1910 = AXIS2_PLACEMENT_3D('',#1911,#1912,#1913);
#1911 = CARTESIAN_POINT('',(2.35E+03,0.,20.));
#1912 = DIRECTION('',(-1.,0.,0.));
#1913 = DIRECTION('',(0.,0.,1.));
#1914 = PCURVE('',#1642,#1915);
#1915 = DEFINITIONAL_REPRESENTATION('',(#1916),#1920);
#1916 = LINE('',#1917,#1918);
#1917 = CARTESIAN_POINT('',(0.,1.));
#1918 = VECTOR('',#1919,1.);
#1919 = DIRECTION('',(1.,0.));
#1920 = ( GEOMETRIC_REPRESENTATION_CONTEXT(2) 
PARAMETRIC_REPRESENTATION_CONTEXT() REPRESENTATION_CONTEXT('2D SPACE',''
  ) );
#1921 = PCURVE('',#1922,#1943);
#1922 = B_SPLINE_SURFACE_WITH_KNOTS('',9,1,(
    (#1923,#1924)
    ,(#1925,#1926)
    ,(#1927,#1928)
    ,(#1929,#1930)
    ,(#1931,#1932)
    ,(#1933,#1934)
    ,(#1935,#1936)
    ,(#1937,#1938)
    ,(#1939,#1940)
    ,(#1941,#1942
    )),.UNSPECIFIED.,.F.,.F.,.F.,(10,10),(2,2),(0.,1.570796326795),(0.,
    1.),.PIECEWISE_BEZIER_KNOTS.);
#1923 = CARTESIAN_POINT('',(2.35E+03,0.,170.));
#1924 = CARTESIAN_POINT('',(2.65E+03,0.,120.));
#1925 = CARTESIAN_POINT('',(2.35E+03,20.943951023931,169.99999999999));
#1926 = CARTESIAN_POINT('',(2.65E+03,13.089969389957,120.));
#1927 = CARTESIAN_POINT('',(2.35E+03,41.887902347999,164.85958145667));
#1928 = CARTESIAN_POINT('',(2.65E+03,26.179938967498,116.74440158922));
#1929 = CARTESIAN_POINT('',(2.35E+03,61.90904557929,154.57874077366));
#1930 = CARTESIAN_POINT('',(2.65E+03,38.69315348706,110.23320248999));
#1931 = CARTESIAN_POINT('',(2.35E+03,80.084585385742,139.4594809116));
#1932 = CARTESIAN_POINT('',(2.65E+03,50.052865866084,100.65767124401));
#1933 = CARTESIAN_POINT('',(2.35E+03,95.567584729257,120.10573173215));
#1934 = CARTESIAN_POINT('',(2.65E+03,59.729740455791,88.400296763698));
#1935 = CARTESIAN_POINT('',(2.35E+03,107.66299261895,97.386306974131));
#1936 = CARTESIAN_POINT('',(2.65E+03,67.289370386839,74.011327750282));
#1937 = CARTESIAN_POINT('',(2.35E+03,115.88766516533,72.35987793499));
#1938 = CARTESIAN_POINT('',(2.65E+03,72.429790728335,58.161256025494));
#1939 = CARTESIAN_POINT('',(2.35E+03,120.,46.179938779916));
#1940 = CARTESIAN_POINT('',(2.65E+03,75.,41.580627893947));
#1941 = CARTESIAN_POINT('',(2.35E+03,120.,20.));
#1942 = CARTESIAN_POINT('',(2.65E+03,75.,25.));
#1943 = DEFINITIONAL_REPRESENTATION('',(#1944),#1948);
#1944 = LINE('',#1945,#1946);
#1945 = CARTESIAN_POINT('',(0.,0.));
#1946 = VECTOR('',#1947,1.);
#1947 = DIRECTION('',(1.,0.));
#1948 = ( GEOMETRIC_REPRESENTATION_CONTEXT(2) 
PARAMETRIC_REPRESENTATION_CONTEXT() REPRESENTATION_CONTEXT('2D SPACE',''
  ) );
#1949 = ORIENTED_EDGE('',*,*,#1950,.F.);
#1950 = EDGE_CURVE('',#1626,#1906,#1951,.T.);
#1951 = SURFACE_CURVE('',#1952,(#1955,#1962),.PCURVE_S1.);
#1952 = B_SPLINE_CURVE_WITH_KNOTS('',1,(#1953,#1954),.UNSPECIFIED.,.F.,
  .F.,(2,2),(0.,1.),.PIECEWISE_BEZIER_KNOTS.);
#1953 = CARTESIAN_POINT('',(2.E+03,-2.84217094304E-14,210.));
#1954 = CARTESIAN_POINT('',(2.35E+03,0.,170.));
#1955 = PCURVE('',#1642,#1956);
#1956 = DEFINITIONAL_REPRESENTATION('',(#1957),#1961);
#1957 = LINE('',#1958,#1959);
#1958 = CARTESIAN_POINT('',(0.,0.));
#1959 = VECTOR('',#1960,1.);
#1960 = DIRECTION('',(0.,1.));
#1961 = ( GEOMETRIC_REPRESENTATION_CONTEXT(2) 
PARAMETRIC_REPRESENTATION_CONTEXT() REPRESENTATION_CONTEXT('2D SPACE',''
  ) );
#1962 = PCURVE('',#1850,#1963);
#1963 = DEFINITIONAL_REPRESENTATION('',(#1964),#1968);
#1964 = LINE('',#1965,#1966);
#1965 = CARTESIAN_POINT('',(6.28318530718,0.));
#1966 = VECTOR('',#1967,1.);
#1967 = DIRECTION('',(0.,1.));
#1968 = ( GEOMETRIC_REPRESENTATION_CONTEXT(2) 
PARAMETRIC_REPRESENTATION_CONTEXT() REPRESENTATION_CONTEXT('2D SPACE',''
  ) );
#1969 = ADVANCED_FACE('',(#1970),#1731,.F.);
#1970 = FACE_BOUND('',#1971,.F.);
#1971 = EDGE_LOOP('',(#1972,#1973,#1995,#2038));
#1972 = ORIENTED_EDGE('',*,*,#1716,.T.);
#1973 = ORIENTED_EDGE('',*,*,#1974,.T.);
#1974 = EDGE_CURVE('',#1695,#1975,#1977,.T.);
#1975 = VERTEX_POINT('',#1976);
#1976 = CARTESIAN_POINT('',(2.35E+03,1.469576158977E-14,-130.));
#1977 = SURFACE_CURVE('',#1978,(#1981,#1988),.PCURVE_S1.);
#1978 = B_SPLINE_CURVE_WITH_KNOTS('',1,(#1979,#1980),.UNSPECIFIED.,.F.,
  .F.,(2,2),(0.,1.),.PIECEWISE_BEZIER_KNOTS.);
#1979 = CARTESIAN_POINT('',(2.E+03,2.84217094304E-14,-200.));
#1980 = CARTESIAN_POINT('',(2.35E+03,1.42108547152E-14,-130.));
#1981 = PCURVE('',#1731,#1982);
#1982 = DEFINITIONAL_REPRESENTATION('',(#1983),#1987);
#1983 = LINE('',#1984,#1985);
#1984 = CARTESIAN_POINT('',(3.14159265359,0.));
#1985 = VECTOR('',#1986,1.);
#1986 = DIRECTION('',(0.,1.));
#1987 = ( GEOMETRIC_REPRESENTATION_CONTEXT(2) 
PARAMETRIC_REPRESENTATION_CONTEXT() REPRESENTATION_CONTEXT('2D SPACE',''
  ) );
#1988 = PCURVE('',#1801,#1989);
#1989 = DEFINITIONAL_REPRESENTATION('',(#1990),#1994);
#1990 = LINE('',#1991,#1992);
#1991 = CARTESIAN_POINT('',(3.14159265359,0.));
#1992 = VECTOR('',#1993,1.);
#1993 = DIRECTION('',(0.,1.));
#1994 = ( GEOMETRIC_REPRESENTATION_CONTEXT(2) 
PARAMETRIC_REPRESENTATION_CONTEXT() REPRESENTATION_CONTEXT('2D SPACE',''
  ) );
#1995 = ORIENTED_EDGE('',*,*,#1996,.F.);
#1996 = EDGE_CURVE('',#1884,#1975,#1997,.T.);
#1997 = SURFACE_CURVE('',#1998,(#2003,#2010),.PCURVE_S1.);
#1998 = ELLIPSE('',#1999,150.,120.);
#1999 = AXIS2_PLACEMENT_3D('',#2000,#2001,#2002);
#2000 = CARTESIAN_POINT('',(2.35E+03,0.,20.));
#2001 = DIRECTION('',(-1.,0.,0.));
#2002 = DIRECTION('',(0.,0.,1.));
#2003 = PCURVE('',#1731,#2004);
#2004 = DEFINITIONAL_REPRESENTATION('',(#2005),#2009);
#2005 = LINE('',#2006,#2007);
#2006 = CARTESIAN_POINT('',(0.,1.));
#2007 = VECTOR('',#2008,1.);
#2008 = DIRECTION('',(1.,0.));
#2009 = ( GEOMETRIC_REPRESENTATION_CONTEXT(2) 
PARAMETRIC_REPRESENTATION_CONTEXT() REPRESENTATION_CONTEXT('2D SPACE',''
  ) );
#2010 = PCURVE('',#2011,#2032);
#2011 = B_SPLINE_SURFACE_WITH_KNOTS('',9,1,(
    (#2012,#2013)
    ,(#2014,#2015)
    ,(#2016,#2017)
    ,(#2018,#2019)
    ,(#2020,#2021)
    ,(#2022,#2023)
    ,(#2024,#2025)
    ,(#2026,#2027)
    ,(#2028,#2029)
    ,(#2030,#2031
    )),.UNSPECIFIED.,.F.,.F.,.F.,(10,10),(2,2),(1.570796326795,
    3.14159265359),(0.,1.),.PIECEWISE_BEZIER_KNOTS.);
#2012 = CARTESIAN_POINT('',(2.35E+03,120.,20.));
#2013 = CARTESIAN_POINT('',(2.65E+03,75.,25.));
#2014 = CARTESIAN_POINT('',(2.35E+03,119.99999999999,-6.179938779915));
#2015 = CARTESIAN_POINT('',(2.65E+03,75.,8.419372106054));
#2016 = CARTESIAN_POINT('',(2.35E+03,115.88766516533,-32.35987793499));
#2017 = CARTESIAN_POINT('',(2.65E+03,72.429790728335,-8.161256025497));
#2018 = CARTESIAN_POINT('',(2.35E+03,107.66299261894,-57.38630697412));
#2019 = CARTESIAN_POINT('',(2.65E+03,67.289370386838,-24.01132775027));
#2020 = CARTESIAN_POINT('',(2.35E+03,95.567584729268,-80.10573173215));
#2021 = CARTESIAN_POINT('',(2.65E+03,59.729740455791,-38.4002967637));
#2022 = CARTESIAN_POINT('',(2.35E+03,80.084585385732,-99.45948091159));
#2023 = CARTESIAN_POINT('',(2.65E+03,50.052865866084,-50.657671244));
#2024 = CARTESIAN_POINT('',(2.35E+03,61.909045579297,-114.5787407736));
#2025 = CARTESIAN_POINT('',(2.65E+03,38.693153487059,-60.23320248999));
#2026 = CARTESIAN_POINT('',(2.35E+03,41.887902347996,-124.8595814566));
#2027 = CARTESIAN_POINT('',(2.65E+03,26.179938967498,-66.74440158922));
#2028 = CARTESIAN_POINT('',(2.35E+03,20.943951023932,-129.9999999999));
#2029 = CARTESIAN_POINT('',(2.65E+03,13.089969389957,-70.));
#2030 = CARTESIAN_POINT('',(2.35E+03,1.42108547152E-14,-130.));
#2031 = CARTESIAN_POINT('',(2.65E+03,7.105427357601E-15,-70.));
#2032 = DEFINITIONAL_REPRESENTATION('',(#2033),#2037);
#2033 = LINE('',#2034,#2035);
#2034 = CARTESIAN_POINT('',(0.,0.));
#2035 = VECTOR('',#2036,1.);
#2036 = DIRECTION('',(1.,0.));
#2037 = ( GEOMETRIC_REPRESENTATION_CONTEXT(2) 
PARAMETRIC_REPRESENTATION_CONTEXT() REPRESENTATION_CONTEXT('2D SPACE',''
  ) );
#2038 = ORIENTED_EDGE('',*,*,#1883,.F.);
#2039 = ADVANCED_FACE('',(#2040),#1801,.F.);
#2040 = FACE_BOUND('',#2041,.F.);
#2041 = EDGE_LOOP('',(#2042,#2043,#2065,#2108));
#2042 = ORIENTED_EDGE('',*,*,#1786,.T.);
#2043 = ORIENTED_EDGE('',*,*,#2044,.T.);
#2044 = EDGE_CURVE('',#1765,#2045,#2047,.T.);
#2045 = VERTEX_POINT('',#2046);
#2046 = CARTESIAN_POINT('',(2.35E+03,-120.,20.));
#2047 = SURFACE_CURVE('',#2048,(#2051,#2058),.PCURVE_S1.);
#2048 = B_SPLINE_CURVE_WITH_KNOTS('',1,(#2049,#2050),.UNSPECIFIED.,.F.,
  .F.,(2,2),(0.,1.),.PIECEWISE_BEZIER_KNOTS.);
#2049 = CARTESIAN_POINT('',(2.E+03,-175.,5.));
#2050 = CARTESIAN_POINT('',(2.35E+03,-120.,20.));
#2051 = PCURVE('',#1801,#2052);
#2052 = DEFINITIONAL_REPRESENTATION('',(#2053),#2057);
#2053 = LINE('',#2054,#2055);
#2054 = CARTESIAN_POINT('',(4.712388980385,0.));
#2055 = VECTOR('',#2056,1.);
#2056 = DIRECTION('',(0.,1.));
#2057 = ( GEOMETRIC_REPRESENTATION_CONTEXT(2) 
PARAMETRIC_REPRESENTATION_CONTEXT() REPRESENTATION_CONTEXT('2D SPACE',''
  ) );
#2058 = PCURVE('',#1850,#2059);
#2059 = DEFINITIONAL_REPRESENTATION('',(#2060),#2064);
#2060 = LINE('',#2061,#2062);
#2061 = CARTESIAN_POINT('',(4.712388980385,0.));
#2062 = VECTOR('',#2063,1.);
#2063 = DIRECTION('',(0.,1.));
#2064 = ( GEOMETRIC_REPRESENTATION_CONTEXT(2) 
PARAMETRIC_REPRESENTATION_CONTEXT() REPRESENTATION_CONTEXT('2D SPACE',''
  ) );
#2065 = ORIENTED_EDGE('',*,*,#2066,.F.);
#2066 = EDGE_CURVE('',#1975,#2045,#2067,.T.);
#2067 = SURFACE_CURVE('',#2068,(#2073,#2080),.PCURVE_S1.);
#2068 = ELLIPSE('',#2069,150.,120.);
#2069 = AXIS2_PLACEMENT_3D('',#2070,#2071,#2072);
#2070 = CARTESIAN_POINT('',(2.35E+03,0.,20.));
#2071 = DIRECTION('',(-1.,0.,0.));
#2072 = DIRECTION('',(0.,0.,1.));
#2073 = PCURVE('',#1801,#2074);
#2074 = DEFINITIONAL_REPRESENTATION('',(#2075),#2079);
#2075 = LINE('',#2076,#2077);
#2076 = CARTESIAN_POINT('',(0.,1.));
#2077 = VECTOR('',#2078,1.);
#2078 = DIRECTION('',(1.,0.));
#2079 = ( GEOMETRIC_REPRESENTATION_CONTEXT(2) 
PARAMETRIC_REPRESENTATION_CONTEXT() REPRESENTATION_CONTEXT('2D SPACE',''
  ) );
#2080 = PCURVE('',#2081,#2102);
#2081 = B_SPLINE_SURFACE_WITH_KNOTS('',9,1,(
    (#2082,#2083)
    ,(#2084,#2085)
    ,(#2086,#2087)
    ,(#2088,#2089)
    ,(#2090,#2091)
    ,(#2092,#2093)
    ,(#2094,#2095)
    ,(#2096,#2097)
    ,(#2098,#2099)
    ,(#2100,#2101
    )),.UNSPECIFIED.,.F.,.F.,.F.,(10,10),(2,2),(3.14159265359,
    4.712388980385),(0.,1.),.PIECEWISE_BEZIER_KNOTS.);
#2082 = CARTESIAN_POINT('',(2.35E+03,2.84217094304E-14,-130.));
#2083 = CARTESIAN_POINT('',(2.65E+03,1.42108547152E-14,-70.));
#2084 = CARTESIAN_POINT('',(2.35E+03,-20.94395102393,-129.9999999999));
#2085 = CARTESIAN_POINT('',(2.65E+03,-13.08996938995,-69.99999999999));
#2086 = CARTESIAN_POINT('',(2.35E+03,-41.887902348,-124.8595814566));
#2087 = CARTESIAN_POINT('',(2.65E+03,-26.17993896749,-66.74440158922));
#2088 = CARTESIAN_POINT('',(2.35E+03,-61.90904557929,-114.5787407736));
#2089 = CARTESIAN_POINT('',(2.65E+03,-38.69315348705,-60.23320248999));
#2090 = CARTESIAN_POINT('',(2.35E+03,-80.08458538574,-99.4594809116));
#2091 = CARTESIAN_POINT('',(2.65E+03,-50.05286586608,-50.65767124401));
#2092 = CARTESIAN_POINT('',(2.35E+03,-95.56758472925,-80.10573173214));
#2093 = CARTESIAN_POINT('',(2.65E+03,-59.72974045578,-38.40029676369));
#2094 = CARTESIAN_POINT('',(2.35E+03,-107.6629926189,-57.38630697413));
#2095 = CARTESIAN_POINT('',(2.65E+03,-67.28937038684,-24.01132775028));
#2096 = CARTESIAN_POINT('',(2.35E+03,-115.8876651653,-32.35987793499));
#2097 = CARTESIAN_POINT('',(2.65E+03,-72.42979072833,-8.161256025495));
#2098 = CARTESIAN_POINT('',(2.35E+03,-120.,-6.179938779916));
#2099 = CARTESIAN_POINT('',(2.65E+03,-75.,8.419372106053));
#2100 = CARTESIAN_POINT('',(2.35E+03,-120.,20.));
#2101 = CARTESIAN_POINT('',(2.65E+03,-75.,25.));
#2102 = DEFINITIONAL_REPRESENTATION('',(#2103),#2107);
#2103 = LINE('',#2104,#2105);
#2104 = CARTESIAN_POINT('',(0.,0.));
#2105 = VECTOR('',#2106,1.);
#2106 = DIRECTION('',(1.,0.));
#2107 = ( GEOMETRIC_REPRESENTATION_CONTEXT(2) 
PARAMETRIC_REPRESENTATION_CONTEXT() REPRESENTATION_CONTEXT('2D SPACE',''
  ) );
#2108 = ORIENTED_EDGE('',*,*,#1974,.F.);
#2109 = ADVANCED_FACE('',(#2110),#1850,.F.);
#2110 = FACE_BOUND('',#2111,.F.);
#2111 = EDGE_LOOP('',(#2112,#2113,#2114,#2157));
#2112 = ORIENTED_EDGE('',*,*,#1835,.T.);
#2113 = ORIENTED_EDGE('',*,*,#1950,.T.);
#2114 = ORIENTED_EDGE('',*,*,#2115,.F.);
#2115 = EDGE_CURVE('',#2045,#1906,#2116,.T.);
#2116 = SURFACE_CURVE('',#2117,(#2122,#2129),.PCURVE_S1.);
#2117 = ELLIPSE('',#2118,150.,120.);
#2118 = AXIS2_PLACEMENT_3D('',#2119,#2120,#2121);
#2119 = CARTESIAN_POINT('',(2.35E+03,0.,20.));
#2120 = DIRECTION('',(-1.,0.,0.));
#2121 = DIRECTION('',(0.,0.,1.));
#2122 = PCURVE('',#1850,#2123);
#2123 = DEFINITIONAL_REPRESENTATION('',(#2124),#2128);
#2124 = LINE('',#2125,#2126);
#2125 = CARTESIAN_POINT('',(0.,1.));
#2126 = VECTOR('',#2127,1.);
#2127 = DIRECTION('',(1.,0.));
#2128 = ( GEOMETRIC_REPRESENTATION_CONTEXT(2) 
PARAMETRIC_REPRESENTATION_CONTEXT() REPRESENTATION_CONTEXT('2D SPACE',''
  ) );
#2129 = PCURVE('',#2130,#2151);
#2130 = B_SPLINE_SURFACE_WITH_KNOTS('',9,1,(
    (#2131,#2132)
    ,(#2133,#2134)
    ,(#2135,#2136)
    ,(#2137,#2138)
    ,(#2139,#2140)
    ,(#2141,#2142)
    ,(#2143,#2144)
    ,(#2145,#2146)
    ,(#2147,#2148)
    ,(#2149,#2150
    )),.UNSPECIFIED.,.F.,.F.,.F.,(10,10),(2,2),(4.712388980385,
    6.28318530718),(0.,1.),.PIECEWISE_BEZIER_KNOTS.);
#2131 = CARTESIAN_POINT('',(2.35E+03,-120.,20.));
#2132 = CARTESIAN_POINT('',(2.65E+03,-75.,25.));
#2133 = CARTESIAN_POINT('',(2.35E+03,-119.9999999999,46.179938779913));
#2134 = CARTESIAN_POINT('',(2.65E+03,-74.99999999999,41.580627893944));
#2135 = CARTESIAN_POINT('',(2.35E+03,-115.8876651653,72.359877935003));
#2136 = CARTESIAN_POINT('',(2.65E+03,-72.42979072833,58.161256025503));
#2137 = CARTESIAN_POINT('',(2.35E+03,-107.6629926189,97.386306974106));
#2138 = CARTESIAN_POINT('',(2.65E+03,-67.28937038683,74.011327750266));
#2139 = CARTESIAN_POINT('',(2.35E+03,-95.56758472928,120.10573173218));
#2140 = CARTESIAN_POINT('',(2.65E+03,-59.72974045579,88.40029676372));
#2141 = CARTESIAN_POINT('',(2.35E+03,-80.08458538571,139.45948091156));
#2142 = CARTESIAN_POINT('',(2.65E+03,-50.05286586607,100.65767124398));
#2143 = CARTESIAN_POINT('',(2.35E+03,-61.9090455793,154.57874077369));
#2144 = CARTESIAN_POINT('',(2.65E+03,-38.69315348706,110.23320249));
#2145 = CARTESIAN_POINT('',(2.35E+03,-41.88790234799,164.85958145666));
#2146 = CARTESIAN_POINT('',(2.65E+03,-26.17993896749,116.74440158921));
#2147 = CARTESIAN_POINT('',(2.35E+03,-20.94395102393,170.));
#2148 = CARTESIAN_POINT('',(2.65E+03,-13.08996938995,120.));
#2149 = CARTESIAN_POINT('',(2.35E+03,-4.263256414561E-14,170.));
#2150 = CARTESIAN_POINT('',(2.65E+03,-1.42108547152E-14,120.));
#2151 = DEFINITIONAL_REPRESENTATION('',(#2152),#2156);
#2152 = LINE('',#2153,#2154);
#2153 = CARTESIAN_POINT('',(0.,0.));
#2154 = VECTOR('',#2155,1.);
#2155 = DIRECTION('',(1.,0.));
#2156 = ( GEOMETRIC_REPRESENTATION_CONTEXT(2) 
PARAMETRIC_REPRESENTATION_CONTEXT() REPRESENTATION_CONTEXT('2D SPACE',''
  ) );
#2157 = ORIENTED_EDGE('',*,*,#2044,.F.);
#2158 = ADVANCED_FACE('',(#2159),#1922,.F.);
#2159 = FACE_BOUND('',#2160,.F.);
#2160 = EDGE_LOOP('',(#2161,#2162,#2184,#2229));
#2161 = ORIENTED_EDGE('',*,*,#1905,.T.);
#2162 = ORIENTED_EDGE('',*,*,#2163,.T.);
#2163 = EDGE_CURVE('',#1884,#2164,#2166,.T.);
#2164 = VERTEX_POINT('',#2165);
#2165 = CARTESIAN_POINT('',(2.65E+03,75.,25.));
#2166 = SURFACE_CURVE('',#2167,(#2170,#2177),.PCURVE_S1.);
#2167 = B_SPLINE_CURVE_WITH_KNOTS('',1,(#2168,#2169),.UNSPECIFIED.,.F.,
  .F.,(2,2),(0.,1.),.PIECEWISE_BEZIER_KNOTS.);
#2168 = CARTESIAN_POINT('',(2.35E+03,120.,20.));
#2169 = CARTESIAN_POINT('',(2.65E+03,75.,25.));
#2170 = PCURVE('',#1922,#2171);
#2171 = DEFINITIONAL_REPRESENTATION('',(#2172),#2176);
#2172 = LINE('',#2173,#2174);
#2173 = CARTESIAN_POINT('',(1.570796326795,0.));
#2174 = VECTOR('',#2175,1.);
#2175 = DIRECTION('',(0.,1.));
#2176 = ( GEOMETRIC_REPRESENTATION_CONTEXT(2) 
PARAMETRIC_REPRESENTATION_CONTEXT() REPRESENTATION_CONTEXT('2D SPACE',''
  ) );
#2177 = PCURVE('',#2011,#2178);
#2178 = DEFINITIONAL_REPRESENTATION('',(#2179),#2183);
#2179 = LINE('',#2180,#2181);
#2180 = CARTESIAN_POINT('',(1.570796326795,0.));
#2181 = VECTOR('',#2182,1.);
#2182 = DIRECTION('',(0.,1.));
#2183 = ( GEOMETRIC_REPRESENTATION_CONTEXT(2) 
PARAMETRIC_REPRESENTATION_CONTEXT() REPRESENTATION_CONTEXT('2D SPACE',''
  ) );
#2184 = ORIENTED_EDGE('',*,*,#2185,.F.);
#2185 = EDGE_CURVE('',#2186,#2164,#2188,.T.);
#2186 = VERTEX_POINT('',#2187);
#2187 = CARTESIAN_POINT('',(2.65E+03,-9.184850989868E-15,120.));
#2188 = SURFACE_CURVE('',#2189,(#2194,#2201),.PCURVE_S1.);
#2189 = ELLIPSE('',#2190,95.,75.);
#2190 = AXIS2_PLACEMENT_3D('',#2191,#2192,#2193);
#2191 = CARTESIAN_POINT('',(2.65E+03,0.,25.));
#2192 = DIRECTION('',(-1.,0.,0.));
#2193 = DIRECTION('',(0.,0.,1.));
#2194 = PCURVE('',#1922,#2195);
#2195 = DEFINITIONAL_REPRESENTATION('',(#2196),#2200);
#2196 = LINE('',#2197,#2198);
#2197 = CARTESIAN_POINT('',(0.,1.));
#2198 = VECTOR('',#2199,1.);
#2199 = DIRECTION('',(1.,0.));
#2200 = ( GEOMETRIC_REPRESENTATION_CONTEXT(2) 
PARAMETRIC_REPRESENTATION_CONTEXT() REPRESENTATION_CONTEXT('2D SPACE',''
  ) );
#2201 = PCURVE('',#2202,#2223);
#2202 = B_SPLINE_SURFACE_WITH_KNOTS('',9,1,(
    (#2203,#2204)
    ,(#2205,#2206)
    ,(#2207,#2208)
    ,(#2209,#2210)
    ,(#2211,#2212)
    ,(#2213,#2214)
    ,(#2215,#2216)
    ,(#2217,#2218)
    ,(#2219,#2220)
    ,(#2221,#2222
    )),.UNSPECIFIED.,.F.,.F.,.F.,(10,10),(2,2),(0.,1.570796326795),(0.,
    1.),.PIECEWISE_BEZIER_KNOTS.);
#2203 = CARTESIAN_POINT('',(2.65E+03,0.,120.));
#2204 = CARTESIAN_POINT('',(2.85E+03,-3.552713678801E-15,70.));
#2205 = CARTESIAN_POINT('',(2.65E+03,13.089969389957,120.));
#2206 = CARTESIAN_POINT('',(2.85E+03,6.981317007977,69.999999999999));
#2207 = CARTESIAN_POINT('',(2.65E+03,26.179938967498,116.74440158922));
#2208 = CARTESIAN_POINT('',(2.85E+03,13.962634116,68.457874437003));
#2209 = CARTESIAN_POINT('',(2.65E+03,38.69315348706,110.23320248999));
#2210 = CARTESIAN_POINT('',(2.85E+03,20.636348526429,65.373622232097));
#2211 = CARTESIAN_POINT('',(2.65E+03,50.052865866084,100.65767124401));
#2212 = CARTESIAN_POINT('',(2.85E+03,26.694861795249,60.837844273483));
#2213 = CARTESIAN_POINT('',(2.65E+03,59.729740455791,88.400296763698));
#2214 = CARTESIAN_POINT('',(2.85E+03,31.855861576418,55.031719519641));
#2215 = CARTESIAN_POINT('',(2.65E+03,67.289370386839,74.011327750282));
#2216 = CARTESIAN_POINT('',(2.85E+03,35.887664206317,48.215892092242));
#2217 = CARTESIAN_POINT('',(2.65E+03,72.429790728335,58.161256025494));
#2218 = CARTESIAN_POINT('',(2.85E+03,38.629221721777,40.707963380496));
#2219 = CARTESIAN_POINT('',(2.65E+03,75.,41.580627893947));
#2220 = CARTESIAN_POINT('',(2.85E+03,40.,32.853981633975));
#2221 = CARTESIAN_POINT('',(2.65E+03,75.,25.));
#2222 = CARTESIAN_POINT('',(2.85E+03,40.,25.));
#2223 = DEFINITIONAL_REPRESENTATION('',(#2224),#2228);
#2224 = LINE('',#2225,#2226);
#2225 = CARTESIAN_POINT('',(0.,0.));
#2226 = VECTOR('',#2227,1.);
#2227 = DIRECTION('',(1.,0.));
#2228 = ( GEOMETRIC_REPRESENTATION_CONTEXT(2) 
PARAMETRIC_REPRESENTATION_CONTEXT() REPRESENTATION_CONTEXT('2D SPACE',''
  ) );
#2229 = ORIENTED_EDGE('',*,*,#2230,.F.);
#2230 = EDGE_CURVE('',#1906,#2186,#2231,.T.);
#2231 = SURFACE_CURVE('',#2232,(#2235,#2242),.PCURVE_S1.);
#2232 = B_SPLINE_CURVE_WITH_KNOTS('',1,(#2233,#2234),.UNSPECIFIED.,.F.,
  .F.,(2,2),(0.,1.),.PIECEWISE_BEZIER_KNOTS.);
#2233 = CARTESIAN_POINT('',(2.35E+03,0.,170.));
#2234 = CARTESIAN_POINT('',(2.65E+03,0.,120.));
#2235 = PCURVE('',#1922,#2236);
#2236 = DEFINITIONAL_REPRESENTATION('',(#2237),#2241);
#2237 = LINE('',#2238,#2239);
#2238 = CARTESIAN_POINT('',(0.,0.));
#2239 = VECTOR('',#2240,1.);
#2240 = DIRECTION('',(0.,1.));
#2241 = ( GEOMETRIC_REPRESENTATION_CONTEXT(2) 
PARAMETRIC_REPRESENTATION_CONTEXT() REPRESENTATION_CONTEXT('2D SPACE',''
  ) );
#2242 = PCURVE('',#2130,#2243);
#2243 = DEFINITIONAL_REPRESENTATION('',(#2244),#2248);
#2244 = LINE('',#2245,#2246);
#2245 = CARTESIAN_POINT('',(6.28318530718,0.));
#2246 = VECTOR('',#2247,1.);
#2247 = DIRECTION('',(0.,1.));
#2248 = ( GEOMETRIC_REPRESENTATION_CONTEXT(2) 
PARAMETRIC_REPRESENTATION_CONTEXT() REPRESENTATION_CONTEXT('2D SPACE',''
  ) );
#2249 = ADVANCED_FACE('',(#2250),#2011,.F.);
#2250 = FACE_BOUND('',#2251,.F.);
#2251 = EDGE_LOOP('',(#2252,#2253,#2275,#2318));
#2252 = ORIENTED_EDGE('',*,*,#1996,.T.);
#2253 = ORIENTED_EDGE('',*,*,#2254,.T.);
#2254 = EDGE_CURVE('',#1975,#2255,#2257,.T.);
#2255 = VERTEX_POINT('',#2256);
#2256 = CARTESIAN_POINT('',(2.65E+03,9.184850993605E-15,-70.));
#2257 = SURFACE_CURVE('',#2258,(#2261,#2268),.PCURVE_S1.);
#2258 = B_SPLINE_CURVE_WITH_KNOTS('',1,(#2259,#2260),.UNSPECIFIED.,.F.,
  .F.,(2,2),(0.,1.),.PIECEWISE_BEZIER_KNOTS.);
#2259 = CARTESIAN_POINT('',(2.35E+03,1.42108547152E-14,-130.));
#2260 = CARTESIAN_POINT('',(2.65E+03,7.105427357601E-15,-70.));
#2261 = PCURVE('',#2011,#2262);
#2262 = DEFINITIONAL_REPRESENTATION('',(#2263),#2267);
#2263 = LINE('',#2264,#2265);
#2264 = CARTESIAN_POINT('',(3.14159265359,0.));
#2265 = VECTOR('',#2266,1.);
#2266 = DIRECTION('',(0.,1.));
#2267 = ( GEOMETRIC_REPRESENTATION_CONTEXT(2) 
PARAMETRIC_REPRESENTATION_CONTEXT() REPRESENTATION_CONTEXT('2D SPACE',''
  ) );
#2268 = PCURVE('',#2081,#2269);
#2269 = DEFINITIONAL_REPRESENTATION('',(#2270),#2274);
#2270 = LINE('',#2271,#2272);
#2271 = CARTESIAN_POINT('',(3.14159265359,0.));
#2272 = VECTOR('',#2273,1.);
#2273 = DIRECTION('',(0.,1.));
#2274 = ( GEOMETRIC_REPRESENTATION_CONTEXT(2) 
PARAMETRIC_REPRESENTATION_CONTEXT() REPRESENTATION_CONTEXT('2D SPACE',''
  ) );
#2275 = ORIENTED_EDGE('',*,*,#2276,.F.);
#2276 = EDGE_CURVE('',#2164,#2255,#2277,.T.);
#2277 = SURFACE_CURVE('',#2278,(#2283,#2290),.PCURVE_S1.);
#2278 = ELLIPSE('',#2279,95.,75.);
#2279 = AXIS2_PLACEMENT_3D('',#2280,#2281,#2282);
#2280 = CARTESIAN_POINT('',(2.65E+03,0.,25.));
#2281 = DIRECTION('',(-1.,0.,0.));
#2282 = DIRECTION('',(0.,0.,1.));
#2283 = PCURVE('',#2011,#2284);
#2284 = DEFINITIONAL_REPRESENTATION('',(#2285),#2289);
#2285 = LINE('',#2286,#2287);
#2286 = CARTESIAN_POINT('',(0.,1.));
#2287 = VECTOR('',#2288,1.);
#2288 = DIRECTION('',(1.,0.));
#2289 = ( GEOMETRIC_REPRESENTATION_CONTEXT(2) 
PARAMETRIC_REPRESENTATION_CONTEXT() REPRESENTATION_CONTEXT('2D SPACE',''
  ) );
#2290 = PCURVE('',#2291,#2312);
#2291 = B_SPLINE_SURFACE_WITH_KNOTS('',9,1,(
    (#2292,#2293)
    ,(#2294,#2295)
    ,(#2296,#2297)
    ,(#2298,#2299)
    ,(#2300,#2301)
    ,(#2302,#2303)
    ,(#2304,#2305)
    ,(#2306,#2307)
    ,(#2308,#2309)
    ,(#2310,#2311
    )),.UNSPECIFIED.,.F.,.F.,.F.,(10,10),(2,2),(1.570796326795,
    3.14159265359),(0.,1.),.PIECEWISE_BEZIER_KNOTS.);
#2292 = CARTESIAN_POINT('',(2.65E+03,75.,25.));
#2293 = CARTESIAN_POINT('',(2.85E+03,40.,25.));
#2294 = CARTESIAN_POINT('',(2.65E+03,75.,8.419372106054));
#2295 = CARTESIAN_POINT('',(2.85E+03,40.,17.146018366025));
#2296 = CARTESIAN_POINT('',(2.65E+03,72.429790728335,-8.161256025497));
#2297 = CARTESIAN_POINT('',(2.85E+03,38.629221721779,9.292036619502));
#2298 = CARTESIAN_POINT('',(2.65E+03,67.289370386838,-24.01132775027));
#2299 = CARTESIAN_POINT('',(2.85E+03,35.887664206314,1.784107907764));
#2300 = CARTESIAN_POINT('',(2.65E+03,59.729740455791,-38.4002967637));
#2301 = CARTESIAN_POINT('',(2.85E+03,31.855861576422,-5.03171951965));
#2302 = CARTESIAN_POINT('',(2.65E+03,50.052865866084,-50.657671244));
#2303 = CARTESIAN_POINT('',(2.85E+03,26.694861795244,-10.83784427347));
#2304 = CARTESIAN_POINT('',(2.65E+03,38.693153487059,-60.23320248999));
#2305 = CARTESIAN_POINT('',(2.85E+03,20.636348526432,-15.3736222321));
#2306 = CARTESIAN_POINT('',(2.65E+03,26.179938967498,-66.74440158922));
#2307 = CARTESIAN_POINT('',(2.85E+03,13.962634115999,-18.457874437));
#2308 = CARTESIAN_POINT('',(2.65E+03,13.089969389957,-70.));
#2309 = CARTESIAN_POINT('',(2.85E+03,6.981317007977,-20.));
#2310 = CARTESIAN_POINT('',(2.65E+03,7.105427357601E-15,-70.));
#2311 = CARTESIAN_POINT('',(2.85E+03,3.552713678801E-15,-20.));
#2312 = DEFINITIONAL_REPRESENTATION('',(#2313),#2317);
#2313 = LINE('',#2314,#2315);
#2314 = CARTESIAN_POINT('',(0.,0.));
#2315 = VECTOR('',#2316,1.);
#2316 = DIRECTION('',(1.,0.));
#2317 = ( GEOMETRIC_REPRESENTATION_CONTEXT(2) 
PARAMETRIC_REPRESENTATION_CONTEXT() REPRESENTATION_CONTEXT('2D SPACE',''
  ) );
#2318 = ORIENTED_EDGE('',*,*,#2163,.F.);
#2319 = ADVANCED_FACE('',(#2320),#2081,.F.);
#2320 = FACE_BOUND('',#2321,.F.);
#2321 = EDGE_LOOP('',(#2322,#2323,#2345,#2388));
#2322 = ORIENTED_EDGE('',*,*,#2066,.T.);
#2323 = ORIENTED_EDGE('',*,*,#2324,.T.);
#2324 = EDGE_CURVE('',#2045,#2325,#2327,.T.);
#2325 = VERTEX_POINT('',#2326);
#2326 = CARTESIAN_POINT('',(2.65E+03,-75.,25.));
#2327 = SURFACE_CURVE('',#2328,(#2331,#2338),.PCURVE_S1.);
#2328 = B_SPLINE_CURVE_WITH_KNOTS('',1,(#2329,#2330),.UNSPECIFIED.,.F.,
  .F.,(2,2),(0.,1.),.PIECEWISE_BEZIER_KNOTS.);
#2329 = CARTESIAN_POINT('',(2.35E+03,-120.,20.));
#2330 = CARTESIAN_POINT('',(2.65E+03,-75.,25.));
#2331 = PCURVE('',#2081,#2332);
#2332 = DEFINITIONAL_REPRESENTATION('',(#2333),#2337);
#2333 = LINE('',#2334,#2335);
#2334 = CARTESIAN_POINT('',(4.712388980385,0.));
#2335 = VECTOR('',#2336,1.);
#2336 = DIRECTION('',(0.,1.));
#2337 = ( GEOMETRIC_REPRESENTATION_CONTEXT(2) 
PARAMETRIC_REPRESENTATION_CONTEXT() REPRESENTATION_CONTEXT('2D SPACE',''
  ) );
#2338 = PCURVE('',#2130,#2339);
#2339 = DEFINITIONAL_REPRESENTATION('',(#2340),#2344);
#2340 = LINE('',#2341,#2342);
#2341 = CARTESIAN_POINT('',(4.712388980385,0.));
#2342 = VECTOR('',#2343,1.);
#2343 = DIRECTION('',(0.,1.));
#2344 = ( GEOMETRIC_REPRESENTATION_CONTEXT(2) 
PARAMETRIC_REPRESENTATION_CONTEXT() REPRESENTATION_CONTEXT('2D SPACE',''
  ) );
#2345 = ORIENTED_EDGE('',*,*,#2346,.F.);
#2346 = EDGE_CURVE('',#2255,#2325,#2347,.T.);
#2347 = SURFACE_CURVE('',#2348,(#2353,#2360),.PCURVE_S1.);
#2348 = ELLIPSE('',#2349,95.,75.);
#2349 = AXIS2_PLACEMENT_3D('',#2350,#2351,#2352);
#2350 = CARTESIAN_POINT('',(2.65E+03,0.,25.));
#2351 = DIRECTION('',(-1.,0.,0.));
#2352 = DIRECTION('',(0.,0.,1.));
#2353 = PCURVE('',#2081,#2354);
#2354 = DEFINITIONAL_REPRESENTATION('',(#2355),#2359);
#2355 = LINE('',#2356,#2357);
#2356 = CARTESIAN_POINT('',(0.,1.));
#2357 = VECTOR('',#2358,1.);
#2358 = DIRECTION('',(1.,0.));
#2359 = ( GEOMETRIC_REPRESENTATION_CONTEXT(2) 
PARAMETRIC_REPRESENTATION_CONTEXT() REPRESENTATION_CONTEXT('2D SPACE',''
  ) );
#2360 = PCURVE('',#2361,#2382);
#2361 = B_SPLINE_SURFACE_WITH_KNOTS('',9,1,(
    (#2362,#2363)
    ,(#2364,#2365)
    ,(#2366,#2367)
    ,(#2368,#2369)
    ,(#2370,#2371)
    ,(#2372,#2373)
    ,(#2374,#2375)
    ,(#2376,#2377)
    ,(#2378,#2379)
    ,(#2380,#2381
    )),.UNSPECIFIED.,.F.,.F.,.F.,(10,10),(2,2),(3.14159265359,
    4.712388980385),(0.,1.),.PIECEWISE_BEZIER_KNOTS.);
#2362 = CARTESIAN_POINT('',(2.65E+03,1.42108547152E-14,-70.));
#2363 = CARTESIAN_POINT('',(2.85E+03,7.105427357601E-15,-20.));
#2364 = CARTESIAN_POINT('',(2.65E+03,-13.08996938995,-69.99999999999));
#2365 = CARTESIAN_POINT('',(2.85E+03,-6.981317007977,-20.));
#2366 = CARTESIAN_POINT('',(2.65E+03,-26.17993896749,-66.74440158922));
#2367 = CARTESIAN_POINT('',(2.85E+03,-13.962634116,-18.457874437));
#2368 = CARTESIAN_POINT('',(2.65E+03,-38.69315348705,-60.23320248999));
#2369 = CARTESIAN_POINT('',(2.85E+03,-20.63634852643,-15.3736222321));
#2370 = CARTESIAN_POINT('',(2.65E+03,-50.05286586608,-50.65767124401));
#2371 = CARTESIAN_POINT('',(2.85E+03,-26.69486179524,-10.83784427347));
#2372 = CARTESIAN_POINT('',(2.65E+03,-59.72974045578,-38.40029676369));
#2373 = CARTESIAN_POINT('',(2.85E+03,-31.85586157641,-5.031719519648));
#2374 = CARTESIAN_POINT('',(2.65E+03,-67.28937038684,-24.01132775028));
#2375 = CARTESIAN_POINT('',(2.85E+03,-35.88766420631,1.784107907763));
#2376 = CARTESIAN_POINT('',(2.65E+03,-72.42979072833,-8.161256025495));
#2377 = CARTESIAN_POINT('',(2.85E+03,-38.62922172177,9.292036619502));
#2378 = CARTESIAN_POINT('',(2.65E+03,-75.,8.419372106053));
#2379 = CARTESIAN_POINT('',(2.85E+03,-40.,17.146018366025));
#2380 = CARTESIAN_POINT('',(2.65E+03,-75.,25.));
#2381 = CARTESIAN_POINT('',(2.85E+03,-40.,25.));
#2382 = DEFINITIONAL_REPRESENTATION('',(#2383),#2387);
#2383 = LINE('',#2384,#2385);
#2384 = CARTESIAN_POINT('',(0.,0.));
#2385 = VECTOR('',#2386,1.);
#2386 = DIRECTION('',(1.,0.));
#2387 = ( GEOMETRIC_REPRESENTATION_CONTEXT(2) 
PARAMETRIC_REPRESENTATION_CONTEXT() REPRESENTATION_CONTEXT('2D SPACE',''
  ) );
#2388 = ORIENTED_EDGE('',*,*,#2254,.F.);
#2389 = ADVANCED_FACE('',(#2390),#2130,.F.);
#2390 = FACE_BOUND('',#2391,.F.);
#2391 = EDGE_LOOP('',(#2392,#2393,#2394,#2437));
#2392 = ORIENTED_EDGE('',*,*,#2115,.T.);
#2393 = ORIENTED_EDGE('',*,*,#2230,.T.);
#2394 = ORIENTED_EDGE('',*,*,#2395,.F.);
#2395 = EDGE_CURVE('',#2325,#2186,#2396,.T.);
#2396 = SURFACE_CURVE('',#2397,(#2402,#2409),.PCURVE_S1.);
#2397 = ELLIPSE('',#2398,95.,75.);
#2398 = AXIS2_PLACEMENT_3D('',#2399,#2400,#2401);
#2399 = CARTESIAN_POINT('',(2.65E+03,0.,25.));
#2400 = DIRECTION('',(-1.,0.,0.));
#2401 = DIRECTION('',(0.,0.,1.));
#2402 = PCURVE('',#2130,#2403);
#2403 = DEFINITIONAL_REPRESENTATION('',(#2404),#2408);
#2404 = LINE('',#2405,#2406);
#2405 = CARTESIAN_POINT('',(0.,1.));
#2406 = VECTOR('',#2407,1.);
#2407 = DIRECTION('',(1.,0.));
#2408 = ( GEOMETRIC_REPRESENTATION_CONTEXT(2) 
PARAMETRIC_REPRESENTATION_CONTEXT() REPRESENTATION_CONTEXT('2D SPACE',''
  ) );
#2409 = PCURVE('',#2410,#2431);
#2410 = B_SPLINE_SURFACE_WITH_KNOTS('',9,1,(
    (#2411,#2412)
    ,(#2413,#2414)
    ,(#2415,#2416)
    ,(#2417,#2418)
    ,(#2419,#2420)
    ,(#2421,#2422)
    ,(#2423,#2424)
    ,(#2425,#2426)
    ,(#2427,#2428)
    ,(#2429,#2430
    )),.UNSPECIFIED.,.F.,.F.,.F.,(10,10),(2,2),(4.712388980385,
    6.28318530718),(0.,1.),.PIECEWISE_BEZIER_KNOTS.);
#2411 = CARTESIAN_POINT('',(2.65E+03,-75.,25.));
#2412 = CARTESIAN_POINT('',(2.85E+03,-40.,25.));
#2413 = CARTESIAN_POINT('',(2.65E+03,-74.99999999999,41.580627893944));
#2414 = CARTESIAN_POINT('',(2.85E+03,-40.,32.853981633973));
#2415 = CARTESIAN_POINT('',(2.65E+03,-72.42979072833,58.161256025503));
#2416 = CARTESIAN_POINT('',(2.85E+03,-38.62922172178,40.707963380502));
#2417 = CARTESIAN_POINT('',(2.65E+03,-67.28937038683,74.011327750266));
#2418 = CARTESIAN_POINT('',(2.85E+03,-35.88766420631,48.21589209223));
#2419 = CARTESIAN_POINT('',(2.65E+03,-59.72974045579,88.40029676372));
#2420 = CARTESIAN_POINT('',(2.85E+03,-31.85586157642,55.031719519658));
#2421 = CARTESIAN_POINT('',(2.65E+03,-50.05286586607,100.65767124398));
#2422 = CARTESIAN_POINT('',(2.85E+03,-26.69486179523,60.837844273467));
#2423 = CARTESIAN_POINT('',(2.65E+03,-38.69315348706,110.23320249));
#2424 = CARTESIAN_POINT('',(2.85E+03,-20.63634852643,65.373622232108));
#2425 = CARTESIAN_POINT('',(2.65E+03,-26.17993896749,116.74440158921));
#2426 = CARTESIAN_POINT('',(2.85E+03,-13.96263411599,68.457874436998));
#2427 = CARTESIAN_POINT('',(2.65E+03,-13.08996938995,120.));
#2428 = CARTESIAN_POINT('',(2.85E+03,-6.981317007978,70.000000000001));
#2429 = CARTESIAN_POINT('',(2.65E+03,-1.42108547152E-14,120.));
#2430 = CARTESIAN_POINT('',(2.85E+03,-1.42108547152E-14,70.));
#2431 = DEFINITIONAL_REPRESENTATION('',(#2432),#2436);
#2432 = LINE('',#2433,#2434);
#2433 = CARTESIAN_POINT('',(0.,0.));
#2434 = VECTOR('',#2435,1.);
#2435 = DIRECTION('',(1.,0.));
#2436 = ( GEOMETRIC_REPRESENTATION_CONTEXT(2) 
PARAMETRIC_REPRESENTATION_CONTEXT() REPRESENTATION_CONTEXT('2D SPACE',''
  ) );
#2437 = ORIENTED_EDGE('',*,*,#2324,.F.);
#2438 = ADVANCED_FACE('',(#2439),#2202,.F.);
#2439 = FACE_BOUND('',#2440,.F.);
#2440 = EDGE_LOOP('',(#2441,#2442,#2464,#2493));
#2441 = ORIENTED_EDGE('',*,*,#2185,.T.);
#2442 = ORIENTED_EDGE('',*,*,#2443,.T.);
#2443 = EDGE_CURVE('',#2164,#2444,#2446,.T.);
#2444 = VERTEX_POINT('',#2445);
#2445 = CARTESIAN_POINT('',(2.85E+03,40.,25.));
#2446 = SURFACE_CURVE('',#2447,(#2450,#2457),.PCURVE_S1.);
#2447 = B_SPLINE_CURVE_WITH_KNOTS('',1,(#2448,#2449),.UNSPECIFIED.,.F.,
  .F.,(2,2),(0.,1.),.PIECEWISE_BEZIER_KNOTS.);
#2448 = CARTESIAN_POINT('',(2.65E+03,75.,25.));
#2449 = CARTESIAN_POINT('',(2.85E+03,40.,25.));
#2450 = PCURVE('',#2202,#2451);
#2451 = DEFINITIONAL_REPRESENTATION('',(#2452),#2456);
#2452 = LINE('',#2453,#2454);
#2453 = CARTESIAN_POINT('',(1.570796326795,0.));
#2454 = VECTOR('',#2455,1.);
#2455 = DIRECTION('',(0.,1.));
#2456 = ( GEOMETRIC_REPRESENTATION_CONTEXT(2) 
PARAMETRIC_REPRESENTATION_CONTEXT() REPRESENTATION_CONTEXT('2D SPACE',''
  ) );
#2457 = PCURVE('',#2291,#2458);
#2458 = DEFINITIONAL_REPRESENTATION('',(#2459),#2463);
#2459 = LINE('',#2460,#2461);
#2460 = CARTESIAN_POINT('',(1.570796326795,0.));
#2461 = VECTOR('',#2462,1.);
#2462 = DIRECTION('',(0.,1.));
#2463 = ( GEOMETRIC_REPRESENTATION_CONTEXT(2) 
PARAMETRIC_REPRESENTATION_CONTEXT() REPRESENTATION_CONTEXT('2D SPACE',''
  ) );
#2464 = ORIENTED_EDGE('',*,*,#2465,.F.);
#2465 = EDGE_CURVE('',#2466,#2444,#2468,.T.);
#2466 = VERTEX_POINT('',#2467);
#2467 = CARTESIAN_POINT('',(2.85E+03,-4.898587194596E-15,70.));
#2468 = SURFACE_CURVE('',#2469,(#2474,#2481),.PCURVE_S1.);
#2469 = ELLIPSE('',#2470,45.,40.);
#2470 = AXIS2_PLACEMENT_3D('',#2471,#2472,#2473);
#2471 = CARTESIAN_POINT('',(2.85E+03,0.,25.));
#2472 = DIRECTION('',(-1.,0.,0.));
#2473 = DIRECTION('',(0.,0.,1.));
#2474 = PCURVE('',#2202,#2475);
#2475 = DEFINITIONAL_REPRESENTATION('',(#2476),#2480);
#2476 = LINE('',#2477,#2478);
#2477 = CARTESIAN_POINT('',(0.,1.));
#2478 = VECTOR('',#2479,1.);
#2479 = DIRECTION('',(1.,0.));
#2480 = ( GEOMETRIC_REPRESENTATION_CONTEXT(2) 
PARAMETRIC_REPRESENTATION_CONTEXT() REPRESENTATION_CONTEXT('2D SPACE',''
  ) );
#2481 = PCURVE('',#2482,#2487);
#2482 = PLANE('',#2483);
#2483 = AXIS2_PLACEMENT_3D('',#2484,#2485,#2486);
#2484 = CARTESIAN_POINT('',(2.85E+03,0.,25.));
#2485 = DIRECTION('',(-1.,0.,0.));
#2486 = DIRECTION('',(0.,0.,1.));
#2487 = DEFINITIONAL_REPRESENTATION('',(#2488),#2492);
#2488 = ELLIPSE('',#2489,45.,40.);
#2489 = AXIS2_PLACEMENT_2D('',#2490,#2491);
#2490 = CARTESIAN_POINT('',(0.,0.));
#2491 = DIRECTION('',(1.,0.));
#2492 = ( GEOMETRIC_REPRESENTATION_CONTEXT(2) 
PARAMETRIC_REPRESENTATION_CONTEXT() REPRESENTATION_CONTEXT('2D SPACE',''
  ) );
#2493 = ORIENTED_EDGE('',*,*,#2494,.F.);
#2494 = EDGE_CURVE('',#2186,#2466,#2495,.T.);
#2495 = SURFACE_CURVE('',#2496,(#2499,#2506),.PCURVE_S1.);
#2496 = B_SPLINE_CURVE_WITH_KNOTS('',1,(#2497,#2498),.UNSPECIFIED.,.F.,
  .F.,(2,2),(0.,1.),.PIECEWISE_BEZIER_KNOTS.);
#2497 = CARTESIAN_POINT('',(2.65E+03,0.,120.));
#2498 = CARTESIAN_POINT('',(2.85E+03,-3.552713678801E-15,70.));
#2499 = PCURVE('',#2202,#2500);
#2500 = DEFINITIONAL_REPRESENTATION('',(#2501),#2505);
#2501 = LINE('',#2502,#2503);
#2502 = CARTESIAN_POINT('',(0.,0.));
#2503 = VECTOR('',#2504,1.);
#2504 = DIRECTION('',(0.,1.));
#2505 = ( GEOMETRIC_REPRESENTATION_CONTEXT(2) 
PARAMETRIC_REPRESENTATION_CONTEXT() REPRESENTATION_CONTEXT('2D SPACE',''
  ) );
#2506 = PCURVE('',#2410,#2507);
#2507 = DEFINITIONAL_REPRESENTATION('',(#2508),#2512);
#2508 = LINE('',#2509,#2510);
#2509 = CARTESIAN_POINT('',(6.28318530718,0.));
#2510 = VECTOR('',#2511,1.);
#2511 = DIRECTION('',(0.,1.));
#2512 = ( GEOMETRIC_REPRESENTATION_CONTEXT(2) 
PARAMETRIC_REPRESENTATION_CONTEXT() REPRESENTATION_CONTEXT('2D SPACE',''
  ) );
#2513 = ADVANCED_FACE('',(#2514),#2291,.F.);
#2514 = FACE_BOUND('',#2515,.F.);
#2515 = EDGE_LOOP('',(#2516,#2517,#2539,#2561));
#2516 = ORIENTED_EDGE('',*,*,#2276,.T.);
#2517 = ORIENTED_EDGE('',*,*,#2518,.T.);
#2518 = EDGE_CURVE('',#2255,#2519,#2521,.T.);
#2519 = VERTEX_POINT('',#2520);
#2520 = CARTESIAN_POINT('',(2.85E+03,4.898587196589E-15,-20.));
#2521 = SURFACE_CURVE('',#2522,(#2525,#2532),.PCURVE_S1.);
#2522 = B_SPLINE_CURVE_WITH_KNOTS('',1,(#2523,#2524),.UNSPECIFIED.,.F.,
  .F.,(2,2),(0.,1.),.PIECEWISE_BEZIER_KNOTS.);
#2523 = CARTESIAN_POINT('',(2.65E+03,7.105427357601E-15,-70.));
#2524 = CARTESIAN_POINT('',(2.85E+03,3.552713678801E-15,-20.));
#2525 = PCURVE('',#2291,#2526);
#2526 = DEFINITIONAL_REPRESENTATION('',(#2527),#2531);
#2527 = LINE('',#2528,#2529);
#2528 = CARTESIAN_POINT('',(3.14159265359,0.));
#2529 = VECTOR('',#2530,1.);
#2530 = DIRECTION('',(0.,1.));
#2531 = ( GEOMETRIC_REPRESENTATION_CONTEXT(2) 
PARAMETRIC_REPRESENTATION_CONTEXT() REPRESENTATION_CONTEXT('2D SPACE',''
  ) );
#2532 = PCURVE('',#2361,#2533);
#2533 = DEFINITIONAL_REPRESENTATION('',(#2534),#2538);
#2534 = LINE('',#2535,#2536);
#2535 = CARTESIAN_POINT('',(3.14159265359,0.));
#2536 = VECTOR('',#2537,1.);
#2537 = DIRECTION('',(0.,1.));
#2538 = ( GEOMETRIC_REPRESENTATION_CONTEXT(2) 
PARAMETRIC_REPRESENTATION_CONTEXT() REPRESENTATION_CONTEXT('2D SPACE',''
  ) );
#2539 = ORIENTED_EDGE('',*,*,#2540,.F.);
#2540 = EDGE_CURVE('',#2444,#2519,#2541,.T.);
#2541 = SURFACE_CURVE('',#2542,(#2547,#2554),.PCURVE_S1.);
#2542 = ELLIPSE('',#2543,45.,40.);
#2543 = AXIS2_PLACEMENT_3D('',#2544,#2545,#2546);
#2544 = CARTESIAN_POINT('',(2.85E+03,0.,25.));
#2545 = DIRECTION('',(-1.,0.,0.));
#2546 = DIRECTION('',(0.,0.,1.));
#2547 = PCURVE('',#2291,#2548);
#2548 = DEFINITIONAL_REPRESENTATION('',(#2549),#2553);
#2549 = LINE('',#2550,#2551);
#2550 = CARTESIAN_POINT('',(0.,1.));
#2551 = VECTOR('',#2552,1.);
#2552 = DIRECTION('',(1.,0.));
#2553 = ( GEOMETRIC_REPRESENTATION_CONTEXT(2) 
PARAMETRIC_REPRESENTATION_CONTEXT() REPRESENTATION_CONTEXT('2D SPACE',''
  ) );
#2554 = PCURVE('',#2482,#2555);
#2555 = DEFINITIONAL_REPRESENTATION('',(#2556),#2560);
#2556 = ELLIPSE('',#2557,45.,40.);
#2557 = AXIS2_PLACEMENT_2D('',#2558,#2559);
#2558 = CARTESIAN_POINT('',(0.,0.));
#2559 = DIRECTION('',(1.,0.));
#2560 = ( GEOMETRIC_REPRESENTATION_CONTEXT(2) 
PARAMETRIC_REPRESENTATION_CONTEXT() REPRESENTATION_CONTEXT('2D SPACE',''
  ) );
#2561 = ORIENTED_EDGE('',*,*,#2443,.F.);
#2562 = ADVANCED_FACE('',(#2563),#2361,.F.);
#2563 = FACE_BOUND('',#2564,.F.);
#2564 = EDGE_LOOP('',(#2565,#2566,#2588,#2610));
#2565 = ORIENTED_EDGE('',*,*,#2346,.T.);
#2566 = ORIENTED_EDGE('',*,*,#2567,.T.);
#2567 = EDGE_CURVE('',#2325,#2568,#2570,.T.);
#2568 = VERTEX_POINT('',#2569);
#2569 = CARTESIAN_POINT('',(2.85E+03,-40.,25.));
#2570 = SURFACE_CURVE('',#2571,(#2574,#2581),.PCURVE_S1.);
#2571 = B_SPLINE_CURVE_WITH_KNOTS('',1,(#2572,#2573),.UNSPECIFIED.,.F.,
  .F.,(2,2),(0.,1.),.PIECEWISE_BEZIER_KNOTS.);
#2572 = CARTESIAN_POINT('',(2.65E+03,-75.,25.));
#2573 = CARTESIAN_POINT('',(2.85E+03,-40.,25.));
#2574 = PCURVE('',#2361,#2575);
#2575 = DEFINITIONAL_REPRESENTATION('',(#2576),#2580);
#2576 = LINE('',#2577,#2578);
#2577 = CARTESIAN_POINT('',(4.712388980385,0.));
#2578 = VECTOR('',#2579,1.);
#2579 = DIRECTION('',(0.,1.));
#2580 = ( GEOMETRIC_REPRESENTATION_CONTEXT(2) 
PARAMETRIC_REPRESENTATION_CONTEXT() REPRESENTATION_CONTEXT('2D SPACE',''
  ) );
#2581 = PCURVE('',#2410,#2582);
#2582 = DEFINITIONAL_REPRESENTATION('',(#2583),#2587);
#2583 = LINE('',#2584,#2585);
#2584 = CARTESIAN_POINT('',(4.712388980385,0.));
#2585 = VECTOR('',#2586,1.);
#2586 = DIRECTION('',(0.,1.));
#2587 = ( GEOMETRIC_REPRESENTATION_CONTEXT(2) 
PARAMETRIC_REPRESENTATION_CONTEXT() REPRESENTATION_CONTEXT('2D SPACE',''
  ) );
#2588 = ORIENTED_EDGE('',*,*,#2589,.F.);
#2589 = EDGE_CURVE('',#2519,#2568,#2590,.T.);
#2590 = SURFACE_CURVE('',#2591,(#2596,#2603),.PCURVE_S1.);
#2591 = ELLIPSE('',#2592,45.,40.);
#2592 = AXIS2_PLACEMENT_3D('',#2593,#2594,#2595);
#2593 = CARTESIAN_POINT('',(2.85E+03,0.,25.));
#2594 = DIRECTION('',(-1.,0.,0.));
#2595 = DIRECTION('',(0.,0.,1.));
#2596 = PCURVE('',#2361,#2597);
#2597 = DEFINITIONAL_REPRESENTATION('',(#2598),#2602);
#2598 = LINE('',#2599,#2600);
#2599 = CARTESIAN_POINT('',(0.,1.));
#2600 = VECTOR('',#2601,1.);
#2601 = DIRECTION('',(1.,0.));
#2602 = ( GEOMETRIC_REPRESENTATION_CONTEXT(2) 
PARAMETRIC_REPRESENTATION_CONTEXT() REPRESENTATION_CONTEXT('2D SPACE',''
  ) );
#2603 = PCURVE('',#2482,#2604);
#2604 = DEFINITIONAL_REPRESENTATION('',(#2605),#2609);
#2605 = ELLIPSE('',#2606,45.,40.);
#2606 = AXIS2_PLACEMENT_2D('',#2607,#2608);
#2607 = CARTESIAN_POINT('',(0.,0.));
#2608 = DIRECTION('',(1.,0.));
#2609 = ( GEOMETRIC_REPRESENTATION_CONTEXT(2) 
PARAMETRIC_REPRESENTATION_CONTEXT() REPRESENTATION_CONTEXT('2D SPACE',''
  ) );
#2610 = ORIENTED_EDGE('',*,*,#2518,.F.);
#2611 = ADVANCED_FACE('',(#2612),#2410,.F.);
#2612 = FACE_BOUND('',#2613,.F.);
#2613 = EDGE_LOOP('',(#2614,#2615,#2616,#2638));
#2614 = ORIENTED_EDGE('',*,*,#2395,.T.);
#2615 = ORIENTED_EDGE('',*,*,#2494,.T.);
#2616 = ORIENTED_EDGE('',*,*,#2617,.F.);
#2617 = EDGE_CURVE('',#2568,#2466,#2618,.T.);
#2618 = SURFACE_CURVE('',#2619,(#2624,#2631),.PCURVE_S1.);
#2619 = ELLIPSE('',#2620,45.,40.);
#2620 = AXIS2_PLACEMENT_3D('',#2621,#2622,#2623);
#2621 = CARTESIAN_POINT('',(2.85E+03,0.,25.));
#2622 = DIRECTION('',(-1.,0.,0.));
#2623 = DIRECTION('',(0.,0.,1.));
#2624 = PCURVE('',#2410,#2625);
#2625 = DEFINITIONAL_REPRESENTATION('',(#2626),#2630);
#2626 = LINE('',#2627,#2628);
#2627 = CARTESIAN_POINT('',(0.,1.));
#2628 = VECTOR('',#2629,1.);
#2629 = DIRECTION('',(1.,0.));
#2630 = ( GEOMETRIC_REPRESENTATION_CONTEXT(2) 
PARAMETRIC_REPRESENTATION_CONTEXT() REPRESENTATION_CONTEXT('2D SPACE',''
  ) );
#2631 = PCURVE('',#2482,#2632);
#2632 = DEFINITIONAL_REPRESENTATION('',(#2633),#2637);
#2633 = ELLIPSE('',#2634,45.,40.);
#2634 = AXIS2_PLACEMENT_2D('',#2635,#2636);
#2635 = CARTESIAN_POINT('',(0.,0.));
#2636 = DIRECTION('',(1.,0.));
#2637 = ( GEOMETRIC_REPRESENTATION_CONTEXT(2) 
PARAMETRIC_REPRESENTATION_CONTEXT() REPRESENTATION_CONTEXT('2D SPACE',''
  ) );
#2638 = ORIENTED_EDGE('',*,*,#2567,.F.);
#2639 = ADVANCED_FACE('',(#2640),#61,.T.);
#2640 = FACE_BOUND('',#2641,.T.);
#2641 = EDGE_LOOP('',(#2642,#2643,#2644,#2645));
#2642 = ORIENTED_EDGE('',*,*,#21,.T.);
#2643 = ORIENTED_EDGE('',*,*,#205,.T.);
#2644 = ORIENTED_EDGE('',*,*,#319,.T.);
#2645 = ORIENTED_EDGE('',*,*,#412,.T.);
#2646 = ADVANCED_FACE('',(#2647),#2482,.F.);
#2647 = FACE_BOUND('',#2648,.F.);
#2648 = EDGE_LOOP('',(#2649,#2650,#2651,#2652));
#2649 = ORIENTED_EDGE('',*,*,#2465,.T.);
#2650 = ORIENTED_EDGE('',*,*,#2540,.T.);
#2651 = ORIENTED_EDGE('',*,*,#2589,.T.);
#2652 = ORIENTED_EDGE('',*,*,#2617,.T.);
#2653 = ( GEOMETRIC_REPRESENTATION_CONTEXT(3) 
GLOBAL_UNCERTAINTY_ASSIGNED_CONTEXT((#2657)) 
GLOBAL_UNIT_ASSIGNED_CONTEXT((#2654,#2655,#2656)) REPRESENTATION_CONTEXT
('Context #1','3D Context with UNIT and UNCERTAINTY') );
#2654 = ( LENGTH_UNIT() NAMED_UNIT(*) SI_UNIT(.MILLI.,.METRE.) );
#2655 = ( NAMED_UNIT(*) PLANE_ANGLE_UNIT() SI_UNIT($,.RADIAN.) );
#2656 = ( NAMED_UNIT(*) SI_UNIT($,.STERADIAN.) SOLID_ANGLE_UNIT() );
#2657 = UNCERTAINTY_MEASURE_WITH_UNIT(LENGTH_MEASURE(1.E-07),#2654,
  'distance_accuracy_value','confusion accuracy');
#2658 = PRODUCT_RELATED_PRODUCT_CATEGORY('part',$,(#7));
ENDSEC;
END-ISO-10303-21;
