# Residuals     
# Time          	p               	Ux              	Uy              	Uz              	k               	omega           
0               	N/A             	N/A             	N/A             	N/A             	N/A             	N/A             
1               	1.00000000e+00	9.04354596e-02	1.13597932e-01	1.06397457e-01	1.00000000e+00	7.56211855e-03
2               	3.24100445e-01	7.59704360e-02	8.75909677e-02	8.09730821e-02	3.57848747e-01	4.63071349e-03
3               	1.17138558e-01	6.95474759e-02	8.43643198e-02	7.66838698e-02	2.58709195e-01	3.68243605e-03
4               	6.58969637e-02	6.40303801e-02	8.11956887e-02	7.35008432e-02	2.19197729e-01	3.09750547e-03
5               	4.98269987e-02	5.73469374e-02	7.47697620e-02	6.76048046e-02	1.72890817e-01	2.47083193e-03
6               	5.94740816e-02	5.04511189e-02	6.75183087e-02	6.08297152e-02	1.37267494e-01	1.91775077e-03
7               	7.75201155e-02	4.45748274e-02	6.16293085e-02	5.54730999e-02	1.15074101e-01	1.55464490e-03
8               	1.03277426e-01	3.98986726e-02	5.79293429e-02	5.20427577e-02	1.00102267e-01	1.30872517e-03
9               	1.20197203e-01	3.65494981e-02	5.56905601e-02	4.98501148e-02	8.95288041e-02	1.16519045e-03
10              	1.29337471e-01	3.44443782e-02	5.40654970e-02	4.81119104e-02	8.23156875e-02	1.08398743e-03
11              	1.21542004e-01	3.27869931e-02	5.25203662e-02	4.64305156e-02	7.71589429e-02	9.97647711e-04
12              	1.08893727e-01	3.10279195e-02	5.05794540e-02	4.46951035e-02	7.30380388e-02	9.35343833e-04
13              	9.56655092e-02	2.93788442e-02	4.85996128e-02	4.27955586e-02	6.93628586e-02	8.93873584e-04
14              	8.46992421e-02	2.76970054e-02	4.65607642e-02	4.08287840e-02	6.65579510e-02	8.55206165e-04
15              	7.70290791e-02	2.60745128e-02	4.48496528e-02	3.90134413e-02	6.50677330e-02	8.13637872e-04
16              	7.12925324e-02	2.45510041e-02	4.36051698e-02	3.77382505e-02	6.32215770e-02	7.76899936e-04
17              	6.97287339e-02	2.32430192e-02	4.24346704e-02	3.66735867e-02	6.17318746e-02	7.42060270e-04
18              	7.24457950e-02	2.21825019e-02	4.11488921e-02	3.54046875e-02	6.08589883e-02	7.12586991e-04
19              	7.32631888e-02	2.13569776e-02	3.97571524e-02	3.40616999e-02	5.96476429e-02	6.81580393e-04
20              	6.95996111e-02	2.05897455e-02	3.83827772e-02	3.27013530e-02	5.78234941e-02	6.50220049e-04
21              	6.45117124e-02	1.99241740e-02	3.71082830e-02	3.15581315e-02	5.61943542e-02	6.15568373e-04
22              	6.06081937e-02	1.92671969e-02	3.61036366e-02	3.05255568e-02	5.42698595e-02	5.83347191e-04
23              	5.81248317e-02	1.86108787e-02	3.52503147e-02	2.97366916e-02	5.24910453e-02	5.54698235e-04
24              	5.65211281e-02	1.79541849e-02	3.45592406e-02	2.90554328e-02	5.05670975e-02	5.28421051e-04
25              	5.63581744e-02	1.73482210e-02	3.38915195e-02	2.83751108e-02	4.83480978e-02	5.05386583e-04
26              	5.59109442e-02	1.68194556e-02	3.31647570e-02	2.76620062e-02	4.59826657e-02	4.81572862e-04
27              	5.70765747e-02	1.63443330e-02	3.23992018e-02	2.68631167e-02	4.33359557e-02	4.58513417e-04
28              	5.84980354e-02	1.59337396e-02	3.15813253e-02	2.60693117e-02	4.13709824e-02	4.38701552e-04
29              	5.93617123e-02	1.55358748e-02	3.08707258e-02	2.52967809e-02	3.94667372e-02	4.18861363e-04
30              	5.87959631e-02	1.51400054e-02	3.01920310e-02	2.46353539e-02	3.82088382e-02	4.00207166e-04
31              	5.89118851e-02	1.47798507e-02	2.95987625e-02	2.40707422e-02	3.65790760e-02	3.85270009e-04
32              	5.94942386e-02	1.44218612e-02	2.90894375e-02	2.35420071e-02	3.42196559e-02	3.70357325e-04
33              	6.09421204e-02	1.40741094e-02	2.85344343e-02	2.30454271e-02	3.20075260e-02	3.54810739e-04
34              	6.16046642e-02	1.37590458e-02	2.80226950e-02	2.25296448e-02	3.02309551e-02	3.41077727e-04
35              	6.29656284e-02	1.34742337e-02	2.74778463e-02	2.20298930e-02	2.98475355e-02	3.29916934e-04
36              	6.48638214e-02	1.32234108e-02	2.69358025e-02	2.15427528e-02	2.96399959e-02	3.19475371e-04
37              	6.55670784e-02	1.29481251e-02	2.64328767e-02	2.10805486e-02	2.87077404e-02	3.06906031e-04
38              	6.68245177e-02	1.26712561e-02	2.59389468e-02	2.05893486e-02	2.76618712e-02	2.95874476e-04
39              	6.77692186e-02	1.24123525e-02	2.54777741e-02	2.01768481e-02	2.74945822e-02	2.85772790e-04
40              	6.87367463e-02	1.21704690e-02	2.50312661e-02	1.97765549e-02	2.81745639e-02	2.76497019e-04
41              	7.02799136e-02	1.19662393e-02	2.46107807e-02	1.94633076e-02	2.90277541e-02	2.67818353e-04
42              	7.04628226e-02	1.17421369e-02	2.42124562e-02	1.91053031e-02	2.90418657e-02	2.58287022e-04
43              	7.23425443e-02	1.15237138e-02	2.38269238e-02	1.87783626e-02	2.92814328e-02	2.49268822e-04
44              	7.39767268e-02	1.13157674e-02	2.34512476e-02	1.84666434e-02	2.92505928e-02	2.40716088e-04
45              	7.54365569e-02	1.11227092e-02	2.30961134e-02	1.81709248e-02	3.00566456e-02	2.33245088e-04
46              	7.60701093e-02	1.09322456e-02	2.27550909e-02	1.79234814e-02	3.11278901e-02	2.25764922e-04
47              	7.88424605e-02	1.07428017e-02	2.25105130e-02	1.76758790e-02	3.18455009e-02	2.17780666e-04
48              	8.04065659e-02	1.05464886e-02	2.22868055e-02	1.74486851e-02	3.24977340e-02	2.10525730e-04
49              	8.22399572e-02	1.03658754e-02	2.20536004e-02	1.72407561e-02	3.36789920e-02	2.04713410e-04
50              	8.42294316e-02	1.01888714e-02	2.17949401e-02	1.70394631e-02	3.49038120e-02	1.98053727e-04
51              	8.56670516e-02	1.00199560e-02	2.15045739e-02	1.68208592e-02	3.57719830e-02	1.91701081e-04
52              	8.68459630e-02	9.84874296e-03	2.12144436e-02	1.66145352e-02	3.65789573e-02	1.85831788e-04
53              	8.81313805e-02	9.68524480e-03	2.09355304e-02	1.64106123e-02	3.73219765e-02	1.80632220e-04
54              	8.93671269e-02	9.51340394e-03	2.07042946e-02	1.62848119e-02	3.80233150e-02	1.75041948e-04
55              	9.04264272e-02	9.34102594e-03	2.05074062e-02	1.61858564e-02	3.82014254e-02	1.69833363e-04
56              	9.15008996e-02	9.18123907e-03	2.02984077e-02	1.60741077e-02	3.82287852e-02	1.64816683e-04
57              	9.25152404e-02	9.02775720e-03	2.00571022e-02	1.59208997e-02	3.76504206e-02	1.59955023e-04
58              	9.32632963e-02	8.87003686e-03	1.97872888e-02	1.57340572e-02	3.66533509e-02	1.55305024e-04
59              	9.33605891e-02	8.71277979e-03	1.94953423e-02	1.55368591e-02	3.50810228e-02	1.50786798e-04
60              	9.30799179e-02	8.55994377e-03	1.92115959e-02	1.53415418e-02	3.32064525e-02	1.46530546e-04
61              	9.27911376e-02	8.40686020e-03	1.89351315e-02	1.51658344e-02	3.13090333e-02	1.42619223e-04
62              	9.26245876e-02	8.25096857e-03	1.86830056e-02	1.50119738e-02	2.94099367e-02	1.39016470e-04
63              	9.26078294e-02	8.09597978e-03	1.84577935e-02	1.48814457e-02	2.76950394e-02	1.35799807e-04
64              	9.23927597e-02	7.93859045e-03	1.82317225e-02	1.47538582e-02	2.57000482e-02	1.32461099e-04
65              	9.19152677e-02	7.78331538e-03	1.80197610e-02	1.46310671e-02	2.37312357e-02	1.29427264e-04
66              	9.11113486e-02	7.62728959e-03	1.77959603e-02	1.45008875e-02	2.18573519e-02	1.26473285e-04
67              	9.01973314e-02	7.47293674e-03	1.76053353e-02	1.43812959e-02	2.00561425e-02	1.23695970e-04
68              	8.90545470e-02	7.31719350e-03	1.74125853e-02	1.42617118e-02	1.82408463e-02	1.20993149e-04
69              	8.79541401e-02	7.15742665e-03	1.72491287e-02	1.41571462e-02	1.65597107e-02	1.18356124e-04
70              	8.69574708e-02	6.99488610e-03	1.71305579e-02	1.40681458e-02	1.49909448e-02	1.15849728e-04
71              	8.61074277e-02	6.82907691e-03	1.70538397e-02	1.39994234e-02	1.35666267e-02	1.13515998e-04
72              	8.54046714e-02	6.66213464e-03	1.70151492e-02	1.39319194e-02	1.23045936e-02	1.11328444e-04
73              	8.49037019e-02	6.49222892e-03	1.70250583e-02	1.38764013e-02	1.12285301e-02	1.09232148e-04
74              	8.45785874e-02	6.32270957e-03	1.70625382e-02	1.38267588e-02	1.03196625e-02	1.07250820e-04
75              	8.44066630e-02	6.15345361e-03	1.71340118e-02	1.37773645e-02	9.56685071e-03	1.05324207e-04
76              	8.43913968e-02	5.98551759e-03	1.72211175e-02	1.37279974e-02	8.96318878e-03	1.03447103e-04
77              	8.43311449e-02	5.82088414e-03	1.73202303e-02	1.36784786e-02	8.47486458e-03	1.01573208e-04
78              	8.43544255e-02	5.66110150e-03	1.74261492e-02	1.36410359e-02	8.08291728e-03	9.96800557e-05
79              	8.44777677e-02	5.50899977e-03	1.75232100e-02	1.36165015e-02	7.75551350e-03	9.77469135e-05
80              	8.46109684e-02	5.36225754e-03	1.75927409e-02	1.35803928e-02	7.47758916e-03	9.57710600e-05
81              	8.44879886e-02	5.22459999e-03	1.76507405e-02	1.35322785e-02	7.23547336e-03	9.37482623e-05
82              	8.41763787e-02	5.09342123e-03	1.76773975e-02	1.34790757e-02	7.01525722e-03	9.16654055e-05
83              	8.38321614e-02	4.96951751e-03	1.76743835e-02	1.34219266e-02	6.80828630e-03	8.95443805e-05
84              	8.35538392e-02	4.85255283e-03	1.76525392e-02	1.33546668e-02	6.61069783e-03	8.74280877e-05
85              	8.34102280e-02	4.74250479e-03	1.76220463e-02	1.32854788e-02	6.41625618e-03	8.52999429e-05
86              	8.52422359e-02	4.63757169e-03	1.76004968e-02	1.32157394e-02	6.21887168e-03	8.30150993e-05
87              	8.63667277e-02	4.53718480e-03	1.75038238e-02	1.30655043e-02	6.02477121e-03	8.07792380e-05
88              	8.60194509e-02	4.44219288e-03	1.74043678e-02	1.28950701e-02	5.83611055e-03	7.86172850e-05
89              	8.52100124e-02	4.35051090e-03	1.73446434e-02	1.27510590e-02	5.65403641e-03	7.65285811e-05
90              	8.46993867e-02	4.26011348e-03	1.73650284e-02	1.26651060e-02	5.47687104e-03	7.44973368e-05
91              	8.44856188e-02	4.17291277e-03	1.74598554e-02	1.26394651e-02	5.30308832e-03	7.25292955e-05
92              	8.40531185e-02	4.08873883e-03	1.76021030e-02	1.26517562e-02	5.13214542e-03	7.06003796e-05
93              	8.32791179e-02	4.00594803e-03	1.77529662e-02	1.26689597e-02	4.96448395e-03	6.87291884e-05
94              	8.22914367e-02	3.92450130e-03	1.78777049e-02	1.26611678e-02	4.79970661e-03	6.68915005e-05
95              	8.13368656e-02	3.84457673e-03	1.79636287e-02	1.26196573e-02	4.63650966e-03	6.50959744e-05
96              	8.04821958e-02	3.76545373e-03	1.80161171e-02	1.25455709e-02	4.47532768e-03	6.33304661e-05
97              	7.97414991e-02	3.68626137e-03	1.80538274e-02	1.24559819e-02	4.31517854e-03	6.15935874e-05
98              	7.89216224e-02	3.60740426e-03	1.80917764e-02	1.23645123e-02	4.15849525e-03	5.98852073e-05
99              	7.78671464e-02	3.52816205e-03	1.81401099e-02	1.22790822e-02	4.00360587e-03	5.82002668e-05
100             	7.65452486e-02	3.44897042e-03	1.81906038e-02	1.21981814e-02	3.85254550e-03	5.65380949e-05
101             	7.49570699e-02	3.37009314e-03	1.82336374e-02	1.21132998e-02	3.70464632e-03	5.49006465e-05
102             	7.32343135e-02	3.29137584e-03	1.82585297e-02	1.20127148e-02	3.56064567e-03	5.32909290e-05
103             	7.14595946e-02	3.21319994e-03	1.82599801e-02	1.18904246e-02	3.42013970e-03	5.17038365e-05
104             	6.97347331e-02	3.13522166e-03	1.82358029e-02	1.17418038e-02	3.28372315e-03	5.01450794e-05
105             	6.82016380e-02	3.05773850e-03	1.81908141e-02	1.15732322e-02	3.15156562e-03	4.86030004e-05
106             	6.68662208e-02	2.98122119e-03	1.81344981e-02	1.13886182e-02	3.02425855e-03	4.70972069e-05
107             	6.54018363e-02	2.90544573e-03	1.80703014e-02	1.11914463e-02	2.90204175e-03	4.56286922e-05
108             	6.37779604e-02	2.83078360e-03	1.80037555e-02	1.09840373e-02	2.78544901e-03	4.42101775e-05
109             	6.20153583e-02	2.75759983e-03	1.79342518e-02	1.07652717e-02	2.67428077e-03	4.28349864e-05
110             	6.01833804e-02	2.68561037e-03	1.78565113e-02	1.05351198e-02	2.56811861e-03	4.15051430e-05
111             	5.83202772e-02	2.61479890e-03	1.77693104e-02	1.02936473e-02	2.46044609e-03	4.02292323e-05
112             	5.64498398e-02	2.54527031e-03	1.76703554e-02	1.00426665e-02	2.35799844e-03	3.89916830e-05
113             	5.45863553e-02	2.47689236e-03	1.75598340e-02	9.78262198e-03	2.26050895e-03	3.77901356e-05
114             	5.40771820e-02	2.40988843e-03	1.74415224e-02	9.51726119e-03	2.16902610e-03	3.67062972e-05
115             	5.23161500e-02	2.34473628e-03	1.73806571e-02	9.29118901e-03	2.08147391e-03	3.56524683e-05
116             	4.94357075e-02	2.28072961e-03	1.73431080e-02	9.08252497e-03	1.99872156e-03	3.46365490e-05
117             	4.65590599e-02	2.21799625e-03	1.72886040e-02	8.85966206e-03	1.92007467e-03	3.36541852e-05
118             	4.43239614e-02	2.15679309e-03	1.71852147e-02	8.60633469e-03	1.84488319e-03	3.27066052e-05
119             	4.26898684e-02	2.09705278e-03	1.70285964e-02	8.32308894e-03	1.77310266e-03	3.18035973e-05
120             	4.13150558e-02	2.03874799e-03	1.68359860e-02	8.02313457e-03	1.70457159e-03	3.09329743e-05
121             	3.99680838e-02	1.98195222e-03	1.66345073e-02	7.72465222e-03	1.64024264e-03	3.01085085e-05
122             	3.85426893e-02	1.92653704e-03	1.64495332e-02	7.44201634e-03	1.57981348e-03	2.93240121e-05
123             	3.69937045e-02	1.87247527e-03	1.62895241e-02	7.18267028e-03	1.52279045e-03	2.85790519e-05
124             	3.53331140e-02	1.81976474e-03	1.61522380e-02	6.94281182e-03	1.46965464e-03	2.78734562e-05
125             	3.36582252e-02	1.76863539e-03	1.60227118e-02	6.71590258e-03	1.42025116e-03	2.72191958e-05
126             	3.20802975e-02	1.71922705e-03	1.58856165e-02	6.49138012e-03	1.37391393e-03	2.66045594e-05
127             	3.06420085e-02	1.67168299e-03	1.57308582e-02	6.26459322e-03	1.33058679e-03	2.60374280e-05
128             	2.93284026e-02	1.62611599e-03	1.55587395e-02	6.03626451e-03	1.28967345e-03	2.55053410e-05
129             	2.80953908e-02	1.58256115e-03	1.53766917e-02	5.81080503e-03	1.25170686e-03	2.50024571e-05
130             	2.69349838e-02	1.54083489e-03	1.51961267e-02	5.59405133e-03	1.21629084e-03	2.45270384e-05
131             	2.58235740e-02	1.50098542e-03	1.50253061e-02	5.39091583e-03	1.18362715e-03	2.40726913e-05
132             	2.47384829e-02	1.46292175e-03	1.48680902e-02	5.20276918e-03	1.15412335e-03	2.36413138e-05
133             	2.36687077e-02	1.42659548e-03	1.47226896e-02	5.02753126e-03	1.12658019e-03	2.32280632e-05
134             	2.26413423e-02	1.39191251e-03	1.45846102e-02	4.86179042e-03	1.10068999e-03	2.28350243e-05
135             	2.16640995e-02	1.35893534e-03	1.44489650e-02	4.70315041e-03	1.07668216e-03	2.24631041e-05
136             	2.07451743e-02	1.32764534e-03	1.43152866e-02	4.55063908e-03	1.05442680e-03	2.21022398e-05
137             	1.98835432e-02	1.29800911e-03	1.41860356e-02	4.40439404e-03	1.03454193e-03	2.17580693e-05
138             	1.90746100e-02	1.26994762e-03	1.40662691e-02	4.26618440e-03	1.01721020e-03	2.14287532e-05
139             	1.83225622e-02	1.24333151e-03	1.39602439e-02	4.13623375e-03	1.00242168e-03	2.11137112e-05
140             	1.76213665e-02	1.21806110e-03	1.38696615e-02	4.01580068e-03	9.90005757e-04	2.08085207e-05
141             	1.70771090e-02	1.19405548e-03	1.37972538e-02	3.90426889e-03	9.80163424e-04	2.05161900e-05
142             	1.65839162e-02	1.17130454e-03	1.37056184e-02	3.77316733e-03	9.71749314e-04	2.02319923e-05
143             	1.60519914e-02	1.14967985e-03	1.36155164e-02	3.64111944e-03	9.64577352e-04	1.99575949e-05
144             	1.54893409e-02	1.12905442e-03	1.35460457e-02	3.52504958e-03	9.57629264e-04	1.96770451e-05
145             	1.49254229e-02	1.10935612e-03	1.35090057e-02	3.43306774e-03	9.50397436e-04	1.93986734e-05
146             	1.43657914e-02	1.09053004e-03	1.34981276e-02	3.36168369e-03	9.43079290e-04	1.91258747e-05
147             	1.38127720e-02	1.07253180e-03	1.35068909e-02	3.30329543e-03	9.35647783e-04	1.88560551e-05
148             	1.32835703e-02	1.05529562e-03	1.35224909e-02	3.24668660e-03	9.27302802e-04	1.85897431e-05
149             	1.28042682e-02	1.03872159e-03	1.35324829e-02	3.18430291e-03	9.18155834e-04	1.83225024e-05
150             	1.23720034e-02	1.02272777e-03	1.35306739e-02	3.11471012e-03	9.08168996e-04	1.80491254e-05
151             	1.19832324e-02	1.00728569e-03	1.35194627e-02	3.04033911e-03	8.97575649e-04	1.77719078e-05
152             	1.16129269e-02	9.92338276e-04	1.35051381e-02	2.96658053e-03	8.86910683e-04	1.74949663e-05
153             	1.12493233e-02	9.77888803e-04	1.34933597e-02	2.89804508e-03	8.76587606e-04	1.72217575e-05
154             	1.08822927e-02	9.63930925e-04	1.34860429e-02	2.83612411e-03	8.66621021e-04	1.69507548e-05
155             	1.05141930e-02	9.50347138e-04	1.34850258e-02	2.77956694e-03	8.57486440e-04	1.66835883e-05
156             	1.01571168e-02	9.37079165e-04	1.34812232e-02	2.72502021e-03	8.48758198e-04	1.64114629e-05
157             	9.81891781e-03	9.24108670e-04	1.34705467e-02	2.66930590e-03	8.39997436e-04	1.61412771e-05
158             	9.49872269e-03	9.11378254e-04	1.34466097e-02	2.61060463e-03	8.30872691e-04	1.58765510e-05
159             	9.19644292e-03	8.98854181e-04	1.34095596e-02	2.54925103e-03	8.21077356e-04	1.56105329e-05
160             	8.98082011e-03	8.86546071e-04	1.33614264e-02	2.48677862e-03	8.10960202e-04	1.53510867e-05
161             	8.76830707e-03	8.74591376e-04	1.32403116e-02	2.42065262e-03	8.00328558e-04	1.50998378e-05
162             	8.51941841e-03	8.62891370e-04	1.30916679e-02	2.35537198e-03	7.89062736e-04	1.48462735e-05
163             	8.25442488e-03	8.51356749e-04	1.29621136e-02	2.29411607e-03	7.77439168e-04	1.45963287e-05
164             	7.99848057e-03	8.39950921e-04	1.28777833e-02	2.23776841e-03	7.65328216e-04	1.43465900e-05
165             	7.75288005e-03	8.28648831e-04	1.28347005e-02	2.18553628e-03	7.52673347e-04	1.40935604e-05
166             	7.50767805e-03	8.17503954e-04	1.28077425e-02	2.13504845e-03	7.39231691e-04	1.38440606e-05
167             	7.26246493e-03	8.06547534e-04	1.27695835e-02	2.08443495e-03	7.25155882e-04	1.35939404e-05
168             	7.02990587e-03	7.95775513e-04	1.27011966e-02	2.03282582e-03	7.10852115e-04	1.33427279e-05
169             	6.81352598e-03	7.85188994e-04	1.26015187e-02	1.98011904e-03	6.96464371e-04	1.30940737e-05
170             	6.61088798e-03	7.74797082e-04	1.24831073e-02	1.92748992e-03	6.81918770e-04	1.28434052e-05
171             	6.41599447e-03	7.64588553e-04	1.23637074e-02	1.87628413e-03	6.66909440e-04	1.25968476e-05
172             	6.22680192e-03	7.54595605e-04	1.22550619e-02	1.82729916e-03	6.51721902e-04	1.23514823e-05
173             	6.04220354e-03	7.44798006e-04	1.21606607e-02	1.78076305e-03	6.36409026e-04	1.21111177e-05
174             	5.86093549e-03	7.35128596e-04	1.20758158e-02	1.73639792e-03	6.21315685e-04	1.18691348e-05
175             	5.68250810e-03	7.25626531e-04	1.19910123e-02	1.69305776e-03	6.06614702e-04	1.16327737e-05
176             	5.51258648e-03	7.16222312e-04	1.18965253e-02	1.65030376e-03	5.92216282e-04	1.13998000e-05
177             	5.34916981e-03	7.06900908e-04	1.17877740e-02	1.60759553e-03	5.78230063e-04	1.11745000e-05
178             	5.19148865e-03	6.97668467e-04	1.16674366e-02	1.56512921e-03	5.64732846e-04	1.09537372e-05
179             	5.03839531e-03	6.88564694e-04	1.15415857e-02	1.52332269e-03	5.51165132e-04	1.07372509e-05
180             	4.88991588e-03	6.79570259e-04	1.14137381e-02	1.48249088e-03	5.38100549e-04	1.05293210e-05
181             	4.74488713e-03	6.70690519e-04	1.12882381e-02	1.44281881e-03	5.25512114e-04	1.03270019e-05
182             	4.60468402e-03	6.61938368e-04	1.11630461e-02	1.40439470e-03	5.13303039e-04	1.01311073e-05
183             	4.46891701e-03	6.53320422e-04	1.10362092e-02	1.36691277e-03	5.01512707e-04	9.93901875e-06
184             	4.33935220e-03	6.44786208e-04	1.09043095e-02	1.33029739e-03	4.90117121e-04	9.75104382e-06
185             	4.21367331e-03	6.36354146e-04	1.07642362e-02	1.29430042e-03	4.79025084e-04	9.56757976e-06
186             	4.09663467e-03	6.27985041e-04	1.06148668e-02	1.25881912e-03	4.68421928e-04	9.38978493e-06
187             	3.98521910e-03	6.19660287e-04	1.04586372e-02	1.22382629e-03	4.58162610e-04	9.21708155e-06
188             	3.87923534e-03	6.11391214e-04	1.02966669e-02	1.18940454e-03	4.48382383e-04	9.05008851e-06
189             	3.77572053e-03	6.03180525e-04	1.01315146e-02	1.15568523e-03	4.39217173e-04	8.88703819e-06
190             	3.67503329e-03	5.95037266e-04	9.96391198e-03	1.12254948e-03	4.30882420e-04	8.72761882e-06
191             	3.57665593e-03	5.87011099e-04	9.79366349e-03	1.09025504e-03	4.23068252e-04	8.57009965e-06
192             	3.47857555e-03	5.79114667e-04	9.62010904e-03	1.05878584e-03	4.15629138e-04	8.41566950e-06
193             	3.38034610e-03	5.71322377e-04	9.44303065e-03	1.02805509e-03	4.08420421e-04	8.26414612e-06
194             	3.28333388e-03	5.63627423e-04	9.26231453e-03	9.98059682e-04	4.01840444e-04	8.11440307e-06
195             	3.18916501e-03	5.56039972e-04	9.07826435e-03	9.68758794e-04	3.95622724e-04	7.96705950e-06
196             	3.09746172e-03	5.48648511e-04	8.89170780e-03	9.40190064e-04	3.89632828e-04	7.82277323e-06
197             	3.00790145e-03	5.41446929e-04	8.70458578e-03	9.12412778e-04	3.84041150e-04	7.68040291e-06
198             	2.92036663e-03	5.34379262e-04	8.51751737e-03	8.85614535e-04	3.78401922e-04	7.53841844e-06
199             	2.83474954e-03	5.27387031e-04	8.33165501e-03	8.59687211e-04	3.72664536e-04	7.39676548e-06
200             	2.75085402e-03	5.20481137e-04	8.14774977e-03	8.34543760e-04	3.66701132e-04	7.25702270e-06
201             	2.67023565e-03	5.13635056e-04	7.96650442e-03	8.10276426e-04	3.60763488e-04	7.12042110e-06
202             	2.59250977e-03	5.06866771e-04	7.78739008e-03	7.86859251e-04	3.54959025e-04	6.98741224e-06
203             	2.51772826e-03	5.00138872e-04	7.61059484e-03	7.64245262e-04	3.49256092e-04	6.85795056e-06
204             	2.44491295e-03	4.93447184e-04	7.43621160e-03	7.42440440e-04	3.43406024e-04	6.73022423e-06
205             	2.37368680e-03	4.86807918e-04	7.26543125e-03	7.21488751e-04	3.37751059e-04	6.60638098e-06
206             	2.30498136e-03	4.80254797e-04	7.09760726e-03	7.01217407e-04	3.33055580e-04	6.48834699e-06
207             	2.23982888e-03	4.73804743e-04	6.93291703e-03	6.81690794e-04	3.28525009e-04	6.37012929e-06
208             	2.17782231e-03	4.67443923e-04	6.77204416e-03	6.63049313e-04	3.23783599e-04	6.25224044e-06
209             	2.11899320e-03	4.61179028e-04	6.61516120e-03	6.45060345e-04	3.18948534e-04	6.13574149e-06
210             	2.06375590e-03	4.54997397e-04	6.46164940e-03	6.27737455e-04	3.14133371e-04	6.01974139e-06
211             	2.01043548e-03	4.48897421e-04	6.31221155e-03	6.11066721e-04	3.09256288e-04	5.90455494e-06
212             	1.95853624e-03	4.42924556e-04	6.16595887e-03	5.94975410e-04	3.04593252e-04	5.79059310e-06
213             	1.90703354e-03	4.37037054e-04	6.02270239e-03	5.79422227e-04	2.99988568e-04	5.67793757e-06
214             	1.85486040e-03	4.31273663e-04	5.88298630e-03	5.64343938e-04	2.95405262e-04	5.56683114e-06
215             	1.80151561e-03	4.25610685e-04	5.74682300e-03	5.49870650e-04	2.90845109e-04	5.45653661e-06
216             	1.75004666e-03	4.20065090e-04	5.61309052e-03	5.35947469e-04	2.86158925e-04	5.34623845e-06
217             	1.70053420e-03	4.14658386e-04	5.48127037e-03	5.22483484e-04	2.81376677e-04	5.23776216e-06
218             	1.65137429e-03	4.09411941e-04	5.35181865e-03	5.09369150e-04	2.76597072e-04	5.13350273e-06
219             	1.60321460e-03	4.04351171e-04	5.22553470e-03	4.96580421e-04	2.71764280e-04	5.02869938e-06
220             	1.55647573e-03	3.99516273e-04	5.10285369e-03	4.84076339e-04	2.66915068e-04	4.92725155e-06
221             	1.50975626e-03	3.94888561e-04	4.98361589e-03	4.71959287e-04	2.62061586e-04	4.82978607e-06
222             	1.46362420e-03	3.90387352e-04	4.86718408e-03	4.60326007e-04	2.57201473e-04	4.73526737e-06
223             	1.41750922e-03	3.86039865e-04	4.75401643e-03	4.49154885e-04	2.52364904e-04	4.64387544e-06
224             	1.37202949e-03	3.81847155e-04	4.64459777e-03	4.38424610e-04	2.47563057e-04	4.55502972e-06
225             	1.32767615e-03	3.77830439e-04	4.53840736e-03	4.28159129e-04	2.42773957e-04	4.46931974e-06
226             	1.28468050e-03	3.73943359e-04	4.43408185e-03	4.18265005e-04	2.37975260e-04	4.38653164e-06
227             	1.24307055e-03	3.70185886e-04	4.33185531e-03	4.08784070e-04	2.33162617e-04	4.30655599e-06
228             	1.20299201e-03	3.66532387e-04	4.23199469e-03	3.99604857e-04	2.28331815e-04	4.22919099e-06
229             	1.16485276e-03	3.62979152e-04	4.13636628e-03	3.90862412e-04	2.23482163e-04	4.15407988e-06
230             	1.12824704e-03	3.59512012e-04	4.04358836e-03	3.82351358e-04	2.18632176e-04	4.08102605e-06
231             	1.09387823e-03	3.56122838e-04	3.95357791e-03	3.74241774e-04	2.13809668e-04	4.01009293e-06
232             	1.06245893e-03	3.52821628e-04	3.86708862e-03	3.66488009e-04	2.09010249e-04	3.93952422e-06
233             	1.03339161e-03	3.49593511e-04	3.78330527e-03	3.58975949e-04	2.04218612e-04	3.87027178e-06
234             	1.00704458e-03	3.46440836e-04	3.70341324e-03	3.51743585e-04	1.99467092e-04	3.80267970e-06
235             	9.82482992e-04	3.43362004e-04	3.62665763e-03	3.44679940e-04	1.94772013e-04	3.73654862e-06
236             	9.59667265e-04	3.40354672e-04	3.55298763e-03	3.37765538e-04	1.90133309e-04	3.67226497e-06
237             	9.37392000e-04	3.37403835e-04	3.48214002e-03	3.31085006e-04	1.85495466e-04	3.60986796e-06
238             	9.15477356e-04	3.34513845e-04	3.41383469e-03	3.24580683e-04	1.80830334e-04	3.54824854e-06
239             	8.95062075e-04	3.31699957e-04	3.34797436e-03	3.18339155e-04	1.76164916e-04	3.48814666e-06
240             	8.75734981e-04	3.28947228e-04	3.28431664e-03	3.12345156e-04	1.71547739e-04	3.42895647e-06
241             	8.57453439e-04	3.26231094e-04	3.22314082e-03	3.06566692e-04	1.67039116e-04	3.37050698e-06
242             	8.40573865e-04	3.23543753e-04	3.16355503e-03	3.00985523e-04	1.62571739e-04	3.31363951e-06
243             	8.24769886e-04	3.20901835e-04	3.10578500e-03	2.95605046e-04	1.58124022e-04	3.25781982e-06
244             	8.09181075e-04	3.18296136e-04	3.04969355e-03	2.90412571e-04	1.53702245e-04	3.20375778e-06
245             	7.92664266e-04	3.15726465e-04	2.99505476e-03	2.85349254e-04	1.49344862e-04	3.15173314e-06
246             	7.76489978e-04	3.13184980e-04	2.94187996e-03	2.80462050e-04	1.45013626e-04	3.10054025e-06
247             	7.60787735e-04	3.10659678e-04	2.88997311e-03	2.75687678e-04	1.40754822e-04	3.04982466e-06
248             	7.45143197e-04	3.08183866e-04	2.83923507e-03	2.71034603e-04	1.36621246e-04	3.00064752e-06
249             	7.29971578e-04	3.05738219e-04	2.79010147e-03	2.66514721e-04	1.32517368e-04	2.95320796e-06
250             	7.17198759e-04	3.03307219e-04	2.74195836e-03	2.62137920e-04	1.28472407e-04	2.90776101e-06
251             	7.04070220e-04	3.00875381e-04	2.69455200e-03	2.57818002e-04	1.24423907e-04	2.86175194e-06
252             	6.89390618e-04	2.98468648e-04	2.64792770e-03	2.53563844e-04	1.20456932e-04	2.81562952e-06
253             	6.73374433e-04	2.96080411e-04	2.60229125e-03	2.49415228e-04	1.16534949e-04	2.76975502e-06
254             	6.57389917e-04	2.93708985e-04	2.55738679e-03	2.45406707e-04	1.12683310e-04	2.72445305e-06
255             	6.42026392e-04	2.91352236e-04	2.51338921e-03	2.41440999e-04	1.08917759e-04	2.68042203e-06
256             	6.28227001e-04	2.89012331e-04	2.46987290e-03	2.37515465e-04	1.05206911e-04	2.63672985e-06
257             	6.14673411e-04	2.86692066e-04	2.42689843e-03	2.33665029e-04	1.01551330e-04	2.59437308e-06
258             	6.01441081e-04	2.84393328e-04	2.38448881e-03	2.29867672e-04	9.79593928e-05	2.55275875e-06
259             	5.88744112e-04	2.82118126e-04	2.34253219e-03	2.26099069e-04	9.44527276e-05	2.51156895e-06
260             	5.76735196e-04	2.79868754e-04	2.30064293e-03	2.22374802e-04	9.10405244e-05	2.47117478e-06
261             	5.64818794e-04	2.77646944e-04	2.25950345e-03	2.18660656e-04	8.77070900e-05	2.43065211e-06
262             	5.52819652e-04	2.75465077e-04	2.21908050e-03	2.14987354e-04	8.44564993e-05	2.39089103e-06
263             	5.40461540e-04	2.73315521e-04	2.17923661e-03	2.11376596e-04	8.12929607e-05	2.35183753e-06
264             	5.28510383e-04	2.71184321e-04	2.14008456e-03	2.07792419e-04	7.82156106e-05	2.31308964e-06
265             	5.15965002e-04	2.69080364e-04	2.10160258e-03	2.04255516e-04	7.52250744e-05	2.27432846e-06
266             	5.03456828e-04	2.66990974e-04	2.06377556e-03	2.00773529e-04	7.23424614e-05	2.23687368e-06
267             	4.91122951e-04	2.64911213e-04	2.02650887e-03	1.97332843e-04	6.95700903e-05	2.20068057e-06
268             	4.78517687e-04	2.62856906e-04	1.98986916e-03	1.93952258e-04	6.68857271e-05	2.16515987e-06
269             	4.66106471e-04	2.60815273e-04	1.95384499e-03	1.90619200e-04	6.42887391e-05	2.13010042e-06
270             	4.54706964e-04	2.58778541e-04	1.91840609e-03	1.87346620e-04	6.17711600e-05	2.09501742e-06
271             	4.43858678e-04	2.56737180e-04	1.88369943e-03	1.84137577e-04	5.93502697e-05	2.06048008e-06
272             	4.33598861e-04	2.54683567e-04	1.84995121e-03	1.81005711e-04	5.70223419e-05	2.02728302e-06
273             	4.23883253e-04	2.52621711e-04	1.81710568e-03	1.77955018e-04	5.47843390e-05	1.99483675e-06
274             	4.14783631e-04	2.50557409e-04	1.78518182e-03	1.74976077e-04	5.26376631e-05	1.96315051e-06
275             	4.06055627e-04	2.48478620e-04	1.75417166e-03	1.72081706e-04	5.05806153e-05	1.93194649e-06
276             	3.98055711e-04	2.46390096e-04	1.72404064e-03	1.69276235e-04	4.86016630e-05	1.90077414e-06
277             	3.90849515e-04	2.44293221e-04	1.69469815e-03	1.66564002e-04	4.67176764e-05	1.87065269e-06
278             	3.84370976e-04	2.42196824e-04	1.66615570e-03	1.63941946e-04	4.49180999e-05	1.84116960e-06
279             	3.78467011e-04	2.40109293e-04	1.63830873e-03	1.61406119e-04	4.31986953e-05	1.81173038e-06
280             	3.73137393e-04	2.38020927e-04	1.61114536e-03	1.58939707e-04	4.15526338e-05	1.78279167e-06
281             	3.68246962e-04	2.35926654e-04	1.58466627e-03	1.56544465e-04	3.99703135e-05	1.75402694e-06
282             	3.63532301e-04	2.33823461e-04	1.55884192e-03	1.54221129e-04	3.84592488e-05	1.72580845e-06
283             	3.58723702e-04	2.31724017e-04	1.53375361e-03	1.51949738e-04	3.70043340e-05	1.69749682e-06
284             	3.54262253e-04	2.29637544e-04	1.50945629e-03	1.49737113e-04	3.56125127e-05	1.66935435e-06
285             	3.50084986e-04	2.27546064e-04	1.48587255e-03	1.47576248e-04	3.42780536e-05	1.64157778e-06
286             	3.46007708e-04	2.25455583e-04	1.46283434e-03	1.45475132e-04	3.29959972e-05	1.61399133e-06
287             	3.41788656e-04	2.23361616e-04	1.44031778e-03	1.43424687e-04	3.17661071e-05	1.58711239e-06
288             	3.37724503e-04	2.21259048e-04	1.41829303e-03	1.41402751e-04	3.05848981e-05	1.56061339e-06
289             	3.33675200e-04	2.19155978e-04	1.39674169e-03	1.39446123e-04	2.94493351e-05	1.53419711e-06
290             	3.29751519e-04	2.17054298e-04	1.37569823e-03	1.37513752e-04	2.83577085e-05	1.50821980e-06
291             	3.26011641e-04	2.14955588e-04	1.35516341e-03	1.35598004e-04	2.73054662e-05	1.48279591e-06
292             	3.22586144e-04	2.12859554e-04	1.33497625e-03	1.33708679e-04	2.62992930e-05	1.45836727e-06
293             	3.18719742e-04	2.10770561e-04	1.31516074e-03	1.31839352e-04	2.53313943e-05	1.43441179e-06
294             	3.14431606e-04	2.08683423e-04	1.29576843e-03	1.30002229e-04	2.44021380e-05	1.41090886e-06
295             	3.09897018e-04	2.06593078e-04	1.27670288e-03	1.28196586e-04	2.35021109e-05	1.38727071e-06
296             	3.05527922e-04	2.04505918e-04	1.25794299e-03	1.26438313e-04	2.26310910e-05	1.36301312e-06
297             	3.01179390e-04	2.02430148e-04	1.23949513e-03	1.24693497e-04	2.17852083e-05	1.33845066e-06
298             	2.97388280e-04	2.00363571e-04	1.22129991e-03	1.22976128e-04	2.09654391e-05	1.31428209e-06
299             	2.93922478e-04	1.98291935e-04	1.20333678e-03	1.21272726e-04	2.01757622e-05	1.29090114e-06
300             	2.90383558e-04	1.96212507e-04	1.18556654e-03	1.19578636e-04	1.94131354e-05	1.26823944e-06
301             	2.86457062e-04	1.94124669e-04	1.16809511e-03	1.17897261e-04	1.86735853e-05	1.24534284e-06
302             	2.82566146e-04	1.92034053e-04	1.15091313e-03	1.16244870e-04	1.79584379e-05	1.22264888e-06
303             	2.78621690e-04	1.89945715e-04	1.13392056e-03	1.14604730e-04	1.72641770e-05	1.19983107e-06
304             	2.74907870e-04	1.87844744e-04	1.11722231e-03	1.12982266e-04	1.65903476e-05	1.17721816e-06
305             	2.71507146e-04	1.85732043e-04	1.10064425e-03	1.11366487e-04	1.59363398e-05	1.15483794e-06
306             	2.68360926e-04	1.83616150e-04	1.08415780e-03	1.09764395e-04	1.53058747e-05	1.13278736e-06
307             	2.65063424e-04	1.81501724e-04	1.06788874e-03	1.08177756e-04	1.46970091e-05	1.11072017e-06
308             	2.61504440e-04	1.79386236e-04	1.05168409e-03	1.06627157e-04	1.41074228e-05	1.08859525e-06
309             	2.57726839e-04	1.77270726e-04	1.03571128e-03	1.05085412e-04	1.35391689e-05	1.06658443e-06
310             	2.53881294e-04	1.75156714e-04	1.02009452e-03	1.03571873e-04	1.29893745e-05	1.04487167e-06
311             	2.50065475e-04	1.73045563e-04	1.00455279e-03	1.02071790e-04	1.24586559e-05	1.02312976e-06
312             	2.46731301e-04	1.70931878e-04	9.89037471e-04	1.00590022e-04	1.19475775e-05	1.00155341e-06
313             	2.43384802e-04	1.68808913e-04	9.73649408e-04	9.91311849e-05	1.14562428e-05	9.80470755e-07
314             	2.40004384e-04	1.66690302e-04	9.58319645e-04	9.76815091e-05	1.09804878e-05	9.59692838e-07
315             	2.36350780e-04	1.64569952e-04	9.43320631e-04	9.62384628e-05	1.05238684e-05	9.39300111e-07
316             	2.32439416e-04	1.62445277e-04	9.28497869e-04	9.48157535e-05	1.00866189e-05	9.19369626e-07
317             	2.28325937e-04	1.60322441e-04	9.13730528e-04	9.34029510e-05	9.66244121e-06	8.99598362e-07
318             	2.24355211e-04	1.58203856e-04	8.99110414e-04	9.20043019e-05	9.25370782e-06	8.79783127e-07
319             	2.20493058e-04	1.56108772e-04	8.84369858e-04	9.05898080e-05	8.85861245e-06	8.60007738e-07
320             	2.16671300e-04	1.53998351e-04	8.69883091e-04	8.92213780e-05	8.48413528e-06	8.40882503e-07
321             	2.12879840e-04	1.51894663e-04	8.55658896e-04	8.78634153e-05	8.12081201e-06	8.22110448e-07
322             	2.09309638e-04	1.49811915e-04	8.41406097e-04	8.64807933e-05	7.77168161e-06	8.03330056e-07
323             	2.05705760e-04	1.47732301e-04	8.27346982e-04	8.51064879e-05	7.43697788e-06	7.84864475e-07
324             	2.02192922e-04	1.45659906e-04	8.13448133e-04	8.37459073e-05	7.11638968e-06	7.66710213e-07
325             	1.98583650e-04	1.43584399e-04	7.99775759e-04	8.24229075e-05	6.80843866e-06	7.48894054e-07
326             	1.95009283e-04	1.41539157e-04	7.86017866e-04	8.10754968e-05	6.51270316e-06	7.31257370e-07
327             	1.91471648e-04	1.39502380e-04	7.72391792e-04	7.97319430e-05	6.23093081e-06	7.13893635e-07
328             	1.88010670e-04	1.37475020e-04	7.58946959e-04	7.83950875e-05	5.96263840e-06	6.97047830e-07
329             	1.84527927e-04	1.35461418e-04	7.45649022e-04	7.70706587e-05	5.70312861e-06	6.80325070e-07
330             	1.81216773e-04	1.33463314e-04	7.32467406e-04	7.57511892e-05	5.45531689e-06	6.63794013e-07
331             	1.77953643e-04	1.31478147e-04	7.19399936e-04	7.44369444e-05	5.21984023e-06	6.47707717e-07
332             	1.74724525e-04	1.29500845e-04	7.06398798e-04	7.31236776e-05	4.99604349e-06	6.32168165e-07
333             	1.71300175e-04	1.27530653e-04	6.93445219e-04	7.18229641e-05	4.78187028e-06	6.16887029e-07
334             	1.68058309e-04	1.25578217e-04	6.80592935e-04	7.05223581e-05	4.57699973e-06	6.01872264e-07
335             	1.65108983e-04	1.23625078e-04	6.67849484e-04	6.92344622e-05	4.38176943e-06	5.87085925e-07
336             	1.62342409e-04	1.21690303e-04	6.55231276e-04	6.79588054e-05	4.19775928e-06	5.72963202e-07
337             	1.59609629e-04	1.19777388e-04	6.42722005e-04	6.66918826e-05	4.02281074e-06	5.59265883e-07
338             	1.57109069e-04	1.17877841e-04	6.30326554e-04	6.54204670e-05	3.85488864e-06	5.45806048e-07
339             	1.54644928e-04	1.15993518e-04	6.18014932e-04	6.41708756e-05	3.69681749e-06	5.32645925e-07
340             	1.52200466e-04	1.14128195e-04	6.05784004e-04	6.29334897e-05	3.54617527e-06	5.19950764e-07
341             	1.49612473e-04	1.12270682e-04	5.93622816e-04	6.17044210e-05	3.40146479e-06	5.07300399e-07
342             	1.47013072e-04	1.10415864e-04	5.81555227e-04	6.04883913e-05	3.26500092e-06	4.95009865e-07
343             	1.44286425e-04	1.08584758e-04	5.69673608e-04	5.92926601e-05	3.13460707e-06	4.82875187e-07
344             	1.41600772e-04	1.06768114e-04	5.57943597e-04	5.80964992e-05	3.01155227e-06	4.71216610e-07
345             	1.38796396e-04	1.04974058e-04	5.46288882e-04	5.69161032e-05	2.89372589e-06	4.59663284e-07
346             	1.35971867e-04	1.03173322e-04	5.34714191e-04	5.57316865e-05	2.78292284e-06	4.48546004e-07
347             	1.33112766e-04	1.01396383e-04	5.23241143e-04	5.45760755e-05	2.67792749e-06	4.37747079e-07
348             	1.30407720e-04	9.96316664e-05	5.11896624e-04	5.34276052e-05	2.57751871e-06	4.27226887e-07
349             	1.27746583e-04	9.78854099e-05	5.00749772e-04	5.23004482e-05	2.48238111e-06	4.16840860e-07
350             	1.25253764e-04	9.61592373e-05	4.89668334e-04	5.11649234e-05	2.39222074e-06	4.06801655e-07
351             	1.22824558e-04	9.44522982e-05	4.78662422e-04	5.00500783e-05	2.30694891e-06	3.97258348e-07
352             	1.20404576e-04	9.27542775e-05	4.67748320e-04	4.89330868e-05	2.22656526e-06	3.88556491e-07
353             	1.17819950e-04	9.10875329e-05	4.56924756e-04	4.78329335e-05	2.14943060e-06	3.80023151e-07
354             	1.15340648e-04	8.94454837e-05	4.46283295e-04	4.67541341e-05	2.07670896e-06	3.71580112e-07
355             	1.12900437e-04	8.78156699e-05	4.35877095e-04	4.57005439e-05	2.00767319e-06	3.63608891e-07
356             	1.10596023e-04	8.62046964e-05	4.25671293e-04	4.46583256e-05	1.94281997e-06	3.56106422e-07
357             	1.08296484e-04	8.46095686e-05	4.15649445e-04	4.36318278e-05	1.88233290e-06	3.49105479e-07
358             	1.06125733e-04	8.30419429e-05	4.05795535e-04	4.26129828e-05	1.82509673e-06	3.42527269e-07
359             	1.03950049e-04	8.14768721e-05	3.96090641e-04	4.16129146e-05	1.77049293e-06	3.36291416e-07
360             	1.01810547e-04	7.99332196e-05	3.86520313e-04	4.06188606e-05	1.71990198e-06	3.30574273e-07
361             	9.95877909e-05	7.84029814e-05	3.77130404e-04	3.96411548e-05	1.67121993e-06	3.25012062e-07
362             	9.74263245e-05	7.68890263e-05	3.67884368e-04	3.86841839e-05	1.62540042e-06	3.19802646e-07
363             	9.52030167e-05	7.54014898e-05	3.58803479e-04	3.77424421e-05	1.58197975e-06	3.14860250e-07
364             	9.30318904e-05	7.39270750e-05	3.49876213e-04	3.68134714e-05	1.54120731e-06	3.09938378e-07
365             	9.08254807e-05	7.24728474e-05	3.41116090e-04	3.59063495e-05	1.50263673e-06	3.05316828e-07
366             	8.87030234e-05	7.10384862e-05	3.32529608e-04	3.50126057e-05	1.46652584e-06	3.01075576e-07
367             	8.65866458e-05	6.96280960e-05	3.24149885e-04	3.41448020e-05	1.43267917e-06	2.97038731e-07
368             	8.45758830e-05	6.82390381e-05	3.15980074e-04	3.32940637e-05	1.40312438e-06	2.93507380e-07
369             	8.25811326e-05	6.68664058e-05	3.08032102e-04	3.24621326e-05	1.37461692e-06	2.90347777e-07
370             	8.06859234e-05	6.55251963e-05	3.00284566e-04	3.16524327e-05	1.35006776e-06	2.87424733e-07
371             	7.88353792e-05	6.42049475e-05	2.92724937e-04	3.08592874e-05	1.32530553e-06	2.84291130e-07
372             	7.70810583e-05	6.29055515e-05	2.85336630e-04	3.00812643e-05	1.30189268e-06	2.80852686e-07
373             	7.53602181e-05	6.16206159e-05	2.78121437e-04	2.93268772e-05	1.27952183e-06	2.77113846e-07
374             	7.37132482e-05	6.03561929e-05	2.71077851e-04	2.85867250e-05	1.25789716e-06	2.73740123e-07
375             	7.20468299e-05	5.91116702e-05	2.64222650e-04	2.78694052e-05	1.23609275e-06	2.69946334e-07
376             	7.04285800e-05	5.78850939e-05	2.57555488e-04	2.71725492e-05	1.21527952e-06	2.66129802e-07
377             	6.87994184e-05	5.66774914e-05	2.51073212e-04	2.64915143e-05	1.19441881e-06	2.62134210e-07
378             	6.72479563e-05	5.54894985e-05	2.44763152e-04	2.58316931e-05	1.17491040e-06	2.58506055e-07
379             	6.57213952e-05	5.43257229e-05	2.38614562e-04	2.51898878e-05	1.15600397e-06	2.54793245e-07
380             	6.42730487e-05	5.31839816e-05	2.32624395e-04	2.45607059e-05	1.13835037e-06	2.51177900e-07
381             	6.28200381e-05	5.20556141e-05	2.26791584e-04	2.39542859e-05	1.12131723e-06	2.47353206e-07
382             	6.14734231e-05	5.09447462e-05	2.21116995e-04	2.33589179e-05	1.10373809e-06	2.43579817e-07
383             	6.01050400e-05	4.98579489e-05	2.15601411e-04	2.27808299e-05	1.08676331e-06	2.39817868e-07
384             	5.87998509e-05	4.87904670e-05	2.10247925e-04	2.22208737e-05	1.07013852e-06	2.36118338e-07
385             	5.75005595e-05	4.77429734e-05	2.05045298e-04	2.16741405e-05	1.05434402e-06	2.32369708e-07
386             	5.62611391e-05	4.67148864e-05	1.99993624e-04	2.11435956e-05	1.03801726e-06	2.28724566e-07
387             	5.49995549e-05	4.57093401e-05	1.95071162e-04	2.06317693e-05	1.02273854e-06	2.25146863e-07
388             	5.38143314e-05	4.47258141e-05	1.90297148e-04	2.01292812e-05	1.00686447e-06	2.21795492e-07
389             	5.26612061e-05	4.37646807e-05	1.85651688e-04	1.96474154e-05	9.91124505e-07	2.18584390e-07
390             	5.15886363e-05	4.28238564e-05	1.81158930e-04	1.91788461e-05	9.74810025e-07	2.15481137e-07
391             	5.04713509e-05	4.19046432e-05	1.76781961e-04	1.87215465e-05	9.58541348e-07	2.12386612e-07
392             	4.94527694e-05	4.10061625e-05	1.72551650e-04	1.82810041e-05	9.43316596e-07	2.09684733e-07
393             	4.84429139e-05	4.01318432e-05	1.68432651e-04	1.78536805e-05	9.28248686e-07	2.07151934e-07
394             	4.75265012e-05	3.92754001e-05	1.64457450e-04	1.74357819e-05	9.13715011e-07	2.05034159e-07
395             	4.65868449e-05	3.84356523e-05	1.60592104e-04	1.70384904e-05	8.99591261e-07	2.03051552e-07
396             	4.57326232e-05	3.76093993e-05	1.56865011e-04	1.66466691e-05	8.85800018e-07	2.01127931e-07
397             	4.48234226e-05	3.67994390e-05	1.53238940e-04	1.62709750e-05	8.71599460e-07	1.99028951e-07
398             	4.39792963e-05	3.60083122e-05	1.49729631e-04	1.59054487e-05	8.57732953e-07	1.96811367e-07
399             	4.31153860e-05	3.52379357e-05	1.46293666e-04	1.55480786e-05	8.43898052e-07	1.94381274e-07
400             	4.23267601e-05	3.44867555e-05	1.42956847e-04	1.51974645e-05	8.31390146e-07	1.91863267e-07
401             	4.15421065e-05	3.37564628e-05	1.39689474e-04	1.48621344e-05	8.18798880e-07	1.89209047e-07
402             	4.08596866e-05	3.30451688e-05	1.36516591e-04	1.45266090e-05	8.06453831e-07	1.86783048e-07
403             	4.01936240e-05	3.23576243e-05	1.33420263e-04	1.42102292e-05	7.94688612e-07	1.84636085e-07
404             	3.96933062e-05	3.16888915e-05	1.30417379e-04	1.38972946e-05	7.83875334e-07	1.82491263e-07
405             	3.91677842e-05	3.10224376e-05	1.27490247e-04	1.35963669e-05	7.73574819e-07	1.80591031e-07
406             	3.86974723e-05	3.03699760e-05	1.24662990e-04	1.33061360e-05	7.64498998e-07	1.79033100e-07
407             	3.81394869e-05	2.97346564e-05	1.21919972e-04	1.30262473e-05	7.55822813e-07	1.77594042e-07
408             	3.76016143e-05	2.91161509e-05	1.19271431e-04	1.27516589e-05	7.48105550e-07	1.76418309e-07
409             	3.69883462e-05	2.85123154e-05	1.16711086e-04	1.24952886e-05	7.40474348e-07	1.75355808e-07
410             	3.65074152e-05	2.79151882e-05	1.14238884e-04	1.22383465e-05	7.33984066e-07	1.74405278e-07
411             	3.60124777e-05	2.73243668e-05	1.11831518e-04	1.19926410e-05	7.26801658e-07	1.73352735e-07
412             	3.56278617e-05	2.67429664e-05	1.09482562e-04	1.17529761e-05	7.19636005e-07	1.71446882e-07
413             	3.51600972e-05	2.61710439e-05	1.07199794e-04	1.15135599e-05	7.12472114e-07	1.68698145e-07
414             	3.47181380e-05	2.56130174e-05	1.04965857e-04	1.12825189e-05	7.05575175e-07	1.65291798e-07
415             	3.41200488e-05	2.50719019e-05	1.02775681e-04	1.10541590e-05	6.96625685e-07	1.62085643e-07
416             	3.35218331e-05	2.45454955e-05	1.00619768e-04	1.08272484e-05	6.86909720e-07	1.59674506e-07
417             	3.29054430e-05	2.40353591e-05	9.85223655e-05	1.06116969e-05	6.77153555e-07	1.57702869e-07
418             	3.24147403e-05	2.35480931e-05	9.64996818e-05	1.04056055e-05	6.67322365e-07	1.55701985e-07
419             	3.19370168e-05	2.30767129e-05	9.45601400e-05	1.02056717e-05	6.56880838e-07	1.53368316e-07
420             	3.15534438e-05	2.26198726e-05	9.26852657e-05	1.00202080e-05	6.46770832e-07	1.51023728e-07
421             	3.11380833e-05	2.21728282e-05	9.08432160e-05	9.83206636e-06	6.35821950e-07	1.48570840e-07
422             	3.07257668e-05	2.17319328e-05	8.90137303e-05	9.64877542e-06	6.24981418e-07	1.46642180e-07
423             	3.03002802e-05	2.12949255e-05	8.72036901e-05	9.46989253e-06	6.13745090e-07	1.44885145e-07
424             	2.98624497e-05	2.08601791e-05	8.54053587e-05	9.29027068e-06	6.02726662e-07	1.43331936e-07
425             	2.93402091e-05	2.04325061e-05	8.36446573e-05	9.11546543e-06	5.91909579e-07	1.41143164e-07
426             	2.88687830e-05	2.00146018e-05	8.19188754e-05	8.94929782e-06	5.81695438e-07	1.38753577e-07
427             	2.83393728e-05	1.96046539e-05	8.02231538e-05	8.77912362e-06	5.71173453e-07	1.35817549e-07
428             	2.78347689e-05	1.92010747e-05	7.85535931e-05	8.61713903e-06	5.60718069e-07	1.32826046e-07
429             	2.73023713e-05	1.88040324e-05	7.69089492e-05	8.45391743e-06	5.49858642e-07	1.29594441e-07
430             	2.68153124e-05	1.84168239e-05	7.52933008e-05	8.29325689e-06	5.39512088e-07	1.26585270e-07
431             	2.63103322e-05	1.80493993e-05	7.37019133e-05	8.13644590e-06	5.28748743e-07	1.23517276e-07
432             	2.59026716e-05	1.76970164e-05	7.21433225e-05	7.98433118e-06	5.18421768e-07	1.20620050e-07
433             	2.54727570e-05	1.73518273e-05	7.06261368e-05	7.83021058e-06	5.07714162e-07	1.17705578e-07
434             	2.50788851e-05	1.70186001e-05	6.91541484e-05	7.68831178e-06	4.97979451e-07	1.14934310e-07
435             	2.46768832e-05	1.67094613e-05	6.77335781e-05	7.54290467e-06	4.88375565e-07	1.12222518e-07
436             	2.43118187e-05	1.64115902e-05	6.63467555e-05	7.40765284e-06	4.79315288e-07	1.09649608e-07
437             	2.39060962e-05	1.61202586e-05	6.50068773e-05	7.27734754e-06	4.69637867e-07	1.08170987e-07
438             	2.35772202e-05	1.58344156e-05	6.36838501e-05	7.14926330e-06	4.60327250e-07	1.06463477e-07
439             	2.32112417e-05	1.55544083e-05	6.24115917e-05	7.02565157e-06	4.50359378e-07	1.04532777e-07
440             	2.29481667e-05	1.52777174e-05	6.11683149e-05	6.91193672e-06	4.40903634e-07	1.02660596e-07
441             	2.26520855e-05	1.50065831e-05	5.99716272e-05	6.79622662e-06	4.32090892e-07	1.00718622e-07
442             	2.24268606e-05	1.47425422e-05	5.88124472e-05	6.69094469e-06	4.22668634e-07	9.88205893e-08
443             	2.21313706e-05	1.44786759e-05	5.76877855e-05	6.58656882e-06	4.12817622e-07	9.68027451e-08
444             	2.19025297e-05	1.42172174e-05	5.65768778e-05	6.48269013e-06	4.03317725e-07	9.48062618e-08
445             	2.15905426e-05	1.39562640e-05	5.54879748e-05	6.38551817e-06	3.93594664e-07	9.28046114e-08
446             	2.13497184e-05	1.36966932e-05	5.44040596e-05	6.28562906e-06	3.84875422e-07	9.09375008e-08
447             	2.09993079e-05	1.34402037e-05	5.33317417e-05	6.18578127e-06	3.75620586e-07	8.91134825e-08
448             	2.07003788e-05	1.31954206e-05	5.22733543e-05	6.09264491e-06	3.66892359e-07	8.73799407e-08
449             	2.03358982e-05	1.29539577e-05	5.12317568e-05	5.99589259e-06	3.58075008e-07	8.56466457e-08
450             	2.00451169e-05	1.27139819e-05	5.02112897e-05	5.90160145e-06	3.49918759e-07	8.40022286e-08
451             	1.96769903e-05	1.24714023e-05	4.92203767e-05	5.81017090e-06	3.41795550e-07	8.24391641e-08
452             	1.93935900e-05	1.22294243e-05	4.82459526e-05	5.71600010e-06	3.34298937e-07	8.09515216e-08
453             	1.90393521e-05	1.19891047e-05	4.72801451e-05	5.62509229e-06	3.26840794e-07	7.94805895e-08
454             	1.87522614e-05	1.17473292e-05	4.63217908e-05	5.53629382e-06	3.19999622e-07	7.81050584e-08
455             	1.83544441e-05	1.15066458e-05	4.53658172e-05	5.44329016e-06	3.13111915e-07	7.68093619e-08
456             	1.80361990e-05	1.12696357e-05	4.44219013e-05	5.35710608e-06	3.06908869e-07	7.56366294e-08
457             	1.76304600e-05	1.10324060e-05	4.34953486e-05	5.27097367e-06	3.00744187e-07	7.45706103e-08
458             	1.73009082e-05	1.08007828e-05	4.25917113e-05	5.18441516e-06	2.95176311e-07	7.36158671e-08
459             	1.69110677e-05	1.05735371e-05	4.17100496e-05	5.10637300e-06	2.89659843e-07	7.26712407e-08
460             	1.66184168e-05	1.03513075e-05	4.08537843e-05	5.02374893e-06	2.84931551e-07	7.20300945e-08
461             	1.62811486e-05	1.01345633e-05	4.00180458e-05	4.94303150e-06	2.80264335e-07	7.15213085e-08
462             	1.60620829e-05	9.93122212e-06	3.92066897e-05	4.86342258e-06	2.76138023e-07	7.12765849e-08
463             	1.57886402e-05	9.74043932e-06	3.84084799e-05	4.78534397e-06	2.72034798e-07	7.11625478e-08
464             	1.56088644e-05	9.56034807e-06	3.76447138e-05	4.70737125e-06	2.68401930e-07	7.10729106e-08
465             	1.53899212e-05	9.38734210e-06	3.68996405e-05	4.63784305e-06	2.65013052e-07	7.12373844e-08
466             	1.52480861e-05	9.21915451e-06	3.61987824e-05	4.56320896e-06	2.62219944e-07	7.15597614e-08
467             	1.50778363e-05	9.06034631e-06	3.55163125e-05	4.49873357e-06	2.59588180e-07	7.21060517e-08
468             	1.49908686e-05	8.90673202e-06	3.48784086e-05	4.43400626e-06	2.57537421e-07	7.28539842e-08
469             	1.48372712e-05	8.75649995e-06	3.42454570e-05	4.37019331e-06	2.55867103e-07	7.37912256e-08
470             	1.47217000e-05	8.60659924e-06	3.36481777e-05	4.30877627e-06	2.54889206e-07	7.48364598e-08
471             	1.45806894e-05	8.46022000e-06	3.30386696e-05	4.24653996e-06	2.54390565e-07	7.60746310e-08
472             	1.44964560e-05	8.31434184e-06	3.24572154e-05	4.18079686e-06	2.54454997e-07	7.72664207e-08
473             	1.43419761e-05	8.17546679e-06	3.18644733e-05	4.11845912e-06	2.54913189e-07	7.86508733e-08
474             	1.42564969e-05	8.03649367e-06	3.13096020e-05	4.05465518e-06	2.55950655e-07	8.00557295e-08
475             	1.41304214e-05	7.90352994e-06	3.07646783e-05	3.99222294e-06	2.58141400e-07	8.16184162e-08
476             	1.40303670e-05	7.77639053e-06	3.02623946e-05	3.93758081e-06	2.60394005e-07	8.32471793e-08
477             	1.38839509e-05	7.66214244e-06	2.97814040e-05	3.88293391e-06	2.63262586e-07	8.50487910e-08
478             	1.37560514e-05	7.55504485e-06	2.93435201e-05	3.83469466e-06	2.66716297e-07	8.69195393e-08
479             	1.36118083e-05	7.45536407e-06	2.89241072e-05	3.79136824e-06	2.70399167e-07	8.89148457e-08
480             	1.35082197e-05	7.35426813e-06	2.85166612e-05	3.74476578e-06	2.74647484e-07	9.06488302e-08
481             	1.33367550e-05	7.25620482e-06	2.81092850e-05	3.70268916e-06	2.78746693e-07	9.21437408e-08
482             	1.32403932e-05	7.15228076e-06	2.76985132e-05	3.65799031e-06	2.83305503e-07	9.35469550e-08
483             	1.30856918e-05	7.04562064e-06	2.72892468e-05	3.61073042e-06	2.87839085e-07	9.45771641e-08
484             	1.29607189e-05	6.93296959e-06	2.68812998e-05	3.56672492e-06	2.92010801e-07	9.54968925e-08
485             	1.27631652e-05	6.82272577e-06	2.64804971e-05	3.52358241e-06	2.95291159e-07	9.59696078e-08
486             	1.25846220e-05	6.71317416e-06	2.60794931e-05	3.48010183e-06	2.99325961e-07	9.64732408e-08
487             	1.23243344e-05	6.60917422e-06	2.56878051e-05	3.44209932e-06	3.01256040e-07	9.69303992e-08
488             	1.21300567e-05	6.50428328e-06	2.52811735e-05	3.39819528e-06	3.03958471e-07	9.73322377e-08
489             	1.18686955e-05	6.40540478e-06	2.48857826e-05	3.35495000e-06	3.06056357e-07	9.74693258e-08
490             	1.16813809e-05	6.30417424e-06	2.44828294e-05	3.31312435e-06	3.08480684e-07	9.75348440e-08
491             	1.14437468e-05	6.20724154e-06	2.41015595e-05	3.26792243e-06	3.10818132e-07	9.74737734e-08
492             	1.12810656e-05	6.10889134e-06	2.37053206e-05	3.22469381e-06	3.12732746e-07	9.73709355e-08
493             	1.10637347e-05	6.01827193e-06	2.33288973e-05	3.18328900e-06	3.14573390e-07	9.73207732e-08
494             	1.09278440e-05	5.92526184e-06	2.29366394e-05	3.13763166e-06	3.17059187e-07	9.71491049e-08
495             	1.07258875e-05	5.83655766e-06	2.25675146e-05	3.09605543e-06	3.18879986e-07	9.70201510e-08
496             	1.06124807e-05	5.74937683e-06	2.21929008e-05	3.05474031e-06	3.19973044e-07	9.68379547e-08
497             	1.04458354e-05	5.67028798e-06	2.18421158e-05	3.01145607e-06	3.20942972e-07	9.67033935e-08
498             	1.03931700e-05	5.59234972e-06	2.14907154e-05	2.97314431e-06	3.20989520e-07	9.65160650e-08
499             	1.03010586e-05	5.52331072e-06	2.11721856e-05	2.93431641e-06	3.20709251e-07	9.63264619e-08
500             	1.03021266e-05	5.45480449e-06	2.08463496e-05	2.89507581e-06	3.20342726e-07	9.63494715e-08
501             	1.02500621e-05	5.39685128e-06	2.05520769e-05	2.86099290e-06	3.19171896e-07	9.63855420e-08
502             	1.02750026e-05	5.33611248e-06	2.02522502e-05	2.82160332e-06	3.18819558e-07	9.67462730e-08
503             	1.02204984e-05	5.28565970e-06	1.99818991e-05	2.78919855e-06	3.17586508e-07	9.72528579e-08
504             	1.02551236e-05	5.22976531e-06	1.97112702e-05	2.75510821e-06	3.17102646e-07	9.77981849e-08
505             	1.02135323e-05	5.17736814e-06	1.94698827e-05	2.72265297e-06	3.16267236e-07	9.84489581e-08
506             	1.02400569e-05	5.12003077e-06	1.92278948e-05	2.68842236e-06	3.15554275e-07	9.88128526e-08
507             	1.01943335e-05	5.06991811e-06	1.90076594e-05	2.65866190e-06	3.14500909e-07	9.90757182e-08
508             	1.02432983e-05	5.01872439e-06	1.87787409e-05	2.62302044e-06	3.14619436e-07	9.90645866e-08
509             	1.02193784e-05	4.97337597e-06	1.85658875e-05	2.59499520e-06	3.13484497e-07	9.89553017e-08
510             	1.03179134e-05	4.92229411e-06	1.83407052e-05	2.56153812e-06	3.13613969e-07	9.87786449e-08
511             	1.03574861e-05	4.87941900e-06	1.81327479e-05	2.53222802e-06	3.12692532e-07	9.86750745e-08
512             	1.05183311e-05	4.82889045e-06	1.79198635e-05	2.50216875e-06	3.12203728e-07	9.84285329e-08
513             	1.05750300e-05	4.76878205e-06	1.77300826e-05	2.47481740e-06	3.11889692e-07	9.84724116e-08
514             	1.07144390e-05	4.71119965e-06	1.75368722e-05	2.44573377e-06	3.12049345e-07	9.85400736e-08
515             	1.07024622e-05	4.64491923e-06	1.73842987e-05	2.42608723e-06	3.12671709e-07	9.87500575e-08
516             	1.07422625e-05	4.58063489e-06	1.72256773e-05	2.40056124e-06	3.14119762e-07	9.92639702e-08
517             	1.06449834e-05	4.52395239e-06	1.71003080e-05	2.38327587e-06	3.15722676e-07	9.98865963e-08
518             	1.06199718e-05	4.45968336e-06	1.69756702e-05	2.36371116e-06	3.17683553e-07	1.00500935e-07
519             	1.05076896e-05	4.39424546e-06	1.68641772e-05	2.34560357e-06	3.19505156e-07	1.00992298e-07
520             	1.04940960e-05	4.32116547e-06	1.67363191e-05	2.32458022e-06	3.21403024e-07	1.00688380e-07
521             	1.03827743e-05	4.25230432e-06	1.66318587e-05	2.30530563e-06	3.22700812e-07	9.98403900e-08
522             	1.02968809e-05	4.18231637e-06	1.65109635e-05	2.27950848e-06	3.23913233e-07	9.84283754e-08
523             	1.00808950e-05	4.12949018e-06	1.64356268e-05	2.26587901e-06	3.24401634e-07	9.69723543e-08
524             	9.94425687e-06	4.07842307e-06	1.63517146e-05	2.24903217e-06	3.24110895e-07	9.59733043e-08
525             	9.71836325e-06	4.04420185e-06	1.63239784e-05	2.24371457e-06	3.22989106e-07	9.50359844e-08
526             	9.63169584e-06	4.01159065e-06	1.62995249e-05	2.23892929e-06	3.21433169e-07	9.46699764e-08
527             	9.51102253e-06	3.99502625e-06	1.63691500e-05	2.24725197e-06	3.19123451e-07	9.38463245e-08
528             	9.53172802e-06	3.97717233e-06	1.64295827e-05	2.25181343e-06	3.17082711e-07	9.27536551e-08
529             	9.49369981e-06	3.96718864e-06	1.65379443e-05	2.26423858e-06	3.13873703e-07	9.15952772e-08
530             	9.55961266e-06	3.95011606e-06	1.66129944e-05	2.27177999e-06	3.10315773e-07	9.08206815e-08
531             	9.53434000e-06	3.93629207e-06	1.66987724e-05	2.28427677e-06	3.06179569e-07	8.98945775e-08
532             	9.59267958e-06	3.91518272e-06	1.67428780e-05	2.29401764e-06	3.01977677e-07	8.92332617e-08
533             	9.57073387e-06	3.89526513e-06	1.68128107e-05	2.30281641e-06	2.97748098e-07	8.84338671e-08
534             	9.64475338e-06	3.87033629e-06	1.68427727e-05	2.31336819e-06	2.93873492e-07	8.71585902e-08
535             	9.62685379e-06	3.84445743e-06	1.68979174e-05	2.32236952e-06	2.89684976e-07	8.56212848e-08
536             	9.68348210e-06	3.80986902e-06	1.68959633e-05	2.32863041e-06	2.85799143e-07	8.39288816e-08
537             	9.62542856e-06	3.77339138e-06	1.69045567e-05	2.33254072e-06	2.81574321e-07	8.21363415e-08
538             	9.65737506e-06	3.73077455e-06	1.68460829e-05	2.33291638e-06	2.77324267e-07	8.02754557e-08
539             	9.58266945e-06	3.68260480e-06	1.67878910e-05	2.32509300e-06	2.72805186e-07	7.84772752e-08
540             	9.61166074e-06	3.62912997e-06	1.66873434e-05	2.32203385e-06	2.68436737e-07	7.66420102e-08
541             	9.53115154e-06	3.57795765e-06	1.66189137e-05	2.31447461e-06	2.63610190e-07	7.49131449e-08
542             	9.51853206e-06	3.53140460e-06	1.65414494e-05	2.31273378e-06	2.59258380e-07	7.32489234e-08
543             	9.39009743e-06	3.48900162e-06	1.65069996e-05	2.30673318e-06	2.54417153e-07	7.15005498e-08
544             	9.34255517e-06	3.45156936e-06	1.64706385e-05	2.30089485e-06	2.50037929e-07	6.98726729e-08
545             	9.18304546e-06	3.41445800e-06	1.64614586e-05	2.29453646e-06	2.45136377e-07	6.81573196e-08
546             	9.13519318e-06	3.38701737e-06	1.64683820e-05	2.29567362e-06	2.40529569e-07	6.64915063e-08
547             	8.99744202e-06	3.36018801e-06	1.64960015e-05	2.29308265e-06	2.35474368e-07	6.47671369e-08
548             	8.97723927e-06	3.34487315e-06	1.65602104e-05	2.30389684e-06	2.30707308e-07	6.31173423e-08
549             	8.89288036e-06	3.32964932e-06	1.66444982e-05	2.31266163e-06	2.25524276e-07	6.14926987e-08
550             	8.95607053e-06	3.32747506e-06	1.67651110e-05	2.33017339e-06	2.20812998e-07	5.99205687e-08
551             	8.93199170e-06	3.32029835e-06	1.68909859e-05	2.34549274e-06	2.15578103e-07	5.83676001e-08
552             	9.01938840e-06	3.32360499e-06	1.70413263e-05	2.36809281e-06	2.10868634e-07	5.69285273e-08
553             	8.98422596e-06	3.31795977e-06	1.71699530e-05	2.38352560e-06	2.05764903e-07	5.55060284e-08
554             	9.05467984e-06	3.31983678e-06	1.73086584e-05	2.40768196e-06	2.01143049e-07	5.41808544e-08
555             	9.01421894e-06	3.31251809e-06	1.74085845e-05	2.41972165e-06	1.96221278e-07	5.28963891e-08
556             	9.03696370e-06	3.31333464e-06	1.75145697e-05	2.43856000e-06	1.91727347e-07	5.16785762e-08
557             	8.93600904e-06	3.30683506e-06	1.75776997e-05	2.45038037e-06	1.87073094e-07	5.05420782e-08
558             	8.90397218e-06	3.30831536e-06	1.76442231e-05	2.46356262e-06	1.82935728e-07	4.94695793e-08
559             	8.76284653e-06	3.30302706e-06	1.76600357e-05	2.46838705e-06	1.78713528e-07	4.84360405e-08
560             	8.71722729e-06	3.30032379e-06	1.76788044e-05	2.47490043e-06	1.74896870e-07	4.74734032e-08
561             	8.58243265e-06	3.29009425e-06	1.76457465e-05	2.46919769e-06	1.71018326e-07	4.65872861e-08
562             	8.53737352e-06	3.28368609e-06	1.76195181e-05	2.46905374e-06	1.67564422e-07	4.57392360e-08
563             	8.40114165e-06	3.27474528e-06	1.75413090e-05	2.45996835e-06	1.64043605e-07	4.49825238e-08
564             	8.34585126e-06	3.26714881e-06	1.74690023e-05	2.45214433e-06	1.61095040e-07	4.43284844e-08
565             	8.19579095e-06	3.25506587e-06	1.73500024e-05	2.44067184e-06	1.58092036e-07	4.37847956e-08
566             	8.14081279e-06	3.24418400e-06	1.72448147e-05	2.42877395e-06	1.55707007e-07	4.33831375e-08
567             	7.99598582e-06	3.23186423e-06	1.71011500e-05	2.41280386e-06	1.53305432e-07	4.30471714e-08
568             	7.94761504e-06	3.22646383e-06	1.69801873e-05	2.40288692e-06	1.51635124e-07	4.30675011e-08
569             	7.83835388e-06	3.22489213e-06	1.68265178e-05	2.38626276e-06	1.50032865e-07	4.31626395e-08
570             	7.83164880e-06	3.22760042e-06	1.66936331e-05	2.37246901e-06	1.48844170e-07	4.33343223e-08
571             	7.75418078e-06	3.22958821e-06	1.65240250e-05	2.35751711e-06	1.47851458e-07	4.38130288e-08
572             	7.77483656e-06	3.23476480e-06	1.63801978e-05	2.33841987e-06	1.47224779e-07	4.43460751e-08
573             	7.70555259e-06	3.23749607e-06	1.62101199e-05	2.32227595e-06	1.46670781e-07	4.49844337e-08
574             	7.73722753e-06	3.23974885e-06	1.60745249e-05	2.30518600e-06	1.46567767e-07	4.58123364e-08
575             	7.68754871e-06	3.23782834e-06	1.59151055e-05	2.28788791e-06	1.46400833e-07	4.67552467e-08
576             	7.71514635e-06	3.23624111e-06	1.57954507e-05	2.27332730e-06	1.46876889e-07	4.79808811e-08
577             	7.68069525e-06	3.23352623e-06	1.56522484e-05	2.25910923e-06	1.47586504e-07	4.93471591e-08
578             	7.73423842e-06	3.22608551e-06	1.55421984e-05	2.24024301e-06	1.48778277e-07	5.08022158e-08
579             	7.70949435e-06	3.21765021e-06	1.54071801e-05	2.22886383e-06	1.50621822e-07	5.25664011e-08
580             	7.77557449e-06	3.20376562e-06	1.52984874e-05	2.20785640e-06	1.52908872e-07	5.41328307e-08
581             	7.77187606e-06	3.19243353e-06	1.51701908e-05	2.19137023e-06	1.55808901e-07	5.60288946e-08
582             	7.84399685e-06	3.17748168e-06	1.50660449e-05	2.17311662e-06	1.59481023e-07	5.79960770e-08
583             	7.84468612e-06	3.17111154e-06	1.49535319e-05	2.15470929e-06	1.63424660e-07	6.00248001e-08
584             	7.91930818e-06	3.16702736e-06	1.48706429e-05	2.13747732e-06	1.68080362e-07	6.21722692e-08
585             	7.91958750e-06	3.17252393e-06	1.48062626e-05	2.12760755e-06	1.73048657e-07	6.44721754e-08
586             	8.00239996e-06	3.17683056e-06	1.47613625e-05	2.11301775e-06	1.78629950e-07	6.67826584e-08
587             	7.98446363e-06	3.19083042e-06	1.47363872e-05	2.10879564e-06	1.84516809e-07	6.91253442e-08
588             	8.04790458e-06	3.19696223e-06	1.47161700e-05	2.10032176e-06	1.90679447e-07	7.12927888e-08
589             	8.01670217e-06	3.20885150e-06	1.47081395e-05	2.09450841e-06	1.96865412e-07	7.32372424e-08
590             	8.04687625e-06	3.21268752e-06	1.46780224e-05	2.09009969e-06	2.03225071e-07	7.50776613e-08
591             	7.97787138e-06	3.21810547e-06	1.46561847e-05	2.08486098e-06	2.09195302e-07	7.64182950e-08
592             	7.96525749e-06	3.21078837e-06	1.46065884e-05	2.07745753e-06	2.15076070e-07	7.75813334e-08
593             	7.84950355e-06	3.21007977e-06	1.45757471e-05	2.07765386e-06	2.20463809e-07	7.86468697e-08
594             	7.81287554e-06	3.20125970e-06	1.45128913e-05	2.06993017e-06	2.25641261e-07	7.94941050e-08
595             	7.68210319e-06	3.20055542e-06	1.44869661e-05	2.06903928e-06	2.30088823e-07	8.02952849e-08
596             	7.62410324e-06	3.19238385e-06	1.44237610e-05	2.06556465e-06	2.34786843e-07	8.10271141e-08
597             	7.47327777e-06	3.18849308e-06	1.43817761e-05	2.05938267e-06	2.39125840e-07	8.16595158e-08
598             	7.39285630e-06	3.18154976e-06	1.43083748e-05	2.05411027e-06	2.43241973e-07	8.22282253e-08
599             	7.23370765e-06	3.18100913e-06	1.42677479e-05	2.05199901e-06	2.47291677e-07	8.26777079e-08
600             	7.17259644e-06	3.17064166e-06	1.41820543e-05	2.03976942e-06	2.51250388e-07	8.29332036e-08
601             	7.02623929e-06	3.16560717e-06	1.41357345e-05	2.03815278e-06	2.55278635e-07	8.32359134e-08
602             	6.99092577e-06	3.15462908e-06	1.40454426e-05	2.02624213e-06	2.58530574e-07	8.34928892e-08
603             	6.85856167e-06	3.14604519e-06	1.39876535e-05	2.01783012e-06	2.62086909e-07	8.36324964e-08
604             	6.82749068e-06	3.13351831e-06	1.39021553e-05	2.01042732e-06	2.65114290e-07	8.37570674e-08
605             	6.75610136e-06	3.12620799e-06	1.38575279e-05	2.00144650e-06	2.67330249e-07	8.38971368e-08
606             	6.79638422e-06	3.11674061e-06	1.37765782e-05	1.98998132e-06	2.69189207e-07	8.40022834e-08
607             	6.78718383e-06	3.11536021e-06	1.37440667e-05	1.98596153e-06	2.70419685e-07	8.40955828e-08
608             	6.89691413e-06	3.11116777e-06	1.36705375e-05	1.97318879e-06	2.71242914e-07	8.43300748e-08
609             	6.91343818e-06	3.11419051e-06	1.36381811e-05	1.96841462e-06	2.71621812e-07	8.46147240e-08
610             	7.05641253e-06	3.11210222e-06	1.35668346e-05	1.96055818e-06	2.72311991e-07	8.52074976e-08
611             	7.11050154e-06	3.11534986e-06	1.35335681e-05	1.95093465e-06	2.72579689e-07	8.59028471e-08
612             	7.26260071e-06	3.11451080e-06	1.34671424e-05	1.94502168e-06	2.73280585e-07	8.66656299e-08
613             	7.33311628e-06	3.11948853e-06	1.34404815e-05	1.93981675e-06	2.73394676e-07	8.75634395e-08
614             	7.48663813e-06	3.11666442e-06	1.33863958e-05	1.92937717e-06	2.74048355e-07	8.83223142e-08
615             	7.56055147e-06	3.11772761e-06	1.33641509e-05	1.92896664e-06	2.74115531e-07	8.88328838e-08
616             	7.73996974e-06	3.11051037e-06	1.33057546e-05	1.91671478e-06	2.74591513e-07	8.90284392e-08
617             	7.81265797e-06	3.10804889e-06	1.32657713e-05	1.90766690e-06	2.74590798e-07	8.92101186e-08
618             	7.98670448e-06	3.09858663e-06	1.31934473e-05	1.89673086e-06	2.74819797e-07	8.93270593e-08
619             	8.09110589e-06	3.09789978e-06	1.31350966e-05	1.88313224e-06	2.75117636e-07	8.92775686e-08
620             	8.27720690e-06	3.08457539e-06	1.30498808e-05	1.86830507e-06	2.75710461e-07	8.91832448e-08
621             	8.37091769e-06	3.06407975e-06	1.29872418e-05	1.86016199e-06	2.76122252e-07	8.93606810e-08
622             	8.54889105e-06	3.04228904e-06	1.29001386e-05	1.84018595e-06	2.77289434e-07	8.98442805e-08
623             	8.60448696e-06	3.03070183e-06	1.28432565e-05	1.83298845e-06	2.78658583e-07	8.99558527e-08
624             	8.72088731e-06	2.99458393e-06	1.27822637e-05	1.82137137e-06	2.80665981e-07	9.05375282e-08
625             	8.71880545e-06	2.96947278e-06	1.27551186e-05	1.81133403e-06	2.82919783e-07	9.14385469e-08
626             	8.77760928e-06	2.93682724e-06	1.26980527e-05	1.80257956e-06	2.85408083e-07	9.20552843e-08
627             	8.72903705e-06	2.90645795e-06	1.26682797e-05	1.79214247e-06	2.88004041e-07	9.26437625e-08
628             	8.74514492e-06	2.86973756e-06	1.26119221e-05	1.77657564e-06	2.90791360e-07	9.24941573e-08
629             	8.67822395e-06	2.84404733e-06	1.25906788e-05	1.77049124e-06	2.92896866e-07	9.20833839e-08
630             	8.67140410e-06	2.80762974e-06	1.25353477e-05	1.75376774e-06	2.94683014e-07	9.14356452e-08
631             	8.53349072e-06	2.78786970e-06	1.25227290e-05	1.74707222e-06	2.95960478e-07	9.04492478e-08
632             	8.49050230e-06	2.76473203e-06	1.25100914e-05	1.74313979e-06	2.96623199e-07	8.95531832e-08
633             	8.33881638e-06	2.76002994e-06	1.25736560e-05	1.74586855e-06	2.96354581e-07	8.84781372e-08
634             	8.26445294e-06	2.75504888e-06	1.26130179e-05	1.74801012e-06	2.95658576e-07	8.77487665e-08
635             	8.16343483e-06	2.76507797e-06	1.27330678e-05	1.76396610e-06	2.94113804e-07	8.72530227e-08
636             	8.18356191e-06	2.76979214e-06	1.28154629e-05	1.76726442e-06	2.92164227e-07	8.63727329e-08
637             	8.12486100e-06	2.78942375e-06	1.29657247e-05	1.78945807e-06	2.89571454e-07	8.53434827e-08
638             	8.18832315e-06	2.79907028e-06	1.30573484e-05	1.79755207e-06	2.86561646e-07	8.48873826e-08
639             	8.18147499e-06	2.81422546e-06	1.31791927e-05	1.80941559e-06	2.83090276e-07	8.40536015e-08
640             	8.26778250e-06	2.82130033e-06	1.32601214e-05	1.82191671e-06	2.79606765e-07	8.30414586e-08
641             	8.27715536e-06	2.82972270e-06	1.33775671e-05	1.83386971e-06	2.75763414e-07	8.25025239e-08
642             	8.37630105e-06	2.82975902e-06	1.34401576e-05	1.84389181e-06	2.72593989e-07	8.15229463e-08
643             	8.38211470e-06	2.83309704e-06	1.35248593e-05	1.85973669e-06	2.68862523e-07	8.03172262e-08
644             	8.48479241e-06	2.82669984e-06	1.35470012e-05	1.86476156e-06	2.65367041e-07	7.89313296e-08
645             	8.47318989e-06	2.81737615e-06	1.35792153e-05	1.87013387e-06	2.61943891e-07	7.74022036e-08
646             	8.56344585e-06	2.79750838e-06	1.35434379e-05	1.87649789e-06	2.58191289e-07	7.56829329e-08
647             	8.53394680e-06	2.77086045e-06	1.35136602e-05	1.86900503e-06	2.54131339e-07	7.39976392e-08
648             	8.57958309e-06	2.74059441e-06	1.34462123e-05	1.87426469e-06	2.50230788e-07	7.22859393e-08
649             	8.52271188e-06	2.70925652e-06	1.34071241e-05	1.86864048e-06	2.46000439e-07	7.06383927e-08
650             	8.54153109e-06	2.67996989e-06	1.33522660e-05	1.86747326e-06	2.42016363e-07	6.90297400e-08
651             	8.42497737e-06	2.65362566e-06	1.33391440e-05	1.86576099e-06	2.37572873e-07	6.73301811e-08
652             	8.39698672e-06	2.63402323e-06	1.33269256e-05	1.86467209e-06	2.33420226e-07	6.57032065e-08
653             	8.24430933e-06	2.61658306e-06	1.33416095e-05	1.85822829e-06	2.28951422e-07	6.40625294e-08
654             	8.20500380e-06	2.60949317e-06	1.33818818e-05	1.86730253e-06	2.24490959e-07	6.24197717e-08
655             	8.10140967e-06	2.60272423e-06	1.34511757e-05	1.86837391e-06	2.19992709e-07	6.08444194e-08
656             	8.11282690e-06	2.60978077e-06	1.35630715e-05	1.88375014e-06	2.15546936e-07	5.92736501e-08
657             	8.06040342e-06	2.61586886e-06	1.37100699e-05	1.90406391e-06	2.10857904e-07	5.77643286e-08
658             	8.13383809e-06	2.63738113e-06	1.39000505e-05	1.92930833e-06	2.06529453e-07	5.63199136e-08
659             	8.11604090e-06	2.65278911e-06	1.40883529e-05	1.95851415e-06	2.01900707e-07	5.49242942e-08
660             	8.23971417e-06	2.67715948e-06	1.43037322e-05	1.99385630e-06	1.97445602e-07	5.35732021e-08
661             	8.25430260e-06	2.68920172e-06	1.44939530e-05	2.01890032e-06	1.92888007e-07	5.22518938e-08
662             	8.34356951e-06	2.70780330e-06	1.47013044e-05	2.05380090e-06	1.88566735e-07	5.10135917e-08
663             	8.32532835e-06	2.71601096e-06	1.48701619e-05	2.07751608e-06	1.84127433e-07	4.98082460e-08
664             	8.36534320e-06	2.73123819e-06	1.50430683e-05	2.10180546e-06	1.79966436e-07	4.86501573e-08
665             	8.27353988e-06	2.73724357e-06	1.51718774e-05	2.12480156e-06	1.75671585e-07	4.75261929e-08
666             	8.26886990e-06	2.74892611e-06	1.53027829e-05	2.14706136e-06	1.71800163e-07	4.65195038e-08
667             	8.14065165e-06	2.75581743e-06	1.53832167e-05	2.15784992e-06	1.67800897e-07	4.55067425e-08
668             	8.10407985e-06	2.76651050e-06	1.54707360e-05	2.17673812e-06	1.64088068e-07	4.45883134e-08
669             	7.97483698e-06	2.77104612e-06	1.55005304e-05	2.17831615e-06	1.60425042e-07	4.37354001e-08
670             	7.93198097e-06	2.77622910e-06	1.55380061e-05	2.18803327e-06	1.57276697e-07	4.29676155e-08
671             	7.81261519e-06	2.78029017e-06	1.55247327e-05	2.18805367e-06	1.54022805e-07	4.22870383e-08
672             	7.78491441e-06	2.78317484e-06	1.55180620e-05	2.18703963e-06	1.51398498e-07	4.17457101e-08
673             	7.65645102e-06	2.78585701e-06	1.54647381e-05	2.18173214e-06	1.48812702e-07	4.13099087e-08
674             	7.63285825e-06	2.79045976e-06	1.54297699e-05	2.18075199e-06	1.46726173e-07	4.10067565e-08
675             	7.51986371e-06	2.79210393e-06	1.53530061e-05	2.16981679e-06	1.44643099e-07	4.07581101e-08
676             	7.49486533e-06	2.79580429e-06	1.52989224e-05	2.16909083e-06	1.43218474e-07	4.08487326e-08
677             	7.41414374e-06	2.80203735e-06	1.52061197e-05	2.15999905e-06	1.41865232e-07	4.10100677e-08
678             	7.41769552e-06	2.80977596e-06	1.51299132e-05	2.14906266e-06	1.40816970e-07	4.10804061e-08
679             	7.34200564e-06	2.81620004e-06	1.50218530e-05	2.14337015e-06	1.39959706e-07	4.15410950e-08
680             	7.35716211e-06	2.82490112e-06	1.49334822e-05	2.12983176e-06	1.39545969e-07	4.21265243e-08
681             	7.27317768e-06	2.83697737e-06	1.48154221e-05	2.12007564e-06	1.39108799e-07	4.27623012e-08
682             	7.30830498e-06	2.84648825e-06	1.47278575e-05	2.11123289e-06	1.39487479e-07	4.35961471e-08
683             	7.27591382e-06	2.85382779e-06	1.46149391e-05	2.09961984e-06	1.39346926e-07	4.45436303e-08
684             	7.31294318e-06	2.86009841e-06	1.45455007e-05	2.08891480e-06	1.39822656e-07	4.57499338e-08
685             	7.28625245e-06	2.86628071e-06	1.44593089e-05	2.08339384e-06	1.40674505e-07	4.70543665e-08
686             	7.36862703e-06	2.86790337e-06	1.44006142e-05	2.06882333e-06	1.42045663e-07	4.85468878e-08
687             	7.35556612e-06	2.86671238e-06	1.43148451e-05	2.06391369e-06	1.43827399e-07	5.03034753e-08
688             	7.42634579e-06	2.86468505e-06	1.42522486e-05	2.05219636e-06	1.46248813e-07	5.20350872e-08
689             	7.42097167e-06	2.86621843e-06	1.41685674e-05	2.03892806e-06	1.49161859e-07	5.39365007e-08
690             	7.52658682e-06	2.86464032e-06	1.41097149e-05	2.03119225e-06	1.52671419e-07	5.59821637e-08
691             	7.55468410e-06	2.86907735e-06	1.40429889e-05	2.02190249e-06	1.56650945e-07	5.80202776e-08
692             	7.65128217e-06	2.87342660e-06	1.40025314e-05	2.01155451e-06	1.61345306e-07	6.01332081e-08
693             	7.66223636e-06	2.88308682e-06	1.39786477e-05	2.01106241e-06	1.66253453e-07	6.25486023e-08
694             	7.75795893e-06	2.89026143e-06	1.39681504e-05	2.00256248e-06	1.71993381e-07	6.48419261e-08
695             	7.74890442e-06	2.90717350e-06	1.39689224e-05	2.00034856e-06	1.77753920e-07	6.70666427e-08
696             	7.81647154e-06	2.91869796e-06	1.39788967e-05	1.99798904e-06	1.83985354e-07	6.91941565e-08
697             	7.77190508e-06	2.93599626e-06	1.40001786e-05	1.99562895e-06	1.89938463e-07	7.12150397e-08
698             	7.77839816e-06	2.94535657e-06	1.40098100e-05	1.99495382e-06	1.96400483e-07	7.32023413e-08
699             	7.70197907e-06	2.95882118e-06	1.40216789e-05	1.99762040e-06	2.02411209e-07	7.46594217e-08
700             	7.70988731e-06	2.95998617e-06	1.40149686e-05	1.99101907e-06	2.08420481e-07	7.57857829e-08
701             	7.61105205e-06	2.96416870e-06	1.40245758e-05	1.99596038e-06	2.13696590e-07	7.70490394e-08
702             	7.59176042e-06	2.95970061e-06	1.40081809e-05	1.99436970e-06	2.19354243e-07	7.81506081e-08
703             	7.46433776e-06	2.96558850e-06	1.40138580e-05	1.99607862e-06	2.24284588e-07	7.90778473e-08
704             	7.41882849e-06	2.96277335e-06	1.39849411e-05	1.99868723e-06	2.29281064e-07	7.97733158e-08
705             	7.28149715e-06	2.96656340e-06	1.39797622e-05	1.99966515e-06	2.33966378e-07	8.04876568e-08
706             	7.23181470e-06	2.96243685e-06	1.39326128e-05	1.99508397e-06	2.38008512e-07	8.11441720e-08
707             	7.09404405e-06	2.96534647e-06	1.39204960e-05	1.99779555e-06	2.42184987e-07	8.18091214e-08
708             	7.03581997e-06	2.95752312e-06	1.38649094e-05	1.98968462e-06	2.46770020e-07	8.20665575e-08
709             	6.87406993e-06	2.95297482e-06	1.38410921e-05	1.98872376e-06	2.50661678e-07	8.23691146e-08
710             	6.82636998e-06	2.94363516e-06	1.37747653e-05	1.98386229e-06	2.54171478e-07	8.26381529e-08
711             	6.69582483e-06	2.93762989e-06	1.37303057e-05	1.97529965e-06	2.57430550e-07	8.27980170e-08
712             	6.65961017e-06	2.92644439e-06	1.36570732e-05	1.96917182e-06	2.60716610e-07	8.29182425e-08
713             	6.57632704e-06	2.92378057e-06	1.36230334e-05	1.96514248e-06	2.62898919e-07	8.29913108e-08
714             	6.59923226e-06	2.91907873e-06	1.35522221e-05	1.95393563e-06	2.64991863e-07	8.31090409e-08
715             	6.57774217e-06	2.92182119e-06	1.35299667e-05	1.95211631e-06	2.66282499e-07	8.32403842e-08
716             	6.68886943e-06	2.92231196e-06	1.34768053e-05	1.94302516e-06	2.67802901e-07	8.35221220e-08
717             	6.73511533e-06	2.92921203e-06	1.34600485e-05	1.93682451e-06	2.68201365e-07	8.38854830e-08
718             	6.87231051e-06	2.93542010e-06	1.34129368e-05	1.93140647e-06	2.69068462e-07	8.44150168e-08
719             	6.93613384e-06	2.94720139e-06	1.34048878e-05	1.92580154e-06	2.69736288e-07	8.52483168e-08
720             	7.10407188e-06	2.95477967e-06	1.33599938e-05	1.91730269e-06	2.70258014e-07	8.59046822e-08
721             	7.18963056e-06	2.96687678e-06	1.33510544e-05	1.91674796e-06	2.70838180e-07	8.66739699e-08
722             	7.36392298e-06	2.97069939e-06	1.33090712e-05	1.90609357e-06	2.71277767e-07	8.75501306e-08
723             	7.44076688e-06	2.97683560e-06	1.32980414e-05	1.90210367e-06	2.71660988e-07	8.81025068e-08
724             	7.61872930e-06	2.97612783e-06	1.32516541e-05	1.89449773e-06	2.72410906e-07	8.83472153e-08
725             	7.69198098e-06	2.97705871e-06	1.32257237e-05	1.88431995e-06	2.72525706e-07	8.86037559e-08
726             	7.84749196e-06	2.97140598e-06	1.31651378e-05	1.87610685e-06	2.72654514e-07	8.87921579e-08
727             	7.94769004e-06	2.97541819e-06	1.31187698e-05	1.86615633e-06	2.73130036e-07	8.88423386e-08
728             	8.12999769e-06	2.96254350e-06	1.30385902e-05	1.84981827e-06	2.73553283e-07	8.86010720e-08
729             	8.19952270e-06	2.94799589e-06	1.29806346e-05	1.84092171e-06	2.74038516e-07	8.88236969e-08
730             	8.36559743e-06	2.93014421e-06	1.28927475e-05	1.82464928e-06	2.75145776e-07	8.92470831e-08
731             	8.41139853e-06	2.92337422e-06	1.28331775e-05	1.81091747e-06	2.76545641e-07	8.94902920e-08
732             	8.52739863e-06	2.89604297e-06	1.27653038e-05	1.80027557e-06	2.78707848e-07	8.99385263e-08
733             	8.54680960e-06	2.87452109e-06	1.27364883e-05	1.79050206e-06	2.80761917e-07	9.08246005e-08
734             	8.65133326e-06	2.84664233e-06	1.26729049e-05	1.77562345e-06	2.83316343e-07	9.15851316e-08
735             	8.63886217e-06	2.82603211e-06	1.26420435e-05	1.77038131e-06	2.85800370e-07	9.20286982e-08
736             	8.68603176e-06	2.79622939e-06	1.25859968e-05	1.75361321e-06	2.88642935e-07	9.17720461e-08
737             	8.61084271e-06	2.77095468e-06	1.25633224e-05	1.74872048e-06	2.91005834e-07	9.14244050e-08
738             	8.59325233e-06	2.74071725e-06	1.25098000e-05	1.73591196e-06	2.92818161e-07	9.10060762e-08
739             	8.46299549e-06	2.71982577e-06	1.24830041e-05	1.72674947e-06	2.94157431e-07	9.07019169e-08
740             	8.41981887e-06	2.69730408e-06	1.24578149e-05	1.71926528e-06	2.94894055e-07	8.97966567e-08
741             	8.27771627e-06	2.69244215e-06	1.25124013e-05	1.72512266e-06	2.94854932e-07	8.85066296e-08
742             	8.19523582e-06	2.68762023e-06	1.25366332e-05	1.72059214e-06	2.94367915e-07	8.74609187e-08
743             	8.05112076e-06	2.70029729e-06	1.26328827e-05	1.73495494e-06	2.93063907e-07	8.67713816e-08
744             	8.05389743e-06	2.70640814e-06	1.26939718e-05	1.73715936e-06	2.91096848e-07	8.60360020e-08
745             	7.99901230e-06	2.72606661e-06	1.28244879e-05	1.75062757e-06	2.88359536e-07	8.50832319e-08
746             	8.05948552e-06	2.73809433e-06	1.29140262e-05	1.76335000e-06	2.85691000e-07	8.47413582e-08
747             	8.06285037e-06	2.75575236e-06	1.30446612e-05	1.77579633e-06	2.82485452e-07	8.39410131e-08
748             	8.15328940e-06	2.76935762e-06	1.31385527e-05	1.78914925e-06	2.79314675e-07	8.29560110e-08
749             	8.15689087e-06	2.78687518e-06	1.32612620e-05	1.80655699e-06	2.75670117e-07	8.20489769e-08
750             	8.28592778e-06	2.79489114e-06	1.33260200e-05	1.81783384e-06	2.72469153e-07	8.13273823e-08
751             	8.31345694e-06	2.80323930e-06	1.34051369e-05	1.83041893e-06	2.68781064e-07	8.01743654e-08
752             	8.42571900e-06	2.80114768e-06	1.34283500e-05	1.83957292e-06	2.65310095e-07	7.90122224e-08
753             	8.42023508e-06	2.79361413e-06	1.34650483e-05	1.84186850e-06	2.61798357e-07	7.75350464e-08
754             	8.50593611e-06	2.77395289e-06	1.34400195e-05	1.84948490e-06	2.58432507e-07	7.59231110e-08
755             	8.48350432e-06	2.74826182e-06	1.34230031e-05	1.84788126e-06	2.54287453e-07	7.41737663e-08
756             	8.53202456e-06	2.71888650e-06	1.33673204e-05	1.84710095e-06	2.50812358e-07	7.25035123e-08
757             	8.45588302e-06	2.69045006e-06	1.33375314e-05	1.84678518e-06	2.46602324e-07	7.08313676e-08
758             	8.46220428e-06	2.66094413e-06	1.32866484e-05	1.84530889e-06	2.42614606e-07	6.91617476e-08
759             	8.33615090e-06	2.63468467e-06	1.32703828e-05	1.84286236e-06	2.38009254e-07	6.75043201e-08
760             	8.31107992e-06	2.61353342e-06	1.32461101e-05	1.84606629e-06	2.33846426e-07	6.58460064e-08
761             	8.18744539e-06	2.59598876e-06	1.32521621e-05	1.83992091e-06	2.29336121e-07	6.42221242e-08
762             	8.16361297e-06	2.58610474e-06	1.32836034e-05	1.84339771e-06	2.25091887e-07	6.26385209e-08
763             	8.05855047e-06	2.58055929e-06	1.33544534e-05	1.84872736e-06	2.20723575e-07	6.11109949e-08
764             	8.08350306e-06	2.58957371e-06	1.34638140e-05	1.86138911e-06	2.16472332e-07	5.96545535e-08
765             	8.02704592e-06	2.59733392e-06	1.35991526e-05	1.87964388e-06	2.11841460e-07	5.81476926e-08
766             	8.10841426e-06	2.61623608e-06	1.37785482e-05	1.90838033e-06	2.07571048e-07	5.67139061e-08
767             	8.09672890e-06	2.62829320e-06	1.39539778e-05	1.92989674e-06	2.03060822e-07	5.53093194e-08
768             	8.19398440e-06	2.64945060e-06	1.41577914e-05	1.96611109e-06	1.98650534e-07	5.39771330e-08
769             	8.19973095e-06	2.65987202e-06	1.43418326e-05	1.99174134e-06	1.94090371e-07	5.26134452e-08
770             	8.27443530e-06	2.67547186e-06	1.45452264e-05	2.02378881e-06	1.89808632e-07	5.13331502e-08
771             	8.23799663e-06	2.68145022e-06	1.47133589e-05	2.05067054e-06	1.85242682e-07	5.00712544e-08
772             	8.27207538e-06	2.69502902e-06	1.48881303e-05	2.07721602e-06	1.81011498e-07	4.88636240e-08
773             	8.18101905e-06	2.70051515e-06	1.50166151e-05	2.09457756e-06	1.76618242e-07	4.76694858e-08
774             	8.17001640e-06	2.71136612e-06	1.51522109e-05	2.11990959e-06	1.72654405e-07	4.66082089e-08
775             	8.05146306e-06	2.71705062e-06	1.52376181e-05	2.12950935e-06	1.68544563e-07	4.55744943e-08
776             	8.00687393e-06	2.72738438e-06	1.53329279e-05	2.14509042e-06	1.64769064e-07	4.46617872e-08
777             	7.89122449e-06	2.73269998e-06	1.53751142e-05	2.15207977e-06	1.61144546e-07	4.38182163e-08
778             	7.85946549e-06	2.74202056e-06	1.54255809e-05	2.15726710e-06	1.58025557e-07	4.31180360e-08
779             	7.73191780e-06	2.74956545e-06	1.54265483e-05	2.15955057e-06	1.55262203e-07	4.25096616e-08
780             	7.72726339e-06	2.75837060e-06	1.54328664e-05	2.16392011e-06	1.52570087e-07	4.19965143e-08
781             	7.63211696e-06	2.76196101e-06	1.53885197e-05	2.15846095e-06	1.49959866e-07	4.15404076e-08
782             	7.61643119e-06	2.76701675e-06	1.53601952e-05	2.16192535e-06	1.47865289e-07	4.12158467e-08
783             	7.51097290e-06	2.76920847e-06	1.52920113e-05	2.15534691e-06	1.45703470e-07	4.09633192e-08
784             	7.49156379e-06	2.77276241e-06	1.52388865e-05	2.15032485e-06	1.44276540e-07	4.10319745e-08
785             	7.38748470e-06	2.77903614e-06	1.51505242e-05	2.14444743e-06	1.42803427e-07	4.11265550e-08
786             	7.38981726e-06	2.78528211e-06	1.50773658e-05	2.13578597e-06	1.41647535e-07	4.12314329e-08
787             	7.29414480e-06	2.79094447e-06	1.49695803e-05	2.12592811e-06	1.40499559e-07	4.14293108e-08
788             	7.28493515e-06	2.79714738e-06	1.48895548e-05	2.11887834e-06	1.39930613e-07	4.19638697e-08
789             	7.19970430e-06	2.80773323e-06	1.47808601e-05	2.10591423e-06	1.39396262e-07	4.26440557e-08
790             	7.22124419e-06	2.81975122e-06	1.46974527e-05	2.09549128e-06	1.39194272e-07	4.33768800e-08
791             	7.19835254e-06	2.82666984e-06	1.45912997e-05	2.08689444e-06	1.38980540e-07	4.42713488e-08
792             	7.23784222e-06	2.83117435e-06	1.45217164e-05	2.07301985e-06	1.39478775e-07	4.54684257e-08
793             	7.18857131e-06	2.83895735e-06	1.44373624e-05	2.06857580e-06	1.40335833e-07	4.67701509e-08
794             	7.27560642e-06	2.84734708e-06	1.43874739e-05	2.05836230e-06	1.41868514e-07	4.83242300e-08
795             	7.30451953e-06	2.85248651e-06	1.43085837e-05	2.05048859e-06	1.43545462e-07	4.99831542e-08
796             	7.39706282e-06	2.85251074e-06	1.42556077e-05	2.04145560e-06	1.45823757e-07	5.17353724e-08
797             	7.41114551e-06	2.85310710e-06	1.41830344e-05	2.03363997e-06	1.48686239e-07	5.36615433e-08
798             	7.50550556e-06	2.84964191e-06	1.41296017e-05	2.02049425e-06	1.52074093e-07	5.55993892e-08
799             	7.52552798e-06	2.85289285e-06	1.40641473e-05	2.01593853e-06	1.56022098e-07	5.77116953e-08
800             	7.62026364e-06	2.85430743e-06	1.40166189e-05	2.00385483e-06	1.60478844e-07	5.97292696e-08
801             	7.60762054e-06	2.86092952e-06	1.39755562e-05	1.99803080e-06	1.65182688e-07	6.20354508e-08
802             	7.67902207e-06	2.86461325e-06	1.39549589e-05	1.99310689e-06	1.70542811e-07	6.42300292e-08
803             	7.66056556e-06	2.87940585e-06	1.39363248e-05	1.98723784e-06	1.76168967e-07	6.63884043e-08
804             	7.70958507e-06	2.89256522e-06	1.39295668e-05	1.98435985e-06	1.82133352e-07	6.83463573e-08
805             	7.67652003e-06	2.91037754e-06	1.39469779e-05	1.98535135e-06	1.87788731e-07	7.03963874e-08
806             	7.71028085e-06	2.91858000e-06	1.39604915e-05	1.98166883e-06	1.94282344e-07	7.23960290e-08
807             	7.64074636e-06	2.93201520e-06	1.39850546e-05	1.98401484e-06	2.00328513e-07	7.40160160e-08
808             	7.65625302e-06	2.93852604e-06	1.39903810e-05	1.98309462e-06	2.06511106e-07	7.53416263e-08
809             	7.56603391e-06	2.94894415e-06	1.40046344e-05	1.98338048e-06	2.11771364e-07	7.65431460e-08
810             	7.55755482e-06	2.95206779e-06	1.39921397e-05	1.98575852e-06	2.17487342e-07	7.78855233e-08
811             	7.46546751e-06	2.95908763e-06	1.39913511e-05	1.98788633e-06	2.22533965e-07	7.88907461e-08
812             	7.43888400e-06	2.95776165e-06	1.39613152e-05	1.98506110e-06	2.27967178e-07	7.96336025e-08
813             	7.30651473e-06	2.96142250e-06	1.39664765e-05	1.99256564e-06	2.32476780e-07	8.02354019e-08
814             	7.25952024e-06	2.95571773e-06	1.39252847e-05	1.98832289e-06	2.37082401e-07	8.09436149e-08
815             	7.11652287e-06	2.95685495e-06	1.39195834e-05	1.99025699e-06	2.40871875e-07	8.16054158e-08
816             	7.05988441e-06	2.94785662e-06	1.38661814e-05	1.98720455e-06	2.45354506e-07	8.19644917e-08
817             	6.90211158e-06	2.94109729e-06	1.38365318e-05	1.98278289e-06	2.49500993e-07	8.21740792e-08
818             	6.82566637e-06	2.92869914e-06	1.37761919e-05	1.97513025e-06	2.52858650e-07	8.23974023e-08
819             	6.67733683e-06	2.92464416e-06	1.37420409e-05	1.97092667e-06	2.55886212e-07	8.26506109e-08
820             	6.64772763e-06	2.91526243e-06	1.36715654e-05	1.95951059e-06	2.59064663e-07	8.27732322e-08
821             	6.55466840e-06	2.91121520e-06	1.36397483e-05	1.95574587e-06	2.61640457e-07	8.28959625e-08
822             	6.59272833e-06	2.90477076e-06	1.35767335e-05	1.94722335e-06	2.63622727e-07	8.30244186e-08
823             	6.56623216e-06	2.90902979e-06	1.35548705e-05	1.93763676e-06	2.65353929e-07	8.32656111e-08
824             	6.66934973e-06	2.91192570e-06	1.35071458e-05	1.93359157e-06	2.67020520e-07	8.35729528e-08
825             	6.72907330e-06	2.92251644e-06	1.34931374e-05	1.93025865e-06	2.68028498e-07	8.40409459e-08
826             	6.87659740e-06	2.92739606e-06	1.34461091e-05	1.92317588e-06	2.68934614e-07	8.46303658e-08
827             	6.94324687e-06	2.93635737e-06	1.34337921e-05	1.92300189e-06	2.69678359e-07	8.53328139e-08
828             	7.10740361e-06	2.94097026e-06	1.33858908e-05	1.91417365e-06	2.70478786e-07	8.59738194e-08
829             	7.17954929e-06	2.95203573e-06	1.33690125e-05	1.90843852e-06	2.70812265e-07	8.66226132e-08
830             	7.33585913e-06	2.95526335e-06	1.33204519e-05	1.90187267e-06	2.71251073e-07	8.72897529e-08
831             	7.40582346e-06	2.96156896e-06	1.32992957e-05	1.89370256e-06	2.71639779e-07	8.79174536e-08
832             	7.55373439e-06	2.95922471e-06	1.32443675e-05	1.88405223e-06	2.72297600e-07	8.81111748e-08
833             	7.62350054e-06	2.96136906e-06	1.32158687e-05	1.87914944e-06	2.72493548e-07	8.84753755e-08
834             	7.78756086e-06	2.95720323e-06	1.31567888e-05	1.86409002e-06	2.72627657e-07	8.87210848e-08
835             	7.88299129e-06	2.96169156e-06	1.31163136e-05	1.85719357e-06	2.72694541e-07	8.88183926e-08
836             	8.06700926e-06	2.94540979e-06	1.30482880e-05	1.84397095e-06	2.73440037e-07	8.86703269e-08
837             	8.13849043e-06	2.93376194e-06	1.29961537e-05	1.83163826e-06	2.74013038e-07	8.88736530e-08
838             	8.28284737e-06	2.91830326e-06	1.29113516e-05	1.81911803e-06	2.75128944e-07	8.92988466e-08
839             	8.31720881e-06	2.91755975e-06	1.28654663e-05	1.80901050e-06	2.76584700e-07	8.97401748e-08
840             	8.47043092e-06	2.90739018e-06	1.27949049e-05	1.79316038e-06	2.78626376e-07	9.01594615e-08
841             	8.51796214e-06	2.88036185e-06	1.27648973e-05	1.78891395e-06	2.80665896e-07	9.08719460e-08
842             	8.66092193e-06	2.84953022e-06	1.27031276e-05	1.77396198e-06	2.83043643e-07	9.15852670e-08
843             	8.65684673e-06	2.82734038e-06	1.26615429e-05	1.76420978e-06	2.85461075e-07	9.19148077e-08
844             	8.69872848e-06	2.79791954e-06	1.26081902e-05	1.75431890e-06	2.88216423e-07	9.14709004e-08
845             	8.60915097e-06	2.77442855e-06	1.25803419e-05	1.74328325e-06	2.90521665e-07	9.10817488e-08
846             	8.55662258e-06	2.74410055e-06	1.25256359e-05	1.73087093e-06	2.92397110e-07	9.08658626e-08
847             	8.43328481e-06	2.72520343e-06	1.25054139e-05	1.72701625e-06	2.93506790e-07	9.09209892e-08
848             	8.39145901e-06	2.70167430e-06	1.24799554e-05	1.71571112e-06	2.94313759e-07	9.03176203e-08
849             	8.26807527e-06	2.69447516e-06	1.25256296e-05	1.72114981e-06	2.94360857e-07	8.90757392e-08
850             	8.22439731e-06	2.68859695e-06	1.25630196e-05	1.72103392e-06	2.94110389e-07	8.77950044e-08
851             	8.09142355e-06	2.69814033e-06	1.26631538e-05	1.72942402e-06	2.93033758e-07	8.66557376e-08
852             	8.07472415e-06	2.70051975e-06	1.27157071e-05	1.73216726e-06	2.91463648e-07	8.61074161e-08
853             	8.00216935e-06	2.71759199e-06	1.28293451e-05	1.74493125e-06	2.88843533e-07	8.54747616e-08
854             	8.04174955e-06	2.72980035e-06	1.28979087e-05	1.74882959e-06	2.86384071e-07	8.51664648e-08
855             	8.02972900e-06	2.75145546e-06	1.30199035e-05	1.76777874e-06	2.83404491e-07	8.44548116e-08
856             	8.15316482e-06	2.76558033e-06	1.31194154e-05	1.77873834e-06	2.80557666e-07	8.34884777e-08
857             	8.17302967e-06	2.78283031e-06	1.32460011e-05	1.79466527e-06	2.77116025e-07	8.22781936e-08
858             	8.29482423e-06	2.78994830e-06	1.33243821e-05	1.81212614e-06	2.73840301e-07	8.14135058e-08
859             	8.32514110e-06	2.79634556e-06	1.34052527e-05	1.82284382e-06	2.70174593e-07	8.04677826e-08
860             	8.40802291e-06	2.79190997e-06	1.34228128e-05	1.83254491e-06	2.66596161e-07	7.92705953e-08
861             	8.38677694e-06	2.78254136e-06	1.34517292e-05	1.83914600e-06	2.62858621e-07	7.79226792e-08
862             	8.46084875e-06	2.76199665e-06	1.34194660e-05	1.84120037e-06	2.59510678e-07	7.63279616e-08
863             	8.41412994e-06	2.74005061e-06	1.34115168e-05	1.84311894e-06	2.55396507e-07	7.46011213e-08
864             	8.46072437e-06	2.71528323e-06	1.33608343e-05	1.84543206e-06	2.51323967e-07	7.27955974e-08
865             	8.38932020e-06	2.69113161e-06	1.33384010e-05	1.83763023e-06	2.47114029e-07	7.11420459e-08
866             	8.39392078e-06	2.66365005e-06	1.33038628e-05	1.84019938e-06	2.43627904e-07	6.94821241e-08
867             	8.30306243e-06	2.63604623e-06	1.33041058e-05	1.83609620e-06	2.39189849e-07	6.78319560e-08
868             	8.28667440e-06	2.61454812e-06	1.32886037e-05	1.83518683e-06	2.35005104e-07	6.62652098e-08
869             	8.17137537e-06	2.59959689e-06	1.33020888e-05	1.83629922e-06	2.30480420e-07	6.46199841e-08
870             	8.17533246e-06	2.59201735e-06	1.33293697e-05	1.83854290e-06	2.26316710e-07	6.30986976e-08
871             	8.08352926e-06	2.58506174e-06	1.33922829e-05	1.84300398e-06	2.21942985e-07	6.15717913e-08
872             	8.11573119e-06	2.59189198e-06	1.34939519e-05	1.86017558e-06	2.17804470e-07	6.01415681e-08
873             	8.07789260e-06	2.59793070e-06	1.36161138e-05	1.87277634e-06	2.13250411e-07	5.86523690e-08
874             	8.14176359e-06	2.61370398e-06	1.37841455e-05	1.89768986e-06	2.09021122e-07	5.71820782e-08
875             	8.11693138e-06	2.62372274e-06	1.39552014e-05	1.92270134e-06	2.04474763e-07	5.57568971e-08
876             	8.19897243e-06	2.64127734e-06	1.41503328e-05	1.95339538e-06	2.00146424e-07	5.43675010e-08
877             	8.17508731e-06	2.65163114e-06	1.43268229e-05	1.98140872e-06	1.95368707e-07	5.29683998e-08
878             	8.24375401e-06	2.66766365e-06	1.45222726e-05	2.01451182e-06	1.91008265e-07	5.16524915e-08
879             	8.19241877e-06	2.67441467e-06	1.46837577e-05	2.03560210e-06	1.86325771e-07	5.03436720e-08
880             	8.22024988e-06	2.69121471e-06	1.48579918e-05	2.06767565e-06	1.82053312e-07	4.91319764e-08
881             	8.14259571e-06	2.69824926e-06	1.49885799e-05	2.08570692e-06	1.77621074e-07	4.79491223e-08
882             	8.14579869e-06	2.70862053e-06	1.51294642e-05	2.10920563e-06	1.73773384e-07	4.68769587e-08
883             	8.04048531e-06	2.71501430e-06	1.52263499e-05	2.12524652e-06	1.69709157e-07	4.59086021e-08
884             	8.02716458e-06	2.72871476e-06	1.53338571e-05	2.14191175e-06	1.66052515e-07	4.50435980e-08
885             	7.92848099e-06	2.73834474e-06	1.53894622e-05	2.14888113e-06	1.62845817e-07	4.42655826e-08
886             	7.91927079e-06	2.75079088e-06	1.54517667e-05	2.16132567e-06	1.59730865e-07	4.35687781e-08
887             	7.81553442e-06	2.75529276e-06	1.54611026e-05	2.16117188e-06	1.56525414e-07	4.29398450e-08
888             	7.78837854e-06	2.76069964e-06	1.54717079e-05	2.16593226e-06	1.53787252e-07	4.23816504e-08
889             	7.68306324e-06	2.76146716e-06	1.54294982e-05	2.16340475e-06	1.51069579e-07	4.18830644e-08
890             	7.66351177e-06	2.76305801e-06	1.53986025e-05	2.16022596e-06	1.48914513e-07	4.14754356e-08
891             	7.53462002e-06	2.76341367e-06	1.53277306e-05	2.15623477e-06	1.46591304e-07	4.11718048e-08
892             	7.49936705e-06	2.76605718e-06	1.52772282e-05	2.15225890e-06	1.45006090e-07	4.11604123e-08
893             	7.38274741e-06	2.77147198e-06	1.51881802e-05	2.14348295e-06	1.43330384e-07	4.11895857e-08
894             	7.36921958e-06	2.77746941e-06	1.51180231e-05	2.13836374e-06	1.42007441e-07	4.12284601e-08
895             	7.29082138e-06	2.78243843e-06	1.50160037e-05	2.12888297e-06	1.40698905e-07	4.13725145e-08
896             	7.28599555e-06	2.78620695e-06	1.49452264e-05	2.11846905e-06	1.39976618e-07	4.17617339e-08
897             	7.20592292e-06	2.79336444e-06	1.48439394e-05	2.10932728e-06	1.39505913e-07	4.24777785e-08
898             	7.23060812e-06	2.80758061e-06	1.47688200e-05	2.09690851e-06	1.39369061e-07	4.33206156e-08
899             	7.18892811e-06	2.81979263e-06	1.46616835e-05	2.08752308e-06	1.39152292e-07	4.42316880e-08
900             	7.25256508e-06	2.82983307e-06	1.45882644e-05	2.07797657e-06	1.39685454e-07	4.54340199e-08
901             	7.22756504e-06	2.83824990e-06	1.44972701e-05	2.06940523e-06	1.40487690e-07	4.66509445e-08
902             	7.31499803e-06	2.84646916e-06	1.44429477e-05	2.06095870e-06	1.42076483e-07	4.81699610e-08
903             	7.33624394e-06	2.85425471e-06	1.43658601e-05	2.05566326e-06	1.43746963e-07	4.97818121e-08
904             	7.43988414e-06	2.85412156e-06	1.43134428e-05	2.04501511e-06	1.45816557e-07	5.13985277e-08
905             	7.43596502e-06	2.85332121e-06	1.42402248e-05	2.03965577e-06	1.48551025e-07	5.33527898e-08
906             	7.50830752e-06	2.84897840e-06	1.41874856e-05	2.02861112e-06	1.51753102e-07	5.51251574e-08
907             	7.51997957e-06	2.85346535e-06	1.41197921e-05	2.02058664e-06	1.55478519e-07	5.71929723e-08
908             	7.59468273e-06	2.85617153e-06	1.40791907e-05	2.01159924e-06	1.59776228e-07	5.92484536e-08
909             	7.57905086e-06	2.86357660e-06	1.40424840e-05	2.00547480e-06	1.64061852e-07	6.14238854e-08
910             	7.64640935e-06	2.86694428e-06	1.40233536e-05	1.99722613e-06	1.69382941e-07	6.36555995e-08
911             	7.63120869e-06	2.87802120e-06	1.40088668e-05	1.99315966e-06	1.74716196e-07	6.57152023e-08
912             	7.70253323e-06	2.88658188e-06	1.39981992e-05	1.98540968e-06	1.80466949e-07	6.76425591e-08
913             	7.66778638e-06	2.90463391e-06	1.40057549e-05	1.98448391e-06	1.86283078e-07	6.96819628e-08
914             	7.69775571e-06	2.91471429e-06	1.40172532e-05	1.98263735e-06	1.92551241e-07	7.17600134e-08
915             	7.64922678e-06	2.93176637e-06	1.40415873e-05	1.98515786e-06	1.98728676e-07	7.34731240e-08
916             	7.67934463e-06	2.94097387e-06	1.40506194e-05	1.98631648e-06	2.04837022e-07	7.49305333e-08
917             	7.61400571e-06	2.95396364e-06	1.40725123e-05	1.99115159e-06	2.10334890e-07	7.62139792e-08
918             	7.62489756e-06	2.95647358e-06	1.40654202e-05	1.99091123e-06	2.15738025e-07	7.75518726e-08
919             	7.52713577e-06	2.96306900e-06	1.40718091e-05	1.99492603e-06	2.21219865e-07	7.87445552e-08
920             	7.49165746e-06	2.95793268e-06	1.40403312e-05	1.99304963e-06	2.26654212e-07	7.94371735e-08
921             	7.33997167e-06	2.95738810e-06	1.40357631e-05	1.99529779e-06	2.31359355e-07	8.00204994e-08
922             	7.26469793e-06	2.94931851e-06	1.39866328e-05	1.99290154e-06	2.35900892e-07	8.06063036e-08
923             	7.10488042e-06	2.94885044e-06	1.39697786e-05	1.99304242e-06	2.39645555e-07	8.12723710e-08
924             	7.03715501e-06	2.94334212e-06	1.39127422e-05	1.98866393e-06	2.44005332e-07	8.17073854e-08
925             	6.88340301e-06	2.94157241e-06	1.38916072e-05	1.98836221e-06	2.48080016e-07	8.19498289e-08
926             	6.82194751e-06	2.93126866e-06	1.38335623e-05	1.98091632e-06	2.51464906e-07	8.21917858e-08
927             	6.68028880e-06	2.92571739e-06	1.38040015e-05	1.97732681e-06	2.54845133e-07	8.24516166e-08
928             	6.66559430e-06	2.91742241e-06	1.37417497e-05	1.96909271e-06	2.57842969e-07	8.27368655e-08
929             	6.58637763e-06	2.91834022e-06	1.37108353e-05	1.96506802e-06	2.60380374e-07	8.28902669e-08
930             	6.62479567e-06	2.91616301e-06	1.36541831e-05	1.95723446e-06	2.62830242e-07	8.30465904e-08
931             	6.60915394e-06	2.92146019e-06	1.36335185e-05	1.95209073e-06	2.64599059e-07	8.33444092e-08
932             	6.70542975e-06	2.92551340e-06	1.35828175e-05	1.94395766e-06	2.66515068e-07	8.36539548e-08
933             	6.74714734e-06	2.93531573e-06	1.35761727e-05	1.94222778e-06	2.67998706e-07	8.41580634e-08
934             	6.90064895e-06	2.93937376e-06	1.35280657e-05	1.93552638e-06	2.68762686e-07	8.47612546e-08
935             	6.95733371e-06	2.94561156e-06	1.35210715e-05	1.93252169e-06	2.69843976e-07	8.53460847e-08
936             	7.11911712e-06	2.94644523e-06	1.34755857e-05	1.92637812e-06	2.70553373e-07	8.59299911e-08
937             	7.18020987e-06	2.95522882e-06	1.34610228e-05	1.92110471e-06	2.70764930e-07	8.63878817e-08
938             	7.32540115e-06	2.95730146e-06	1.34078218e-05	1.91347085e-06	2.71203487e-07	8.69195974e-08
939             	7.38214796e-06	2.96457919e-06	1.33801910e-05	1.90730396e-06	2.71141997e-07	8.74470056e-08
940             	7.52839701e-06	2.96312955e-06	1.33199027e-05	1.89702313e-06	2.71961753e-07	8.77399968e-08
941             	7.59475984e-06	2.96658324e-06	1.32889174e-05	1.88865922e-06	2.72207299e-07	8.81553024e-08
942             	7.76410348e-06	2.96170282e-06	1.32313660e-05	1.87637905e-06	2.72472723e-07	8.85259195e-08
943             	7.86223309e-06	2.96861364e-06	1.31960705e-05	1.86654247e-06	2.72722529e-07	8.87425731e-08
944             	8.03897267e-06	2.95044674e-06	1.31358026e-05	1.85501156e-06	2.73440687e-07	8.88329634e-08
945             	8.12655895e-06	2.94545904e-06	1.30921167e-05	1.84592047e-06	2.74154095e-07	8.90363839e-08
946             	8.28610343e-06	2.93197074e-06	1.30160731e-05	1.83152201e-06	2.75504657e-07	8.94182011e-08
947             	8.32866788e-06	2.92695117e-06	1.29711466e-05	1.82512468e-06	2.76823594e-07	8.97636946e-08
948             	8.45733027e-06	2.91073402e-06	1.28996226e-05	1.81036289e-06	2.78938929e-07	9.04406397e-08
949             	8.51948025e-06	2.89670309e-06	1.28589735e-05	1.80298997e-06	2.80824309e-07	9.08890959e-08
950             	8.65227550e-06	2.85605191e-06	1.27926585e-05	1.79046828e-06	2.82860342e-07	9.13662004e-08
951             	8.65788587e-06	2.82794888e-06	1.27368968e-05	1.78058123e-06	2.85060381e-07	9.16654973e-08
952             	8.70539557e-06	2.79802767e-06	1.26669632e-05	1.76453604e-06	2.87427324e-07	9.09884019e-08
953             	8.58745283e-06	2.77767689e-06	1.26329307e-05	1.75520744e-06	2.89540654e-07	9.05211520e-08
954             	8.51207621e-06	2.75072003e-06	1.25799535e-05	1.74109164e-06	2.91399351e-07	9.03323879e-08
955             	8.37705189e-06	2.73776390e-06	1.25734614e-05	1.73745718e-06	2.92380216e-07	9.06492543e-08
956             	8.35649680e-06	2.71343647e-06	1.25606511e-05	1.73011397e-06	2.93088573e-07	9.05711713e-08
957             	8.26869691e-06	2.70493078e-06	1.26116904e-05	1.73208780e-06	2.93353098e-07	8.95391284e-08
958             	8.26411401e-06	2.69745028e-06	1.26570139e-05	1.73389146e-06	2.93491794e-07	8.82386502e-08
959             	8.14557203e-06	2.70807269e-06	1.27554925e-05	1.74328100e-06	2.92662016e-07	8.69396976e-08
960             	8.12922089e-06	2.71489629e-06	1.28072359e-05	1.74625403e-06	2.91361528e-07	8.59168486e-08
961             	8.05988666e-06	2.72940071e-06	1.28911872e-05	1.75621831e-06	2.89031384e-07	8.57098133e-08
962             	8.11059955e-06	2.73673458e-06	1.29331604e-05	1.76024277e-06	2.86605161e-07	8.54949850e-08
963             	8.09937430e-06	2.75523158e-06	1.30414904e-05	1.77288933e-06	2.83963894e-07	8.47565828e-08
964             	8.20646132e-06	2.76787528e-06	1.31464073e-05	1.78750390e-06	2.81283307e-07	8.38687523e-08
965             	8.22949208e-06	2.78560984e-06	1.32900221e-05	1.80539816e-06	2.78212239e-07	8.26222755e-08
966             	8.33272736e-06	2.79139740e-06	1.33716618e-05	1.82145013e-06	2.74970452e-07	8.12149533e-08
967             	8.33553786e-06	2.79896846e-06	1.34616437e-05	1.83508227e-06	2.71105624e-07	8.03923430e-08
968             	8.40703315e-06	2.79357667e-06	1.34755116e-05	1.84110918e-06	2.67439864e-07	7.93151645e-08
969             	8.37265663e-06	2.78476151e-06	1.35018787e-05	1.84619979e-06	2.63554983e-07	7.80740207e-08
970             	8.43410988e-06	2.76555040e-06	1.34742813e-05	1.84851982e-06	2.59902646e-07	7.65920943e-08
971             	8.40662211e-06	2.74437855e-06	1.34780042e-05	1.85014613e-06	2.56103791e-07	7.50080225e-08
972             	8.46516820e-06	2.71969787e-06	1.34445601e-05	1.85422873e-06	2.52069211e-07	7.32436685e-08
973             	8.40604355e-06	2.70002680e-06	1.34456920e-05	1.85133284e-06	2.47973966e-07	7.16278924e-08
974             	8.42884502e-06	2.67868169e-06	1.34294846e-05	1.85255009e-06	2.44595952e-07	7.00324409e-08
975             	8.34605739e-06	2.65608550e-06	1.34452611e-05	1.85130075e-06	2.40431183e-07	6.84188398e-08
976             	8.35646865e-06	2.63653637e-06	1.34315345e-05	1.85351112e-06	2.36274066e-07	6.68793673e-08
977             	8.26637296e-06	2.61716193e-06	1.34386779e-05	1.85228826e-06	2.31809201e-07	6.52485364e-08
978             	8.27546378e-06	2.60572430e-06	1.34532490e-05	1.85662373e-06	2.27626439e-07	6.36843312e-08
979             	8.18834659e-06	2.59446756e-06	1.35031108e-05	1.85866816e-06	2.23376974e-07	6.21745055e-08
980             	8.21282996e-06	2.59418756e-06	1.35918360e-05	1.87226201e-06	2.19093455e-07	6.06517685e-08
981             	8.14872874e-06	2.59488434e-06	1.37038197e-05	1.88471713e-06	2.14666567e-07	5.91640636e-08
982             	8.19105562e-06	2.60590319e-06	1.38483109e-05	1.90698685e-06	2.10256168e-07	5.76001228e-08
983             	8.12770029e-06	2.61173197e-06	1.40008924e-05	1.92833608e-06	2.05637352e-07	5.61167239e-08
984             	8.17594823e-06	2.62863356e-06	1.41769588e-05	1.95885844e-06	2.01171359e-07	5.46533559e-08
985             	8.14600901e-06	2.63844762e-06	1.43418820e-05	1.98166264e-06	1.96448609e-07	5.32452899e-08
986             	8.21796125e-06	2.65468181e-06	1.45358539e-05	2.01335235e-06	1.91936690e-07	5.19080614e-08
987             	8.17494258e-06	2.66183189e-06	1.47024633e-05	2.03521533e-06	1.87409687e-07	5.06344889e-08
988             	8.20938426e-06	2.67899492e-06	1.48834152e-05	2.06360697e-06	1.83099840e-07	4.94505883e-08
989             	8.13304906e-06	2.69025034e-06	1.50195541e-05	2.08415901e-06	1.78813764e-07	4.83209387e-08
990             	8.15809664e-06	2.70556441e-06	1.51622049e-05	2.10841906e-06	1.74931806e-07	4.72658002e-08
991             	8.08233265e-06	2.71292644e-06	1.52600049e-05	2.12239880e-06	1.70927921e-07	4.62694119e-08
992             	8.09242416e-06	2.72624722e-06	1.53637590e-05	2.14222883e-06	1.67271773e-07	4.54210405e-08
993             	7.99796361e-06	2.73631332e-06	1.54222894e-05	2.15079943e-06	1.64104507e-07	4.46276845e-08
994             	7.98416829e-06	2.74941627e-06	1.54872115e-05	2.16453538e-06	1.60927010e-07	4.39113798e-08
995             	7.87152324e-06	2.75429572e-06	1.54998911e-05	2.16884316e-06	1.57729348e-07	4.32371432e-08
996             	7.84714581e-06	2.75756325e-06	1.55164693e-05	2.17345164e-06	1.54937492e-07	4.26400416e-08
997             	7.73324260e-06	2.75918576e-06	1.54814538e-05	2.17182563e-06	1.52102962e-07	4.20806800e-08
998             	7.70373214e-06	2.75993696e-06	1.54549284e-05	2.17186157e-06	1.49703854e-07	4.15949354e-08
999             	7.56776666e-06	2.76074568e-06	1.53884371e-05	2.16494162e-06	1.47290766e-07	4.12740769e-08
1000            	7.52002847e-06	2.76528648e-06	1.53350069e-05	2.16202567e-06	1.45528375e-07	4.12257009e-08
