/*--------------------------------*- C++ -*----------------------------------*\
  =========                 |
  \\      /  F ield         | OpenFOAM: The Open Source CFD Toolbox
   \\    /   O peration     | Website:  https://openfoam.org
    \\  /    A nd           | Version:  14
     \\/     M anipulation  |
\*---------------------------------------------------------------------------*/
FoamFile
{
    format      ascii;
    class       labelList;
    note        "nPoints: 63017 nCells: 58240 nFaces: 179376 nInternalFaces: 170064";
    location    "constant/polyMesh";
    object      neighbour;
}
// * * * * * * * * * * * * * * * * * * * * * * * * * * * * * * * * * * * * * //


170064
(
1
52
2080
2
53
2081
3
54
2082
4
55
2083
5
56
2084
6
57
2085
7
58
2086
8
59
2087
9
60
2088
10
61
2089
11
62
2090
12
63
2091
13
64
2092
14
65
2093
15
66
2094
16
67
2095
17
68
2096
18
69
2097
19
70
2098
20
71
2099
21
72
2100
22
73
2101
23
74
2102
24
75
2103
25
76
2104
26
77
2105
27
78
2106
28
79
2107
29
80
2108
30
81
2109
31
82
2110
32
83
2111
33
84
2112
34
85
2113
35
86
2114
36
87
2115
37
88
2116
38
89
2117
39
90
2118
40
91
2119
41
92
2120
42
93
2121
43
94
2122
44
95
2123
45
96
2124
46
97
2125
47
98
2126
48
99
2127
49
100
2128
50
101
2129
51
102
2130
103
2131
53
104
2132
54
105
2133
55
106
2134
56
107
2135
57
108
2136
58
109
2137
59
110
2138
60
111
2139
61
112
2140
62
113
2141
63
114
2142
64
115
2143
65
116
2144
66
117
2145
67
118
2146
68
119
2147
69
120
2148
70
121
2149
71
122
2150
72
123
2151
73
124
2152
74
125
2153
75
126
2154
76
127
2155
77
128
2156
78
129
2157
79
130
2158
80
131
2159
81
132
2160
82
133
2161
83
134
2162
84
135
2163
85
136
2164
86
137
2165
87
138
2166
88
139
2167
89
140
2168
90
141
2169
91
142
2170
92
143
2171
93
144
2172
94
145
2173
95
146
2174
96
147
2175
97
148
2176
98
149
2177
99
150
2178
100
151
2179
101
152
2180
102
153
2181
103
154
2182
155
2183
105
156
2184
106
157
2185
107
158
2186
108
159
2187
109
160
2188
110
161
2189
111
162
2190
112
163
2191
113
164
2192
114
165
2193
115
166
2194
116
167
2195
117
168
2196
118
169
2197
119
170
2198
120
171
2199
121
172
2200
122
173
2201
123
174
2202
124
175
2203
125
176
2204
126
177
2205
127
178
2206
128
179
2207
129
180
2208
130
181
2209
131
182
2210
132
183
2211
133
184
2212
134
185
2213
135
186
2214
136
187
2215
137
188
2216
138
189
2217
139
190
2218
140
191
2219
141
192
2220
142
193
2221
143
194
2222
144
195
2223
145
196
2224
146
197
2225
147
198
2226
148
199
2227
149
200
2228
150
201
2229
151
202
2230
152
203
2231
153
204
2232
154
205
2233
155
206
2234
207
2235
157
208
2236
158
209
2237
159
210
2238
160
211
2239
161
212
2240
162
213
2241
163
214
2242
164
215
2243
165
216
2244
166
217
2245
167
218
2246
168
219
2247
169
220
2248
170
221
2249
171
222
2250
172
223
2251
173
224
2252
174
225
2253
175
226
2254
176
227
2255
177
228
2256
178
229
2257
179
230
2258
180
231
2259
181
232
2260
182
233
2261
183
234
2262
184
235
2263
185
236
2264
186
237
2265
187
238
2266
188
239
2267
189
240
2268
190
241
2269
191
242
2270
192
243
2271
193
244
2272
194
245
2273
195
246
2274
196
247
2275
197
248
2276
198
249
2277
199
250
2278
200
251
2279
201
252
2280
202
253
2281
203
254
2282
204
255
2283
205
256
2284
206
257
2285
207
258
2286
259
2287
209
260
2288
210
261
2289
211
262
2290
212
263
2291
213
264
2292
214
265
2293
215
266
2294
216
267
2295
217
268
2296
218
269
2297
219
270
2298
220
271
2299
221
272
2300
222
273
2301
223
274
2302
224
275
2303
225
276
2304
226
277
2305
227
278
2306
228
279
2307
229
280
2308
230
281
2309
231
282
2310
232
283
2311
233
284
2312
234
285
2313
235
286
2314
236
287
2315
237
288
2316
238
289
2317
239
290
2318
240
291
2319
241
292
2320
242
293
2321
243
294
2322
244
295
2323
245
296
2324
246
297
2325
247
298
2326
248
299
2327
249
300
2328
250
301
2329
251
302
2330
252
303
2331
253
304
2332
254
305
2333
255
306
2334
256
307
2335
257
308
2336
258
309
2337
259
310
2338
311
2339
261
312
2340
262
313
2341
263
314
2342
264
315
2343
265
316
2344
266
317
2345
267
318
2346
268
319
2347
269
320
2348
270
321
2349
271
322
2350
272
323
2351
273
324
2352
274
325
2353
275
326
2354
276
327
2355
277
328
2356
278
329
2357
279
330
2358
280
331
2359
281
332
2360
282
333
2361
283
334
2362
284
335
2363
285
336
2364
286
337
2365
287
338
2366
288
339
2367
289
340
2368
290
341
2369
291
342
2370
292
343
2371
293
344
2372
294
345
2373
295
346
2374
296
347
2375
297
348
2376
298
349
2377
299
350
2378
300
351
2379
301
352
2380
302
353
2381
303
354
2382
304
355
2383
305
356
2384
306
357
2385
307
358
2386
308
359
2387
309
360
2388
310
361
2389
311
362
2390
363
2391
313
364
2392
314
365
2393
315
366
2394
316
367
2395
317
368
2396
318
369
2397
319
370
2398
320
371
2399
321
372
2400
322
373
2401
323
374
2402
324
375
2403
325
376
2404
326
377
2405
327
378
2406
328
379
2407
329
380
2408
330
381
2409
331
382
2410
332
383
2411
333
384
2412
334
385
2413
335
386
2414
336
387
2415
337
388
2416
338
389
2417
339
390
2418
340
391
2419
341
392
2420
342
393
2421
343
394
2422
344
395
2423
345
396
2424
346
397
2425
347
398
2426
348
399
2427
349
400
2428
350
401
2429
351
402
2430
352
403
2431
353
404
2432
354
405
2433
355
406
2434
356
407
2435
357
408
2436
358
409
2437
359
410
2438
360
411
2439
361
412
2440
362
413
2441
363
414
2442
415
2443
365
416
2444
366
417
2445
367
418
2446
368
419
2447
369
420
2448
370
421
2449
371
422
2450
372
423
2451
373
424
2452
374
425
2453
375
426
2454
376
427
2455
377
428
2456
378
429
2457
379
430
2458
380
431
2459
381
432
2460
382
433
2461
383
434
2462
384
435
2463
385
436
2464
386
437
2465
387
438
2466
388
439
2467
389
440
2468
390
441
2469
391
442
2470
392
443
2471
393
444
2472
394
445
2473
395
446
2474
396
447
2475
397
448
2476
398
449
2477
399
450
2478
400
451
2479
401
452
2480
402
453
2481
403
454
2482
404
455
2483
405
456
2484
406
457
2485
407
458
2486
408
459
2487
409
460
2488
410
461
2489
411
462
2490
412
463
2491
413
464
2492
414
465
2493
415
466
2494
467
2495
417
468
2496
418
469
2497
419
470
2498
420
471
2499
421
472
2500
422
473
2501
423
474
2502
424
475
2503
425
476
2504
426
477
2505
427
478
2506
428
479
2507
429
480
2508
430
481
2509
431
482
2510
432
483
2511
433
484
2512
434
485
2513
435
486
2514
436
487
2515
437
488
2516
438
489
2517
439
490
2518
440
491
2519
441
492
2520
442
493
2521
443
494
2522
444
495
2523
445
496
2524
446
497
2525
447
498
2526
448
499
2527
449
500
2528
450
501
2529
451
502
2530
452
503
2531
453
504
2532
454
505
2533
455
506
2534
456
507
2535
457
508
2536
458
509
2537
459
510
2538
460
511
2539
461
512
2540
462
513
2541
463
514
2542
464
515
2543
465
516
2544
466
517
2545
467
518
2546
519
2547
469
520
2548
470
521
2549
471
522
2550
472
523
2551
473
524
2552
474
525
2553
475
526
2554
476
527
2555
477
528
2556
478
529
2557
479
530
2558
480
531
2559
481
532
2560
482
533
2561
483
534
2562
484
535
2563
485
536
2564
486
537
2565
487
538
2566
488
539
2567
489
540
2568
490
541
2569
491
542
2570
492
543
2571
493
544
2572
494
545
2573
495
546
2574
496
547
2575
497
548
2576
498
549
2577
499
550
2578
500
551
2579
501
552
2580
502
553
2581
503
554
2582
504
555
2583
505
556
2584
506
557
2585
507
558
2586
508
559
2587
509
560
2588
510
561
2589
511
562
2590
512
563
2591
513
564
2592
514
565
2593
515
566
2594
516
567
2595
517
568
2596
518
569
2597
519
570
2598
571
2599
521
572
2600
522
573
2601
523
574
2602
524
575
2603
525
576
2604
526
577
2605
527
578
2606
528
579
2607
529
580
2608
530
581
2609
531
582
2610
532
583
2611
533
584
2612
534
585
2613
535
586
2614
536
587
2615
537
588
2616
538
589
2617
539
590
2618
540
591
2619
541
592
2620
542
593
2621
543
594
2622
544
595
2623
545
596
2624
546
597
2625
547
598
2626
548
599
2627
549
600
2628
550
601
2629
551
602
2630
552
603
2631
553
604
2632
554
605
2633
555
606
2634
556
607
2635
557
608
2636
558
609
2637
559
610
2638
560
611
2639
561
612
2640
562
613
2641
563
614
2642
564
615
2643
565
616
2644
566
617
2645
567
618
2646
568
619
2647
569
620
2648
570
621
2649
571
622
2650
623
2651
573
624
2652
574
625
2653
575
626
2654
576
627
2655
577
628
2656
578
629
2657
579
630
2658
580
631
2659
581
632
2660
582
633
2661
583
634
2662
584
635
2663
585
636
2664
586
637
2665
587
638
2666
588
639
2667
589
640
2668
590
641
2669
591
642
2670
592
643
2671
593
644
2672
594
645
2673
595
646
2674
596
647
2675
597
648
2676
598
649
2677
599
650
2678
600
651
2679
601
652
2680
602
653
2681
603
654
2682
604
655
2683
605
656
2684
606
657
2685
607
658
2686
608
659
2687
609
660
2688
610
661
2689
611
662
2690
612
663
2691
613
664
2692
614
665
2693
615
666
2694
616
667
2695
617
668
2696
618
669
2697
619
670
2698
620
671
2699
621
672
2700
622
673
2701
623
674
2702
675
2703
625
676
2704
626
677
2705
627
678
2706
628
679
2707
629
680
2708
630
681
2709
631
682
2710
632
683
2711
633
684
2712
634
685
2713
635
686
2714
636
687
2715
637
688
2716
638
689
2717
639
690
2718
640
691
2719
641
692
2720
642
693
2721
643
694
2722
644
695
2723
645
696
2724
646
697
2725
647
698
2726
648
699
2727
649
700
2728
650
701
2729
651
702
2730
652
703
2731
653
704
2732
654
705
2733
655
706
2734
656
707
2735
657
708
2736
658
709
2737
659
710
2738
660
711
2739
661
712
2740
662
713
2741
663
714
2742
664
715
2743
665
716
2744
666
717
2745
667
718
2746
668
719
2747
669
720
2748
670
721
2749
671
722
2750
672
723
2751
673
724
2752
674
725
2753
675
726
2754
727
2755
677
728
2756
678
729
2757
679
730
2758
680
731
2759
681
732
2760
682
733
2761
683
734
2762
684
735
2763
685
736
2764
686
737
2765
687
738
2766
688
739
2767
689
740
2768
690
741
2769
691
742
2770
692
743
2771
693
744
2772
694
745
2773
695
746
2774
696
747
2775
697
748
2776
698
749
2777
699
750
2778
700
751
2779
701
752
2780
702
753
2781
703
754
2782
704
755
2783
705
756
2784
706
757
2785
707
758
2786
708
759
2787
709
760
2788
710
761
2789
711
762
2790
712
763
2791
713
764
2792
714
765
2793
715
766
2794
716
767
2795
717
768
2796
718
769
2797
719
770
2798
720
771
2799
721
772
2800
722
773
2801
723
774
2802
724
775
2803
725
776
2804
726
777
2805
727
778
2806
779
2807
729
780
2808
730
781
2809
731
782
2810
732
783
2811
733
784
2812
734
785
2813
735
786
2814
736
787
2815
737
788
2816
738
789
2817
739
790
2818
740
791
2819
741
792
2820
742
793
2821
743
794
2822
744
795
2823
745
796
2824
746
797
2825
747
798
2826
748
799
2827
749
800
2828
750
801
2829
751
802
2830
752
803
2831
753
804
2832
754
805
2833
755
806
2834
756
807
2835
757
808
2836
758
809
2837
759
810
2838
760
811
2839
761
812
2840
762
813
2841
763
814
2842
764
815
2843
765
816
2844
766
817
2845
767
818
2846
768
819
2847
769
820
2848
770
821
2849
771
822
2850
772
823
2851
773
824
2852
774
825
2853
775
826
2854
776
827
2855
777
828
2856
778
829
2857
779
830
2858
831
2859
781
832
2860
782
833
2861
783
834
2862
784
835
2863
785
836
2864
786
837
2865
787
838
2866
788
839
2867
789
840
2868
790
841
2869
791
842
2870
792
843
2871
793
844
2872
794
845
2873
795
846
2874
796
847
2875
797
848
2876
798
849
2877
799
850
2878
800
851
2879
801
852
2880
802
853
2881
803
854
2882
804
855
2883
805
856
2884
806
857
2885
807
858
2886
808
859
2887
809
860
2888
810
861
2889
811
862
2890
812
863
2891
813
864
2892
814
865
2893
815
866
2894
816
867
2895
817
868
2896
818
869
2897
819
870
2898
820
871
2899
821
872
2900
822
873
2901
823
874
2902
824
875
2903
825
876
2904
826
877
2905
827
878
2906
828
879
2907
829
880
2908
830
881
2909
831
882
2910
883
2911
833
884
2912
834
885
2913
835
886
2914
836
887
2915
837
888
2916
838
889
2917
839
890
2918
840
891
2919
841
892
2920
842
893
2921
843
894
2922
844
895
2923
845
896
2924
846
897
2925
847
898
2926
848
899
2927
849
900
2928
850
901
2929
851
902
2930
852
903
2931
853
904
2932
854
905
2933
855
906
2934
856
907
2935
857
908
2936
858
909
2937
859
910
2938
860
911
2939
861
912
2940
862
913
2941
863
914
2942
864
915
2943
865
916
2944
866
917
2945
867
918
2946
868
919
2947
869
920
2948
870
921
2949
871
922
2950
872
923
2951
873
924
2952
874
925
2953
875
926
2954
876
927
2955
877
928
2956
878
929
2957
879
930
2958
880
931
2959
881
932
2960
882
933
2961
883
934
2962
935
2963
885
936
2964
886
937
2965
887
938
2966
888
939
2967
889
940
2968
890
941
2969
891
942
2970
892
943
2971
893
944
2972
894
945
2973
895
946
2974
896
947
2975
897
948
2976
898
949
2977
899
950
2978
900
951
2979
901
952
2980
902
953
2981
903
954
2982
904
955
2983
905
956
2984
906
957
2985
907
958
2986
908
959
2987
909
960
2988
910
961
2989
911
962
2990
912
963
2991
913
964
2992
914
965
2993
915
966
2994
916
967
2995
917
968
2996
918
969
2997
919
970
2998
920
971
2999
921
972
3000
922
973
3001
923
974
3002
924
975
3003
925
976
3004
926
977
3005
927
978
3006
928
979
3007
929
980
3008
930
981
3009
931
982
3010
932
983
3011
933
984
3012
934
985
3013
935
986
3014
987
3015
937
988
3016
938
989
3017
939
990
3018
940
991
3019
941
992
3020
942
993
3021
943
994
3022
944
995
3023
945
996
3024
946
997
3025
947
998
3026
948
999
3027
949
1000
3028
950
1001
3029
951
1002
3030
952
1003
3031
953
1004
3032
954
1005
3033
955
1006
3034
956
1007
3035
957
1008
3036
958
1009
3037
959
1010
3038
960
1011
3039
961
1012
3040
962
1013
3041
963
1014
3042
964
1015
3043
965
1016
3044
966
1017
3045
967
1018
3046
968
1019
3047
969
1020
3048
970
1021
3049
971
1022
3050
972
1023
3051
973
1024
3052
974
1025
3053
975
1026
3054
976
1027
3055
977
1028
3056
978
1029
3057
979
1030
3058
980
1031
3059
981
1032
3060
982
1033
3061
983
1034
3062
984
1035
3063
985
1036
3064
986
1037
3065
987
1038
3066
1039
3067
989
1040
3068
990
1041
3069
991
1042
3070
992
1043
3071
993
1044
3072
994
1045
3073
995
1046
3074
996
1047
3075
997
1048
3076
998
1049
3077
999
1050
3078
1000
1051
3079
1001
1052
3080
1002
1053
3081
1003
1054
3082
1004
1055
3083
1005
1056
3084
1006
1057
3085
1007
1058
3086
1008
1059
3087
1009
1060
3088
1010
1061
3089
1011
1062
3090
1012
1063
3091
1013
1064
3092
1014
1065
3093
1015
1066
3094
1016
1067
3095
1017
1068
3096
1018
1069
3097
1019
1070
3098
1020
1071
3099
1021
1072
3100
1022
1073
3101
1023
1074
3102
1024
1075
3103
1025
1076
3104
1026
1077
3105
1027
1078
3106
1028
1079
3107
1029
1080
3108
1030
1081
3109
1031
1082
3110
1032
1083
3111
1033
1084
3112
1034
1085
3113
1035
1086
3114
1036
1087
3115
1037
1088
3116
1038
1089
3117
1039
1090
3118
1091
3119
1041
1092
3120
1042
1093
3121
1043
1094
3122
1044
1095
3123
1045
1096
3124
1046
1097
3125
1047
1098
3126
1048
1099
3127
1049
1100
3128
1050
1101
3129
1051
1102
3130
1052
1103
3131
1053
1104
3132
1054
1105
3133
1055
1106
3134
1056
1107
3135
1057
1108
3136
1058
1109
3137
1059
1110
3138
1060
1111
3139
1061
1112
3140
1062
1113
3141
1063
1114
3142
1064
1115
3143
1065
1116
3144
1066
1117
3145
1067
1118
3146
1068
1119
3147
1069
1120
3148
1070
1121
3149
1071
1122
3150
1072
1123
3151
1073
1124
3152
1074
1125
3153
1075
1126
3154
1076
1127
3155
1077
1128
3156
1078
1129
3157
1079
1130
3158
1080
1131
3159
1081
1132
3160
1082
1133
3161
1083
1134
3162
1084
1135
3163
1085
1136
3164
1086
1137
3165
1087
1138
3166
1088
1139
3167
1089
1140
3168
1090
1141
3169
1091
1142
3170
1143
3171
1093
1144
3172
1094
1145
3173
1095
1146
3174
1096
1147
3175
1097
1148
3176
1098
1149
3177
1099
1150
3178
1100
1151
3179
1101
1152
3180
1102
1153
3181
1103
1154
3182
1104
1155
3183
1105
1156
3184
1106
1157
3185
1107
1158
3186
1108
1159
3187
1109
1160
3188
1110
1161
3189
1111
1162
3190
1112
1163
3191
1113
1164
3192
1114
1165
3193
1115
1166
3194
1116
1167
3195
1117
1168
3196
1118
1169
3197
1119
1170
3198
1120
1171
3199
1121
1172
3200
1122
1173
3201
1123
1174
3202
1124
1175
3203
1125
1176
3204
1126
1177
3205
1127
1178
3206
1128
1179
3207
1129
1180
3208
1130
1181
3209
1131
1182
3210
1132
1183
3211
1133
1184
3212
1134
1185
3213
1135
1186
3214
1136
1187
3215
1137
1188
3216
1138
1189
3217
1139
1190
3218
1140
1191
3219
1141
1192
3220
1142
1193
3221
1143
1194
3222
1195
3223
1145
1196
3224
1146
1197
3225
1147
1198
3226
1148
1199
3227
1149
1200
3228
1150
1201
3229
1151
1202
3230
1152
1203
3231
1153
1204
3232
1154
1205
3233
1155
1206
3234
1156
1207
3235
1157
1208
3236
1158
1209
3237
1159
1210
3238
1160
1211
3239
1161
1212
3240
1162
1213
3241
1163
1214
3242
1164
1215
3243
1165
1216
3244
1166
1217
3245
1167
1218
3246
1168
1219
3247
1169
1220
3248
1170
1221
3249
1171
1222
3250
1172
1223
3251
1173
1224
3252
1174
1225
3253
1175
1226
3254
1176
1227
3255
1177
1228
3256
1178
1229
3257
1179
1230
3258
1180
1231
3259
1181
1232
3260
1182
1233
3261
1183
1234
3262
1184
1235
3263
1185
1236
3264
1186
1237
3265
1187
1238
3266
1188
1239
3267
1189
1240
3268
1190
1241
3269
1191
1242
3270
1192
1243
3271
1193
1244
3272
1194
1245
3273
1195
1246
3274
1247
3275
1197
1248
3276
1198
1249
3277
1199
1250
3278
1200
1251
3279
1201
1252
3280
1202
1253
3281
1203
1254
3282
1204
1255
3283
1205
1256
3284
1206
1257
3285
1207
1258
3286
1208
1259
3287
1209
1260
3288
1210
1261
3289
1211
1262
3290
1212
1263
3291
1213
1264
3292
1214
1265
3293
1215
1266
3294
1216
1267
3295
1217
1268
3296
1218
1269
3297
1219
1270
3298
1220
1271
3299
1221
1272
3300
1222
1273
3301
1223
1274
3302
1224
1275
3303
1225
1276
3304
1226
1277
3305
1227
1278
3306
1228
1279
3307
1229
1280
3308
1230
1281
3309
1231
1282
3310
1232
1283
3311
1233
1284
3312
1234
1285
3313
1235
1286
3314
1236
1287
3315
1237
1288
3316
1238
1289
3317
1239
1290
3318
1240
1291
3319
1241
1292
3320
1242
1293
3321
1243
1294
3322
1244
1295
3323
1245
1296
3324
1246
1297
3325
1247
1298
3326
1299
3327
1249
1300
3328
1250
1301
3329
1251
1302
3330
1252
1303
3331
1253
1304
3332
1254
1305
3333
1255
1306
3334
1256
1307
3335
1257
1308
3336
1258
1309
3337
1259
1310
3338
1260
1311
3339
1261
1312
3340
1262
1313
3341
1263
1314
3342
1264
1315
3343
1265
1316
3344
1266
1317
3345
1267
1318
3346
1268
1319
3347
1269
1320
3348
1270
1321
3349
1271
1322
3350
1272
1323
3351
1273
1324
3352
1274
1325
3353
1275
1326
3354
1276
1327
3355
1277
1328
3356
1278
1329
3357
1279
1330
3358
1280
1331
3359
1281
1332
3360
1282
1333
3361
1283
1334
3362
1284
1335
3363
1285
1336
3364
1286
1337
3365
1287
1338
3366
1288
1339
3367
1289
1340
3368
1290
1341
3369
1291
1342
3370
1292
1343
3371
1293
1344
3372
1294
1345
3373
1295
1346
3374
1296
1347
3375
1297
1348
3376
1298
1349
3377
1299
1350
3378
1351
3379
1301
1352
3380
1302
1353
3381
1303
1354
3382
1304
1355
3383
1305
1356
3384
1306
1357
3385
1307
1358
3386
1308
1359
3387
1309
1360
3388
1310
1361
3389
1311
1362
3390
1312
1363
3391
1313
1364
3392
1314
1365
3393
1315
1366
3394
1316
1367
3395
1317
1368
3396
1318
1369
3397
1319
1370
3398
1320
1371
3399
1321
1372
3400
1322
1373
3401
1323
1374
3402
1324
1375
3403
1325
1376
3404
1326
1377
3405
1327
1378
3406
1328
1379
3407
1329
1380
3408
1330
1381
3409
1331
1382
3410
1332
1383
3411
1333
1384
3412
1334
1385
3413
1335
1386
3414
1336
1387
3415
1337
1388
3416
1338
1389
3417
1339
1390
3418
1340
1391
3419
1341
1392
3420
1342
1393
3421
1343
1394
3422
1344
1395
3423
1345
1396
3424
1346
1397
3425
1347
1398
3426
1348
1399
3427
1349
1400
3428
1350
1401
3429
1351
1402
3430
1403
3431
1353
1404
3432
1354
1405
3433
1355
1406
3434
1356
1407
3435
1357
1408
3436
1358
1409
3437
1359
1410
3438
1360
1411
3439
1361
1412
3440
1362
1413
3441
1363
1414
3442
1364
1415
3443
1365
1416
3444
1366
1417
3445
1367
1418
3446
1368
1419
3447
1369
1420
3448
1370
1421
3449
1371
1422
3450
1372
1423
3451
1373
1424
3452
1374
1425
3453
1375
1426
3454
1376
1427
3455
1377
1428
3456
1378
1429
3457
1379
1430
3458
1380
1431
3459
1381
1432
3460
1382
1433
3461
1383
1434
3462
1384
1435
3463
1385
1436
3464
1386
1437
3465
1387
1438
3466
1388
1439
3467
1389
1440
3468
1390
1441
3469
1391
1442
3470
1392
1443
3471
1393
1444
3472
1394
1445
3473
1395
1446
3474
1396
1447
3475
1397
1448
3476
1398
1449
3477
1399
1450
3478
1400
1451
3479
1401
1452
3480
1402
1453
3481
1403
1454
3482
1455
3483
1405
1456
3484
1406
1457
3485
1407
1458
3486
1408
1459
3487
1409
1460
3488
1410
1461
3489
1411
1462
3490
1412
1463
3491
1413
1464
3492
1414
1465
3493
1415
1466
3494
1416
1467
3495
1417
1468
3496
1418
1469
3497
1419
1470
3498
1420
1471
3499
1421
1472
3500
1422
1473
3501
1423
1474
3502
1424
1475
3503
1425
1476
3504
1426
1477
3505
1427
1478
3506
1428
1479
3507
1429
1480
3508
1430
1481
3509
1431
1482
3510
1432
1483
3511
1433
1484
3512
1434
1485
3513
1435
1486
3514
1436
1487
3515
1437
1488
3516
1438
1489
3517
1439
1490
3518
1440
1491
3519
1441
1492
3520
1442
1493
3521
1443
1494
3522
1444
1495
3523
1445
1496
3524
1446
1497
3525
1447
1498
3526
1448
1499
3527
1449
1500
3528
1450
1501
3529
1451
1502
3530
1452
1503
3531
1453
1504
3532
1454
1505
3533
1455
1506
3534
1507
3535
1457
1508
3536
1458
1509
3537
1459
1510
3538
1460
1511
3539
1461
1512
3540
1462
1513
3541
1463
1514
3542
1464
1515
3543
1465
1516
3544
1466
1517
3545
1467
1518
3546
1468
1519
3547
1469
1520
3548
1470
1521
3549
1471
1522
3550
1472
1523
3551
1473
1524
3552
1474
1525
3553
1475
1526
3554
1476
1527
3555
1477
1528
3556
1478
1529
3557
1479
1530
3558
1480
1531
3559
1481
1532
3560
1482
1533
3561
1483
1534
3562
1484
1535
3563
1485
1536
3564
1486
1537
3565
1487
1538
3566
1488
1539
3567
1489
1540
3568
1490
1541
3569
1491
1542
3570
1492
1543
3571
1493
1544
3572
1494
1545
3573
1495
1546
3574
1496
1547
3575
1497
1548
3576
1498
1549
3577
1499
1550
3578
1500
1551
3579
1501
1552
3580
1502
1553
3581
1503
1554
3582
1504
1555
3583
1505
1556
3584
1506
1557
3585
1507
1558
3586
1559
3587
1509
1560
3588
1510
1561
3589
1511
1562
3590
1512
1563
3591
1513
1564
3592
1514
1565
3593
1515
1566
3594
1516
1567
3595
1517
1568
3596
1518
1569
3597
1519
1570
3598
1520
1571
3599
1521
1572
3600
1522
1573
3601
1523
1574
3602
1524
1575
3603
1525
1576
3604
1526
1577
3605
1527
1578
3606
1528
1579
3607
1529
1580
3608
1530
1581
3609
1531
1582
3610
1532
1583
3611
1533
1584
3612
1534
1585
3613
1535
1586
3614
1536
1587
3615
1537
1588
3616
1538
1589
3617
1539
1590
3618
1540
1591
3619
1541
1592
3620
1542
1593
3621
1543
1594
3622
1544
1595
3623
1545
1596
3624
1546
1597
3625
1547
1598
3626
1548
1599
3627
1549
1600
3628
1550
1601
3629
1551
1602
3630
1552
1603
3631
1553
1604
3632
1554
1605
3633
1555
1606
3634
1556
1607
3635
1557
1608
3636
1558
1609
3637
1559
1610
3638
1611
3639
1561
1612
3640
1562
1613
3641
1563
1614
3642
1564
1615
3643
1565
1616
3644
1566
1617
3645
1567
1618
3646
1568
1619
3647
1569
1620
3648
1570
1621
3649
1571
1622
3650
1572
1623
3651
1573
1624
3652
1574
1625
3653
1575
1626
3654
1576
1627
3655
1577
1628
3656
1578
1629
3657
1579
1630
3658
1580
1631
3659
1581
1632
3660
1582
1633
3661
1583
1634
3662
1584
1635
3663
1585
1636
3664
1586
1637
3665
1587
1638
3666
1588
1639
3667
1589
1640
3668
1590
1641
3669
1591
1642
3670
1592
1643
3671
1593
1644
3672
1594
1645
3673
1595
1646
3674
1596
1647
3675
1597
1648
3676
1598
1649
3677
1599
1650
3678
1600
1651
3679
1601
1652
3680
1602
1653
3681
1603
1654
3682
1604
1655
3683
1605
1656
3684
1606
1657
3685
1607
1658
3686
1608
1659
3687
1609
1660
3688
1610
1661
3689
1611
1662
3690
1663
3691
1613
1664
3692
1614
1665
3693
1615
1666
3694
1616
1667
3695
1617
1668
3696
1618
1669
3697
1619
1670
3698
1620
1671
3699
1621
1672
3700
1622
1673
3701
1623
1674
3702
1624
1675
3703
1625
1676
3704
1626
1677
3705
1627
1678
3706
1628
1679
3707
1629
1680
3708
1630
1681
3709
1631
1682
3710
1632
1683
3711
1633
1684
3712
1634
1685
3713
1635
1686
3714
1636
1687
3715
1637
1688
3716
1638
1689
3717
1639
1690
3718
1640
1691
3719
1641
1692
3720
1642
1693
3721
1643
1694
3722
1644
1695
3723
1645
1696
3724
1646
1697
3725
1647
1698
3726
1648
1699
3727
1649
1700
3728
1650
1701
3729
1651
1702
3730
1652
1703
3731
1653
1704
3732
1654
1705
3733
1655
1706
3734
1656
1707
3735
1657
1708
3736
1658
1709
3737
1659
1710
3738
1660
1711
3739
1661
1712
3740
1662
1713
3741
1663
1714
3742
1715
3743
1665
1716
3744
1666
1717
3745
1667
1718
3746
1668
1719
3747
1669
1720
3748
1670
1721
3749
1671
1722
3750
1672
1723
3751
1673
1724
3752
1674
1725
3753
1675
1726
3754
1676
1727
3755
1677
1728
3756
1678
1729
3757
1679
1730
3758
1680
1731
3759
1681
1732
3760
1682
1733
3761
1683
1734
3762
1684
1735
3763
1685
1736
3764
1686
1737
3765
1687
1738
3766
1688
1739
3767
1689
1740
3768
1690
1741
3769
1691
1742
3770
1692
1743
3771
1693
1744
3772
1694
1745
3773
1695
1746
3774
1696
1747
3775
1697
1748
3776
1698
1749
3777
1699
1750
3778
1700
1751
3779
1701
1752
3780
1702
1753
3781
1703
1754
3782
1704
1755
3783
1705
1756
3784
1706
1757
3785
1707
1758
3786
1708
1759
3787
1709
1760
3788
1710
1761
3789
1711
1762
3790
1712
1763
3791
1713
1764
3792
1714
1765
3793
1715
1766
3794
1767
3795
1717
1768
3796
1718
1769
3797
1719
1770
3798
1720
1771
3799
1721
1772
3800
1722
1773
3801
1723
1774
3802
1724
1775
3803
1725
1776
3804
1726
1777
3805
1727
1778
3806
1728
1779
3807
1729
1780
3808
1730
1781
3809
1731
1782
3810
1732
1783
3811
1733
1784
3812
1734
1785
3813
1735
1786
3814
1736
1787
3815
1737
1788
3816
1738
1789
3817
1739
1790
3818
1740
1791
3819
1741
1792
3820
1742
1793
3821
1743
1794
3822
1744
1795
3823
1745
1796
3824
1746
1797
3825
1747
1798
3826
1748
1799
3827
1749
1800
3828
1750
1801
3829
1751
1802
3830
1752
1803
3831
1753
1804
3832
1754
1805
3833
1755
1806
3834
1756
1807
3835
1757
1808
3836
1758
1809
3837
1759
1810
3838
1760
1811
3839
1761
1812
3840
1762
1813
3841
1763
1814
3842
1764
1815
3843
1765
1816
3844
1766
1817
3845
1767
1818
3846
1819
3847
1769
1820
3848
1770
1821
3849
1771
1822
3850
1772
1823
3851
1773
1824
3852
1774
1825
3853
1775
1826
3854
1776
1827
3855
1777
1828
3856
1778
1829
3857
1779
1830
3858
1780
1831
3859
1781
1832
3860
1782
1833
3861
1783
1834
3862
1784
1835
3863
1785
1836
3864
1786
1837
3865
1787
1838
3866
1788
1839
3867
1789
1840
3868
1790
1841
3869
1791
1842
3870
1792
1843
3871
1793
1844
3872
1794
1845
3873
1795
1846
3874
1796
1847
3875
1797
1848
3876
1798
1849
3877
1799
1850
3878
1800
1851
3879
1801
1852
3880
1802
1853
3881
1803
1854
3882
1804
1855
3883
1805
1856
3884
1806
1857
3885
1807
1858
3886
1808
1859
3887
1809
1860
3888
1810
1861
3889
1811
1862
3890
1812
1863
3891
1813
1864
3892
1814
1865
3893
1815
1866
3894
1816
1867
3895
1817
1868
3896
1818
1869
3897
1819
1870
3898
1871
3899
1821
1872
3900
1822
1873
3901
1823
1874
3902
1824
1875
3903
1825
1876
3904
1826
1877
3905
1827
1878
3906
1828
1879
3907
1829
1880
3908
1830
1881
3909
1831
1882
3910
1832
1883
3911
1833
1884
3912
1834
1885
3913
1835
1886
3914
1836
1887
3915
1837
1888
3916
1838
1889
3917
1839
1890
3918
1840
1891
3919
1841
1892
3920
1842
1893
3921
1843
1894
3922
1844
1895
3923
1845
1896
3924
1846
1897
3925
1847
1898
3926
1848
1899
3927
1849
1900
3928
1850
1901
3929
1851
1902
3930
1852
1903
3931
1853
1904
3932
1854
1905
3933
1855
1906
3934
1856
1907
3935
1857
1908
3936
1858
1909
3937
1859
1910
3938
1860
1911
3939
1861
1912
3940
1862
1913
3941
1863
1914
3942
1864
1915
3943
1865
1916
3944
1866
1917
3945
1867
1918
3946
1868
1919
3947
1869
1920
3948
1870
1921
3949
1871
1922
3950
1923
3951
1873
1924
3952
1874
1925
3953
1875
1926
3954
1876
1927
3955
1877
1928
3956
1878
1929
3957
1879
1930
3958
1880
1931
3959
1881
1932
3960
1882
1933
3961
1883
1934
3962
1884
1935
3963
1885
1936
3964
1886
1937
3965
1887
1938
3966
1888
1939
3967
1889
1940
3968
1890
1941
3969
1891
1942
3970
1892
1943
3971
1893
1944
3972
1894
1945
3973
1895
1946
3974
1896
1947
3975
1897
1948
3976
1898
1949
3977
1899
1950
3978
1900
1951
3979
1901
1952
3980
1902
1953
3981
1903
1954
3982
1904
1955
3983
1905
1956
3984
1906
1957
3985
1907
1958
3986
1908
1959
3987
1909
1960
3988
1910
1961
3989
1911
1962
3990
1912
1963
3991
1913
1964
3992
1914
1965
3993
1915
1966
3994
1916
1967
3995
1917
1968
3996
1918
1969
3997
1919
1970
3998
1920
1971
3999
1921
1972
4000
1922
1973
4001
1923
1974
4002
1975
4003
1925
1976
4004
1926
1977
4005
1927
1978
4006
1928
1979
4007
1929
1980
4008
1930
1981
4009
1931
1982
4010
1932
1983
4011
1933
1984
4012
1934
1985
4013
1935
1986
4014
1936
1987
4015
1937
1988
4016
1938
1989
4017
1939
1990
4018
1940
1991
4019
1941
1992
4020
1942
1993
4021
1943
1994
4022
1944
1995
4023
1945
1996
4024
1946
1997
4025
1947
1998
4026
1948
1999
4027
1949
2000
4028
1950
2001
4029
1951
2002
4030
1952
2003
4031
1953
2004
4032
1954
2005
4033
1955
2006
4034
1956
2007
4035
1957
2008
4036
1958
2009
4037
1959
2010
4038
1960
2011
4039
1961
2012
4040
1962
2013
4041
1963
2014
4042
1964
2015
4043
1965
2016
4044
1966
2017
4045
1967
2018
4046
1968
2019
4047
1969
2020
4048
1970
2021
4049
1971
2022
4050
1972
2023
4051
1973
2024
4052
1974
2025
4053
1975
2026
4054
2027
4055
1977
2028
4056
1978
2029
4057
1979
2030
4058
1980
2031
4059
1981
2032
4060
1982
2033
4061
1983
2034
4062
1984
2035
4063
1985
2036
4064
1986
2037
4065
1987
2038
4066
1988
2039
4067
1989
2040
4068
1990
2041
4069
1991
2042
4070
1992
2043
4071
1993
2044
4072
1994
2045
4073
1995
2046
4074
1996
2047
4075
1997
2048
4076
1998
2049
4077
1999
2050
4078
2000
2051
4079
2001
2052
4080
2002
2053
4081
2003
2054
4082
2004
2055
4083
2005
2056
4084
2006
2057
4085
2007
2058
4086
2008
2059
4087
2009
2060
4088
2010
2061
4089
2011
2062
4090
2012
2063
4091
2013
2064
4092
2014
2065
4093
2015
2066
4094
2016
2067
4095
2017
2068
4096
2018
2069
4097
2019
2070
4098
2020
2071
4099
2021
2072
4100
2022
2073
4101
2023
2074
4102
2024
2075
4103
2025
2076
4104
2026
2077
4105
2027
2078
4106
2079
4107
2029
4108
2030
4109
2031
4110
2032
4111
2033
4112
2034
4113
2035
4114
2036
4115
2037
4116
2038
4117
2039
4118
2040
4119
2041
4120
2042
4121
2043
4122
2044
4123
2045
4124
2046
4125
2047
4126
2048
4127
2049
4128
2050
4129
2051
4130
2052
4131
2053
4132
2054
4133
2055
4134
2056
4135
2057
4136
2058
4137
2059
4138
2060
4139
2061
4140
2062
4141
2063
4142
2064
4143
2065
4144
2066
4145
2067
4146
2068
4147
2069
4148
2070
4149
2071
4150
2072
4151
2073
4152
2074
4153
2075
4154
2076
4155
2077
4156
2078
4157
2079
4158
4159
2081
2132
4160
2082
2133
4161
2083
2134
4162
2084
2135
4163
2085
2136
4164
2086
2137
4165
2087
2138
4166
2088
2139
4167
2089
2140
4168
2090
2141
4169
2091
2142
4170
2092
2143
4171
2093
2144
4172
2094
2145
4173
2095
2146
4174
2096
2147
4175
2097
2148
4176
2098
2149
4177
2099
2150
4178
2100
2151
4179
2101
2152
4180
2102
2153
4181
2103
2154
4182
2104
2155
4183
2105
2156
4184
2106
2157
4185
2107
2158
4186
2108
2159
4187
2109
2160
4188
2110
2161
4189
2111
2162
4190
2112
2163
4191
2113
2164
4192
2114
2165
4193
2115
2166
4194
2116
2167
4195
2117
2168
4196
2118
2169
4197
2119
2170
4198
2120
2171
4199
2121
2172
4200
2122
2173
4201
2123
2174
4202
2124
2175
4203
2125
2176
4204
2126
2177
4205
2127
2178
4206
2128
2179
4207
2129
2180
4208
2130
2181
4209
2131
2182
4210
2183
4211
2133
2184
4212
2134
2185
4213
2135
2186
4214
2136
2187
4215
2137
2188
4216
2138
2189
4217
2139
2190
4218
2140
2191
4219
2141
2192
4220
2142
2193
4221
2143
2194
4222
2144
2195
4223
2145
2196
4224
2146
2197
4225
2147
2198
4226
2148
2199
4227
2149
2200
4228
2150
2201
4229
2151
2202
4230
2152
2203
4231
2153
2204
4232
2154
2205
4233
2155
2206
4234
2156
2207
4235
2157
2208
4236
2158
2209
4237
2159
2210
4238
2160
2211
4239
2161
2212
4240
2162
2213
4241
2163
2214
4242
2164
2215
4243
2165
2216
4244
2166
2217
4245
2167
2218
4246
2168
2219
4247
2169
2220
4248
2170
2221
4249
2171
2222
4250
2172
2223
4251
2173
2224
4252
2174
2225
4253
2175
2226
4254
2176
2227
4255
2177
2228
4256
2178
2229
4257
2179
2230
4258
2180
2231
4259
2181
2232
4260
2182
2233
4261
2183
2234
4262
2235
4263
2185
2236
4264
2186
2237
4265
2187
2238
4266
2188
2239
4267
2189
2240
4268
2190
2241
4269
2191
2242
4270
2192
2243
4271
2193
2244
4272
2194
2245
4273
2195
2246
4274
2196
2247
4275
2197
2248
4276
2198
2249
4277
2199
2250
4278
2200
2251
4279
2201
2252
4280
2202
2253
4281
2203
2254
4282
2204
2255
4283
2205
2256
4284
2206
2257
4285
2207
2258
4286
2208
2259
4287
2209
2260
4288
2210
2261
4289
2211
2262
4290
2212
2263
4291
2213
2264
4292
2214
2265
4293
2215
2266
4294
2216
2267
4295
2217
2268
4296
2218
2269
4297
2219
2270
4298
2220
2271
4299
2221
2272
4300
2222
2273
4301
2223
2274
4302
2224
2275
4303
2225
2276
4304
2226
2277
4305
2227
2278
4306
2228
2279
4307
2229
2280
4308
2230
2281
4309
2231
2282
4310
2232
2283
4311
2233
2284
4312
2234
2285
4313
2235
2286
4314
2287
4315
2237
2288
4316
2238
2289
4317
2239
2290
4318
2240
2291
4319
2241
2292
4320
2242
2293
4321
2243
2294
4322
2244
2295
4323
2245
2296
4324
2246
2297
4325
2247
2298
4326
2248
2299
4327
2249
2300
4328
2250
2301
4329
2251
2302
4330
2252
2303
4331
2253
2304
4332
2254
2305
4333
2255
2306
4334
2256
2307
4335
2257
2308
4336
2258
2309
4337
2259
2310
4338
2260
2311
4339
2261
2312
4340
2262
2313
4341
2263
2314
4342
2264
2315
4343
2265
2316
4344
2266
2317
4345
2267
2318
4346
2268
2319
4347
2269
2320
4348
2270
2321
4349
2271
2322
4350
2272
2323
4351
2273
2324
4352
2274
2325
4353
2275
2326
4354
2276
2327
4355
2277
2328
4356
2278
2329
4357
2279
2330
4358
2280
2331
4359
2281
2332
4360
2282
2333
4361
2283
2334
4362
2284
2335
4363
2285
2336
4364
2286
2337
4365
2287
2338
4366
2339
4367
2289
2340
4368
2290
2341
4369
2291
2342
4370
2292
2343
4371
2293
2344
4372
2294
2345
4373
2295
2346
4374
2296
2347
4375
2297
2348
4376
2298
2349
4377
2299
2350
4378
2300
2351
4379
2301
2352
4380
2302
2353
4381
2303
2354
4382
2304
2355
4383
2305
2356
4384
2306
2357
4385
2307
2358
4386
2308
2359
4387
2309
2360
4388
2310
2361
4389
2311
2362
4390
2312
2363
4391
2313
2364
4392
2314
2365
4393
2315
2366
4394
2316
2367
4395
2317
2368
4396
2318
2369
4397
2319
2370
4398
2320
2371
4399
2321
2372
4400
2322
2373
4401
2323
2374
4402
2324
2375
4403
2325
2376
4404
2326
2377
4405
2327
2378
4406
2328
2379
4407
2329
2380
4408
2330
2381
4409
2331
2382
4410
2332
2383
4411
2333
2384
4412
2334
2385
4413
2335
2386
4414
2336
2387
4415
2337
2388
4416
2338
2389
4417
2339
2390
4418
2391
4419
2341
2392
4420
2342
2393
4421
2343
2394
4422
2344
2395
4423
2345
2396
4424
2346
2397
4425
2347
2398
4426
2348
2399
4427
2349
2400
4428
2350
2401
4429
2351
2402
4430
2352
2403
4431
2353
2404
4432
2354
2405
4433
2355
2406
4434
2356
2407
4435
2357
2408
4436
2358
2409
4437
2359
2410
4438
2360
2411
4439
2361
2412
4440
2362
2413
4441
2363
2414
4442
2364
2415
4443
2365
2416
4444
2366
2417
4445
2367
2418
4446
2368
2419
4447
2369
2420
4448
2370
2421
4449
2371
2422
4450
2372
2423
4451
2373
2424
4452
2374
2425
4453
2375
2426
4454
2376
2427
4455
2377
2428
4456
2378
2429
4457
2379
2430
4458
2380
2431
4459
2381
2432
4460
2382
2433
4461
2383
2434
4462
2384
2435
4463
2385
2436
4464
2386
2437
4465
2387
2438
4466
2388
2439
4467
2389
2440
4468
2390
2441
4469
2391
2442
4470
2443
4471
2393
2444
4472
2394
2445
4473
2395
2446
4474
2396
2447
4475
2397
2448
4476
2398
2449
4477
2399
2450
4478
2400
2451
4479
2401
2452
4480
2402
2453
4481
2403
2454
4482
2404
2455
4483
2405
2456
4484
2406
2457
4485
2407
2458
4486
2408
2459
4487
2409
2460
4488
2410
2461
4489
2411
2462
4490
2412
2463
4491
2413
2464
4492
2414
2465
4493
2415
2466
4494
2416
2467
4495
2417
2468
4496
2418
2469
4497
2419
2470
4498
2420
2471
4499
2421
2472
4500
2422
2473
4501
2423
2474
4502
2424
2475
4503
2425
2476
4504
2426
2477
4505
2427
2478
4506
2428
2479
4507
2429
2480
4508
2430
2481
4509
2431
2482
4510
2432
2483
4511
2433
2484
4512
2434
2485
4513
2435
2486
4514
2436
2487
4515
2437
2488
4516
2438
2489
4517
2439
2490
4518
2440
2491
4519
2441
2492
4520
2442
2493
4521
2443
2494
4522
2495
4523
2445
2496
4524
2446
2497
4525
2447
2498
4526
2448
2499
4527
2449
2500
4528
2450
2501
4529
2451
2502
4530
2452
2503
4531
2453
2504
4532
2454
2505
4533
2455
2506
4534
2456
2507
4535
2457
2508
4536
2458
2509
4537
2459
2510
4538
2460
2511
4539
2461
2512
4540
2462
2513
4541
2463
2514
4542
2464
2515
4543
2465
2516
4544
2466
2517
4545
2467
2518
4546
2468
2519
4547
2469
2520
4548
2470
2521
4549
2471
2522
4550
2472
2523
4551
2473
2524
4552
2474
2525
4553
2475
2526
4554
2476
2527
4555
2477
2528
4556
2478
2529
4557
2479
2530
4558
2480
2531
4559
2481
2532
4560
2482
2533
4561
2483
2534
4562
2484
2535
4563
2485
2536
4564
2486
2537
4565
2487
2538
4566
2488
2539
4567
2489
2540
4568
2490
2541
4569
2491
2542
4570
2492
2543
4571
2493
2544
4572
2494
2545
4573
2495
2546
4574
2547
4575
2497
2548
4576
2498
2549
4577
2499
2550
4578
2500
2551
4579
2501
2552
4580
2502
2553
4581
2503
2554
4582
2504
2555
4583
2505
2556
4584
2506
2557
4585
2507
2558
4586
2508
2559
4587
2509
2560
4588
2510
2561
4589
2511
2562
4590
2512
2563
4591
2513
2564
4592
2514
2565
4593
2515
2566
4594
2516
2567
4595
2517
2568
4596
2518
2569
4597
2519
2570
4598
2520
2571
4599
2521
2572
4600
2522
2573
4601
2523
2574
4602
2524
2575
4603
2525
2576
4604
2526
2577
4605
2527
2578
4606
2528
2579
4607
2529
2580
4608
2530
2581
4609
2531
2582
4610
2532
2583
4611
2533
2584
4612
2534
2585
4613
2535
2586
4614
2536
2587
4615
2537
2588
4616
2538
2589
4617
2539
2590
4618
2540
2591
4619
2541
2592
4620
2542
2593
4621
2543
2594
4622
2544
2595
4623
2545
2596
4624
2546
2597
4625
2547
2598
4626
2599
4627
2549
2600
4628
2550
2601
4629
2551
2602
4630
2552
2603
4631
2553
2604
4632
2554
2605
4633
2555
2606
4634
2556
2607
4635
2557
2608
4636
2558
2609
4637
2559
2610
4638
2560
2611
4639
2561
2612
4640
2562
2613
4641
2563
2614
4642
2564
2615
4643
2565
2616
4644
2566
2617
4645
2567
2618
4646
2568
2619
4647
2569
2620
4648
2570
2621
4649
2571
2622
4650
2572
2623
4651
2573
2624
4652
2574
2625
4653
2575
2626
4654
2576
2627
4655
2577
2628
4656
2578
2629
4657
2579
2630
4658
2580
2631
4659
2581
2632
4660
2582
2633
4661
2583
2634
4662
2584
2635
4663
2585
2636
4664
2586
2637
4665
2587
2638
4666
2588
2639
4667
2589
2640
4668
2590
2641
4669
2591
2642
4670
2592
2643
4671
2593
2644
4672
2594
2645
4673
2595
2646
4674
2596
2647
4675
2597
2648
4676
2598
2649
4677
2599
2650
4678
2651
4679
2601
2652
4680
2602
2653
4681
2603
2654
4682
2604
2655
4683
2605
2656
4684
2606
2657
4685
2607
2658
4686
2608
2659
4687
2609
2660
4688
2610
2661
4689
2611
2662
4690
2612
2663
4691
2613
2664
4692
2614
2665
4693
2615
2666
4694
2616
2667
4695
2617
2668
4696
2618
2669
4697
2619
2670
4698
2620
2671
4699
2621
2672
4700
2622
2673
4701
2623
2674
4702
2624
2675
4703
2625
2676
4704
2626
2677
4705
2627
2678
4706
2628
2679
4707
2629
2680
4708
2630
2681
4709
2631
2682
4710
2632
2683
4711
2633
2684
4712
2634
2685
4713
2635
2686
4714
2636
2687
4715
2637
2688
4716
2638
2689
4717
2639
2690
4718
2640
2691
4719
2641
2692
4720
2642
2693
4721
2643
2694
4722
2644
2695
4723
2645
2696
4724
2646
2697
4725
2647
2698
4726
2648
2699
4727
2649
2700
4728
2650
2701
4729
2651
2702
4730
2703
4731
2653
2704
4732
2654
2705
4733
2655
2706
4734
2656
2707
4735
2657
2708
4736
2658
2709
4737
2659
2710
4738
2660
2711
4739
2661
2712
4740
2662
2713
4741
2663
2714
4742
2664
2715
4743
2665
2716
4744
2666
2717
4745
2667
2718
4746
2668
2719
4747
2669
2720
4748
2670
2721
4749
2671
2722
4750
2672
2723
4751
2673
2724
4752
2674
2725
4753
2675
2726
4754
2676
2727
4755
2677
2728
4756
2678
2729
4757
2679
2730
4758
2680
2731
4759
2681
2732
4760
2682
2733
4761
2683
2734
4762
2684
2735
4763
2685
2736
4764
2686
2737
4765
2687
2738
4766
2688
2739
4767
2689
2740
4768
2690
2741
4769
2691
2742
4770
2692
2743
4771
2693
2744
4772
2694
2745
4773
2695
2746
4774
2696
2747
4775
2697
2748
4776
2698
2749
4777
2699
2750
4778
2700
2751
4779
2701
2752
4780
2702
2753
4781
2703
2754
4782
2755
4783
2705
2756
4784
2706
2757
4785
2707
2758
4786
2708
2759
4787
2709
2760
4788
2710
2761
4789
2711
2762
4790
2712
2763
4791
2713
2764
4792
2714
2765
4793
2715
2766
4794
2716
2767
4795
2717
2768
4796
2718
2769
4797
2719
2770
4798
2720
2771
4799
2721
2772
4800
2722
2773
4801
2723
2774
4802
2724
2775
4803
2725
2776
4804
2726
2777
4805
2727
2778
4806
2728
2779
4807
2729
2780
4808
2730
2781
4809
2731
2782
4810
2732
2783
4811
2733
2784
4812
2734
2785
4813
2735
2786
4814
2736
2787
4815
2737
2788
4816
2738
2789
4817
2739
2790
4818
2740
2791
4819
2741
2792
4820
2742
2793
4821
2743
2794
4822
2744
2795
4823
2745
2796
4824
2746
2797
4825
2747
2798
4826
2748
2799
4827
2749
2800
4828
2750
2801
4829
2751
2802
4830
2752
2803
4831
2753
2804
4832
2754
2805
4833
2755
2806
4834
2807
4835
2757
2808
4836
2758
2809
4837
2759
2810
4838
2760
2811
4839
2761
2812
4840
2762
2813
4841
2763
2814
4842
2764
2815
4843
2765
2816
4844
2766
2817
4845
2767
2818
4846
2768
2819
4847
2769
2820
4848
2770
2821
4849
2771
2822
4850
2772
2823
4851
2773
2824
4852
2774
2825
4853
2775
2826
4854
2776
2827
4855
2777
2828
4856
2778
2829
4857
2779
2830
4858
2780
2831
4859
2781
2832
4860
2782
2833
4861
2783
2834
4862
2784
2835
4863
2785
2836
4864
2786
2837
4865
2787
2838
4866
2788
2839
4867
2789
2840
4868
2790
2841
4869
2791
2842
4870
2792
2843
4871
2793
2844
4872
2794
2845
4873
2795
2846
4874
2796
2847
4875
2797
2848
4876
2798
2849
4877
2799
2850
4878
2800
2851
4879
2801
2852
4880
2802
2853
4881
2803
2854
4882
2804
2855
4883
2805
2856
4884
2806
2857
4885
2807
2858
4886
2859
4887
2809
2860
4888
2810
2861
4889
2811
2862
4890
2812
2863
4891
2813
2864
4892
2814
2865
4893
2815
2866
4894
2816
2867
4895
2817
2868
4896
2818
2869
4897
2819
2870
4898
2820
2871
4899
2821
2872
4900
2822
2873
4901
2823
2874
4902
2824
2875
4903
2825
2876
4904
2826
2877
4905
2827
2878
4906
2828
2879
4907
2829
2880
4908
2830
2881
4909
2831
2882
4910
2832
2883
4911
2833
2884
4912
2834
2885
4913
2835
2886
4914
2836
2887
4915
2837
2888
4916
2838
2889
4917
2839
2890
4918
2840
2891
4919
2841
2892
4920
2842
2893
4921
2843
2894
4922
2844
2895
4923
2845
2896
4924
2846
2897
4925
2847
2898
4926
2848
2899
4927
2849
2900
4928
2850
2901
4929
2851
2902
4930
2852
2903
4931
2853
2904
4932
2854
2905
4933
2855
2906
4934
2856
2907
4935
2857
2908
4936
2858
2909
4937
2859
2910
4938
2911
4939
2861
2912
4940
2862
2913
4941
2863
2914
4942
2864
2915
4943
2865
2916
4944
2866
2917
4945
2867
2918
4946
2868
2919
4947
2869
2920
4948
2870
2921
4949
2871
2922
4950
2872
2923
4951
2873
2924
4952
2874
2925
4953
2875
2926
4954
2876
2927
4955
2877
2928
4956
2878
2929
4957
2879
2930
4958
2880
2931
4959
2881
2932
4960
2882
2933
4961
2883
2934
4962
2884
2935
4963
2885
2936
4964
2886
2937
4965
2887
2938
4966
2888
2939
4967
2889
2940
4968
2890
2941
4969
2891
2942
4970
2892
2943
4971
2893
2944
4972
2894
2945
4973
2895
2946
4974
2896
2947
4975
2897
2948
4976
2898
2949
4977
2899
2950
4978
2900
2951
4979
2901
2952
4980
2902
2953
4981
2903
2954
4982
2904
2955
4983
2905
2956
4984
2906
2957
4985
2907
2958
4986
2908
2959
4987
2909
2960
4988
2910
2961
4989
2911
2962
4990
2963
4991
2913
2964
4992
2914
2965
4993
2915
2966
4994
2916
2967
4995
2917
2968
4996
2918
2969
4997
2919
2970
4998
2920
2971
4999
2921
2972
5000
2922
2973
5001
2923
2974
5002
2924
2975
5003
2925
2976
5004
2926
2977
5005
2927
2978
5006
2928
2979
5007
2929
2980
5008
2930
2981
5009
2931
2982
5010
2932
2983
5011
2933
2984
5012
2934
2985
5013
2935
2986
5014
2936
2987
5015
2937
2988
5016
2938
2989
5017
2939
2990
5018
2940
2991
5019
2941
2992
5020
2942
2993
5021
2943
2994
5022
2944
2995
5023
2945
2996
5024
2946
2997
5025
2947
2998
5026
2948
2999
5027
2949
3000
5028
2950
3001
5029
2951
3002
5030
2952
3003
5031
2953
3004
5032
2954
3005
5033
2955
3006
5034
2956
3007
5035
2957
3008
5036
2958
3009
5037
2959
3010
5038
2960
3011
5039
2961
3012
5040
2962
3013
5041
2963
3014
5042
3015
5043
2965
3016
5044
2966
3017
5045
2967
3018
5046
2968
3019
5047
2969
3020
5048
2970
3021
5049
2971
3022
5050
2972
3023
5051
2973
3024
5052
2974
3025
5053
2975
3026
5054
2976
3027
5055
2977
3028
5056
2978
3029
5057
2979
3030
5058
2980
3031
5059
2981
3032
5060
2982
3033
5061
2983
3034
5062
2984
3035
5063
2985
3036
5064
2986
3037
5065
2987
3038
5066
2988
3039
5067
2989
3040
5068
2990
3041
5069
2991
3042
5070
2992
3043
5071
2993
3044
5072
2994
3045
5073
2995
3046
5074
2996
3047
5075
2997
3048
5076
2998
3049
5077
2999
3050
5078
3000
3051
5079
3001
3052
5080
3002
3053
5081
3003
3054
5082
3004
3055
5083
3005
3056
5084
3006
3057
5085
3007
3058
5086
3008
3059
5087
3009
3060
5088
3010
3061
5089
3011
3062
5090
3012
3063
5091
3013
3064
5092
3014
3065
5093
3015
3066
5094
3067
5095
3017
3068
5096
3018
3069
5097
3019
3070
5098
3020
3071
5099
3021
3072
5100
3022
3073
5101
3023
3074
5102
3024
3075
5103
3025
3076
5104
3026
3077
5105
3027
3078
5106
3028
3079
5107
3029
3080
5108
3030
3081
5109
3031
3082
5110
3032
3083
5111
3033
3084
5112
3034
3085
5113
3035
3086
5114
3036
3087
5115
3037
3088
5116
3038
3089
5117
3039
3090
5118
3040
3091
5119
3041
3092
5120
3042
3093
5121
3043
3094
5122
3044
3095
5123
3045
3096
5124
3046
3097
5125
3047
3098
5126
3048
3099
5127
3049
3100
5128
3050
3101
5129
3051
3102
5130
3052
3103
5131
3053
3104
5132
3054
3105
5133
3055
3106
5134
3056
3107
5135
3057
3108
5136
3058
3109
5137
3059
3110
5138
3060
3111
5139
3061
3112
5140
3062
3113
5141
3063
3114
5142
3064
3115
5143
3065
3116
5144
3066
3117
5145
3067
3118
5146
3119
5147
3069
3120
5148
3070
3121
5149
3071
3122
5150
3072
3123
5151
3073
3124
5152
3074
3125
5153
3075
3126
5154
3076
3127
5155
3077
3128
5156
3078
3129
5157
3079
3130
5158
3080
3131
5159
3081
3132
5160
3082
3133
5161
3083
3134
5162
3084
3135
5163
3085
3136
5164
3086
3137
5165
3087
3138
5166
3088
3139
5167
3089
3140
5168
3090
3141
5169
3091
3142
5170
3092
3143
5171
3093
3144
5172
3094
3145
5173
3095
3146
5174
3096
3147
5175
3097
3148
5176
3098
3149
5177
3099
3150
5178
3100
3151
5179
3101
3152
5180
3102
3153
5181
3103
3154
5182
3104
3155
5183
3105
3156
5184
3106
3157
5185
3107
3158
5186
3108
3159
5187
3109
3160
5188
3110
3161
5189
3111
3162
5190
3112
3163
5191
3113
3164
5192
3114
3165
5193
3115
3166
5194
3116
3167
5195
3117
3168
5196
3118
3169
5197
3119
3170
5198
3171
5199
3121
3172
5200
3122
3173
5201
3123
3174
5202
3124
3175
5203
3125
3176
5204
3126
3177
5205
3127
3178
5206
3128
3179
5207
3129
3180
5208
3130
3181
5209
3131
3182
5210
3132
3183
5211
3133
3184
5212
3134
3185
5213
3135
3186
5214
3136
3187
5215
3137
3188
5216
3138
3189
5217
3139
3190
5218
3140
3191
5219
3141
3192
5220
3142
3193
5221
3143
3194
5222
3144
3195
5223
3145
3196
5224
3146
3197
5225
3147
3198
5226
3148
3199
5227
3149
3200
5228
3150
3201
5229
3151
3202
5230
3152
3203
5231
3153
3204
5232
3154
3205
5233
3155
3206
5234
3156
3207
5235
3157
3208
5236
3158
3209
5237
3159
3210
5238
3160
3211
5239
3161
3212
5240
3162
3213
5241
3163
3214
5242
3164
3215
5243
3165
3216
5244
3166
3217
5245
3167
3218
5246
3168
3219
5247
3169
3220
5248
3170
3221
5249
3171
3222
5250
3223
5251
3173
3224
5252
3174
3225
5253
3175
3226
5254
3176
3227
5255
3177
3228
5256
3178
3229
5257
3179
3230
5258
3180
3231
5259
3181
3232
5260
3182
3233
5261
3183
3234
5262
3184
3235
5263
3185
3236
5264
3186
3237
5265
3187
3238
5266
3188
3239
5267
3189
3240
5268
3190
3241
5269
3191
3242
5270
3192
3243
5271
3193
3244
5272
3194
3245
5273
3195
3246
5274
3196
3247
5275
3197
3248
5276
3198
3249
5277
3199
3250
5278
3200
3251
5279
3201
3252
5280
3202
3253
5281
3203
3254
5282
3204
3255
5283
3205
3256
5284
3206
3257
5285
3207
3258
5286
3208
3259
5287
3209
3260
5288
3210
3261
5289
3211
3262
5290
3212
3263
5291
3213
3264
5292
3214
3265
5293
3215
3266
5294
3216
3267
5295
3217
3268
5296
3218
3269
5297
3219
3270
5298
3220
3271
5299
3221
3272
5300
3222
3273
5301
3223
3274
5302
3275
5303
3225
3276
5304
3226
3277
5305
3227
3278
5306
3228
3279
5307
3229
3280
5308
3230
3281
5309
3231
3282
5310
3232
3283
5311
3233
3284
5312
3234
3285
5313
3235
3286
5314
3236
3287
5315
3237
3288
5316
3238
3289
5317
3239
3290
5318
3240
3291
5319
3241
3292
5320
3242
3293
5321
3243
3294
5322
3244
3295
5323
3245
3296
5324
3246
3297
5325
3247
3298
5326
3248
3299
5327
3249
3300
5328
3250
3301
5329
3251
3302
5330
3252
3303
5331
3253
3304
5332
3254
3305
5333
3255
3306
5334
3256
3307
5335
3257
3308
5336
3258
3309
5337
3259
3310
5338
3260
3311
5339
3261
3312
5340
3262
3313
5341
3263
3314
5342
3264
3315
5343
3265
3316
5344
3266
3317
5345
3267
3318
5346
3268
3319
5347
3269
3320
5348
3270
3321
5349
3271
3322
5350
3272
3323
5351
3273
3324
5352
3274
3325
5353
3275
3326
5354
3327
5355
3277
3328
5356
3278
3329
5357
3279
3330
5358
3280
3331
5359
3281
3332
5360
3282
3333
5361
3283
3334
5362
3284
3335
5363
3285
3336
5364
3286
3337
5365
3287
3338
5366
3288
3339
5367
3289
3340
5368
3290
3341
5369
3291
3342
5370
3292
3343
5371
3293
3344
5372
3294
3345
5373
3295
3346
5374
3296
3347
5375
3297
3348
5376
3298
3349
5377
3299
3350
5378
3300
3351
5379
3301
3352
5380
3302
3353
5381
3303
3354
5382
3304
3355
5383
3305
3356
5384
3306
3357
5385
3307
3358
5386
3308
3359
5387
3309
3360
5388
3310
3361
5389
3311
3362
5390
3312
3363
5391
3313
3364
5392
3314
3365
5393
3315
3366
5394
3316
3367
5395
3317
3368
5396
3318
3369
5397
3319
3370
5398
3320
3371
5399
3321
3372
5400
3322
3373
5401
3323
3374
5402
3324
3375
5403
3325
3376
5404
3326
3377
5405
3327
3378
5406
3379
5407
3329
3380
5408
3330
3381
5409
3331
3382
5410
3332
3383
5411
3333
3384
5412
3334
3385
5413
3335
3386
5414
3336
3387
5415
3337
3388
5416
3338
3389
5417
3339
3390
5418
3340
3391
5419
3341
3392
5420
3342
3393
5421
3343
3394
5422
3344
3395
5423
3345
3396
5424
3346
3397
5425
3347
3398
5426
3348
3399
5427
3349
3400
5428
3350
3401
5429
3351
3402
5430
3352
3403
5431
3353
3404
5432
3354
3405
5433
3355
3406
5434
3356
3407
5435
3357
3408
5436
3358
3409
5437
3359
3410
5438
3360
3411
5439
3361
3412
5440
3362
3413
5441
3363
3414
5442
3364
3415
5443
3365
3416
5444
3366
3417
5445
3367
3418
5446
3368
3419
5447
3369
3420
5448
3370
3421
5449
3371
3422
5450
3372
3423
5451
3373
3424
5452
3374
3425
5453
3375
3426
5454
3376
3427
5455
3377
3428
5456
3378
3429
5457
3379
3430
5458
3431
5459
3381
3432
5460
3382
3433
5461
3383
3434
5462
3384
3435
5463
3385
3436
5464
3386
3437
5465
3387
3438
5466
3388
3439
5467
3389
3440
5468
3390
3441
5469
3391
3442
5470
3392
3443
5471
3393
3444
5472
3394
3445
5473
3395
3446
5474
3396
3447
5475
3397
3448
5476
3398
3449
5477
3399
3450
5478
3400
3451
5479
3401
3452
5480
3402
3453
5481
3403
3454
5482
3404
3455
5483
3405
3456
5484
3406
3457
5485
3407
3458
5486
3408
3459
5487
3409
3460
5488
3410
3461
5489
3411
3462
5490
3412
3463
5491
3413
3464
5492
3414
3465
5493
3415
3466
5494
3416
3467
5495
3417
3468
5496
3418
3469
5497
3419
3470
5498
3420
3471
5499
3421
3472
5500
3422
3473
5501
3423
3474
5502
3424
3475
5503
3425
3476
5504
3426
3477
5505
3427
3478
5506
3428
3479
5507
3429
3480
5508
3430
3481
5509
3431
3482
5510
3483
5511
3433
3484
5512
3434
3485
5513
3435
3486
5514
3436
3487
5515
3437
3488
5516
3438
3489
5517
3439
3490
5518
3440
3491
5519
3441
3492
5520
3442
3493
5521
3443
3494
5522
3444
3495
5523
3445
3496
5524
3446
3497
5525
3447
3498
5526
3448
3499
5527
3449
3500
5528
3450
3501
5529
3451
3502
5530
3452
3503
5531
3453
3504
5532
3454
3505
5533
3455
3506
5534
3456
3507
5535
3457
3508
5536
3458
3509
5537
3459
3510
5538
3460
3511
5539
3461
3512
5540
3462
3513
5541
3463
3514
5542
3464
3515
5543
3465
3516
5544
3466
3517
5545
3467
3518
5546
3468
3519
5547
3469
3520
5548
3470
3521
5549
3471
3522
5550
3472
3523
5551
3473
3524
5552
3474
3525
5553
3475
3526
5554
3476
3527
5555
3477
3528
5556
3478
3529
5557
3479
3530
5558
3480
3531
5559
3481
3532
5560
3482
3533
5561
3483
3534
5562
3535
5563
3485
3536
5564
3486
3537
5565
3487
3538
5566
3488
3539
5567
3489
3540
5568
3490
3541
5569
3491
3542
5570
3492
3543
5571
3493
3544
5572
3494
3545
5573
3495
3546
5574
3496
3547
5575
3497
3548
5576
3498
3549
5577
3499
3550
5578
3500
3551
5579
3501
3552
5580
3502
3553
5581
3503
3554
5582
3504
3555
5583
3505
3556
5584
3506
3557
5585
3507
3558
5586
3508
3559
5587
3509
3560
5588
3510
3561
5589
3511
3562
5590
3512
3563
5591
3513
3564
5592
3514
3565
5593
3515
3566
5594
3516
3567
5595
3517
3568
5596
3518
3569
5597
3519
3570
5598
3520
3571
5599
3521
3572
5600
3522
3573
5601
3523
3574
5602
3524
3575
5603
3525
3576
5604
3526
3577
5605
3527
3578
5606
3528
3579
5607
3529
3580
5608
3530
3581
5609
3531
3582
5610
3532
3583
5611
3533
3584
5612
3534
3585
5613
3535
3586
5614
3587
5615
3537
3588
5616
3538
3589
5617
3539
3590
5618
3540
3591
5619
3541
3592
5620
3542
3593
5621
3543
3594
5622
3544
3595
5623
3545
3596
5624
3546
3597
5625
3547
3598
5626
3548
3599
5627
3549
3600
5628
3550
3601
5629
3551
3602
5630
3552
3603
5631
3553
3604
5632
3554
3605
5633
3555
3606
5634
3556
3607
5635
3557
3608
5636
3558
3609
5637
3559
3610
5638
3560
3611
5639
3561
3612
5640
3562
3613
5641
3563
3614
5642
3564
3615
5643
3565
3616
5644
3566
3617
5645
3567
3618
5646
3568
3619
5647
3569
3620
5648
3570
3621
5649
3571
3622
5650
3572
3623
5651
3573
3624
5652
3574
3625
5653
3575
3626
5654
3576
3627
5655
3577
3628
5656
3578
3629
5657
3579
3630
5658
3580
3631
5659
3581
3632
5660
3582
3633
5661
3583
3634
5662
3584
3635
5663
3585
3636
5664
3586
3637
5665
3587
3638
5666
3639
5667
3589
3640
5668
3590
3641
5669
3591
3642
5670
3592
3643
5671
3593
3644
5672
3594
3645
5673
3595
3646
5674
3596
3647
5675
3597
3648
5676
3598
3649
5677
3599
3650
5678
3600
3651
5679
3601
3652
5680
3602
3653
5681
3603
3654
5682
3604
3655
5683
3605
3656
5684
3606
3657
5685
3607
3658
5686
3608
3659
5687
3609
3660
5688
3610
3661
5689
3611
3662
5690
3612
3663
5691
3613
3664
5692
3614
3665
5693
3615
3666
5694
3616
3667
5695
3617
3668
5696
3618
3669
5697
3619
3670
5698
3620
3671
5699
3621
3672
5700
3622
3673
5701
3623
3674
5702
3624
3675
5703
3625
3676
5704
3626
3677
5705
3627
3678
5706
3628
3679
5707
3629
3680
5708
3630
3681
5709
3631
3682
5710
3632
3683
5711
3633
3684
5712
3634
3685
5713
3635
3686
5714
3636
3687
5715
3637
3688
5716
3638
3689
5717
3639
3690
5718
3691
5719
3641
3692
5720
3642
3693
5721
3643
3694
5722
3644
3695
5723
3645
3696
5724
3646
3697
5725
3647
3698
5726
3648
3699
5727
3649
3700
5728
3650
3701
5729
3651
3702
5730
3652
3703
5731
3653
3704
5732
3654
3705
5733
3655
3706
5734
3656
3707
5735
3657
3708
5736
3658
3709
5737
3659
3710
5738
3660
3711
5739
3661
3712
5740
3662
3713
5741
3663
3714
5742
3664
3715
5743
3665
3716
5744
3666
3717
5745
3667
3718
5746
3668
3719
5747
3669
3720
5748
3670
3721
5749
3671
3722
5750
3672
3723
5751
3673
3724
5752
3674
3725
5753
3675
3726
5754
3676
3727
5755
3677
3728
5756
3678
3729
5757
3679
3730
5758
3680
3731
5759
3681
3732
5760
3682
3733
5761
3683
3734
5762
3684
3735
5763
3685
3736
5764
3686
3737
5765
3687
3738
5766
3688
3739
5767
3689
3740
5768
3690
3741
5769
3691
3742
5770
3743
5771
3693
3744
5772
3694
3745
5773
3695
3746
5774
3696
3747
5775
3697
3748
5776
3698
3749
5777
3699
3750
5778
3700
3751
5779
3701
3752
5780
3702
3753
5781
3703
3754
5782
3704
3755
5783
3705
3756
5784
3706
3757
5785
3707
3758
5786
3708
3759
5787
3709
3760
5788
3710
3761
5789
3711
3762
5790
3712
3763
5791
3713
3764
5792
3714
3765
5793
3715
3766
5794
3716
3767
5795
3717
3768
5796
3718
3769
5797
3719
3770
5798
3720
3771
5799
3721
3772
5800
3722
3773
5801
3723
3774
5802
3724
3775
5803
3725
3776
5804
3726
3777
5805
3727
3778
5806
3728
3779
5807
3729
3780
5808
3730
3781
5809
3731
3782
5810
3732
3783
5811
3733
3784
5812
3734
3785
5813
3735
3786
5814
3736
3787
5815
3737
3788
5816
3738
3789
5817
3739
3790
5818
3740
3791
5819
3741
3792
5820
3742
3793
5821
3743
3794
5822
3795
5823
3745
3796
5824
3746
3797
5825
3747
3798
5826
3748
3799
5827
3749
3800
5828
3750
3801
5829
3751
3802
5830
3752
3803
5831
3753
3804
5832
3754
3805
5833
3755
3806
5834
3756
3807
5835
3757
3808
5836
3758
3809
5837
3759
3810
5838
3760
3811
5839
3761
3812
5840
3762
3813
5841
3763
3814
5842
3764
3815
5843
3765
3816
5844
3766
3817
5845
3767
3818
5846
3768
3819
5847
3769
3820
5848
3770
3821
5849
3771
3822
5850
3772
3823
5851
3773
3824
5852
3774
3825
5853
3775
3826
5854
3776
3827
5855
3777
3828
5856
3778
3829
5857
3779
3830
5858
3780
3831
5859
3781
3832
5860
3782
3833
5861
3783
3834
5862
3784
3835
5863
3785
3836
5864
3786
3837
5865
3787
3838
5866
3788
3839
5867
3789
3840
5868
3790
3841
5869
3791
3842
5870
3792
3843
5871
3793
3844
5872
3794
3845
5873
3795
3846
5874
3847
5875
3797
3848
5876
3798
3849
5877
3799
3850
5878
3800
3851
5879
3801
3852
5880
3802
3853
5881
3803
3854
5882
3804
3855
5883
3805
3856
5884
3806
3857
5885
3807
3858
5886
3808
3859
5887
3809
3860
5888
3810
3861
5889
3811
3862
5890
3812
3863
5891
3813
3864
5892
3814
3865
5893
3815
3866
5894
3816
3867
5895
3817
3868
5896
3818
3869
5897
3819
3870
5898
3820
3871
5899
3821
3872
5900
3822
3873
5901
3823
3874
5902
3824
3875
5903
3825
3876
5904
3826
3877
5905
3827
3878
5906
3828
3879
5907
3829
3880
5908
3830
3881
5909
3831
3882
5910
3832
3883
5911
3833
3884
5912
3834
3885
5913
3835
3886
5914
3836
3887
5915
3837
3888
5916
3838
3889
5917
3839
3890
5918
3840
3891
5919
3841
3892
5920
3842
3893
5921
3843
3894
5922
3844
3895
5923
3845
3896
5924
3846
3897
5925
3847
3898
5926
3899
5927
3849
3900
5928
3850
3901
5929
3851
3902
5930
3852
3903
5931
3853
3904
5932
3854
3905
5933
3855
3906
5934
3856
3907
5935
3857
3908
5936
3858
3909
5937
3859
3910
5938
3860
3911
5939
3861
3912
5940
3862
3913
5941
3863
3914
5942
3864
3915
5943
3865
3916
5944
3866
3917
5945
3867
3918
5946
3868
3919
5947
3869
3920
5948
3870
3921
5949
3871
3922
5950
3872
3923
5951
3873
3924
5952
3874
3925
5953
3875
3926
5954
3876
3927
5955
3877
3928
5956
3878
3929
5957
3879
3930
5958
3880
3931
5959
3881
3932
5960
3882
3933
5961
3883
3934
5962
3884
3935
5963
3885
3936
5964
3886
3937
5965
3887
3938
5966
3888
3939
5967
3889
3940
5968
3890
3941
5969
3891
3942
5970
3892
3943
5971
3893
3944
5972
3894
3945
5973
3895
3946
5974
3896
3947
5975
3897
3948
5976
3898
3949
5977
3899
3950
5978
3951
5979
3901
3952
5980
3902
3953
5981
3903
3954
5982
3904
3955
5983
3905
3956
5984
3906
3957
5985
3907
3958
5986
3908
3959
5987
3909
3960
5988
3910
3961
5989
3911
3962
5990
3912
3963
5991
3913
3964
5992
3914
3965
5993
3915
3966
5994
3916
3967
5995
3917
3968
5996
3918
3969
5997
3919
3970
5998
3920
3971
5999
3921
3972
6000
3922
3973
6001
3923
3974
6002
3924
3975
6003
3925
3976
6004
3926
3977
6005
3927
3978
6006
3928
3979
6007
3929
3980
6008
3930
3981
6009
3931
3982
6010
3932
3983
6011
3933
3984
6012
3934
3985
6013
3935
3986
6014
3936
3987
6015
3937
3988
6016
3938
3989
6017
3939
3990
6018
3940
3991
6019
3941
3992
6020
3942
3993
6021
3943
3994
6022
3944
3995
6023
3945
3996
6024
3946
3997
6025
3947
3998
6026
3948
3999
6027
3949
4000
6028
3950
4001
6029
3951
4002
6030
4003
6031
3953
4004
6032
3954
4005
6033
3955
4006
6034
3956
4007
6035
3957
4008
6036
3958
4009
6037
3959
4010
6038
3960
4011
6039
3961
4012
6040
3962
4013
6041
3963
4014
6042
3964
4015
6043
3965
4016
6044
3966
4017
6045
3967
4018
6046
3968
4019
6047
3969
4020
6048
3970
4021
6049
3971
4022
6050
3972
4023
6051
3973
4024
6052
3974
4025
6053
3975
4026
6054
3976
4027
6055
3977
4028
6056
3978
4029
6057
3979
4030
6058
3980
4031
6059
3981
4032
6060
3982
4033
6061
3983
4034
6062
3984
4035
6063
3985
4036
6064
3986
4037
6065
3987
4038
6066
3988
4039
6067
3989
4040
6068
3990
4041
6069
3991
4042
6070
3992
4043
6071
3993
4044
6072
3994
4045
6073
3995
4046
6074
3996
4047
6075
3997
4048
6076
3998
4049
6077
3999
4050
6078
4000
4051
6079
4001
4052
6080
4002
4053
6081
4003
4054
6082
4055
6083
4005
4056
6084
4006
4057
6085
4007
4058
6086
4008
4059
6087
4009
4060
6088
4010
4061
6089
4011
4062
6090
4012
4063
6091
4013
4064
6092
4014
4065
6093
4015
4066
6094
4016
4067
6095
4017
4068
6096
4018
4069
6097
4019
4070
6098
4020
4071
6099
4021
4072
6100
4022
4073
6101
4023
4074
6102
4024
4075
6103
4025
4076
6104
4026
4077
6105
4027
4078
6106
4028
4079
6107
4029
4080
6108
4030
4081
6109
4031
4082
6110
4032
4083
6111
4033
4084
6112
4034
4085
6113
4035
4086
6114
4036
4087
6115
4037
4088
6116
4038
4089
6117
4039
4090
6118
4040
4091
6119
4041
4092
6120
4042
4093
6121
4043
4094
6122
4044
4095
6123
4045
4096
6124
4046
4097
6125
4047
4098
6126
4048
4099
6127
4049
4100
6128
4050
4101
6129
4051
4102
6130
4052
4103
6131
4053
4104
6132
4054
4105
6133
4055
4106
6134
4107
6135
4057
4108
6136
4058
4109
6137
4059
4110
6138
4060
4111
6139
4061
4112
6140
4062
4113
6141
4063
4114
6142
4064
4115
6143
4065
4116
6144
4066
4117
6145
4067
4118
6146
4068
4119
6147
4069
4120
6148
4070
4121
6149
4071
4122
6150
4072
4123
6151
4073
4124
6152
4074
4125
6153
4075
4126
6154
4076
4127
6155
4077
4128
6156
4078
4129
6157
4079
4130
6158
4080
4131
6159
4081
4132
6160
4082
4133
6161
4083
4134
6162
4084
4135
6163
4085
4136
6164
4086
4137
6165
4087
4138
6166
4088
4139
6167
4089
4140
6168
4090
4141
6169
4091
4142
6170
4092
4143
6171
4093
4144
6172
4094
4145
6173
4095
4146
6174
4096
4147
6175
4097
4148
6176
4098
4149
6177
4099
4150
6178
4100
4151
6179
4101
4152
6180
4102
4153
6181
4103
4154
6182
4104
4155
6183
4105
4156
6184
4106
4157
6185
4107
4158
6186
4159
6187
4109
6188
4110
6189
4111
6190
4112
6191
4113
6192
4114
6193
4115
6194
4116
6195
4117
6196
4118
6197
4119
6198
4120
6199
4121
6200
4122
6201
4123
6202
4124
6203
4125
6204
4126
6205
4127
6206
4128
6207
4129
6208
4130
6209
4131
6210
4132
6211
4133
6212
4134
6213
4135
6214
4136
6215
4137
6216
4138
6217
4139
6218
4140
6219
4141
6220
4142
6221
4143
6222
4144
6223
4145
6224
4146
6225
4147
6226
4148
6227
4149
6228
4150
6229
4151
6230
4152
6231
4153
6232
4154
6233
4155
6234
4156
6235
4157
6236
4158
6237
4159
6238
6239
4161
4212
6240
4162
4213
6241
4163
4214
6242
4164
4215
6243
4165
4216
6244
4166
4217
6245
4167
4218
6246
4168
4219
6247
4169
4220
6248
4170
4221
6249
4171
4222
6250
4172
4223
6251
4173
4224
6252
4174
4225
6253
4175
4226
6254
4176
4227
6255
4177
4228
6256
4178
4229
6257
4179
4230
6258
4180
4231
6259
4181
4232
6260
4182
4233
6261
4183
4234
6262
4184
4235
6263
4185
4236
6264
4186
4237
6265
4187
4238
6266
4188
4239
6267
4189
4240
6268
4190
4241
6269
4191
4242
6270
4192
4243
6271
4193
4244
6272
4194
4245
6273
4195
4246
6274
4196
4247
6275
4197
4248
6276
4198
4249
6277
4199
4250
6278
4200
4251
6279
4201
4252
6280
4202
4253
6281
4203
4254
6282
4204
4255
6283
4205
4256
6284
4206
4257
6285
4207
4258
6286
4208
4259
6287
4209
4260
6288
4210
4261
6289
4211
4262
6290
4263
6291
4213
4264
6292
4214
4265
6293
4215
4266
6294
4216
4267
6295
4217
4268
6296
4218
4269
6297
4219
4270
6298
4220
4271
6299
4221
4272
6300
4222
4273
6301
4223
4274
6302
4224
4275
6303
4225
4276
6304
4226
4277
6305
4227
4278
6306
4228
4279
6307
4229
4280
6308
4230
4281
6309
4231
4282
6310
4232
4283
6311
4233
4284
6312
4234
4285
6313
4235
4286
6314
4236
4287
6315
4237
4288
6316
4238
4289
6317
4239
4290
6318
4240
4291
6319
4241
4292
6320
4242
4293
6321
4243
4294
6322
4244
4295
6323
4245
4296
6324
4246
4297
6325
4247
4298
6326
4248
4299
6327
4249
4300
6328
4250
4301
6329
4251
4302
6330
4252
4303
6331
4253
4304
6332
4254
4305
6333
4255
4306
6334
4256
4307
6335
4257
4308
6336
4258
4309
6337
4259
4310
6338
4260
4311
6339
4261
4312
6340
4262
4313
6341
4263
4314
6342
4315
6343
4265
4316
6344
4266
4317
6345
4267
4318
6346
4268
4319
6347
4269
4320
6348
4270
4321
6349
4271
4322
6350
4272
4323
6351
4273
4324
6352
4274
4325
6353
4275
4326
6354
4276
4327
6355
4277
4328
6356
4278
4329
6357
4279
4330
6358
4280
4331
6359
4281
4332
6360
4282
4333
6361
4283
4334
6362
4284
4335
6363
4285
4336
6364
4286
4337
6365
4287
4338
6366
4288
4339
6367
4289
4340
6368
4290
4341
6369
4291
4342
6370
4292
4343
6371
4293
4344
6372
4294
4345
6373
4295
4346
6374
4296
4347
6375
4297
4348
6376
4298
4349
6377
4299
4350
6378
4300
4351
6379
4301
4352
6380
4302
4353
6381
4303
4354
6382
4304
4355
6383
4305
4356
6384
4306
4357
6385
4307
4358
6386
4308
4359
6387
4309
4360
6388
4310
4361
6389
4311
4362
6390
4312
4363
6391
4313
4364
6392
4314
4365
6393
4315
4366
6394
4367
6395
4317
4368
6396
4318
4369
6397
4319
4370
6398
4320
4371
6399
4321
4372
6400
4322
4373
6401
4323
4374
6402
4324
4375
6403
4325
4376
6404
4326
4377
6405
4327
4378
6406
4328
4379
6407
4329
4380
6408
4330
4381
6409
4331
4382
6410
4332
4383
6411
4333
4384
6412
4334
4385
6413
4335
4386
6414
4336
4387
6415
4337
4388
6416
4338
4389
6417
4339
4390
6418
4340
4391
6419
4341
4392
6420
4342
4393
6421
4343
4394
6422
4344
4395
6423
4345
4396
6424
4346
4397
6425
4347
4398
6426
4348
4399
6427
4349
4400
6428
4350
4401
6429
4351
4402
6430
4352
4403
6431
4353
4404
6432
4354
4405
6433
4355
4406
6434
4356
4407
6435
4357
4408
6436
4358
4409
6437
4359
4410
6438
4360
4411
6439
4361
4412
6440
4362
4413
6441
4363
4414
6442
4364
4415
6443
4365
4416
6444
4366
4417
6445
4367
4418
6446
4419
6447
4369
4420
6448
4370
4421
6449
4371
4422
6450
4372
4423
6451
4373
4424
6452
4374
4425
6453
4375
4426
6454
4376
4427
6455
4377
4428
6456
4378
4429
6457
4379
4430
6458
4380
4431
6459
4381
4432
6460
4382
4433
6461
4383
4434
6462
4384
4435
6463
4385
4436
6464
4386
4437
6465
4387
4438
6466
4388
4439
6467
4389
4440
6468
4390
4441
6469
4391
4442
6470
4392
4443
6471
4393
4444
6472
4394
4445
6473
4395
4446
6474
4396
4447
6475
4397
4448
6476
4398
4449
6477
4399
4450
6478
4400
4451
6479
4401
4452
6480
4402
4453
6481
4403
4454
6482
4404
4455
6483
4405
4456
6484
4406
4457
6485
4407
4458
6486
4408
4459
6487
4409
4460
6488
4410
4461
6489
4411
4462
6490
4412
4463
6491
4413
4464
6492
4414
4465
6493
4415
4466
6494
4416
4467
6495
4417
4468
6496
4418
4469
6497
4419
4470
6498
4471
6499
4421
4472
6500
4422
4473
6501
4423
4474
6502
4424
4475
6503
4425
4476
6504
4426
4477
6505
4427
4478
6506
4428
4479
6507
4429
4480
6508
4430
4481
6509
4431
4482
6510
4432
4483
6511
4433
4484
6512
4434
4485
6513
4435
4486
6514
4436
4487
6515
4437
4488
6516
4438
4489
6517
4439
4490
6518
4440
4491
6519
4441
4492
6520
4442
4493
6521
4443
4494
6522
4444
4495
6523
4445
4496
6524
4446
4497
6525
4447
4498
6526
4448
4499
6527
4449
4500
6528
4450
4501
6529
4451
4502
6530
4452
4503
6531
4453
4504
6532
4454
4505
6533
4455
4506
6534
4456
4507
6535
4457
4508
6536
4458
4509
6537
4459
4510
6538
4460
4511
6539
4461
4512
6540
4462
4513
6541
4463
4514
6542
4464
4515
6543
4465
4516
6544
4466
4517
6545
4467
4518
6546
4468
4519
6547
4469
4520
6548
4470
4521
6549
4471
4522
6550
4523
6551
4473
4524
6552
4474
4525
6553
4475
4526
6554
4476
4527
6555
4477
4528
6556
4478
4529
6557
4479
4530
6558
4480
4531
6559
4481
4532
6560
4482
4533
6561
4483
4534
6562
4484
4535
6563
4485
4536
6564
4486
4537
6565
4487
4538
6566
4488
4539
6567
4489
4540
6568
4490
4541
6569
4491
4542
6570
4492
4543
6571
4493
4544
6572
4494
4545
6573
4495
4546
6574
4496
4547
6575
4497
4548
6576
4498
4549
6577
4499
4550
6578
4500
4551
6579
4501
4552
6580
4502
4553
6581
4503
4554
6582
4504
4555
6583
4505
4556
6584
4506
4557
6585
4507
4558
6586
4508
4559
6587
4509
4560
6588
4510
4561
6589
4511
4562
6590
4512
4563
6591
4513
4564
6592
4514
4565
6593
4515
4566
6594
4516
4567
6595
4517
4568
6596
4518
4569
6597
4519
4570
6598
4520
4571
6599
4521
4572
6600
4522
4573
6601
4523
4574
6602
4575
6603
4525
4576
6604
4526
4577
6605
4527
4578
6606
4528
4579
6607
4529
4580
6608
4530
4581
6609
4531
4582
6610
4532
4583
6611
4533
4584
6612
4534
4585
6613
4535
4586
6614
4536
4587
6615
4537
4588
6616
4538
4589
6617
4539
4590
6618
4540
4591
6619
4541
4592
6620
4542
4593
6621
4543
4594
6622
4544
4595
6623
4545
4596
6624
4546
4597
6625
4547
4598
6626
4548
4599
6627
4549
4600
6628
4550
4601
6629
4551
4602
6630
4552
4603
6631
4553
4604
6632
4554
4605
6633
4555
4606
6634
4556
4607
6635
4557
4608
6636
4558
4609
6637
4559
4610
6638
4560
4611
6639
4561
4612
6640
4562
4613
6641
4563
4614
6642
4564
4615
6643
4565
4616
6644
4566
4617
6645
4567
4618
6646
4568
4619
6647
4569
4620
6648
4570
4621
6649
4571
4622
6650
4572
4623
6651
4573
4624
6652
4574
4625
6653
4575
4626
6654
4627
6655
4577
4628
6656
4578
4629
6657
4579
4630
6658
4580
4631
6659
4581
4632
6660
4582
4633
6661
4583
4634
6662
4584
4635
6663
4585
4636
6664
4586
4637
6665
4587
4638
6666
4588
4639
6667
4589
4640
6668
4590
4641
6669
4591
4642
6670
4592
4643
6671
4593
4644
6672
4594
4645
6673
4595
4646
6674
4596
4647
6675
4597
4648
6676
4598
4649
6677
4599
4650
6678
4600
4651
6679
4601
4652
6680
4602
4653
6681
4603
4654
6682
4604
4655
6683
4605
4656
6684
4606
4657
6685
4607
4658
6686
4608
4659
6687
4609
4660
6688
4610
4661
6689
4611
4662
6690
4612
4663
6691
4613
4664
6692
4614
4665
6693
4615
4666
6694
4616
4667
6695
4617
4668
6696
4618
4669
6697
4619
4670
6698
4620
4671
6699
4621
4672
6700
4622
4673
6701
4623
4674
6702
4624
4675
6703
4625
4676
6704
4626
4677
6705
4627
4678
6706
4679
6707
4629
4680
6708
4630
4681
6709
4631
4682
6710
4632
4683
6711
4633
4684
6712
4634
4685
6713
4635
4686
6714
4636
4687
6715
4637
4688
6716
4638
4689
6717
4639
4690
6718
4640
4691
6719
4641
4692
6720
4642
4693
6721
4643
4694
6722
4644
4695
6723
4645
4696
6724
4646
4697
6725
4647
4698
6726
4648
4699
6727
4649
4700
6728
4650
4701
6729
4651
4702
6730
4652
4703
6731
4653
4704
6732
4654
4705
6733
4655
4706
6734
4656
4707
6735
4657
4708
6736
4658
4709
6737
4659
4710
6738
4660
4711
6739
4661
4712
6740
4662
4713
6741
4663
4714
6742
4664
4715
6743
4665
4716
6744
4666
4717
6745
4667
4718
6746
4668
4719
6747
4669
4720
6748
4670
4721
6749
4671
4722
6750
4672
4723
6751
4673
4724
6752
4674
4725
6753
4675
4726
6754
4676
4727
6755
4677
4728
6756
4678
4729
6757
4679
4730
6758
4731
6759
4681
4732
6760
4682
4733
6761
4683
4734
6762
4684
4735
6763
4685
4736
6764
4686
4737
6765
4687
4738
6766
4688
4739
6767
4689
4740
6768
4690
4741
6769
4691
4742
6770
4692
4743
6771
4693
4744
6772
4694
4745
6773
4695
4746
6774
4696
4747
6775
4697
4748
6776
4698
4749
6777
4699
4750
6778
4700
4751
6779
4701
4752
6780
4702
4753
6781
4703
4754
6782
4704
4755
6783
4705
4756
6784
4706
4757
6785
4707
4758
6786
4708
4759
6787
4709
4760
6788
4710
4761
6789
4711
4762
6790
4712
4763
6791
4713
4764
6792
4714
4765
6793
4715
4766
6794
4716
4767
6795
4717
4768
6796
4718
4769
6797
4719
4770
6798
4720
4771
6799
4721
4772
6800
4722
4773
6801
4723
4774
6802
4724
4775
6803
4725
4776
6804
4726
4777
6805
4727
4778
6806
4728
4779
6807
4729
4780
6808
4730
4781
6809
4731
4782
6810
4783
6811
4733
4784
6812
4734
4785
6813
4735
4786
6814
4736
4787
6815
4737
4788
6816
4738
4789
6817
4739
4790
6818
4740
4791
6819
4741
4792
6820
4742
4793
6821
4743
4794
6822
4744
4795
6823
4745
4796
6824
4746
4797
6825
4747
4798
6826
4748
4799
6827
4749
4800
6828
4750
4801
6829
4751
4802
6830
4752
4803
6831
4753
4804
6832
4754
4805
6833
4755
4806
6834
4756
4807
6835
4757
4808
6836
4758
4809
6837
4759
4810
6838
4760
4811
6839
4761
4812
6840
4762
4813
6841
4763
4814
6842
4764
4815
6843
4765
4816
6844
4766
4817
6845
4767
4818
6846
4768
4819
6847
4769
4820
6848
4770
4821
6849
4771
4822
6850
4772
4823
6851
4773
4824
6852
4774
4825
6853
4775
4826
6854
4776
4827
6855
4777
4828
6856
4778
4829
6857
4779
4830
6858
4780
4831
6859
4781
4832
6860
4782
4833
6861
4783
4834
6862
4835
6863
4785
4836
6864
4786
4837
6865
4787
4838
6866
4788
4839
6867
4789
4840
6868
4790
4841
6869
4791
4842
6870
4792
4843
6871
4793
4844
6872
4794
4845
6873
4795
4846
6874
4796
4847
6875
4797
4848
6876
4798
4849
6877
4799
4850
6878
4800
4851
6879
4801
4852
6880
4802
4853
6881
4803
4854
6882
4804
4855
6883
4805
4856
6884
4806
4857
6885
4807
4858
6886
4808
4859
6887
4809
4860
6888
4810
4861
6889
4811
4862
6890
4812
4863
6891
4813
4864
6892
4814
4865
6893
4815
4866
6894
4816
4867
6895
4817
4868
6896
4818
4869
6897
4819
4870
6898
4820
4871
6899
4821
4872
6900
4822
4873
6901
4823
4874
6902
4824
4875
6903
4825
4876
6904
4826
4877
6905
4827
4878
6906
4828
4879
6907
4829
4880
6908
4830
4881
6909
4831
4882
6910
4832
4883
6911
4833
4884
6912
4834
4885
6913
4835
4886
6914
4887
6915
4837
4888
6916
4838
4889
6917
4839
4890
6918
4840
4891
6919
4841
4892
6920
4842
4893
6921
4843
4894
6922
4844
4895
6923
4845
4896
6924
4846
4897
6925
4847
4898
6926
4848
4899
6927
4849
4900
6928
4850
4901
6929
4851
4902
6930
4852
4903
6931
4853
4904
6932
4854
4905
6933
4855
4906
6934
4856
4907
6935
4857
4908
6936
4858
4909
6937
4859
4910
6938
4860
4911
6939
4861
4912
6940
4862
4913
6941
4863
4914
6942
4864
4915
6943
4865
4916
6944
4866
4917
6945
4867
4918
6946
4868
4919
6947
4869
4920
6948
4870
4921
6949
4871
4922
6950
4872
4923
6951
4873
4924
6952
4874
4925
6953
4875
4926
6954
4876
4927
6955
4877
4928
6956
4878
4929
6957
4879
4930
6958
4880
4931
6959
4881
4932
6960
4882
4933
6961
4883
4934
6962
4884
4935
6963
4885
4936
6964
4886
4937
6965
4887
4938
6966
4939
6967
4889
4940
6968
4890
4941
6969
4891
4942
6970
4892
4943
6971
4893
4944
6972
4894
4945
6973
4895
4946
6974
4896
4947
6975
4897
4948
6976
4898
4949
6977
4899
4950
6978
4900
4951
6979
4901
4952
6980
4902
4953
6981
4903
4954
6982
4904
4955
6983
4905
4956
6984
4906
4957
6985
4907
4958
6986
4908
4959
6987
4909
4960
6988
4910
4961
6989
4911
4962
6990
4912
4963
6991
4913
4964
6992
4914
4965
6993
4915
4966
6994
4916
4967
6995
4917
4968
6996
4918
4969
6997
4919
4970
6998
4920
4971
6999
4921
4972
7000
4922
4973
7001
4923
4974
7002
4924
4975
7003
4925
4976
7004
4926
4977
7005
4927
4978
7006
4928
4979
7007
4929
4980
7008
4930
4981
7009
4931
4982
7010
4932
4983
7011
4933
4984
7012
4934
4985
7013
4935
4986
7014
4936
4987
7015
4937
4988
7016
4938
4989
7017
4939
4990
7018
4991
7019
4941
4992
7020
4942
4993
7021
4943
4994
7022
4944
4995
7023
4945
4996
7024
4946
4997
7025
4947
4998
7026
4948
4999
7027
4949
5000
7028
4950
5001
7029
4951
5002
7030
4952
5003
7031
4953
5004
7032
4954
5005
7033
4955
5006
7034
4956
5007
7035
4957
5008
7036
4958
5009
7037
4959
5010
7038
4960
5011
7039
4961
5012
7040
4962
5013
7041
4963
5014
7042
4964
5015
7043
4965
5016
7044
4966
5017
7045
4967
5018
7046
4968
5019
7047
4969
5020
7048
4970
5021
7049
4971
5022
7050
4972
5023
7051
4973
5024
7052
4974
5025
7053
4975
5026
7054
4976
5027
7055
4977
5028
7056
4978
5029
7057
4979
5030
7058
4980
5031
7059
4981
5032
7060
4982
5033
7061
4983
5034
7062
4984
5035
7063
4985
5036
7064
4986
5037
7065
4987
5038
7066
4988
5039
7067
4989
5040
7068
4990
5041
7069
4991
5042
7070
5043
7071
4993
5044
7072
4994
5045
7073
4995
5046
7074
4996
5047
7075
4997
5048
7076
4998
5049
7077
4999
5050
7078
5000
5051
7079
5001
5052
7080
5002
5053
7081
5003
5054
7082
5004
5055
7083
5005
5056
7084
5006
5057
7085
5007
5058
7086
5008
5059
7087
5009
5060
7088
5010
5061
7089
5011
5062
7090
5012
5063
7091
5013
5064
7092
5014
5065
7093
5015
5066
7094
5016
5067
7095
5017
5068
7096
5018
5069
7097
5019
5070
7098
5020
5071
7099
5021
5072
7100
5022
5073
7101
5023
5074
7102
5024
5075
7103
5025
5076
7104
5026
5077
7105
5027
5078
7106
5028
5079
7107
5029
5080
7108
5030
5081
7109
5031
5082
7110
5032
5083
7111
5033
5084
7112
5034
5085
7113
5035
5086
7114
5036
5087
7115
5037
5088
7116
5038
5089
7117
5039
5090
7118
5040
5091
7119
5041
5092
7120
5042
5093
7121
5043
5094
7122
5095
7123
5045
5096
7124
5046
5097
7125
5047
5098
7126
5048
5099
7127
5049
5100
7128
5050
5101
7129
5051
5102
7130
5052
5103
7131
5053
5104
7132
5054
5105
7133
5055
5106
7134
5056
5107
7135
5057
5108
7136
5058
5109
7137
5059
5110
7138
5060
5111
7139
5061
5112
7140
5062
5113
7141
5063
5114
7142
5064
5115
7143
5065
5116
7144
5066
5117
7145
5067
5118
7146
5068
5119
7147
5069
5120
7148
5070
5121
7149
5071
5122
7150
5072
5123
7151
5073
5124
7152
5074
5125
7153
5075
5126
7154
5076
5127
7155
5077
5128
7156
5078
5129
7157
5079
5130
7158
5080
5131
7159
5081
5132
7160
5082
5133
7161
5083
5134
7162
5084
5135
7163
5085
5136
7164
5086
5137
7165
5087
5138
7166
5088
5139
7167
5089
5140
7168
5090
5141
7169
5091
5142
7170
5092
5143
7171
5093
5144
7172
5094
5145
7173
5095
5146
7174
5147
7175
5097
5148
7176
5098
5149
7177
5099
5150
7178
5100
5151
7179
5101
5152
7180
5102
5153
7181
5103
5154
7182
5104
5155
7183
5105
5156
7184
5106
5157
7185
5107
5158
7186
5108
5159
7187
5109
5160
7188
5110
5161
7189
5111
5162
7190
5112
5163
7191
5113
5164
7192
5114
5165
7193
5115
5166
7194
5116
5167
7195
5117
5168
7196
5118
5169
7197
5119
5170
7198
5120
5171
7199
5121
5172
7200
5122
5173
7201
5123
5174
7202
5124
5175
7203
5125
5176
7204
5126
5177
7205
5127
5178
7206
5128
5179
7207
5129
5180
7208
5130
5181
7209
5131
5182
7210
5132
5183
7211
5133
5184
7212
5134
5185
7213
5135
5186
7214
5136
5187
7215
5137
5188
7216
5138
5189
7217
5139
5190
7218
5140
5191
7219
5141
5192
7220
5142
5193
7221
5143
5194
7222
5144
5195
7223
5145
5196
7224
5146
5197
7225
5147
5198
7226
5199
7227
5149
5200
7228
5150
5201
7229
5151
5202
7230
5152
5203
7231
5153
5204
7232
5154
5205
7233
5155
5206
7234
5156
5207
7235
5157
5208
7236
5158
5209
7237
5159
5210
7238
5160
5211
7239
5161
5212
7240
5162
5213
7241
5163
5214
7242
5164
5215
7243
5165
5216
7244
5166
5217
7245
5167
5218
7246
5168
5219
7247
5169
5220
7248
5170
5221
7249
5171
5222
7250
5172
5223
7251
5173
5224
7252
5174
5225
7253
5175
5226
7254
5176
5227
7255
5177
5228
7256
5178
5229
7257
5179
5230
7258
5180
5231
7259
5181
5232
7260
5182
5233
7261
5183
5234
7262
5184
5235
7263
5185
5236
7264
5186
5237
7265
5187
5238
7266
5188
5239
7267
5189
5240
7268
5190
5241
7269
5191
5242
7270
5192
5243
7271
5193
5244
7272
5194
5245
7273
5195
5246
7274
5196
5247
7275
5197
5248
7276
5198
5249
7277
5199
5250
7278
5251
7279
5201
5252
7280
5202
5253
7281
5203
5254
7282
5204
5255
7283
5205
5256
7284
5206
5257
7285
5207
5258
7286
5208
5259
7287
5209
5260
7288
5210
5261
7289
5211
5262
7290
5212
5263
7291
5213
5264
7292
5214
5265
7293
5215
5266
7294
5216
5267
7295
5217
5268
7296
5218
5269
7297
5219
5270
7298
5220
5271
7299
5221
5272
7300
5222
5273
7301
5223
5274
7302
5224
5275
7303
5225
5276
7304
5226
5277
7305
5227
5278
7306
5228
5279
7307
5229
5280
7308
5230
5281
7309
5231
5282
7310
5232
5283
7311
5233
5284
7312
5234
5285
7313
5235
5286
7314
5236
5287
7315
5237
5288
7316
5238
5289
7317
5239
5290
7318
5240
5291
7319
5241
5292
7320
5242
5293
7321
5243
5294
7322
5244
5295
7323
5245
5296
7324
5246
5297
7325
5247
5298
7326
5248
5299
7327
5249
5300
7328
5250
5301
7329
5251
5302
7330
5303
7331
5253
5304
7332
5254
5305
7333
5255
5306
7334
5256
5307
7335
5257
5308
7336
5258
5309
7337
5259
5310
7338
5260
5311
7339
5261
5312
7340
5262
5313
7341
5263
5314
7342
5264
5315
7343
5265
5316
7344
5266
5317
7345
5267
5318
7346
5268
5319
7347
5269
5320
7348
5270
5321
7349
5271
5322
7350
5272
5323
7351
5273
5324
7352
5274
5325
7353
5275
5326
7354
5276
5327
7355
5277
5328
7356
5278
5329
7357
5279
5330
7358
5280
5331
7359
5281
5332
7360
5282
5333
7361
5283
5334
7362
5284
5335
7363
5285
5336
7364
5286
5337
7365
5287
5338
7366
5288
5339
7367
5289
5340
7368
5290
5341
7369
5291
5342
7370
5292
5343
7371
5293
5344
7372
5294
5345
7373
5295
5346
7374
5296
5347
7375
5297
5348
7376
5298
5349
7377
5299
5350
7378
5300
5351
7379
5301
5352
7380
5302
5353
7381
5303
5354
7382
5355
7383
5305
5356
7384
5306
5357
7385
5307
5358
7386
5308
5359
7387
5309
5360
7388
5310
5361
7389
5311
5362
7390
5312
5363
7391
5313
5364
7392
5314
5365
7393
5315
5366
7394
5316
5367
7395
5317
5368
7396
5318
5369
7397
5319
5370
7398
5320
5371
7399
5321
5372
7400
5322
5373
7401
5323
5374
7402
5324
5375
7403
5325
5376
7404
5326
5377
7405
5327
5378
7406
5328
5379
7407
5329
5380
7408
5330
5381
7409
5331
5382
7410
5332
5383
7411
5333
5384
7412
5334
5385
7413
5335
5386
7414
5336
5387
7415
5337
5388
7416
5338
5389
7417
5339
5390
7418
5340
5391
7419
5341
5392
7420
5342
5393
7421
5343
5394
7422
5344
5395
7423
5345
5396
7424
5346
5397
7425
5347
5398
7426
5348
5399
7427
5349
5400
7428
5350
5401
7429
5351
5402
7430
5352
5403
7431
5353
5404
7432
5354
5405
7433
5355
5406
7434
5407
7435
5357
5408
7436
5358
5409
7437
5359
5410
7438
5360
5411
7439
5361
5412
7440
5362
5413
7441
5363
5414
7442
5364
5415
7443
5365
5416
7444
5366
5417
7445
5367
5418
7446
5368
5419
7447
5369
5420
7448
5370
5421
7449
5371
5422
7450
5372
5423
7451
5373
5424
7452
5374
5425
7453
5375
5426
7454
5376
5427
7455
5377
5428
7456
5378
5429
7457
5379
5430
7458
5380
5431
7459
5381
5432
7460
5382
5433
7461
5383
5434
7462
5384
5435
7463
5385
5436
7464
5386
5437
7465
5387
5438
7466
5388
5439
7467
5389
5440
7468
5390
5441
7469
5391
5442
7470
5392
5443
7471
5393
5444
7472
5394
5445
7473
5395
5446
7474
5396
5447
7475
5397
5448
7476
5398
5449
7477
5399
5450
7478
5400
5451
7479
5401
5452
7480
5402
5453
7481
5403
5454
7482
5404
5455
7483
5405
5456
7484
5406
5457
7485
5407
5458
7486
5459
7487
5409
5460
7488
5410
5461
7489
5411
5462
7490
5412
5463
7491
5413
5464
7492
5414
5465
7493
5415
5466
7494
5416
5467
7495
5417
5468
7496
5418
5469
7497
5419
5470
7498
5420
5471
7499
5421
5472
7500
5422
5473
7501
5423
5474
7502
5424
5475
7503
5425
5476
7504
5426
5477
7505
5427
5478
7506
5428
5479
7507
5429
5480
7508
5430
5481
7509
5431
5482
7510
5432
5483
7511
5433
5484
7512
5434
5485
7513
5435
5486
7514
5436
5487
7515
5437
5488
7516
5438
5489
7517
5439
5490
7518
5440
5491
7519
5441
5492
7520
5442
5493
7521
5443
5494
7522
5444
5495
7523
5445
5496
7524
5446
5497
7525
5447
5498
7526
5448
5499
7527
5449
5500
7528
5450
5501
7529
5451
5502
7530
5452
5503
7531
5453
5504
7532
5454
5505
7533
5455
5506
7534
5456
5507
7535
5457
5508
7536
5458
5509
7537
5459
5510
7538
5511
7539
5461
5512
7540
5462
5513
7541
5463
5514
7542
5464
5515
7543
5465
5516
7544
5466
5517
7545
5467
5518
7546
5468
5519
7547
5469
5520
7548
5470
5521
7549
5471
5522
7550
5472
5523
7551
5473
5524
7552
5474
5525
7553
5475
5526
7554
5476
5527
7555
5477
5528
7556
5478
5529
7557
5479
5530
7558
5480
5531
7559
5481
5532
7560
5482
5533
7561
5483
5534
7562
5484
5535
7563
5485
5536
7564
5486
5537
7565
5487
5538
7566
5488
5539
7567
5489
5540
7568
5490
5541
7569
5491
5542
7570
5492
5543
7571
5493
5544
7572
5494
5545
7573
5495
5546
7574
5496
5547
7575
5497
5548
7576
5498
5549
7577
5499
5550
7578
5500
5551
7579
5501
5552
7580
5502
5553
7581
5503
5554
7582
5504
5555
7583
5505
5556
7584
5506
5557
7585
5507
5558
7586
5508
5559
7587
5509
5560
7588
5510
5561
7589
5511
5562
7590
5563
7591
5513
5564
7592
5514
5565
7593
5515
5566
7594
5516
5567
7595
5517
5568
7596
5518
5569
7597
5519
5570
7598
5520
5571
7599
5521
5572
7600
5522
5573
7601
5523
5574
7602
5524
5575
7603
5525
5576
7604
5526
5577
7605
5527
5578
7606
5528
5579
7607
5529
5580
7608
5530
5581
7609
5531
5582
7610
5532
5583
7611
5533
5584
7612
5534
5585
7613
5535
5586
7614
5536
5587
7615
5537
5588
7616
5538
5589
7617
5539
5590
7618
5540
5591
7619
5541
5592
7620
5542
5593
7621
5543
5594
7622
5544
5595
7623
5545
5596
7624
5546
5597
7625
5547
5598
7626
5548
5599
7627
5549
5600
7628
5550
5601
7629
5551
5602
7630
5552
5603
7631
5553
5604
7632
5554
5605
7633
5555
5606
7634
5556
5607
7635
5557
5608
7636
5558
5609
7637
5559
5610
7638
5560
5611
7639
5561
5612
7640
5562
5613
7641
5563
5614
7642
5615
7643
5565
5616
7644
5566
5617
7645
5567
5618
7646
5568
5619
7647
5569
5620
7648
5570
5621
7649
5571
5622
7650
5572
5623
7651
5573
5624
7652
5574
5625
7653
5575
5626
7654
5576
5627
7655
5577
5628
7656
5578
5629
7657
5579
5630
7658
5580
5631
7659
5581
5632
7660
5582
5633
7661
5583
5634
7662
5584
5635
7663
5585
5636
7664
5586
5637
7665
5587
5638
7666
5588
5639
7667
5589
5640
7668
5590
5641
7669
5591
5642
7670
5592
5643
7671
5593
5644
7672
5594
5645
7673
5595
5646
7674
5596
5647
7675
5597
5648
7676
5598
5649
7677
5599
5650
7678
5600
5651
7679
5601
5652
7680
5602
5653
7681
5603
5654
7682
5604
5655
7683
5605
5656
7684
5606
5657
7685
5607
5658
7686
5608
5659
7687
5609
5660
7688
5610
5661
7689
5611
5662
7690
5612
5663
7691
5613
5664
7692
5614
5665
7693
5615
5666
7694
5667
7695
5617
5668
7696
5618
5669
7697
5619
5670
7698
5620
5671
7699
5621
5672
7700
5622
5673
7701
5623
5674
7702
5624
5675
7703
5625
5676
7704
5626
5677
7705
5627
5678
7706
5628
5679
7707
5629
5680
7708
5630
5681
7709
5631
5682
7710
5632
5683
7711
5633
5684
7712
5634
5685
7713
5635
5686
7714
5636
5687
7715
5637
5688
7716
5638
5689
7717
5639
5690
7718
5640
5691
7719
5641
5692
7720
5642
5693
7721
5643
5694
7722
5644
5695
7723
5645
5696
7724
5646
5697
7725
5647
5698
7726
5648
5699
7727
5649
5700
7728
5650
5701
7729
5651
5702
7730
5652
5703
7731
5653
5704
7732
5654
5705
7733
5655
5706
7734
5656
5707
7735
5657
5708
7736
5658
5709
7737
5659
5710
7738
5660
5711
7739
5661
5712
7740
5662
5713
7741
5663
5714
7742
5664
5715
7743
5665
5716
7744
5666
5717
7745
5667
5718
7746
5719
7747
5669
5720
7748
5670
5721
7749
5671
5722
7750
5672
5723
7751
5673
5724
7752
5674
5725
7753
5675
5726
7754
5676
5727
7755
5677
5728
7756
5678
5729
7757
5679
5730
7758
5680
5731
7759
5681
5732
7760
5682
5733
7761
5683
5734
7762
5684
5735
7763
5685
5736
7764
5686
5737
7765
5687
5738
7766
5688
5739
7767
5689
5740
7768
5690
5741
7769
5691
5742
7770
5692
5743
7771
5693
5744
7772
5694
5745
7773
5695
5746
7774
5696
5747
7775
5697
5748
7776
5698
5749
7777
5699
5750
7778
5700
5751
7779
5701
5752
7780
5702
5753
7781
5703
5754
7782
5704
5755
7783
5705
5756
7784
5706
5757
7785
5707
5758
7786
5708
5759
7787
5709
5760
7788
5710
5761
7789
5711
5762
7790
5712
5763
7791
5713
5764
7792
5714
5765
7793
5715
5766
7794
5716
5767
7795
5717
5768
7796
5718
5769
7797
5719
5770
7798
5771
7799
5721
5772
7800
5722
5773
7801
5723
5774
7802
5724
5775
7803
5725
5776
7804
5726
5777
7805
5727
5778
7806
5728
5779
7807
5729
5780
7808
5730
5781
7809
5731
5782
7810
5732
5783
7811
5733
5784
7812
5734
5785
7813
5735
5786
7814
5736
5787
7815
5737
5788
7816
5738
5789
7817
5739
5790
7818
5740
5791
7819
5741
5792
7820
5742
5793
7821
5743
5794
7822
5744
5795
7823
5745
5796
7824
5746
5797
7825
5747
5798
7826
5748
5799
7827
5749
5800
7828
5750
5801
7829
5751
5802
7830
5752
5803
7831
5753
5804
7832
5754
5805
7833
5755
5806
7834
5756
5807
7835
5757
5808
7836
5758
5809
7837
5759
5810
7838
5760
5811
7839
5761
5812
7840
5762
5813
7841
5763
5814
7842
5764
5815
7843
5765
5816
7844
5766
5817
7845
5767
5818
7846
5768
5819
7847
5769
5820
7848
5770
5821
7849
5771
5822
7850
5823
7851
5773
5824
7852
5774
5825
7853
5775
5826
7854
5776
5827
7855
5777
5828
7856
5778
5829
7857
5779
5830
7858
5780
5831
7859
5781
5832
7860
5782
5833
7861
5783
5834
7862
5784
5835
7863
5785
5836
7864
5786
5837
7865
5787
5838
7866
5788
5839
7867
5789
5840
7868
5790
5841
7869
5791
5842
7870
5792
5843
7871
5793
5844
7872
5794
5845
7873
5795
5846
7874
5796
5847
7875
5797
5848
7876
5798
5849
7877
5799
5850
7878
5800
5851
7879
5801
5852
7880
5802
5853
7881
5803
5854
7882
5804
5855
7883
5805
5856
7884
5806
5857
7885
5807
5858
7886
5808
5859
7887
5809
5860
7888
5810
5861
7889
5811
5862
7890
5812
5863
7891
5813
5864
7892
5814
5865
7893
5815
5866
7894
5816
5867
7895
5817
5868
7896
5818
5869
7897
5819
5870
7898
5820
5871
7899
5821
5872
7900
5822
5873
7901
5823
5874
7902
5875
7903
5825
5876
7904
5826
5877
7905
5827
5878
7906
5828
5879
7907
5829
5880
7908
5830
5881
7909
5831
5882
7910
5832
5883
7911
5833
5884
7912
5834
5885
7913
5835
5886
7914
5836
5887
7915
5837
5888
7916
5838
5889
7917
5839
5890
7918
5840
5891
7919
5841
5892
7920
5842
5893
7921
5843
5894
7922
5844
5895
7923
5845
5896
7924
5846
5897
7925
5847
5898
7926
5848
5899
7927
5849
5900
7928
5850
5901
7929
5851
5902
7930
5852
5903
7931
5853
5904
7932
5854
5905
7933
5855
5906
7934
5856
5907
7935
5857
5908
7936
5858
5909
7937
5859
5910
7938
5860
5911
7939
5861
5912
7940
5862
5913
7941
5863
5914
7942
5864
5915
7943
5865
5916
7944
5866
5917
7945
5867
5918
7946
5868
5919
7947
5869
5920
7948
5870
5921
7949
5871
5922
7950
5872
5923
7951
5873
5924
7952
5874
5925
7953
5875
5926
7954
5927
7955
5877
5928
7956
5878
5929
7957
5879
5930
7958
5880
5931
7959
5881
5932
7960
5882
5933
7961
5883
5934
7962
5884
5935
7963
5885
5936
7964
5886
5937
7965
5887
5938
7966
5888
5939
7967
5889
5940
7968
5890
5941
7969
5891
5942
7970
5892
5943
7971
5893
5944
7972
5894
5945
7973
5895
5946
7974
5896
5947
7975
5897
5948
7976
5898
5949
7977
5899
5950
7978
5900
5951
7979
5901
5952
7980
5902
5953
7981
5903
5954
7982
5904
5955
7983
5905
5956
7984
5906
5957
7985
5907
5958
7986
5908
5959
7987
5909
5960
7988
5910
5961
7989
5911
5962
7990
5912
5963
7991
5913
5964
7992
5914
5965
7993
5915
5966
7994
5916
5967
7995
5917
5968
7996
5918
5969
7997
5919
5970
7998
5920
5971
7999
5921
5972
8000
5922
5973
8001
5923
5974
8002
5924
5975
8003
5925
5976
8004
5926
5977
8005
5927
5978
8006
5979
8007
5929
5980
8008
5930
5981
8009
5931
5982
8010
5932
5983
8011
5933
5984
8012
5934
5985
8013
5935
5986
8014
5936
5987
8015
5937
5988
8016
5938
5989
8017
5939
5990
8018
5940
5991
8019
5941
5992
8020
5942
5993
8021
5943
5994
8022
5944
5995
8023
5945
5996
8024
5946
5997
8025
5947
5998
8026
5948
5999
8027
5949
6000
8028
5950
6001
8029
5951
6002
8030
5952
6003
8031
5953
6004
8032
5954
6005
8033
5955
6006
8034
5956
6007
8035
5957
6008
8036
5958
6009
8037
5959
6010
8038
5960
6011
8039
5961
6012
8040
5962
6013
8041
5963
6014
8042
5964
6015
8043
5965
6016
8044
5966
6017
8045
5967
6018
8046
5968
6019
8047
5969
6020
8048
5970
6021
8049
5971
6022
8050
5972
6023
8051
5973
6024
8052
5974
6025
8053
5975
6026
8054
5976
6027
8055
5977
6028
8056
5978
6029
8057
5979
6030
8058
6031
8059
5981
6032
8060
5982
6033
8061
5983
6034
8062
5984
6035
8063
5985
6036
8064
5986
6037
8065
5987
6038
8066
5988
6039
8067
5989
6040
8068
5990
6041
8069
5991
6042
8070
5992
6043
8071
5993
6044
8072
5994
6045
8073
5995
6046
8074
5996
6047
8075
5997
6048
8076
5998
6049
8077
5999
6050
8078
6000
6051
8079
6001
6052
8080
6002
6053
8081
6003
6054
8082
6004
6055
8083
6005
6056
8084
6006
6057
8085
6007
6058
8086
6008
6059
8087
6009
6060
8088
6010
6061
8089
6011
6062
8090
6012
6063
8091
6013
6064
8092
6014
6065
8093
6015
6066
8094
6016
6067
8095
6017
6068
8096
6018
6069
8097
6019
6070
8098
6020
6071
8099
6021
6072
8100
6022
6073
8101
6023
6074
8102
6024
6075
8103
6025
6076
8104
6026
6077
8105
6027
6078
8106
6028
6079
8107
6029
6080
8108
6030
6081
8109
6031
6082
8110
6083
8111
6033
6084
8112
6034
6085
8113
6035
6086
8114
6036
6087
8115
6037
6088
8116
6038
6089
8117
6039
6090
8118
6040
6091
8119
6041
6092
8120
6042
6093
8121
6043
6094
8122
6044
6095
8123
6045
6096
8124
6046
6097
8125
6047
6098
8126
6048
6099
8127
6049
6100
8128
6050
6101
8129
6051
6102
8130
6052
6103
8131
6053
6104
8132
6054
6105
8133
6055
6106
8134
6056
6107
8135
6057
6108
8136
6058
6109
8137
6059
6110
8138
6060
6111
8139
6061
6112
8140
6062
6113
8141
6063
6114
8142
6064
6115
8143
6065
6116
8144
6066
6117
8145
6067
6118
8146
6068
6119
8147
6069
6120
8148
6070
6121
8149
6071
6122
8150
6072
6123
8151
6073
6124
8152
6074
6125
8153
6075
6126
8154
6076
6127
8155
6077
6128
8156
6078
6129
8157
6079
6130
8158
6080
6131
8159
6081
6132
8160
6082
6133
8161
6083
6134
8162
6135
8163
6085
6136
8164
6086
6137
8165
6087
6138
8166
6088
6139
8167
6089
6140
8168
6090
6141
8169
6091
6142
8170
6092
6143
8171
6093
6144
8172
6094
6145
8173
6095
6146
8174
6096
6147
8175
6097
6148
8176
6098
6149
8177
6099
6150
8178
6100
6151
8179
6101
6152
8180
6102
6153
8181
6103
6154
8182
6104
6155
8183
6105
6156
8184
6106
6157
8185
6107
6158
8186
6108
6159
8187
6109
6160
8188
6110
6161
8189
6111
6162
8190
6112
6163
8191
6113
6164
8192
6114
6165
8193
6115
6166
8194
6116
6167
8195
6117
6168
8196
6118
6169
8197
6119
6170
8198
6120
6171
8199
6121
6172
8200
6122
6173
8201
6123
6174
8202
6124
6175
8203
6125
6176
8204
6126
6177
8205
6127
6178
8206
6128
6179
8207
6129
6180
8208
6130
6181
8209
6131
6182
8210
6132
6183
8211
6133
6184
8212
6134
6185
8213
6135
6186
8214
6187
8215
6137
6188
8216
6138
6189
8217
6139
6190
8218
6140
6191
8219
6141
6192
8220
6142
6193
8221
6143
6194
8222
6144
6195
8223
6145
6196
8224
6146
6197
8225
6147
6198
8226
6148
6199
8227
6149
6200
8228
6150
6201
8229
6151
6202
8230
6152
6203
8231
6153
6204
8232
6154
6205
8233
6155
6206
8234
6156
6207
8235
6157
6208
8236
6158
6209
8237
6159
6210
8238
6160
6211
8239
6161
6212
8240
6162
6213
8241
6163
6214
8242
6164
6215
8243
6165
6216
8244
6166
6217
8245
6167
6218
8246
6168
6219
8247
6169
6220
8248
6170
6221
8249
6171
6222
8250
6172
6223
8251
6173
6224
8252
6174
6225
8253
6175
6226
8254
6176
6227
8255
6177
6228
8256
6178
6229
8257
6179
6230
8258
6180
6231
8259
6181
6232
8260
6182
6233
8261
6183
6234
8262
6184
6235
8263
6185
6236
8264
6186
6237
8265
6187
6238
8266
6239
8267
6189
8268
6190
8269
6191
8270
6192
8271
6193
8272
6194
8273
6195
8274
6196
8275
6197
8276
6198
8277
6199
8278
6200
8279
6201
8280
6202
8281
6203
8282
6204
8283
6205
8284
6206
8285
6207
8286
6208
8287
6209
8288
6210
8289
6211
8290
6212
8291
6213
8292
6214
8293
6215
8294
6216
8295
6217
8296
6218
8297
6219
8298
6220
8299
6221
8300
6222
8301
6223
8302
6224
8303
6225
8304
6226
8305
6227
8306
6228
8307
6229
8308
6230
8309
6231
8310
6232
8311
6233
8312
6234
8313
6235
8314
6236
8315
6237
8316
6238
8317
6239
8318
8319
6241
6292
8320
6242
6293
8321
6243
6294
8322
6244
6295
8323
6245
6296
8324
6246
6297
8325
6247
6298
8326
6248
6299
8327
6249
6300
8328
6250
6301
8329
6251
6302
8330
6252
6303
8331
6253
6304
8332
6254
6305
8333
6255
6306
8334
6256
6307
8335
6257
6308
8336
6258
6309
8337
6259
6310
8338
6260
6311
8339
6261
6312
8340
6262
6313
8341
6263
6314
8342
6264
6315
8343
6265
6316
8344
6266
6317
8345
6267
6318
8346
6268
6319
8347
6269
6320
8348
6270
6321
8349
6271
6322
8350
6272
6323
8351
6273
6324
8352
6274
6325
8353
6275
6326
8354
6276
6327
8355
6277
6328
8356
6278
6329
8357
6279
6330
8358
6280
6331
8359
6281
6332
8360
6282
6333
8361
6283
6334
8362
6284
6335
8363
6285
6336
8364
6286
6337
8365
6287
6338
8366
6288
6339
8367
6289
6340
8368
6290
6341
8369
6291
6342
8370
6343
8371
6293
6344
8372
6294
6345
8373
6295
6346
8374
6296
6347
8375
6297
6348
8376
6298
6349
8377
6299
6350
8378
6300
6351
8379
6301
6352
8380
6302
6353
8381
6303
6354
8382
6304
6355
8383
6305
6356
8384
6306
6357
8385
6307
6358
8386
6308
6359
8387
6309
6360
8388
6310
6361
8389
6311
6362
8390
6312
6363
8391
6313
6364
8392
6314
6365
8393
6315
6366
8394
6316
6367
8395
6317
6368
8396
6318
6369
8397
6319
6370
8398
6320
6371
8399
6321
6372
8400
6322
6373
8401
6323
6374
8402
6324
6375
8403
6325
6376
8404
6326
6377
8405
6327
6378
8406
6328
6379
8407
6329
6380
8408
6330
6381
8409
6331
6382
8410
6332
6383
8411
6333
6384
8412
6334
6385
8413
6335
6386
8414
6336
6387
8415
6337
6388
8416
6338
6389
8417
6339
6390
8418
6340
6391
8419
6341
6392
8420
6342
6393
8421
6343
6394
8422
6395
8423
6345
6396
8424
6346
6397
8425
6347
6398
8426
6348
6399
8427
6349
6400
8428
6350
6401
8429
6351
6402
8430
6352
6403
8431
6353
6404
8432
6354
6405
8433
6355
6406
8434
6356
6407
8435
6357
6408
8436
6358
6409
8437
6359
6410
8438
6360
6411
8439
6361
6412
8440
6362
6413
8441
6363
6414
8442
6364
6415
8443
6365
6416
8444
6366
6417
8445
6367
6418
8446
6368
6419
8447
6369
6420
8448
6370
6421
8449
6371
6422
8450
6372
6423
8451
6373
6424
8452
6374
6425
8453
6375
6426
8454
6376
6427
8455
6377
6428
8456
6378
6429
8457
6379
6430
8458
6380
6431
8459
6381
6432
8460
6382
6433
8461
6383
6434
8462
6384
6435
8463
6385
6436
8464
6386
6437
8465
6387
6438
8466
6388
6439
8467
6389
6440
8468
6390
6441
8469
6391
6442
8470
6392
6443
8471
6393
6444
8472
6394
6445
8473
6395
6446
8474
6447
8475
6397
6448
8476
6398
6449
8477
6399
6450
8478
6400
6451
8479
6401
6452
8480
6402
6453
8481
6403
6454
8482
6404
6455
8483
6405
6456
8484
6406
6457
8485
6407
6458
8486
6408
6459
8487
6409
6460
8488
6410
6461
8489
6411
6462
8490
6412
6463
8491
6413
6464
8492
6414
6465
8493
6415
6466
8494
6416
6467
8495
6417
6468
8496
6418
6469
8497
6419
6470
8498
6420
6471
8499
6421
6472
8500
6422
6473
8501
6423
6474
8502
6424
6475
8503
6425
6476
8504
6426
6477
8505
6427
6478
8506
6428
6479
8507
6429
6480
8508
6430
6481
8509
6431
6482
8510
6432
6483
8511
6433
6484
8512
6434
6485
8513
6435
6486
8514
6436
6487
8515
6437
6488
8516
6438
6489
8517
6439
6490
8518
6440
6491
8519
6441
6492
8520
6442
6493
8521
6443
6494
8522
6444
6495
8523
6445
6496
8524
6446
6497
8525
6447
6498
8526
6499
8527
6449
6500
8528
6450
6501
8529
6451
6502
8530
6452
6503
8531
6453
6504
8532
6454
6505
8533
6455
6506
8534
6456
6507
8535
6457
6508
8536
6458
6509
8537
6459
6510
8538
6460
6511
8539
6461
6512
8540
6462
6513
8541
6463
6514
8542
6464
6515
8543
6465
6516
8544
6466
6517
8545
6467
6518
8546
6468
6519
8547
6469
6520
8548
6470
6521
8549
6471
6522
8550
6472
6523
8551
6473
6524
8552
6474
6525
8553
6475
6526
8554
6476
6527
8555
6477
6528
8556
6478
6529
8557
6479
6530
8558
6480
6531
8559
6481
6532
8560
6482
6533
8561
6483
6534
8562
6484
6535
8563
6485
6536
8564
6486
6537
8565
6487
6538
8566
6488
6539
8567
6489
6540
8568
6490
6541
8569
6491
6542
8570
6492
6543
8571
6493
6544
8572
6494
6545
8573
6495
6546
8574
6496
6547
8575
6497
6548
8576
6498
6549
8577
6499
6550
8578
6551
8579
6501
6552
8580
6502
6553
8581
6503
6554
8582
6504
6555
8583
6505
6556
8584
6506
6557
8585
6507
6558
8586
6508
6559
8587
6509
6560
8588
6510
6561
8589
6511
6562
8590
6512
6563
8591
6513
6564
8592
6514
6565
8593
6515
6566
8594
6516
6567
8595
6517
6568
8596
6518
6569
8597
6519
6570
8598
6520
6571
8599
6521
6572
8600
6522
6573
8601
6523
6574
8602
6524
6575
8603
6525
6576
8604
6526
6577
8605
6527
6578
8606
6528
6579
8607
6529
6580
8608
6530
6581
8609
6531
6582
8610
6532
6583
8611
6533
6584
8612
6534
6585
8613
6535
6586
8614
6536
6587
8615
6537
6588
8616
6538
6589
8617
6539
6590
8618
6540
6591
8619
6541
6592
8620
6542
6593
8621
6543
6594
8622
6544
6595
8623
6545
6596
8624
6546
6597
8625
6547
6598
8626
6548
6599
8627
6549
6600
8628
6550
6601
8629
6551
6602
8630
6603
8631
6553
6604
8632
6554
6605
8633
6555
6606
8634
6556
6607
8635
6557
6608
8636
6558
6609
8637
6559
6610
8638
6560
6611
8639
6561
6612
8640
6562
6613
8641
6563
6614
8642
6564
6615
8643
6565
6616
8644
6566
6617
8645
6567
6618
8646
6568
6619
8647
6569
6620
8648
6570
6621
8649
6571
6622
8650
6572
6623
8651
6573
6624
8652
6574
6625
8653
6575
6626
8654
6576
6627
8655
6577
6628
8656
6578
6629
8657
6579
6630
8658
6580
6631
8659
6581
6632
8660
6582
6633
8661
6583
6634
8662
6584
6635
8663
6585
6636
8664
6586
6637
8665
6587
6638
8666
6588
6639
8667
6589
6640
8668
6590
6641
8669
6591
6642
8670
6592
6643
8671
6593
6644
8672
6594
6645
8673
6595
6646
8674
6596
6647
8675
6597
6648
8676
6598
6649
8677
6599
6650
8678
6600
6651
8679
6601
6652
8680
6602
6653
8681
6603
6654
8682
6655
8683
6605
6656
8684
6606
6657
8685
6607
6658
8686
6608
6659
8687
6609
6660
8688
6610
6661
8689
6611
6662
8690
6612
6663
8691
6613
6664
8692
6614
6665
8693
6615
6666
8694
6616
6667
8695
6617
6668
8696
6618
6669
8697
6619
6670
8698
6620
6671
8699
6621
6672
8700
6622
6673
8701
6623
6674
8702
6624
6675
8703
6625
6676
8704
6626
6677
8705
6627
6678
8706
6628
6679
8707
6629
6680
8708
6630
6681
8709
6631
6682
8710
6632
6683
8711
6633
6684
8712
6634
6685
8713
6635
6686
8714
6636
6687
8715
6637
6688
8716
6638
6689
8717
6639
6690
8718
6640
6691
8719
6641
6692
8720
6642
6693
8721
6643
6694
8722
6644
6695
8723
6645
6696
8724
6646
6697
8725
6647
6698
8726
6648
6699
8727
6649
6700
8728
6650
6701
8729
6651
6702
8730
6652
6703
8731
6653
6704
8732
6654
6705
8733
6655
6706
8734
6707
8735
6657
6708
8736
6658
6709
8737
6659
6710
8738
6660
6711
8739
6661
6712
8740
6662
6713
8741
6663
6714
8742
6664
6715
8743
6665
6716
8744
6666
6717
8745
6667
6718
8746
6668
6719
8747
6669
6720
8748
6670
6721
8749
6671
6722
8750
6672
6723
8751
6673
6724
8752
6674
6725
8753
6675
6726
8754
6676
6727
8755
6677
6728
8756
6678
6729
8757
6679
6730
8758
6680
6731
8759
6681
6732
8760
6682
6733
8761
6683
6734
8762
6684
6735
8763
6685
6736
8764
6686
6737
8765
6687
6738
8766
6688
6739
8767
6689
6740
8768
6690
6741
8769
6691
6742
8770
6692
6743
8771
6693
6744
8772
6694
6745
8773
6695
6746
8774
6696
6747
8775
6697
6748
8776
6698
6749
8777
6699
6750
8778
6700
6751
8779
6701
6752
8780
6702
6753
8781
6703
6754
8782
6704
6755
8783
6705
6756
8784
6706
6757
8785
6707
6758
8786
6759
8787
6709
6760
8788
6710
6761
8789
6711
6762
8790
6712
6763
8791
6713
6764
8792
6714
6765
8793
6715
6766
8794
6716
6767
8795
6717
6768
8796
6718
6769
8797
6719
6770
8798
6720
6771
8799
6721
6772
8800
6722
6773
8801
6723
6774
8802
6724
6775
8803
6725
6776
8804
6726
6777
8805
6727
6778
8806
6728
6779
8807
6729
6780
8808
6730
6781
8809
6731
6782
8810
6732
6783
8811
6733
6784
8812
6734
6785
8813
6735
6786
8814
6736
6787
8815
6737
6788
8816
6738
6789
8817
6739
6790
8818
6740
6791
8819
6741
6792
8820
6742
6793
8821
6743
6794
8822
6744
6795
8823
6745
6796
8824
6746
6797
8825
6747
6798
8826
6748
6799
8827
6749
6800
8828
6750
6801
8829
6751
6802
8830
6752
6803
8831
6753
6804
8832
6754
6805
8833
6755
6806
8834
6756
6807
8835
6757
6808
8836
6758
6809
8837
6759
6810
8838
6811
8839
6761
6812
8840
6762
6813
8841
6763
6814
8842
6764
6815
8843
6765
6816
8844
6766
6817
8845
6767
6818
8846
6768
6819
8847
6769
6820
8848
6770
6821
8849
6771
6822
8850
6772
6823
8851
6773
6824
8852
6774
6825
8853
6775
6826
8854
6776
6827
8855
6777
6828
8856
6778
6829
8857
6779
6830
8858
6780
6831
8859
6781
6832
8860
6782
6833
8861
6783
6834
8862
6784
6835
8863
6785
6836
8864
6786
6837
8865
6787
6838
8866
6788
6839
8867
6789
6840
8868
6790
6841
8869
6791
6842
8870
6792
6843
8871
6793
6844
8872
6794
6845
8873
6795
6846
8874
6796
6847
8875
6797
6848
8876
6798
6849
8877
6799
6850
8878
6800
6851
8879
6801
6852
8880
6802
6853
8881
6803
6854
8882
6804
6855
8883
6805
6856
8884
6806
6857
8885
6807
6858
8886
6808
6859
8887
6809
6860
8888
6810
6861
8889
6811
6862
8890
6863
8891
6813
6864
8892
6814
6865
8893
6815
6866
8894
6816
6867
8895
6817
6868
8896
6818
6869
8897
6819
6870
8898
6820
6871
8899
6821
6872
8900
6822
6873
8901
6823
6874
8902
6824
6875
8903
6825
6876
8904
6826
6877
8905
6827
6878
8906
6828
6879
8907
6829
6880
8908
6830
6881
8909
6831
6882
8910
6832
6883
8911
6833
6884
8912
6834
6885
8913
6835
6886
8914
6836
6887
8915
6837
6888
8916
6838
6889
8917
6839
6890
8918
6840
6891
8919
6841
6892
8920
6842
6893
8921
6843
6894
8922
6844
6895
8923
6845
6896
8924
6846
6897
8925
6847
6898
8926
6848
6899
8927
6849
6900
8928
6850
6901
8929
6851
6902
8930
6852
6903
8931
6853
6904
8932
6854
6905
8933
6855
6906
8934
6856
6907
8935
6857
6908
8936
6858
6909
8937
6859
6910
8938
6860
6911
8939
6861
6912
8940
6862
6913
8941
6863
6914
8942
6915
8943
6865
6916
8944
6866
6917
8945
6867
6918
8946
6868
6919
8947
6869
6920
8948
6870
6921
8949
6871
6922
8950
6872
6923
8951
6873
6924
8952
6874
6925
8953
6875
6926
8954
6876
6927
8955
6877
6928
8956
6878
6929
8957
6879
6930
8958
6880
6931
8959
6881
6932
8960
6882
6933
8961
6883
6934
8962
6884
6935
8963
6885
6936
8964
6886
6937
8965
6887
6938
8966
6888
6939
8967
6889
6940
8968
6890
6941
8969
6891
6942
8970
6892
6943
8971
6893
6944
8972
6894
6945
8973
6895
6946
8974
6896
6947
8975
6897
6948
8976
6898
6949
8977
6899
6950
8978
6900
6951
8979
6901
6952
8980
6902
6953
8981
6903
6954
8982
6904
6955
8983
6905
6956
8984
6906
6957
8985
6907
6958
8986
6908
6959
8987
6909
6960
8988
6910
6961
8989
6911
6962
8990
6912
6963
8991
6913
6964
8992
6914
6965
8993
6915
6966
8994
6967
8995
6917
6968
8996
6918
6969
8997
6919
6970
8998
6920
6971
8999
6921
6972
9000
6922
6973
9001
6923
6974
9002
6924
6975
9003
6925
6976
9004
6926
6977
9005
6927
6978
9006
6928
6979
9007
6929
6980
9008
6930
6981
9009
6931
6982
9010
6932
6983
9011
6933
6984
9012
6934
6985
9013
6935
6986
9014
6936
6987
9015
6937
6988
9016
6938
6989
9017
6939
6990
9018
6940
6991
9019
6941
6992
9020
6942
6993
9021
6943
6994
9022
6944
6995
9023
6945
6996
9024
6946
6997
9025
6947
6998
9026
6948
6999
9027
6949
7000
9028
6950
7001
9029
6951
7002
9030
6952
7003
9031
6953
7004
9032
6954
7005
9033
6955
7006
9034
6956
7007
9035
6957
7008
9036
6958
7009
9037
6959
7010
9038
6960
7011
9039
6961
7012
9040
6962
7013
9041
6963
7014
9042
6964
7015
9043
6965
7016
9044
6966
7017
9045
6967
7018
9046
7019
9047
6969
7020
9048
6970
7021
9049
6971
7022
9050
6972
7023
9051
6973
7024
9052
6974
7025
9053
6975
7026
9054
6976
7027
9055
6977
7028
9056
6978
7029
9057
6979
7030
9058
6980
7031
9059
6981
7032
9060
6982
7033
9061
6983
7034
9062
6984
7035
9063
6985
7036
9064
6986
7037
9065
6987
7038
9066
6988
7039
9067
6989
7040
9068
6990
7041
9069
6991
7042
9070
6992
7043
9071
6993
7044
9072
6994
7045
9073
6995
7046
9074
6996
7047
9075
6997
7048
9076
6998
7049
9077
6999
7050
9078
7000
7051
9079
7001
7052
9080
7002
7053
9081
7003
7054
9082
7004
7055
9083
7005
7056
9084
7006
7057
9085
7007
7058
9086
7008
7059
9087
7009
7060
9088
7010
7061
9089
7011
7062
9090
7012
7063
9091
7013
7064
9092
7014
7065
9093
7015
7066
9094
7016
7067
9095
7017
7068
9096
7018
7069
9097
7019
7070
9098
7071
9099
7021
7072
9100
7022
7073
9101
7023
7074
9102
7024
7075
9103
7025
7076
9104
7026
7077
9105
7027
7078
9106
7028
7079
9107
7029
7080
9108
7030
7081
9109
7031
7082
9110
7032
7083
9111
7033
7084
9112
7034
7085
9113
7035
7086
9114
7036
7087
9115
7037
7088
9116
7038
7089
9117
7039
7090
9118
7040
7091
9119
7041
7092
9120
7042
7093
9121
7043
7094
9122
7044
7095
9123
7045
7096
9124
7046
7097
9125
7047
7098
9126
7048
7099
9127
7049
7100
9128
7050
7101
9129
7051
7102
9130
7052
7103
9131
7053
7104
9132
7054
7105
9133
7055
7106
9134
7056
7107
9135
7057
7108
9136
7058
7109
9137
7059
7110
9138
7060
7111
9139
7061
7112
9140
7062
7113
9141
7063
7114
9142
7064
7115
9143
7065
7116
9144
7066
7117
9145
7067
7118
9146
7068
7119
9147
7069
7120
9148
7070
7121
9149
7071
7122
9150
7123
9151
7073
7124
9152
7074
7125
9153
7075
7126
9154
7076
7127
9155
7077
7128
9156
7078
7129
9157
7079
7130
9158
7080
7131
9159
7081
7132
9160
7082
7133
9161
7083
7134
9162
7084
7135
9163
7085
7136
9164
7086
7137
9165
7087
7138
9166
7088
7139
9167
7089
7140
9168
7090
7141
9169
7091
7142
9170
7092
7143
9171
7093
7144
9172
7094
7145
9173
7095
7146
9174
7096
7147
9175
7097
7148
9176
7098
7149
9177
7099
7150
9178
7100
7151
9179
7101
7152
9180
7102
7153
9181
7103
7154
9182
7104
7155
9183
7105
7156
9184
7106
7157
9185
7107
7158
9186
7108
7159
9187
7109
7160
9188
7110
7161
9189
7111
7162
9190
7112
7163
9191
7113
7164
9192
7114
7165
9193
7115
7166
9194
7116
7167
9195
7117
7168
9196
7118
7169
9197
7119
7170
9198
7120
7171
9199
7121
7172
9200
7122
7173
9201
7123
7174
9202
7175
9203
7125
7176
9204
7126
7177
9205
7127
7178
9206
7128
7179
9207
7129
7180
9208
7130
7181
9209
7131
7182
9210
7132
7183
9211
7133
7184
9212
7134
7185
9213
7135
7186
9214
7136
7187
9215
7137
7188
9216
7138
7189
9217
7139
7190
9218
7140
7191
9219
7141
7192
9220
7142
7193
9221
7143
7194
9222
7144
7195
9223
7145
7196
9224
7146
7197
9225
7147
7198
9226
7148
7199
9227
7149
7200
9228
7150
7201
9229
7151
7202
9230
7152
7203
9231
7153
7204
9232
7154
7205
9233
7155
7206
9234
7156
7207
9235
7157
7208
9236
7158
7209
9237
7159
7210
9238
7160
7211
9239
7161
7212
9240
7162
7213
9241
7163
7214
9242
7164
7215
9243
7165
7216
9244
7166
7217
9245
7167
7218
9246
7168
7219
9247
7169
7220
9248
7170
7221
9249
7171
7222
9250
7172
7223
9251
7173
7224
9252
7174
7225
9253
7175
7226
9254
7227
9255
7177
7228
9256
7178
7229
9257
7179
7230
9258
7180
7231
9259
7181
7232
9260
7182
7233
9261
7183
7234
9262
7184
7235
9263
7185
7236
9264
7186
7237
9265
7187
7238
9266
7188
7239
9267
7189
7240
9268
7190
7241
9269
7191
7242
9270
7192
7243
9271
7193
7244
9272
7194
7245
9273
7195
7246
9274
7196
7247
9275
7197
7248
9276
7198
7249
9277
7199
7250
9278
7200
7251
9279
7201
7252
9280
7202
7253
9281
7203
7254
9282
7204
7255
9283
7205
7256
9284
7206
7257
9285
7207
7258
9286
7208
7259
9287
7209
7260
9288
7210
7261
9289
7211
7262
9290
7212
7263
9291
7213
7264
9292
7214
7265
9293
7215
7266
9294
7216
7267
9295
7217
7268
9296
7218
7269
9297
7219
7270
9298
7220
7271
9299
7221
7272
9300
7222
7273
9301
7223
7274
9302
7224
7275
9303
7225
7276
9304
7226
7277
9305
7227
7278
9306
7279
9307
7229
7280
9308
7230
7281
9309
7231
7282
9310
7232
7283
9311
7233
7284
9312
7234
7285
9313
7235
7286
9314
7236
7287
9315
7237
7288
9316
7238
7289
9317
7239
7290
9318
7240
7291
9319
7241
7292
9320
7242
7293
9321
7243
7294
9322
7244
7295
9323
7245
7296
9324
7246
7297
9325
7247
7298
9326
7248
7299
9327
7249
7300
9328
7250
7301
9329
7251
7302
9330
7252
7303
9331
7253
7304
9332
7254
7305
9333
7255
7306
9334
7256
7307
9335
7257
7308
9336
7258
7309
9337
7259
7310
9338
7260
7311
9339
7261
7312
9340
7262
7313
9341
7263
7314
9342
7264
7315
9343
7265
7316
9344
7266
7317
9345
7267
7318
9346
7268
7319
9347
7269
7320
9348
7270
7321
9349
7271
7322
9350
7272
7323
9351
7273
7324
9352
7274
7325
9353
7275
7326
9354
7276
7327
9355
7277
7328
9356
7278
7329
9357
7279
7330
9358
7331
9359
7281
7332
9360
7282
7333
9361
7283
7334
9362
7284
7335
9363
7285
7336
9364
7286
7337
9365
7287
7338
9366
7288
7339
9367
7289
7340
9368
7290
7341
9369
7291
7342
9370
7292
7343
9371
7293
7344
9372
7294
7345
9373
7295
7346
9374
7296
7347
9375
7297
7348
9376
7298
7349
9377
7299
7350
9378
7300
7351
9379
7301
7352
9380
7302
7353
9381
7303
7354
9382
7304
7355
9383
7305
7356
9384
7306
7357
9385
7307
7358
9386
7308
7359
9387
7309
7360
9388
7310
7361
9389
7311
7362
9390
7312
7363
9391
7313
7364
9392
7314
7365
9393
7315
7366
9394
7316
7367
9395
7317
7368
9396
7318
7369
9397
7319
7370
9398
7320
7371
9399
7321
7372
9400
7322
7373
9401
7323
7374
9402
7324
7375
9403
7325
7376
9404
7326
7377
9405
7327
7378
9406
7328
7379
9407
7329
7380
9408
7330
7381
9409
7331
7382
9410
7383
9411
7333
7384
9412
7334
7385
9413
7335
7386
9414
7336
7387
9415
7337
7388
9416
7338
7389
9417
7339
7390
9418
7340
7391
9419
7341
7392
9420
7342
7393
9421
7343
7394
9422
7344
7395
9423
7345
7396
9424
7346
7397
9425
7347
7398
9426
7348
7399
9427
7349
7400
9428
7350
7401
9429
7351
7402
9430
7352
7403
9431
7353
7404
9432
7354
7405
9433
7355
7406
9434
7356
7407
9435
7357
7408
9436
7358
7409
9437
7359
7410
9438
7360
7411
9439
7361
7412
9440
7362
7413
9441
7363
7414
9442
7364
7415
9443
7365
7416
9444
7366
7417
9445
7367
7418
9446
7368
7419
9447
7369
7420
9448
7370
7421
9449
7371
7422
9450
7372
7423
9451
7373
7424
9452
7374
7425
9453
7375
7426
9454
7376
7427
9455
7377
7428
9456
7378
7429
9457
7379
7430
9458
7380
7431
9459
7381
7432
9460
7382
7433
9461
7383
7434
9462
7435
9463
7385
7436
9464
7386
7437
9465
7387
7438
9466
7388
7439
9467
7389
7440
9468
7390
7441
9469
7391
7442
9470
7392
7443
9471
7393
7444
9472
7394
7445
9473
7395
7446
9474
7396
7447
9475
7397
7448
9476
7398
7449
9477
7399
7450
9478
7400
7451
9479
7401
7452
9480
7402
7453
9481
7403
7454
9482
7404
7455
9483
7405
7456
9484
7406
7457
9485
7407
7458
9486
7408
7459
9487
7409
7460
9488
7410
7461
9489
7411
7462
9490
7412
7463
9491
7413
7464
9492
7414
7465
9493
7415
7466
9494
7416
7467
9495
7417
7468
9496
7418
7469
9497
7419
7470
9498
7420
7471
9499
7421
7472
9500
7422
7473
9501
7423
7474
9502
7424
7475
9503
7425
7476
9504
7426
7477
9505
7427
7478
9506
7428
7479
9507
7429
7480
9508
7430
7481
9509
7431
7482
9510
7432
7483
9511
7433
7484
9512
7434
7485
9513
7435
7486
9514
7487
9515
7437
7488
9516
7438
7489
9517
7439
7490
9518
7440
7491
9519
7441
7492
9520
7442
7493
9521
7443
7494
9522
7444
7495
9523
7445
7496
9524
7446
7497
9525
7447
7498
9526
7448
7499
9527
7449
7500
9528
7450
7501
9529
7451
7502
9530
7452
7503
9531
7453
7504
9532
7454
7505
9533
7455
7506
9534
7456
7507
9535
7457
7508
9536
7458
7509
9537
7459
7510
9538
7460
7511
9539
7461
7512
9540
7462
7513
9541
7463
7514
9542
7464
7515
9543
7465
7516
9544
7466
7517
9545
7467
7518
9546
7468
7519
9547
7469
7520
9548
7470
7521
9549
7471
7522
9550
7472
7523
9551
7473
7524
9552
7474
7525
9553
7475
7526
9554
7476
7527
9555
7477
7528
9556
7478
7529
9557
7479
7530
9558
7480
7531
9559
7481
7532
9560
7482
7533
9561
7483
7534
9562
7484
7535
9563
7485
7536
9564
7486
7537
9565
7487
7538
9566
7539
9567
7489
7540
9568
7490
7541
9569
7491
7542
9570
7492
7543
9571
7493
7544
9572
7494
7545
9573
7495
7546
9574
7496
7547
9575
7497
7548
9576
7498
7549
9577
7499
7550
9578
7500
7551
9579
7501
7552
9580
7502
7553
9581
7503
7554
9582
7504
7555
9583
7505
7556
9584
7506
7557
9585
7507
7558
9586
7508
7559
9587
7509
7560
9588
7510
7561
9589
7511
7562
9590
7512
7563
9591
7513
7564
9592
7514
7565
9593
7515
7566
9594
7516
7567
9595
7517
7568
9596
7518
7569
9597
7519
7570
9598
7520
7571
9599
7521
7572
9600
7522
7573
9601
7523
7574
9602
7524
7575
9603
7525
7576
9604
7526
7577
9605
7527
7578
9606
7528
7579
9607
7529
7580
9608
7530
7581
9609
7531
7582
9610
7532
7583
9611
7533
7584
9612
7534
7585
9613
7535
7586
9614
7536
7587
9615
7537
7588
9616
7538
7589
9617
7539
7590
9618
7591
9619
7541
7592
9620
7542
7593
9621
7543
7594
9622
7544
7595
9623
7545
7596
9624
7546
7597
9625
7547
7598
9626
7548
7599
9627
7549
7600
9628
7550
7601
9629
7551
7602
9630
7552
7603
9631
7553
7604
9632
7554
7605
9633
7555
7606
9634
7556
7607
9635
7557
7608
9636
7558
7609
9637
7559
7610
9638
7560
7611
9639
7561
7612
9640
7562
7613
9641
7563
7614
9642
7564
7615
9643
7565
7616
9644
7566
7617
9645
7567
7618
9646
7568
7619
9647
7569
7620
9648
7570
7621
9649
7571
7622
9650
7572
7623
9651
7573
7624
9652
7574
7625
9653
7575
7626
9654
7576
7627
9655
7577
7628
9656
7578
7629
9657
7579
7630
9658
7580
7631
9659
7581
7632
9660
7582
7633
9661
7583
7634
9662
7584
7635
9663
7585
7636
9664
7586
7637
9665
7587
7638
9666
7588
7639
9667
7589
7640
9668
7590
7641
9669
7591
7642
9670
7643
9671
7593
7644
9672
7594
7645
9673
7595
7646
9674
7596
7647
9675
7597
7648
9676
7598
7649
9677
7599
7650
9678
7600
7651
9679
7601
7652
9680
7602
7653
9681
7603
7654
9682
7604
7655
9683
7605
7656
9684
7606
7657
9685
7607
7658
9686
7608
7659
9687
7609
7660
9688
7610
7661
9689
7611
7662
9690
7612
7663
9691
7613
7664
9692
7614
7665
9693
7615
7666
9694
7616
7667
9695
7617
7668
9696
7618
7669
9697
7619
7670
9698
7620
7671
9699
7621
7672
9700
7622
7673
9701
7623
7674
9702
7624
7675
9703
7625
7676
9704
7626
7677
9705
7627
7678
9706
7628
7679
9707
7629
7680
9708
7630
7681
9709
7631
7682
9710
7632
7683
9711
7633
7684
9712
7634
7685
9713
7635
7686
9714
7636
7687
9715
7637
7688
9716
7638
7689
9717
7639
7690
9718
7640
7691
9719
7641
7692
9720
7642
7693
9721
7643
7694
9722
7695
9723
7645
7696
9724
7646
7697
9725
7647
7698
9726
7648
7699
9727
7649
7700
9728
7650
7701
9729
7651
7702
9730
7652
7703
9731
7653
7704
9732
7654
7705
9733
7655
7706
9734
7656
7707
9735
7657
7708
9736
7658
7709
9737
7659
7710
9738
7660
7711
9739
7661
7712
9740
7662
7713
9741
7663
7714
9742
7664
7715
9743
7665
7716
9744
7666
7717
9745
7667
7718
9746
7668
7719
9747
7669
7720
9748
7670
7721
9749
7671
7722
9750
7672
7723
9751
7673
7724
9752
7674
7725
9753
7675
7726
9754
7676
7727
9755
7677
7728
9756
7678
7729
9757
7679
7730
9758
7680
7731
9759
7681
7732
9760
7682
7733
9761
7683
7734
9762
7684
7735
9763
7685
7736
9764
7686
7737
9765
7687
7738
9766
7688
7739
9767
7689
7740
9768
7690
7741
9769
7691
7742
9770
7692
7743
9771
7693
7744
9772
7694
7745
9773
7695
7746
9774
7747
9775
7697
7748
9776
7698
7749
9777
7699
7750
9778
7700
7751
9779
7701
7752
9780
7702
7753
9781
7703
7754
9782
7704
7755
9783
7705
7756
9784
7706
7757
9785
7707
7758
9786
7708
7759
9787
7709
7760
9788
7710
7761
9789
7711
7762
9790
7712
7763
9791
7713
7764
9792
7714
7765
9793
7715
7766
9794
7716
7767
9795
7717
7768
9796
7718
7769
9797
7719
7770
9798
7720
7771
9799
7721
7772
9800
7722
7773
9801
7723
7774
9802
7724
7775
9803
7725
7776
9804
7726
7777
9805
7727
7778
9806
7728
7779
9807
7729
7780
9808
7730
7781
9809
7731
7782
9810
7732
7783
9811
7733
7784
9812
7734
7785
9813
7735
7786
9814
7736
7787
9815
7737
7788
9816
7738
7789
9817
7739
7790
9818
7740
7791
9819
7741
7792
9820
7742
7793
9821
7743
7794
9822
7744
7795
9823
7745
7796
9824
7746
7797
9825
7747
7798
9826
7799
9827
7749
7800
9828
7750
7801
9829
7751
7802
9830
7752
7803
9831
7753
7804
9832
7754
7805
9833
7755
7806
9834
7756
7807
9835
7757
7808
9836
7758
7809
9837
7759
7810
9838
7760
7811
9839
7761
7812
9840
7762
7813
9841
7763
7814
9842
7764
7815
9843
7765
7816
9844
7766
7817
9845
7767
7818
9846
7768
7819
9847
7769
7820
9848
7770
7821
9849
7771
7822
9850
7772
7823
9851
7773
7824
9852
7774
7825
9853
7775
7826
9854
7776
7827
9855
7777
7828
9856
7778
7829
9857
7779
7830
9858
7780
7831
9859
7781
7832
9860
7782
7833
9861
7783
7834
9862
7784
7835
9863
7785
7836
9864
7786
7837
9865
7787
7838
9866
7788
7839
9867
7789
7840
9868
7790
7841
9869
7791
7842
9870
7792
7843
9871
7793
7844
9872
7794
7845
9873
7795
7846
9874
7796
7847
9875
7797
7848
9876
7798
7849
9877
7799
7850
9878
7851
9879
7801
7852
9880
7802
7853
9881
7803
7854
9882
7804
7855
9883
7805
7856
9884
7806
7857
9885
7807
7858
9886
7808
7859
9887
7809
7860
9888
7810
7861
9889
7811
7862
9890
7812
7863
9891
7813
7864
9892
7814
7865
9893
7815
7866
9894
7816
7867
9895
7817
7868
9896
7818
7869
9897
7819
7870
9898
7820
7871
9899
7821
7872
9900
7822
7873
9901
7823
7874
9902
7824
7875
9903
7825
7876
9904
7826
7877
9905
7827
7878
9906
7828
7879
9907
7829
7880
9908
7830
7881
9909
7831
7882
9910
7832
7883
9911
7833
7884
9912
7834
7885
9913
7835
7886
9914
7836
7887
9915
7837
7888
9916
7838
7889
9917
7839
7890
9918
7840
7891
9919
7841
7892
9920
7842
7893
9921
7843
7894
9922
7844
7895
9923
7845
7896
9924
7846
7897
9925
7847
7898
9926
7848
7899
9927
7849
7900
9928
7850
7901
9929
7851
7902
9930
7903
9931
7853
7904
9932
7854
7905
9933
7855
7906
9934
7856
7907
9935
7857
7908
9936
7858
7909
9937
7859
7910
9938
7860
7911
9939
7861
7912
9940
7862
7913
9941
7863
7914
9942
7864
7915
9943
7865
7916
9944
7866
7917
9945
7867
7918
9946
7868
7919
9947
7869
7920
9948
7870
7921
9949
7871
7922
9950
7872
7923
9951
7873
7924
9952
7874
7925
9953
7875
7926
9954
7876
7927
9955
7877
7928
9956
7878
7929
9957
7879
7930
9958
7880
7931
9959
7881
7932
9960
7882
7933
9961
7883
7934
9962
7884
7935
9963
7885
7936
9964
7886
7937
9965
7887
7938
9966
7888
7939
9967
7889
7940
9968
7890
7941
9969
7891
7942
9970
7892
7943
9971
7893
7944
9972
7894
7945
9973
7895
7946
9974
7896
7947
9975
7897
7948
9976
7898
7949
9977
7899
7950
9978
7900
7951
9979
7901
7952
9980
7902
7953
9981
7903
7954
9982
7955
9983
7905
7956
9984
7906
7957
9985
7907
7958
9986
7908
7959
9987
7909
7960
9988
7910
7961
9989
7911
7962
9990
7912
7963
9991
7913
7964
9992
7914
7965
9993
7915
7966
9994
7916
7967
9995
7917
7968
9996
7918
7969
9997
7919
7970
9998
7920
7971
9999
7921
7972
10000
7922
7973
10001
7923
7974
10002
7924
7975
10003
7925
7976
10004
7926
7977
10005
7927
7978
10006
7928
7979
10007
7929
7980
10008
7930
7981
10009
7931
7982
10010
7932
7983
10011
7933
7984
10012
7934
7985
10013
7935
7986
10014
7936
7987
10015
7937
7988
10016
7938
7989
10017
7939
7990
10018
7940
7991
10019
7941
7992
10020
7942
7993
10021
7943
7994
10022
7944
7995
10023
7945
7996
10024
7946
7997
10025
7947
7998
10026
7948
7999
10027
7949
8000
10028
7950
8001
10029
7951
8002
10030
7952
8003
10031
7953
8004
10032
7954
8005
10033
7955
8006
10034
8007
10035
7957
8008
10036
7958
8009
10037
7959
8010
10038
7960
8011
10039
7961
8012
10040
7962
8013
10041
7963
8014
10042
7964
8015
10043
7965
8016
10044
7966
8017
10045
7967
8018
10046
7968
8019
10047
7969
8020
10048
7970
8021
10049
7971
8022
10050
7972
8023
10051
7973
8024
10052
7974
8025
10053
7975
8026
10054
7976
8027
10055
7977
8028
10056
7978
8029
10057
7979
8030
10058
7980
8031
10059
7981
8032
10060
7982
8033
10061
7983
8034
10062
7984
8035
10063
7985
8036
10064
7986
8037
10065
7987
8038
10066
7988
8039
10067
7989
8040
10068
7990
8041
10069
7991
8042
10070
7992
8043
10071
7993
8044
10072
7994
8045
10073
7995
8046
10074
7996
8047
10075
7997
8048
10076
7998
8049
10077
7999
8050
10078
8000
8051
10079
8001
8052
10080
8002
8053
10081
8003
8054
10082
8004
8055
10083
8005
8056
10084
8006
8057
10085
8007
8058
10086
8059
10087
8009
8060
10088
8010
8061
10089
8011
8062
10090
8012
8063
10091
8013
8064
10092
8014
8065
10093
8015
8066
10094
8016
8067
10095
8017
8068
10096
8018
8069
10097
8019
8070
10098
8020
8071
10099
8021
8072
10100
8022
8073
10101
8023
8074
10102
8024
8075
10103
8025
8076
10104
8026
8077
10105
8027
8078
10106
8028
8079
10107
8029
8080
10108
8030
8081
10109
8031
8082
10110
8032
8083
10111
8033
8084
10112
8034
8085
10113
8035
8086
10114
8036
8087
10115
8037
8088
10116
8038
8089
10117
8039
8090
10118
8040
8091
10119
8041
8092
10120
8042
8093
10121
8043
8094
10122
8044
8095
10123
8045
8096
10124
8046
8097
10125
8047
8098
10126
8048
8099
10127
8049
8100
10128
8050
8101
10129
8051
8102
10130
8052
8103
10131
8053
8104
10132
8054
8105
10133
8055
8106
10134
8056
8107
10135
8057
8108
10136
8058
8109
10137
8059
8110
10138
8111
10139
8061
8112
10140
8062
8113
10141
8063
8114
10142
8064
8115
10143
8065
8116
10144
8066
8117
10145
8067
8118
10146
8068
8119
10147
8069
8120
10148
8070
8121
10149
8071
8122
10150
8072
8123
10151
8073
8124
10152
8074
8125
10153
8075
8126
10154
8076
8127
10155
8077
8128
10156
8078
8129
10157
8079
8130
10158
8080
8131
10159
8081
8132
10160
8082
8133
10161
8083
8134
10162
8084
8135
10163
8085
8136
10164
8086
8137
10165
8087
8138
10166
8088
8139
10167
8089
8140
10168
8090
8141
10169
8091
8142
10170
8092
8143
10171
8093
8144
10172
8094
8145
10173
8095
8146
10174
8096
8147
10175
8097
8148
10176
8098
8149
10177
8099
8150
10178
8100
8151
10179
8101
8152
10180
8102
8153
10181
8103
8154
10182
8104
8155
10183
8105
8156
10184
8106
8157
10185
8107
8158
10186
8108
8159
10187
8109
8160
10188
8110
8161
10189
8111
8162
10190
8163
10191
8113
8164
10192
8114
8165
10193
8115
8166
10194
8116
8167
10195
8117
8168
10196
8118
8169
10197
8119
8170
10198
8120
8171
10199
8121
8172
10200
8122
8173
10201
8123
8174
10202
8124
8175
10203
8125
8176
10204
8126
8177
10205
8127
8178
10206
8128
8179
10207
8129
8180
10208
8130
8181
10209
8131
8182
10210
8132
8183
10211
8133
8184
10212
8134
8185
10213
8135
8186
10214
8136
8187
10215
8137
8188
10216
8138
8189
10217
8139
8190
10218
8140
8191
10219
8141
8192
10220
8142
8193
10221
8143
8194
10222
8144
8195
10223
8145
8196
10224
8146
8197
10225
8147
8198
10226
8148
8199
10227
8149
8200
10228
8150
8201
10229
8151
8202
10230
8152
8203
10231
8153
8204
10232
8154
8205
10233
8155
8206
10234
8156
8207
10235
8157
8208
10236
8158
8209
10237
8159
8210
10238
8160
8211
10239
8161
8212
10240
8162
8213
10241
8163
8214
10242
8215
10243
8165
8216
10244
8166
8217
10245
8167
8218
10246
8168
8219
10247
8169
8220
10248
8170
8221
10249
8171
8222
10250
8172
8223
10251
8173
8224
10252
8174
8225
10253
8175
8226
10254
8176
8227
10255
8177
8228
10256
8178
8229
10257
8179
8230
10258
8180
8231
10259
8181
8232
10260
8182
8233
10261
8183
8234
10262
8184
8235
10263
8185
8236
10264
8186
8237
10265
8187
8238
10266
8188
8239
10267
8189
8240
10268
8190
8241
10269
8191
8242
10270
8192
8243
10271
8193
8244
10272
8194
8245
10273
8195
8246
10274
8196
8247
10275
8197
8248
10276
8198
8249
10277
8199
8250
10278
8200
8251
10279
8201
8252
10280
8202
8253
10281
8203
8254
10282
8204
8255
10283
8205
8256
10284
8206
8257
10285
8207
8258
10286
8208
8259
10287
8209
8260
10288
8210
8261
10289
8211
8262
10290
8212
8263
10291
8213
8264
10292
8214
8265
10293
8215
8266
10294
8267
10295
8217
8268
10296
8218
8269
10297
8219
8270
10298
8220
8271
10299
8221
8272
10300
8222
8273
10301
8223
8274
10302
8224
8275
10303
8225
8276
10304
8226
8277
10305
8227
8278
10306
8228
8279
10307
8229
8280
10308
8230
8281
10309
8231
8282
10310
8232
8283
10311
8233
8284
10312
8234
8285
10313
8235
8286
10314
8236
8287
10315
8237
8288
10316
8238
8289
10317
8239
8290
10318
8240
8291
10319
8241
8292
10320
8242
8293
10321
8243
8294
10322
8244
8295
10323
8245
8296
10324
8246
8297
10325
8247
8298
10326
8248
8299
10327
8249
8300
10328
8250
8301
10329
8251
8302
10330
8252
8303
10331
8253
8304
10332
8254
8305
10333
8255
8306
10334
8256
8307
10335
8257
8308
10336
8258
8309
10337
8259
8310
10338
8260
8311
10339
8261
8312
10340
8262
8313
10341
8263
8314
10342
8264
8315
10343
8265
8316
10344
8266
8317
10345
8267
8318
10346
8319
10347
8269
10348
8270
10349
8271
10350
8272
10351
8273
10352
8274
10353
8275
10354
8276
10355
8277
10356
8278
10357
8279
10358
8280
10359
8281
10360
8282
10361
8283
10362
8284
10363
8285
10364
8286
10365
8287
10366
8288
10367
8289
10368
8290
10369
8291
10370
8292
10371
8293
10372
8294
10373
8295
10374
8296
10375
8297
10376
8298
10377
8299
10378
8300
10379
8301
10380
8302
10381
8303
10382
8304
10383
8305
10384
8306
10385
8307
10386
8308
10387
8309
10388
8310
10389
8311
10390
8312
10391
8313
10392
8314
10393
8315
10394
8316
10395
8317
10396
8318
10397
8319
10398
10399
8321
8372
10400
8322
8373
10401
8323
8374
10402
8324
8375
10403
8325
8376
10404
8326
8377
10405
8327
8378
10406
8328
8379
10407
8329
8380
10408
8330
8381
10409
8331
8382
10410
8332
8383
10411
8333
8384
10412
8334
8385
10413
8335
8386
10414
8336
8387
10415
8337
8388
10416
8338
8389
10417
8339
8390
10418
8340
8391
10419
8341
8392
10420
8342
8393
10421
8343
8394
10422
8344
8395
10423
8345
8396
10424
8346
8397
10425
8347
8398
10426
8348
8399
10427
8349
8400
10428
8350
8401
10429
8351
8402
10430
8352
8403
10431
8353
8404
10432
8354
8405
10433
8355
8406
10434
8356
8407
10435
8357
8408
10436
8358
8409
10437
8359
8410
10438
8360
8411
10439
8361
8412
10440
8362
8413
10441
8363
8414
10442
8364
8415
10443
8365
8416
10444
8366
8417
10445
8367
8418
10446
8368
8419
10447
8369
8420
10448
8370
8421
10449
8371
8422
10450
8423
10451
8373
8424
10452
8374
8425
10453
8375
8426
10454
8376
8427
10455
8377
8428
10456
8378
8429
10457
8379
8430
10458
8380
8431
10459
8381
8432
10460
8382
8433
10461
8383
8434
10462
8384
8435
10463
8385
8436
10464
8386
8437
10465
8387
8438
10466
8388
8439
10467
8389
8440
10468
8390
8441
10469
8391
8442
10470
8392
8443
10471
8393
8444
10472
8394
8445
10473
8395
8446
10474
8396
8447
10475
8397
8448
10476
8398
8449
10477
8399
8450
10478
8400
8451
10479
8401
8452
10480
8402
8453
10481
8403
8454
10482
8404
8455
10483
8405
8456
10484
8406
8457
10485
8407
8458
10486
8408
8459
10487
8409
8460
10488
8410
8461
10489
8411
8462
10490
8412
8463
10491
8413
8464
10492
8414
8465
10493
8415
8466
10494
8416
8467
10495
8417
8468
10496
8418
8469
10497
8419
8470
10498
8420
8471
10499
8421
8472
10500
8422
8473
10501
8423
8474
10502
8475
10503
8425
8476
10504
8426
8477
10505
8427
8478
10506
8428
8479
10507
8429
8480
10508
8430
8481
10509
8431
8482
10510
8432
8483
10511
8433
8484
10512
8434
8485
10513
8435
8486
10514
8436
8487
10515
8437
8488
10516
8438
8489
10517
8439
8490
10518
8440
8491
10519
8441
8492
10520
8442
8493
10521
8443
8494
10522
8444
8495
10523
8445
8496
10524
8446
8497
10525
8447
8498
10526
8448
8499
10527
8449
8500
10528
8450
8501
10529
8451
8502
10530
8452
8503
10531
8453
8504
10532
8454
8505
10533
8455
8506
10534
8456
8507
10535
8457
8508
10536
8458
8509
10537
8459
8510
10538
8460
8511
10539
8461
8512
10540
8462
8513
10541
8463
8514
10542
8464
8515
10543
8465
8516
10544
8466
8517
10545
8467
8518
10546
8468
8519
10547
8469
8520
10548
8470
8521
10549
8471
8522
10550
8472
8523
10551
8473
8524
10552
8474
8525
10553
8475
8526
10554
8527
10555
8477
8528
10556
8478
8529
10557
8479
8530
10558
8480
8531
10559
8481
8532
10560
8482
8533
10561
8483
8534
10562
8484
8535
10563
8485
8536
10564
8486
8537
10565
8487
8538
10566
8488
8539
10567
8489
8540
10568
8490
8541
10569
8491
8542
10570
8492
8543
10571
8493
8544
10572
8494
8545
10573
8495
8546
10574
8496
8547
10575
8497
8548
10576
8498
8549
10577
8499
8550
10578
8500
8551
10579
8501
8552
10580
8502
8553
10581
8503
8554
10582
8504
8555
10583
8505
8556
10584
8506
8557
10585
8507
8558
10586
8508
8559
10587
8509
8560
10588
8510
8561
10589
8511
8562
10590
8512
8563
10591
8513
8564
10592
8514
8565
10593
8515
8566
10594
8516
8567
10595
8517
8568
10596
8518
8569
10597
8519
8570
10598
8520
8571
10599
8521
8572
10600
8522
8573
10601
8523
8574
10602
8524
8575
10603
8525
8576
10604
8526
8577
10605
8527
8578
10606
8579
10607
8529
8580
10608
8530
8581
10609
8531
8582
10610
8532
8583
10611
8533
8584
10612
8534
8585
10613
8535
8586
10614
8536
8587
10615
8537
8588
10616
8538
8589
10617
8539
8590
10618
8540
8591
10619
8541
8592
10620
8542
8593
10621
8543
8594
10622
8544
8595
10623
8545
8596
10624
8546
8597
10625
8547
8598
10626
8548
8599
10627
8549
8600
10628
8550
8601
10629
8551
8602
10630
8552
8603
10631
8553
8604
10632
8554
8605
10633
8555
8606
10634
8556
8607
10635
8557
8608
10636
8558
8609
10637
8559
8610
10638
8560
8611
10639
8561
8612
10640
8562
8613
10641
8563
8614
10642
8564
8615
10643
8565
8616
10644
8566
8617
10645
8567
8618
10646
8568
8619
10647
8569
8620
10648
8570
8621
10649
8571
8622
10650
8572
8623
10651
8573
8624
10652
8574
8625
10653
8575
8626
10654
8576
8627
10655
8577
8628
10656
8578
8629
10657
8579
8630
10658
8631
10659
8581
8632
10660
8582
8633
10661
8583
8634
10662
8584
8635
10663
8585
8636
10664
8586
8637
10665
8587
8638
10666
8588
8639
10667
8589
8640
10668
8590
8641
10669
8591
8642
10670
8592
8643
10671
8593
8644
10672
8594
8645
10673
8595
8646
10674
8596
8647
10675
8597
8648
10676
8598
8649
10677
8599
8650
10678
8600
8651
10679
8601
8652
10680
8602
8653
10681
8603
8654
10682
8604
8655
10683
8605
8656
10684
8606
8657
10685
8607
8658
10686
8608
8659
10687
8609
8660
10688
8610
8661
10689
8611
8662
10690
8612
8663
10691
8613
8664
10692
8614
8665
10693
8615
8666
10694
8616
8667
10695
8617
8668
10696
8618
8669
10697
8619
8670
10698
8620
8671
10699
8621
8672
10700
8622
8673
10701
8623
8674
10702
8624
8675
10703
8625
8676
10704
8626
8677
10705
8627
8678
10706
8628
8679
10707
8629
8680
10708
8630
8681
10709
8631
8682
10710
8683
10711
8633
8684
10712
8634
8685
10713
8635
8686
10714
8636
8687
10715
8637
8688
10716
8638
8689
10717
8639
8690
10718
8640
8691
10719
8641
8692
10720
8642
8693
10721
8643
8694
10722
8644
8695
10723
8645
8696
10724
8646
8697
10725
8647
8698
10726
8648
8699
10727
8649
8700
10728
8650
8701
10729
8651
8702
10730
8652
8703
10731
8653
8704
10732
8654
8705
10733
8655
8706
10734
8656
8707
10735
8657
8708
10736
8658
8709
10737
8659
8710
10738
8660
8711
10739
8661
8712
10740
8662
8713
10741
8663
8714
10742
8664
8715
10743
8665
8716
10744
8666
8717
10745
8667
8718
10746
8668
8719
10747
8669
8720
10748
8670
8721
10749
8671
8722
10750
8672
8723
10751
8673
8724
10752
8674
8725
10753
8675
8726
10754
8676
8727
10755
8677
8728
10756
8678
8729
10757
8679
8730
10758
8680
8731
10759
8681
8732
10760
8682
8733
10761
8683
8734
10762
8735
10763
8685
8736
10764
8686
8737
10765
8687
8738
10766
8688
8739
10767
8689
8740
10768
8690
8741
10769
8691
8742
10770
8692
8743
10771
8693
8744
10772
8694
8745
10773
8695
8746
10774
8696
8747
10775
8697
8748
10776
8698
8749
10777
8699
8750
10778
8700
8751
10779
8701
8752
10780
8702
8753
10781
8703
8754
10782
8704
8755
10783
8705
8756
10784
8706
8757
10785
8707
8758
10786
8708
8759
10787
8709
8760
10788
8710
8761
10789
8711
8762
10790
8712
8763
10791
8713
8764
10792
8714
8765
10793
8715
8766
10794
8716
8767
10795
8717
8768
10796
8718
8769
10797
8719
8770
10798
8720
8771
10799
8721
8772
10800
8722
8773
10801
8723
8774
10802
8724
8775
10803
8725
8776
10804
8726
8777
10805
8727
8778
10806
8728
8779
10807
8729
8780
10808
8730
8781
10809
8731
8782
10810
8732
8783
10811
8733
8784
10812
8734
8785
10813
8735
8786
10814
8787
10815
8737
8788
10816
8738
8789
10817
8739
8790
10818
8740
8791
10819
8741
8792
10820
8742
8793
10821
8743
8794
10822
8744
8795
10823
8745
8796
10824
8746
8797
10825
8747
8798
10826
8748
8799
10827
8749
8800
10828
8750
8801
10829
8751
8802
10830
8752
8803
10831
8753
8804
10832
8754
8805
10833
8755
8806
10834
8756
8807
10835
8757
8808
10836
8758
8809
10837
8759
8810
10838
8760
8811
10839
8761
8812
10840
8762
8813
10841
8763
8814
10842
8764
8815
10843
8765
8816
10844
8766
8817
10845
8767
8818
10846
8768
8819
10847
8769
8820
10848
8770
8821
10849
8771
8822
10850
8772
8823
10851
8773
8824
10852
8774
8825
10853
8775
8826
10854
8776
8827
10855
8777
8828
10856
8778
8829
10857
8779
8830
10858
8780
8831
10859
8781
8832
10860
8782
8833
10861
8783
8834
10862
8784
8835
10863
8785
8836
10864
8786
8837
10865
8787
8838
10866
8839
10867
8789
8840
10868
8790
8841
10869
8791
8842
10870
8792
8843
10871
8793
8844
10872
8794
8845
10873
8795
8846
10874
8796
8847
10875
8797
8848
10876
8798
8849
10877
8799
8850
10878
8800
8851
10879
8801
8852
10880
8802
8853
10881
8803
8854
10882
8804
8855
10883
8805
8856
10884
8806
8857
10885
8807
8858
10886
8808
8859
10887
8809
8860
10888
8810
8861
10889
8811
8862
10890
8812
8863
10891
8813
8864
10892
8814
8865
10893
8815
8866
10894
8816
8867
10895
8817
8868
10896
8818
8869
10897
8819
8870
10898
8820
8871
10899
8821
8872
10900
8822
8873
10901
8823
8874
10902
8824
8875
10903
8825
8876
10904
8826
8877
10905
8827
8878
10906
8828
8879
10907
8829
8880
10908
8830
8881
10909
8831
8882
10910
8832
8883
10911
8833
8884
10912
8834
8885
10913
8835
8886
10914
8836
8887
10915
8837
8888
10916
8838
8889
10917
8839
8890
10918
8891
10919
8841
8892
10920
8842
8893
10921
8843
8894
10922
8844
8895
10923
8845
8896
10924
8846
8897
10925
8847
8898
10926
8848
8899
10927
8849
8900
10928
8850
8901
10929
8851
8902
10930
8852
8903
10931
8853
8904
10932
8854
8905
10933
8855
8906
10934
8856
8907
10935
8857
8908
10936
8858
8909
10937
8859
8910
10938
8860
8911
10939
8861
8912
10940
8862
8913
10941
8863
8914
10942
8864
8915
10943
8865
8916
10944
8866
8917
10945
8867
8918
10946
8868
8919
10947
8869
8920
10948
8870
8921
10949
8871
8922
10950
8872
8923
10951
8873
8924
10952
8874
8925
10953
8875
8926
10954
8876
8927
10955
8877
8928
10956
8878
8929
10957
8879
8930
10958
8880
8931
10959
8881
8932
10960
8882
8933
10961
8883
8934
10962
8884
8935
10963
8885
8936
10964
8886
8937
10965
8887
8938
10966
8888
8939
10967
8889
8940
10968
8890
8941
10969
8891
8942
10970
8943
10971
8893
8944
10972
8894
8945
10973
8895
8946
10974
8896
8947
10975
8897
8948
10976
8898
8949
10977
8899
8950
10978
8900
8951
10979
8901
8952
10980
8902
8953
10981
8903
8954
10982
8904
8955
10983
8905
8956
10984
8906
8957
10985
8907
8958
10986
8908
8959
10987
8909
8960
10988
8910
8961
10989
8911
8962
10990
8912
8963
10991
8913
8964
10992
8914
8965
10993
8915
8966
10994
8916
8967
10995
8917
8968
10996
8918
8969
10997
8919
8970
10998
8920
8971
10999
8921
8972
11000
8922
8973
11001
8923
8974
11002
8924
8975
11003
8925
8976
11004
8926
8977
11005
8927
8978
11006
8928
8979
11007
8929
8980
11008
8930
8981
11009
8931
8982
11010
8932
8983
11011
8933
8984
11012
8934
8985
11013
8935
8986
11014
8936
8987
11015
8937
8988
11016
8938
8989
11017
8939
8990
11018
8940
8991
11019
8941
8992
11020
8942
8993
11021
8943
8994
11022
8995
11023
8945
8996
11024
8946
8997
11025
8947
8998
11026
8948
8999
11027
8949
9000
11028
8950
9001
11029
8951
9002
11030
8952
9003
11031
8953
9004
11032
8954
9005
11033
8955
9006
11034
8956
9007
11035
8957
9008
11036
8958
9009
11037
8959
9010
11038
8960
9011
11039
8961
9012
11040
8962
9013
11041
8963
9014
11042
8964
9015
11043
8965
9016
11044
8966
9017
11045
8967
9018
11046
8968
9019
11047
8969
9020
11048
8970
9021
11049
8971
9022
11050
8972
9023
11051
8973
9024
11052
8974
9025
11053
8975
9026
11054
8976
9027
11055
8977
9028
11056
8978
9029
11057
8979
9030
11058
8980
9031
11059
8981
9032
11060
8982
9033
11061
8983
9034
11062
8984
9035
11063
8985
9036
11064
8986
9037
11065
8987
9038
11066
8988
9039
11067
8989
9040
11068
8990
9041
11069
8991
9042
11070
8992
9043
11071
8993
9044
11072
8994
9045
11073
8995
9046
11074
9047
11075
8997
9048
11076
8998
9049
11077
8999
9050
11078
9000
9051
11079
9001
9052
11080
9002
9053
11081
9003
9054
11082
9004
9055
11083
9005
9056
11084
9006
9057
11085
9007
9058
11086
9008
9059
11087
9009
9060
11088
9010
9061
11089
9011
9062
11090
9012
9063
11091
9013
9064
11092
9014
9065
11093
9015
9066
11094
9016
9067
11095
9017
9068
11096
9018
9069
11097
9019
9070
11098
9020
9071
11099
9021
9072
11100
9022
9073
11101
9023
9074
11102
9024
9075
11103
9025
9076
11104
9026
9077
11105
9027
9078
11106
9028
9079
11107
9029
9080
11108
9030
9081
11109
9031
9082
11110
9032
9083
11111
9033
9084
11112
9034
9085
11113
9035
9086
11114
9036
9087
11115
9037
9088
11116
9038
9089
11117
9039
9090
11118
9040
9091
11119
9041
9092
11120
9042
9093
11121
9043
9094
11122
9044
9095
11123
9045
9096
11124
9046
9097
11125
9047
9098
11126
9099
11127
9049
9100
11128
9050
9101
11129
9051
9102
11130
9052
9103
11131
9053
9104
11132
9054
9105
11133
9055
9106
11134
9056
9107
11135
9057
9108
11136
9058
9109
11137
9059
9110
11138
9060
9111
11139
9061
9112
11140
9062
9113
11141
9063
9114
11142
9064
9115
11143
9065
9116
11144
9066
9117
11145
9067
9118
11146
9068
9119
11147
9069
9120
11148
9070
9121
11149
9071
9122
11150
9072
9123
11151
9073
9124
11152
9074
9125
11153
9075
9126
11154
9076
9127
11155
9077
9128
11156
9078
9129
11157
9079
9130
11158
9080
9131
11159
9081
9132
11160
9082
9133
11161
9083
9134
11162
9084
9135
11163
9085
9136
11164
9086
9137
11165
9087
9138
11166
9088
9139
11167
9089
9140
11168
9090
9141
11169
9091
9142
11170
9092
9143
11171
9093
9144
11172
9094
9145
11173
9095
9146
11174
9096
9147
11175
9097
9148
11176
9098
9149
11177
9099
9150
11178
9151
11179
9101
9152
11180
9102
9153
11181
9103
9154
11182
9104
9155
11183
9105
9156
11184
9106
9157
11185
9107
9158
11186
9108
9159
11187
9109
9160
11188
9110
9161
11189
9111
9162
11190
9112
9163
11191
9113
9164
11192
9114
9165
11193
9115
9166
11194
9116
9167
11195
9117
9168
11196
9118
9169
11197
9119
9170
11198
9120
9171
11199
9121
9172
11200
9122
9173
11201
9123
9174
11202
9124
9175
11203
9125
9176
11204
9126
9177
11205
9127
9178
11206
9128
9179
11207
9129
9180
11208
9130
9181
11209
9131
9182
11210
9132
9183
11211
9133
9184
11212
9134
9185
11213
9135
9186
11214
9136
9187
11215
9137
9188
11216
9138
9189
11217
9139
9190
11218
9140
9191
11219
9141
9192
11220
9142
9193
11221
9143
9194
11222
9144
9195
11223
9145
9196
11224
9146
9197
11225
9147
9198
11226
9148
9199
11227
9149
9200
11228
9150
9201
11229
9151
9202
11230
9203
11231
9153
9204
11232
9154
9205
11233
9155
9206
11234
9156
9207
11235
9157
9208
11236
9158
9209
11237
9159
9210
11238
9160
9211
11239
9161
9212
11240
9162
9213
11241
9163
9214
11242
9164
9215
11243
9165
9216
11244
9166
9217
11245
9167
9218
11246
9168
9219
11247
9169
9220
11248
9170
9221
11249
9171
9222
11250
9172
9223
11251
9173
9224
11252
9174
9225
11253
9175
9226
11254
9176
9227
11255
9177
9228
11256
9178
9229
11257
9179
9230
11258
9180
9231
11259
9181
9232
11260
9182
9233
11261
9183
9234
11262
9184
9235
11263
9185
9236
11264
9186
9237
11265
9187
9238
11266
9188
9239
11267
9189
9240
11268
9190
9241
11269
9191
9242
11270
9192
9243
11271
9193
9244
11272
9194
9245
11273
9195
9246
11274
9196
9247
11275
9197
9248
11276
9198
9249
11277
9199
9250
11278
9200
9251
11279
9201
9252
11280
9202
9253
11281
9203
9254
11282
9255
11283
9205
9256
11284
9206
9257
11285
9207
9258
11286
9208
9259
11287
9209
9260
11288
9210
9261
11289
9211
9262
11290
9212
9263
11291
9213
9264
11292
9214
9265
11293
9215
9266
11294
9216
9267
11295
9217
9268
11296
9218
9269
11297
9219
9270
11298
9220
9271
11299
9221
9272
11300
9222
9273
11301
9223
9274
11302
9224
9275
11303
9225
9276
11304
9226
9277
11305
9227
9278
11306
9228
9279
11307
9229
9280
11308
9230
9281
11309
9231
9282
11310
9232
9283
11311
9233
9284
11312
9234
9285
11313
9235
9286
11314
9236
9287
11315
9237
9288
11316
9238
9289
11317
9239
9290
11318
9240
9291
11319
9241
9292
11320
9242
9293
11321
9243
9294
11322
9244
9295
11323
9245
9296
11324
9246
9297
11325
9247
9298
11326
9248
9299
11327
9249
9300
11328
9250
9301
11329
9251
9302
11330
9252
9303
11331
9253
9304
11332
9254
9305
11333
9255
9306
11334
9307
11335
9257
9308
11336
9258
9309
11337
9259
9310
11338
9260
9311
11339
9261
9312
11340
9262
9313
11341
9263
9314
11342
9264
9315
11343
9265
9316
11344
9266
9317
11345
9267
9318
11346
9268
9319
11347
9269
9320
11348
9270
9321
11349
9271
9322
11350
9272
9323
11351
9273
9324
11352
9274
9325
11353
9275
9326
11354
9276
9327
11355
9277
9328
11356
9278
9329
11357
9279
9330
11358
9280
9331
11359
9281
9332
11360
9282
9333
11361
9283
9334
11362
9284
9335
11363
9285
9336
11364
9286
9337
11365
9287
9338
11366
9288
9339
11367
9289
9340
11368
9290
9341
11369
9291
9342
11370
9292
9343
11371
9293
9344
11372
9294
9345
11373
9295
9346
11374
9296
9347
11375
9297
9348
11376
9298
9349
11377
9299
9350
11378
9300
9351
11379
9301
9352
11380
9302
9353
11381
9303
9354
11382
9304
9355
11383
9305
9356
11384
9306
9357
11385
9307
9358
11386
9359
11387
9309
9360
11388
9310
9361
11389
9311
9362
11390
9312
9363
11391
9313
9364
11392
9314
9365
11393
9315
9366
11394
9316
9367
11395
9317
9368
11396
9318
9369
11397
9319
9370
11398
9320
9371
11399
9321
9372
11400
9322
9373
11401
9323
9374
11402
9324
9375
11403
9325
9376
11404
9326
9377
11405
9327
9378
11406
9328
9379
11407
9329
9380
11408
9330
9381
11409
9331
9382
11410
9332
9383
11411
9333
9384
11412
9334
9385
11413
9335
9386
11414
9336
9387
11415
9337
9388
11416
9338
9389
11417
9339
9390
11418
9340
9391
11419
9341
9392
11420
9342
9393
11421
9343
9394
11422
9344
9395
11423
9345
9396
11424
9346
9397
11425
9347
9398
11426
9348
9399
11427
9349
9400
11428
9350
9401
11429
9351
9402
11430
9352
9403
11431
9353
9404
11432
9354
9405
11433
9355
9406
11434
9356
9407
11435
9357
9408
11436
9358
9409
11437
9359
9410
11438
9411
11439
9361
9412
11440
9362
9413
11441
9363
9414
11442
9364
9415
11443
9365
9416
11444
9366
9417
11445
9367
9418
11446
9368
9419
11447
9369
9420
11448
9370
9421
11449
9371
9422
11450
9372
9423
11451
9373
9424
11452
9374
9425
11453
9375
9426
11454
9376
9427
11455
9377
9428
11456
9378
9429
11457
9379
9430
11458
9380
9431
11459
9381
9432
11460
9382
9433
11461
9383
9434
11462
9384
9435
11463
9385
9436
11464
9386
9437
11465
9387
9438
11466
9388
9439
11467
9389
9440
11468
9390
9441
11469
9391
9442
11470
9392
9443
11471
9393
9444
11472
9394
9445
11473
9395
9446
11474
9396
9447
11475
9397
9448
11476
9398
9449
11477
9399
9450
11478
9400
9451
11479
9401
9452
11480
9402
9453
11481
9403
9454
11482
9404
9455
11483
9405
9456
11484
9406
9457
11485
9407
9458
11486
9408
9459
11487
9409
9460
11488
9410
9461
11489
9411
9462
11490
9463
11491
9413
9464
11492
9414
9465
11493
9415
9466
11494
9416
9467
11495
9417
9468
11496
9418
9469
11497
9419
9470
11498
9420
9471
11499
9421
9472
11500
9422
9473
11501
9423
9474
11502
9424
9475
11503
9425
9476
11504
9426
9477
11505
9427
9478
11506
9428
9479
11507
9429
9480
11508
9430
9481
11509
9431
9482
11510
9432
9483
11511
9433
9484
11512
9434
9485
11513
9435
9486
11514
9436
9487
11515
9437
9488
11516
9438
9489
11517
9439
9490
11518
9440
9491
11519
9441
9492
11520
9442
9493
11521
9443
9494
11522
9444
9495
11523
9445
9496
11524
9446
9497
11525
9447
9498
11526
9448
9499
11527
9449
9500
11528
9450
9501
11529
9451
9502
11530
9452
9503
11531
9453
9504
11532
9454
9505
11533
9455
9506
11534
9456
9507
11535
9457
9508
11536
9458
9509
11537
9459
9510
11538
9460
9511
11539
9461
9512
11540
9462
9513
11541
9463
9514
11542
9515
11543
9465
9516
11544
9466
9517
11545
9467
9518
11546
9468
9519
11547
9469
9520
11548
9470
9521
11549
9471
9522
11550
9472
9523
11551
9473
9524
11552
9474
9525
11553
9475
9526
11554
9476
9527
11555
9477
9528
11556
9478
9529
11557
9479
9530
11558
9480
9531
11559
9481
9532
11560
9482
9533
11561
9483
9534
11562
9484
9535
11563
9485
9536
11564
9486
9537
11565
9487
9538
11566
9488
9539
11567
9489
9540
11568
9490
9541
11569
9491
9542
11570
9492
9543
11571
9493
9544
11572
9494
9545
11573
9495
9546
11574
9496
9547
11575
9497
9548
11576
9498
9549
11577
9499
9550
11578
9500
9551
11579
9501
9552
11580
9502
9553
11581
9503
9554
11582
9504
9555
11583
9505
9556
11584
9506
9557
11585
9507
9558
11586
9508
9559
11587
9509
9560
11588
9510
9561
11589
9511
9562
11590
9512
9563
11591
9513
9564
11592
9514
9565
11593
9515
9566
11594
9567
11595
9517
9568
11596
9518
9569
11597
9519
9570
11598
9520
9571
11599
9521
9572
11600
9522
9573
11601
9523
9574
11602
9524
9575
11603
9525
9576
11604
9526
9577
11605
9527
9578
11606
9528
9579
11607
9529
9580
11608
9530
9581
11609
9531
9582
11610
9532
9583
11611
9533
9584
11612
9534
9585
11613
9535
9586
11614
9536
9587
11615
9537
9588
11616
9538
9589
11617
9539
9590
11618
9540
9591
11619
9541
9592
11620
9542
9593
11621
9543
9594
11622
9544
9595
11623
9545
9596
11624
9546
9597
11625
9547
9598
11626
9548
9599
11627
9549
9600
11628
9550
9601
11629
9551
9602
11630
9552
9603
11631
9553
9604
11632
9554
9605
11633
9555
9606
11634
9556
9607
11635
9557
9608
11636
9558
9609
11637
9559
9610
11638
9560
9611
11639
9561
9612
11640
9562
9613
11641
9563
9614
11642
9564
9615
11643
9565
9616
11644
9566
9617
11645
9567
9618
11646
9619
11647
9569
9620
11648
9570
9621
11649
9571
9622
11650
9572
9623
11651
9573
9624
11652
9574
9625
11653
9575
9626
11654
9576
9627
11655
9577
9628
11656
9578
9629
11657
9579
9630
11658
9580
9631
11659
9581
9632
11660
9582
9633
11661
9583
9634
11662
9584
9635
11663
9585
9636
11664
9586
9637
11665
9587
9638
11666
9588
9639
11667
9589
9640
11668
9590
9641
11669
9591
9642
11670
9592
9643
11671
9593
9644
11672
9594
9645
11673
9595
9646
11674
9596
9647
11675
9597
9648
11676
9598
9649
11677
9599
9650
11678
9600
9651
11679
9601
9652
11680
9602
9653
11681
9603
9654
11682
9604
9655
11683
9605
9656
11684
9606
9657
11685
9607
9658
11686
9608
9659
11687
9609
9660
11688
9610
9661
11689
9611
9662
11690
9612
9663
11691
9613
9664
11692
9614
9665
11693
9615
9666
11694
9616
9667
11695
9617
9668
11696
9618
9669
11697
9619
9670
11698
9671
11699
9621
9672
11700
9622
9673
11701
9623
9674
11702
9624
9675
11703
9625
9676
11704
9626
9677
11705
9627
9678
11706
9628
9679
11707
9629
9680
11708
9630
9681
11709
9631
9682
11710
9632
9683
11711
9633
9684
11712
9634
9685
11713
9635
9686
11714
9636
9687
11715
9637
9688
11716
9638
9689
11717
9639
9690
11718
9640
9691
11719
9641
9692
11720
9642
9693
11721
9643
9694
11722
9644
9695
11723
9645
9696
11724
9646
9697
11725
9647
9698
11726
9648
9699
11727
9649
9700
11728
9650
9701
11729
9651
9702
11730
9652
9703
11731
9653
9704
11732
9654
9705
11733
9655
9706
11734
9656
9707
11735
9657
9708
11736
9658
9709
11737
9659
9710
11738
9660
9711
11739
9661
9712
11740
9662
9713
11741
9663
9714
11742
9664
9715
11743
9665
9716
11744
9666
9717
11745
9667
9718
11746
9668
9719
11747
9669
9720
11748
9670
9721
11749
9671
9722
11750
9723
11751
9673
9724
11752
9674
9725
11753
9675
9726
11754
9676
9727
11755
9677
9728
11756
9678
9729
11757
9679
9730
11758
9680
9731
11759
9681
9732
11760
9682
9733
11761
9683
9734
11762
9684
9735
11763
9685
9736
11764
9686
9737
11765
9687
9738
11766
9688
9739
11767
9689
9740
11768
9690
9741
11769
9691
9742
11770
9692
9743
11771
9693
9744
11772
9694
9745
11773
9695
9746
11774
9696
9747
11775
9697
9748
11776
9698
9749
11777
9699
9750
11778
9700
9751
11779
9701
9752
11780
9702
9753
11781
9703
9754
11782
9704
9755
11783
9705
9756
11784
9706
9757
11785
9707
9758
11786
9708
9759
11787
9709
9760
11788
9710
9761
11789
9711
9762
11790
9712
9763
11791
9713
9764
11792
9714
9765
11793
9715
9766
11794
9716
9767
11795
9717
9768
11796
9718
9769
11797
9719
9770
11798
9720
9771
11799
9721
9772
11800
9722
9773
11801
9723
9774
11802
9775
11803
9725
9776
11804
9726
9777
11805
9727
9778
11806
9728
9779
11807
9729
9780
11808
9730
9781
11809
9731
9782
11810
9732
9783
11811
9733
9784
11812
9734
9785
11813
9735
9786
11814
9736
9787
11815
9737
9788
11816
9738
9789
11817
9739
9790
11818
9740
9791
11819
9741
9792
11820
9742
9793
11821
9743
9794
11822
9744
9795
11823
9745
9796
11824
9746
9797
11825
9747
9798
11826
9748
9799
11827
9749
9800
11828
9750
9801
11829
9751
9802
11830
9752
9803
11831
9753
9804
11832
9754
9805
11833
9755
9806
11834
9756
9807
11835
9757
9808
11836
9758
9809
11837
9759
9810
11838
9760
9811
11839
9761
9812
11840
9762
9813
11841
9763
9814
11842
9764
9815
11843
9765
9816
11844
9766
9817
11845
9767
9818
11846
9768
9819
11847
9769
9820
11848
9770
9821
11849
9771
9822
11850
9772
9823
11851
9773
9824
11852
9774
9825
11853
9775
9826
11854
9827
11855
9777
9828
11856
9778
9829
11857
9779
9830
11858
9780
9831
11859
9781
9832
11860
9782
9833
11861
9783
9834
11862
9784
9835
11863
9785
9836
11864
9786
9837
11865
9787
9838
11866
9788
9839
11867
9789
9840
11868
9790
9841
11869
9791
9842
11870
9792
9843
11871
9793
9844
11872
9794
9845
11873
9795
9846
11874
9796
9847
11875
9797
9848
11876
9798
9849
11877
9799
9850
11878
9800
9851
11879
9801
9852
11880
9802
9853
11881
9803
9854
11882
9804
9855
11883
9805
9856
11884
9806
9857
11885
9807
9858
11886
9808
9859
11887
9809
9860
11888
9810
9861
11889
9811
9862
11890
9812
9863
11891
9813
9864
11892
9814
9865
11893
9815
9866
11894
9816
9867
11895
9817
9868
11896
9818
9869
11897
9819
9870
11898
9820
9871
11899
9821
9872
11900
9822
9873
11901
9823
9874
11902
9824
9875
11903
9825
9876
11904
9826
9877
11905
9827
9878
11906
9879
11907
9829
9880
11908
9830
9881
11909
9831
9882
11910
9832
9883
11911
9833
9884
11912
9834
9885
11913
9835
9886
11914
9836
9887
11915
9837
9888
11916
9838
9889
11917
9839
9890
11918
9840
9891
11919
9841
9892
11920
9842
9893
11921
9843
9894
11922
9844
9895
11923
9845
9896
11924
9846
9897
11925
9847
9898
11926
9848
9899
11927
9849
9900
11928
9850
9901
11929
9851
9902
11930
9852
9903
11931
9853
9904
11932
9854
9905
11933
9855
9906
11934
9856
9907
11935
9857
9908
11936
9858
9909
11937
9859
9910
11938
9860
9911
11939
9861
9912
11940
9862
9913
11941
9863
9914
11942
9864
9915
11943
9865
9916
11944
9866
9917
11945
9867
9918
11946
9868
9919
11947
9869
9920
11948
9870
9921
11949
9871
9922
11950
9872
9923
11951
9873
9924
11952
9874
9925
11953
9875
9926
11954
9876
9927
11955
9877
9928
11956
9878
9929
11957
9879
9930
11958
9931
11959
9881
9932
11960
9882
9933
11961
9883
9934
11962
9884
9935
11963
9885
9936
11964
9886
9937
11965
9887
9938
11966
9888
9939
11967
9889
9940
11968
9890
9941
11969
9891
9942
11970
9892
9943
11971
9893
9944
11972
9894
9945
11973
9895
9946
11974
9896
9947
11975
9897
9948
11976
9898
9949
11977
9899
9950
11978
9900
9951
11979
9901
9952
11980
9902
9953
11981
9903
9954
11982
9904
9955
11983
9905
9956
11984
9906
9957
11985
9907
9958
11986
9908
9959
11987
9909
9960
11988
9910
9961
11989
9911
9962
11990
9912
9963
11991
9913
9964
11992
9914
9965
11993
9915
9966
11994
9916
9967
11995
9917
9968
11996
9918
9969
11997
9919
9970
11998
9920
9971
11999
9921
9972
12000
9922
9973
12001
9923
9974
12002
9924
9975
12003
9925
9976
12004
9926
9977
12005
9927
9978
12006
9928
9979
12007
9929
9980
12008
9930
9981
12009
9931
9982
12010
9983
12011
9933
9984
12012
9934
9985
12013
9935
9986
12014
9936
9987
12015
9937
9988
12016
9938
9989
12017
9939
9990
12018
9940
9991
12019
9941
9992
12020
9942
9993
12021
9943
9994
12022
9944
9995
12023
9945
9996
12024
9946
9997
12025
9947
9998
12026
9948
9999
12027
9949
10000
12028
9950
10001
12029
9951
10002
12030
9952
10003
12031
9953
10004
12032
9954
10005
12033
9955
10006
12034
9956
10007
12035
9957
10008
12036
9958
10009
12037
9959
10010
12038
9960
10011
12039
9961
10012
12040
9962
10013
12041
9963
10014
12042
9964
10015
12043
9965
10016
12044
9966
10017
12045
9967
10018
12046
9968
10019
12047
9969
10020
12048
9970
10021
12049
9971
10022
12050
9972
10023
12051
9973
10024
12052
9974
10025
12053
9975
10026
12054
9976
10027
12055
9977
10028
12056
9978
10029
12057
9979
10030
12058
9980
10031
12059
9981
10032
12060
9982
10033
12061
9983
10034
12062
10035
12063
9985
10036
12064
9986
10037
12065
9987
10038
12066
9988
10039
12067
9989
10040
12068
9990
10041
12069
9991
10042
12070
9992
10043
12071
9993
10044
12072
9994
10045
12073
9995
10046
12074
9996
10047
12075
9997
10048
12076
9998
10049
12077
9999
10050
12078
10000
10051
12079
10001
10052
12080
10002
10053
12081
10003
10054
12082
10004
10055
12083
10005
10056
12084
10006
10057
12085
10007
10058
12086
10008
10059
12087
10009
10060
12088
10010
10061
12089
10011
10062
12090
10012
10063
12091
10013
10064
12092
10014
10065
12093
10015
10066
12094
10016
10067
12095
10017
10068
12096
10018
10069
12097
10019
10070
12098
10020
10071
12099
10021
10072
12100
10022
10073
12101
10023
10074
12102
10024
10075
12103
10025
10076
12104
10026
10077
12105
10027
10078
12106
10028
10079
12107
10029
10080
12108
10030
10081
12109
10031
10082
12110
10032
10083
12111
10033
10084
12112
10034
10085
12113
10035
10086
12114
10087
12115
10037
10088
12116
10038
10089
12117
10039
10090
12118
10040
10091
12119
10041
10092
12120
10042
10093
12121
10043
10094
12122
10044
10095
12123
10045
10096
12124
10046
10097
12125
10047
10098
12126
10048
10099
12127
10049
10100
12128
10050
10101
12129
10051
10102
12130
10052
10103
12131
10053
10104
12132
10054
10105
12133
10055
10106
12134
10056
10107
12135
10057
10108
12136
10058
10109
12137
10059
10110
12138
10060
10111
12139
10061
10112
12140
10062
10113
12141
10063
10114
12142
10064
10115
12143
10065
10116
12144
10066
10117
12145
10067
10118
12146
10068
10119
12147
10069
10120
12148
10070
10121
12149
10071
10122
12150
10072
10123
12151
10073
10124
12152
10074
10125
12153
10075
10126
12154
10076
10127
12155
10077
10128
12156
10078
10129
12157
10079
10130
12158
10080
10131
12159
10081
10132
12160
10082
10133
12161
10083
10134
12162
10084
10135
12163
10085
10136
12164
10086
10137
12165
10087
10138
12166
10139
12167
10089
10140
12168
10090
10141
12169
10091
10142
12170
10092
10143
12171
10093
10144
12172
10094
10145
12173
10095
10146
12174
10096
10147
12175
10097
10148
12176
10098
10149
12177
10099
10150
12178
10100
10151
12179
10101
10152
12180
10102
10153
12181
10103
10154
12182
10104
10155
12183
10105
10156
12184
10106
10157
12185
10107
10158
12186
10108
10159
12187
10109
10160
12188
10110
10161
12189
10111
10162
12190
10112
10163
12191
10113
10164
12192
10114
10165
12193
10115
10166
12194
10116
10167
12195
10117
10168
12196
10118
10169
12197
10119
10170
12198
10120
10171
12199
10121
10172
12200
10122
10173
12201
10123
10174
12202
10124
10175
12203
10125
10176
12204
10126
10177
12205
10127
10178
12206
10128
10179
12207
10129
10180
12208
10130
10181
12209
10131
10182
12210
10132
10183
12211
10133
10184
12212
10134
10185
12213
10135
10186
12214
10136
10187
12215
10137
10188
12216
10138
10189
12217
10139
10190
12218
10191
12219
10141
10192
12220
10142
10193
12221
10143
10194
12222
10144
10195
12223
10145
10196
12224
10146
10197
12225
10147
10198
12226
10148
10199
12227
10149
10200
12228
10150
10201
12229
10151
10202
12230
10152
10203
12231
10153
10204
12232
10154
10205
12233
10155
10206
12234
10156
10207
12235
10157
10208
12236
10158
10209
12237
10159
10210
12238
10160
10211
12239
10161
10212
12240
10162
10213
12241
10163
10214
12242
10164
10215
12243
10165
10216
12244
10166
10217
12245
10167
10218
12246
10168
10219
12247
10169
10220
12248
10170
10221
12249
10171
10222
12250
10172
10223
12251
10173
10224
12252
10174
10225
12253
10175
10226
12254
10176
10227
12255
10177
10228
12256
10178
10229
12257
10179
10230
12258
10180
10231
12259
10181
10232
12260
10182
10233
12261
10183
10234
12262
10184
10235
12263
10185
10236
12264
10186
10237
12265
10187
10238
12266
10188
10239
12267
10189
10240
12268
10190
10241
12269
10191
10242
12270
10243
12271
10193
10244
12272
10194
10245
12273
10195
10246
12274
10196
10247
12275
10197
10248
12276
10198
10249
12277
10199
10250
12278
10200
10251
12279
10201
10252
12280
10202
10253
12281
10203
10254
12282
10204
10255
12283
10205
10256
12284
10206
10257
12285
10207
10258
12286
10208
10259
12287
10209
10260
12288
10210
10261
12289
10211
10262
12290
10212
10263
12291
10213
10264
12292
10214
10265
12293
10215
10266
12294
10216
10267
12295
10217
10268
12296
10218
10269
12297
10219
10270
12298
10220
10271
12299
10221
10272
12300
10222
10273
12301
10223
10274
12302
10224
10275
12303
10225
10276
12304
10226
10277
12305
10227
10278
12306
10228
10279
12307
10229
10280
12308
10230
10281
12309
10231
10282
12310
10232
10283
12311
10233
10284
12312
10234
10285
12313
10235
10286
12314
10236
10287
12315
10237
10288
12316
10238
10289
12317
10239
10290
12318
10240
10291
12319
10241
10292
12320
10242
10293
12321
10243
10294
12322
10295
12323
10245
10296
12324
10246
10297
12325
10247
10298
12326
10248
10299
12327
10249
10300
12328
10250
10301
12329
10251
10302
12330
10252
10303
12331
10253
10304
12332
10254
10305
12333
10255
10306
12334
10256
10307
12335
10257
10308
12336
10258
10309
12337
10259
10310
12338
10260
10311
12339
10261
10312
12340
10262
10313
12341
10263
10314
12342
10264
10315
12343
10265
10316
12344
10266
10317
12345
10267
10318
12346
10268
10319
12347
10269
10320
12348
10270
10321
12349
10271
10322
12350
10272
10323
12351
10273
10324
12352
10274
10325
12353
10275
10326
12354
10276
10327
12355
10277
10328
12356
10278
10329
12357
10279
10330
12358
10280
10331
12359
10281
10332
12360
10282
10333
12361
10283
10334
12362
10284
10335
12363
10285
10336
12364
10286
10337
12365
10287
10338
12366
10288
10339
12367
10289
10340
12368
10290
10341
12369
10291
10342
12370
10292
10343
12371
10293
10344
12372
10294
10345
12373
10295
10346
12374
10347
12375
10297
10348
12376
10298
10349
12377
10299
10350
12378
10300
10351
12379
10301
10352
12380
10302
10353
12381
10303
10354
12382
10304
10355
12383
10305
10356
12384
10306
10357
12385
10307
10358
12386
10308
10359
12387
10309
10360
12388
10310
10361
12389
10311
10362
12390
10312
10363
12391
10313
10364
12392
10314
10365
12393
10315
10366
12394
10316
10367
12395
10317
10368
12396
10318
10369
12397
10319
10370
12398
10320
10371
12399
10321
10372
12400
10322
10373
12401
10323
10374
12402
10324
10375
12403
10325
10376
12404
10326
10377
12405
10327
10378
12406
10328
10379
12407
10329
10380
12408
10330
10381
12409
10331
10382
12410
10332
10383
12411
10333
10384
12412
10334
10385
12413
10335
10386
12414
10336
10387
12415
10337
10388
12416
10338
10389
12417
10339
10390
12418
10340
10391
12419
10341
10392
12420
10342
10393
12421
10343
10394
12422
10344
10395
12423
10345
10396
12424
10346
10397
12425
10347
10398
12426
10399
12427
10349
12428
10350
12429
10351
12430
10352
12431
10353
12432
10354
12433
10355
12434
10356
12435
10357
12436
10358
12437
10359
12438
10360
12439
10361
12440
10362
12441
10363
12442
10364
12443
10365
12444
10366
12445
10367
12446
10368
12447
10369
12448
10370
12449
10371
12450
10372
12451
10373
12452
10374
12453
10375
12454
10376
12455
10377
12456
10378
12457
10379
12458
10380
12459
10381
12460
10382
12461
10383
12462
10384
12463
10385
12464
10386
12465
10387
12466
10388
12467
10389
12468
10390
12469
10391
12470
10392
12471
10393
12472
10394
12473
10395
12474
10396
12475
10397
12476
10398
12477
10399
12478
12479
10401
10452
12480
10402
10453
12481
10403
10454
12482
10404
10455
12483
10405
10456
12484
10406
10457
12485
10407
10458
12486
10408
10459
12487
10409
10460
12488
10410
10461
12489
10411
10462
12490
10412
10463
12491
10413
10464
12492
10414
10465
12493
10415
10466
12494
10416
10467
12495
10417
10468
12496
10418
10469
12497
10419
10470
12498
10420
10471
12499
10421
10472
12500
10422
10473
12501
10423
10474
12502
10424
10475
12503
10425
10476
12504
10426
10477
12505
10427
10478
12506
10428
10479
12507
10429
10480
12508
10430
10481
12509
10431
10482
12510
10432
10483
12511
10433
10484
12512
10434
10485
12513
10435
10486
12514
10436
10487
12515
10437
10488
12516
10438
10489
12517
10439
10490
12518
10440
10491
12519
10441
10492
12520
10442
10493
12521
10443
10494
12522
10444
10495
12523
10445
10496
12524
10446
10497
12525
10447
10498
12526
10448
10499
12527
10449
10500
12528
10450
10501
12529
10451
10502
12530
10503
12531
10453
10504
12532
10454
10505
12533
10455
10506
12534
10456
10507
12535
10457
10508
12536
10458
10509
12537
10459
10510
12538
10460
10511
12539
10461
10512
12540
10462
10513
12541
10463
10514
12542
10464
10515
12543
10465
10516
12544
10466
10517
12545
10467
10518
12546
10468
10519
12547
10469
10520
12548
10470
10521
12549
10471
10522
12550
10472
10523
12551
10473
10524
12552
10474
10525
12553
10475
10526
12554
10476
10527
12555
10477
10528
12556
10478
10529
12557
10479
10530
12558
10480
10531
12559
10481
10532
12560
10482
10533
12561
10483
10534
12562
10484
10535
12563
10485
10536
12564
10486
10537
12565
10487
10538
12566
10488
10539
12567
10489
10540
12568
10490
10541
12569
10491
10542
12570
10492
10543
12571
10493
10544
12572
10494
10545
12573
10495
10546
12574
10496
10547
12575
10497
10548
12576
10498
10549
12577
10499
10550
12578
10500
10551
12579
10501
10552
12580
10502
10553
12581
10503
10554
12582
10555
12583
10505
10556
12584
10506
10557
12585
10507
10558
12586
10508
10559
12587
10509
10560
12588
10510
10561
12589
10511
10562
12590
10512
10563
12591
10513
10564
12592
10514
10565
12593
10515
10566
12594
10516
10567
12595
10517
10568
12596
10518
10569
12597
10519
10570
12598
10520
10571
12599
10521
10572
12600
10522
10573
12601
10523
10574
12602
10524
10575
12603
10525
10576
12604
10526
10577
12605
10527
10578
12606
10528
10579
12607
10529
10580
12608
10530
10581
12609
10531
10582
12610
10532
10583
12611
10533
10584
12612
10534
10585
12613
10535
10586
12614
10536
10587
12615
10537
10588
12616
10538
10589
12617
10539
10590
12618
10540
10591
12619
10541
10592
12620
10542
10593
12621
10543
10594
12622
10544
10595
12623
10545
10596
12624
10546
10597
12625
10547
10598
12626
10548
10599
12627
10549
10600
12628
10550
10601
12629
10551
10602
12630
10552
10603
12631
10553
10604
12632
10554
10605
12633
10555
10606
12634
10607
12635
10557
10608
12636
10558
10609
12637
10559
10610
12638
10560
10611
12639
10561
10612
12640
10562
10613
12641
10563
10614
12642
10564
10615
12643
10565
10616
12644
10566
10617
12645
10567
10618
12646
10568
10619
12647
10569
10620
12648
10570
10621
12649
10571
10622
12650
10572
10623
12651
10573
10624
12652
10574
10625
12653
10575
10626
12654
10576
10627
12655
10577
10628
12656
10578
10629
12657
10579
10630
12658
10580
10631
12659
10581
10632
12660
10582
10633
12661
10583
10634
12662
10584
10635
12663
10585
10636
12664
10586
10637
12665
10587
10638
12666
10588
10639
12667
10589
10640
12668
10590
10641
12669
10591
10642
12670
10592
10643
12671
10593
10644
12672
10594
10645
12673
10595
10646
12674
10596
10647
12675
10597
10648
12676
10598
10649
12677
10599
10650
12678
10600
10651
12679
10601
10652
12680
10602
10653
12681
10603
10654
12682
10604
10655
12683
10605
10656
12684
10606
10657
12685
10607
10658
12686
10659
12687
10609
10660
12688
10610
10661
12689
10611
10662
12690
10612
10663
12691
10613
10664
12692
10614
10665
12693
10615
10666
12694
10616
10667
12695
10617
10668
12696
10618
10669
12697
10619
10670
12698
10620
10671
12699
10621
10672
12700
10622
10673
12701
10623
10674
12702
10624
10675
12703
10625
10676
12704
10626
10677
12705
10627
10678
12706
10628
10679
12707
10629
10680
12708
10630
10681
12709
10631
10682
12710
10632
10683
12711
10633
10684
12712
10634
10685
12713
10635
10686
12714
10636
10687
12715
10637
10688
12716
10638
10689
12717
10639
10690
12718
10640
10691
12719
10641
10692
12720
10642
10693
12721
10643
10694
12722
10644
10695
12723
10645
10696
12724
10646
10697
12725
10647
10698
12726
10648
10699
12727
10649
10700
12728
10650
10701
12729
10651
10702
12730
10652
10703
12731
10653
10704
12732
10654
10705
12733
10655
10706
12734
10656
10707
12735
10657
10708
12736
10658
10709
12737
10659
10710
12738
10711
12739
10661
10712
12740
10662
10713
12741
10663
10714
12742
10664
10715
12743
10665
10716
12744
10666
10717
12745
10667
10718
12746
10668
10719
12747
10669
10720
12748
10670
10721
12749
10671
10722
12750
10672
10723
12751
10673
10724
12752
10674
10725
12753
10675
10726
12754
10676
10727
12755
10677
10728
12756
10678
10729
12757
10679
10730
12758
10680
10731
12759
10681
10732
12760
10682
10733
12761
10683
10734
12762
10684
10735
12763
10685
10736
12764
10686
10737
12765
10687
10738
12766
10688
10739
12767
10689
10740
12768
10690
10741
12769
10691
10742
12770
10692
10743
12771
10693
10744
12772
10694
10745
12773
10695
10746
12774
10696
10747
12775
10697
10748
12776
10698
10749
12777
10699
10750
12778
10700
10751
12779
10701
10752
12780
10702
10753
12781
10703
10754
12782
10704
10755
12783
10705
10756
12784
10706
10757
12785
10707
10758
12786
10708
10759
12787
10709
10760
12788
10710
10761
12789
10711
10762
12790
10763
12791
10713
10764
12792
10714
10765
12793
10715
10766
12794
10716
10767
12795
10717
10768
12796
10718
10769
12797
10719
10770
12798
10720
10771
12799
10721
10772
12800
10722
10773
12801
10723
10774
12802
10724
10775
12803
10725
10776
12804
10726
10777
12805
10727
10778
12806
10728
10779
12807
10729
10780
12808
10730
10781
12809
10731
10782
12810
10732
10783
12811
10733
10784
12812
10734
10785
12813
10735
10786
12814
10736
10787
12815
10737
10788
12816
10738
10789
12817
10739
10790
12818
10740
10791
12819
10741
10792
12820
10742
10793
12821
10743
10794
12822
10744
10795
12823
10745
10796
12824
10746
10797
12825
10747
10798
12826
10748
10799
12827
10749
10800
12828
10750
10801
12829
10751
10802
12830
10752
10803
12831
10753
10804
12832
10754
10805
12833
10755
10806
12834
10756
10807
12835
10757
10808
12836
10758
10809
12837
10759
10810
12838
10760
10811
12839
10761
10812
12840
10762
10813
12841
10763
10814
12842
10815
12843
10765
10816
12844
10766
10817
12845
10767
10818
12846
10768
10819
12847
10769
10820
12848
10770
10821
12849
10771
10822
12850
10772
10823
12851
10773
10824
12852
10774
10825
12853
10775
10826
12854
10776
10827
12855
10777
10828
12856
10778
10829
12857
10779
10830
12858
10780
10831
12859
10781
10832
12860
10782
10833
12861
10783
10834
12862
10784
10835
12863
10785
10836
12864
10786
10837
12865
10787
10838
12866
10788
10839
12867
10789
10840
12868
10790
10841
12869
10791
10842
12870
10792
10843
12871
10793
10844
12872
10794
10845
12873
10795
10846
12874
10796
10847
12875
10797
10848
12876
10798
10849
12877
10799
10850
12878
10800
10851
12879
10801
10852
12880
10802
10853
12881
10803
10854
12882
10804
10855
12883
10805
10856
12884
10806
10857
12885
10807
10858
12886
10808
10859
12887
10809
10860
12888
10810
10861
12889
10811
10862
12890
10812
10863
12891
10813
10864
12892
10814
10865
12893
10815
10866
12894
10867
12895
10817
10868
12896
10818
10869
12897
10819
10870
12898
10820
10871
12899
10821
10872
12900
10822
10873
12901
10823
10874
12902
10824
10875
12903
10825
10876
12904
10826
10877
12905
10827
10878
12906
10828
10879
12907
10829
10880
12908
10830
10881
12909
10831
10882
12910
10832
10883
12911
10833
10884
12912
10834
10885
12913
10835
10886
12914
10836
10887
12915
10837
10888
12916
10838
10889
12917
10839
10890
12918
10840
10891
12919
10841
10892
12920
10842
10893
12921
10843
10894
12922
10844
10895
12923
10845
10896
12924
10846
10897
12925
10847
10898
12926
10848
10899
12927
10849
10900
12928
10850
10901
12929
10851
10902
12930
10852
10903
12931
10853
10904
12932
10854
10905
12933
10855
10906
12934
10856
10907
12935
10857
10908
12936
10858
10909
12937
10859
10910
12938
10860
10911
12939
10861
10912
12940
10862
10913
12941
10863
10914
12942
10864
10915
12943
10865
10916
12944
10866
10917
12945
10867
10918
12946
10919
12947
10869
10920
12948
10870
10921
12949
10871
10922
12950
10872
10923
12951
10873
10924
12952
10874
10925
12953
10875
10926
12954
10876
10927
12955
10877
10928
12956
10878
10929
12957
10879
10930
12958
10880
10931
12959
10881
10932
12960
10882
10933
12961
10883
10934
12962
10884
10935
12963
10885
10936
12964
10886
10937
12965
10887
10938
12966
10888
10939
12967
10889
10940
12968
10890
10941
12969
10891
10942
12970
10892
10943
12971
10893
10944
12972
10894
10945
12973
10895
10946
12974
10896
10947
12975
10897
10948
12976
10898
10949
12977
10899
10950
12978
10900
10951
12979
10901
10952
12980
10902
10953
12981
10903
10954
12982
10904
10955
12983
10905
10956
12984
10906
10957
12985
10907
10958
12986
10908
10959
12987
10909
10960
12988
10910
10961
12989
10911
10962
12990
10912
10963
12991
10913
10964
12992
10914
10965
12993
10915
10966
12994
10916
10967
12995
10917
10968
12996
10918
10969
12997
10919
10970
12998
10971
12999
10921
10972
13000
10922
10973
13001
10923
10974
13002
10924
10975
13003
10925
10976
13004
10926
10977
13005
10927
10978
13006
10928
10979
13007
10929
10980
13008
10930
10981
13009
10931
10982
13010
10932
10983
13011
10933
10984
13012
10934
10985
13013
10935
10986
13014
10936
10987
13015
10937
10988
13016
10938
10989
13017
10939
10990
13018
10940
10991
13019
10941
10992
13020
10942
10993
13021
10943
10994
13022
10944
10995
13023
10945
10996
13024
10946
10997
13025
10947
10998
13026
10948
10999
13027
10949
11000
13028
10950
11001
13029
10951
11002
13030
10952
11003
13031
10953
11004
13032
10954
11005
13033
10955
11006
13034
10956
11007
13035
10957
11008
13036
10958
11009
13037
10959
11010
13038
10960
11011
13039
10961
11012
13040
10962
11013
13041
10963
11014
13042
10964
11015
13043
10965
11016
13044
10966
11017
13045
10967
11018
13046
10968
11019
13047
10969
11020
13048
10970
11021
13049
10971
11022
13050
11023
13051
10973
11024
13052
10974
11025
13053
10975
11026
13054
10976
11027
13055
10977
11028
13056
10978
11029
13057
10979
11030
13058
10980
11031
13059
10981
11032
13060
10982
11033
13061
10983
11034
13062
10984
11035
13063
10985
11036
13064
10986
11037
13065
10987
11038
13066
10988
11039
13067
10989
11040
13068
10990
11041
13069
10991
11042
13070
10992
11043
13071
10993
11044
13072
10994
11045
13073
10995
11046
13074
10996
11047
13075
10997
11048
13076
10998
11049
13077
10999
11050
13078
11000
11051
13079
11001
11052
13080
11002
11053
13081
11003
11054
13082
11004
11055
13083
11005
11056
13084
11006
11057
13085
11007
11058
13086
11008
11059
13087
11009
11060
13088
11010
11061
13089
11011
11062
13090
11012
11063
13091
11013
11064
13092
11014
11065
13093
11015
11066
13094
11016
11067
13095
11017
11068
13096
11018
11069
13097
11019
11070
13098
11020
11071
13099
11021
11072
13100
11022
11073
13101
11023
11074
13102
11075
13103
11025
11076
13104
11026
11077
13105
11027
11078
13106
11028
11079
13107
11029
11080
13108
11030
11081
13109
11031
11082
13110
11032
11083
13111
11033
11084
13112
11034
11085
13113
11035
11086
13114
11036
11087
13115
11037
11088
13116
11038
11089
13117
11039
11090
13118
11040
11091
13119
11041
11092
13120
11042
11093
13121
11043
11094
13122
11044
11095
13123
11045
11096
13124
11046
11097
13125
11047
11098
13126
11048
11099
13127
11049
11100
13128
11050
11101
13129
11051
11102
13130
11052
11103
13131
11053
11104
13132
11054
11105
13133
11055
11106
13134
11056
11107
13135
11057
11108
13136
11058
11109
13137
11059
11110
13138
11060
11111
13139
11061
11112
13140
11062
11113
13141
11063
11114
13142
11064
11115
13143
11065
11116
13144
11066
11117
13145
11067
11118
13146
11068
11119
13147
11069
11120
13148
11070
11121
13149
11071
11122
13150
11072
11123
13151
11073
11124
13152
11074
11125
13153
11075
11126
13154
11127
13155
11077
11128
13156
11078
11129
13157
11079
11130
13158
11080
11131
13159
11081
11132
13160
11082
11133
13161
11083
11134
13162
11084
11135
13163
11085
11136
13164
11086
11137
13165
11087
11138
13166
11088
11139
13167
11089
11140
13168
11090
11141
13169
11091
11142
13170
11092
11143
13171
11093
11144
13172
11094
11145
13173
11095
11146
13174
11096
11147
13175
11097
11148
13176
11098
11149
13177
11099
11150
13178
11100
11151
13179
11101
11152
13180
11102
11153
13181
11103
11154
13182
11104
11155
13183
11105
11156
13184
11106
11157
13185
11107
11158
13186
11108
11159
13187
11109
11160
13188
11110
11161
13189
11111
11162
13190
11112
11163
13191
11113
11164
13192
11114
11165
13193
11115
11166
13194
11116
11167
13195
11117
11168
13196
11118
11169
13197
11119
11170
13198
11120
11171
13199
11121
11172
13200
11122
11173
13201
11123
11174
13202
11124
11175
13203
11125
11176
13204
11126
11177
13205
11127
11178
13206
11179
13207
11129
11180
13208
11130
11181
13209
11131
11182
13210
11132
11183
13211
11133
11184
13212
11134
11185
13213
11135
11186
13214
11136
11187
13215
11137
11188
13216
11138
11189
13217
11139
11190
13218
11140
11191
13219
11141
11192
13220
11142
11193
13221
11143
11194
13222
11144
11195
13223
11145
11196
13224
11146
11197
13225
11147
11198
13226
11148
11199
13227
11149
11200
13228
11150
11201
13229
11151
11202
13230
11152
11203
13231
11153
11204
13232
11154
11205
13233
11155
11206
13234
11156
11207
13235
11157
11208
13236
11158
11209
13237
11159
11210
13238
11160
11211
13239
11161
11212
13240
11162
11213
13241
11163
11214
13242
11164
11215
13243
11165
11216
13244
11166
11217
13245
11167
11218
13246
11168
11219
13247
11169
11220
13248
11170
11221
13249
11171
11222
13250
11172
11223
13251
11173
11224
13252
11174
11225
13253
11175
11226
13254
11176
11227
13255
11177
11228
13256
11178
11229
13257
11179
11230
13258
11231
13259
11181
11232
13260
11182
11233
13261
11183
11234
13262
11184
11235
13263
11185
11236
13264
11186
11237
13265
11187
11238
13266
11188
11239
13267
11189
11240
13268
11190
11241
13269
11191
11242
13270
11192
11243
13271
11193
11244
13272
11194
11245
13273
11195
11246
13274
11196
11247
13275
11197
11248
13276
11198
11249
13277
11199
11250
13278
11200
11251
13279
11201
11252
13280
11202
11253
13281
11203
11254
13282
11204
11255
13283
11205
11256
13284
11206
11257
13285
11207
11258
13286
11208
11259
13287
11209
11260
13288
11210
11261
13289
11211
11262
13290
11212
11263
13291
11213
11264
13292
11214
11265
13293
11215
11266
13294
11216
11267
13295
11217
11268
13296
11218
11269
13297
11219
11270
13298
11220
11271
13299
11221
11272
13300
11222
11273
13301
11223
11274
13302
11224
11275
13303
11225
11276
13304
11226
11277
13305
11227
11278
13306
11228
11279
13307
11229
11280
13308
11230
11281
13309
11231
11282
13310
11283
13311
11233
11284
13312
11234
11285
13313
11235
11286
13314
11236
11287
13315
11237
11288
13316
11238
11289
13317
11239
11290
13318
11240
11291
13319
11241
11292
13320
11242
11293
13321
11243
11294
13322
11244
11295
13323
11245
11296
13324
11246
11297
13325
11247
11298
13326
11248
11299
13327
11249
11300
13328
11250
11301
13329
11251
11302
13330
11252
11303
13331
11253
11304
13332
11254
11305
13333
11255
11306
13334
11256
11307
13335
11257
11308
13336
11258
11309
13337
11259
11310
13338
11260
11311
13339
11261
11312
13340
11262
11313
13341
11263
11314
13342
11264
11315
13343
11265
11316
13344
11266
11317
13345
11267
11318
13346
11268
11319
13347
11269
11320
13348
11270
11321
13349
11271
11322
13350
11272
11323
13351
11273
11324
13352
11274
11325
13353
11275
11326
13354
11276
11327
13355
11277
11328
13356
11278
11329
13357
11279
11330
13358
11280
11331
13359
11281
11332
13360
11282
11333
13361
11283
11334
13362
11335
13363
11285
11336
13364
11286
11337
13365
11287
11338
13366
11288
11339
13367
11289
11340
13368
11290
11341
13369
11291
11342
13370
11292
11343
13371
11293
11344
13372
11294
11345
13373
11295
11346
13374
11296
11347
13375
11297
11348
13376
11298
11349
13377
11299
11350
13378
11300
11351
13379
11301
11352
13380
11302
11353
13381
11303
11354
13382
11304
11355
13383
11305
11356
13384
11306
11357
13385
11307
11358
13386
11308
11359
13387
11309
11360
13388
11310
11361
13389
11311
11362
13390
11312
11363
13391
11313
11364
13392
11314
11365
13393
11315
11366
13394
11316
11367
13395
11317
11368
13396
11318
11369
13397
11319
11370
13398
11320
11371
13399
11321
11372
13400
11322
11373
13401
11323
11374
13402
11324
11375
13403
11325
11376
13404
11326
11377
13405
11327
11378
13406
11328
11379
13407
11329
11380
13408
11330
11381
13409
11331
11382
13410
11332
11383
13411
11333
11384
13412
11334
11385
13413
11335
11386
13414
11387
13415
11337
11388
13416
11338
11389
13417
11339
11390
13418
11340
11391
13419
11341
11392
13420
11342
11393
13421
11343
11394
13422
11344
11395
13423
11345
11396
13424
11346
11397
13425
11347
11398
13426
11348
11399
13427
11349
11400
13428
11350
11401
13429
11351
11402
13430
11352
11403
13431
11353
11404
13432
11354
11405
13433
11355
11406
13434
11356
11407
13435
11357
11408
13436
11358
11409
13437
11359
11410
13438
11360
11411
13439
11361
11412
13440
11362
11413
13441
11363
11414
13442
11364
11415
13443
11365
11416
13444
11366
11417
13445
11367
11418
13446
11368
11419
13447
11369
11420
13448
11370
11421
13449
11371
11422
13450
11372
11423
13451
11373
11424
13452
11374
11425
13453
11375
11426
13454
11376
11427
13455
11377
11428
13456
11378
11429
13457
11379
11430
13458
11380
11431
13459
11381
11432
13460
11382
11433
13461
11383
11434
13462
11384
11435
13463
11385
11436
13464
11386
11437
13465
11387
11438
13466
11439
13467
11389
11440
13468
11390
11441
13469
11391
11442
13470
11392
11443
13471
11393
11444
13472
11394
11445
13473
11395
11446
13474
11396
11447
13475
11397
11448
13476
11398
11449
13477
11399
11450
13478
11400
11451
13479
11401
11452
13480
11402
11453
13481
11403
11454
13482
11404
11455
13483
11405
11456
13484
11406
11457
13485
11407
11458
13486
11408
11459
13487
11409
11460
13488
11410
11461
13489
11411
11462
13490
11412
11463
13491
11413
11464
13492
11414
11465
13493
11415
11466
13494
11416
11467
13495
11417
11468
13496
11418
11469
13497
11419
11470
13498
11420
11471
13499
11421
11472
13500
11422
11473
13501
11423
11474
13502
11424
11475
13503
11425
11476
13504
11426
11477
13505
11427
11478
13506
11428
11479
13507
11429
11480
13508
11430
11481
13509
11431
11482
13510
11432
11483
13511
11433
11484
13512
11434
11485
13513
11435
11486
13514
11436
11487
13515
11437
11488
13516
11438
11489
13517
11439
11490
13518
11491
13519
11441
11492
13520
11442
11493
13521
11443
11494
13522
11444
11495
13523
11445
11496
13524
11446
11497
13525
11447
11498
13526
11448
11499
13527
11449
11500
13528
11450
11501
13529
11451
11502
13530
11452
11503
13531
11453
11504
13532
11454
11505
13533
11455
11506
13534
11456
11507
13535
11457
11508
13536
11458
11509
13537
11459
11510
13538
11460
11511
13539
11461
11512
13540
11462
11513
13541
11463
11514
13542
11464
11515
13543
11465
11516
13544
11466
11517
13545
11467
11518
13546
11468
11519
13547
11469
11520
13548
11470
11521
13549
11471
11522
13550
11472
11523
13551
11473
11524
13552
11474
11525
13553
11475
11526
13554
11476
11527
13555
11477
11528
13556
11478
11529
13557
11479
11530
13558
11480
11531
13559
11481
11532
13560
11482
11533
13561
11483
11534
13562
11484
11535
13563
11485
11536
13564
11486
11537
13565
11487
11538
13566
11488
11539
13567
11489
11540
13568
11490
11541
13569
11491
11542
13570
11543
13571
11493
11544
13572
11494
11545
13573
11495
11546
13574
11496
11547
13575
11497
11548
13576
11498
11549
13577
11499
11550
13578
11500
11551
13579
11501
11552
13580
11502
11553
13581
11503
11554
13582
11504
11555
13583
11505
11556
13584
11506
11557
13585
11507
11558
13586
11508
11559
13587
11509
11560
13588
11510
11561
13589
11511
11562
13590
11512
11563
13591
11513
11564
13592
11514
11565
13593
11515
11566
13594
11516
11567
13595
11517
11568
13596
11518
11569
13597
11519
11570
13598
11520
11571
13599
11521
11572
13600
11522
11573
13601
11523
11574
13602
11524
11575
13603
11525
11576
13604
11526
11577
13605
11527
11578
13606
11528
11579
13607
11529
11580
13608
11530
11581
13609
11531
11582
13610
11532
11583
13611
11533
11584
13612
11534
11585
13613
11535
11586
13614
11536
11587
13615
11537
11588
13616
11538
11589
13617
11539
11590
13618
11540
11591
13619
11541
11592
13620
11542
11593
13621
11543
11594
13622
11595
13623
11545
11596
13624
11546
11597
13625
11547
11598
13626
11548
11599
13627
11549
11600
13628
11550
11601
13629
11551
11602
13630
11552
11603
13631
11553
11604
13632
11554
11605
13633
11555
11606
13634
11556
11607
13635
11557
11608
13636
11558
11609
13637
11559
11610
13638
11560
11611
13639
11561
11612
13640
11562
11613
13641
11563
11614
13642
11564
11615
13643
11565
11616
13644
11566
11617
13645
11567
11618
13646
11568
11619
13647
11569
11620
13648
11570
11621
13649
11571
11622
13650
11572
11623
13651
11573
11624
13652
11574
11625
13653
11575
11626
13654
11576
11627
13655
11577
11628
13656
11578
11629
13657
11579
11630
13658
11580
11631
13659
11581
11632
13660
11582
11633
13661
11583
11634
13662
11584
11635
13663
11585
11636
13664
11586
11637
13665
11587
11638
13666
11588
11639
13667
11589
11640
13668
11590
11641
13669
11591
11642
13670
11592
11643
13671
11593
11644
13672
11594
11645
13673
11595
11646
13674
11647
13675
11597
11648
13676
11598
11649
13677
11599
11650
13678
11600
11651
13679
11601
11652
13680
11602
11653
13681
11603
11654
13682
11604
11655
13683
11605
11656
13684
11606
11657
13685
11607
11658
13686
11608
11659
13687
11609
11660
13688
11610
11661
13689
11611
11662
13690
11612
11663
13691
11613
11664
13692
11614
11665
13693
11615
11666
13694
11616
11667
13695
11617
11668
13696
11618
11669
13697
11619
11670
13698
11620
11671
13699
11621
11672
13700
11622
11673
13701
11623
11674
13702
11624
11675
13703
11625
11676
13704
11626
11677
13705
11627
11678
13706
11628
11679
13707
11629
11680
13708
11630
11681
13709
11631
11682
13710
11632
11683
13711
11633
11684
13712
11634
11685
13713
11635
11686
13714
11636
11687
13715
11637
11688
13716
11638
11689
13717
11639
11690
13718
11640
11691
13719
11641
11692
13720
11642
11693
13721
11643
11694
13722
11644
11695
13723
11645
11696
13724
11646
11697
13725
11647
11698
13726
11699
13727
11649
11700
13728
11650
11701
13729
11651
11702
13730
11652
11703
13731
11653
11704
13732
11654
11705
13733
11655
11706
13734
11656
11707
13735
11657
11708
13736
11658
11709
13737
11659
11710
13738
11660
11711
13739
11661
11712
13740
11662
11713
13741
11663
11714
13742
11664
11715
13743
11665
11716
13744
11666
11717
13745
11667
11718
13746
11668
11719
13747
11669
11720
13748
11670
11721
13749
11671
11722
13750
11672
11723
13751
11673
11724
13752
11674
11725
13753
11675
11726
13754
11676
11727
13755
11677
11728
13756
11678
11729
13757
11679
11730
13758
11680
11731
13759
11681
11732
13760
11682
11733
13761
11683
11734
13762
11684
11735
13763
11685
11736
13764
11686
11737
13765
11687
11738
13766
11688
11739
13767
11689
11740
13768
11690
11741
13769
11691
11742
13770
11692
11743
13771
11693
11744
13772
11694
11745
13773
11695
11746
13774
11696
11747
13775
11697
11748
13776
11698
11749
13777
11699
11750
13778
11751
13779
11701
11752
13780
11702
11753
13781
11703
11754
13782
11704
11755
13783
11705
11756
13784
11706
11757
13785
11707
11758
13786
11708
11759
13787
11709
11760
13788
11710
11761
13789
11711
11762
13790
11712
11763
13791
11713
11764
13792
11714
11765
13793
11715
11766
13794
11716
11767
13795
11717
11768
13796
11718
11769
13797
11719
11770
13798
11720
11771
13799
11721
11772
13800
11722
11773
13801
11723
11774
13802
11724
11775
13803
11725
11776
13804
11726
11777
13805
11727
11778
13806
11728
11779
13807
11729
11780
13808
11730
11781
13809
11731
11782
13810
11732
11783
13811
11733
11784
13812
11734
11785
13813
11735
11786
13814
11736
11787
13815
11737
11788
13816
11738
11789
13817
11739
11790
13818
11740
11791
13819
11741
11792
13820
11742
11793
13821
11743
11794
13822
11744
11795
13823
11745
11796
13824
11746
11797
13825
11747
11798
13826
11748
11799
13827
11749
11800
13828
11750
11801
13829
11751
11802
13830
11803
13831
11753
11804
13832
11754
11805
13833
11755
11806
13834
11756
11807
13835
11757
11808
13836
11758
11809
13837
11759
11810
13838
11760
11811
13839
11761
11812
13840
11762
11813
13841
11763
11814
13842
11764
11815
13843
11765
11816
13844
11766
11817
13845
11767
11818
13846
11768
11819
13847
11769
11820
13848
11770
11821
13849
11771
11822
13850
11772
11823
13851
11773
11824
13852
11774
11825
13853
11775
11826
13854
11776
11827
13855
11777
11828
13856
11778
11829
13857
11779
11830
13858
11780
11831
13859
11781
11832
13860
11782
11833
13861
11783
11834
13862
11784
11835
13863
11785
11836
13864
11786
11837
13865
11787
11838
13866
11788
11839
13867
11789
11840
13868
11790
11841
13869
11791
11842
13870
11792
11843
13871
11793
11844
13872
11794
11845
13873
11795
11846
13874
11796
11847
13875
11797
11848
13876
11798
11849
13877
11799
11850
13878
11800
11851
13879
11801
11852
13880
11802
11853
13881
11803
11854
13882
11855
13883
11805
11856
13884
11806
11857
13885
11807
11858
13886
11808
11859
13887
11809
11860
13888
11810
11861
13889
11811
11862
13890
11812
11863
13891
11813
11864
13892
11814
11865
13893
11815
11866
13894
11816
11867
13895
11817
11868
13896
11818
11869
13897
11819
11870
13898
11820
11871
13899
11821
11872
13900
11822
11873
13901
11823
11874
13902
11824
11875
13903
11825
11876
13904
11826
11877
13905
11827
11878
13906
11828
11879
13907
11829
11880
13908
11830
11881
13909
11831
11882
13910
11832
11883
13911
11833
11884
13912
11834
11885
13913
11835
11886
13914
11836
11887
13915
11837
11888
13916
11838
11889
13917
11839
11890
13918
11840
11891
13919
11841
11892
13920
11842
11893
13921
11843
11894
13922
11844
11895
13923
11845
11896
13924
11846
11897
13925
11847
11898
13926
11848
11899
13927
11849
11900
13928
11850
11901
13929
11851
11902
13930
11852
11903
13931
11853
11904
13932
11854
11905
13933
11855
11906
13934
11907
13935
11857
11908
13936
11858
11909
13937
11859
11910
13938
11860
11911
13939
11861
11912
13940
11862
11913
13941
11863
11914
13942
11864
11915
13943
11865
11916
13944
11866
11917
13945
11867
11918
13946
11868
11919
13947
11869
11920
13948
11870
11921
13949
11871
11922
13950
11872
11923
13951
11873
11924
13952
11874
11925
13953
11875
11926
13954
11876
11927
13955
11877
11928
13956
11878
11929
13957
11879
11930
13958
11880
11931
13959
11881
11932
13960
11882
11933
13961
11883
11934
13962
11884
11935
13963
11885
11936
13964
11886
11937
13965
11887
11938
13966
11888
11939
13967
11889
11940
13968
11890
11941
13969
11891
11942
13970
11892
11943
13971
11893
11944
13972
11894
11945
13973
11895
11946
13974
11896
11947
13975
11897
11948
13976
11898
11949
13977
11899
11950
13978
11900
11951
13979
11901
11952
13980
11902
11953
13981
11903
11954
13982
11904
11955
13983
11905
11956
13984
11906
11957
13985
11907
11958
13986
11959
13987
11909
11960
13988
11910
11961
13989
11911
11962
13990
11912
11963
13991
11913
11964
13992
11914
11965
13993
11915
11966
13994
11916
11967
13995
11917
11968
13996
11918
11969
13997
11919
11970
13998
11920
11971
13999
11921
11972
14000
11922
11973
14001
11923
11974
14002
11924
11975
14003
11925
11976
14004
11926
11977
14005
11927
11978
14006
11928
11979
14007
11929
11980
14008
11930
11981
14009
11931
11982
14010
11932
11983
14011
11933
11984
14012
11934
11985
14013
11935
11986
14014
11936
11987
14015
11937
11988
14016
11938
11989
14017
11939
11990
14018
11940
11991
14019
11941
11992
14020
11942
11993
14021
11943
11994
14022
11944
11995
14023
11945
11996
14024
11946
11997
14025
11947
11998
14026
11948
11999
14027
11949
12000
14028
11950
12001
14029
11951
12002
14030
11952
12003
14031
11953
12004
14032
11954
12005
14033
11955
12006
14034
11956
12007
14035
11957
12008
14036
11958
12009
14037
11959
12010
14038
12011
14039
11961
12012
14040
11962
12013
14041
11963
12014
14042
11964
12015
14043
11965
12016
14044
11966
12017
14045
11967
12018
14046
11968
12019
14047
11969
12020
14048
11970
12021
14049
11971
12022
14050
11972
12023
14051
11973
12024
14052
11974
12025
14053
11975
12026
14054
11976
12027
14055
11977
12028
14056
11978
12029
14057
11979
12030
14058
11980
12031
14059
11981
12032
14060
11982
12033
14061
11983
12034
14062
11984
12035
14063
11985
12036
14064
11986
12037
14065
11987
12038
14066
11988
12039
14067
11989
12040
14068
11990
12041
14069
11991
12042
14070
11992
12043
14071
11993
12044
14072
11994
12045
14073
11995
12046
14074
11996
12047
14075
11997
12048
14076
11998
12049
14077
11999
12050
14078
12000
12051
14079
12001
12052
14080
12002
12053
14081
12003
12054
14082
12004
12055
14083
12005
12056
14084
12006
12057
14085
12007
12058
14086
12008
12059
14087
12009
12060
14088
12010
12061
14089
12011
12062
14090
12063
14091
12013
12064
14092
12014
12065
14093
12015
12066
14094
12016
12067
14095
12017
12068
14096
12018
12069
14097
12019
12070
14098
12020
12071
14099
12021
12072
14100
12022
12073
14101
12023
12074
14102
12024
12075
14103
12025
12076
14104
12026
12077
14105
12027
12078
14106
12028
12079
14107
12029
12080
14108
12030
12081
14109
12031
12082
14110
12032
12083
14111
12033
12084
14112
12034
12085
14113
12035
12086
14114
12036
12087
14115
12037
12088
14116
12038
12089
14117
12039
12090
14118
12040
12091
14119
12041
12092
14120
12042
12093
14121
12043
12094
14122
12044
12095
14123
12045
12096
14124
12046
12097
14125
12047
12098
14126
12048
12099
14127
12049
12100
14128
12050
12101
14129
12051
12102
14130
12052
12103
14131
12053
12104
14132
12054
12105
14133
12055
12106
14134
12056
12107
14135
12057
12108
14136
12058
12109
14137
12059
12110
14138
12060
12111
14139
12061
12112
14140
12062
12113
14141
12063
12114
14142
12115
14143
12065
12116
14144
12066
12117
14145
12067
12118
14146
12068
12119
14147
12069
12120
14148
12070
12121
14149
12071
12122
14150
12072
12123
14151
12073
12124
14152
12074
12125
14153
12075
12126
14154
12076
12127
14155
12077
12128
14156
12078
12129
14157
12079
12130
14158
12080
12131
14159
12081
12132
14160
12082
12133
14161
12083
12134
14162
12084
12135
14163
12085
12136
14164
12086
12137
14165
12087
12138
14166
12088
12139
14167
12089
12140
14168
12090
12141
14169
12091
12142
14170
12092
12143
14171
12093
12144
14172
12094
12145
14173
12095
12146
14174
12096
12147
14175
12097
12148
14176
12098
12149
14177
12099
12150
14178
12100
12151
14179
12101
12152
14180
12102
12153
14181
12103
12154
14182
12104
12155
14183
12105
12156
14184
12106
12157
14185
12107
12158
14186
12108
12159
14187
12109
12160
14188
12110
12161
14189
12111
12162
14190
12112
12163
14191
12113
12164
14192
12114
12165
14193
12115
12166
14194
12167
14195
12117
12168
14196
12118
12169
14197
12119
12170
14198
12120
12171
14199
12121
12172
14200
12122
12173
14201
12123
12174
14202
12124
12175
14203
12125
12176
14204
12126
12177
14205
12127
12178
14206
12128
12179
14207
12129
12180
14208
12130
12181
14209
12131
12182
14210
12132
12183
14211
12133
12184
14212
12134
12185
14213
12135
12186
14214
12136
12187
14215
12137
12188
14216
12138
12189
14217
12139
12190
14218
12140
12191
14219
12141
12192
14220
12142
12193
14221
12143
12194
14222
12144
12195
14223
12145
12196
14224
12146
12197
14225
12147
12198
14226
12148
12199
14227
12149
12200
14228
12150
12201
14229
12151
12202
14230
12152
12203
14231
12153
12204
14232
12154
12205
14233
12155
12206
14234
12156
12207
14235
12157
12208
14236
12158
12209
14237
12159
12210
14238
12160
12211
14239
12161
12212
14240
12162
12213
14241
12163
12214
14242
12164
12215
14243
12165
12216
14244
12166
12217
14245
12167
12218
14246
12219
14247
12169
12220
14248
12170
12221
14249
12171
12222
14250
12172
12223
14251
12173
12224
14252
12174
12225
14253
12175
12226
14254
12176
12227
14255
12177
12228
14256
12178
12229
14257
12179
12230
14258
12180
12231
14259
12181
12232
14260
12182
12233
14261
12183
12234
14262
12184
12235
14263
12185
12236
14264
12186
12237
14265
12187
12238
14266
12188
12239
14267
12189
12240
14268
12190
12241
14269
12191
12242
14270
12192
12243
14271
12193
12244
14272
12194
12245
14273
12195
12246
14274
12196
12247
14275
12197
12248
14276
12198
12249
14277
12199
12250
14278
12200
12251
14279
12201
12252
14280
12202
12253
14281
12203
12254
14282
12204
12255
14283
12205
12256
14284
12206
12257
14285
12207
12258
14286
12208
12259
14287
12209
12260
14288
12210
12261
14289
12211
12262
14290
12212
12263
14291
12213
12264
14292
12214
12265
14293
12215
12266
14294
12216
12267
14295
12217
12268
14296
12218
12269
14297
12219
12270
14298
12271
14299
12221
12272
14300
12222
12273
14301
12223
12274
14302
12224
12275
14303
12225
12276
14304
12226
12277
14305
12227
12278
14306
12228
12279
14307
12229
12280
14308
12230
12281
14309
12231
12282
14310
12232
12283
14311
12233
12284
14312
12234
12285
14313
12235
12286
14314
12236
12287
14315
12237
12288
14316
12238
12289
14317
12239
12290
14318
12240
12291
14319
12241
12292
14320
12242
12293
14321
12243
12294
14322
12244
12295
14323
12245
12296
14324
12246
12297
14325
12247
12298
14326
12248
12299
14327
12249
12300
14328
12250
12301
14329
12251
12302
14330
12252
12303
14331
12253
12304
14332
12254
12305
14333
12255
12306
14334
12256
12307
14335
12257
12308
14336
12258
12309
14337
12259
12310
14338
12260
12311
14339
12261
12312
14340
12262
12313
14341
12263
12314
14342
12264
12315
14343
12265
12316
14344
12266
12317
14345
12267
12318
14346
12268
12319
14347
12269
12320
14348
12270
12321
14349
12271
12322
14350
12323
14351
12273
12324
14352
12274
12325
14353
12275
12326
14354
12276
12327
14355
12277
12328
14356
12278
12329
14357
12279
12330
14358
12280
12331
14359
12281
12332
14360
12282
12333
14361
12283
12334
14362
12284
12335
14363
12285
12336
14364
12286
12337
14365
12287
12338
14366
12288
12339
14367
12289
12340
14368
12290
12341
14369
12291
12342
14370
12292
12343
14371
12293
12344
14372
12294
12345
14373
12295
12346
14374
12296
12347
14375
12297
12348
14376
12298
12349
14377
12299
12350
14378
12300
12351
14379
12301
12352
14380
12302
12353
14381
12303
12354
14382
12304
12355
14383
12305
12356
14384
12306
12357
14385
12307
12358
14386
12308
12359
14387
12309
12360
14388
12310
12361
14389
12311
12362
14390
12312
12363
14391
12313
12364
14392
12314
12365
14393
12315
12366
14394
12316
12367
14395
12317
12368
14396
12318
12369
14397
12319
12370
14398
12320
12371
14399
12321
12372
14400
12322
12373
14401
12323
12374
14402
12375
14403
12325
12376
14404
12326
12377
14405
12327
12378
14406
12328
12379
14407
12329
12380
14408
12330
12381
14409
12331
12382
14410
12332
12383
14411
12333
12384
14412
12334
12385
14413
12335
12386
14414
12336
12387
14415
12337
12388
14416
12338
12389
14417
12339
12390
14418
12340
12391
14419
12341
12392
14420
12342
12393
14421
12343
12394
14422
12344
12395
14423
12345
12396
14424
12346
12397
14425
12347
12398
14426
12348
12399
14427
12349
12400
14428
12350
12401
14429
12351
12402
14430
12352
12403
14431
12353
12404
14432
12354
12405
14433
12355
12406
14434
12356
12407
14435
12357
12408
14436
12358
12409
14437
12359
12410
14438
12360
12411
14439
12361
12412
14440
12362
12413
14441
12363
12414
14442
12364
12415
14443
12365
12416
14444
12366
12417
14445
12367
12418
14446
12368
12419
14447
12369
12420
14448
12370
12421
14449
12371
12422
14450
12372
12423
14451
12373
12424
14452
12374
12425
14453
12375
12426
14454
12427
14455
12377
12428
14456
12378
12429
14457
12379
12430
14458
12380
12431
14459
12381
12432
14460
12382
12433
14461
12383
12434
14462
12384
12435
14463
12385
12436
14464
12386
12437
14465
12387
12438
14466
12388
12439
14467
12389
12440
14468
12390
12441
14469
12391
12442
14470
12392
12443
14471
12393
12444
14472
12394
12445
14473
12395
12446
14474
12396
12447
14475
12397
12448
14476
12398
12449
14477
12399
12450
14478
12400
12451
14479
12401
12452
14480
12402
12453
14481
12403
12454
14482
12404
12455
14483
12405
12456
14484
12406
12457
14485
12407
12458
14486
12408
12459
14487
12409
12460
14488
12410
12461
14489
12411
12462
14490
12412
12463
14491
12413
12464
14492
12414
12465
14493
12415
12466
14494
12416
12467
14495
12417
12468
14496
12418
12469
14497
12419
12470
14498
12420
12471
14499
12421
12472
14500
12422
12473
14501
12423
12474
14502
12424
12475
14503
12425
12476
14504
12426
12477
14505
12427
12478
14506
12479
14507
12429
14508
12430
14509
12431
14510
12432
14511
12433
14512
12434
14513
12435
14514
12436
14515
12437
14516
12438
14517
12439
14518
12440
14519
12441
14520
12442
14521
12443
14522
12444
14523
12445
14524
12446
14525
12447
14526
12448
14527
12449
14528
12450
14529
12451
14530
12452
14531
12453
14532
12454
14533
12455
14534
12456
14535
12457
14536
12458
14537
12459
14538
12460
14539
12461
14540
12462
14541
12463
14542
12464
14543
12465
14544
12466
14545
12467
14546
12468
14547
12469
14548
12470
14549
12471
14550
12472
14551
12473
14552
12474
14553
12475
14554
12476
14555
12477
14556
12478
14557
12479
14558
14559
12481
12532
14560
12482
12533
14561
12483
12534
14562
12484
12535
14563
12485
12536
14564
12486
12537
14565
12487
12538
14566
12488
12539
14567
12489
12540
14568
12490
12541
14569
12491
12542
14570
12492
12543
14571
12493
12544
14572
12494
12545
14573
12495
12546
14574
12496
12547
14575
12497
12548
14576
12498
12549
14577
12499
12550
14578
12500
12551
14579
12501
12552
14580
12502
12553
14581
12503
12554
14582
12504
12555
14583
12505
12556
14584
12506
12557
14585
12507
12558
14586
12508
12559
14587
12509
12560
14588
12510
12561
14589
12511
12562
14590
12512
12563
14591
12513
12564
14592
12514
12565
14593
12515
12566
14594
12516
12567
14595
12517
12568
14596
12518
12569
14597
12519
12570
14598
12520
12571
14599
12521
12572
14600
12522
12573
14601
12523
12574
14602
12524
12575
14603
12525
12576
14604
12526
12577
14605
12527
12578
14606
12528
12579
14607
12529
12580
14608
12530
12581
14609
12531
12582
14610
12583
14611
12533
12584
14612
12534
12585
14613
12535
12586
14614
12536
12587
14615
12537
12588
14616
12538
12589
14617
12539
12590
14618
12540
12591
14619
12541
12592
14620
12542
12593
14621
12543
12594
14622
12544
12595
14623
12545
12596
14624
12546
12597
14625
12547
12598
14626
12548
12599
14627
12549
12600
14628
12550
12601
14629
12551
12602
14630
12552
12603
14631
12553
12604
14632
12554
12605
14633
12555
12606
14634
12556
12607
14635
12557
12608
14636
12558
12609
14637
12559
12610
14638
12560
12611
14639
12561
12612
14640
12562
12613
14641
12563
12614
14642
12564
12615
14643
12565
12616
14644
12566
12617
14645
12567
12618
14646
12568
12619
14647
12569
12620
14648
12570
12621
14649
12571
12622
14650
12572
12623
14651
12573
12624
14652
12574
12625
14653
12575
12626
14654
12576
12627
14655
12577
12628
14656
12578
12629
14657
12579
12630
14658
12580
12631
14659
12581
12632
14660
12582
12633
14661
12583
12634
14662
12635
14663
12585
12636
14664
12586
12637
14665
12587
12638
14666
12588
12639
14667
12589
12640
14668
12590
12641
14669
12591
12642
14670
12592
12643
14671
12593
12644
14672
12594
12645
14673
12595
12646
14674
12596
12647
14675
12597
12648
14676
12598
12649
14677
12599
12650
14678
12600
12651
14679
12601
12652
14680
12602
12653
14681
12603
12654
14682
12604
12655
14683
12605
12656
14684
12606
12657
14685
12607
12658
14686
12608
12659
14687
12609
12660
14688
12610
12661
14689
12611
12662
14690
12612
12663
14691
12613
12664
14692
12614
12665
14693
12615
12666
14694
12616
12667
14695
12617
12668
14696
12618
12669
14697
12619
12670
14698
12620
12671
14699
12621
12672
14700
12622
12673
14701
12623
12674
14702
12624
12675
14703
12625
12676
14704
12626
12677
14705
12627
12678
14706
12628
12679
14707
12629
12680
14708
12630
12681
14709
12631
12682
14710
12632
12683
14711
12633
12684
14712
12634
12685
14713
12635
12686
14714
12687
14715
12637
12688
14716
12638
12689
14717
12639
12690
14718
12640
12691
14719
12641
12692
14720
12642
12693
14721
12643
12694
14722
12644
12695
14723
12645
12696
14724
12646
12697
14725
12647
12698
14726
12648
12699
14727
12649
12700
14728
12650
12701
14729
12651
12702
14730
12652
12703
14731
12653
12704
14732
12654
12705
14733
12655
12706
14734
12656
12707
14735
12657
12708
14736
12658
12709
14737
12659
12710
14738
12660
12711
14739
12661
12712
14740
12662
12713
14741
12663
12714
14742
12664
12715
14743
12665
12716
14744
12666
12717
14745
12667
12718
14746
12668
12719
14747
12669
12720
14748
12670
12721
14749
12671
12722
14750
12672
12723
14751
12673
12724
14752
12674
12725
14753
12675
12726
14754
12676
12727
14755
12677
12728
14756
12678
12729
14757
12679
12730
14758
12680
12731
14759
12681
12732
14760
12682
12733
14761
12683
12734
14762
12684
12735
14763
12685
12736
14764
12686
12737
14765
12687
12738
14766
12739
14767
12689
12740
14768
12690
12741
14769
12691
12742
14770
12692
12743
14771
12693
12744
14772
12694
12745
14773
12695
12746
14774
12696
12747
14775
12697
12748
14776
12698
12749
14777
12699
12750
14778
12700
12751
14779
12701
12752
14780
12702
12753
14781
12703
12754
14782
12704
12755
14783
12705
12756
14784
12706
12757
14785
12707
12758
14786
12708
12759
14787
12709
12760
14788
12710
12761
14789
12711
12762
14790
12712
12763
14791
12713
12764
14792
12714
12765
14793
12715
12766
14794
12716
12767
14795
12717
12768
14796
12718
12769
14797
12719
12770
14798
12720
12771
14799
12721
12772
14800
12722
12773
14801
12723
12774
14802
12724
12775
14803
12725
12776
14804
12726
12777
14805
12727
12778
14806
12728
12779
14807
12729
12780
14808
12730
12781
14809
12731
12782
14810
12732
12783
14811
12733
12784
14812
12734
12785
14813
12735
12786
14814
12736
12787
14815
12737
12788
14816
12738
12789
14817
12739
12790
14818
12791
14819
12741
12792
14820
12742
12793
14821
12743
12794
14822
12744
12795
14823
12745
12796
14824
12746
12797
14825
12747
12798
14826
12748
12799
14827
12749
12800
14828
12750
12801
14829
12751
12802
14830
12752
12803
14831
12753
12804
14832
12754
12805
14833
12755
12806
14834
12756
12807
14835
12757
12808
14836
12758
12809
14837
12759
12810
14838
12760
12811
14839
12761
12812
14840
12762
12813
14841
12763
12814
14842
12764
12815
14843
12765
12816
14844
12766
12817
14845
12767
12818
14846
12768
12819
14847
12769
12820
14848
12770
12821
14849
12771
12822
14850
12772
12823
14851
12773
12824
14852
12774
12825
14853
12775
12826
14854
12776
12827
14855
12777
12828
14856
12778
12829
14857
12779
12830
14858
12780
12831
14859
12781
12832
14860
12782
12833
14861
12783
12834
14862
12784
12835
14863
12785
12836
14864
12786
12837
14865
12787
12838
14866
12788
12839
14867
12789
12840
14868
12790
12841
14869
12791
12842
14870
12843
14871
12793
12844
14872
12794
12845
14873
12795
12846
14874
12796
12847
14875
12797
12848
14876
12798
12849
14877
12799
12850
14878
12800
12851
14879
12801
12852
14880
12802
12853
14881
12803
12854
14882
12804
12855
14883
12805
12856
14884
12806
12857
14885
12807
12858
14886
12808
12859
14887
12809
12860
14888
12810
12861
14889
12811
12862
14890
12812
12863
14891
12813
12864
14892
12814
12865
14893
12815
12866
14894
12816
12867
14895
12817
12868
14896
12818
12869
14897
12819
12870
14898
12820
12871
14899
12821
12872
14900
12822
12873
14901
12823
12874
14902
12824
12875
14903
12825
12876
14904
12826
12877
14905
12827
12878
14906
12828
12879
14907
12829
12880
14908
12830
12881
14909
12831
12882
14910
12832
12883
14911
12833
12884
14912
12834
12885
14913
12835
12886
14914
12836
12887
14915
12837
12888
14916
12838
12889
14917
12839
12890
14918
12840
12891
14919
12841
12892
14920
12842
12893
14921
12843
12894
14922
12895
14923
12845
12896
14924
12846
12897
14925
12847
12898
14926
12848
12899
14927
12849
12900
14928
12850
12901
14929
12851
12902
14930
12852
12903
14931
12853
12904
14932
12854
12905
14933
12855
12906
14934
12856
12907
14935
12857
12908
14936
12858
12909
14937
12859
12910
14938
12860
12911
14939
12861
12912
14940
12862
12913
14941
12863
12914
14942
12864
12915
14943
12865
12916
14944
12866
12917
14945
12867
12918
14946
12868
12919
14947
12869
12920
14948
12870
12921
14949
12871
12922
14950
12872
12923
14951
12873
12924
14952
12874
12925
14953
12875
12926
14954
12876
12927
14955
12877
12928
14956
12878
12929
14957
12879
12930
14958
12880
12931
14959
12881
12932
14960
12882
12933
14961
12883
12934
14962
12884
12935
14963
12885
12936
14964
12886
12937
14965
12887
12938
14966
12888
12939
14967
12889
12940
14968
12890
12941
14969
12891
12942
14970
12892
12943
14971
12893
12944
14972
12894
12945
14973
12895
12946
14974
12947
14975
12897
12948
14976
12898
12949
14977
12899
12950
14978
12900
12951
14979
12901
12952
14980
12902
12953
14981
12903
12954
14982
12904
12955
14983
12905
12956
14984
12906
12957
14985
12907
12958
14986
12908
12959
14987
12909
12960
14988
12910
12961
14989
12911
12962
14990
12912
12963
14991
12913
12964
14992
12914
12965
14993
12915
12966
14994
12916
12967
14995
12917
12968
14996
12918
12969
14997
12919
12970
14998
12920
12971
14999
12921
12972
15000
12922
12973
15001
12923
12974
15002
12924
12975
15003
12925
12976
15004
12926
12977
15005
12927
12978
15006
12928
12979
15007
12929
12980
15008
12930
12981
15009
12931
12982
15010
12932
12983
15011
12933
12984
15012
12934
12985
15013
12935
12986
15014
12936
12987
15015
12937
12988
15016
12938
12989
15017
12939
12990
15018
12940
12991
15019
12941
12992
15020
12942
12993
15021
12943
12994
15022
12944
12995
15023
12945
12996
15024
12946
12997
15025
12947
12998
15026
12999
15027
12949
13000
15028
12950
13001
15029
12951
13002
15030
12952
13003
15031
12953
13004
15032
12954
13005
15033
12955
13006
15034
12956
13007
15035
12957
13008
15036
12958
13009
15037
12959
13010
15038
12960
13011
15039
12961
13012
15040
12962
13013
15041
12963
13014
15042
12964
13015
15043
12965
13016
15044
12966
13017
15045
12967
13018
15046
12968
13019
15047
12969
13020
15048
12970
13021
15049
12971
13022
15050
12972
13023
15051
12973
13024
15052
12974
13025
15053
12975
13026
15054
12976
13027
15055
12977
13028
15056
12978
13029
15057
12979
13030
15058
12980
13031
15059
12981
13032
15060
12982
13033
15061
12983
13034
15062
12984
13035
15063
12985
13036
15064
12986
13037
15065
12987
13038
15066
12988
13039
15067
12989
13040
15068
12990
13041
15069
12991
13042
15070
12992
13043
15071
12993
13044
15072
12994
13045
15073
12995
13046
15074
12996
13047
15075
12997
13048
15076
12998
13049
15077
12999
13050
15078
13051
15079
13001
13052
15080
13002
13053
15081
13003
13054
15082
13004
13055
15083
13005
13056
15084
13006
13057
15085
13007
13058
15086
13008
13059
15087
13009
13060
15088
13010
13061
15089
13011
13062
15090
13012
13063
15091
13013
13064
15092
13014
13065
15093
13015
13066
15094
13016
13067
15095
13017
13068
15096
13018
13069
15097
13019
13070
15098
13020
13071
15099
13021
13072
15100
13022
13073
15101
13023
13074
15102
13024
13075
15103
13025
13076
15104
13026
13077
15105
13027
13078
15106
13028
13079
15107
13029
13080
15108
13030
13081
15109
13031
13082
15110
13032
13083
15111
13033
13084
15112
13034
13085
15113
13035
13086
15114
13036
13087
15115
13037
13088
15116
13038
13089
15117
13039
13090
15118
13040
13091
15119
13041
13092
15120
13042
13093
15121
13043
13094
15122
13044
13095
15123
13045
13096
15124
13046
13097
15125
13047
13098
15126
13048
13099
15127
13049
13100
15128
13050
13101
15129
13051
13102
15130
13103
15131
13053
13104
15132
13054
13105
15133
13055
13106
15134
13056
13107
15135
13057
13108
15136
13058
13109
15137
13059
13110
15138
13060
13111
15139
13061
13112
15140
13062
13113
15141
13063
13114
15142
13064
13115
15143
13065
13116
15144
13066
13117
15145
13067
13118
15146
13068
13119
15147
13069
13120
15148
13070
13121
15149
13071
13122
15150
13072
13123
15151
13073
13124
15152
13074
13125
15153
13075
13126
15154
13076
13127
15155
13077
13128
15156
13078
13129
15157
13079
13130
15158
13080
13131
15159
13081
13132
15160
13082
13133
15161
13083
13134
15162
13084
13135
15163
13085
13136
15164
13086
13137
15165
13087
13138
15166
13088
13139
15167
13089
13140
15168
13090
13141
15169
13091
13142
15170
13092
13143
15171
13093
13144
15172
13094
13145
15173
13095
13146
15174
13096
13147
15175
13097
13148
15176
13098
13149
15177
13099
13150
15178
13100
13151
15179
13101
13152
15180
13102
13153
15181
13103
13154
15182
13155
15183
13105
13156
15184
13106
13157
15185
13107
13158
15186
13108
13159
15187
13109
13160
15188
13110
13161
15189
13111
13162
15190
13112
13163
15191
13113
13164
15192
13114
13165
15193
13115
13166
15194
13116
13167
15195
13117
13168
15196
13118
13169
15197
13119
13170
15198
13120
13171
15199
13121
13172
15200
13122
13173
15201
13123
13174
15202
13124
13175
15203
13125
13176
15204
13126
13177
15205
13127
13178
15206
13128
13179
15207
13129
13180
15208
13130
13181
15209
13131
13182
15210
13132
13183
15211
13133
13184
15212
13134
13185
15213
13135
13186
15214
13136
13187
15215
13137
13188
15216
13138
13189
15217
13139
13190
15218
13140
13191
15219
13141
13192
15220
13142
13193
15221
13143
13194
15222
13144
13195
15223
13145
13196
15224
13146
13197
15225
13147
13198
15226
13148
13199
15227
13149
13200
15228
13150
13201
15229
13151
13202
15230
13152
13203
15231
13153
13204
15232
13154
13205
15233
13155
13206
15234
13207
15235
13157
13208
15236
13158
13209
15237
13159
13210
15238
13160
13211
15239
13161
13212
15240
13162
13213
15241
13163
13214
15242
13164
13215
15243
13165
13216
15244
13166
13217
15245
13167
13218
15246
13168
13219
15247
13169
13220
15248
13170
13221
15249
13171
13222
15250
13172
13223
15251
13173
13224
15252
13174
13225
15253
13175
13226
15254
13176
13227
15255
13177
13228
15256
13178
13229
15257
13179
13230
15258
13180
13231
15259
13181
13232
15260
13182
13233
15261
13183
13234
15262
13184
13235
15263
13185
13236
15264
13186
13237
15265
13187
13238
15266
13188
13239
15267
13189
13240
15268
13190
13241
15269
13191
13242
15270
13192
13243
15271
13193
13244
15272
13194
13245
15273
13195
13246
15274
13196
13247
15275
13197
13248
15276
13198
13249
15277
13199
13250
15278
13200
13251
15279
13201
13252
15280
13202
13253
15281
13203
13254
15282
13204
13255
15283
13205
13256
15284
13206
13257
15285
13207
13258
15286
13259
15287
13209
13260
15288
13210
13261
15289
13211
13262
15290
13212
13263
15291
13213
13264
15292
13214
13265
15293
13215
13266
15294
13216
13267
15295
13217
13268
15296
13218
13269
15297
13219
13270
15298
13220
13271
15299
13221
13272
15300
13222
13273
15301
13223
13274
15302
13224
13275
15303
13225
13276
15304
13226
13277
15305
13227
13278
15306
13228
13279
15307
13229
13280
15308
13230
13281
15309
13231
13282
15310
13232
13283
15311
13233
13284
15312
13234
13285
15313
13235
13286
15314
13236
13287
15315
13237
13288
15316
13238
13289
15317
13239
13290
15318
13240
13291
15319
13241
13292
15320
13242
13293
15321
13243
13294
15322
13244
13295
15323
13245
13296
15324
13246
13297
15325
13247
13298
15326
13248
13299
15327
13249
13300
15328
13250
13301
15329
13251
13302
15330
13252
13303
15331
13253
13304
15332
13254
13305
15333
13255
13306
15334
13256
13307
15335
13257
13308
15336
13258
13309
15337
13259
13310
15338
13311
15339
13261
13312
15340
13262
13313
15341
13263
13314
15342
13264
13315
15343
13265
13316
15344
13266
13317
15345
13267
13318
15346
13268
13319
15347
13269
13320
15348
13270
13321
15349
13271
13322
15350
13272
13323
15351
13273
13324
15352
13274
13325
15353
13275
13326
15354
13276
13327
15355
13277
13328
15356
13278
13329
15357
13279
13330
15358
13280
13331
15359
13281
13332
15360
13282
13333
15361
13283
13334
15362
13284
13335
15363
13285
13336
15364
13286
13337
15365
13287
13338
15366
13288
13339
15367
13289
13340
15368
13290
13341
15369
13291
13342
15370
13292
13343
15371
13293
13344
15372
13294
13345
15373
13295
13346
15374
13296
13347
15375
13297
13348
15376
13298
13349
15377
13299
13350
15378
13300
13351
15379
13301
13352
15380
13302
13353
15381
13303
13354
15382
13304
13355
15383
13305
13356
15384
13306
13357
15385
13307
13358
15386
13308
13359
15387
13309
13360
15388
13310
13361
15389
13311
13362
15390
13363
15391
13313
13364
15392
13314
13365
15393
13315
13366
15394
13316
13367
15395
13317
13368
15396
13318
13369
15397
13319
13370
15398
13320
13371
15399
13321
13372
15400
13322
13373
15401
13323
13374
15402
13324
13375
15403
13325
13376
15404
13326
13377
15405
13327
13378
15406
13328
13379
15407
13329
13380
15408
13330
13381
15409
13331
13382
15410
13332
13383
15411
13333
13384
15412
13334
13385
15413
13335
13386
15414
13336
13387
15415
13337
13388
15416
13338
13389
15417
13339
13390
15418
13340
13391
15419
13341
13392
15420
13342
13393
15421
13343
13394
15422
13344
13395
15423
13345
13396
15424
13346
13397
15425
13347
13398
15426
13348
13399
15427
13349
13400
15428
13350
13401
15429
13351
13402
15430
13352
13403
15431
13353
13404
15432
13354
13405
15433
13355
13406
15434
13356
13407
15435
13357
13408
15436
13358
13409
15437
13359
13410
15438
13360
13411
15439
13361
13412
15440
13362
13413
15441
13363
13414
15442
13415
15443
13365
13416
15444
13366
13417
15445
13367
13418
15446
13368
13419
15447
13369
13420
15448
13370
13421
15449
13371
13422
15450
13372
13423
15451
13373
13424
15452
13374
13425
15453
13375
13426
15454
13376
13427
15455
13377
13428
15456
13378
13429
15457
13379
13430
15458
13380
13431
15459
13381
13432
15460
13382
13433
15461
13383
13434
15462
13384
13435
15463
13385
13436
15464
13386
13437
15465
13387
13438
15466
13388
13439
15467
13389
13440
15468
13390
13441
15469
13391
13442
15470
13392
13443
15471
13393
13444
15472
13394
13445
15473
13395
13446
15474
13396
13447
15475
13397
13448
15476
13398
13449
15477
13399
13450
15478
13400
13451
15479
13401
13452
15480
13402
13453
15481
13403
13454
15482
13404
13455
15483
13405
13456
15484
13406
13457
15485
13407
13458
15486
13408
13459
15487
13409
13460
15488
13410
13461
15489
13411
13462
15490
13412
13463
15491
13413
13464
15492
13414
13465
15493
13415
13466
15494
13467
15495
13417
13468
15496
13418
13469
15497
13419
13470
15498
13420
13471
15499
13421
13472
15500
13422
13473
15501
13423
13474
15502
13424
13475
15503
13425
13476
15504
13426
13477
15505
13427
13478
15506
13428
13479
15507
13429
13480
15508
13430
13481
15509
13431
13482
15510
13432
13483
15511
13433
13484
15512
13434
13485
15513
13435
13486
15514
13436
13487
15515
13437
13488
15516
13438
13489
15517
13439
13490
15518
13440
13491
15519
13441
13492
15520
13442
13493
15521
13443
13494
15522
13444
13495
15523
13445
13496
15524
13446
13497
15525
13447
13498
15526
13448
13499
15527
13449
13500
15528
13450
13501
15529
13451
13502
15530
13452
13503
15531
13453
13504
15532
13454
13505
15533
13455
13506
15534
13456
13507
15535
13457
13508
15536
13458
13509
15537
13459
13510
15538
13460
13511
15539
13461
13512
15540
13462
13513
15541
13463
13514
15542
13464
13515
15543
13465
13516
15544
13466
13517
15545
13467
13518
15546
13519
15547
13469
13520
15548
13470
13521
15549
13471
13522
15550
13472
13523
15551
13473
13524
15552
13474
13525
15553
13475
13526
15554
13476
13527
15555
13477
13528
15556
13478
13529
15557
13479
13530
15558
13480
13531
15559
13481
13532
15560
13482
13533
15561
13483
13534
15562
13484
13535
15563
13485
13536
15564
13486
13537
15565
13487
13538
15566
13488
13539
15567
13489
13540
15568
13490
13541
15569
13491
13542
15570
13492
13543
15571
13493
13544
15572
13494
13545
15573
13495
13546
15574
13496
13547
15575
13497
13548
15576
13498
13549
15577
13499
13550
15578
13500
13551
15579
13501
13552
15580
13502
13553
15581
13503
13554
15582
13504
13555
15583
13505
13556
15584
13506
13557
15585
13507
13558
15586
13508
13559
15587
13509
13560
15588
13510
13561
15589
13511
13562
15590
13512
13563
15591
13513
13564
15592
13514
13565
15593
13515
13566
15594
13516
13567
15595
13517
13568
15596
13518
13569
15597
13519
13570
15598
13571
15599
13521
13572
15600
13522
13573
15601
13523
13574
15602
13524
13575
15603
13525
13576
15604
13526
13577
15605
13527
13578
15606
13528
13579
15607
13529
13580
15608
13530
13581
15609
13531
13582
15610
13532
13583
15611
13533
13584
15612
13534
13585
15613
13535
13586
15614
13536
13587
15615
13537
13588
15616
13538
13589
15617
13539
13590
15618
13540
13591
15619
13541
13592
15620
13542
13593
15621
13543
13594
15622
13544
13595
15623
13545
13596
15624
13546
13597
15625
13547
13598
15626
13548
13599
15627
13549
13600
15628
13550
13601
15629
13551
13602
15630
13552
13603
15631
13553
13604
15632
13554
13605
15633
13555
13606
15634
13556
13607
15635
13557
13608
15636
13558
13609
15637
13559
13610
15638
13560
13611
15639
13561
13612
15640
13562
13613
15641
13563
13614
15642
13564
13615
15643
13565
13616
15644
13566
13617
15645
13567
13618
15646
13568
13619
15647
13569
13620
15648
13570
13621
15649
13571
13622
15650
13623
15651
13573
13624
15652
13574
13625
15653
13575
13626
15654
13576
13627
15655
13577
13628
15656
13578
13629
15657
13579
13630
15658
13580
13631
15659
13581
13632
15660
13582
13633
15661
13583
13634
15662
13584
13635
15663
13585
13636
15664
13586
13637
15665
13587
13638
15666
13588
13639
15667
13589
13640
15668
13590
13641
15669
13591
13642
15670
13592
13643
15671
13593
13644
15672
13594
13645
15673
13595
13646
15674
13596
13647
15675
13597
13648
15676
13598
13649
15677
13599
13650
15678
13600
13651
15679
13601
13652
15680
13602
13653
15681
13603
13654
15682
13604
13655
15683
13605
13656
15684
13606
13657
15685
13607
13658
15686
13608
13659
15687
13609
13660
15688
13610
13661
15689
13611
13662
15690
13612
13663
15691
13613
13664
15692
13614
13665
15693
13615
13666
15694
13616
13667
15695
13617
13668
15696
13618
13669
15697
13619
13670
15698
13620
13671
15699
13621
13672
15700
13622
13673
15701
13623
13674
15702
13675
15703
13625
13676
15704
13626
13677
15705
13627
13678
15706
13628
13679
15707
13629
13680
15708
13630
13681
15709
13631
13682
15710
13632
13683
15711
13633
13684
15712
13634
13685
15713
13635
13686
15714
13636
13687
15715
13637
13688
15716
13638
13689
15717
13639
13690
15718
13640
13691
15719
13641
13692
15720
13642
13693
15721
13643
13694
15722
13644
13695
15723
13645
13696
15724
13646
13697
15725
13647
13698
15726
13648
13699
15727
13649
13700
15728
13650
13701
15729
13651
13702
15730
13652
13703
15731
13653
13704
15732
13654
13705
15733
13655
13706
15734
13656
13707
15735
13657
13708
15736
13658
13709
15737
13659
13710
15738
13660
13711
15739
13661
13712
15740
13662
13713
15741
13663
13714
15742
13664
13715
15743
13665
13716
15744
13666
13717
15745
13667
13718
15746
13668
13719
15747
13669
13720
15748
13670
13721
15749
13671
13722
15750
13672
13723
15751
13673
13724
15752
13674
13725
15753
13675
13726
15754
13727
15755
13677
13728
15756
13678
13729
15757
13679
13730
15758
13680
13731
15759
13681
13732
15760
13682
13733
15761
13683
13734
15762
13684
13735
15763
13685
13736
15764
13686
13737
15765
13687
13738
15766
13688
13739
15767
13689
13740
15768
13690
13741
15769
13691
13742
15770
13692
13743
15771
13693
13744
15772
13694
13745
15773
13695
13746
15774
13696
13747
15775
13697
13748
15776
13698
13749
15777
13699
13750
15778
13700
13751
15779
13701
13752
15780
13702
13753
15781
13703
13754
15782
13704
13755
15783
13705
13756
15784
13706
13757
15785
13707
13758
15786
13708
13759
15787
13709
13760
15788
13710
13761
15789
13711
13762
15790
13712
13763
15791
13713
13764
15792
13714
13765
15793
13715
13766
15794
13716
13767
15795
13717
13768
15796
13718
13769
15797
13719
13770
15798
13720
13771
15799
13721
13772
15800
13722
13773
15801
13723
13774
15802
13724
13775
15803
13725
13776
15804
13726
13777
15805
13727
13778
15806
13779
15807
13729
13780
15808
13730
13781
15809
13731
13782
15810
13732
13783
15811
13733
13784
15812
13734
13785
15813
13735
13786
15814
13736
13787
15815
13737
13788
15816
13738
13789
15817
13739
13790
15818
13740
13791
15819
13741
13792
15820
13742
13793
15821
13743
13794
15822
13744
13795
15823
13745
13796
15824
13746
13797
15825
13747
13798
15826
13748
13799
15827
13749
13800
15828
13750
13801
15829
13751
13802
15830
13752
13803
15831
13753
13804
15832
13754
13805
15833
13755
13806
15834
13756
13807
15835
13757
13808
15836
13758
13809
15837
13759
13810
15838
13760
13811
15839
13761
13812
15840
13762
13813
15841
13763
13814
15842
13764
13815
15843
13765
13816
15844
13766
13817
15845
13767
13818
15846
13768
13819
15847
13769
13820
15848
13770
13821
15849
13771
13822
15850
13772
13823
15851
13773
13824
15852
13774
13825
15853
13775
13826
15854
13776
13827
15855
13777
13828
15856
13778
13829
15857
13779
13830
15858
13831
15859
13781
13832
15860
13782
13833
15861
13783
13834
15862
13784
13835
15863
13785
13836
15864
13786
13837
15865
13787
13838
15866
13788
13839
15867
13789
13840
15868
13790
13841
15869
13791
13842
15870
13792
13843
15871
13793
13844
15872
13794
13845
15873
13795
13846
15874
13796
13847
15875
13797
13848
15876
13798
13849
15877
13799
13850
15878
13800
13851
15879
13801
13852
15880
13802
13853
15881
13803
13854
15882
13804
13855
15883
13805
13856
15884
13806
13857
15885
13807
13858
15886
13808
13859
15887
13809
13860
15888
13810
13861
15889
13811
13862
15890
13812
13863
15891
13813
13864
15892
13814
13865
15893
13815
13866
15894
13816
13867
15895
13817
13868
15896
13818
13869
15897
13819
13870
15898
13820
13871
15899
13821
13872
15900
13822
13873
15901
13823
13874
15902
13824
13875
15903
13825
13876
15904
13826
13877
15905
13827
13878
15906
13828
13879
15907
13829
13880
15908
13830
13881
15909
13831
13882
15910
13883
15911
13833
13884
15912
13834
13885
15913
13835
13886
15914
13836
13887
15915
13837
13888
15916
13838
13889
15917
13839
13890
15918
13840
13891
15919
13841
13892
15920
13842
13893
15921
13843
13894
15922
13844
13895
15923
13845
13896
15924
13846
13897
15925
13847
13898
15926
13848
13899
15927
13849
13900
15928
13850
13901
15929
13851
13902
15930
13852
13903
15931
13853
13904
15932
13854
13905
15933
13855
13906
15934
13856
13907
15935
13857
13908
15936
13858
13909
15937
13859
13910
15938
13860
13911
15939
13861
13912
15940
13862
13913
15941
13863
13914
15942
13864
13915
15943
13865
13916
15944
13866
13917
15945
13867
13918
15946
13868
13919
15947
13869
13920
15948
13870
13921
15949
13871
13922
15950
13872
13923
15951
13873
13924
15952
13874
13925
15953
13875
13926
15954
13876
13927
15955
13877
13928
15956
13878
13929
15957
13879
13930
15958
13880
13931
15959
13881
13932
15960
13882
13933
15961
13883
13934
15962
13935
15963
13885
13936
15964
13886
13937
15965
13887
13938
15966
13888
13939
15967
13889
13940
15968
13890
13941
15969
13891
13942
15970
13892
13943
15971
13893
13944
15972
13894
13945
15973
13895
13946
15974
13896
13947
15975
13897
13948
15976
13898
13949
15977
13899
13950
15978
13900
13951
15979
13901
13952
15980
13902
13953
15981
13903
13954
15982
13904
13955
15983
13905
13956
15984
13906
13957
15985
13907
13958
15986
13908
13959
15987
13909
13960
15988
13910
13961
15989
13911
13962
15990
13912
13963
15991
13913
13964
15992
13914
13965
15993
13915
13966
15994
13916
13967
15995
13917
13968
15996
13918
13969
15997
13919
13970
15998
13920
13971
15999
13921
13972
16000
13922
13973
16001
13923
13974
16002
13924
13975
16003
13925
13976
16004
13926
13977
16005
13927
13978
16006
13928
13979
16007
13929
13980
16008
13930
13981
16009
13931
13982
16010
13932
13983
16011
13933
13984
16012
13934
13985
16013
13935
13986
16014
13987
16015
13937
13988
16016
13938
13989
16017
13939
13990
16018
13940
13991
16019
13941
13992
16020
13942
13993
16021
13943
13994
16022
13944
13995
16023
13945
13996
16024
13946
13997
16025
13947
13998
16026
13948
13999
16027
13949
14000
16028
13950
14001
16029
13951
14002
16030
13952
14003
16031
13953
14004
16032
13954
14005
16033
13955
14006
16034
13956
14007
16035
13957
14008
16036
13958
14009
16037
13959
14010
16038
13960
14011
16039
13961
14012
16040
13962
14013
16041
13963
14014
16042
13964
14015
16043
13965
14016
16044
13966
14017
16045
13967
14018
16046
13968
14019
16047
13969
14020
16048
13970
14021
16049
13971
14022
16050
13972
14023
16051
13973
14024
16052
13974
14025
16053
13975
14026
16054
13976
14027
16055
13977
14028
16056
13978
14029
16057
13979
14030
16058
13980
14031
16059
13981
14032
16060
13982
14033
16061
13983
14034
16062
13984
14035
16063
13985
14036
16064
13986
14037
16065
13987
14038
16066
14039
16067
13989
14040
16068
13990
14041
16069
13991
14042
16070
13992
14043
16071
13993
14044
16072
13994
14045
16073
13995
14046
16074
13996
14047
16075
13997
14048
16076
13998
14049
16077
13999
14050
16078
14000
14051
16079
14001
14052
16080
14002
14053
16081
14003
14054
16082
14004
14055
16083
14005
14056
16084
14006
14057
16085
14007
14058
16086
14008
14059
16087
14009
14060
16088
14010
14061
16089
14011
14062
16090
14012
14063
16091
14013
14064
16092
14014
14065
16093
14015
14066
16094
14016
14067
16095
14017
14068
16096
14018
14069
16097
14019
14070
16098
14020
14071
16099
14021
14072
16100
14022
14073
16101
14023
14074
16102
14024
14075
16103
14025
14076
16104
14026
14077
16105
14027
14078
16106
14028
14079
16107
14029
14080
16108
14030
14081
16109
14031
14082
16110
14032
14083
16111
14033
14084
16112
14034
14085
16113
14035
14086
16114
14036
14087
16115
14037
14088
16116
14038
14089
16117
14039
14090
16118
14091
16119
14041
14092
16120
14042
14093
16121
14043
14094
16122
14044
14095
16123
14045
14096
16124
14046
14097
16125
14047
14098
16126
14048
14099
16127
14049
14100
16128
14050
14101
16129
14051
14102
16130
14052
14103
16131
14053
14104
16132
14054
14105
16133
14055
14106
16134
14056
14107
16135
14057
14108
16136
14058
14109
16137
14059
14110
16138
14060
14111
16139
14061
14112
16140
14062
14113
16141
14063
14114
16142
14064
14115
16143
14065
14116
16144
14066
14117
16145
14067
14118
16146
14068
14119
16147
14069
14120
16148
14070
14121
16149
14071
14122
16150
14072
14123
16151
14073
14124
16152
14074
14125
16153
14075
14126
16154
14076
14127
16155
14077
14128
16156
14078
14129
16157
14079
14130
16158
14080
14131
16159
14081
14132
16160
14082
14133
16161
14083
14134
16162
14084
14135
16163
14085
14136
16164
14086
14137
16165
14087
14138
16166
14088
14139
16167
14089
14140
16168
14090
14141
16169
14091
14142
16170
14143
16171
14093
14144
16172
14094
14145
16173
14095
14146
16174
14096
14147
16175
14097
14148
16176
14098
14149
16177
14099
14150
16178
14100
14151
16179
14101
14152
16180
14102
14153
16181
14103
14154
16182
14104
14155
16183
14105
14156
16184
14106
14157
16185
14107
14158
16186
14108
14159
16187
14109
14160
16188
14110
14161
16189
14111
14162
16190
14112
14163
16191
14113
14164
16192
14114
14165
16193
14115
14166
16194
14116
14167
16195
14117
14168
16196
14118
14169
16197
14119
14170
16198
14120
14171
16199
14121
14172
16200
14122
14173
16201
14123
14174
16202
14124
14175
16203
14125
14176
16204
14126
14177
16205
14127
14178
16206
14128
14179
16207
14129
14180
16208
14130
14181
16209
14131
14182
16210
14132
14183
16211
14133
14184
16212
14134
14185
16213
14135
14186
16214
14136
14187
16215
14137
14188
16216
14138
14189
16217
14139
14190
16218
14140
14191
16219
14141
14192
16220
14142
14193
16221
14143
14194
16222
14195
16223
14145
14196
16224
14146
14197
16225
14147
14198
16226
14148
14199
16227
14149
14200
16228
14150
14201
16229
14151
14202
16230
14152
14203
16231
14153
14204
16232
14154
14205
16233
14155
14206
16234
14156
14207
16235
14157
14208
16236
14158
14209
16237
14159
14210
16238
14160
14211
16239
14161
14212
16240
14162
14213
16241
14163
14214
16242
14164
14215
16243
14165
14216
16244
14166
14217
16245
14167
14218
16246
14168
14219
16247
14169
14220
16248
14170
14221
16249
14171
14222
16250
14172
14223
16251
14173
14224
16252
14174
14225
16253
14175
14226
16254
14176
14227
16255
14177
14228
16256
14178
14229
16257
14179
14230
16258
14180
14231
16259
14181
14232
16260
14182
14233
16261
14183
14234
16262
14184
14235
16263
14185
14236
16264
14186
14237
16265
14187
14238
16266
14188
14239
16267
14189
14240
16268
14190
14241
16269
14191
14242
16270
14192
14243
16271
14193
14244
16272
14194
14245
16273
14195
14246
16274
14247
16275
14197
14248
16276
14198
14249
16277
14199
14250
16278
14200
14251
16279
14201
14252
16280
14202
14253
16281
14203
14254
16282
14204
14255
16283
14205
14256
16284
14206
14257
16285
14207
14258
16286
14208
14259
16287
14209
14260
16288
14210
14261
16289
14211
14262
16290
14212
14263
16291
14213
14264
16292
14214
14265
16293
14215
14266
16294
14216
14267
16295
14217
14268
16296
14218
14269
16297
14219
14270
16298
14220
14271
16299
14221
14272
16300
14222
14273
16301
14223
14274
16302
14224
14275
16303
14225
14276
16304
14226
14277
16305
14227
14278
16306
14228
14279
16307
14229
14280
16308
14230
14281
16309
14231
14282
16310
14232
14283
16311
14233
14284
16312
14234
14285
16313
14235
14286
16314
14236
14287
16315
14237
14288
16316
14238
14289
16317
14239
14290
16318
14240
14291
16319
14241
14292
16320
14242
14293
16321
14243
14294
16322
14244
14295
16323
14245
14296
16324
14246
14297
16325
14247
14298
16326
14299
16327
14249
14300
16328
14250
14301
16329
14251
14302
16330
14252
14303
16331
14253
14304
16332
14254
14305
16333
14255
14306
16334
14256
14307
16335
14257
14308
16336
14258
14309
16337
14259
14310
16338
14260
14311
16339
14261
14312
16340
14262
14313
16341
14263
14314
16342
14264
14315
16343
14265
14316
16344
14266
14317
16345
14267
14318
16346
14268
14319
16347
14269
14320
16348
14270
14321
16349
14271
14322
16350
14272
14323
16351
14273
14324
16352
14274
14325
16353
14275
14326
16354
14276
14327
16355
14277
14328
16356
14278
14329
16357
14279
14330
16358
14280
14331
16359
14281
14332
16360
14282
14333
16361
14283
14334
16362
14284
14335
16363
14285
14336
16364
14286
14337
16365
14287
14338
16366
14288
14339
16367
14289
14340
16368
14290
14341
16369
14291
14342
16370
14292
14343
16371
14293
14344
16372
14294
14345
16373
14295
14346
16374
14296
14347
16375
14297
14348
16376
14298
14349
16377
14299
14350
16378
14351
16379
14301
14352
16380
14302
14353
16381
14303
14354
16382
14304
14355
16383
14305
14356
16384
14306
14357
16385
14307
14358
16386
14308
14359
16387
14309
14360
16388
14310
14361
16389
14311
14362
16390
14312
14363
16391
14313
14364
16392
14314
14365
16393
14315
14366
16394
14316
14367
16395
14317
14368
16396
14318
14369
16397
14319
14370
16398
14320
14371
16399
14321
14372
16400
14322
14373
16401
14323
14374
16402
14324
14375
16403
14325
14376
16404
14326
14377
16405
14327
14378
16406
14328
14379
16407
14329
14380
16408
14330
14381
16409
14331
14382
16410
14332
14383
16411
14333
14384
16412
14334
14385
16413
14335
14386
16414
14336
14387
16415
14337
14388
16416
14338
14389
16417
14339
14390
16418
14340
14391
16419
14341
14392
16420
14342
14393
16421
14343
14394
16422
14344
14395
16423
14345
14396
16424
14346
14397
16425
14347
14398
16426
14348
14399
16427
14349
14400
16428
14350
14401
16429
14351
14402
16430
14403
16431
14353
14404
16432
14354
14405
16433
14355
14406
16434
14356
14407
16435
14357
14408
16436
14358
14409
16437
14359
14410
16438
14360
14411
16439
14361
14412
16440
14362
14413
16441
14363
14414
16442
14364
14415
16443
14365
14416
16444
14366
14417
16445
14367
14418
16446
14368
14419
16447
14369
14420
16448
14370
14421
16449
14371
14422
16450
14372
14423
16451
14373
14424
16452
14374
14425
16453
14375
14426
16454
14376
14427
16455
14377
14428
16456
14378
14429
16457
14379
14430
16458
14380
14431
16459
14381
14432
16460
14382
14433
16461
14383
14434
16462
14384
14435
16463
14385
14436
16464
14386
14437
16465
14387
14438
16466
14388
14439
16467
14389
14440
16468
14390
14441
16469
14391
14442
16470
14392
14443
16471
14393
14444
16472
14394
14445
16473
14395
14446
16474
14396
14447
16475
14397
14448
16476
14398
14449
16477
14399
14450
16478
14400
14451
16479
14401
14452
16480
14402
14453
16481
14403
14454
16482
14455
16483
14405
14456
16484
14406
14457
16485
14407
14458
16486
14408
14459
16487
14409
14460
16488
14410
14461
16489
14411
14462
16490
14412
14463
16491
14413
14464
16492
14414
14465
16493
14415
14466
16494
14416
14467
16495
14417
14468
16496
14418
14469
16497
14419
14470
16498
14420
14471
16499
14421
14472
16500
14422
14473
16501
14423
14474
16502
14424
14475
16503
14425
14476
16504
14426
14477
16505
14427
14478
16506
14428
14479
16507
14429
14480
16508
14430
14481
16509
14431
14482
16510
14432
14483
16511
14433
14484
16512
14434
14485
16513
14435
14486
16514
14436
14487
16515
14437
14488
16516
14438
14489
16517
14439
14490
16518
14440
14491
16519
14441
14492
16520
14442
14493
16521
14443
14494
16522
14444
14495
16523
14445
14496
16524
14446
14497
16525
14447
14498
16526
14448
14499
16527
14449
14500
16528
14450
14501
16529
14451
14502
16530
14452
14503
16531
14453
14504
16532
14454
14505
16533
14455
14506
16534
14507
16535
14457
14508
16536
14458
14509
16537
14459
14510
16538
14460
14511
16539
14461
14512
16540
14462
14513
16541
14463
14514
16542
14464
14515
16543
14465
14516
16544
14466
14517
16545
14467
14518
16546
14468
14519
16547
14469
14520
16548
14470
14521
16549
14471
14522
16550
14472
14523
16551
14473
14524
16552
14474
14525
16553
14475
14526
16554
14476
14527
16555
14477
14528
16556
14478
14529
16557
14479
14530
16558
14480
14531
16559
14481
14532
16560
14482
14533
16561
14483
14534
16562
14484
14535
16563
14485
14536
16564
14486
14537
16565
14487
14538
16566
14488
14539
16567
14489
14540
16568
14490
14541
16569
14491
14542
16570
14492
14543
16571
14493
14544
16572
14494
14545
16573
14495
14546
16574
14496
14547
16575
14497
14548
16576
14498
14549
16577
14499
14550
16578
14500
14551
16579
14501
14552
16580
14502
14553
16581
14503
14554
16582
14504
14555
16583
14505
14556
16584
14506
14557
16585
14507
14558
16586
14559
16587
14509
16588
14510
16589
14511
16590
14512
16591
14513
16592
14514
16593
14515
16594
14516
16595
14517
16596
14518
16597
14519
16598
14520
16599
14521
16600
14522
16601
14523
16602
14524
16603
14525
16604
14526
16605
14527
16606
14528
16607
14529
16608
14530
16609
14531
16610
14532
16611
14533
16612
14534
16613
14535
16614
14536
16615
14537
16616
14538
16617
14539
16618
14540
16619
14541
16620
14542
16621
14543
16622
14544
16623
14545
16624
14546
16625
14547
16626
14548
16627
14549
16628
14550
16629
14551
16630
14552
16631
14553
16632
14554
16633
14555
16634
14556
16635
14557
16636
14558
16637
14559
16638
16639
14561
14612
16640
14562
14613
16641
14563
14614
16642
14564
14615
16643
14565
14616
16644
14566
14617
16645
14567
14618
16646
14568
14619
16647
14569
14620
16648
14570
14621
16649
14571
14622
16650
14572
14623
16651
14573
14624
16652
14574
14625
16653
14575
14626
16654
14576
14627
16655
14577
14628
16656
14578
14629
16657
14579
14630
16658
14580
14631
16659
14581
14632
16660
14582
14633
16661
14583
14634
16662
14584
14635
16663
14585
14636
16664
14586
14637
16665
14587
14638
16666
14588
14639
16667
14589
14640
16668
14590
14641
16669
14591
14642
16670
14592
14643
16671
14593
14644
16672
14594
14645
16673
14595
14646
16674
14596
14647
16675
14597
14648
16676
14598
14649
16677
14599
14650
16678
14600
14651
16679
14601
14652
16680
14602
14653
16681
14603
14654
16682
14604
14655
16683
14605
14656
16684
14606
14657
16685
14607
14658
16686
14608
14659
16687
14609
14660
16688
14610
14661
16689
14611
14662
16690
14663
16691
14613
14664
16692
14614
14665
16693
14615
14666
16694
14616
14667
16695
14617
14668
16696
14618
14669
16697
14619
14670
16698
14620
14671
16699
14621
14672
16700
14622
14673
16701
14623
14674
16702
14624
14675
16703
14625
14676
16704
14626
14677
16705
14627
14678
16706
14628
14679
16707
14629
14680
16708
14630
14681
16709
14631
14682
16710
14632
14683
16711
14633
14684
16712
14634
14685
16713
14635
14686
16714
14636
14687
16715
14637
14688
16716
14638
14689
16717
14639
14690
16718
14640
14691
16719
14641
14692
16720
14642
14693
16721
14643
14694
16722
14644
14695
16723
14645
14696
16724
14646
14697
16725
14647
14698
16726
14648
14699
16727
14649
14700
16728
14650
14701
16729
14651
14702
16730
14652
14703
16731
14653
14704
16732
14654
14705
16733
14655
14706
16734
14656
14707
16735
14657
14708
16736
14658
14709
16737
14659
14710
16738
14660
14711
16739
14661
14712
16740
14662
14713
16741
14663
14714
16742
14715
16743
14665
14716
16744
14666
14717
16745
14667
14718
16746
14668
14719
16747
14669
14720
16748
14670
14721
16749
14671
14722
16750
14672
14723
16751
14673
14724
16752
14674
14725
16753
14675
14726
16754
14676
14727
16755
14677
14728
16756
14678
14729
16757
14679
14730
16758
14680
14731
16759
14681
14732
16760
14682
14733
16761
14683
14734
16762
14684
14735
16763
14685
14736
16764
14686
14737
16765
14687
14738
16766
14688
14739
16767
14689
14740
16768
14690
14741
16769
14691
14742
16770
14692
14743
16771
14693
14744
16772
14694
14745
16773
14695
14746
16774
14696
14747
16775
14697
14748
16776
14698
14749
16777
14699
14750
16778
14700
14751
16779
14701
14752
16780
14702
14753
16781
14703
14754
16782
14704
14755
16783
14705
14756
16784
14706
14757
16785
14707
14758
16786
14708
14759
16787
14709
14760
16788
14710
14761
16789
14711
14762
16790
14712
14763
16791
14713
14764
16792
14714
14765
16793
14715
14766
16794
14767
16795
14717
14768
16796
14718
14769
16797
14719
14770
16798
14720
14771
16799
14721
14772
16800
14722
14773
16801
14723
14774
16802
14724
14775
16803
14725
14776
16804
14726
14777
16805
14727
14778
16806
14728
14779
16807
14729
14780
16808
14730
14781
16809
14731
14782
16810
14732
14783
16811
14733
14784
16812
14734
14785
16813
14735
14786
16814
14736
14787
16815
14737
14788
16816
14738
14789
16817
14739
14790
16818
14740
14791
16819
14741
14792
16820
14742
14793
16821
14743
14794
16822
14744
14795
16823
14745
14796
16824
14746
14797
16825
14747
14798
16826
14748
14799
16827
14749
14800
16828
14750
14801
16829
14751
14802
16830
14752
14803
16831
14753
14804
16832
14754
14805
16833
14755
14806
16834
14756
14807
16835
14757
14808
16836
14758
14809
16837
14759
14810
16838
14760
14811
16839
14761
14812
16840
14762
14813
16841
14763
14814
16842
14764
14815
16843
14765
14816
16844
14766
14817
16845
14767
14818
16846
14819
16847
14769
14820
16848
14770
14821
16849
14771
14822
16850
14772
14823
16851
14773
14824
16852
14774
14825
16853
14775
14826
16854
14776
14827
16855
14777
14828
16856
14778
14829
16857
14779
14830
16858
14780
14831
16859
14781
14832
16860
14782
14833
16861
14783
14834
16862
14784
14835
16863
14785
14836
16864
14786
14837
16865
14787
14838
16866
14788
14839
16867
14789
14840
16868
14790
14841
16869
14791
14842
16870
14792
14843
16871
14793
14844
16872
14794
14845
16873
14795
14846
16874
14796
14847
16875
14797
14848
16876
14798
14849
16877
14799
14850
16878
14800
14851
16879
14801
14852
16880
14802
14853
16881
14803
14854
16882
14804
14855
16883
14805
14856
16884
14806
14857
16885
14807
14858
16886
14808
14859
16887
14809
14860
16888
14810
14861
16889
14811
14862
16890
14812
14863
16891
14813
14864
16892
14814
14865
16893
14815
14866
16894
14816
14867
16895
14817
14868
16896
14818
14869
16897
14819
14870
16898
14871
16899
14821
14872
16900
14822
14873
16901
14823
14874
16902
14824
14875
16903
14825
14876
16904
14826
14877
16905
14827
14878
16906
14828
14879
16907
14829
14880
16908
14830
14881
16909
14831
14882
16910
14832
14883
16911
14833
14884
16912
14834
14885
16913
14835
14886
16914
14836
14887
16915
14837
14888
16916
14838
14889
16917
14839
14890
16918
14840
14891
16919
14841
14892
16920
14842
14893
16921
14843
14894
16922
14844
14895
16923
14845
14896
16924
14846
14897
16925
14847
14898
16926
14848
14899
16927
14849
14900
16928
14850
14901
16929
14851
14902
16930
14852
14903
16931
14853
14904
16932
14854
14905
16933
14855
14906
16934
14856
14907
16935
14857
14908
16936
14858
14909
16937
14859
14910
16938
14860
14911
16939
14861
14912
16940
14862
14913
16941
14863
14914
16942
14864
14915
16943
14865
14916
16944
14866
14917
16945
14867
14918
16946
14868
14919
16947
14869
14920
16948
14870
14921
16949
14871
14922
16950
14923
16951
14873
14924
16952
14874
14925
16953
14875
14926
16954
14876
14927
16955
14877
14928
16956
14878
14929
16957
14879
14930
16958
14880
14931
16959
14881
14932
16960
14882
14933
16961
14883
14934
16962
14884
14935
16963
14885
14936
16964
14886
14937
16965
14887
14938
16966
14888
14939
16967
14889
14940
16968
14890
14941
16969
14891
14942
16970
14892
14943
16971
14893
14944
16972
14894
14945
16973
14895
14946
16974
14896
14947
16975
14897
14948
16976
14898
14949
16977
14899
14950
16978
14900
14951
16979
14901
14952
16980
14902
14953
16981
14903
14954
16982
14904
14955
16983
14905
14956
16984
14906
14957
16985
14907
14958
16986
14908
14959
16987
14909
14960
16988
14910
14961
16989
14911
14962
16990
14912
14963
16991
14913
14964
16992
14914
14965
16993
14915
14966
16994
14916
14967
16995
14917
14968
16996
14918
14969
16997
14919
14970
16998
14920
14971
16999
14921
14972
17000
14922
14973
17001
14923
14974
17002
14975
17003
14925
14976
17004
14926
14977
17005
14927
14978
17006
14928
14979
17007
14929
14980
17008
14930
14981
17009
14931
14982
17010
14932
14983
17011
14933
14984
17012
14934
14985
17013
14935
14986
17014
14936
14987
17015
14937
14988
17016
14938
14989
17017
14939
14990
17018
14940
14991
17019
14941
14992
17020
14942
14993
17021
14943
14994
17022
14944
14995
17023
14945
14996
17024
14946
14997
17025
14947
14998
17026
14948
14999
17027
14949
15000
17028
14950
15001
17029
14951
15002
17030
14952
15003
17031
14953
15004
17032
14954
15005
17033
14955
15006
17034
14956
15007
17035
14957
15008
17036
14958
15009
17037
14959
15010
17038
14960
15011
17039
14961
15012
17040
14962
15013
17041
14963
15014
17042
14964
15015
17043
14965
15016
17044
14966
15017
17045
14967
15018
17046
14968
15019
17047
14969
15020
17048
14970
15021
17049
14971
15022
17050
14972
15023
17051
14973
15024
17052
14974
15025
17053
14975
15026
17054
15027
17055
14977
15028
17056
14978
15029
17057
14979
15030
17058
14980
15031
17059
14981
15032
17060
14982
15033
17061
14983
15034
17062
14984
15035
17063
14985
15036
17064
14986
15037
17065
14987
15038
17066
14988
15039
17067
14989
15040
17068
14990
15041
17069
14991
15042
17070
14992
15043
17071
14993
15044
17072
14994
15045
17073
14995
15046
17074
14996
15047
17075
14997
15048
17076
14998
15049
17077
14999
15050
17078
15000
15051
17079
15001
15052
17080
15002
15053
17081
15003
15054
17082
15004
15055
17083
15005
15056
17084
15006
15057
17085
15007
15058
17086
15008
15059
17087
15009
15060
17088
15010
15061
17089
15011
15062
17090
15012
15063
17091
15013
15064
17092
15014
15065
17093
15015
15066
17094
15016
15067
17095
15017
15068
17096
15018
15069
17097
15019
15070
17098
15020
15071
17099
15021
15072
17100
15022
15073
17101
15023
15074
17102
15024
15075
17103
15025
15076
17104
15026
15077
17105
15027
15078
17106
15079
17107
15029
15080
17108
15030
15081
17109
15031
15082
17110
15032
15083
17111
15033
15084
17112
15034
15085
17113
15035
15086
17114
15036
15087
17115
15037
15088
17116
15038
15089
17117
15039
15090
17118
15040
15091
17119
15041
15092
17120
15042
15093
17121
15043
15094
17122
15044
15095
17123
15045
15096
17124
15046
15097
17125
15047
15098
17126
15048
15099
17127
15049
15100
17128
15050
15101
17129
15051
15102
17130
15052
15103
17131
15053
15104
17132
15054
15105
17133
15055
15106
17134
15056
15107
17135
15057
15108
17136
15058
15109
17137
15059
15110
17138
15060
15111
17139
15061
15112
17140
15062
15113
17141
15063
15114
17142
15064
15115
17143
15065
15116
17144
15066
15117
17145
15067
15118
17146
15068
15119
17147
15069
15120
17148
15070
15121
17149
15071
15122
17150
15072
15123
17151
15073
15124
17152
15074
15125
17153
15075
15126
17154
15076
15127
17155
15077
15128
17156
15078
15129
17157
15079
15130
17158
15131
17159
15081
15132
17160
15082
15133
17161
15083
15134
17162
15084
15135
17163
15085
15136
17164
15086
15137
17165
15087
15138
17166
15088
15139
17167
15089
15140
17168
15090
15141
17169
15091
15142
17170
15092
15143
17171
15093
15144
17172
15094
15145
17173
15095
15146
17174
15096
15147
17175
15097
15148
17176
15098
15149
17177
15099
15150
17178
15100
15151
17179
15101
15152
17180
15102
15153
17181
15103
15154
17182
15104
15155
17183
15105
15156
17184
15106
15157
17185
15107
15158
17186
15108
15159
17187
15109
15160
17188
15110
15161
17189
15111
15162
17190
15112
15163
17191
15113
15164
17192
15114
15165
17193
15115
15166
17194
15116
15167
17195
15117
15168
17196
15118
15169
17197
15119
15170
17198
15120
15171
17199
15121
15172
17200
15122
15173
17201
15123
15174
17202
15124
15175
17203
15125
15176
17204
15126
15177
17205
15127
15178
17206
15128
15179
17207
15129
15180
17208
15130
15181
17209
15131
15182
17210
15183
17211
15133
15184
17212
15134
15185
17213
15135
15186
17214
15136
15187
17215
15137
15188
17216
15138
15189
17217
15139
15190
17218
15140
15191
17219
15141
15192
17220
15142
15193
17221
15143
15194
17222
15144
15195
17223
15145
15196
17224
15146
15197
17225
15147
15198
17226
15148
15199
17227
15149
15200
17228
15150
15201
17229
15151
15202
17230
15152
15203
17231
15153
15204
17232
15154
15205
17233
15155
15206
17234
15156
15207
17235
15157
15208
17236
15158
15209
17237
15159
15210
17238
15160
15211
17239
15161
15212
17240
15162
15213
17241
15163
15214
17242
15164
15215
17243
15165
15216
17244
15166
15217
17245
15167
15218
17246
15168
15219
17247
15169
15220
17248
15170
15221
17249
15171
15222
17250
15172
15223
17251
15173
15224
17252
15174
15225
17253
15175
15226
17254
15176
15227
17255
15177
15228
17256
15178
15229
17257
15179
15230
17258
15180
15231
17259
15181
15232
17260
15182
15233
17261
15183
15234
17262
15235
17263
15185
15236
17264
15186
15237
17265
15187
15238
17266
15188
15239
17267
15189
15240
17268
15190
15241
17269
15191
15242
17270
15192
15243
17271
15193
15244
17272
15194
15245
17273
15195
15246
17274
15196
15247
17275
15197
15248
17276
15198
15249
17277
15199
15250
17278
15200
15251
17279
15201
15252
17280
15202
15253
17281
15203
15254
17282
15204
15255
17283
15205
15256
17284
15206
15257
17285
15207
15258
17286
15208
15259
17287
15209
15260
17288
15210
15261
17289
15211
15262
17290
15212
15263
17291
15213
15264
17292
15214
15265
17293
15215
15266
17294
15216
15267
17295
15217
15268
17296
15218
15269
17297
15219
15270
17298
15220
15271
17299
15221
15272
17300
15222
15273
17301
15223
15274
17302
15224
15275
17303
15225
15276
17304
15226
15277
17305
15227
15278
17306
15228
15279
17307
15229
15280
17308
15230
15281
17309
15231
15282
17310
15232
15283
17311
15233
15284
17312
15234
15285
17313
15235
15286
17314
15287
17315
15237
15288
17316
15238
15289
17317
15239
15290
17318
15240
15291
17319
15241
15292
17320
15242
15293
17321
15243
15294
17322
15244
15295
17323
15245
15296
17324
15246
15297
17325
15247
15298
17326
15248
15299
17327
15249
15300
17328
15250
15301
17329
15251
15302
17330
15252
15303
17331
15253
15304
17332
15254
15305
17333
15255
15306
17334
15256
15307
17335
15257
15308
17336
15258
15309
17337
15259
15310
17338
15260
15311
17339
15261
15312
17340
15262
15313
17341
15263
15314
17342
15264
15315
17343
15265
15316
17344
15266
15317
17345
15267
15318
17346
15268
15319
17347
15269
15320
17348
15270
15321
17349
15271
15322
17350
15272
15323
17351
15273
15324
17352
15274
15325
17353
15275
15326
17354
15276
15327
17355
15277
15328
17356
15278
15329
17357
15279
15330
17358
15280
15331
17359
15281
15332
17360
15282
15333
17361
15283
15334
17362
15284
15335
17363
15285
15336
17364
15286
15337
17365
15287
15338
17366
15339
17367
15289
15340
17368
15290
15341
17369
15291
15342
17370
15292
15343
17371
15293
15344
17372
15294
15345
17373
15295
15346
17374
15296
15347
17375
15297
15348
17376
15298
15349
17377
15299
15350
17378
15300
15351
17379
15301
15352
17380
15302
15353
17381
15303
15354
17382
15304
15355
17383
15305
15356
17384
15306
15357
17385
15307
15358
17386
15308
15359
17387
15309
15360
17388
15310
15361
17389
15311
15362
17390
15312
15363
17391
15313
15364
17392
15314
15365
17393
15315
15366
17394
15316
15367
17395
15317
15368
17396
15318
15369
17397
15319
15370
17398
15320
15371
17399
15321
15372
17400
15322
15373
17401
15323
15374
17402
15324
15375
17403
15325
15376
17404
15326
15377
17405
15327
15378
17406
15328
15379
17407
15329
15380
17408
15330
15381
17409
15331
15382
17410
15332
15383
17411
15333
15384
17412
15334
15385
17413
15335
15386
17414
15336
15387
17415
15337
15388
17416
15338
15389
17417
15339
15390
17418
15391
17419
15341
15392
17420
15342
15393
17421
15343
15394
17422
15344
15395
17423
15345
15396
17424
15346
15397
17425
15347
15398
17426
15348
15399
17427
15349
15400
17428
15350
15401
17429
15351
15402
17430
15352
15403
17431
15353
15404
17432
15354
15405
17433
15355
15406
17434
15356
15407
17435
15357
15408
17436
15358
15409
17437
15359
15410
17438
15360
15411
17439
15361
15412
17440
15362
15413
17441
15363
15414
17442
15364
15415
17443
15365
15416
17444
15366
15417
17445
15367
15418
17446
15368
15419
17447
15369
15420
17448
15370
15421
17449
15371
15422
17450
15372
15423
17451
15373
15424
17452
15374
15425
17453
15375
15426
17454
15376
15427
17455
15377
15428
17456
15378
15429
17457
15379
15430
17458
15380
15431
17459
15381
15432
17460
15382
15433
17461
15383
15434
17462
15384
15435
17463
15385
15436
17464
15386
15437
17465
15387
15438
17466
15388
15439
17467
15389
15440
17468
15390
15441
17469
15391
15442
17470
15443
17471
15393
15444
17472
15394
15445
17473
15395
15446
17474
15396
15447
17475
15397
15448
17476
15398
15449
17477
15399
15450
17478
15400
15451
17479
15401
15452
17480
15402
15453
17481
15403
15454
17482
15404
15455
17483
15405
15456
17484
15406
15457
17485
15407
15458
17486
15408
15459
17487
15409
15460
17488
15410
15461
17489
15411
15462
17490
15412
15463
17491
15413
15464
17492
15414
15465
17493
15415
15466
17494
15416
15467
17495
15417
15468
17496
15418
15469
17497
15419
15470
17498
15420
15471
17499
15421
15472
17500
15422
15473
17501
15423
15474
17502
15424
15475
17503
15425
15476
17504
15426
15477
17505
15427
15478
17506
15428
15479
17507
15429
15480
17508
15430
15481
17509
15431
15482
17510
15432
15483
17511
15433
15484
17512
15434
15485
17513
15435
15486
17514
15436
15487
17515
15437
15488
17516
15438
15489
17517
15439
15490
17518
15440
15491
17519
15441
15492
17520
15442
15493
17521
15443
15494
17522
15495
17523
15445
15496
17524
15446
15497
17525
15447
15498
17526
15448
15499
17527
15449
15500
17528
15450
15501
17529
15451
15502
17530
15452
15503
17531
15453
15504
17532
15454
15505
17533
15455
15506
17534
15456
15507
17535
15457
15508
17536
15458
15509
17537
15459
15510
17538
15460
15511
17539
15461
15512
17540
15462
15513
17541
15463
15514
17542
15464
15515
17543
15465
15516
17544
15466
15517
17545
15467
15518
17546
15468
15519
17547
15469
15520
17548
15470
15521
17549
15471
15522
17550
15472
15523
17551
15473
15524
17552
15474
15525
17553
15475
15526
17554
15476
15527
17555
15477
15528
17556
15478
15529
17557
15479
15530
17558
15480
15531
17559
15481
15532
17560
15482
15533
17561
15483
15534
17562
15484
15535
17563
15485
15536
17564
15486
15537
17565
15487
15538
17566
15488
15539
17567
15489
15540
17568
15490
15541
17569
15491
15542
17570
15492
15543
17571
15493
15544
17572
15494
15545
17573
15495
15546
17574
15547
17575
15497
15548
17576
15498
15549
17577
15499
15550
17578
15500
15551
17579
15501
15552
17580
15502
15553
17581
15503
15554
17582
15504
15555
17583
15505
15556
17584
15506
15557
17585
15507
15558
17586
15508
15559
17587
15509
15560
17588
15510
15561
17589
15511
15562
17590
15512
15563
17591
15513
15564
17592
15514
15565
17593
15515
15566
17594
15516
15567
17595
15517
15568
17596
15518
15569
17597
15519
15570
17598
15520
15571
17599
15521
15572
17600
15522
15573
17601
15523
15574
17602
15524
15575
17603
15525
15576
17604
15526
15577
17605
15527
15578
17606
15528
15579
17607
15529
15580
17608
15530
15581
17609
15531
15582
17610
15532
15583
17611
15533
15584
17612
15534
15585
17613
15535
15586
17614
15536
15587
17615
15537
15588
17616
15538
15589
17617
15539
15590
17618
15540
15591
17619
15541
15592
17620
15542
15593
17621
15543
15594
17622
15544
15595
17623
15545
15596
17624
15546
15597
17625
15547
15598
17626
15599
17627
15549
15600
17628
15550
15601
17629
15551
15602
17630
15552
15603
17631
15553
15604
17632
15554
15605
17633
15555
15606
17634
15556
15607
17635
15557
15608
17636
15558
15609
17637
15559
15610
17638
15560
15611
17639
15561
15612
17640
15562
15613
17641
15563
15614
17642
15564
15615
17643
15565
15616
17644
15566
15617
17645
15567
15618
17646
15568
15619
17647
15569
15620
17648
15570
15621
17649
15571
15622
17650
15572
15623
17651
15573
15624
17652
15574
15625
17653
15575
15626
17654
15576
15627
17655
15577
15628
17656
15578
15629
17657
15579
15630
17658
15580
15631
17659
15581
15632
17660
15582
15633
17661
15583
15634
17662
15584
15635
17663
15585
15636
17664
15586
15637
17665
15587
15638
17666
15588
15639
17667
15589
15640
17668
15590
15641
17669
15591
15642
17670
15592
15643
17671
15593
15644
17672
15594
15645
17673
15595
15646
17674
15596
15647
17675
15597
15648
17676
15598
15649
17677
15599
15650
17678
15651
17679
15601
15652
17680
15602
15653
17681
15603
15654
17682
15604
15655
17683
15605
15656
17684
15606
15657
17685
15607
15658
17686
15608
15659
17687
15609
15660
17688
15610
15661
17689
15611
15662
17690
15612
15663
17691
15613
15664
17692
15614
15665
17693
15615
15666
17694
15616
15667
17695
15617
15668
17696
15618
15669
17697
15619
15670
17698
15620
15671
17699
15621
15672
17700
15622
15673
17701
15623
15674
17702
15624
15675
17703
15625
15676
17704
15626
15677
17705
15627
15678
17706
15628
15679
17707
15629
15680
17708
15630
15681
17709
15631
15682
17710
15632
15683
17711
15633
15684
17712
15634
15685
17713
15635
15686
17714
15636
15687
17715
15637
15688
17716
15638
15689
17717
15639
15690
17718
15640
15691
17719
15641
15692
17720
15642
15693
17721
15643
15694
17722
15644
15695
17723
15645
15696
17724
15646
15697
17725
15647
15698
17726
15648
15699
17727
15649
15700
17728
15650
15701
17729
15651
15702
17730
15703
17731
15653
15704
17732
15654
15705
17733
15655
15706
17734
15656
15707
17735
15657
15708
17736
15658
15709
17737
15659
15710
17738
15660
15711
17739
15661
15712
17740
15662
15713
17741
15663
15714
17742
15664
15715
17743
15665
15716
17744
15666
15717
17745
15667
15718
17746
15668
15719
17747
15669
15720
17748
15670
15721
17749
15671
15722
17750
15672
15723
17751
15673
15724
17752
15674
15725
17753
15675
15726
17754
15676
15727
17755
15677
15728
17756
15678
15729
17757
15679
15730
17758
15680
15731
17759
15681
15732
17760
15682
15733
17761
15683
15734
17762
15684
15735
17763
15685
15736
17764
15686
15737
17765
15687
15738
17766
15688
15739
17767
15689
15740
17768
15690
15741
17769
15691
15742
17770
15692
15743
17771
15693
15744
17772
15694
15745
17773
15695
15746
17774
15696
15747
17775
15697
15748
17776
15698
15749
17777
15699
15750
17778
15700
15751
17779
15701
15752
17780
15702
15753
17781
15703
15754
17782
15755
17783
15705
15756
17784
15706
15757
17785
15707
15758
17786
15708
15759
17787
15709
15760
17788
15710
15761
17789
15711
15762
17790
15712
15763
17791
15713
15764
17792
15714
15765
17793
15715
15766
17794
15716
15767
17795
15717
15768
17796
15718
15769
17797
15719
15770
17798
15720
15771
17799
15721
15772
17800
15722
15773
17801
15723
15774
17802
15724
15775
17803
15725
15776
17804
15726
15777
17805
15727
15778
17806
15728
15779
17807
15729
15780
17808
15730
15781
17809
15731
15782
17810
15732
15783
17811
15733
15784
17812
15734
15785
17813
15735
15786
17814
15736
15787
17815
15737
15788
17816
15738
15789
17817
15739
15790
17818
15740
15791
17819
15741
15792
17820
15742
15793
17821
15743
15794
17822
15744
15795
17823
15745
15796
17824
15746
15797
17825
15747
15798
17826
15748
15799
17827
15749
15800
17828
15750
15801
17829
15751
15802
17830
15752
15803
17831
15753
15804
17832
15754
15805
17833
15755
15806
17834
15807
17835
15757
15808
17836
15758
15809
17837
15759
15810
17838
15760
15811
17839
15761
15812
17840
15762
15813
17841
15763
15814
17842
15764
15815
17843
15765
15816
17844
15766
15817
17845
15767
15818
17846
15768
15819
17847
15769
15820
17848
15770
15821
17849
15771
15822
17850
15772
15823
17851
15773
15824
17852
15774
15825
17853
15775
15826
17854
15776
15827
17855
15777
15828
17856
15778
15829
17857
15779
15830
17858
15780
15831
17859
15781
15832
17860
15782
15833
17861
15783
15834
17862
15784
15835
17863
15785
15836
17864
15786
15837
17865
15787
15838
17866
15788
15839
17867
15789
15840
17868
15790
15841
17869
15791
15842
17870
15792
15843
17871
15793
15844
17872
15794
15845
17873
15795
15846
17874
15796
15847
17875
15797
15848
17876
15798
15849
17877
15799
15850
17878
15800
15851
17879
15801
15852
17880
15802
15853
17881
15803
15854
17882
15804
15855
17883
15805
15856
17884
15806
15857
17885
15807
15858
17886
15859
17887
15809
15860
17888
15810
15861
17889
15811
15862
17890
15812
15863
17891
15813
15864
17892
15814
15865
17893
15815
15866
17894
15816
15867
17895
15817
15868
17896
15818
15869
17897
15819
15870
17898
15820
15871
17899
15821
15872
17900
15822
15873
17901
15823
15874
17902
15824
15875
17903
15825
15876
17904
15826
15877
17905
15827
15878
17906
15828
15879
17907
15829
15880
17908
15830
15881
17909
15831
15882
17910
15832
15883
17911
15833
15884
17912
15834
15885
17913
15835
15886
17914
15836
15887
17915
15837
15888
17916
15838
15889
17917
15839
15890
17918
15840
15891
17919
15841
15892
17920
15842
15893
17921
15843
15894
17922
15844
15895
17923
15845
15896
17924
15846
15897
17925
15847
15898
17926
15848
15899
17927
15849
15900
17928
15850
15901
17929
15851
15902
17930
15852
15903
17931
15853
15904
17932
15854
15905
17933
15855
15906
17934
15856
15907
17935
15857
15908
17936
15858
15909
17937
15859
15910
17938
15911
17939
15861
15912
17940
15862
15913
17941
15863
15914
17942
15864
15915
17943
15865
15916
17944
15866
15917
17945
15867
15918
17946
15868
15919
17947
15869
15920
17948
15870
15921
17949
15871
15922
17950
15872
15923
17951
15873
15924
17952
15874
15925
17953
15875
15926
17954
15876
15927
17955
15877
15928
17956
15878
15929
17957
15879
15930
17958
15880
15931
17959
15881
15932
17960
15882
15933
17961
15883
15934
17962
15884
15935
17963
15885
15936
17964
15886
15937
17965
15887
15938
17966
15888
15939
17967
15889
15940
17968
15890
15941
17969
15891
15942
17970
15892
15943
17971
15893
15944
17972
15894
15945
17973
15895
15946
17974
15896
15947
17975
15897
15948
17976
15898
15949
17977
15899
15950
17978
15900
15951
17979
15901
15952
17980
15902
15953
17981
15903
15954
17982
15904
15955
17983
15905
15956
17984
15906
15957
17985
15907
15958
17986
15908
15959
17987
15909
15960
17988
15910
15961
17989
15911
15962
17990
15963
17991
15913
15964
17992
15914
15965
17993
15915
15966
17994
15916
15967
17995
15917
15968
17996
15918
15969
17997
15919
15970
17998
15920
15971
17999
15921
15972
18000
15922
15973
18001
15923
15974
18002
15924
15975
18003
15925
15976
18004
15926
15977
18005
15927
15978
18006
15928
15979
18007
15929
15980
18008
15930
15981
18009
15931
15982
18010
15932
15983
18011
15933
15984
18012
15934
15985
18013
15935
15986
18014
15936
15987
18015
15937
15988
18016
15938
15989
18017
15939
15990
18018
15940
15991
18019
15941
15992
18020
15942
15993
18021
15943
15994
18022
15944
15995
18023
15945
15996
18024
15946
15997
18025
15947
15998
18026
15948
15999
18027
15949
16000
18028
15950
16001
18029
15951
16002
18030
15952
16003
18031
15953
16004
18032
15954
16005
18033
15955
16006
18034
15956
16007
18035
15957
16008
18036
15958
16009
18037
15959
16010
18038
15960
16011
18039
15961
16012
18040
15962
16013
18041
15963
16014
18042
16015
18043
15965
16016
18044
15966
16017
18045
15967
16018
18046
15968
16019
18047
15969
16020
18048
15970
16021
18049
15971
16022
18050
15972
16023
18051
15973
16024
18052
15974
16025
18053
15975
16026
18054
15976
16027
18055
15977
16028
18056
15978
16029
18057
15979
16030
18058
15980
16031
18059
15981
16032
18060
15982
16033
18061
15983
16034
18062
15984
16035
18063
15985
16036
18064
15986
16037
18065
15987
16038
18066
15988
16039
18067
15989
16040
18068
15990
16041
18069
15991
16042
18070
15992
16043
18071
15993
16044
18072
15994
16045
18073
15995
16046
18074
15996
16047
18075
15997
16048
18076
15998
16049
18077
15999
16050
18078
16000
16051
18079
16001
16052
18080
16002
16053
18081
16003
16054
18082
16004
16055
18083
16005
16056
18084
16006
16057
18085
16007
16058
18086
16008
16059
18087
16009
16060
18088
16010
16061
18089
16011
16062
18090
16012
16063
18091
16013
16064
18092
16014
16065
18093
16015
16066
18094
16067
18095
16017
16068
18096
16018
16069
18097
16019
16070
18098
16020
16071
18099
16021
16072
18100
16022
16073
18101
16023
16074
18102
16024
16075
18103
16025
16076
18104
16026
16077
18105
16027
16078
18106
16028
16079
18107
16029
16080
18108
16030
16081
18109
16031
16082
18110
16032
16083
18111
16033
16084
18112
16034
16085
18113
16035
16086
18114
16036
16087
18115
16037
16088
18116
16038
16089
18117
16039
16090
18118
16040
16091
18119
16041
16092
18120
16042
16093
18121
16043
16094
18122
16044
16095
18123
16045
16096
18124
16046
16097
18125
16047
16098
18126
16048
16099
18127
16049
16100
18128
16050
16101
18129
16051
16102
18130
16052
16103
18131
16053
16104
18132
16054
16105
18133
16055
16106
18134
16056
16107
18135
16057
16108
18136
16058
16109
18137
16059
16110
18138
16060
16111
18139
16061
16112
18140
16062
16113
18141
16063
16114
18142
16064
16115
18143
16065
16116
18144
16066
16117
18145
16067
16118
18146
16119
18147
16069
16120
18148
16070
16121
18149
16071
16122
18150
16072
16123
18151
16073
16124
18152
16074
16125
18153
16075
16126
18154
16076
16127
18155
16077
16128
18156
16078
16129
18157
16079
16130
18158
16080
16131
18159
16081
16132
18160
16082
16133
18161
16083
16134
18162
16084
16135
18163
16085
16136
18164
16086
16137
18165
16087
16138
18166
16088
16139
18167
16089
16140
18168
16090
16141
18169
16091
16142
18170
16092
16143
18171
16093
16144
18172
16094
16145
18173
16095
16146
18174
16096
16147
18175
16097
16148
18176
16098
16149
18177
16099
16150
18178
16100
16151
18179
16101
16152
18180
16102
16153
18181
16103
16154
18182
16104
16155
18183
16105
16156
18184
16106
16157
18185
16107
16158
18186
16108
16159
18187
16109
16160
18188
16110
16161
18189
16111
16162
18190
16112
16163
18191
16113
16164
18192
16114
16165
18193
16115
16166
18194
16116
16167
18195
16117
16168
18196
16118
16169
18197
16119
16170
18198
16171
18199
16121
16172
18200
16122
16173
18201
16123
16174
18202
16124
16175
18203
16125
16176
18204
16126
16177
18205
16127
16178
18206
16128
16179
18207
16129
16180
18208
16130
16181
18209
16131
16182
18210
16132
16183
18211
16133
16184
18212
16134
16185
18213
16135
16186
18214
16136
16187
18215
16137
16188
18216
16138
16189
18217
16139
16190
18218
16140
16191
18219
16141
16192
18220
16142
16193
18221
16143
16194
18222
16144
16195
18223
16145
16196
18224
16146
16197
18225
16147
16198
18226
16148
16199
18227
16149
16200
18228
16150
16201
18229
16151
16202
18230
16152
16203
18231
16153
16204
18232
16154
16205
18233
16155
16206
18234
16156
16207
18235
16157
16208
18236
16158
16209
18237
16159
16210
18238
16160
16211
18239
16161
16212
18240
16162
16213
18241
16163
16214
18242
16164
16215
18243
16165
16216
18244
16166
16217
18245
16167
16218
18246
16168
16219
18247
16169
16220
18248
16170
16221
18249
16171
16222
18250
16223
18251
16173
16224
18252
16174
16225
18253
16175
16226
18254
16176
16227
18255
16177
16228
18256
16178
16229
18257
16179
16230
18258
16180
16231
18259
16181
16232
18260
16182
16233
18261
16183
16234
18262
16184
16235
18263
16185
16236
18264
16186
16237
18265
16187
16238
18266
16188
16239
18267
16189
16240
18268
16190
16241
18269
16191
16242
18270
16192
16243
18271
16193
16244
18272
16194
16245
18273
16195
16246
18274
16196
16247
18275
16197
16248
18276
16198
16249
18277
16199
16250
18278
16200
16251
18279
16201
16252
18280
16202
16253
18281
16203
16254
18282
16204
16255
18283
16205
16256
18284
16206
16257
18285
16207
16258
18286
16208
16259
18287
16209
16260
18288
16210
16261
18289
16211
16262
18290
16212
16263
18291
16213
16264
18292
16214
16265
18293
16215
16266
18294
16216
16267
18295
16217
16268
18296
16218
16269
18297
16219
16270
18298
16220
16271
18299
16221
16272
18300
16222
16273
18301
16223
16274
18302
16275
18303
16225
16276
18304
16226
16277
18305
16227
16278
18306
16228
16279
18307
16229
16280
18308
16230
16281
18309
16231
16282
18310
16232
16283
18311
16233
16284
18312
16234
16285
18313
16235
16286
18314
16236
16287
18315
16237
16288
18316
16238
16289
18317
16239
16290
18318
16240
16291
18319
16241
16292
18320
16242
16293
18321
16243
16294
18322
16244
16295
18323
16245
16296
18324
16246
16297
18325
16247
16298
18326
16248
16299
18327
16249
16300
18328
16250
16301
18329
16251
16302
18330
16252
16303
18331
16253
16304
18332
16254
16305
18333
16255
16306
18334
16256
16307
18335
16257
16308
18336
16258
16309
18337
16259
16310
18338
16260
16311
18339
16261
16312
18340
16262
16313
18341
16263
16314
18342
16264
16315
18343
16265
16316
18344
16266
16317
18345
16267
16318
18346
16268
16319
18347
16269
16320
18348
16270
16321
18349
16271
16322
18350
16272
16323
18351
16273
16324
18352
16274
16325
18353
16275
16326
18354
16327
18355
16277
16328
18356
16278
16329
18357
16279
16330
18358
16280
16331
18359
16281
16332
18360
16282
16333
18361
16283
16334
18362
16284
16335
18363
16285
16336
18364
16286
16337
18365
16287
16338
18366
16288
16339
18367
16289
16340
18368
16290
16341
18369
16291
16342
18370
16292
16343
18371
16293
16344
18372
16294
16345
18373
16295
16346
18374
16296
16347
18375
16297
16348
18376
16298
16349
18377
16299
16350
18378
16300
16351
18379
16301
16352
18380
16302
16353
18381
16303
16354
18382
16304
16355
18383
16305
16356
18384
16306
16357
18385
16307
16358
18386
16308
16359
18387
16309
16360
18388
16310
16361
18389
16311
16362
18390
16312
16363
18391
16313
16364
18392
16314
16365
18393
16315
16366
18394
16316
16367
18395
16317
16368
18396
16318
16369
18397
16319
16370
18398
16320
16371
18399
16321
16372
18400
16322
16373
18401
16323
16374
18402
16324
16375
18403
16325
16376
18404
16326
16377
18405
16327
16378
18406
16379
18407
16329
16380
18408
16330
16381
18409
16331
16382
18410
16332
16383
18411
16333
16384
18412
16334
16385
18413
16335
16386
18414
16336
16387
18415
16337
16388
18416
16338
16389
18417
16339
16390
18418
16340
16391
18419
16341
16392
18420
16342
16393
18421
16343
16394
18422
16344
16395
18423
16345
16396
18424
16346
16397
18425
16347
16398
18426
16348
16399
18427
16349
16400
18428
16350
16401
18429
16351
16402
18430
16352
16403
18431
16353
16404
18432
16354
16405
18433
16355
16406
18434
16356
16407
18435
16357
16408
18436
16358
16409
18437
16359
16410
18438
16360
16411
18439
16361
16412
18440
16362
16413
18441
16363
16414
18442
16364
16415
18443
16365
16416
18444
16366
16417
18445
16367
16418
18446
16368
16419
18447
16369
16420
18448
16370
16421
18449
16371
16422
18450
16372
16423
18451
16373
16424
18452
16374
16425
18453
16375
16426
18454
16376
16427
18455
16377
16428
18456
16378
16429
18457
16379
16430
18458
16431
18459
16381
16432
18460
16382
16433
18461
16383
16434
18462
16384
16435
18463
16385
16436
18464
16386
16437
18465
16387
16438
18466
16388
16439
18467
16389
16440
18468
16390
16441
18469
16391
16442
18470
16392
16443
18471
16393
16444
18472
16394
16445
18473
16395
16446
18474
16396
16447
18475
16397
16448
18476
16398
16449
18477
16399
16450
18478
16400
16451
18479
16401
16452
18480
16402
16453
18481
16403
16454
18482
16404
16455
18483
16405
16456
18484
16406
16457
18485
16407
16458
18486
16408
16459
18487
16409
16460
18488
16410
16461
18489
16411
16462
18490
16412
16463
18491
16413
16464
18492
16414
16465
18493
16415
16466
18494
16416
16467
18495
16417
16468
18496
16418
16469
18497
16419
16470
18498
16420
16471
18499
16421
16472
18500
16422
16473
18501
16423
16474
18502
16424
16475
18503
16425
16476
18504
16426
16477
18505
16427
16478
18506
16428
16479
18507
16429
16480
18508
16430
16481
18509
16431
16482
18510
16483
18511
16433
16484
18512
16434
16485
18513
16435
16486
18514
16436
16487
18515
16437
16488
18516
16438
16489
18517
16439
16490
18518
16440
16491
18519
16441
16492
18520
16442
16493
18521
16443
16494
18522
16444
16495
18523
16445
16496
18524
16446
16497
18525
16447
16498
18526
16448
16499
18527
16449
16500
18528
16450
16501
18529
16451
16502
18530
16452
16503
18531
16453
16504
18532
16454
16505
18533
16455
16506
18534
16456
16507
18535
16457
16508
18536
16458
16509
18537
16459
16510
18538
16460
16511
18539
16461
16512
18540
16462
16513
18541
16463
16514
18542
16464
16515
18543
16465
16516
18544
16466
16517
18545
16467
16518
18546
16468
16519
18547
16469
16520
18548
16470
16521
18549
16471
16522
18550
16472
16523
18551
16473
16524
18552
16474
16525
18553
16475
16526
18554
16476
16527
18555
16477
16528
18556
16478
16529
18557
16479
16530
18558
16480
16531
18559
16481
16532
18560
16482
16533
18561
16483
16534
18562
16535
18563
16485
16536
18564
16486
16537
18565
16487
16538
18566
16488
16539
18567
16489
16540
18568
16490
16541
18569
16491
16542
18570
16492
16543
18571
16493
16544
18572
16494
16545
18573
16495
16546
18574
16496
16547
18575
16497
16548
18576
16498
16549
18577
16499
16550
18578
16500
16551
18579
16501
16552
18580
16502
16553
18581
16503
16554
18582
16504
16555
18583
16505
16556
18584
16506
16557
18585
16507
16558
18586
16508
16559
18587
16509
16560
18588
16510
16561
18589
16511
16562
18590
16512
16563
18591
16513
16564
18592
16514
16565
18593
16515
16566
18594
16516
16567
18595
16517
16568
18596
16518
16569
18597
16519
16570
18598
16520
16571
18599
16521
16572
18600
16522
16573
18601
16523
16574
18602
16524
16575
18603
16525
16576
18604
16526
16577
18605
16527
16578
18606
16528
16579
18607
16529
16580
18608
16530
16581
18609
16531
16582
18610
16532
16583
18611
16533
16584
18612
16534
16585
18613
16535
16586
18614
16587
18615
16537
16588
18616
16538
16589
18617
16539
16590
18618
16540
16591
18619
16541
16592
18620
16542
16593
18621
16543
16594
18622
16544
16595
18623
16545
16596
18624
16546
16597
18625
16547
16598
18626
16548
16599
18627
16549
16600
18628
16550
16601
18629
16551
16602
18630
16552
16603
18631
16553
16604
18632
16554
16605
18633
16555
16606
18634
16556
16607
18635
16557
16608
18636
16558
16609
18637
16559
16610
18638
16560
16611
18639
16561
16612
18640
16562
16613
18641
16563
16614
18642
16564
16615
18643
16565
16616
18644
16566
16617
18645
16567
16618
18646
16568
16619
18647
16569
16620
18648
16570
16621
18649
16571
16622
18650
16572
16623
18651
16573
16624
18652
16574
16625
18653
16575
16626
18654
16576
16627
18655
16577
16628
18656
16578
16629
18657
16579
16630
18658
16580
16631
18659
16581
16632
18660
16582
16633
18661
16583
16634
18662
16584
16635
18663
16585
16636
18664
16586
16637
18665
16587
16638
18666
16639
18667
16589
18668
16590
18669
16591
18670
16592
18671
16593
18672
16594
18673
16595
18674
16596
18675
16597
18676
16598
18677
16599
18678
16600
18679
16601
18680
16602
18681
16603
18682
16604
18683
16605
18684
16606
18685
16607
18686
16608
18687
16609
18688
16610
18689
16611
18690
16612
18691
16613
18692
16614
18693
16615
18694
16616
18695
16617
18696
16618
18697
16619
18698
16620
18699
16621
18700
16622
18701
16623
18702
16624
18703
16625
18704
16626
18705
16627
18706
16628
18707
16629
18708
16630
18709
16631
18710
16632
18711
16633
18712
16634
18713
16635
18714
16636
18715
16637
18716
16638
18717
16639
18718
18719
16641
16692
18720
16642
16693
18721
16643
16694
18722
16644
16695
18723
16645
16696
18724
16646
16697
18725
16647
16698
18726
16648
16699
18727
16649
16700
18728
16650
16701
18729
16651
16702
18730
16652
16703
18731
16653
16704
18732
16654
16705
18733
16655
16706
18734
16656
16707
18735
16657
16708
18736
16658
16709
18737
16659
16710
18738
16660
16711
18739
16661
16712
18740
16662
16713
18741
16663
16714
18742
16664
16715
18743
16665
16716
18744
16666
16717
18745
16667
16718
18746
16668
16719
18747
16669
16720
18748
16670
16721
18749
16671
16722
18750
16672
16723
18751
16673
16724
18752
16674
16725
18753
16675
16726
18754
16676
16727
18755
16677
16728
18756
16678
16729
18757
16679
16730
18758
16680
16731
18759
16681
16732
18760
16682
16733
18761
16683
16734
18762
16684
16735
18763
16685
16736
18764
16686
16737
18765
16687
16738
18766
16688
16739
18767
16689
16740
18768
16690
16741
18769
16691
16742
18770
16743
18771
16693
16744
18772
16694
16745
18773
16695
16746
18774
16696
16747
18775
16697
16748
18776
16698
16749
18777
16699
16750
18778
16700
16751
18779
16701
16752
18780
16702
16753
18781
16703
16754
18782
16704
16755
18783
16705
16756
18784
16706
16757
18785
16707
16758
18786
16708
16759
18787
16709
16760
18788
16710
16761
18789
16711
16762
18790
16712
16763
18791
16713
16764
18792
16714
16765
18793
16715
16766
18794
16716
16767
18795
16717
16768
18796
16718
16769
18797
16719
16770
18798
16720
16771
18799
16721
16772
18800
16722
16773
18801
16723
16774
18802
16724
16775
18803
16725
16776
18804
16726
16777
18805
16727
16778
18806
16728
16779
18807
16729
16780
18808
16730
16781
18809
16731
16782
18810
16732
16783
18811
16733
16784
18812
16734
16785
18813
16735
16786
18814
16736
16787
18815
16737
16788
18816
16738
16789
18817
16739
16790
18818
16740
16791
18819
16741
16792
18820
16742
16793
18821
16743
16794
18822
16795
18823
16745
16796
18824
16746
16797
18825
16747
16798
18826
16748
16799
18827
16749
16800
18828
16750
16801
18829
16751
16802
18830
16752
16803
18831
16753
16804
18832
16754
16805
18833
16755
16806
18834
16756
16807
18835
16757
16808
18836
16758
16809
18837
16759
16810
18838
16760
16811
18839
16761
16812
18840
16762
16813
18841
16763
16814
18842
16764
16815
18843
16765
16816
18844
16766
16817
18845
16767
16818
18846
16768
16819
18847
16769
16820
18848
16770
16821
18849
16771
16822
18850
16772
16823
18851
16773
16824
18852
16774
16825
18853
16775
16826
18854
16776
16827
18855
16777
16828
18856
16778
16829
18857
16779
16830
18858
16780
16831
18859
16781
16832
18860
16782
16833
18861
16783
16834
18862
16784
16835
18863
16785
16836
18864
16786
16837
18865
16787
16838
18866
16788
16839
18867
16789
16840
18868
16790
16841
18869
16791
16842
18870
16792
16843
18871
16793
16844
18872
16794
16845
18873
16795
16846
18874
16847
18875
16797
16848
18876
16798
16849
18877
16799
16850
18878
16800
16851
18879
16801
16852
18880
16802
16853
18881
16803
16854
18882
16804
16855
18883
16805
16856
18884
16806
16857
18885
16807
16858
18886
16808
16859
18887
16809
16860
18888
16810
16861
18889
16811
16862
18890
16812
16863
18891
16813
16864
18892
16814
16865
18893
16815
16866
18894
16816
16867
18895
16817
16868
18896
16818
16869
18897
16819
16870
18898
16820
16871
18899
16821
16872
18900
16822
16873
18901
16823
16874
18902
16824
16875
18903
16825
16876
18904
16826
16877
18905
16827
16878
18906
16828
16879
18907
16829
16880
18908
16830
16881
18909
16831
16882
18910
16832
16883
18911
16833
16884
18912
16834
16885
18913
16835
16886
18914
16836
16887
18915
16837
16888
18916
16838
16889
18917
16839
16890
18918
16840
16891
18919
16841
16892
18920
16842
16893
18921
16843
16894
18922
16844
16895
18923
16845
16896
18924
16846
16897
18925
16847
16898
18926
16899
18927
16849
16900
18928
16850
16901
18929
16851
16902
18930
16852
16903
18931
16853
16904
18932
16854
16905
18933
16855
16906
18934
16856
16907
18935
16857
16908
18936
16858
16909
18937
16859
16910
18938
16860
16911
18939
16861
16912
18940
16862
16913
18941
16863
16914
18942
16864
16915
18943
16865
16916
18944
16866
16917
18945
16867
16918
18946
16868
16919
18947
16869
16920
18948
16870
16921
18949
16871
16922
18950
16872
16923
18951
16873
16924
18952
16874
16925
18953
16875
16926
18954
16876
16927
18955
16877
16928
18956
16878
16929
18957
16879
16930
18958
16880
16931
18959
16881
16932
18960
16882
16933
18961
16883
16934
18962
16884
16935
18963
16885
16936
18964
16886
16937
18965
16887
16938
18966
16888
16939
18967
16889
16940
18968
16890
16941
18969
16891
16942
18970
16892
16943
18971
16893
16944
18972
16894
16945
18973
16895
16946
18974
16896
16947
18975
16897
16948
18976
16898
16949
18977
16899
16950
18978
16951
18979
16901
16952
18980
16902
16953
18981
16903
16954
18982
16904
16955
18983
16905
16956
18984
16906
16957
18985
16907
16958
18986
16908
16959
18987
16909
16960
18988
16910
16961
18989
16911
16962
18990
16912
16963
18991
16913
16964
18992
16914
16965
18993
16915
16966
18994
16916
16967
18995
16917
16968
18996
16918
16969
18997
16919
16970
18998
16920
16971
18999
16921
16972
19000
16922
16973
19001
16923
16974
19002
16924
16975
19003
16925
16976
19004
16926
16977
19005
16927
16978
19006
16928
16979
19007
16929
16980
19008
16930
16981
19009
16931
16982
19010
16932
16983
19011
16933
16984
19012
16934
16985
19013
16935
16986
19014
16936
16987
19015
16937
16988
19016
16938
16989
19017
16939
16990
19018
16940
16991
19019
16941
16992
19020
16942
16993
19021
16943
16994
19022
16944
16995
19023
16945
16996
19024
16946
16997
19025
16947
16998
19026
16948
16999
19027
16949
17000
19028
16950
17001
19029
16951
17002
19030
17003
19031
16953
17004
19032
16954
17005
19033
16955
17006
19034
16956
17007
19035
16957
17008
19036
16958
17009
19037
16959
17010
19038
16960
17011
19039
16961
17012
19040
16962
17013
19041
16963
17014
19042
16964
17015
19043
16965
17016
19044
16966
17017
19045
16967
17018
19046
16968
17019
19047
16969
17020
19048
16970
17021
19049
16971
17022
19050
16972
17023
19051
16973
17024
19052
16974
17025
19053
16975
17026
19054
16976
17027
19055
16977
17028
19056
16978
17029
19057
16979
17030
19058
16980
17031
19059
16981
17032
19060
16982
17033
19061
16983
17034
19062
16984
17035
19063
16985
17036
19064
16986
17037
19065
16987
17038
19066
16988
17039
19067
16989
17040
19068
16990
17041
19069
16991
17042
19070
16992
17043
19071
16993
17044
19072
16994
17045
19073
16995
17046
19074
16996
17047
19075
16997
17048
19076
16998
17049
19077
16999
17050
19078
17000
17051
19079
17001
17052
19080
17002
17053
19081
17003
17054
19082
17055
19083
17005
17056
19084
17006
17057
19085
17007
17058
19086
17008
17059
19087
17009
17060
19088
17010
17061
19089
17011
17062
19090
17012
17063
19091
17013
17064
19092
17014
17065
19093
17015
17066
19094
17016
17067
19095
17017
17068
19096
17018
17069
19097
17019
17070
19098
17020
17071
19099
17021
17072
19100
17022
17073
19101
17023
17074
19102
17024
17075
19103
17025
17076
19104
17026
17077
19105
17027
17078
19106
17028
17079
19107
17029
17080
19108
17030
17081
19109
17031
17082
19110
17032
17083
19111
17033
17084
19112
17034
17085
19113
17035
17086
19114
17036
17087
19115
17037
17088
19116
17038
17089
19117
17039
17090
19118
17040
17091
19119
17041
17092
19120
17042
17093
19121
17043
17094
19122
17044
17095
19123
17045
17096
19124
17046
17097
19125
17047
17098
19126
17048
17099
19127
17049
17100
19128
17050
17101
19129
17051
17102
19130
17052
17103
19131
17053
17104
19132
17054
17105
19133
17055
17106
19134
17107
19135
17057
17108
19136
17058
17109
19137
17059
17110
19138
17060
17111
19139
17061
17112
19140
17062
17113
19141
17063
17114
19142
17064
17115
19143
17065
17116
19144
17066
17117
19145
17067
17118
19146
17068
17119
19147
17069
17120
19148
17070
17121
19149
17071
17122
19150
17072
17123
19151
17073
17124
19152
17074
17125
19153
17075
17126
19154
17076
17127
19155
17077
17128
19156
17078
17129
19157
17079
17130
19158
17080
17131
19159
17081
17132
19160
17082
17133
19161
17083
17134
19162
17084
17135
19163
17085
17136
19164
17086
17137
19165
17087
17138
19166
17088
17139
19167
17089
17140
19168
17090
17141
19169
17091
17142
19170
17092
17143
19171
17093
17144
19172
17094
17145
19173
17095
17146
19174
17096
17147
19175
17097
17148
19176
17098
17149
19177
17099
17150
19178
17100
17151
19179
17101
17152
19180
17102
17153
19181
17103
17154
19182
17104
17155
19183
17105
17156
19184
17106
17157
19185
17107
17158
19186
17159
19187
17109
17160
19188
17110
17161
19189
17111
17162
19190
17112
17163
19191
17113
17164
19192
17114
17165
19193
17115
17166
19194
17116
17167
19195
17117
17168
19196
17118
17169
19197
17119
17170
19198
17120
17171
19199
17121
17172
19200
17122
17173
19201
17123
17174
19202
17124
17175
19203
17125
17176
19204
17126
17177
19205
17127
17178
19206
17128
17179
19207
17129
17180
19208
17130
17181
19209
17131
17182
19210
17132
17183
19211
17133
17184
19212
17134
17185
19213
17135
17186
19214
17136
17187
19215
17137
17188
19216
17138
17189
19217
17139
17190
19218
17140
17191
19219
17141
17192
19220
17142
17193
19221
17143
17194
19222
17144
17195
19223
17145
17196
19224
17146
17197
19225
17147
17198
19226
17148
17199
19227
17149
17200
19228
17150
17201
19229
17151
17202
19230
17152
17203
19231
17153
17204
19232
17154
17205
19233
17155
17206
19234
17156
17207
19235
17157
17208
19236
17158
17209
19237
17159
17210
19238
17211
19239
17161
17212
19240
17162
17213
19241
17163
17214
19242
17164
17215
19243
17165
17216
19244
17166
17217
19245
17167
17218
19246
17168
17219
19247
17169
17220
19248
17170
17221
19249
17171
17222
19250
17172
17223
19251
17173
17224
19252
17174
17225
19253
17175
17226
19254
17176
17227
19255
17177
17228
19256
17178
17229
19257
17179
17230
19258
17180
17231
19259
17181
17232
19260
17182
17233
19261
17183
17234
19262
17184
17235
19263
17185
17236
19264
17186
17237
19265
17187
17238
19266
17188
17239
19267
17189
17240
19268
17190
17241
19269
17191
17242
19270
17192
17243
19271
17193
17244
19272
17194
17245
19273
17195
17246
19274
17196
17247
19275
17197
17248
19276
17198
17249
19277
17199
17250
19278
17200
17251
19279
17201
17252
19280
17202
17253
19281
17203
17254
19282
17204
17255
19283
17205
17256
19284
17206
17257
19285
17207
17258
19286
17208
17259
19287
17209
17260
19288
17210
17261
19289
17211
17262
19290
17263
19291
17213
17264
19292
17214
17265
19293
17215
17266
19294
17216
17267
19295
17217
17268
19296
17218
17269
19297
17219
17270
19298
17220
17271
19299
17221
17272
19300
17222
17273
19301
17223
17274
19302
17224
17275
19303
17225
17276
19304
17226
17277
19305
17227
17278
19306
17228
17279
19307
17229
17280
19308
17230
17281
19309
17231
17282
19310
17232
17283
19311
17233
17284
19312
17234
17285
19313
17235
17286
19314
17236
17287
19315
17237
17288
19316
17238
17289
19317
17239
17290
19318
17240
17291
19319
17241
17292
19320
17242
17293
19321
17243
17294
19322
17244
17295
19323
17245
17296
19324
17246
17297
19325
17247
17298
19326
17248
17299
19327
17249
17300
19328
17250
17301
19329
17251
17302
19330
17252
17303
19331
17253
17304
19332
17254
17305
19333
17255
17306
19334
17256
17307
19335
17257
17308
19336
17258
17309
19337
17259
17310
19338
17260
17311
19339
17261
17312
19340
17262
17313
19341
17263
17314
19342
17315
19343
17265
17316
19344
17266
17317
19345
17267
17318
19346
17268
17319
19347
17269
17320
19348
17270
17321
19349
17271
17322
19350
17272
17323
19351
17273
17324
19352
17274
17325
19353
17275
17326
19354
17276
17327
19355
17277
17328
19356
17278
17329
19357
17279
17330
19358
17280
17331
19359
17281
17332
19360
17282
17333
19361
17283
17334
19362
17284
17335
19363
17285
17336
19364
17286
17337
19365
17287
17338
19366
17288
17339
19367
17289
17340
19368
17290
17341
19369
17291
17342
19370
17292
17343
19371
17293
17344
19372
17294
17345
19373
17295
17346
19374
17296
17347
19375
17297
17348
19376
17298
17349
19377
17299
17350
19378
17300
17351
19379
17301
17352
19380
17302
17353
19381
17303
17354
19382
17304
17355
19383
17305
17356
19384
17306
17357
19385
17307
17358
19386
17308
17359
19387
17309
17360
19388
17310
17361
19389
17311
17362
19390
17312
17363
19391
17313
17364
19392
17314
17365
19393
17315
17366
19394
17367
19395
17317
17368
19396
17318
17369
19397
17319
17370
19398
17320
17371
19399
17321
17372
19400
17322
17373
19401
17323
17374
19402
17324
17375
19403
17325
17376
19404
17326
17377
19405
17327
17378
19406
17328
17379
19407
17329
17380
19408
17330
17381
19409
17331
17382
19410
17332
17383
19411
17333
17384
19412
17334
17385
19413
17335
17386
19414
17336
17387
19415
17337
17388
19416
17338
17389
19417
17339
17390
19418
17340
17391
19419
17341
17392
19420
17342
17393
19421
17343
17394
19422
17344
17395
19423
17345
17396
19424
17346
17397
19425
17347
17398
19426
17348
17399
19427
17349
17400
19428
17350
17401
19429
17351
17402
19430
17352
17403
19431
17353
17404
19432
17354
17405
19433
17355
17406
19434
17356
17407
19435
17357
17408
19436
17358
17409
19437
17359
17410
19438
17360
17411
19439
17361
17412
19440
17362
17413
19441
17363
17414
19442
17364
17415
19443
17365
17416
19444
17366
17417
19445
17367
17418
19446
17419
19447
17369
17420
19448
17370
17421
19449
17371
17422
19450
17372
17423
19451
17373
17424
19452
17374
17425
19453
17375
17426
19454
17376
17427
19455
17377
17428
19456
17378
17429
19457
17379
17430
19458
17380
17431
19459
17381
17432
19460
17382
17433
19461
17383
17434
19462
17384
17435
19463
17385
17436
19464
17386
17437
19465
17387
17438
19466
17388
17439
19467
17389
17440
19468
17390
17441
19469
17391
17442
19470
17392
17443
19471
17393
17444
19472
17394
17445
19473
17395
17446
19474
17396
17447
19475
17397
17448
19476
17398
17449
19477
17399
17450
19478
17400
17451
19479
17401
17452
19480
17402
17453
19481
17403
17454
19482
17404
17455
19483
17405
17456
19484
17406
17457
19485
17407
17458
19486
17408
17459
19487
17409
17460
19488
17410
17461
19489
17411
17462
19490
17412
17463
19491
17413
17464
19492
17414
17465
19493
17415
17466
19494
17416
17467
19495
17417
17468
19496
17418
17469
19497
17419
17470
19498
17471
19499
17421
17472
19500
17422
17473
19501
17423
17474
19502
17424
17475
19503
17425
17476
19504
17426
17477
19505
17427
17478
19506
17428
17479
19507
17429
17480
19508
17430
17481
19509
17431
17482
19510
17432
17483
19511
17433
17484
19512
17434
17485
19513
17435
17486
19514
17436
17487
19515
17437
17488
19516
17438
17489
19517
17439
17490
19518
17440
17491
19519
17441
17492
19520
17442
17493
19521
17443
17494
19522
17444
17495
19523
17445
17496
19524
17446
17497
19525
17447
17498
19526
17448
17499
19527
17449
17500
19528
17450
17501
19529
17451
17502
19530
17452
17503
19531
17453
17504
19532
17454
17505
19533
17455
17506
19534
17456
17507
19535
17457
17508
19536
17458
17509
19537
17459
17510
19538
17460
17511
19539
17461
17512
19540
17462
17513
19541
17463
17514
19542
17464
17515
19543
17465
17516
19544
17466
17517
19545
17467
17518
19546
17468
17519
19547
17469
17520
19548
17470
17521
19549
17471
17522
19550
17523
19551
17473
17524
19552
17474
17525
19553
17475
17526
19554
17476
17527
19555
17477
17528
19556
17478
17529
19557
17479
17530
19558
17480
17531
19559
17481
17532
19560
17482
17533
19561
17483
17534
19562
17484
17535
19563
17485
17536
19564
17486
17537
19565
17487
17538
19566
17488
17539
19567
17489
17540
19568
17490
17541
19569
17491
17542
19570
17492
17543
19571
17493
17544
19572
17494
17545
19573
17495
17546
19574
17496
17547
19575
17497
17548
19576
17498
17549
19577
17499
17550
19578
17500
17551
19579
17501
17552
19580
17502
17553
19581
17503
17554
19582
17504
17555
19583
17505
17556
19584
17506
17557
19585
17507
17558
19586
17508
17559
19587
17509
17560
19588
17510
17561
19589
17511
17562
19590
17512
17563
19591
17513
17564
19592
17514
17565
19593
17515
17566
19594
17516
17567
19595
17517
17568
19596
17518
17569
19597
17519
17570
19598
17520
17571
19599
17521
17572
19600
17522
17573
19601
17523
17574
19602
17575
19603
17525
17576
19604
17526
17577
19605
17527
17578
19606
17528
17579
19607
17529
17580
19608
17530
17581
19609
17531
17582
19610
17532
17583
19611
17533
17584
19612
17534
17585
19613
17535
17586
19614
17536
17587
19615
17537
17588
19616
17538
17589
19617
17539
17590
19618
17540
17591
19619
17541
17592
19620
17542
17593
19621
17543
17594
19622
17544
17595
19623
17545
17596
19624
17546
17597
19625
17547
17598
19626
17548
17599
19627
17549
17600
19628
17550
17601
19629
17551
17602
19630
17552
17603
19631
17553
17604
19632
17554
17605
19633
17555
17606
19634
17556
17607
19635
17557
17608
19636
17558
17609
19637
17559
17610
19638
17560
17611
19639
17561
17612
19640
17562
17613
19641
17563
17614
19642
17564
17615
19643
17565
17616
19644
17566
17617
19645
17567
17618
19646
17568
17619
19647
17569
17620
19648
17570
17621
19649
17571
17622
19650
17572
17623
19651
17573
17624
19652
17574
17625
19653
17575
17626
19654
17627
19655
17577
17628
19656
17578
17629
19657
17579
17630
19658
17580
17631
19659
17581
17632
19660
17582
17633
19661
17583
17634
19662
17584
17635
19663
17585
17636
19664
17586
17637
19665
17587
17638
19666
17588
17639
19667
17589
17640
19668
17590
17641
19669
17591
17642
19670
17592
17643
19671
17593
17644
19672
17594
17645
19673
17595
17646
19674
17596
17647
19675
17597
17648
19676
17598
17649
19677
17599
17650
19678
17600
17651
19679
17601
17652
19680
17602
17653
19681
17603
17654
19682
17604
17655
19683
17605
17656
19684
17606
17657
19685
17607
17658
19686
17608
17659
19687
17609
17660
19688
17610
17661
19689
17611
17662
19690
17612
17663
19691
17613
17664
19692
17614
17665
19693
17615
17666
19694
17616
17667
19695
17617
17668
19696
17618
17669
19697
17619
17670
19698
17620
17671
19699
17621
17672
19700
17622
17673
19701
17623
17674
19702
17624
17675
19703
17625
17676
19704
17626
17677
19705
17627
17678
19706
17679
19707
17629
17680
19708
17630
17681
19709
17631
17682
19710
17632
17683
19711
17633
17684
19712
17634
17685
19713
17635
17686
19714
17636
17687
19715
17637
17688
19716
17638
17689
19717
17639
17690
19718
17640
17691
19719
17641
17692
19720
17642
17693
19721
17643
17694
19722
17644
17695
19723
17645
17696
19724
17646
17697
19725
17647
17698
19726
17648
17699
19727
17649
17700
19728
17650
17701
19729
17651
17702
19730
17652
17703
19731
17653
17704
19732
17654
17705
19733
17655
17706
19734
17656
17707
19735
17657
17708
19736
17658
17709
19737
17659
17710
19738
17660
17711
19739
17661
17712
19740
17662
17713
19741
17663
17714
19742
17664
17715
19743
17665
17716
19744
17666
17717
19745
17667
17718
19746
17668
17719
19747
17669
17720
19748
17670
17721
19749
17671
17722
19750
17672
17723
19751
17673
17724
19752
17674
17725
19753
17675
17726
19754
17676
17727
19755
17677
17728
19756
17678
17729
19757
17679
17730
19758
17731
19759
17681
17732
19760
17682
17733
19761
17683
17734
19762
17684
17735
19763
17685
17736
19764
17686
17737
19765
17687
17738
19766
17688
17739
19767
17689
17740
19768
17690
17741
19769
17691
17742
19770
17692
17743
19771
17693
17744
19772
17694
17745
19773
17695
17746
19774
17696
17747
19775
17697
17748
19776
17698
17749
19777
17699
17750
19778
17700
17751
19779
17701
17752
19780
17702
17753
19781
17703
17754
19782
17704
17755
19783
17705
17756
19784
17706
17757
19785
17707
17758
19786
17708
17759
19787
17709
17760
19788
17710
17761
19789
17711
17762
19790
17712
17763
19791
17713
17764
19792
17714
17765
19793
17715
17766
19794
17716
17767
19795
17717
17768
19796
17718
17769
19797
17719
17770
19798
17720
17771
19799
17721
17772
19800
17722
17773
19801
17723
17774
19802
17724
17775
19803
17725
17776
19804
17726
17777
19805
17727
17778
19806
17728
17779
19807
17729
17780
19808
17730
17781
19809
17731
17782
19810
17783
19811
17733
17784
19812
17734
17785
19813
17735
17786
19814
17736
17787
19815
17737
17788
19816
17738
17789
19817
17739
17790
19818
17740
17791
19819
17741
17792
19820
17742
17793
19821
17743
17794
19822
17744
17795
19823
17745
17796
19824
17746
17797
19825
17747
17798
19826
17748
17799
19827
17749
17800
19828
17750
17801
19829
17751
17802
19830
17752
17803
19831
17753
17804
19832
17754
17805
19833
17755
17806
19834
17756
17807
19835
17757
17808
19836
17758
17809
19837
17759
17810
19838
17760
17811
19839
17761
17812
19840
17762
17813
19841
17763
17814
19842
17764
17815
19843
17765
17816
19844
17766
17817
19845
17767
17818
19846
17768
17819
19847
17769
17820
19848
17770
17821
19849
17771
17822
19850
17772
17823
19851
17773
17824
19852
17774
17825
19853
17775
17826
19854
17776
17827
19855
17777
17828
19856
17778
17829
19857
17779
17830
19858
17780
17831
19859
17781
17832
19860
17782
17833
19861
17783
17834
19862
17835
19863
17785
17836
19864
17786
17837
19865
17787
17838
19866
17788
17839
19867
17789
17840
19868
17790
17841
19869
17791
17842
19870
17792
17843
19871
17793
17844
19872
17794
17845
19873
17795
17846
19874
17796
17847
19875
17797
17848
19876
17798
17849
19877
17799
17850
19878
17800
17851
19879
17801
17852
19880
17802
17853
19881
17803
17854
19882
17804
17855
19883
17805
17856
19884
17806
17857
19885
17807
17858
19886
17808
17859
19887
17809
17860
19888
17810
17861
19889
17811
17862
19890
17812
17863
19891
17813
17864
19892
17814
17865
19893
17815
17866
19894
17816
17867
19895
17817
17868
19896
17818
17869
19897
17819
17870
19898
17820
17871
19899
17821
17872
19900
17822
17873
19901
17823
17874
19902
17824
17875
19903
17825
17876
19904
17826
17877
19905
17827
17878
19906
17828
17879
19907
17829
17880
19908
17830
17881
19909
17831
17882
19910
17832
17883
19911
17833
17884
19912
17834
17885
19913
17835
17886
19914
17887
19915
17837
17888
19916
17838
17889
19917
17839
17890
19918
17840
17891
19919
17841
17892
19920
17842
17893
19921
17843
17894
19922
17844
17895
19923
17845
17896
19924
17846
17897
19925
17847
17898
19926
17848
17899
19927
17849
17900
19928
17850
17901
19929
17851
17902
19930
17852
17903
19931
17853
17904
19932
17854
17905
19933
17855
17906
19934
17856
17907
19935
17857
17908
19936
17858
17909
19937
17859
17910
19938
17860
17911
19939
17861
17912
19940
17862
17913
19941
17863
17914
19942
17864
17915
19943
17865
17916
19944
17866
17917
19945
17867
17918
19946
17868
17919
19947
17869
17920
19948
17870
17921
19949
17871
17922
19950
17872
17923
19951
17873
17924
19952
17874
17925
19953
17875
17926
19954
17876
17927
19955
17877
17928
19956
17878
17929
19957
17879
17930
19958
17880
17931
19959
17881
17932
19960
17882
17933
19961
17883
17934
19962
17884
17935
19963
17885
17936
19964
17886
17937
19965
17887
17938
19966
17939
19967
17889
17940
19968
17890
17941
19969
17891
17942
19970
17892
17943
19971
17893
17944
19972
17894
17945
19973
17895
17946
19974
17896
17947
19975
17897
17948
19976
17898
17949
19977
17899
17950
19978
17900
17951
19979
17901
17952
19980
17902
17953
19981
17903
17954
19982
17904
17955
19983
17905
17956
19984
17906
17957
19985
17907
17958
19986
17908
17959
19987
17909
17960
19988
17910
17961
19989
17911
17962
19990
17912
17963
19991
17913
17964
19992
17914
17965
19993
17915
17966
19994
17916
17967
19995
17917
17968
19996
17918
17969
19997
17919
17970
19998
17920
17971
19999
17921
17972
20000
17922
17973
20001
17923
17974
20002
17924
17975
20003
17925
17976
20004
17926
17977
20005
17927
17978
20006
17928
17979
20007
17929
17980
20008
17930
17981
20009
17931
17982
20010
17932
17983
20011
17933
17984
20012
17934
17985
20013
17935
17986
20014
17936
17987
20015
17937
17988
20016
17938
17989
20017
17939
17990
20018
17991
20019
17941
17992
20020
17942
17993
20021
17943
17994
20022
17944
17995
20023
17945
17996
20024
17946
17997
20025
17947
17998
20026
17948
17999
20027
17949
18000
20028
17950
18001
20029
17951
18002
20030
17952
18003
20031
17953
18004
20032
17954
18005
20033
17955
18006
20034
17956
18007
20035
17957
18008
20036
17958
18009
20037
17959
18010
20038
17960
18011
20039
17961
18012
20040
17962
18013
20041
17963
18014
20042
17964
18015
20043
17965
18016
20044
17966
18017
20045
17967
18018
20046
17968
18019
20047
17969
18020
20048
17970
18021
20049
17971
18022
20050
17972
18023
20051
17973
18024
20052
17974
18025
20053
17975
18026
20054
17976
18027
20055
17977
18028
20056
17978
18029
20057
17979
18030
20058
17980
18031
20059
17981
18032
20060
17982
18033
20061
17983
18034
20062
17984
18035
20063
17985
18036
20064
17986
18037
20065
17987
18038
20066
17988
18039
20067
17989
18040
20068
17990
18041
20069
17991
18042
20070
18043
20071
17993
18044
20072
17994
18045
20073
17995
18046
20074
17996
18047
20075
17997
18048
20076
17998
18049
20077
17999
18050
20078
18000
18051
20079
18001
18052
20080
18002
18053
20081
18003
18054
20082
18004
18055
20083
18005
18056
20084
18006
18057
20085
18007
18058
20086
18008
18059
20087
18009
18060
20088
18010
18061
20089
18011
18062
20090
18012
18063
20091
18013
18064
20092
18014
18065
20093
18015
18066
20094
18016
18067
20095
18017
18068
20096
18018
18069
20097
18019
18070
20098
18020
18071
20099
18021
18072
20100
18022
18073
20101
18023
18074
20102
18024
18075
20103
18025
18076
20104
18026
18077
20105
18027
18078
20106
18028
18079
20107
18029
18080
20108
18030
18081
20109
18031
18082
20110
18032
18083
20111
18033
18084
20112
18034
18085
20113
18035
18086
20114
18036
18087
20115
18037
18088
20116
18038
18089
20117
18039
18090
20118
18040
18091
20119
18041
18092
20120
18042
18093
20121
18043
18094
20122
18095
20123
18045
18096
20124
18046
18097
20125
18047
18098
20126
18048
18099
20127
18049
18100
20128
18050
18101
20129
18051
18102
20130
18052
18103
20131
18053
18104
20132
18054
18105
20133
18055
18106
20134
18056
18107
20135
18057
18108
20136
18058
18109
20137
18059
18110
20138
18060
18111
20139
18061
18112
20140
18062
18113
20141
18063
18114
20142
18064
18115
20143
18065
18116
20144
18066
18117
20145
18067
18118
20146
18068
18119
20147
18069
18120
20148
18070
18121
20149
18071
18122
20150
18072
18123
20151
18073
18124
20152
18074
18125
20153
18075
18126
20154
18076
18127
20155
18077
18128
20156
18078
18129
20157
18079
18130
20158
18080
18131
20159
18081
18132
20160
18082
18133
20161
18083
18134
20162
18084
18135
20163
18085
18136
20164
18086
18137
20165
18087
18138
20166
18088
18139
20167
18089
18140
20168
18090
18141
20169
18091
18142
20170
18092
18143
20171
18093
18144
20172
18094
18145
20173
18095
18146
20174
18147
20175
18097
18148
20176
18098
18149
20177
18099
18150
20178
18100
18151
20179
18101
18152
20180
18102
18153
20181
18103
18154
20182
18104
18155
20183
18105
18156
20184
18106
18157
20185
18107
18158
20186
18108
18159
20187
18109
18160
20188
18110
18161
20189
18111
18162
20190
18112
18163
20191
18113
18164
20192
18114
18165
20193
18115
18166
20194
18116
18167
20195
18117
18168
20196
18118
18169
20197
18119
18170
20198
18120
18171
20199
18121
18172
20200
18122
18173
20201
18123
18174
20202
18124
18175
20203
18125
18176
20204
18126
18177
20205
18127
18178
20206
18128
18179
20207
18129
18180
20208
18130
18181
20209
18131
18182
20210
18132
18183
20211
18133
18184
20212
18134
18185
20213
18135
18186
20214
18136
18187
20215
18137
18188
20216
18138
18189
20217
18139
18190
20218
18140
18191
20219
18141
18192
20220
18142
18193
20221
18143
18194
20222
18144
18195
20223
18145
18196
20224
18146
18197
20225
18147
18198
20226
18199
20227
18149
18200
20228
18150
18201
20229
18151
18202
20230
18152
18203
20231
18153
18204
20232
18154
18205
20233
18155
18206
20234
18156
18207
20235
18157
18208
20236
18158
18209
20237
18159
18210
20238
18160
18211
20239
18161
18212
20240
18162
18213
20241
18163
18214
20242
18164
18215
20243
18165
18216
20244
18166
18217
20245
18167
18218
20246
18168
18219
20247
18169
18220
20248
18170
18221
20249
18171
18222
20250
18172
18223
20251
18173
18224
20252
18174
18225
20253
18175
18226
20254
18176
18227
20255
18177
18228
20256
18178
18229
20257
18179
18230
20258
18180
18231
20259
18181
18232
20260
18182
18233
20261
18183
18234
20262
18184
18235
20263
18185
18236
20264
18186
18237
20265
18187
18238
20266
18188
18239
20267
18189
18240
20268
18190
18241
20269
18191
18242
20270
18192
18243
20271
18193
18244
20272
18194
18245
20273
18195
18246
20274
18196
18247
20275
18197
18248
20276
18198
18249
20277
18199
18250
20278
18251
20279
18201
18252
20280
18202
18253
20281
18203
18254
20282
18204
18255
20283
18205
18256
20284
18206
18257
20285
18207
18258
20286
18208
18259
20287
18209
18260
20288
18210
18261
20289
18211
18262
20290
18212
18263
20291
18213
18264
20292
18214
18265
20293
18215
18266
20294
18216
18267
20295
18217
18268
20296
18218
18269
20297
18219
18270
20298
18220
18271
20299
18221
18272
20300
18222
18273
20301
18223
18274
20302
18224
18275
20303
18225
18276
20304
18226
18277
20305
18227
18278
20306
18228
18279
20307
18229
18280
20308
18230
18281
20309
18231
18282
20310
18232
18283
20311
18233
18284
20312
18234
18285
20313
18235
18286
20314
18236
18287
20315
18237
18288
20316
18238
18289
20317
18239
18290
20318
18240
18291
20319
18241
18292
20320
18242
18293
20321
18243
18294
20322
18244
18295
20323
18245
18296
20324
18246
18297
20325
18247
18298
20326
18248
18299
20327
18249
18300
20328
18250
18301
20329
18251
18302
20330
18303
20331
18253
18304
20332
18254
18305
20333
18255
18306
20334
18256
18307
20335
18257
18308
20336
18258
18309
20337
18259
18310
20338
18260
18311
20339
18261
18312
20340
18262
18313
20341
18263
18314
20342
18264
18315
20343
18265
18316
20344
18266
18317
20345
18267
18318
20346
18268
18319
20347
18269
18320
20348
18270
18321
20349
18271
18322
20350
18272
18323
20351
18273
18324
20352
18274
18325
20353
18275
18326
20354
18276
18327
20355
18277
18328
20356
18278
18329
20357
18279
18330
20358
18280
18331
20359
18281
18332
20360
18282
18333
20361
18283
18334
20362
18284
18335
20363
18285
18336
20364
18286
18337
20365
18287
18338
20366
18288
18339
20367
18289
18340
20368
18290
18341
20369
18291
18342
20370
18292
18343
20371
18293
18344
20372
18294
18345
20373
18295
18346
20374
18296
18347
20375
18297
18348
20376
18298
18349
20377
18299
18350
20378
18300
18351
20379
18301
18352
20380
18302
18353
20381
18303
18354
20382
18355
20383
18305
18356
20384
18306
18357
20385
18307
18358
20386
18308
18359
20387
18309
18360
20388
18310
18361
20389
18311
18362
20390
18312
18363
20391
18313
18364
20392
18314
18365
20393
18315
18366
20394
18316
18367
20395
18317
18368
20396
18318
18369
20397
18319
18370
20398
18320
18371
20399
18321
18372
20400
18322
18373
20401
18323
18374
20402
18324
18375
20403
18325
18376
20404
18326
18377
20405
18327
18378
20406
18328
18379
20407
18329
18380
20408
18330
18381
20409
18331
18382
20410
18332
18383
20411
18333
18384
20412
18334
18385
20413
18335
18386
20414
18336
18387
20415
18337
18388
20416
18338
18389
20417
18339
18390
20418
18340
18391
20419
18341
18392
20420
18342
18393
20421
18343
18394
20422
18344
18395
20423
18345
18396
20424
18346
18397
20425
18347
18398
20426
18348
18399
20427
18349
18400
20428
18350
18401
20429
18351
18402
20430
18352
18403
20431
18353
18404
20432
18354
18405
20433
18355
18406
20434
18407
20435
18357
18408
20436
18358
18409
20437
18359
18410
20438
18360
18411
20439
18361
18412
20440
18362
18413
20441
18363
18414
20442
18364
18415
20443
18365
18416
20444
18366
18417
20445
18367
18418
20446
18368
18419
20447
18369
18420
20448
18370
18421
20449
18371
18422
20450
18372
18423
20451
18373
18424
20452
18374
18425
20453
18375
18426
20454
18376
18427
20455
18377
18428
20456
18378
18429
20457
18379
18430
20458
18380
18431
20459
18381
18432
20460
18382
18433
20461
18383
18434
20462
18384
18435
20463
18385
18436
20464
18386
18437
20465
18387
18438
20466
18388
18439
20467
18389
18440
20468
18390
18441
20469
18391
18442
20470
18392
18443
20471
18393
18444
20472
18394
18445
20473
18395
18446
20474
18396
18447
20475
18397
18448
20476
18398
18449
20477
18399
18450
20478
18400
18451
20479
18401
18452
20480
18402
18453
20481
18403
18454
20482
18404
18455
20483
18405
18456
20484
18406
18457
20485
18407
18458
20486
18459
20487
18409
18460
20488
18410
18461
20489
18411
18462
20490
18412
18463
20491
18413
18464
20492
18414
18465
20493
18415
18466
20494
18416
18467
20495
18417
18468
20496
18418
18469
20497
18419
18470
20498
18420
18471
20499
18421
18472
20500
18422
18473
20501
18423
18474
20502
18424
18475
20503
18425
18476
20504
18426
18477
20505
18427
18478
20506
18428
18479
20507
18429
18480
20508
18430
18481
20509
18431
18482
20510
18432
18483
20511
18433
18484
20512
18434
18485
20513
18435
18486
20514
18436
18487
20515
18437
18488
20516
18438
18489
20517
18439
18490
20518
18440
18491
20519
18441
18492
20520
18442
18493
20521
18443
18494
20522
18444
18495
20523
18445
18496
20524
18446
18497
20525
18447
18498
20526
18448
18499
20527
18449
18500
20528
18450
18501
20529
18451
18502
20530
18452
18503
20531
18453
18504
20532
18454
18505
20533
18455
18506
20534
18456
18507
20535
18457
18508
20536
18458
18509
20537
18459
18510
20538
18511
20539
18461
18512
20540
18462
18513
20541
18463
18514
20542
18464
18515
20543
18465
18516
20544
18466
18517
20545
18467
18518
20546
18468
18519
20547
18469
18520
20548
18470
18521
20549
18471
18522
20550
18472
18523
20551
18473
18524
20552
18474
18525
20553
18475
18526
20554
18476
18527
20555
18477
18528
20556
18478
18529
20557
18479
18530
20558
18480
18531
20559
18481
18532
20560
18482
18533
20561
18483
18534
20562
18484
18535
20563
18485
18536
20564
18486
18537
20565
18487
18538
20566
18488
18539
20567
18489
18540
20568
18490
18541
20569
18491
18542
20570
18492
18543
20571
18493
18544
20572
18494
18545
20573
18495
18546
20574
18496
18547
20575
18497
18548
20576
18498
18549
20577
18499
18550
20578
18500
18551
20579
18501
18552
20580
18502
18553
20581
18503
18554
20582
18504
18555
20583
18505
18556
20584
18506
18557
20585
18507
18558
20586
18508
18559
20587
18509
18560
20588
18510
18561
20589
18511
18562
20590
18563
20591
18513
18564
20592
18514
18565
20593
18515
18566
20594
18516
18567
20595
18517
18568
20596
18518
18569
20597
18519
18570
20598
18520
18571
20599
18521
18572
20600
18522
18573
20601
18523
18574
20602
18524
18575
20603
18525
18576
20604
18526
18577
20605
18527
18578
20606
18528
18579
20607
18529
18580
20608
18530
18581
20609
18531
18582
20610
18532
18583
20611
18533
18584
20612
18534
18585
20613
18535
18586
20614
18536
18587
20615
18537
18588
20616
18538
18589
20617
18539
18590
20618
18540
18591
20619
18541
18592
20620
18542
18593
20621
18543
18594
20622
18544
18595
20623
18545
18596
20624
18546
18597
20625
18547
18598
20626
18548
18599
20627
18549
18600
20628
18550
18601
20629
18551
18602
20630
18552
18603
20631
18553
18604
20632
18554
18605
20633
18555
18606
20634
18556
18607
20635
18557
18608
20636
18558
18609
20637
18559
18610
20638
18560
18611
20639
18561
18612
20640
18562
18613
20641
18563
18614
20642
18615
20643
18565
18616
20644
18566
18617
20645
18567
18618
20646
18568
18619
20647
18569
18620
20648
18570
18621
20649
18571
18622
20650
18572
18623
20651
18573
18624
20652
18574
18625
20653
18575
18626
20654
18576
18627
20655
18577
18628
20656
18578
18629
20657
18579
18630
20658
18580
18631
20659
18581
18632
20660
18582
18633
20661
18583
18634
20662
18584
18635
20663
18585
18636
20664
18586
18637
20665
18587
18638
20666
18588
18639
20667
18589
18640
20668
18590
18641
20669
18591
18642
20670
18592
18643
20671
18593
18644
20672
18594
18645
20673
18595
18646
20674
18596
18647
20675
18597
18648
20676
18598
18649
20677
18599
18650
20678
18600
18651
20679
18601
18652
20680
18602
18653
20681
18603
18654
20682
18604
18655
20683
18605
18656
20684
18606
18657
20685
18607
18658
20686
18608
18659
20687
18609
18660
20688
18610
18661
20689
18611
18662
20690
18612
18663
20691
18613
18664
20692
18614
18665
20693
18615
18666
20694
18667
20695
18617
18668
20696
18618
18669
20697
18619
18670
20698
18620
18671
20699
18621
18672
20700
18622
18673
20701
18623
18674
20702
18624
18675
20703
18625
18676
20704
18626
18677
20705
18627
18678
20706
18628
18679
20707
18629
18680
20708
18630
18681
20709
18631
18682
20710
18632
18683
20711
18633
18684
20712
18634
18685
20713
18635
18686
20714
18636
18687
20715
18637
18688
20716
18638
18689
20717
18639
18690
20718
18640
18691
20719
18641
18692
20720
18642
18693
20721
18643
18694
20722
18644
18695
20723
18645
18696
20724
18646
18697
20725
18647
18698
20726
18648
18699
20727
18649
18700
20728
18650
18701
20729
18651
18702
20730
18652
18703
20731
18653
18704
20732
18654
18705
20733
18655
18706
20734
18656
18707
20735
18657
18708
20736
18658
18709
20737
18659
18710
20738
18660
18711
20739
18661
18712
20740
18662
18713
20741
18663
18714
20742
18664
18715
20743
18665
18716
20744
18666
18717
20745
18667
18718
20746
18719
20747
18669
20748
18670
20749
18671
20750
18672
20751
18673
20752
18674
20753
18675
20754
18676
20755
18677
20756
18678
20757
18679
20758
18680
20759
18681
20760
18682
20761
18683
20762
18684
20763
18685
20764
18686
20765
18687
20766
18688
20767
18689
20768
18690
20769
18691
20770
18692
20771
18693
20772
18694
20773
18695
20774
18696
20775
18697
20776
18698
20777
18699
20778
18700
20779
18701
20780
18702
20781
18703
20782
18704
20783
18705
20784
18706
20785
18707
20786
18708
20787
18709
20788
18710
20789
18711
20790
18712
20791
18713
20792
18714
20793
18715
20794
18716
20795
18717
20796
18718
20797
18719
20798
20799
18721
18772
20800
18722
18773
20801
18723
18774
20802
18724
18775
20803
18725
18776
20804
18726
18777
20805
18727
18778
20806
18728
18779
20807
18729
18780
20808
18730
18781
20809
18731
18782
20810
18732
18783
20811
18733
18784
20812
18734
18785
20813
18735
18786
20814
18736
18787
20815
18737
18788
20816
18738
18789
20817
18739
18790
20818
18740
18791
20819
18741
18792
20820
18742
18793
20821
18743
18794
20822
18744
18795
20823
18745
18796
20824
18746
18797
20825
18747
18798
20826
18748
18799
20827
18749
18800
20828
18750
18801
20829
18751
18802
20830
18752
18803
20831
18753
18804
20832
18754
18805
20833
18755
18806
20834
18756
18807
20835
18757
18808
20836
18758
18809
20837
18759
18810
20838
18760
18811
20839
18761
18812
20840
18762
18813
20841
18763
18814
20842
18764
18815
20843
18765
18816
20844
18766
18817
20845
18767
18818
20846
18768
18819
20847
18769
18820
20848
18770
18821
20849
18771
18822
20850
18823
20851
18773
18824
20852
18774
18825
20853
18775
18826
20854
18776
18827
20855
18777
18828
20856
18778
18829
20857
18779
18830
20858
18780
18831
20859
18781
18832
20860
18782
18833
20861
18783
18834
20862
18784
18835
20863
18785
18836
20864
18786
18837
20865
18787
18838
20866
18788
18839
20867
18789
18840
20868
18790
18841
20869
18791
18842
20870
18792
18843
20871
18793
18844
20872
18794
18845
20873
18795
18846
20874
18796
18847
20875
18797
18848
20876
18798
18849
20877
18799
18850
20878
18800
18851
20879
18801
18852
20880
18802
18853
20881
18803
18854
20882
18804
18855
20883
18805
18856
20884
18806
18857
20885
18807
18858
20886
18808
18859
20887
18809
18860
20888
18810
18861
20889
18811
18862
20890
18812
18863
20891
18813
18864
20892
18814
18865
20893
18815
18866
20894
18816
18867
20895
18817
18868
20896
18818
18869
20897
18819
18870
20898
18820
18871
20899
18821
18872
20900
18822
18873
20901
18823
18874
20902
18875
20903
18825
18876
20904
18826
18877
20905
18827
18878
20906
18828
18879
20907
18829
18880
20908
18830
18881
20909
18831
18882
20910
18832
18883
20911
18833
18884
20912
18834
18885
20913
18835
18886
20914
18836
18887
20915
18837
18888
20916
18838
18889
20917
18839
18890
20918
18840
18891
20919
18841
18892
20920
18842
18893
20921
18843
18894
20922
18844
18895
20923
18845
18896
20924
18846
18897
20925
18847
18898
20926
18848
18899
20927
18849
18900
20928
18850
18901
20929
18851
18902
20930
18852
18903
20931
18853
18904
20932
18854
18905
20933
18855
18906
20934
18856
18907
20935
18857
18908
20936
18858
18909
20937
18859
18910
20938
18860
18911
20939
18861
18912
20940
18862
18913
20941
18863
18914
20942
18864
18915
20943
18865
18916
20944
18866
18917
20945
18867
18918
20946
18868
18919
20947
18869
18920
20948
18870
18921
20949
18871
18922
20950
18872
18923
20951
18873
18924
20952
18874
18925
20953
18875
18926
20954
18927
20955
18877
18928
20956
18878
18929
20957
18879
18930
20958
18880
18931
20959
18881
18932
20960
18882
18933
20961
18883
18934
20962
18884
18935
20963
18885
18936
20964
18886
18937
20965
18887
18938
20966
18888
18939
20967
18889
18940
20968
18890
18941
20969
18891
18942
20970
18892
18943
20971
18893
18944
20972
18894
18945
20973
18895
18946
20974
18896
18947
20975
18897
18948
20976
18898
18949
20977
18899
18950
20978
18900
18951
20979
18901
18952
20980
18902
18953
20981
18903
18954
20982
18904
18955
20983
18905
18956
20984
18906
18957
20985
18907
18958
20986
18908
18959
20987
18909
18960
20988
18910
18961
20989
18911
18962
20990
18912
18963
20991
18913
18964
20992
18914
18965
20993
18915
18966
20994
18916
18967
20995
18917
18968
20996
18918
18969
20997
18919
18970
20998
18920
18971
20999
18921
18972
21000
18922
18973
21001
18923
18974
21002
18924
18975
21003
18925
18976
21004
18926
18977
21005
18927
18978
21006
18979
21007
18929
18980
21008
18930
18981
21009
18931
18982
21010
18932
18983
21011
18933
18984
21012
18934
18985
21013
18935
18986
21014
18936
18987
21015
18937
18988
21016
18938
18989
21017
18939
18990
21018
18940
18991
21019
18941
18992
21020
18942
18993
21021
18943
18994
21022
18944
18995
21023
18945
18996
21024
18946
18997
21025
18947
18998
21026
18948
18999
21027
18949
19000
21028
18950
19001
21029
18951
19002
21030
18952
19003
21031
18953
19004
21032
18954
19005
21033
18955
19006
21034
18956
19007
21035
18957
19008
21036
18958
19009
21037
18959
19010
21038
18960
19011
21039
18961
19012
21040
18962
19013
21041
18963
19014
21042
18964
19015
21043
18965
19016
21044
18966
19017
21045
18967
19018
21046
18968
19019
21047
18969
19020
21048
18970
19021
21049
18971
19022
21050
18972
19023
21051
18973
19024
21052
18974
19025
21053
18975
19026
21054
18976
19027
21055
18977
19028
21056
18978
19029
21057
18979
19030
21058
19031
21059
18981
19032
21060
18982
19033
21061
18983
19034
21062
18984
19035
21063
18985
19036
21064
18986
19037
21065
18987
19038
21066
18988
19039
21067
18989
19040
21068
18990
19041
21069
18991
19042
21070
18992
19043
21071
18993
19044
21072
18994
19045
21073
18995
19046
21074
18996
19047
21075
18997
19048
21076
18998
19049
21077
18999
19050
21078
19000
19051
21079
19001
19052
21080
19002
19053
21081
19003
19054
21082
19004
19055
21083
19005
19056
21084
19006
19057
21085
19007
19058
21086
19008
19059
21087
19009
19060
21088
19010
19061
21089
19011
19062
21090
19012
19063
21091
19013
19064
21092
19014
19065
21093
19015
19066
21094
19016
19067
21095
19017
19068
21096
19018
19069
21097
19019
19070
21098
19020
19071
21099
19021
19072
21100
19022
19073
21101
19023
19074
21102
19024
19075
21103
19025
19076
21104
19026
19077
21105
19027
19078
21106
19028
19079
21107
19029
19080
21108
19030
19081
21109
19031
19082
21110
19083
21111
19033
19084
21112
19034
19085
21113
19035
19086
21114
19036
19087
21115
19037
19088
21116
19038
19089
21117
19039
19090
21118
19040
19091
21119
19041
19092
21120
19042
19093
21121
19043
19094
21122
19044
19095
21123
19045
19096
21124
19046
19097
21125
19047
19098
21126
19048
19099
21127
19049
19100
21128
19050
19101
21129
19051
19102
21130
19052
19103
21131
19053
19104
21132
19054
19105
21133
19055
19106
21134
19056
19107
21135
19057
19108
21136
19058
19109
21137
19059
19110
21138
19060
19111
21139
19061
19112
21140
19062
19113
21141
19063
19114
21142
19064
19115
21143
19065
19116
21144
19066
19117
21145
19067
19118
21146
19068
19119
21147
19069
19120
21148
19070
19121
21149
19071
19122
21150
19072
19123
21151
19073
19124
21152
19074
19125
21153
19075
19126
21154
19076
19127
21155
19077
19128
21156
19078
19129
21157
19079
19130
21158
19080
19131
21159
19081
19132
21160
19082
19133
21161
19083
19134
21162
19135
21163
19085
19136
21164
19086
19137
21165
19087
19138
21166
19088
19139
21167
19089
19140
21168
19090
19141
21169
19091
19142
21170
19092
19143
21171
19093
19144
21172
19094
19145
21173
19095
19146
21174
19096
19147
21175
19097
19148
21176
19098
19149
21177
19099
19150
21178
19100
19151
21179
19101
19152
21180
19102
19153
21181
19103
19154
21182
19104
19155
21183
19105
19156
21184
19106
19157
21185
19107
19158
21186
19108
19159
21187
19109
19160
21188
19110
19161
21189
19111
19162
21190
19112
19163
21191
19113
19164
21192
19114
19165
21193
19115
19166
21194
19116
19167
21195
19117
19168
21196
19118
19169
21197
19119
19170
21198
19120
19171
21199
19121
19172
21200
19122
19173
21201
19123
19174
21202
19124
19175
21203
19125
19176
21204
19126
19177
21205
19127
19178
21206
19128
19179
21207
19129
19180
21208
19130
19181
21209
19131
19182
21210
19132
19183
21211
19133
19184
21212
19134
19185
21213
19135
19186
21214
19187
21215
19137
19188
21216
19138
19189
21217
19139
19190
21218
19140
19191
21219
19141
19192
21220
19142
19193
21221
19143
19194
21222
19144
19195
21223
19145
19196
21224
19146
19197
21225
19147
19198
21226
19148
19199
21227
19149
19200
21228
19150
19201
21229
19151
19202
21230
19152
19203
21231
19153
19204
21232
19154
19205
21233
19155
19206
21234
19156
19207
21235
19157
19208
21236
19158
19209
21237
19159
19210
21238
19160
19211
21239
19161
19212
21240
19162
19213
21241
19163
19214
21242
19164
19215
21243
19165
19216
21244
19166
19217
21245
19167
19218
21246
19168
19219
21247
19169
19220
21248
19170
19221
21249
19171
19222
21250
19172
19223
21251
19173
19224
21252
19174
19225
21253
19175
19226
21254
19176
19227
21255
19177
19228
21256
19178
19229
21257
19179
19230
21258
19180
19231
21259
19181
19232
21260
19182
19233
21261
19183
19234
21262
19184
19235
21263
19185
19236
21264
19186
19237
21265
19187
19238
21266
19239
21267
19189
19240
21268
19190
19241
21269
19191
19242
21270
19192
19243
21271
19193
19244
21272
19194
19245
21273
19195
19246
21274
19196
19247
21275
19197
19248
21276
19198
19249
21277
19199
19250
21278
19200
19251
21279
19201
19252
21280
19202
19253
21281
19203
19254
21282
19204
19255
21283
19205
19256
21284
19206
19257
21285
19207
19258
21286
19208
19259
21287
19209
19260
21288
19210
19261
21289
19211
19262
21290
19212
19263
21291
19213
19264
21292
19214
19265
21293
19215
19266
21294
19216
19267
21295
19217
19268
21296
19218
19269
21297
19219
19270
21298
19220
19271
21299
19221
19272
21300
19222
19273
21301
19223
19274
21302
19224
19275
21303
19225
19276
21304
19226
19277
21305
19227
19278
21306
19228
19279
21307
19229
19280
21308
19230
19281
21309
19231
19282
21310
19232
19283
21311
19233
19284
21312
19234
19285
21313
19235
19286
21314
19236
19287
21315
19237
19288
21316
19238
19289
21317
19239
19290
21318
19291
21319
19241
19292
21320
19242
19293
21321
19243
19294
21322
19244
19295
21323
19245
19296
21324
19246
19297
21325
19247
19298
21326
19248
19299
21327
19249
19300
21328
19250
19301
21329
19251
19302
21330
19252
19303
21331
19253
19304
21332
19254
19305
21333
19255
19306
21334
19256
19307
21335
19257
19308
21336
19258
19309
21337
19259
19310
21338
19260
19311
21339
19261
19312
21340
19262
19313
21341
19263
19314
21342
19264
19315
21343
19265
19316
21344
19266
19317
21345
19267
19318
21346
19268
19319
21347
19269
19320
21348
19270
19321
21349
19271
19322
21350
19272
19323
21351
19273
19324
21352
19274
19325
21353
19275
19326
21354
19276
19327
21355
19277
19328
21356
19278
19329
21357
19279
19330
21358
19280
19331
21359
19281
19332
21360
19282
19333
21361
19283
19334
21362
19284
19335
21363
19285
19336
21364
19286
19337
21365
19287
19338
21366
19288
19339
21367
19289
19340
21368
19290
19341
21369
19291
19342
21370
19343
21371
19293
19344
21372
19294
19345
21373
19295
19346
21374
19296
19347
21375
19297
19348
21376
19298
19349
21377
19299
19350
21378
19300
19351
21379
19301
19352
21380
19302
19353
21381
19303
19354
21382
19304
19355
21383
19305
19356
21384
19306
19357
21385
19307
19358
21386
19308
19359
21387
19309
19360
21388
19310
19361
21389
19311
19362
21390
19312
19363
21391
19313
19364
21392
19314
19365
21393
19315
19366
21394
19316
19367
21395
19317
19368
21396
19318
19369
21397
19319
19370
21398
19320
19371
21399
19321
19372
21400
19322
19373
21401
19323
19374
21402
19324
19375
21403
19325
19376
21404
19326
19377
21405
19327
19378
21406
19328
19379
21407
19329
19380
21408
19330
19381
21409
19331
19382
21410
19332
19383
21411
19333
19384
21412
19334
19385
21413
19335
19386
21414
19336
19387
21415
19337
19388
21416
19338
19389
21417
19339
19390
21418
19340
19391
21419
19341
19392
21420
19342
19393
21421
19343
19394
21422
19395
21423
19345
19396
21424
19346
19397
21425
19347
19398
21426
19348
19399
21427
19349
19400
21428
19350
19401
21429
19351
19402
21430
19352
19403
21431
19353
19404
21432
19354
19405
21433
19355
19406
21434
19356
19407
21435
19357
19408
21436
19358
19409
21437
19359
19410
21438
19360
19411
21439
19361
19412
21440
19362
19413
21441
19363
19414
21442
19364
19415
21443
19365
19416
21444
19366
19417
21445
19367
19418
21446
19368
19419
21447
19369
19420
21448
19370
19421
21449
19371
19422
21450
19372
19423
21451
19373
19424
21452
19374
19425
21453
19375
19426
21454
19376
19427
21455
19377
19428
21456
19378
19429
21457
19379
19430
21458
19380
19431
21459
19381
19432
21460
19382
19433
21461
19383
19434
21462
19384
19435
21463
19385
19436
21464
19386
19437
21465
19387
19438
21466
19388
19439
21467
19389
19440
21468
19390
19441
21469
19391
19442
21470
19392
19443
21471
19393
19444
21472
19394
19445
21473
19395
19446
21474
19447
21475
19397
19448
21476
19398
19449
21477
19399
19450
21478
19400
19451
21479
19401
19452
21480
19402
19453
21481
19403
19454
21482
19404
19455
21483
19405
19456
21484
19406
19457
21485
19407
19458
21486
19408
19459
21487
19409
19460
21488
19410
19461
21489
19411
19462
21490
19412
19463
21491
19413
19464
21492
19414
19465
21493
19415
19466
21494
19416
19467
21495
19417
19468
21496
19418
19469
21497
19419
19470
21498
19420
19471
21499
19421
19472
21500
19422
19473
21501
19423
19474
21502
19424
19475
21503
19425
19476
21504
19426
19477
21505
19427
19478
21506
19428
19479
21507
19429
19480
21508
19430
19481
21509
19431
19482
21510
19432
19483
21511
19433
19484
21512
19434
19485
21513
19435
19486
21514
19436
19487
21515
19437
19488
21516
19438
19489
21517
19439
19490
21518
19440
19491
21519
19441
19492
21520
19442
19493
21521
19443
19494
21522
19444
19495
21523
19445
19496
21524
19446
19497
21525
19447
19498
21526
19499
21527
19449
19500
21528
19450
19501
21529
19451
19502
21530
19452
19503
21531
19453
19504
21532
19454
19505
21533
19455
19506
21534
19456
19507
21535
19457
19508
21536
19458
19509
21537
19459
19510
21538
19460
19511
21539
19461
19512
21540
19462
19513
21541
19463
19514
21542
19464
19515
21543
19465
19516
21544
19466
19517
21545
19467
19518
21546
19468
19519
21547
19469
19520
21548
19470
19521
21549
19471
19522
21550
19472
19523
21551
19473
19524
21552
19474
19525
21553
19475
19526
21554
19476
19527
21555
19477
19528
21556
19478
19529
21557
19479
19530
21558
19480
19531
21559
19481
19532
21560
19482
19533
21561
19483
19534
21562
19484
19535
21563
19485
19536
21564
19486
19537
21565
19487
19538
21566
19488
19539
21567
19489
19540
21568
19490
19541
21569
19491
19542
21570
19492
19543
21571
19493
19544
21572
19494
19545
21573
19495
19546
21574
19496
19547
21575
19497
19548
21576
19498
19549
21577
19499
19550
21578
19551
21579
19501
19552
21580
19502
19553
21581
19503
19554
21582
19504
19555
21583
19505
19556
21584
19506
19557
21585
19507
19558
21586
19508
19559
21587
19509
19560
21588
19510
19561
21589
19511
19562
21590
19512
19563
21591
19513
19564
21592
19514
19565
21593
19515
19566
21594
19516
19567
21595
19517
19568
21596
19518
19569
21597
19519
19570
21598
19520
19571
21599
19521
19572
21600
19522
19573
21601
19523
19574
21602
19524
19575
21603
19525
19576
21604
19526
19577
21605
19527
19578
21606
19528
19579
21607
19529
19580
21608
19530
19581
21609
19531
19582
21610
19532
19583
21611
19533
19584
21612
19534
19585
21613
19535
19586
21614
19536
19587
21615
19537
19588
21616
19538
19589
21617
19539
19590
21618
19540
19591
21619
19541
19592
21620
19542
19593
21621
19543
19594
21622
19544
19595
21623
19545
19596
21624
19546
19597
21625
19547
19598
21626
19548
19599
21627
19549
19600
21628
19550
19601
21629
19551
19602
21630
19603
21631
19553
19604
21632
19554
19605
21633
19555
19606
21634
19556
19607
21635
19557
19608
21636
19558
19609
21637
19559
19610
21638
19560
19611
21639
19561
19612
21640
19562
19613
21641
19563
19614
21642
19564
19615
21643
19565
19616
21644
19566
19617
21645
19567
19618
21646
19568
19619
21647
19569
19620
21648
19570
19621
21649
19571
19622
21650
19572
19623
21651
19573
19624
21652
19574
19625
21653
19575
19626
21654
19576
19627
21655
19577
19628
21656
19578
19629
21657
19579
19630
21658
19580
19631
21659
19581
19632
21660
19582
19633
21661
19583
19634
21662
19584
19635
21663
19585
19636
21664
19586
19637
21665
19587
19638
21666
19588
19639
21667
19589
19640
21668
19590
19641
21669
19591
19642
21670
19592
19643
21671
19593
19644
21672
19594
19645
21673
19595
19646
21674
19596
19647
21675
19597
19648
21676
19598
19649
21677
19599
19650
21678
19600
19651
21679
19601
19652
21680
19602
19653
21681
19603
19654
21682
19655
21683
19605
19656
21684
19606
19657
21685
19607
19658
21686
19608
19659
21687
19609
19660
21688
19610
19661
21689
19611
19662
21690
19612
19663
21691
19613
19664
21692
19614
19665
21693
19615
19666
21694
19616
19667
21695
19617
19668
21696
19618
19669
21697
19619
19670
21698
19620
19671
21699
19621
19672
21700
19622
19673
21701
19623
19674
21702
19624
19675
21703
19625
19676
21704
19626
19677
21705
19627
19678
21706
19628
19679
21707
19629
19680
21708
19630
19681
21709
19631
19682
21710
19632
19683
21711
19633
19684
21712
19634
19685
21713
19635
19686
21714
19636
19687
21715
19637
19688
21716
19638
19689
21717
19639
19690
21718
19640
19691
21719
19641
19692
21720
19642
19693
21721
19643
19694
21722
19644
19695
21723
19645
19696
21724
19646
19697
21725
19647
19698
21726
19648
19699
21727
19649
19700
21728
19650
19701
21729
19651
19702
21730
19652
19703
21731
19653
19704
21732
19654
19705
21733
19655
19706
21734
19707
21735
19657
19708
21736
19658
19709
21737
19659
19710
21738
19660
19711
21739
19661
19712
21740
19662
19713
21741
19663
19714
21742
19664
19715
21743
19665
19716
21744
19666
19717
21745
19667
19718
21746
19668
19719
21747
19669
19720
21748
19670
19721
21749
19671
19722
21750
19672
19723
21751
19673
19724
21752
19674
19725
21753
19675
19726
21754
19676
19727
21755
19677
19728
21756
19678
19729
21757
19679
19730
21758
19680
19731
21759
19681
19732
21760
19682
19733
21761
19683
19734
21762
19684
19735
21763
19685
19736
21764
19686
19737
21765
19687
19738
21766
19688
19739
21767
19689
19740
21768
19690
19741
21769
19691
19742
21770
19692
19743
21771
19693
19744
21772
19694
19745
21773
19695
19746
21774
19696
19747
21775
19697
19748
21776
19698
19749
21777
19699
19750
21778
19700
19751
21779
19701
19752
21780
19702
19753
21781
19703
19754
21782
19704
19755
21783
19705
19756
21784
19706
19757
21785
19707
19758
21786
19759
21787
19709
19760
21788
19710
19761
21789
19711
19762
21790
19712
19763
21791
19713
19764
21792
19714
19765
21793
19715
19766
21794
19716
19767
21795
19717
19768
21796
19718
19769
21797
19719
19770
21798
19720
19771
21799
19721
19772
21800
19722
19773
21801
19723
19774
21802
19724
19775
21803
19725
19776
21804
19726
19777
21805
19727
19778
21806
19728
19779
21807
19729
19780
21808
19730
19781
21809
19731
19782
21810
19732
19783
21811
19733
19784
21812
19734
19785
21813
19735
19786
21814
19736
19787
21815
19737
19788
21816
19738
19789
21817
19739
19790
21818
19740
19791
21819
19741
19792
21820
19742
19793
21821
19743
19794
21822
19744
19795
21823
19745
19796
21824
19746
19797
21825
19747
19798
21826
19748
19799
21827
19749
19800
21828
19750
19801
21829
19751
19802
21830
19752
19803
21831
19753
19804
21832
19754
19805
21833
19755
19806
21834
19756
19807
21835
19757
19808
21836
19758
19809
21837
19759
19810
21838
19811
21839
19761
19812
21840
19762
19813
21841
19763
19814
21842
19764
19815
21843
19765
19816
21844
19766
19817
21845
19767
19818
21846
19768
19819
21847
19769
19820
21848
19770
19821
21849
19771
19822
21850
19772
19823
21851
19773
19824
21852
19774
19825
21853
19775
19826
21854
19776
19827
21855
19777
19828
21856
19778
19829
21857
19779
19830
21858
19780
19831
21859
19781
19832
21860
19782
19833
21861
19783
19834
21862
19784
19835
21863
19785
19836
21864
19786
19837
21865
19787
19838
21866
19788
19839
21867
19789
19840
21868
19790
19841
21869
19791
19842
21870
19792
19843
21871
19793
19844
21872
19794
19845
21873
19795
19846
21874
19796
19847
21875
19797
19848
21876
19798
19849
21877
19799
19850
21878
19800
19851
21879
19801
19852
21880
19802
19853
21881
19803
19854
21882
19804
19855
21883
19805
19856
21884
19806
19857
21885
19807
19858
21886
19808
19859
21887
19809
19860
21888
19810
19861
21889
19811
19862
21890
19863
21891
19813
19864
21892
19814
19865
21893
19815
19866
21894
19816
19867
21895
19817
19868
21896
19818
19869
21897
19819
19870
21898
19820
19871
21899
19821
19872
21900
19822
19873
21901
19823
19874
21902
19824
19875
21903
19825
19876
21904
19826
19877
21905
19827
19878
21906
19828
19879
21907
19829
19880
21908
19830
19881
21909
19831
19882
21910
19832
19883
21911
19833
19884
21912
19834
19885
21913
19835
19886
21914
19836
19887
21915
19837
19888
21916
19838
19889
21917
19839
19890
21918
19840
19891
21919
19841
19892
21920
19842
19893
21921
19843
19894
21922
19844
19895
21923
19845
19896
21924
19846
19897
21925
19847
19898
21926
19848
19899
21927
19849
19900
21928
19850
19901
21929
19851
19902
21930
19852
19903
21931
19853
19904
21932
19854
19905
21933
19855
19906
21934
19856
19907
21935
19857
19908
21936
19858
19909
21937
19859
19910
21938
19860
19911
21939
19861
19912
21940
19862
19913
21941
19863
19914
21942
19915
21943
19865
19916
21944
19866
19917
21945
19867
19918
21946
19868
19919
21947
19869
19920
21948
19870
19921
21949
19871
19922
21950
19872
19923
21951
19873
19924
21952
19874
19925
21953
19875
19926
21954
19876
19927
21955
19877
19928
21956
19878
19929
21957
19879
19930
21958
19880
19931
21959
19881
19932
21960
19882
19933
21961
19883
19934
21962
19884
19935
21963
19885
19936
21964
19886
19937
21965
19887
19938
21966
19888
19939
21967
19889
19940
21968
19890
19941
21969
19891
19942
21970
19892
19943
21971
19893
19944
21972
19894
19945
21973
19895
19946
21974
19896
19947
21975
19897
19948
21976
19898
19949
21977
19899
19950
21978
19900
19951
21979
19901
19952
21980
19902
19953
21981
19903
19954
21982
19904
19955
21983
19905
19956
21984
19906
19957
21985
19907
19958
21986
19908
19959
21987
19909
19960
21988
19910
19961
21989
19911
19962
21990
19912
19963
21991
19913
19964
21992
19914
19965
21993
19915
19966
21994
19967
21995
19917
19968
21996
19918
19969
21997
19919
19970
21998
19920
19971
21999
19921
19972
22000
19922
19973
22001
19923
19974
22002
19924
19975
22003
19925
19976
22004
19926
19977
22005
19927
19978
22006
19928
19979
22007
19929
19980
22008
19930
19981
22009
19931
19982
22010
19932
19983
22011
19933
19984
22012
19934
19985
22013
19935
19986
22014
19936
19987
22015
19937
19988
22016
19938
19989
22017
19939
19990
22018
19940
19991
22019
19941
19992
22020
19942
19993
22021
19943
19994
22022
19944
19995
22023
19945
19996
22024
19946
19997
22025
19947
19998
22026
19948
19999
22027
19949
20000
22028
19950
20001
22029
19951
20002
22030
19952
20003
22031
19953
20004
22032
19954
20005
22033
19955
20006
22034
19956
20007
22035
19957
20008
22036
19958
20009
22037
19959
20010
22038
19960
20011
22039
19961
20012
22040
19962
20013
22041
19963
20014
22042
19964
20015
22043
19965
20016
22044
19966
20017
22045
19967
20018
22046
20019
22047
19969
20020
22048
19970
20021
22049
19971
20022
22050
19972
20023
22051
19973
20024
22052
19974
20025
22053
19975
20026
22054
19976
20027
22055
19977
20028
22056
19978
20029
22057
19979
20030
22058
19980
20031
22059
19981
20032
22060
19982
20033
22061
19983
20034
22062
19984
20035
22063
19985
20036
22064
19986
20037
22065
19987
20038
22066
19988
20039
22067
19989
20040
22068
19990
20041
22069
19991
20042
22070
19992
20043
22071
19993
20044
22072
19994
20045
22073
19995
20046
22074
19996
20047
22075
19997
20048
22076
19998
20049
22077
19999
20050
22078
20000
20051
22079
20001
20052
22080
20002
20053
22081
20003
20054
22082
20004
20055
22083
20005
20056
22084
20006
20057
22085
20007
20058
22086
20008
20059
22087
20009
20060
22088
20010
20061
22089
20011
20062
22090
20012
20063
22091
20013
20064
22092
20014
20065
22093
20015
20066
22094
20016
20067
22095
20017
20068
22096
20018
20069
22097
20019
20070
22098
20071
22099
20021
20072
22100
20022
20073
22101
20023
20074
22102
20024
20075
22103
20025
20076
22104
20026
20077
22105
20027
20078
22106
20028
20079
22107
20029
20080
22108
20030
20081
22109
20031
20082
22110
20032
20083
22111
20033
20084
22112
20034
20085
22113
20035
20086
22114
20036
20087
22115
20037
20088
22116
20038
20089
22117
20039
20090
22118
20040
20091
22119
20041
20092
22120
20042
20093
22121
20043
20094
22122
20044
20095
22123
20045
20096
22124
20046
20097
22125
20047
20098
22126
20048
20099
22127
20049
20100
22128
20050
20101
22129
20051
20102
22130
20052
20103
22131
20053
20104
22132
20054
20105
22133
20055
20106
22134
20056
20107
22135
20057
20108
22136
20058
20109
22137
20059
20110
22138
20060
20111
22139
20061
20112
22140
20062
20113
22141
20063
20114
22142
20064
20115
22143
20065
20116
22144
20066
20117
22145
20067
20118
22146
20068
20119
22147
20069
20120
22148
20070
20121
22149
20071
20122
22150
20123
22151
20073
20124
22152
20074
20125
22153
20075
20126
22154
20076
20127
22155
20077
20128
22156
20078
20129
22157
20079
20130
22158
20080
20131
22159
20081
20132
22160
20082
20133
22161
20083
20134
22162
20084
20135
22163
20085
20136
22164
20086
20137
22165
20087
20138
22166
20088
20139
22167
20089
20140
22168
20090
20141
22169
20091
20142
22170
20092
20143
22171
20093
20144
22172
20094
20145
22173
20095
20146
22174
20096
20147
22175
20097
20148
22176
20098
20149
22177
20099
20150
22178
20100
20151
22179
20101
20152
22180
20102
20153
22181
20103
20154
22182
20104
20155
22183
20105
20156
22184
20106
20157
22185
20107
20158
22186
20108
20159
22187
20109
20160
22188
20110
20161
22189
20111
20162
22190
20112
20163
22191
20113
20164
22192
20114
20165
22193
20115
20166
22194
20116
20167
22195
20117
20168
22196
20118
20169
22197
20119
20170
22198
20120
20171
22199
20121
20172
22200
20122
20173
22201
20123
20174
22202
20175
22203
20125
20176
22204
20126
20177
22205
20127
20178
22206
20128
20179
22207
20129
20180
22208
20130
20181
22209
20131
20182
22210
20132
20183
22211
20133
20184
22212
20134
20185
22213
20135
20186
22214
20136
20187
22215
20137
20188
22216
20138
20189
22217
20139
20190
22218
20140
20191
22219
20141
20192
22220
20142
20193
22221
20143
20194
22222
20144
20195
22223
20145
20196
22224
20146
20197
22225
20147
20198
22226
20148
20199
22227
20149
20200
22228
20150
20201
22229
20151
20202
22230
20152
20203
22231
20153
20204
22232
20154
20205
22233
20155
20206
22234
20156
20207
22235
20157
20208
22236
20158
20209
22237
20159
20210
22238
20160
20211
22239
20161
20212
22240
20162
20213
22241
20163
20214
22242
20164
20215
22243
20165
20216
22244
20166
20217
22245
20167
20218
22246
20168
20219
22247
20169
20220
22248
20170
20221
22249
20171
20222
22250
20172
20223
22251
20173
20224
22252
20174
20225
22253
20175
20226
22254
20227
22255
20177
20228
22256
20178
20229
22257
20179
20230
22258
20180
20231
22259
20181
20232
22260
20182
20233
22261
20183
20234
22262
20184
20235
22263
20185
20236
22264
20186
20237
22265
20187
20238
22266
20188
20239
22267
20189
20240
22268
20190
20241
22269
20191
20242
22270
20192
20243
22271
20193
20244
22272
20194
20245
22273
20195
20246
22274
20196
20247
22275
20197
20248
22276
20198
20249
22277
20199
20250
22278
20200
20251
22279
20201
20252
22280
20202
20253
22281
20203
20254
22282
20204
20255
22283
20205
20256
22284
20206
20257
22285
20207
20258
22286
20208
20259
22287
20209
20260
22288
20210
20261
22289
20211
20262
22290
20212
20263
22291
20213
20264
22292
20214
20265
22293
20215
20266
22294
20216
20267
22295
20217
20268
22296
20218
20269
22297
20219
20270
22298
20220
20271
22299
20221
20272
22300
20222
20273
22301
20223
20274
22302
20224
20275
22303
20225
20276
22304
20226
20277
22305
20227
20278
22306
20279
22307
20229
20280
22308
20230
20281
22309
20231
20282
22310
20232
20283
22311
20233
20284
22312
20234
20285
22313
20235
20286
22314
20236
20287
22315
20237
20288
22316
20238
20289
22317
20239
20290
22318
20240
20291
22319
20241
20292
22320
20242
20293
22321
20243
20294
22322
20244
20295
22323
20245
20296
22324
20246
20297
22325
20247
20298
22326
20248
20299
22327
20249
20300
22328
20250
20301
22329
20251
20302
22330
20252
20303
22331
20253
20304
22332
20254
20305
22333
20255
20306
22334
20256
20307
22335
20257
20308
22336
20258
20309
22337
20259
20310
22338
20260
20311
22339
20261
20312
22340
20262
20313
22341
20263
20314
22342
20264
20315
22343
20265
20316
22344
20266
20317
22345
20267
20318
22346
20268
20319
22347
20269
20320
22348
20270
20321
22349
20271
20322
22350
20272
20323
22351
20273
20324
22352
20274
20325
22353
20275
20326
22354
20276
20327
22355
20277
20328
22356
20278
20329
22357
20279
20330
22358
20331
22359
20281
20332
22360
20282
20333
22361
20283
20334
22362
20284
20335
22363
20285
20336
22364
20286
20337
22365
20287
20338
22366
20288
20339
22367
20289
20340
22368
20290
20341
22369
20291
20342
22370
20292
20343
22371
20293
20344
22372
20294
20345
22373
20295
20346
22374
20296
20347
22375
20297
20348
22376
20298
20349
22377
20299
20350
22378
20300
20351
22379
20301
20352
22380
20302
20353
22381
20303
20354
22382
20304
20355
22383
20305
20356
22384
20306
20357
22385
20307
20358
22386
20308
20359
22387
20309
20360
22388
20310
20361
22389
20311
20362
22390
20312
20363
22391
20313
20364
22392
20314
20365
22393
20315
20366
22394
20316
20367
22395
20317
20368
22396
20318
20369
22397
20319
20370
22398
20320
20371
22399
20321
20372
22400
20322
20373
22401
20323
20374
22402
20324
20375
22403
20325
20376
22404
20326
20377
22405
20327
20378
22406
20328
20379
22407
20329
20380
22408
20330
20381
22409
20331
20382
22410
20383
22411
20333
20384
22412
20334
20385
22413
20335
20386
22414
20336
20387
22415
20337
20388
22416
20338
20389
22417
20339
20390
22418
20340
20391
22419
20341
20392
22420
20342
20393
22421
20343
20394
22422
20344
20395
22423
20345
20396
22424
20346
20397
22425
20347
20398
22426
20348
20399
22427
20349
20400
22428
20350
20401
22429
20351
20402
22430
20352
20403
22431
20353
20404
22432
20354
20405
22433
20355
20406
22434
20356
20407
22435
20357
20408
22436
20358
20409
22437
20359
20410
22438
20360
20411
22439
20361
20412
22440
20362
20413
22441
20363
20414
22442
20364
20415
22443
20365
20416
22444
20366
20417
22445
20367
20418
22446
20368
20419
22447
20369
20420
22448
20370
20421
22449
20371
20422
22450
20372
20423
22451
20373
20424
22452
20374
20425
22453
20375
20426
22454
20376
20427
22455
20377
20428
22456
20378
20429
22457
20379
20430
22458
20380
20431
22459
20381
20432
22460
20382
20433
22461
20383
20434
22462
20435
22463
20385
20436
22464
20386
20437
22465
20387
20438
22466
20388
20439
22467
20389
20440
22468
20390
20441
22469
20391
20442
22470
20392
20443
22471
20393
20444
22472
20394
20445
22473
20395
20446
22474
20396
20447
22475
20397
20448
22476
20398
20449
22477
20399
20450
22478
20400
20451
22479
20401
20452
22480
20402
20453
22481
20403
20454
22482
20404
20455
22483
20405
20456
22484
20406
20457
22485
20407
20458
22486
20408
20459
22487
20409
20460
22488
20410
20461
22489
20411
20462
22490
20412
20463
22491
20413
20464
22492
20414
20465
22493
20415
20466
22494
20416
20467
22495
20417
20468
22496
20418
20469
22497
20419
20470
22498
20420
20471
22499
20421
20472
22500
20422
20473
22501
20423
20474
22502
20424
20475
22503
20425
20476
22504
20426
20477
22505
20427
20478
22506
20428
20479
22507
20429
20480
22508
20430
20481
22509
20431
20482
22510
20432
20483
22511
20433
20484
22512
20434
20485
22513
20435
20486
22514
20487
22515
20437
20488
22516
20438
20489
22517
20439
20490
22518
20440
20491
22519
20441
20492
22520
20442
20493
22521
20443
20494
22522
20444
20495
22523
20445
20496
22524
20446
20497
22525
20447
20498
22526
20448
20499
22527
20449
20500
22528
20450
20501
22529
20451
20502
22530
20452
20503
22531
20453
20504
22532
20454
20505
22533
20455
20506
22534
20456
20507
22535
20457
20508
22536
20458
20509
22537
20459
20510
22538
20460
20511
22539
20461
20512
22540
20462
20513
22541
20463
20514
22542
20464
20515
22543
20465
20516
22544
20466
20517
22545
20467
20518
22546
20468
20519
22547
20469
20520
22548
20470
20521
22549
20471
20522
22550
20472
20523
22551
20473
20524
22552
20474
20525
22553
20475
20526
22554
20476
20527
22555
20477
20528
22556
20478
20529
22557
20479
20530
22558
20480
20531
22559
20481
20532
22560
20482
20533
22561
20483
20534
22562
20484
20535
22563
20485
20536
22564
20486
20537
22565
20487
20538
22566
20539
22567
20489
20540
22568
20490
20541
22569
20491
20542
22570
20492
20543
22571
20493
20544
22572
20494
20545
22573
20495
20546
22574
20496
20547
22575
20497
20548
22576
20498
20549
22577
20499
20550
22578
20500
20551
22579
20501
20552
22580
20502
20553
22581
20503
20554
22582
20504
20555
22583
20505
20556
22584
20506
20557
22585
20507
20558
22586
20508
20559
22587
20509
20560
22588
20510
20561
22589
20511
20562
22590
20512
20563
22591
20513
20564
22592
20514
20565
22593
20515
20566
22594
20516
20567
22595
20517
20568
22596
20518
20569
22597
20519
20570
22598
20520
20571
22599
20521
20572
22600
20522
20573
22601
20523
20574
22602
20524
20575
22603
20525
20576
22604
20526
20577
22605
20527
20578
22606
20528
20579
22607
20529
20580
22608
20530
20581
22609
20531
20582
22610
20532
20583
22611
20533
20584
22612
20534
20585
22613
20535
20586
22614
20536
20587
22615
20537
20588
22616
20538
20589
22617
20539
20590
22618
20591
22619
20541
20592
22620
20542
20593
22621
20543
20594
22622
20544
20595
22623
20545
20596
22624
20546
20597
22625
20547
20598
22626
20548
20599
22627
20549
20600
22628
20550
20601
22629
20551
20602
22630
20552
20603
22631
20553
20604
22632
20554
20605
22633
20555
20606
22634
20556
20607
22635
20557
20608
22636
20558
20609
22637
20559
20610
22638
20560
20611
22639
20561
20612
22640
20562
20613
22641
20563
20614
22642
20564
20615
22643
20565
20616
22644
20566
20617
22645
20567
20618
22646
20568
20619
22647
20569
20620
22648
20570
20621
22649
20571
20622
22650
20572
20623
22651
20573
20624
22652
20574
20625
22653
20575
20626
22654
20576
20627
22655
20577
20628
22656
20578
20629
22657
20579
20630
22658
20580
20631
22659
20581
20632
22660
20582
20633
22661
20583
20634
22662
20584
20635
22663
20585
20636
22664
20586
20637
22665
20587
20638
22666
20588
20639
22667
20589
20640
22668
20590
20641
22669
20591
20642
22670
20643
22671
20593
20644
22672
20594
20645
22673
20595
20646
22674
20596
20647
22675
20597
20648
22676
20598
20649
22677
20599
20650
22678
20600
20651
22679
20601
20652
22680
20602
20653
22681
20603
20654
22682
20604
20655
22683
20605
20656
22684
20606
20657
22685
20607
20658
22686
20608
20659
22687
20609
20660
22688
20610
20661
22689
20611
20662
22690
20612
20663
22691
20613
20664
22692
20614
20665
22693
20615
20666
22694
20616
20667
22695
20617
20668
22696
20618
20669
22697
20619
20670
22698
20620
20671
22699
20621
20672
22700
20622
20673
22701
20623
20674
22702
20624
20675
22703
20625
20676
22704
20626
20677
22705
20627
20678
22706
20628
20679
22707
20629
20680
22708
20630
20681
22709
20631
20682
22710
20632
20683
22711
20633
20684
22712
20634
20685
22713
20635
20686
22714
20636
20687
22715
20637
20688
22716
20638
20689
22717
20639
20690
22718
20640
20691
22719
20641
20692
22720
20642
20693
22721
20643
20694
22722
20695
22723
20645
20696
22724
20646
20697
22725
20647
20698
22726
20648
20699
22727
20649
20700
22728
20650
20701
22729
20651
20702
22730
20652
20703
22731
20653
20704
22732
20654
20705
22733
20655
20706
22734
20656
20707
22735
20657
20708
22736
20658
20709
22737
20659
20710
22738
20660
20711
22739
20661
20712
22740
20662
20713
22741
20663
20714
22742
20664
20715
22743
20665
20716
22744
20666
20717
22745
20667
20718
22746
20668
20719
22747
20669
20720
22748
20670
20721
22749
20671
20722
22750
20672
20723
22751
20673
20724
22752
20674
20725
22753
20675
20726
22754
20676
20727
22755
20677
20728
22756
20678
20729
22757
20679
20730
22758
20680
20731
22759
20681
20732
22760
20682
20733
22761
20683
20734
22762
20684
20735
22763
20685
20736
22764
20686
20737
22765
20687
20738
22766
20688
20739
22767
20689
20740
22768
20690
20741
22769
20691
20742
22770
20692
20743
22771
20693
20744
22772
20694
20745
22773
20695
20746
22774
20747
22775
20697
20748
22776
20698
20749
22777
20699
20750
22778
20700
20751
22779
20701
20752
22780
20702
20753
22781
20703
20754
22782
20704
20755
22783
20705
20756
22784
20706
20757
22785
20707
20758
22786
20708
20759
22787
20709
20760
22788
20710
20761
22789
20711
20762
22790
20712
20763
22791
20713
20764
22792
20714
20765
22793
20715
20766
22794
20716
20767
22795
20717
20768
22796
20718
20769
22797
20719
20770
22798
20720
20771
22799
20721
20772
22800
20722
20773
22801
20723
20774
22802
20724
20775
22803
20725
20776
22804
20726
20777
22805
20727
20778
22806
20728
20779
22807
20729
20780
22808
20730
20781
22809
20731
20782
22810
20732
20783
22811
20733
20784
22812
20734
20785
22813
20735
20786
22814
20736
20787
22815
20737
20788
22816
20738
20789
22817
20739
20790
22818
20740
20791
22819
20741
20792
22820
20742
20793
22821
20743
20794
22822
20744
20795
22823
20745
20796
22824
20746
20797
22825
20747
20798
22826
20799
22827
20749
22828
20750
22829
20751
22830
20752
22831
20753
22832
20754
22833
20755
22834
20756
22835
20757
22836
20758
22837
20759
22838
20760
22839
20761
22840
20762
22841
20763
22842
20764
22843
20765
22844
20766
22845
20767
22846
20768
22847
20769
22848
20770
22849
20771
22850
20772
22851
20773
22852
20774
22853
20775
22854
20776
22855
20777
22856
20778
22857
20779
22858
20780
22859
20781
22860
20782
22861
20783
22862
20784
22863
20785
22864
20786
22865
20787
22866
20788
22867
20789
22868
20790
22869
20791
22870
20792
22871
20793
22872
20794
22873
20795
22874
20796
22875
20797
22876
20798
22877
20799
22878
22879
20801
20852
22880
20802
20853
22881
20803
20854
22882
20804
20855
22883
20805
20856
22884
20806
20857
22885
20807
20858
22886
20808
20859
22887
20809
20860
22888
20810
20861
22889
20811
20862
22890
20812
20863
22891
20813
20864
22892
20814
20865
22893
20815
20866
22894
20816
20867
22895
20817
20868
22896
20818
20869
22897
20819
20870
22898
20820
20871
22899
20821
20872
22900
20822
20873
22901
20823
20874
22902
20824
20875
22903
20825
20876
22904
20826
20877
22905
20827
20878
22906
20828
20879
22907
20829
20880
22908
20830
20881
22909
20831
20882
22910
20832
20883
22911
20833
20884
22912
20834
20885
22913
20835
20886
22914
20836
20887
22915
20837
20888
22916
20838
20889
22917
20839
20890
22918
20840
20891
22919
20841
20892
22920
20842
20893
22921
20843
20894
22922
20844
20895
22923
20845
20896
22924
20846
20897
22925
20847
20898
22926
20848
20899
22927
20849
20900
22928
20850
20901
22929
20851
20902
22930
20903
22931
20853
20904
22932
20854
20905
22933
20855
20906
22934
20856
20907
22935
20857
20908
22936
20858
20909
22937
20859
20910
22938
20860
20911
22939
20861
20912
22940
20862
20913
22941
20863
20914
22942
20864
20915
22943
20865
20916
22944
20866
20917
22945
20867
20918
22946
20868
20919
22947
20869
20920
22948
20870
20921
22949
20871
20922
22950
20872
20923
22951
20873
20924
22952
20874
20925
22953
20875
20926
22954
20876
20927
22955
20877
20928
22956
20878
20929
22957
20879
20930
22958
20880
20931
22959
20881
20932
22960
20882
20933
22961
20883
20934
22962
20884
20935
22963
20885
20936
22964
20886
20937
22965
20887
20938
22966
20888
20939
22967
20889
20940
22968
20890
20941
22969
20891
20942
22970
20892
20943
22971
20893
20944
22972
20894
20945
22973
20895
20946
22974
20896
20947
22975
20897
20948
22976
20898
20949
22977
20899
20950
22978
20900
20951
22979
20901
20952
22980
20902
20953
22981
20903
20954
22982
20955
22983
20905
20956
22984
20906
20957
22985
20907
20958
22986
20908
20959
22987
20909
20960
22988
20910
20961
22989
20911
20962
22990
20912
20963
22991
20913
20964
22992
20914
20965
22993
20915
20966
22994
20916
20967
22995
20917
20968
22996
20918
20969
22997
20919
20970
22998
20920
20971
22999
20921
20972
23000
20922
20973
23001
20923
20974
23002
20924
20975
23003
20925
20976
23004
20926
20977
23005
20927
20978
23006
20928
20979
23007
20929
20980
23008
20930
20981
23009
20931
20982
23010
20932
20983
23011
20933
20984
23012
20934
20985
23013
20935
20986
23014
20936
20987
23015
20937
20988
23016
20938
20989
23017
20939
20990
23018
20940
20991
23019
20941
20992
23020
20942
20993
23021
20943
20994
23022
20944
20995
23023
20945
20996
23024
20946
20997
23025
20947
20998
23026
20948
20999
23027
20949
21000
23028
20950
21001
23029
20951
21002
23030
20952
21003
23031
20953
21004
23032
20954
21005
23033
20955
21006
23034
21007
23035
20957
21008
23036
20958
21009
23037
20959
21010
23038
20960
21011
23039
20961
21012
23040
20962
21013
23041
20963
21014
23042
20964
21015
23043
20965
21016
23044
20966
21017
23045
20967
21018
23046
20968
21019
23047
20969
21020
23048
20970
21021
23049
20971
21022
23050
20972
21023
23051
20973
21024
23052
20974
21025
23053
20975
21026
23054
20976
21027
23055
20977
21028
23056
20978
21029
23057
20979
21030
23058
20980
21031
23059
20981
21032
23060
20982
21033
23061
20983
21034
23062
20984
21035
23063
20985
21036
23064
20986
21037
23065
20987
21038
23066
20988
21039
23067
20989
21040
23068
20990
21041
23069
20991
21042
23070
20992
21043
23071
20993
21044
23072
20994
21045
23073
20995
21046
23074
20996
21047
23075
20997
21048
23076
20998
21049
23077
20999
21050
23078
21000
21051
23079
21001
21052
23080
21002
21053
23081
21003
21054
23082
21004
21055
23083
21005
21056
23084
21006
21057
23085
21007
21058
23086
21059
23087
21009
21060
23088
21010
21061
23089
21011
21062
23090
21012
21063
23091
21013
21064
23092
21014
21065
23093
21015
21066
23094
21016
21067
23095
21017
21068
23096
21018
21069
23097
21019
21070
23098
21020
21071
23099
21021
21072
23100
21022
21073
23101
21023
21074
23102
21024
21075
23103
21025
21076
23104
21026
21077
23105
21027
21078
23106
21028
21079
23107
21029
21080
23108
21030
21081
23109
21031
21082
23110
21032
21083
23111
21033
21084
23112
21034
21085
23113
21035
21086
23114
21036
21087
23115
21037
21088
23116
21038
21089
23117
21039
21090
23118
21040
21091
23119
21041
21092
23120
21042
21093
23121
21043
21094
23122
21044
21095
23123
21045
21096
23124
21046
21097
23125
21047
21098
23126
21048
21099
23127
21049
21100
23128
21050
21101
23129
21051
21102
23130
21052
21103
23131
21053
21104
23132
21054
21105
23133
21055
21106
23134
21056
21107
23135
21057
21108
23136
21058
21109
23137
21059
21110
23138
21111
23139
21061
21112
23140
21062
21113
23141
21063
21114
23142
21064
21115
23143
21065
21116
23144
21066
21117
23145
21067
21118
23146
21068
21119
23147
21069
21120
23148
21070
21121
23149
21071
21122
23150
21072
21123
23151
21073
21124
23152
21074
21125
23153
21075
21126
23154
21076
21127
23155
21077
21128
23156
21078
21129
23157
21079
21130
23158
21080
21131
23159
21081
21132
23160
21082
21133
23161
21083
21134
23162
21084
21135
23163
21085
21136
23164
21086
21137
23165
21087
21138
23166
21088
21139
23167
21089
21140
23168
21090
21141
23169
21091
21142
23170
21092
21143
23171
21093
21144
23172
21094
21145
23173
21095
21146
23174
21096
21147
23175
21097
21148
23176
21098
21149
23177
21099
21150
23178
21100
21151
23179
21101
21152
23180
21102
21153
23181
21103
21154
23182
21104
21155
23183
21105
21156
23184
21106
21157
23185
21107
21158
23186
21108
21159
23187
21109
21160
23188
21110
21161
23189
21111
21162
23190
21163
23191
21113
21164
23192
21114
21165
23193
21115
21166
23194
21116
21167
23195
21117
21168
23196
21118
21169
23197
21119
21170
23198
21120
21171
23199
21121
21172
23200
21122
21173
23201
21123
21174
23202
21124
21175
23203
21125
21176
23204
21126
21177
23205
21127
21178
23206
21128
21179
23207
21129
21180
23208
21130
21181
23209
21131
21182
23210
21132
21183
23211
21133
21184
23212
21134
21185
23213
21135
21186
23214
21136
21187
23215
21137
21188
23216
21138
21189
23217
21139
21190
23218
21140
21191
23219
21141
21192
23220
21142
21193
23221
21143
21194
23222
21144
21195
23223
21145
21196
23224
21146
21197
23225
21147
21198
23226
21148
21199
23227
21149
21200
23228
21150
21201
23229
21151
21202
23230
21152
21203
23231
21153
21204
23232
21154
21205
23233
21155
21206
23234
21156
21207
23235
21157
21208
23236
21158
21209
23237
21159
21210
23238
21160
21211
23239
21161
21212
23240
21162
21213
23241
21163
21214
23242
21215
23243
21165
21216
23244
21166
21217
23245
21167
21218
23246
21168
21219
23247
21169
21220
23248
21170
21221
23249
21171
21222
23250
21172
21223
23251
21173
21224
23252
21174
21225
23253
21175
21226
23254
21176
21227
23255
21177
21228
23256
21178
21229
23257
21179
21230
23258
21180
21231
23259
21181
21232
23260
21182
21233
23261
21183
21234
23262
21184
21235
23263
21185
21236
23264
21186
21237
23265
21187
21238
23266
21188
21239
23267
21189
21240
23268
21190
21241
23269
21191
21242
23270
21192
21243
23271
21193
21244
23272
21194
21245
23273
21195
21246
23274
21196
21247
23275
21197
21248
23276
21198
21249
23277
21199
21250
23278
21200
21251
23279
21201
21252
23280
21202
21253
23281
21203
21254
23282
21204
21255
23283
21205
21256
23284
21206
21257
23285
21207
21258
23286
21208
21259
23287
21209
21260
23288
21210
21261
23289
21211
21262
23290
21212
21263
23291
21213
21264
23292
21214
21265
23293
21215
21266
23294
21267
23295
21217
21268
23296
21218
21269
23297
21219
21270
23298
21220
21271
23299
21221
21272
23300
21222
21273
23301
21223
21274
23302
21224
21275
23303
21225
21276
23304
21226
21277
23305
21227
21278
23306
21228
21279
23307
21229
21280
23308
21230
21281
23309
21231
21282
23310
21232
21283
23311
21233
21284
23312
21234
21285
23313
21235
21286
23314
21236
21287
23315
21237
21288
23316
21238
21289
23317
21239
21290
23318
21240
21291
23319
21241
21292
23320
21242
21293
23321
21243
21294
23322
21244
21295
23323
21245
21296
23324
21246
21297
23325
21247
21298
23326
21248
21299
23327
21249
21300
23328
21250
21301
23329
21251
21302
23330
21252
21303
23331
21253
21304
23332
21254
21305
23333
21255
21306
23334
21256
21307
23335
21257
21308
23336
21258
21309
23337
21259
21310
23338
21260
21311
23339
21261
21312
23340
21262
21313
23341
21263
21314
23342
21264
21315
23343
21265
21316
23344
21266
21317
23345
21267
21318
23346
21319
23347
21269
21320
23348
21270
21321
23349
21271
21322
23350
21272
21323
23351
21273
21324
23352
21274
21325
23353
21275
21326
23354
21276
21327
23355
21277
21328
23356
21278
21329
23357
21279
21330
23358
21280
21331
23359
21281
21332
23360
21282
21333
23361
21283
21334
23362
21284
21335
23363
21285
21336
23364
21286
21337
23365
21287
21338
23366
21288
21339
23367
21289
21340
23368
21290
21341
23369
21291
21342
23370
21292
21343
23371
21293
21344
23372
21294
21345
23373
21295
21346
23374
21296
21347
23375
21297
21348
23376
21298
21349
23377
21299
21350
23378
21300
21351
23379
21301
21352
23380
21302
21353
23381
21303
21354
23382
21304
21355
23383
21305
21356
23384
21306
21357
23385
21307
21358
23386
21308
21359
23387
21309
21360
23388
21310
21361
23389
21311
21362
23390
21312
21363
23391
21313
21364
23392
21314
21365
23393
21315
21366
23394
21316
21367
23395
21317
21368
23396
21318
21369
23397
21319
21370
23398
21371
23399
21321
21372
23400
21322
21373
23401
21323
21374
23402
21324
21375
23403
21325
21376
23404
21326
21377
23405
21327
21378
23406
21328
21379
23407
21329
21380
23408
21330
21381
23409
21331
21382
23410
21332
21383
23411
21333
21384
23412
21334
21385
23413
21335
21386
23414
21336
21387
23415
21337
21388
23416
21338
21389
23417
21339
21390
23418
21340
21391
23419
21341
21392
23420
21342
21393
23421
21343
21394
23422
21344
21395
23423
21345
21396
23424
21346
21397
23425
21347
21398
23426
21348
21399
23427
21349
21400
23428
21350
21401
23429
21351
21402
23430
21352
21403
23431
21353
21404
23432
21354
21405
23433
21355
21406
23434
21356
21407
23435
21357
21408
23436
21358
21409
23437
21359
21410
23438
21360
21411
23439
21361
21412
23440
21362
21413
23441
21363
21414
23442
21364
21415
23443
21365
21416
23444
21366
21417
23445
21367
21418
23446
21368
21419
23447
21369
21420
23448
21370
21421
23449
21371
21422
23450
21423
23451
21373
21424
23452
21374
21425
23453
21375
21426
23454
21376
21427
23455
21377
21428
23456
21378
21429
23457
21379
21430
23458
21380
21431
23459
21381
21432
23460
21382
21433
23461
21383
21434
23462
21384
21435
23463
21385
21436
23464
21386
21437
23465
21387
21438
23466
21388
21439
23467
21389
21440
23468
21390
21441
23469
21391
21442
23470
21392
21443
23471
21393
21444
23472
21394
21445
23473
21395
21446
23474
21396
21447
23475
21397
21448
23476
21398
21449
23477
21399
21450
23478
21400
21451
23479
21401
21452
23480
21402
21453
23481
21403
21454
23482
21404
21455
23483
21405
21456
23484
21406
21457
23485
21407
21458
23486
21408
21459
23487
21409
21460
23488
21410
21461
23489
21411
21462
23490
21412
21463
23491
21413
21464
23492
21414
21465
23493
21415
21466
23494
21416
21467
23495
21417
21468
23496
21418
21469
23497
21419
21470
23498
21420
21471
23499
21421
21472
23500
21422
21473
23501
21423
21474
23502
21475
23503
21425
21476
23504
21426
21477
23505
21427
21478
23506
21428
21479
23507
21429
21480
23508
21430
21481
23509
21431
21482
23510
21432
21483
23511
21433
21484
23512
21434
21485
23513
21435
21486
23514
21436
21487
23515
21437
21488
23516
21438
21489
23517
21439
21490
23518
21440
21491
23519
21441
21492
23520
21442
21493
23521
21443
21494
23522
21444
21495
23523
21445
21496
23524
21446
21497
23525
21447
21498
23526
21448
21499
23527
21449
21500
23528
21450
21501
23529
21451
21502
23530
21452
21503
23531
21453
21504
23532
21454
21505
23533
21455
21506
23534
21456
21507
23535
21457
21508
23536
21458
21509
23537
21459
21510
23538
21460
21511
23539
21461
21512
23540
21462
21513
23541
21463
21514
23542
21464
21515
23543
21465
21516
23544
21466
21517
23545
21467
21518
23546
21468
21519
23547
21469
21520
23548
21470
21521
23549
21471
21522
23550
21472
21523
23551
21473
21524
23552
21474
21525
23553
21475
21526
23554
21527
23555
21477
21528
23556
21478
21529
23557
21479
21530
23558
21480
21531
23559
21481
21532
23560
21482
21533
23561
21483
21534
23562
21484
21535
23563
21485
21536
23564
21486
21537
23565
21487
21538
23566
21488
21539
23567
21489
21540
23568
21490
21541
23569
21491
21542
23570
21492
21543
23571
21493
21544
23572
21494
21545
23573
21495
21546
23574
21496
21547
23575
21497
21548
23576
21498
21549
23577
21499
21550
23578
21500
21551
23579
21501
21552
23580
21502
21553
23581
21503
21554
23582
21504
21555
23583
21505
21556
23584
21506
21557
23585
21507
21558
23586
21508
21559
23587
21509
21560
23588
21510
21561
23589
21511
21562
23590
21512
21563
23591
21513
21564
23592
21514
21565
23593
21515
21566
23594
21516
21567
23595
21517
21568
23596
21518
21569
23597
21519
21570
23598
21520
21571
23599
21521
21572
23600
21522
21573
23601
21523
21574
23602
21524
21575
23603
21525
21576
23604
21526
21577
23605
21527
21578
23606
21579
23607
21529
21580
23608
21530
21581
23609
21531
21582
23610
21532
21583
23611
21533
21584
23612
21534
21585
23613
21535
21586
23614
21536
21587
23615
21537
21588
23616
21538
21589
23617
21539
21590
23618
21540
21591
23619
21541
21592
23620
21542
21593
23621
21543
21594
23622
21544
21595
23623
21545
21596
23624
21546
21597
23625
21547
21598
23626
21548
21599
23627
21549
21600
23628
21550
21601
23629
21551
21602
23630
21552
21603
23631
21553
21604
23632
21554
21605
23633
21555
21606
23634
21556
21607
23635
21557
21608
23636
21558
21609
23637
21559
21610
23638
21560
21611
23639
21561
21612
23640
21562
21613
23641
21563
21614
23642
21564
21615
23643
21565
21616
23644
21566
21617
23645
21567
21618
23646
21568
21619
23647
21569
21620
23648
21570
21621
23649
21571
21622
23650
21572
21623
23651
21573
21624
23652
21574
21625
23653
21575
21626
23654
21576
21627
23655
21577
21628
23656
21578
21629
23657
21579
21630
23658
21631
23659
21581
21632
23660
21582
21633
23661
21583
21634
23662
21584
21635
23663
21585
21636
23664
21586
21637
23665
21587
21638
23666
21588
21639
23667
21589
21640
23668
21590
21641
23669
21591
21642
23670
21592
21643
23671
21593
21644
23672
21594
21645
23673
21595
21646
23674
21596
21647
23675
21597
21648
23676
21598
21649
23677
21599
21650
23678
21600
21651
23679
21601
21652
23680
21602
21653
23681
21603
21654
23682
21604
21655
23683
21605
21656
23684
21606
21657
23685
21607
21658
23686
21608
21659
23687
21609
21660
23688
21610
21661
23689
21611
21662
23690
21612
21663
23691
21613
21664
23692
21614
21665
23693
21615
21666
23694
21616
21667
23695
21617
21668
23696
21618
21669
23697
21619
21670
23698
21620
21671
23699
21621
21672
23700
21622
21673
23701
21623
21674
23702
21624
21675
23703
21625
21676
23704
21626
21677
23705
21627
21678
23706
21628
21679
23707
21629
21680
23708
21630
21681
23709
21631
21682
23710
21683
23711
21633
21684
23712
21634
21685
23713
21635
21686
23714
21636
21687
23715
21637
21688
23716
21638
21689
23717
21639
21690
23718
21640
21691
23719
21641
21692
23720
21642
21693
23721
21643
21694
23722
21644
21695
23723
21645
21696
23724
21646
21697
23725
21647
21698
23726
21648
21699
23727
21649
21700
23728
21650
21701
23729
21651
21702
23730
21652
21703
23731
21653
21704
23732
21654
21705
23733
21655
21706
23734
21656
21707
23735
21657
21708
23736
21658
21709
23737
21659
21710
23738
21660
21711
23739
21661
21712
23740
21662
21713
23741
21663
21714
23742
21664
21715
23743
21665
21716
23744
21666
21717
23745
21667
21718
23746
21668
21719
23747
21669
21720
23748
21670
21721
23749
21671
21722
23750
21672
21723
23751
21673
21724
23752
21674
21725
23753
21675
21726
23754
21676
21727
23755
21677
21728
23756
21678
21729
23757
21679
21730
23758
21680
21731
23759
21681
21732
23760
21682
21733
23761
21683
21734
23762
21735
23763
21685
21736
23764
21686
21737
23765
21687
21738
23766
21688
21739
23767
21689
21740
23768
21690
21741
23769
21691
21742
23770
21692
21743
23771
21693
21744
23772
21694
21745
23773
21695
21746
23774
21696
21747
23775
21697
21748
23776
21698
21749
23777
21699
21750
23778
21700
21751
23779
21701
21752
23780
21702
21753
23781
21703
21754
23782
21704
21755
23783
21705
21756
23784
21706
21757
23785
21707
21758
23786
21708
21759
23787
21709
21760
23788
21710
21761
23789
21711
21762
23790
21712
21763
23791
21713
21764
23792
21714
21765
23793
21715
21766
23794
21716
21767
23795
21717
21768
23796
21718
21769
23797
21719
21770
23798
21720
21771
23799
21721
21772
23800
21722
21773
23801
21723
21774
23802
21724
21775
23803
21725
21776
23804
21726
21777
23805
21727
21778
23806
21728
21779
23807
21729
21780
23808
21730
21781
23809
21731
21782
23810
21732
21783
23811
21733
21784
23812
21734
21785
23813
21735
21786
23814
21787
23815
21737
21788
23816
21738
21789
23817
21739
21790
23818
21740
21791
23819
21741
21792
23820
21742
21793
23821
21743
21794
23822
21744
21795
23823
21745
21796
23824
21746
21797
23825
21747
21798
23826
21748
21799
23827
21749
21800
23828
21750
21801
23829
21751
21802
23830
21752
21803
23831
21753
21804
23832
21754
21805
23833
21755
21806
23834
21756
21807
23835
21757
21808
23836
21758
21809
23837
21759
21810
23838
21760
21811
23839
21761
21812
23840
21762
21813
23841
21763
21814
23842
21764
21815
23843
21765
21816
23844
21766
21817
23845
21767
21818
23846
21768
21819
23847
21769
21820
23848
21770
21821
23849
21771
21822
23850
21772
21823
23851
21773
21824
23852
21774
21825
23853
21775
21826
23854
21776
21827
23855
21777
21828
23856
21778
21829
23857
21779
21830
23858
21780
21831
23859
21781
21832
23860
21782
21833
23861
21783
21834
23862
21784
21835
23863
21785
21836
23864
21786
21837
23865
21787
21838
23866
21839
23867
21789
21840
23868
21790
21841
23869
21791
21842
23870
21792
21843
23871
21793
21844
23872
21794
21845
23873
21795
21846
23874
21796
21847
23875
21797
21848
23876
21798
21849
23877
21799
21850
23878
21800
21851
23879
21801
21852
23880
21802
21853
23881
21803
21854
23882
21804
21855
23883
21805
21856
23884
21806
21857
23885
21807
21858
23886
21808
21859
23887
21809
21860
23888
21810
21861
23889
21811
21862
23890
21812
21863
23891
21813
21864
23892
21814
21865
23893
21815
21866
23894
21816
21867
23895
21817
21868
23896
21818
21869
23897
21819
21870
23898
21820
21871
23899
21821
21872
23900
21822
21873
23901
21823
21874
23902
21824
21875
23903
21825
21876
23904
21826
21877
23905
21827
21878
23906
21828
21879
23907
21829
21880
23908
21830
21881
23909
21831
21882
23910
21832
21883
23911
21833
21884
23912
21834
21885
23913
21835
21886
23914
21836
21887
23915
21837
21888
23916
21838
21889
23917
21839
21890
23918
21891
23919
21841
21892
23920
21842
21893
23921
21843
21894
23922
21844
21895
23923
21845
21896
23924
21846
21897
23925
21847
21898
23926
21848
21899
23927
21849
21900
23928
21850
21901
23929
21851
21902
23930
21852
21903
23931
21853
21904
23932
21854
21905
23933
21855
21906
23934
21856
21907
23935
21857
21908
23936
21858
21909
23937
21859
21910
23938
21860
21911
23939
21861
21912
23940
21862
21913
23941
21863
21914
23942
21864
21915
23943
21865
21916
23944
21866
21917
23945
21867
21918
23946
21868
21919
23947
21869
21920
23948
21870
21921
23949
21871
21922
23950
21872
21923
23951
21873
21924
23952
21874
21925
23953
21875
21926
23954
21876
21927
23955
21877
21928
23956
21878
21929
23957
21879
21930
23958
21880
21931
23959
21881
21932
23960
21882
21933
23961
21883
21934
23962
21884
21935
23963
21885
21936
23964
21886
21937
23965
21887
21938
23966
21888
21939
23967
21889
21940
23968
21890
21941
23969
21891
21942
23970
21943
23971
21893
21944
23972
21894
21945
23973
21895
21946
23974
21896
21947
23975
21897
21948
23976
21898
21949
23977
21899
21950
23978
21900
21951
23979
21901
21952
23980
21902
21953
23981
21903
21954
23982
21904
21955
23983
21905
21956
23984
21906
21957
23985
21907
21958
23986
21908
21959
23987
21909
21960
23988
21910
21961
23989
21911
21962
23990
21912
21963
23991
21913
21964
23992
21914
21965
23993
21915
21966
23994
21916
21967
23995
21917
21968
23996
21918
21969
23997
21919
21970
23998
21920
21971
23999
21921
21972
24000
21922
21973
24001
21923
21974
24002
21924
21975
24003
21925
21976
24004
21926
21977
24005
21927
21978
24006
21928
21979
24007
21929
21980
24008
21930
21981
24009
21931
21982
24010
21932
21983
24011
21933
21984
24012
21934
21985
24013
21935
21986
24014
21936
21987
24015
21937
21988
24016
21938
21989
24017
21939
21990
24018
21940
21991
24019
21941
21992
24020
21942
21993
24021
21943
21994
24022
21995
24023
21945
21996
24024
21946
21997
24025
21947
21998
24026
21948
21999
24027
21949
22000
24028
21950
22001
24029
21951
22002
24030
21952
22003
24031
21953
22004
24032
21954
22005
24033
21955
22006
24034
21956
22007
24035
21957
22008
24036
21958
22009
24037
21959
22010
24038
21960
22011
24039
21961
22012
24040
21962
22013
24041
21963
22014
24042
21964
22015
24043
21965
22016
24044
21966
22017
24045
21967
22018
24046
21968
22019
24047
21969
22020
24048
21970
22021
24049
21971
22022
24050
21972
22023
24051
21973
22024
24052
21974
22025
24053
21975
22026
24054
21976
22027
24055
21977
22028
24056
21978
22029
24057
21979
22030
24058
21980
22031
24059
21981
22032
24060
21982
22033
24061
21983
22034
24062
21984
22035
24063
21985
22036
24064
21986
22037
24065
21987
22038
24066
21988
22039
24067
21989
22040
24068
21990
22041
24069
21991
22042
24070
21992
22043
24071
21993
22044
24072
21994
22045
24073
21995
22046
24074
22047
24075
21997
22048
24076
21998
22049
24077
21999
22050
24078
22000
22051
24079
22001
22052
24080
22002
22053
24081
22003
22054
24082
22004
22055
24083
22005
22056
24084
22006
22057
24085
22007
22058
24086
22008
22059
24087
22009
22060
24088
22010
22061
24089
22011
22062
24090
22012
22063
24091
22013
22064
24092
22014
22065
24093
22015
22066
24094
22016
22067
24095
22017
22068
24096
22018
22069
24097
22019
22070
24098
22020
22071
24099
22021
22072
24100
22022
22073
24101
22023
22074
24102
22024
22075
24103
22025
22076
24104
22026
22077
24105
22027
22078
24106
22028
22079
24107
22029
22080
24108
22030
22081
24109
22031
22082
24110
22032
22083
24111
22033
22084
24112
22034
22085
24113
22035
22086
24114
22036
22087
24115
22037
22088
24116
22038
22089
24117
22039
22090
24118
22040
22091
24119
22041
22092
24120
22042
22093
24121
22043
22094
24122
22044
22095
24123
22045
22096
24124
22046
22097
24125
22047
22098
24126
22099
24127
22049
22100
24128
22050
22101
24129
22051
22102
24130
22052
22103
24131
22053
22104
24132
22054
22105
24133
22055
22106
24134
22056
22107
24135
22057
22108
24136
22058
22109
24137
22059
22110
24138
22060
22111
24139
22061
22112
24140
22062
22113
24141
22063
22114
24142
22064
22115
24143
22065
22116
24144
22066
22117
24145
22067
22118
24146
22068
22119
24147
22069
22120
24148
22070
22121
24149
22071
22122
24150
22072
22123
24151
22073
22124
24152
22074
22125
24153
22075
22126
24154
22076
22127
24155
22077
22128
24156
22078
22129
24157
22079
22130
24158
22080
22131
24159
22081
22132
24160
22082
22133
24161
22083
22134
24162
22084
22135
24163
22085
22136
24164
22086
22137
24165
22087
22138
24166
22088
22139
24167
22089
22140
24168
22090
22141
24169
22091
22142
24170
22092
22143
24171
22093
22144
24172
22094
22145
24173
22095
22146
24174
22096
22147
24175
22097
22148
24176
22098
22149
24177
22099
22150
24178
22151
24179
22101
22152
24180
22102
22153
24181
22103
22154
24182
22104
22155
24183
22105
22156
24184
22106
22157
24185
22107
22158
24186
22108
22159
24187
22109
22160
24188
22110
22161
24189
22111
22162
24190
22112
22163
24191
22113
22164
24192
22114
22165
24193
22115
22166
24194
22116
22167
24195
22117
22168
24196
22118
22169
24197
22119
22170
24198
22120
22171
24199
22121
22172
24200
22122
22173
24201
22123
22174
24202
22124
22175
24203
22125
22176
24204
22126
22177
24205
22127
22178
24206
22128
22179
24207
22129
22180
24208
22130
22181
24209
22131
22182
24210
22132
22183
24211
22133
22184
24212
22134
22185
24213
22135
22186
24214
22136
22187
24215
22137
22188
24216
22138
22189
24217
22139
22190
24218
22140
22191
24219
22141
22192
24220
22142
22193
24221
22143
22194
24222
22144
22195
24223
22145
22196
24224
22146
22197
24225
22147
22198
24226
22148
22199
24227
22149
22200
24228
22150
22201
24229
22151
22202
24230
22203
24231
22153
22204
24232
22154
22205
24233
22155
22206
24234
22156
22207
24235
22157
22208
24236
22158
22209
24237
22159
22210
24238
22160
22211
24239
22161
22212
24240
22162
22213
24241
22163
22214
24242
22164
22215
24243
22165
22216
24244
22166
22217
24245
22167
22218
24246
22168
22219
24247
22169
22220
24248
22170
22221
24249
22171
22222
24250
22172
22223
24251
22173
22224
24252
22174
22225
24253
22175
22226
24254
22176
22227
24255
22177
22228
24256
22178
22229
24257
22179
22230
24258
22180
22231
24259
22181
22232
24260
22182
22233
24261
22183
22234
24262
22184
22235
24263
22185
22236
24264
22186
22237
24265
22187
22238
24266
22188
22239
24267
22189
22240
24268
22190
22241
24269
22191
22242
24270
22192
22243
24271
22193
22244
24272
22194
22245
24273
22195
22246
24274
22196
22247
24275
22197
22248
24276
22198
22249
24277
22199
22250
24278
22200
22251
24279
22201
22252
24280
22202
22253
24281
22203
22254
24282
22255
24283
22205
22256
24284
22206
22257
24285
22207
22258
24286
22208
22259
24287
22209
22260
24288
22210
22261
24289
22211
22262
24290
22212
22263
24291
22213
22264
24292
22214
22265
24293
22215
22266
24294
22216
22267
24295
22217
22268
24296
22218
22269
24297
22219
22270
24298
22220
22271
24299
22221
22272
24300
22222
22273
24301
22223
22274
24302
22224
22275
24303
22225
22276
24304
22226
22277
24305
22227
22278
24306
22228
22279
24307
22229
22280
24308
22230
22281
24309
22231
22282
24310
22232
22283
24311
22233
22284
24312
22234
22285
24313
22235
22286
24314
22236
22287
24315
22237
22288
24316
22238
22289
24317
22239
22290
24318
22240
22291
24319
22241
22292
24320
22242
22293
24321
22243
22294
24322
22244
22295
24323
22245
22296
24324
22246
22297
24325
22247
22298
24326
22248
22299
24327
22249
22300
24328
22250
22301
24329
22251
22302
24330
22252
22303
24331
22253
22304
24332
22254
22305
24333
22255
22306
24334
22307
24335
22257
22308
24336
22258
22309
24337
22259
22310
24338
22260
22311
24339
22261
22312
24340
22262
22313
24341
22263
22314
24342
22264
22315
24343
22265
22316
24344
22266
22317
24345
22267
22318
24346
22268
22319
24347
22269
22320
24348
22270
22321
24349
22271
22322
24350
22272
22323
24351
22273
22324
24352
22274
22325
24353
22275
22326
24354
22276
22327
24355
22277
22328
24356
22278
22329
24357
22279
22330
24358
22280
22331
24359
22281
22332
24360
22282
22333
24361
22283
22334
24362
22284
22335
24363
22285
22336
24364
22286
22337
24365
22287
22338
24366
22288
22339
24367
22289
22340
24368
22290
22341
24369
22291
22342
24370
22292
22343
24371
22293
22344
24372
22294
22345
24373
22295
22346
24374
22296
22347
24375
22297
22348
24376
22298
22349
24377
22299
22350
24378
22300
22351
24379
22301
22352
24380
22302
22353
24381
22303
22354
24382
22304
22355
24383
22305
22356
24384
22306
22357
24385
22307
22358
24386
22359
24387
22309
22360
24388
22310
22361
24389
22311
22362
24390
22312
22363
24391
22313
22364
24392
22314
22365
24393
22315
22366
24394
22316
22367
24395
22317
22368
24396
22318
22369
24397
22319
22370
24398
22320
22371
24399
22321
22372
24400
22322
22373
24401
22323
22374
24402
22324
22375
24403
22325
22376
24404
22326
22377
24405
22327
22378
24406
22328
22379
24407
22329
22380
24408
22330
22381
24409
22331
22382
24410
22332
22383
24411
22333
22384
24412
22334
22385
24413
22335
22386
24414
22336
22387
24415
22337
22388
24416
22338
22389
24417
22339
22390
24418
22340
22391
24419
22341
22392
24420
22342
22393
24421
22343
22394
24422
22344
22395
24423
22345
22396
24424
22346
22397
24425
22347
22398
24426
22348
22399
24427
22349
22400
24428
22350
22401
24429
22351
22402
24430
22352
22403
24431
22353
22404
24432
22354
22405
24433
22355
22406
24434
22356
22407
24435
22357
22408
24436
22358
22409
24437
22359
22410
24438
22411
24439
22361
22412
24440
22362
22413
24441
22363
22414
24442
22364
22415
24443
22365
22416
24444
22366
22417
24445
22367
22418
24446
22368
22419
24447
22369
22420
24448
22370
22421
24449
22371
22422
24450
22372
22423
24451
22373
22424
24452
22374
22425
24453
22375
22426
24454
22376
22427
24455
22377
22428
24456
22378
22429
24457
22379
22430
24458
22380
22431
24459
22381
22432
24460
22382
22433
24461
22383
22434
24462
22384
22435
24463
22385
22436
24464
22386
22437
24465
22387
22438
24466
22388
22439
24467
22389
22440
24468
22390
22441
24469
22391
22442
24470
22392
22443
24471
22393
22444
24472
22394
22445
24473
22395
22446
24474
22396
22447
24475
22397
22448
24476
22398
22449
24477
22399
22450
24478
22400
22451
24479
22401
22452
24480
22402
22453
24481
22403
22454
24482
22404
22455
24483
22405
22456
24484
22406
22457
24485
22407
22458
24486
22408
22459
24487
22409
22460
24488
22410
22461
24489
22411
22462
24490
22463
24491
22413
22464
24492
22414
22465
24493
22415
22466
24494
22416
22467
24495
22417
22468
24496
22418
22469
24497
22419
22470
24498
22420
22471
24499
22421
22472
24500
22422
22473
24501
22423
22474
24502
22424
22475
24503
22425
22476
24504
22426
22477
24505
22427
22478
24506
22428
22479
24507
22429
22480
24508
22430
22481
24509
22431
22482
24510
22432
22483
24511
22433
22484
24512
22434
22485
24513
22435
22486
24514
22436
22487
24515
22437
22488
24516
22438
22489
24517
22439
22490
24518
22440
22491
24519
22441
22492
24520
22442
22493
24521
22443
22494
24522
22444
22495
24523
22445
22496
24524
22446
22497
24525
22447
22498
24526
22448
22499
24527
22449
22500
24528
22450
22501
24529
22451
22502
24530
22452
22503
24531
22453
22504
24532
22454
22505
24533
22455
22506
24534
22456
22507
24535
22457
22508
24536
22458
22509
24537
22459
22510
24538
22460
22511
24539
22461
22512
24540
22462
22513
24541
22463
22514
24542
22515
24543
22465
22516
24544
22466
22517
24545
22467
22518
24546
22468
22519
24547
22469
22520
24548
22470
22521
24549
22471
22522
24550
22472
22523
24551
22473
22524
24552
22474
22525
24553
22475
22526
24554
22476
22527
24555
22477
22528
24556
22478
22529
24557
22479
22530
24558
22480
22531
24559
22481
22532
24560
22482
22533
24561
22483
22534
24562
22484
22535
24563
22485
22536
24564
22486
22537
24565
22487
22538
24566
22488
22539
24567
22489
22540
24568
22490
22541
24569
22491
22542
24570
22492
22543
24571
22493
22544
24572
22494
22545
24573
22495
22546
24574
22496
22547
24575
22497
22548
24576
22498
22549
24577
22499
22550
24578
22500
22551
24579
22501
22552
24580
22502
22553
24581
22503
22554
24582
22504
22555
24583
22505
22556
24584
22506
22557
24585
22507
22558
24586
22508
22559
24587
22509
22560
24588
22510
22561
24589
22511
22562
24590
22512
22563
24591
22513
22564
24592
22514
22565
24593
22515
22566
24594
22567
24595
22517
22568
24596
22518
22569
24597
22519
22570
24598
22520
22571
24599
22521
22572
24600
22522
22573
24601
22523
22574
24602
22524
22575
24603
22525
22576
24604
22526
22577
24605
22527
22578
24606
22528
22579
24607
22529
22580
24608
22530
22581
24609
22531
22582
24610
22532
22583
24611
22533
22584
24612
22534
22585
24613
22535
22586
24614
22536
22587
24615
22537
22588
24616
22538
22589
24617
22539
22590
24618
22540
22591
24619
22541
22592
24620
22542
22593
24621
22543
22594
24622
22544
22595
24623
22545
22596
24624
22546
22597
24625
22547
22598
24626
22548
22599
24627
22549
22600
24628
22550
22601
24629
22551
22602
24630
22552
22603
24631
22553
22604
24632
22554
22605
24633
22555
22606
24634
22556
22607
24635
22557
22608
24636
22558
22609
24637
22559
22610
24638
22560
22611
24639
22561
22612
24640
22562
22613
24641
22563
22614
24642
22564
22615
24643
22565
22616
24644
22566
22617
24645
22567
22618
24646
22619
24647
22569
22620
24648
22570
22621
24649
22571
22622
24650
22572
22623
24651
22573
22624
24652
22574
22625
24653
22575
22626
24654
22576
22627
24655
22577
22628
24656
22578
22629
24657
22579
22630
24658
22580
22631
24659
22581
22632
24660
22582
22633
24661
22583
22634
24662
22584
22635
24663
22585
22636
24664
22586
22637
24665
22587
22638
24666
22588
22639
24667
22589
22640
24668
22590
22641
24669
22591
22642
24670
22592
22643
24671
22593
22644
24672
22594
22645
24673
22595
22646
24674
22596
22647
24675
22597
22648
24676
22598
22649
24677
22599
22650
24678
22600
22651
24679
22601
22652
24680
22602
22653
24681
22603
22654
24682
22604
22655
24683
22605
22656
24684
22606
22657
24685
22607
22658
24686
22608
22659
24687
22609
22660
24688
22610
22661
24689
22611
22662
24690
22612
22663
24691
22613
22664
24692
22614
22665
24693
22615
22666
24694
22616
22667
24695
22617
22668
24696
22618
22669
24697
22619
22670
24698
22671
24699
22621
22672
24700
22622
22673
24701
22623
22674
24702
22624
22675
24703
22625
22676
24704
22626
22677
24705
22627
22678
24706
22628
22679
24707
22629
22680
24708
22630
22681
24709
22631
22682
24710
22632
22683
24711
22633
22684
24712
22634
22685
24713
22635
22686
24714
22636
22687
24715
22637
22688
24716
22638
22689
24717
22639
22690
24718
22640
22691
24719
22641
22692
24720
22642
22693
24721
22643
22694
24722
22644
22695
24723
22645
22696
24724
22646
22697
24725
22647
22698
24726
22648
22699
24727
22649
22700
24728
22650
22701
24729
22651
22702
24730
22652
22703
24731
22653
22704
24732
22654
22705
24733
22655
22706
24734
22656
22707
24735
22657
22708
24736
22658
22709
24737
22659
22710
24738
22660
22711
24739
22661
22712
24740
22662
22713
24741
22663
22714
24742
22664
22715
24743
22665
22716
24744
22666
22717
24745
22667
22718
24746
22668
22719
24747
22669
22720
24748
22670
22721
24749
22671
22722
24750
22723
24751
22673
22724
24752
22674
22725
24753
22675
22726
24754
22676
22727
24755
22677
22728
24756
22678
22729
24757
22679
22730
24758
22680
22731
24759
22681
22732
24760
22682
22733
24761
22683
22734
24762
22684
22735
24763
22685
22736
24764
22686
22737
24765
22687
22738
24766
22688
22739
24767
22689
22740
24768
22690
22741
24769
22691
22742
24770
22692
22743
24771
22693
22744
24772
22694
22745
24773
22695
22746
24774
22696
22747
24775
22697
22748
24776
22698
22749
24777
22699
22750
24778
22700
22751
24779
22701
22752
24780
22702
22753
24781
22703
22754
24782
22704
22755
24783
22705
22756
24784
22706
22757
24785
22707
22758
24786
22708
22759
24787
22709
22760
24788
22710
22761
24789
22711
22762
24790
22712
22763
24791
22713
22764
24792
22714
22765
24793
22715
22766
24794
22716
22767
24795
22717
22768
24796
22718
22769
24797
22719
22770
24798
22720
22771
24799
22721
22772
24800
22722
22773
24801
22723
22774
24802
22775
24803
22725
22776
24804
22726
22777
24805
22727
22778
24806
22728
22779
24807
22729
22780
24808
22730
22781
24809
22731
22782
24810
22732
22783
24811
22733
22784
24812
22734
22785
24813
22735
22786
24814
22736
22787
24815
22737
22788
24816
22738
22789
24817
22739
22790
24818
22740
22791
24819
22741
22792
24820
22742
22793
24821
22743
22794
24822
22744
22795
24823
22745
22796
24824
22746
22797
24825
22747
22798
24826
22748
22799
24827
22749
22800
24828
22750
22801
24829
22751
22802
24830
22752
22803
24831
22753
22804
24832
22754
22805
24833
22755
22806
24834
22756
22807
24835
22757
22808
24836
22758
22809
24837
22759
22810
24838
22760
22811
24839
22761
22812
24840
22762
22813
24841
22763
22814
24842
22764
22815
24843
22765
22816
24844
22766
22817
24845
22767
22818
24846
22768
22819
24847
22769
22820
24848
22770
22821
24849
22771
22822
24850
22772
22823
24851
22773
22824
24852
22774
22825
24853
22775
22826
24854
22827
24855
22777
22828
24856
22778
22829
24857
22779
22830
24858
22780
22831
24859
22781
22832
24860
22782
22833
24861
22783
22834
24862
22784
22835
24863
22785
22836
24864
22786
22837
24865
22787
22838
24866
22788
22839
24867
22789
22840
24868
22790
22841
24869
22791
22842
24870
22792
22843
24871
22793
22844
24872
22794
22845
24873
22795
22846
24874
22796
22847
24875
22797
22848
24876
22798
22849
24877
22799
22850
24878
22800
22851
24879
22801
22852
24880
22802
22853
24881
22803
22854
24882
22804
22855
24883
22805
22856
24884
22806
22857
24885
22807
22858
24886
22808
22859
24887
22809
22860
24888
22810
22861
24889
22811
22862
24890
22812
22863
24891
22813
22864
24892
22814
22865
24893
22815
22866
24894
22816
22867
24895
22817
22868
24896
22818
22869
24897
22819
22870
24898
22820
22871
24899
22821
22872
24900
22822
22873
24901
22823
22874
24902
22824
22875
24903
22825
22876
24904
22826
22877
24905
22827
22878
24906
22879
24907
22829
24908
22830
24909
22831
24910
22832
24911
22833
24912
22834
24913
22835
24914
22836
24915
22837
24916
22838
24917
22839
24918
22840
24919
22841
24920
22842
24921
22843
24922
22844
24923
22845
24924
22846
24925
22847
24926
22848
24927
22849
24928
22850
24929
22851
24930
22852
24931
22853
24932
22854
24933
22855
24934
22856
24935
22857
24936
22858
24937
22859
24938
22860
24939
22861
24940
22862
24941
22863
24942
22864
24943
22865
24944
22866
24945
22867
24946
22868
24947
22869
24948
22870
24949
22871
24950
22872
24951
22873
24952
22874
24953
22875
24954
22876
24955
22877
24956
22878
24957
22879
24958
24959
22881
22932
24960
22882
22933
24961
22883
22934
24962
22884
22935
24963
22885
22936
24964
22886
22937
24965
22887
22938
24966
22888
22939
24967
22889
22940
24968
22890
22941
24969
22891
22942
24970
22892
22943
24971
22893
22944
24972
22894
22945
24973
22895
22946
24974
22896
22947
24975
22897
22948
24976
22898
22949
24977
22899
22950
24978
22900
22951
24979
22901
22952
24980
22902
22953
24981
22903
22954
24982
22904
22955
24983
22905
22956
24984
22906
22957
24985
22907
22958
24986
22908
22959
24987
22909
22960
24988
22910
22961
24989
22911
22962
24990
22912
22963
24991
22913
22964
24992
22914
22965
24993
22915
22966
24994
22916
22967
24995
22917
22968
24996
22918
22969
24997
22919
22970
24998
22920
22971
24999
22921
22972
25000
22922
22973
25001
22923
22974
25002
22924
22975
25003
22925
22976
25004
22926
22977
25005
22927
22978
25006
22928
22979
25007
22929
22980
25008
22930
22981
25009
22931
22982
25010
22983
25011
22933
22984
25012
22934
22985
25013
22935
22986
25014
22936
22987
25015
22937
22988
25016
22938
22989
25017
22939
22990
25018
22940
22991
25019
22941
22992
25020
22942
22993
25021
22943
22994
25022
22944
22995
25023
22945
22996
25024
22946
22997
25025
22947
22998
25026
22948
22999
25027
22949
23000
25028
22950
23001
25029
22951
23002
25030
22952
23003
25031
22953
23004
25032
22954
23005
25033
22955
23006
25034
22956
23007
25035
22957
23008
25036
22958
23009
25037
22959
23010
25038
22960
23011
25039
22961
23012
25040
22962
23013
25041
22963
23014
25042
22964
23015
25043
22965
23016
25044
22966
23017
25045
22967
23018
25046
22968
23019
25047
22969
23020
25048
22970
23021
25049
22971
23022
25050
22972
23023
25051
22973
23024
25052
22974
23025
25053
22975
23026
25054
22976
23027
25055
22977
23028
25056
22978
23029
25057
22979
23030
25058
22980
23031
25059
22981
23032
25060
22982
23033
25061
22983
23034
25062
23035
25063
22985
23036
25064
22986
23037
25065
22987
23038
25066
22988
23039
25067
22989
23040
25068
22990
23041
25069
22991
23042
25070
22992
23043
25071
22993
23044
25072
22994
23045
25073
22995
23046
25074
22996
23047
25075
22997
23048
25076
22998
23049
25077
22999
23050
25078
23000
23051
25079
23001
23052
25080
23002
23053
25081
23003
23054
25082
23004
23055
25083
23005
23056
25084
23006
23057
25085
23007
23058
25086
23008
23059
25087
23009
23060
25088
23010
23061
25089
23011
23062
25090
23012
23063
25091
23013
23064
25092
23014
23065
25093
23015
23066
25094
23016
23067
25095
23017
23068
25096
23018
23069
25097
23019
23070
25098
23020
23071
25099
23021
23072
25100
23022
23073
25101
23023
23074
25102
23024
23075
25103
23025
23076
25104
23026
23077
25105
23027
23078
25106
23028
23079
25107
23029
23080
25108
23030
23081
25109
23031
23082
25110
23032
23083
25111
23033
23084
25112
23034
23085
25113
23035
23086
25114
23087
25115
23037
23088
25116
23038
23089
25117
23039
23090
25118
23040
23091
25119
23041
23092
25120
23042
23093
25121
23043
23094
25122
23044
23095
25123
23045
23096
25124
23046
23097
25125
23047
23098
25126
23048
23099
25127
23049
23100
25128
23050
23101
25129
23051
23102
25130
23052
23103
25131
23053
23104
25132
23054
23105
25133
23055
23106
25134
23056
23107
25135
23057
23108
25136
23058
23109
25137
23059
23110
25138
23060
23111
25139
23061
23112
25140
23062
23113
25141
23063
23114
25142
23064
23115
25143
23065
23116
25144
23066
23117
25145
23067
23118
25146
23068
23119
25147
23069
23120
25148
23070
23121
25149
23071
23122
25150
23072
23123
25151
23073
23124
25152
23074
23125
25153
23075
23126
25154
23076
23127
25155
23077
23128
25156
23078
23129
25157
23079
23130
25158
23080
23131
25159
23081
23132
25160
23082
23133
25161
23083
23134
25162
23084
23135
25163
23085
23136
25164
23086
23137
25165
23087
23138
25166
23139
25167
23089
23140
25168
23090
23141
25169
23091
23142
25170
23092
23143
25171
23093
23144
25172
23094
23145
25173
23095
23146
25174
23096
23147
25175
23097
23148
25176
23098
23149
25177
23099
23150
25178
23100
23151
25179
23101
23152
25180
23102
23153
25181
23103
23154
25182
23104
23155
25183
23105
23156
25184
23106
23157
25185
23107
23158
25186
23108
23159
25187
23109
23160
25188
23110
23161
25189
23111
23162
25190
23112
23163
25191
23113
23164
25192
23114
23165
25193
23115
23166
25194
23116
23167
25195
23117
23168
25196
23118
23169
25197
23119
23170
25198
23120
23171
25199
23121
23172
25200
23122
23173
25201
23123
23174
25202
23124
23175
25203
23125
23176
25204
23126
23177
25205
23127
23178
25206
23128
23179
25207
23129
23180
25208
23130
23181
25209
23131
23182
25210
23132
23183
25211
23133
23184
25212
23134
23185
25213
23135
23186
25214
23136
23187
25215
23137
23188
25216
23138
23189
25217
23139
23190
25218
23191
25219
23141
23192
25220
23142
23193
25221
23143
23194
25222
23144
23195
25223
23145
23196
25224
23146
23197
25225
23147
23198
25226
23148
23199
25227
23149
23200
25228
23150
23201
25229
23151
23202
25230
23152
23203
25231
23153
23204
25232
23154
23205
25233
23155
23206
25234
23156
23207
25235
23157
23208
25236
23158
23209
25237
23159
23210
25238
23160
23211
25239
23161
23212
25240
23162
23213
25241
23163
23214
25242
23164
23215
25243
23165
23216
25244
23166
23217
25245
23167
23218
25246
23168
23219
25247
23169
23220
25248
23170
23221
25249
23171
23222
25250
23172
23223
25251
23173
23224
25252
23174
23225
25253
23175
23226
25254
23176
23227
25255
23177
23228
25256
23178
23229
25257
23179
23230
25258
23180
23231
25259
23181
23232
25260
23182
23233
25261
23183
23234
25262
23184
23235
25263
23185
23236
25264
23186
23237
25265
23187
23238
25266
23188
23239
25267
23189
23240
25268
23190
23241
25269
23191
23242
25270
23243
25271
23193
23244
25272
23194
23245
25273
23195
23246
25274
23196
23247
25275
23197
23248
25276
23198
23249
25277
23199
23250
25278
23200
23251
25279
23201
23252
25280
23202
23253
25281
23203
23254
25282
23204
23255
25283
23205
23256
25284
23206
23257
25285
23207
23258
25286
23208
23259
25287
23209
23260
25288
23210
23261
25289
23211
23262
25290
23212
23263
25291
23213
23264
25292
23214
23265
25293
23215
23266
25294
23216
23267
25295
23217
23268
25296
23218
23269
25297
23219
23270
25298
23220
23271
25299
23221
23272
25300
23222
23273
25301
23223
23274
25302
23224
23275
25303
23225
23276
25304
23226
23277
25305
23227
23278
25306
23228
23279
25307
23229
23280
25308
23230
23281
25309
23231
23282
25310
23232
23283
25311
23233
23284
25312
23234
23285
25313
23235
23286
25314
23236
23287
25315
23237
23288
25316
23238
23289
25317
23239
23290
25318
23240
23291
25319
23241
23292
25320
23242
23293
25321
23243
23294
25322
23295
25323
23245
23296
25324
23246
23297
25325
23247
23298
25326
23248
23299
25327
23249
23300
25328
23250
23301
25329
23251
23302
25330
23252
23303
25331
23253
23304
25332
23254
23305
25333
23255
23306
25334
23256
23307
25335
23257
23308
25336
23258
23309
25337
23259
23310
25338
23260
23311
25339
23261
23312
25340
23262
23313
25341
23263
23314
25342
23264
23315
25343
23265
23316
25344
23266
23317
25345
23267
23318
25346
23268
23319
25347
23269
23320
25348
23270
23321
25349
23271
23322
25350
23272
23323
25351
23273
23324
25352
23274
23325
25353
23275
23326
25354
23276
23327
25355
23277
23328
25356
23278
23329
25357
23279
23330
25358
23280
23331
25359
23281
23332
25360
23282
23333
25361
23283
23334
25362
23284
23335
25363
23285
23336
25364
23286
23337
25365
23287
23338
25366
23288
23339
25367
23289
23340
25368
23290
23341
25369
23291
23342
25370
23292
23343
25371
23293
23344
25372
23294
23345
25373
23295
23346
25374
23347
25375
23297
23348
25376
23298
23349
25377
23299
23350
25378
23300
23351
25379
23301
23352
25380
23302
23353
25381
23303
23354
25382
23304
23355
25383
23305
23356
25384
23306
23357
25385
23307
23358
25386
23308
23359
25387
23309
23360
25388
23310
23361
25389
23311
23362
25390
23312
23363
25391
23313
23364
25392
23314
23365
25393
23315
23366
25394
23316
23367
25395
23317
23368
25396
23318
23369
25397
23319
23370
25398
23320
23371
25399
23321
23372
25400
23322
23373
25401
23323
23374
25402
23324
23375
25403
23325
23376
25404
23326
23377
25405
23327
23378
25406
23328
23379
25407
23329
23380
25408
23330
23381
25409
23331
23382
25410
23332
23383
25411
23333
23384
25412
23334
23385
25413
23335
23386
25414
23336
23387
25415
23337
23388
25416
23338
23389
25417
23339
23390
25418
23340
23391
25419
23341
23392
25420
23342
23393
25421
23343
23394
25422
23344
23395
25423
23345
23396
25424
23346
23397
25425
23347
23398
25426
23399
25427
23349
23400
25428
23350
23401
25429
23351
23402
25430
23352
23403
25431
23353
23404
25432
23354
23405
25433
23355
23406
25434
23356
23407
25435
23357
23408
25436
23358
23409
25437
23359
23410
25438
23360
23411
25439
23361
23412
25440
23362
23413
25441
23363
23414
25442
23364
23415
25443
23365
23416
25444
23366
23417
25445
23367
23418
25446
23368
23419
25447
23369
23420
25448
23370
23421
25449
23371
23422
25450
23372
23423
25451
23373
23424
25452
23374
23425
25453
23375
23426
25454
23376
23427
25455
23377
23428
25456
23378
23429
25457
23379
23430
25458
23380
23431
25459
23381
23432
25460
23382
23433
25461
23383
23434
25462
23384
23435
25463
23385
23436
25464
23386
23437
25465
23387
23438
25466
23388
23439
25467
23389
23440
25468
23390
23441
25469
23391
23442
25470
23392
23443
25471
23393
23444
25472
23394
23445
25473
23395
23446
25474
23396
23447
25475
23397
23448
25476
23398
23449
25477
23399
23450
25478
23451
25479
23401
23452
25480
23402
23453
25481
23403
23454
25482
23404
23455
25483
23405
23456
25484
23406
23457
25485
23407
23458
25486
23408
23459
25487
23409
23460
25488
23410
23461
25489
23411
23462
25490
23412
23463
25491
23413
23464
25492
23414
23465
25493
23415
23466
25494
23416
23467
25495
23417
23468
25496
23418
23469
25497
23419
23470
25498
23420
23471
25499
23421
23472
25500
23422
23473
25501
23423
23474
25502
23424
23475
25503
23425
23476
25504
23426
23477
25505
23427
23478
25506
23428
23479
25507
23429
23480
25508
23430
23481
25509
23431
23482
25510
23432
23483
25511
23433
23484
25512
23434
23485
25513
23435
23486
25514
23436
23487
25515
23437
23488
25516
23438
23489
25517
23439
23490
25518
23440
23491
25519
23441
23492
25520
23442
23493
25521
23443
23494
25522
23444
23495
25523
23445
23496
25524
23446
23497
25525
23447
23498
25526
23448
23499
25527
23449
23500
25528
23450
23501
25529
23451
23502
25530
23503
25531
23453
23504
25532
23454
23505
25533
23455
23506
25534
23456
23507
25535
23457
23508
25536
23458
23509
25537
23459
23510
25538
23460
23511
25539
23461
23512
25540
23462
23513
25541
23463
23514
25542
23464
23515
25543
23465
23516
25544
23466
23517
25545
23467
23518
25546
23468
23519
25547
23469
23520
25548
23470
23521
25549
23471
23522
25550
23472
23523
25551
23473
23524
25552
23474
23525
25553
23475
23526
25554
23476
23527
25555
23477
23528
25556
23478
23529
25557
23479
23530
25558
23480
23531
25559
23481
23532
25560
23482
23533
25561
23483
23534
25562
23484
23535
25563
23485
23536
25564
23486
23537
25565
23487
23538
25566
23488
23539
25567
23489
23540
25568
23490
23541
25569
23491
23542
25570
23492
23543
25571
23493
23544
25572
23494
23545
25573
23495
23546
25574
23496
23547
25575
23497
23548
25576
23498
23549
25577
23499
23550
25578
23500
23551
25579
23501
23552
25580
23502
23553
25581
23503
23554
25582
23555
25583
23505
23556
25584
23506
23557
25585
23507
23558
25586
23508
23559
25587
23509
23560
25588
23510
23561
25589
23511
23562
25590
23512
23563
25591
23513
23564
25592
23514
23565
25593
23515
23566
25594
23516
23567
25595
23517
23568
25596
23518
23569
25597
23519
23570
25598
23520
23571
25599
23521
23572
25600
23522
23573
25601
23523
23574
25602
23524
23575
25603
23525
23576
25604
23526
23577
25605
23527
23578
25606
23528
23579
25607
23529
23580
25608
23530
23581
25609
23531
23582
25610
23532
23583
25611
23533
23584
25612
23534
23585
25613
23535
23586
25614
23536
23587
25615
23537
23588
25616
23538
23589
25617
23539
23590
25618
23540
23591
25619
23541
23592
25620
23542
23593
25621
23543
23594
25622
23544
23595
25623
23545
23596
25624
23546
23597
25625
23547
23598
25626
23548
23599
25627
23549
23600
25628
23550
23601
25629
23551
23602
25630
23552
23603
25631
23553
23604
25632
23554
23605
25633
23555
23606
25634
23607
25635
23557
23608
25636
23558
23609
25637
23559
23610
25638
23560
23611
25639
23561
23612
25640
23562
23613
25641
23563
23614
25642
23564
23615
25643
23565
23616
25644
23566
23617
25645
23567
23618
25646
23568
23619
25647
23569
23620
25648
23570
23621
25649
23571
23622
25650
23572
23623
25651
23573
23624
25652
23574
23625
25653
23575
23626
25654
23576
23627
25655
23577
23628
25656
23578
23629
25657
23579
23630
25658
23580
23631
25659
23581
23632
25660
23582
23633
25661
23583
23634
25662
23584
23635
25663
23585
23636
25664
23586
23637
25665
23587
23638
25666
23588
23639
25667
23589
23640
25668
23590
23641
25669
23591
23642
25670
23592
23643
25671
23593
23644
25672
23594
23645
25673
23595
23646
25674
23596
23647
25675
23597
23648
25676
23598
23649
25677
23599
23650
25678
23600
23651
25679
23601
23652
25680
23602
23653
25681
23603
23654
25682
23604
23655
25683
23605
23656
25684
23606
23657
25685
23607
23658
25686
23659
25687
23609
23660
25688
23610
23661
25689
23611
23662
25690
23612
23663
25691
23613
23664
25692
23614
23665
25693
23615
23666
25694
23616
23667
25695
23617
23668
25696
23618
23669
25697
23619
23670
25698
23620
23671
25699
23621
23672
25700
23622
23673
25701
23623
23674
25702
23624
23675
25703
23625
23676
25704
23626
23677
25705
23627
23678
25706
23628
23679
25707
23629
23680
25708
23630
23681
25709
23631
23682
25710
23632
23683
25711
23633
23684
25712
23634
23685
25713
23635
23686
25714
23636
23687
25715
23637
23688
25716
23638
23689
25717
23639
23690
25718
23640
23691
25719
23641
23692
25720
23642
23693
25721
23643
23694
25722
23644
23695
25723
23645
23696
25724
23646
23697
25725
23647
23698
25726
23648
23699
25727
23649
23700
25728
23650
23701
25729
23651
23702
25730
23652
23703
25731
23653
23704
25732
23654
23705
25733
23655
23706
25734
23656
23707
25735
23657
23708
25736
23658
23709
25737
23659
23710
25738
23711
25739
23661
23712
25740
23662
23713
25741
23663
23714
25742
23664
23715
25743
23665
23716
25744
23666
23717
25745
23667
23718
25746
23668
23719
25747
23669
23720
25748
23670
23721
25749
23671
23722
25750
23672
23723
25751
23673
23724
25752
23674
23725
25753
23675
23726
25754
23676
23727
25755
23677
23728
25756
23678
23729
25757
23679
23730
25758
23680
23731
25759
23681
23732
25760
23682
23733
25761
23683
23734
25762
23684
23735
25763
23685
23736
25764
23686
23737
25765
23687
23738
25766
23688
23739
25767
23689
23740
25768
23690
23741
25769
23691
23742
25770
23692
23743
25771
23693
23744
25772
23694
23745
25773
23695
23746
25774
23696
23747
25775
23697
23748
25776
23698
23749
25777
23699
23750
25778
23700
23751
25779
23701
23752
25780
23702
23753
25781
23703
23754
25782
23704
23755
25783
23705
23756
25784
23706
23757
25785
23707
23758
25786
23708
23759
25787
23709
23760
25788
23710
23761
25789
23711
23762
25790
23763
25791
23713
23764
25792
23714
23765
25793
23715
23766
25794
23716
23767
25795
23717
23768
25796
23718
23769
25797
23719
23770
25798
23720
23771
25799
23721
23772
25800
23722
23773
25801
23723
23774
25802
23724
23775
25803
23725
23776
25804
23726
23777
25805
23727
23778
25806
23728
23779
25807
23729
23780
25808
23730
23781
25809
23731
23782
25810
23732
23783
25811
23733
23784
25812
23734
23785
25813
23735
23786
25814
23736
23787
25815
23737
23788
25816
23738
23789
25817
23739
23790
25818
23740
23791
25819
23741
23792
25820
23742
23793
25821
23743
23794
25822
23744
23795
25823
23745
23796
25824
23746
23797
25825
23747
23798
25826
23748
23799
25827
23749
23800
25828
23750
23801
25829
23751
23802
25830
23752
23803
25831
23753
23804
25832
23754
23805
25833
23755
23806
25834
23756
23807
25835
23757
23808
25836
23758
23809
25837
23759
23810
25838
23760
23811
25839
23761
23812
25840
23762
23813
25841
23763
23814
25842
23815
25843
23765
23816
25844
23766
23817
25845
23767
23818
25846
23768
23819
25847
23769
23820
25848
23770
23821
25849
23771
23822
25850
23772
23823
25851
23773
23824
25852
23774
23825
25853
23775
23826
25854
23776
23827
25855
23777
23828
25856
23778
23829
25857
23779
23830
25858
23780
23831
25859
23781
23832
25860
23782
23833
25861
23783
23834
25862
23784
23835
25863
23785
23836
25864
23786
23837
25865
23787
23838
25866
23788
23839
25867
23789
23840
25868
23790
23841
25869
23791
23842
25870
23792
23843
25871
23793
23844
25872
23794
23845
25873
23795
23846
25874
23796
23847
25875
23797
23848
25876
23798
23849
25877
23799
23850
25878
23800
23851
25879
23801
23852
25880
23802
23853
25881
23803
23854
25882
23804
23855
25883
23805
23856
25884
23806
23857
25885
23807
23858
25886
23808
23859
25887
23809
23860
25888
23810
23861
25889
23811
23862
25890
23812
23863
25891
23813
23864
25892
23814
23865
25893
23815
23866
25894
23867
25895
23817
23868
25896
23818
23869
25897
23819
23870
25898
23820
23871
25899
23821
23872
25900
23822
23873
25901
23823
23874
25902
23824
23875
25903
23825
23876
25904
23826
23877
25905
23827
23878
25906
23828
23879
25907
23829
23880
25908
23830
23881
25909
23831
23882
25910
23832
23883
25911
23833
23884
25912
23834
23885
25913
23835
23886
25914
23836
23887
25915
23837
23888
25916
23838
23889
25917
23839
23890
25918
23840
23891
25919
23841
23892
25920
23842
23893
25921
23843
23894
25922
23844
23895
25923
23845
23896
25924
23846
23897
25925
23847
23898
25926
23848
23899
25927
23849
23900
25928
23850
23901
25929
23851
23902
25930
23852
23903
25931
23853
23904
25932
23854
23905
25933
23855
23906
25934
23856
23907
25935
23857
23908
25936
23858
23909
25937
23859
23910
25938
23860
23911
25939
23861
23912
25940
23862
23913
25941
23863
23914
25942
23864
23915
25943
23865
23916
25944
23866
23917
25945
23867
23918
25946
23919
25947
23869
23920
25948
23870
23921
25949
23871
23922
25950
23872
23923
25951
23873
23924
25952
23874
23925
25953
23875
23926
25954
23876
23927
25955
23877
23928
25956
23878
23929
25957
23879
23930
25958
23880
23931
25959
23881
23932
25960
23882
23933
25961
23883
23934
25962
23884
23935
25963
23885
23936
25964
23886
23937
25965
23887
23938
25966
23888
23939
25967
23889
23940
25968
23890
23941
25969
23891
23942
25970
23892
23943
25971
23893
23944
25972
23894
23945
25973
23895
23946
25974
23896
23947
25975
23897
23948
25976
23898
23949
25977
23899
23950
25978
23900
23951
25979
23901
23952
25980
23902
23953
25981
23903
23954
25982
23904
23955
25983
23905
23956
25984
23906
23957
25985
23907
23958
25986
23908
23959
25987
23909
23960
25988
23910
23961
25989
23911
23962
25990
23912
23963
25991
23913
23964
25992
23914
23965
25993
23915
23966
25994
23916
23967
25995
23917
23968
25996
23918
23969
25997
23919
23970
25998
23971
25999
23921
23972
26000
23922
23973
26001
23923
23974
26002
23924
23975
26003
23925
23976
26004
23926
23977
26005
23927
23978
26006
23928
23979
26007
23929
23980
26008
23930
23981
26009
23931
23982
26010
23932
23983
26011
23933
23984
26012
23934
23985
26013
23935
23986
26014
23936
23987
26015
23937
23988
26016
23938
23989
26017
23939
23990
26018
23940
23991
26019
23941
23992
26020
23942
23993
26021
23943
23994
26022
23944
23995
26023
23945
23996
26024
23946
23997
26025
23947
23998
26026
23948
23999
26027
23949
24000
26028
23950
24001
26029
23951
24002
26030
23952
24003
26031
23953
24004
26032
23954
24005
26033
23955
24006
26034
23956
24007
26035
23957
24008
26036
23958
24009
26037
23959
24010
26038
23960
24011
26039
23961
24012
26040
23962
24013
26041
23963
24014
26042
23964
24015
26043
23965
24016
26044
23966
24017
26045
23967
24018
26046
23968
24019
26047
23969
24020
26048
23970
24021
26049
23971
24022
26050
24023
26051
23973
24024
26052
23974
24025
26053
23975
24026
26054
23976
24027
26055
23977
24028
26056
23978
24029
26057
23979
24030
26058
23980
24031
26059
23981
24032
26060
23982
24033
26061
23983
24034
26062
23984
24035
26063
23985
24036
26064
23986
24037
26065
23987
24038
26066
23988
24039
26067
23989
24040
26068
23990
24041
26069
23991
24042
26070
23992
24043
26071
23993
24044
26072
23994
24045
26073
23995
24046
26074
23996
24047
26075
23997
24048
26076
23998
24049
26077
23999
24050
26078
24000
24051
26079
24001
24052
26080
24002
24053
26081
24003
24054
26082
24004
24055
26083
24005
24056
26084
24006
24057
26085
24007
24058
26086
24008
24059
26087
24009
24060
26088
24010
24061
26089
24011
24062
26090
24012
24063
26091
24013
24064
26092
24014
24065
26093
24015
24066
26094
24016
24067
26095
24017
24068
26096
24018
24069
26097
24019
24070
26098
24020
24071
26099
24021
24072
26100
24022
24073
26101
24023
24074
26102
24075
26103
24025
24076
26104
24026
24077
26105
24027
24078
26106
24028
24079
26107
24029
24080
26108
24030
24081
26109
24031
24082
26110
24032
24083
26111
24033
24084
26112
24034
24085
26113
24035
24086
26114
24036
24087
26115
24037
24088
26116
24038
24089
26117
24039
24090
26118
24040
24091
26119
24041
24092
26120
24042
24093
26121
24043
24094
26122
24044
24095
26123
24045
24096
26124
24046
24097
26125
24047
24098
26126
24048
24099
26127
24049
24100
26128
24050
24101
26129
24051
24102
26130
24052
24103
26131
24053
24104
26132
24054
24105
26133
24055
24106
26134
24056
24107
26135
24057
24108
26136
24058
24109
26137
24059
24110
26138
24060
24111
26139
24061
24112
26140
24062
24113
26141
24063
24114
26142
24064
24115
26143
24065
24116
26144
24066
24117
26145
24067
24118
26146
24068
24119
26147
24069
24120
26148
24070
24121
26149
24071
24122
26150
24072
24123
26151
24073
24124
26152
24074
24125
26153
24075
24126
26154
24127
26155
24077
24128
26156
24078
24129
26157
24079
24130
26158
24080
24131
26159
24081
24132
26160
24082
24133
26161
24083
24134
26162
24084
24135
26163
24085
24136
26164
24086
24137
26165
24087
24138
26166
24088
24139
26167
24089
24140
26168
24090
24141
26169
24091
24142
26170
24092
24143
26171
24093
24144
26172
24094
24145
26173
24095
24146
26174
24096
24147
26175
24097
24148
26176
24098
24149
26177
24099
24150
26178
24100
24151
26179
24101
24152
26180
24102
24153
26181
24103
24154
26182
24104
24155
26183
24105
24156
26184
24106
24157
26185
24107
24158
26186
24108
24159
26187
24109
24160
26188
24110
24161
26189
24111
24162
26190
24112
24163
26191
24113
24164
26192
24114
24165
26193
24115
24166
26194
24116
24167
26195
24117
24168
26196
24118
24169
26197
24119
24170
26198
24120
24171
26199
24121
24172
26200
24122
24173
26201
24123
24174
26202
24124
24175
26203
24125
24176
26204
24126
24177
26205
24127
24178
26206
24179
26207
24129
24180
26208
24130
24181
26209
24131
24182
26210
24132
24183
26211
24133
24184
26212
24134
24185
26213
24135
24186
26214
24136
24187
26215
24137
24188
26216
24138
24189
26217
24139
24190
26218
24140
24191
26219
24141
24192
26220
24142
24193
26221
24143
24194
26222
24144
24195
26223
24145
24196
26224
24146
24197
26225
24147
24198
26226
24148
24199
26227
24149
24200
26228
24150
24201
26229
24151
24202
26230
24152
24203
26231
24153
24204
26232
24154
24205
26233
24155
24206
26234
24156
24207
26235
24157
24208
26236
24158
24209
26237
24159
24210
26238
24160
24211
26239
24161
24212
26240
24162
24213
26241
24163
24214
26242
24164
24215
26243
24165
24216
26244
24166
24217
26245
24167
24218
26246
24168
24219
26247
24169
24220
26248
24170
24221
26249
24171
24222
26250
24172
24223
26251
24173
24224
26252
24174
24225
26253
24175
24226
26254
24176
24227
26255
24177
24228
26256
24178
24229
26257
24179
24230
26258
24231
26259
24181
24232
26260
24182
24233
26261
24183
24234
26262
24184
24235
26263
24185
24236
26264
24186
24237
26265
24187
24238
26266
24188
24239
26267
24189
24240
26268
24190
24241
26269
24191
24242
26270
24192
24243
26271
24193
24244
26272
24194
24245
26273
24195
24246
26274
24196
24247
26275
24197
24248
26276
24198
24249
26277
24199
24250
26278
24200
24251
26279
24201
24252
26280
24202
24253
26281
24203
24254
26282
24204
24255
26283
24205
24256
26284
24206
24257
26285
24207
24258
26286
24208
24259
26287
24209
24260
26288
24210
24261
26289
24211
24262
26290
24212
24263
26291
24213
24264
26292
24214
24265
26293
24215
24266
26294
24216
24267
26295
24217
24268
26296
24218
24269
26297
24219
24270
26298
24220
24271
26299
24221
24272
26300
24222
24273
26301
24223
24274
26302
24224
24275
26303
24225
24276
26304
24226
24277
26305
24227
24278
26306
24228
24279
26307
24229
24280
26308
24230
24281
26309
24231
24282
26310
24283
26311
24233
24284
26312
24234
24285
26313
24235
24286
26314
24236
24287
26315
24237
24288
26316
24238
24289
26317
24239
24290
26318
24240
24291
26319
24241
24292
26320
24242
24293
26321
24243
24294
26322
24244
24295
26323
24245
24296
26324
24246
24297
26325
24247
24298
26326
24248
24299
26327
24249
24300
26328
24250
24301
26329
24251
24302
26330
24252
24303
26331
24253
24304
26332
24254
24305
26333
24255
24306
26334
24256
24307
26335
24257
24308
26336
24258
24309
26337
24259
24310
26338
24260
24311
26339
24261
24312
26340
24262
24313
26341
24263
24314
26342
24264
24315
26343
24265
24316
26344
24266
24317
26345
24267
24318
26346
24268
24319
26347
24269
24320
26348
24270
24321
26349
24271
24322
26350
24272
24323
26351
24273
24324
26352
24274
24325
26353
24275
24326
26354
24276
24327
26355
24277
24328
26356
24278
24329
26357
24279
24330
26358
24280
24331
26359
24281
24332
26360
24282
24333
26361
24283
24334
26362
24335
26363
24285
24336
26364
24286
24337
26365
24287
24338
26366
24288
24339
26367
24289
24340
26368
24290
24341
26369
24291
24342
26370
24292
24343
26371
24293
24344
26372
24294
24345
26373
24295
24346
26374
24296
24347
26375
24297
24348
26376
24298
24349
26377
24299
24350
26378
24300
24351
26379
24301
24352
26380
24302
24353
26381
24303
24354
26382
24304
24355
26383
24305
24356
26384
24306
24357
26385
24307
24358
26386
24308
24359
26387
24309
24360
26388
24310
24361
26389
24311
24362
26390
24312
24363
26391
24313
24364
26392
24314
24365
26393
24315
24366
26394
24316
24367
26395
24317
24368
26396
24318
24369
26397
24319
24370
26398
24320
24371
26399
24321
24372
26400
24322
24373
26401
24323
24374
26402
24324
24375
26403
24325
24376
26404
24326
24377
26405
24327
24378
26406
24328
24379
26407
24329
24380
26408
24330
24381
26409
24331
24382
26410
24332
24383
26411
24333
24384
26412
24334
24385
26413
24335
24386
26414
24387
26415
24337
24388
26416
24338
24389
26417
24339
24390
26418
24340
24391
26419
24341
24392
26420
24342
24393
26421
24343
24394
26422
24344
24395
26423
24345
24396
26424
24346
24397
26425
24347
24398
26426
24348
24399
26427
24349
24400
26428
24350
24401
26429
24351
24402
26430
24352
24403
26431
24353
24404
26432
24354
24405
26433
24355
24406
26434
24356
24407
26435
24357
24408
26436
24358
24409
26437
24359
24410
26438
24360
24411
26439
24361
24412
26440
24362
24413
26441
24363
24414
26442
24364
24415
26443
24365
24416
26444
24366
24417
26445
24367
24418
26446
24368
24419
26447
24369
24420
26448
24370
24421
26449
24371
24422
26450
24372
24423
26451
24373
24424
26452
24374
24425
26453
24375
24426
26454
24376
24427
26455
24377
24428
26456
24378
24429
26457
24379
24430
26458
24380
24431
26459
24381
24432
26460
24382
24433
26461
24383
24434
26462
24384
24435
26463
24385
24436
26464
24386
24437
26465
24387
24438
26466
24439
26467
24389
24440
26468
24390
24441
26469
24391
24442
26470
24392
24443
26471
24393
24444
26472
24394
24445
26473
24395
24446
26474
24396
24447
26475
24397
24448
26476
24398
24449
26477
24399
24450
26478
24400
24451
26479
24401
24452
26480
24402
24453
26481
24403
24454
26482
24404
24455
26483
24405
24456
26484
24406
24457
26485
24407
24458
26486
24408
24459
26487
24409
24460
26488
24410
24461
26489
24411
24462
26490
24412
24463
26491
24413
24464
26492
24414
24465
26493
24415
24466
26494
24416
24467
26495
24417
24468
26496
24418
24469
26497
24419
24470
26498
24420
24471
26499
24421
24472
26500
24422
24473
26501
24423
24474
26502
24424
24475
26503
24425
24476
26504
24426
24477
26505
24427
24478
26506
24428
24479
26507
24429
24480
26508
24430
24481
26509
24431
24482
26510
24432
24483
26511
24433
24484
26512
24434
24485
26513
24435
24486
26514
24436
24487
26515
24437
24488
26516
24438
24489
26517
24439
24490
26518
24491
26519
24441
24492
26520
24442
24493
26521
24443
24494
26522
24444
24495
26523
24445
24496
26524
24446
24497
26525
24447
24498
26526
24448
24499
26527
24449
24500
26528
24450
24501
26529
24451
24502
26530
24452
24503
26531
24453
24504
26532
24454
24505
26533
24455
24506
26534
24456
24507
26535
24457
24508
26536
24458
24509
26537
24459
24510
26538
24460
24511
26539
24461
24512
26540
24462
24513
26541
24463
24514
26542
24464
24515
26543
24465
24516
26544
24466
24517
26545
24467
24518
26546
24468
24519
26547
24469
24520
26548
24470
24521
26549
24471
24522
26550
24472
24523
26551
24473
24524
26552
24474
24525
26553
24475
24526
26554
24476
24527
26555
24477
24528
26556
24478
24529
26557
24479
24530
26558
24480
24531
26559
24481
24532
26560
24482
24533
26561
24483
24534
26562
24484
24535
26563
24485
24536
26564
24486
24537
26565
24487
24538
26566
24488
24539
26567
24489
24540
26568
24490
24541
26569
24491
24542
26570
24543
26571
24493
24544
26572
24494
24545
26573
24495
24546
26574
24496
24547
26575
24497
24548
26576
24498
24549
26577
24499
24550
26578
24500
24551
26579
24501
24552
26580
24502
24553
26581
24503
24554
26582
24504
24555
26583
24505
24556
26584
24506
24557
26585
24507
24558
26586
24508
24559
26587
24509
24560
26588
24510
24561
26589
24511
24562
26590
24512
24563
26591
24513
24564
26592
24514
24565
26593
24515
24566
26594
24516
24567
26595
24517
24568
26596
24518
24569
26597
24519
24570
26598
24520
24571
26599
24521
24572
26600
24522
24573
26601
24523
24574
26602
24524
24575
26603
24525
24576
26604
24526
24577
26605
24527
24578
26606
24528
24579
26607
24529
24580
26608
24530
24581
26609
24531
24582
26610
24532
24583
26611
24533
24584
26612
24534
24585
26613
24535
24586
26614
24536
24587
26615
24537
24588
26616
24538
24589
26617
24539
24590
26618
24540
24591
26619
24541
24592
26620
24542
24593
26621
24543
24594
26622
24595
26623
24545
24596
26624
24546
24597
26625
24547
24598
26626
24548
24599
26627
24549
24600
26628
24550
24601
26629
24551
24602
26630
24552
24603
26631
24553
24604
26632
24554
24605
26633
24555
24606
26634
24556
24607
26635
24557
24608
26636
24558
24609
26637
24559
24610
26638
24560
24611
26639
24561
24612
26640
24562
24613
26641
24563
24614
26642
24564
24615
26643
24565
24616
26644
24566
24617
26645
24567
24618
26646
24568
24619
26647
24569
24620
26648
24570
24621
26649
24571
24622
26650
24572
24623
26651
24573
24624
26652
24574
24625
26653
24575
24626
26654
24576
24627
26655
24577
24628
26656
24578
24629
26657
24579
24630
26658
24580
24631
26659
24581
24632
26660
24582
24633
26661
24583
24634
26662
24584
24635
26663
24585
24636
26664
24586
24637
26665
24587
24638
26666
24588
24639
26667
24589
24640
26668
24590
24641
26669
24591
24642
26670
24592
24643
26671
24593
24644
26672
24594
24645
26673
24595
24646
26674
24647
26675
24597
24648
26676
24598
24649
26677
24599
24650
26678
24600
24651
26679
24601
24652
26680
24602
24653
26681
24603
24654
26682
24604
24655
26683
24605
24656
26684
24606
24657
26685
24607
24658
26686
24608
24659
26687
24609
24660
26688
24610
24661
26689
24611
24662
26690
24612
24663
26691
24613
24664
26692
24614
24665
26693
24615
24666
26694
24616
24667
26695
24617
24668
26696
24618
24669
26697
24619
24670
26698
24620
24671
26699
24621
24672
26700
24622
24673
26701
24623
24674
26702
24624
24675
26703
24625
24676
26704
24626
24677
26705
24627
24678
26706
24628
24679
26707
24629
24680
26708
24630
24681
26709
24631
24682
26710
24632
24683
26711
24633
24684
26712
24634
24685
26713
24635
24686
26714
24636
24687
26715
24637
24688
26716
24638
24689
26717
24639
24690
26718
24640
24691
26719
24641
24692
26720
24642
24693
26721
24643
24694
26722
24644
24695
26723
24645
24696
26724
24646
24697
26725
24647
24698
26726
24699
26727
24649
24700
26728
24650
24701
26729
24651
24702
26730
24652
24703
26731
24653
24704
26732
24654
24705
26733
24655
24706
26734
24656
24707
26735
24657
24708
26736
24658
24709
26737
24659
24710
26738
24660
24711
26739
24661
24712
26740
24662
24713
26741
24663
24714
26742
24664
24715
26743
24665
24716
26744
24666
24717
26745
24667
24718
26746
24668
24719
26747
24669
24720
26748
24670
24721
26749
24671
24722
26750
24672
24723
26751
24673
24724
26752
24674
24725
26753
24675
24726
26754
24676
24727
26755
24677
24728
26756
24678
24729
26757
24679
24730
26758
24680
24731
26759
24681
24732
26760
24682
24733
26761
24683
24734
26762
24684
24735
26763
24685
24736
26764
24686
24737
26765
24687
24738
26766
24688
24739
26767
24689
24740
26768
24690
24741
26769
24691
24742
26770
24692
24743
26771
24693
24744
26772
24694
24745
26773
24695
24746
26774
24696
24747
26775
24697
24748
26776
24698
24749
26777
24699
24750
26778
24751
26779
24701
24752
26780
24702
24753
26781
24703
24754
26782
24704
24755
26783
24705
24756
26784
24706
24757
26785
24707
24758
26786
24708
24759
26787
24709
24760
26788
24710
24761
26789
24711
24762
26790
24712
24763
26791
24713
24764
26792
24714
24765
26793
24715
24766
26794
24716
24767
26795
24717
24768
26796
24718
24769
26797
24719
24770
26798
24720
24771
26799
24721
24772
26800
24722
24773
26801
24723
24774
26802
24724
24775
26803
24725
24776
26804
24726
24777
26805
24727
24778
26806
24728
24779
26807
24729
24780
26808
24730
24781
26809
24731
24782
26810
24732
24783
26811
24733
24784
26812
24734
24785
26813
24735
24786
26814
24736
24787
26815
24737
24788
26816
24738
24789
26817
24739
24790
26818
24740
24791
26819
24741
24792
26820
24742
24793
26821
24743
24794
26822
24744
24795
26823
24745
24796
26824
24746
24797
26825
24747
24798
26826
24748
24799
26827
24749
24800
26828
24750
24801
26829
24751
24802
26830
24803
26831
24753
24804
26832
24754
24805
26833
24755
24806
26834
24756
24807
26835
24757
24808
26836
24758
24809
26837
24759
24810
26838
24760
24811
26839
24761
24812
26840
24762
24813
26841
24763
24814
26842
24764
24815
26843
24765
24816
26844
24766
24817
26845
24767
24818
26846
24768
24819
26847
24769
24820
26848
24770
24821
26849
24771
24822
26850
24772
24823
26851
24773
24824
26852
24774
24825
26853
24775
24826
26854
24776
24827
26855
24777
24828
26856
24778
24829
26857
24779
24830
26858
24780
24831
26859
24781
24832
26860
24782
24833
26861
24783
24834
26862
24784
24835
26863
24785
24836
26864
24786
24837
26865
24787
24838
26866
24788
24839
26867
24789
24840
26868
24790
24841
26869
24791
24842
26870
24792
24843
26871
24793
24844
26872
24794
24845
26873
24795
24846
26874
24796
24847
26875
24797
24848
26876
24798
24849
26877
24799
24850
26878
24800
24851
26879
24801
24852
26880
24802
24853
26881
24803
24854
26882
24855
26883
24805
24856
26884
24806
24857
26885
24807
24858
26886
24808
24859
26887
24809
24860
26888
24810
24861
26889
24811
24862
26890
24812
24863
26891
24813
24864
26892
24814
24865
26893
24815
24866
26894
24816
24867
26895
24817
24868
26896
24818
24869
26897
24819
24870
26898
24820
24871
26899
24821
24872
26900
24822
24873
26901
24823
24874
26902
24824
24875
26903
24825
24876
26904
24826
24877
26905
24827
24878
26906
24828
24879
26907
24829
24880
26908
24830
24881
26909
24831
24882
26910
24832
24883
26911
24833
24884
26912
24834
24885
26913
24835
24886
26914
24836
24887
26915
24837
24888
26916
24838
24889
26917
24839
24890
26918
24840
24891
26919
24841
24892
26920
24842
24893
26921
24843
24894
26922
24844
24895
26923
24845
24896
26924
24846
24897
26925
24847
24898
26926
24848
24899
26927
24849
24900
26928
24850
24901
26929
24851
24902
26930
24852
24903
26931
24853
24904
26932
24854
24905
26933
24855
24906
26934
24907
26935
24857
24908
26936
24858
24909
26937
24859
24910
26938
24860
24911
26939
24861
24912
26940
24862
24913
26941
24863
24914
26942
24864
24915
26943
24865
24916
26944
24866
24917
26945
24867
24918
26946
24868
24919
26947
24869
24920
26948
24870
24921
26949
24871
24922
26950
24872
24923
26951
24873
24924
26952
24874
24925
26953
24875
24926
26954
24876
24927
26955
24877
24928
26956
24878
24929
26957
24879
24930
26958
24880
24931
26959
24881
24932
26960
24882
24933
26961
24883
24934
26962
24884
24935
26963
24885
24936
26964
24886
24937
26965
24887
24938
26966
24888
24939
26967
24889
24940
26968
24890
24941
26969
24891
24942
26970
24892
24943
26971
24893
24944
26972
24894
24945
26973
24895
24946
26974
24896
24947
26975
24897
24948
26976
24898
24949
26977
24899
24950
26978
24900
24951
26979
24901
24952
26980
24902
24953
26981
24903
24954
26982
24904
24955
26983
24905
24956
26984
24906
24957
26985
24907
24958
26986
24959
26987
24909
26988
24910
26989
24911
26990
24912
26991
24913
26992
24914
26993
24915
26994
24916
26995
24917
26996
24918
26997
24919
26998
24920
26999
24921
27000
24922
27001
24923
27002
24924
27003
24925
27004
24926
27005
24927
27006
24928
27007
24929
27008
24930
27009
24931
27010
24932
27011
24933
27012
24934
27013
24935
27014
24936
27015
24937
27016
24938
27017
24939
27018
24940
27019
24941
27020
24942
27021
24943
27022
24944
27023
24945
27024
24946
27025
24947
27026
24948
27027
24949
27028
24950
27029
24951
27030
24952
27031
24953
27032
24954
27033
24955
27034
24956
27035
24957
27036
24958
27037
24959
27038
27039
24961
25012
27040
24962
25013
27041
24963
25014
27042
24964
25015
27043
24965
25016
27044
24966
25017
27045
24967
25018
27046
24968
25019
27047
24969
25020
27048
24970
25021
27049
24971
25022
27050
24972
25023
27051
24973
25024
27052
24974
25025
27053
24975
25026
27054
24976
25027
27055
24977
25028
27056
24978
25029
27057
24979
25030
27058
24980
25031
27059
24981
25032
27060
24982
25033
27061
24983
25034
27062
24984
25035
27063
24985
25036
27064
24986
25037
27065
24987
25038
27066
24988
25039
27067
24989
25040
27068
24990
25041
27069
24991
25042
27070
24992
25043
27071
24993
25044
27072
24994
25045
27073
24995
25046
27074
24996
25047
27075
24997
25048
27076
24998
25049
27077
24999
25050
27078
25000
25051
27079
25001
25052
27080
25002
25053
27081
25003
25054
27082
25004
25055
27083
25005
25056
27084
25006
25057
27085
25007
25058
27086
25008
25059
27087
25009
25060
27088
25010
25061
27089
25011
25062
27090
25063
27091
25013
25064
27092
25014
25065
27093
25015
25066
27094
25016
25067
27095
25017
25068
27096
25018
25069
27097
25019
25070
27098
25020
25071
27099
25021
25072
27100
25022
25073
27101
25023
25074
27102
25024
25075
27103
25025
25076
27104
25026
25077
27105
25027
25078
27106
25028
25079
27107
25029
25080
27108
25030
25081
27109
25031
25082
27110
25032
25083
27111
25033
25084
27112
25034
25085
27113
25035
25086
27114
25036
25087
27115
25037
25088
27116
25038
25089
27117
25039
25090
27118
25040
25091
27119
25041
25092
27120
25042
25093
27121
25043
25094
27122
25044
25095
27123
25045
25096
27124
25046
25097
27125
25047
25098
27126
25048
25099
27127
25049
25100
27128
25050
25101
27129
25051
25102
27130
25052
25103
27131
25053
25104
27132
25054
25105
27133
25055
25106
27134
25056
25107
27135
25057
25108
27136
25058
25109
27137
25059
25110
27138
25060
25111
27139
25061
25112
27140
25062
25113
27141
25063
25114
27142
25115
27143
25065
25116
27144
25066
25117
27145
25067
25118
27146
25068
25119
27147
25069
25120
27148
25070
25121
27149
25071
25122
27150
25072
25123
27151
25073
25124
27152
25074
25125
27153
25075
25126
27154
25076
25127
27155
25077
25128
27156
25078
25129
27157
25079
25130
27158
25080
25131
27159
25081
25132
27160
25082
25133
27161
25083
25134
27162
25084
25135
27163
25085
25136
27164
25086
25137
27165
25087
25138
27166
25088
25139
27167
25089
25140
27168
25090
25141
27169
25091
25142
27170
25092
25143
27171
25093
25144
27172
25094
25145
27173
25095
25146
27174
25096
25147
27175
25097
25148
27176
25098
25149
27177
25099
25150
27178
25100
25151
27179
25101
25152
27180
25102
25153
27181
25103
25154
27182
25104
25155
27183
25105
25156
27184
25106
25157
27185
25107
25158
27186
25108
25159
27187
25109
25160
27188
25110
25161
27189
25111
25162
27190
25112
25163
27191
25113
25164
27192
25114
25165
27193
25115
25166
27194
25167
27195
25117
25168
27196
25118
25169
27197
25119
25170
27198
25120
25171
27199
25121
25172
27200
25122
25173
27201
25123
25174
27202
25124
25175
27203
25125
25176
27204
25126
25177
27205
25127
25178
27206
25128
25179
27207
25129
25180
27208
25130
25181
27209
25131
25182
27210
25132
25183
27211
25133
25184
27212
25134
25185
27213
25135
25186
27214
25136
25187
27215
25137
25188
27216
25138
25189
27217
25139
25190
27218
25140
25191
27219
25141
25192
27220
25142
25193
27221
25143
25194
27222
25144
25195
27223
25145
25196
27224
25146
25197
27225
25147
25198
27226
25148
25199
27227
25149
25200
27228
25150
25201
27229
25151
25202
27230
25152
25203
27231
25153
25204
27232
25154
25205
27233
25155
25206
27234
25156
25207
27235
25157
25208
27236
25158
25209
27237
25159
25210
27238
25160
25211
27239
25161
25212
27240
25162
25213
27241
25163
25214
27242
25164
25215
27243
25165
25216
27244
25166
25217
27245
25167
25218
27246
25219
27247
25169
25220
27248
25170
25221
27249
25171
25222
27250
25172
25223
27251
25173
25224
27252
25174
25225
27253
25175
25226
27254
25176
25227
27255
25177
25228
27256
25178
25229
27257
25179
25230
27258
25180
25231
27259
25181
25232
27260
25182
25233
27261
25183
25234
27262
25184
25235
27263
25185
25236
27264
25186
25237
27265
25187
25238
27266
25188
25239
27267
25189
25240
27268
25190
25241
27269
25191
25242
27270
25192
25243
27271
25193
25244
27272
25194
25245
27273
25195
25246
27274
25196
25247
27275
25197
25248
27276
25198
25249
27277
25199
25250
27278
25200
25251
27279
25201
25252
27280
25202
25253
27281
25203
25254
27282
25204
25255
27283
25205
25256
27284
25206
25257
27285
25207
25258
27286
25208
25259
27287
25209
25260
27288
25210
25261
27289
25211
25262
27290
25212
25263
27291
25213
25264
27292
25214
25265
27293
25215
25266
27294
25216
25267
27295
25217
25268
27296
25218
25269
27297
25219
25270
27298
25271
27299
25221
25272
27300
25222
25273
27301
25223
25274
27302
25224
25275
27303
25225
25276
27304
25226
25277
27305
25227
25278
27306
25228
25279
27307
25229
25280
27308
25230
25281
27309
25231
25282
27310
25232
25283
27311
25233
25284
27312
25234
25285
27313
25235
25286
27314
25236
25287
27315
25237
25288
27316
25238
25289
27317
25239
25290
27318
25240
25291
27319
25241
25292
27320
25242
25293
27321
25243
25294
27322
25244
25295
27323
25245
25296
27324
25246
25297
27325
25247
25298
27326
25248
25299
27327
25249
25300
27328
25250
25301
27329
25251
25302
27330
25252
25303
27331
25253
25304
27332
25254
25305
27333
25255
25306
27334
25256
25307
27335
25257
25308
27336
25258
25309
27337
25259
25310
27338
25260
25311
27339
25261
25312
27340
25262
25313
27341
25263
25314
27342
25264
25315
27343
25265
25316
27344
25266
25317
27345
25267
25318
27346
25268
25319
27347
25269
25320
27348
25270
25321
27349
25271
25322
27350
25323
27351
25273
25324
27352
25274
25325
27353
25275
25326
27354
25276
25327
27355
25277
25328
27356
25278
25329
27357
25279
25330
27358
25280
25331
27359
25281
25332
27360
25282
25333
27361
25283
25334
27362
25284
25335
27363
25285
25336
27364
25286
25337
27365
25287
25338
27366
25288
25339
27367
25289
25340
27368
25290
25341
27369
25291
25342
27370
25292
25343
27371
25293
25344
27372
25294
25345
27373
25295
25346
27374
25296
25347
27375
25297
25348
27376
25298
25349
27377
25299
25350
27378
25300
25351
27379
25301
25352
27380
25302
25353
27381
25303
25354
27382
25304
25355
27383
25305
25356
27384
25306
25357
27385
25307
25358
27386
25308
25359
27387
25309
25360
27388
25310
25361
27389
25311
25362
27390
25312
25363
27391
25313
25364
27392
25314
25365
27393
25315
25366
27394
25316
25367
27395
25317
25368
27396
25318
25369
27397
25319
25370
27398
25320
25371
27399
25321
25372
27400
25322
25373
27401
25323
25374
27402
25375
27403
25325
25376
27404
25326
25377
27405
25327
25378
27406
25328
25379
27407
25329
25380
27408
25330
25381
27409
25331
25382
27410
25332
25383
27411
25333
25384
27412
25334
25385
27413
25335
25386
27414
25336
25387
27415
25337
25388
27416
25338
25389
27417
25339
25390
27418
25340
25391
27419
25341
25392
27420
25342
25393
27421
25343
25394
27422
25344
25395
27423
25345
25396
27424
25346
25397
27425
25347
25398
27426
25348
25399
27427
25349
25400
27428
25350
25401
27429
25351
25402
27430
25352
25403
27431
25353
25404
27432
25354
25405
27433
25355
25406
27434
25356
25407
27435
25357
25408
27436
25358
25409
27437
25359
25410
27438
25360
25411
27439
25361
25412
27440
25362
25413
27441
25363
25414
27442
25364
25415
27443
25365
25416
27444
25366
25417
27445
25367
25418
27446
25368
25419
27447
25369
25420
27448
25370
25421
27449
25371
25422
27450
25372
25423
27451
25373
25424
27452
25374
25425
27453
25375
25426
27454
25427
27455
25377
25428
27456
25378
25429
27457
25379
25430
27458
25380
25431
27459
25381
25432
27460
25382
25433
27461
25383
25434
27462
25384
25435
27463
25385
25436
27464
25386
25437
27465
25387
25438
27466
25388
25439
27467
25389
25440
27468
25390
25441
27469
25391
25442
27470
25392
25443
27471
25393
25444
27472
25394
25445
27473
25395
25446
27474
25396
25447
27475
25397
25448
27476
25398
25449
27477
25399
25450
27478
25400
25451
27479
25401
25452
27480
25402
25453
27481
25403
25454
27482
25404
25455
27483
25405
25456
27484
25406
25457
27485
25407
25458
27486
25408
25459
27487
25409
25460
27488
25410
25461
27489
25411
25462
27490
25412
25463
27491
25413
25464
27492
25414
25465
27493
25415
25466
27494
25416
25467
27495
25417
25468
27496
25418
25469
27497
25419
25470
27498
25420
25471
27499
25421
25472
27500
25422
25473
27501
25423
25474
27502
25424
25475
27503
25425
25476
27504
25426
25477
27505
25427
25478
27506
25479
27507
25429
25480
27508
25430
25481
27509
25431
25482
27510
25432
25483
27511
25433
25484
27512
25434
25485
27513
25435
25486
27514
25436
25487
27515
25437
25488
27516
25438
25489
27517
25439
25490
27518
25440
25491
27519
25441
25492
27520
25442
25493
27521
25443
25494
27522
25444
25495
27523
25445
25496
27524
25446
25497
27525
25447
25498
27526
25448
25499
27527
25449
25500
27528
25450
25501
27529
25451
25502
27530
25452
25503
27531
25453
25504
27532
25454
25505
27533
25455
25506
27534
25456
25507
27535
25457
25508
27536
25458
25509
27537
25459
25510
27538
25460
25511
27539
25461
25512
27540
25462
25513
27541
25463
25514
27542
25464
25515
27543
25465
25516
27544
25466
25517
27545
25467
25518
27546
25468
25519
27547
25469
25520
27548
25470
25521
27549
25471
25522
27550
25472
25523
27551
25473
25524
27552
25474
25525
27553
25475
25526
27554
25476
25527
27555
25477
25528
27556
25478
25529
27557
25479
25530
27558
25531
27559
25481
25532
27560
25482
25533
27561
25483
25534
27562
25484
25535
27563
25485
25536
27564
25486
25537
27565
25487
25538
27566
25488
25539
27567
25489
25540
27568
25490
25541
27569
25491
25542
27570
25492
25543
27571
25493
25544
27572
25494
25545
27573
25495
25546
27574
25496
25547
27575
25497
25548
27576
25498
25549
27577
25499
25550
27578
25500
25551
27579
25501
25552
27580
25502
25553
27581
25503
25554
27582
25504
25555
27583
25505
25556
27584
25506
25557
27585
25507
25558
27586
25508
25559
27587
25509
25560
27588
25510
25561
27589
25511
25562
27590
25512
25563
27591
25513
25564
27592
25514
25565
27593
25515
25566
27594
25516
25567
27595
25517
25568
27596
25518
25569
27597
25519
25570
27598
25520
25571
27599
25521
25572
27600
25522
25573
27601
25523
25574
27602
25524
25575
27603
25525
25576
27604
25526
25577
27605
25527
25578
27606
25528
25579
27607
25529
25580
27608
25530
25581
27609
25531
25582
27610
25583
27611
25533
25584
27612
25534
25585
27613
25535
25586
27614
25536
25587
27615
25537
25588
27616
25538
25589
27617
25539
25590
27618
25540
25591
27619
25541
25592
27620
25542
25593
27621
25543
25594
27622
25544
25595
27623
25545
25596
27624
25546
25597
27625
25547
25598
27626
25548
25599
27627
25549
25600
27628
25550
25601
27629
25551
25602
27630
25552
25603
27631
25553
25604
27632
25554
25605
27633
25555
25606
27634
25556
25607
27635
25557
25608
27636
25558
25609
27637
25559
25610
27638
25560
25611
27639
25561
25612
27640
25562
25613
27641
25563
25614
27642
25564
25615
27643
25565
25616
27644
25566
25617
27645
25567
25618
27646
25568
25619
27647
25569
25620
27648
25570
25621
27649
25571
25622
27650
25572
25623
27651
25573
25624
27652
25574
25625
27653
25575
25626
27654
25576
25627
27655
25577
25628
27656
25578
25629
27657
25579
25630
27658
25580
25631
27659
25581
25632
27660
25582
25633
27661
25583
25634
27662
25635
27663
25585
25636
27664
25586
25637
27665
25587
25638
27666
25588
25639
27667
25589
25640
27668
25590
25641
27669
25591
25642
27670
25592
25643
27671
25593
25644
27672
25594
25645
27673
25595
25646
27674
25596
25647
27675
25597
25648
27676
25598
25649
27677
25599
25650
27678
25600
25651
27679
25601
25652
27680
25602
25653
27681
25603
25654
27682
25604
25655
27683
25605
25656
27684
25606
25657
27685
25607
25658
27686
25608
25659
27687
25609
25660
27688
25610
25661
27689
25611
25662
27690
25612
25663
27691
25613
25664
27692
25614
25665
27693
25615
25666
27694
25616
25667
27695
25617
25668
27696
25618
25669
27697
25619
25670
27698
25620
25671
27699
25621
25672
27700
25622
25673
27701
25623
25674
27702
25624
25675
27703
25625
25676
27704
25626
25677
27705
25627
25678
27706
25628
25679
27707
25629
25680
27708
25630
25681
27709
25631
25682
27710
25632
25683
27711
25633
25684
27712
25634
25685
27713
25635
25686
27714
25687
27715
25637
25688
27716
25638
25689
27717
25639
25690
27718
25640
25691
27719
25641
25692
27720
25642
25693
27721
25643
25694
27722
25644
25695
27723
25645
25696
27724
25646
25697
27725
25647
25698
27726
25648
25699
27727
25649
25700
27728
25650
25701
27729
25651
25702
27730
25652
25703
27731
25653
25704
27732
25654
25705
27733
25655
25706
27734
25656
25707
27735
25657
25708
27736
25658
25709
27737
25659
25710
27738
25660
25711
27739
25661
25712
27740
25662
25713
27741
25663
25714
27742
25664
25715
27743
25665
25716
27744
25666
25717
27745
25667
25718
27746
25668
25719
27747
25669
25720
27748
25670
25721
27749
25671
25722
27750
25672
25723
27751
25673
25724
27752
25674
25725
27753
25675
25726
27754
25676
25727
27755
25677
25728
27756
25678
25729
27757
25679
25730
27758
25680
25731
27759
25681
25732
27760
25682
25733
27761
25683
25734
27762
25684
25735
27763
25685
25736
27764
25686
25737
27765
25687
25738
27766
25739
27767
25689
25740
27768
25690
25741
27769
25691
25742
27770
25692
25743
27771
25693
25744
27772
25694
25745
27773
25695
25746
27774
25696
25747
27775
25697
25748
27776
25698
25749
27777
25699
25750
27778
25700
25751
27779
25701
25752
27780
25702
25753
27781
25703
25754
27782
25704
25755
27783
25705
25756
27784
25706
25757
27785
25707
25758
27786
25708
25759
27787
25709
25760
27788
25710
25761
27789
25711
25762
27790
25712
25763
27791
25713
25764
27792
25714
25765
27793
25715
25766
27794
25716
25767
27795
25717
25768
27796
25718
25769
27797
25719
25770
27798
25720
25771
27799
25721
25772
27800
25722
25773
27801
25723
25774
27802
25724
25775
27803
25725
25776
27804
25726
25777
27805
25727
25778
27806
25728
25779
27807
25729
25780
27808
25730
25781
27809
25731
25782
27810
25732
25783
27811
25733
25784
27812
25734
25785
27813
25735
25786
27814
25736
25787
27815
25737
25788
27816
25738
25789
27817
25739
25790
27818
25791
27819
25741
25792
27820
25742
25793
27821
25743
25794
27822
25744
25795
27823
25745
25796
27824
25746
25797
27825
25747
25798
27826
25748
25799
27827
25749
25800
27828
25750
25801
27829
25751
25802
27830
25752
25803
27831
25753
25804
27832
25754
25805
27833
25755
25806
27834
25756
25807
27835
25757
25808
27836
25758
25809
27837
25759
25810
27838
25760
25811
27839
25761
25812
27840
25762
25813
27841
25763
25814
27842
25764
25815
27843
25765
25816
27844
25766
25817
27845
25767
25818
27846
25768
25819
27847
25769
25820
27848
25770
25821
27849
25771
25822
27850
25772
25823
27851
25773
25824
27852
25774
25825
27853
25775
25826
27854
25776
25827
27855
25777
25828
27856
25778
25829
27857
25779
25830
27858
25780
25831
27859
25781
25832
27860
25782
25833
27861
25783
25834
27862
25784
25835
27863
25785
25836
27864
25786
25837
27865
25787
25838
27866
25788
25839
27867
25789
25840
27868
25790
25841
27869
25791
25842
27870
25843
27871
25793
25844
27872
25794
25845
27873
25795
25846
27874
25796
25847
27875
25797
25848
27876
25798
25849
27877
25799
25850
27878
25800
25851
27879
25801
25852
27880
25802
25853
27881
25803
25854
27882
25804
25855
27883
25805
25856
27884
25806
25857
27885
25807
25858
27886
25808
25859
27887
25809
25860
27888
25810
25861
27889
25811
25862
27890
25812
25863
27891
25813
25864
27892
25814
25865
27893
25815
25866
27894
25816
25867
27895
25817
25868
27896
25818
25869
27897
25819
25870
27898
25820
25871
27899
25821
25872
27900
25822
25873
27901
25823
25874
27902
25824
25875
27903
25825
25876
27904
25826
25877
27905
25827
25878
27906
25828
25879
27907
25829
25880
27908
25830
25881
27909
25831
25882
27910
25832
25883
27911
25833
25884
27912
25834
25885
27913
25835
25886
27914
25836
25887
27915
25837
25888
27916
25838
25889
27917
25839
25890
27918
25840
25891
27919
25841
25892
27920
25842
25893
27921
25843
25894
27922
25895
27923
25845
25896
27924
25846
25897
27925
25847
25898
27926
25848
25899
27927
25849
25900
27928
25850
25901
27929
25851
25902
27930
25852
25903
27931
25853
25904
27932
25854
25905
27933
25855
25906
27934
25856
25907
27935
25857
25908
27936
25858
25909
27937
25859
25910
27938
25860
25911
27939
25861
25912
27940
25862
25913
27941
25863
25914
27942
25864
25915
27943
25865
25916
27944
25866
25917
27945
25867
25918
27946
25868
25919
27947
25869
25920
27948
25870
25921
27949
25871
25922
27950
25872
25923
27951
25873
25924
27952
25874
25925
27953
25875
25926
27954
25876
25927
27955
25877
25928
27956
25878
25929
27957
25879
25930
27958
25880
25931
27959
25881
25932
27960
25882
25933
27961
25883
25934
27962
25884
25935
27963
25885
25936
27964
25886
25937
27965
25887
25938
27966
25888
25939
27967
25889
25940
27968
25890
25941
27969
25891
25942
27970
25892
25943
27971
25893
25944
27972
25894
25945
27973
25895
25946
27974
25947
27975
25897
25948
27976
25898
25949
27977
25899
25950
27978
25900
25951
27979
25901
25952
27980
25902
25953
27981
25903
25954
27982
25904
25955
27983
25905
25956
27984
25906
25957
27985
25907
25958
27986
25908
25959
27987
25909
25960
27988
25910
25961
27989
25911
25962
27990
25912
25963
27991
25913
25964
27992
25914
25965
27993
25915
25966
27994
25916
25967
27995
25917
25968
27996
25918
25969
27997
25919
25970
27998
25920
25971
27999
25921
25972
28000
25922
25973
28001
25923
25974
28002
25924
25975
28003
25925
25976
28004
25926
25977
28005
25927
25978
28006
25928
25979
28007
25929
25980
28008
25930
25981
28009
25931
25982
28010
25932
25983
28011
25933
25984
28012
25934
25985
28013
25935
25986
28014
25936
25987
28015
25937
25988
28016
25938
25989
28017
25939
25990
28018
25940
25991
28019
25941
25992
28020
25942
25993
28021
25943
25994
28022
25944
25995
28023
25945
25996
28024
25946
25997
28025
25947
25998
28026
25999
28027
25949
26000
28028
25950
26001
28029
25951
26002
28030
25952
26003
28031
25953
26004
28032
25954
26005
28033
25955
26006
28034
25956
26007
28035
25957
26008
28036
25958
26009
28037
25959
26010
28038
25960
26011
28039
25961
26012
28040
25962
26013
28041
25963
26014
28042
25964
26015
28043
25965
26016
28044
25966
26017
28045
25967
26018
28046
25968
26019
28047
25969
26020
28048
25970
26021
28049
25971
26022
28050
25972
26023
28051
25973
26024
28052
25974
26025
28053
25975
26026
28054
25976
26027
28055
25977
26028
28056
25978
26029
28057
25979
26030
28058
25980
26031
28059
25981
26032
28060
25982
26033
28061
25983
26034
28062
25984
26035
28063
25985
26036
28064
25986
26037
28065
25987
26038
28066
25988
26039
28067
25989
26040
28068
25990
26041
28069
25991
26042
28070
25992
26043
28071
25993
26044
28072
25994
26045
28073
25995
26046
28074
25996
26047
28075
25997
26048
28076
25998
26049
28077
25999
26050
28078
26051
28079
26001
26052
28080
26002
26053
28081
26003
26054
28082
26004
26055
28083
26005
26056
28084
26006
26057
28085
26007
26058
28086
26008
26059
28087
26009
26060
28088
26010
26061
28089
26011
26062
28090
26012
26063
28091
26013
26064
28092
26014
26065
28093
26015
26066
28094
26016
26067
28095
26017
26068
28096
26018
26069
28097
26019
26070
28098
26020
26071
28099
26021
26072
28100
26022
26073
28101
26023
26074
28102
26024
26075
28103
26025
26076
28104
26026
26077
28105
26027
26078
28106
26028
26079
28107
26029
26080
28108
26030
26081
28109
26031
26082
28110
26032
26083
28111
26033
26084
28112
26034
26085
28113
26035
26086
28114
26036
26087
28115
26037
26088
28116
26038
26089
28117
26039
26090
28118
26040
26091
28119
26041
26092
28120
26042
26093
28121
26043
26094
28122
26044
26095
28123
26045
26096
28124
26046
26097
28125
26047
26098
28126
26048
26099
28127
26049
26100
28128
26050
26101
28129
26051
26102
28130
26103
28131
26053
26104
28132
26054
26105
28133
26055
26106
28134
26056
26107
28135
26057
26108
28136
26058
26109
28137
26059
26110
28138
26060
26111
28139
26061
26112
28140
26062
26113
28141
26063
26114
28142
26064
26115
28143
26065
26116
28144
26066
26117
28145
26067
26118
28146
26068
26119
28147
26069
26120
28148
26070
26121
28149
26071
26122
28150
26072
26123
28151
26073
26124
28152
26074
26125
28153
26075
26126
28154
26076
26127
28155
26077
26128
28156
26078
26129
28157
26079
26130
28158
26080
26131
28159
26081
26132
28160
26082
26133
28161
26083
26134
28162
26084
26135
28163
26085
26136
28164
26086
26137
28165
26087
26138
28166
26088
26139
28167
26089
26140
28168
26090
26141
28169
26091
26142
28170
26092
26143
28171
26093
26144
28172
26094
26145
28173
26095
26146
28174
26096
26147
28175
26097
26148
28176
26098
26149
28177
26099
26150
28178
26100
26151
28179
26101
26152
28180
26102
26153
28181
26103
26154
28182
26155
28183
26105
26156
28184
26106
26157
28185
26107
26158
28186
26108
26159
28187
26109
26160
28188
26110
26161
28189
26111
26162
28190
26112
26163
28191
26113
26164
28192
26114
26165
28193
26115
26166
28194
26116
26167
28195
26117
26168
28196
26118
26169
28197
26119
26170
28198
26120
26171
28199
26121
26172
28200
26122
26173
28201
26123
26174
28202
26124
26175
28203
26125
26176
28204
26126
26177
28205
26127
26178
28206
26128
26179
28207
26129
26180
28208
26130
26181
28209
26131
26182
28210
26132
26183
28211
26133
26184
28212
26134
26185
28213
26135
26186
28214
26136
26187
28215
26137
26188
28216
26138
26189
28217
26139
26190
28218
26140
26191
28219
26141
26192
28220
26142
26193
28221
26143
26194
28222
26144
26195
28223
26145
26196
28224
26146
26197
28225
26147
26198
28226
26148
26199
28227
26149
26200
28228
26150
26201
28229
26151
26202
28230
26152
26203
28231
26153
26204
28232
26154
26205
28233
26155
26206
28234
26207
28235
26157
26208
28236
26158
26209
28237
26159
26210
28238
26160
26211
28239
26161
26212
28240
26162
26213
28241
26163
26214
28242
26164
26215
28243
26165
26216
28244
26166
26217
28245
26167
26218
28246
26168
26219
28247
26169
26220
28248
26170
26221
28249
26171
26222
28250
26172
26223
28251
26173
26224
28252
26174
26225
28253
26175
26226
28254
26176
26227
28255
26177
26228
28256
26178
26229
28257
26179
26230
28258
26180
26231
28259
26181
26232
28260
26182
26233
28261
26183
26234
28262
26184
26235
28263
26185
26236
28264
26186
26237
28265
26187
26238
28266
26188
26239
28267
26189
26240
28268
26190
26241
28269
26191
26242
28270
26192
26243
28271
26193
26244
28272
26194
26245
28273
26195
26246
28274
26196
26247
28275
26197
26248
28276
26198
26249
28277
26199
26250
28278
26200
26251
28279
26201
26252
28280
26202
26253
28281
26203
26254
28282
26204
26255
28283
26205
26256
28284
26206
26257
28285
26207
26258
28286
26259
28287
26209
26260
28288
26210
26261
28289
26211
26262
28290
26212
26263
28291
26213
26264
28292
26214
26265
28293
26215
26266
28294
26216
26267
28295
26217
26268
28296
26218
26269
28297
26219
26270
28298
26220
26271
28299
26221
26272
28300
26222
26273
28301
26223
26274
28302
26224
26275
28303
26225
26276
28304
26226
26277
28305
26227
26278
28306
26228
26279
28307
26229
26280
28308
26230
26281
28309
26231
26282
28310
26232
26283
28311
26233
26284
28312
26234
26285
28313
26235
26286
28314
26236
26287
28315
26237
26288
28316
26238
26289
28317
26239
26290
28318
26240
26291
28319
26241
26292
28320
26242
26293
28321
26243
26294
28322
26244
26295
28323
26245
26296
28324
26246
26297
28325
26247
26298
28326
26248
26299
28327
26249
26300
28328
26250
26301
28329
26251
26302
28330
26252
26303
28331
26253
26304
28332
26254
26305
28333
26255
26306
28334
26256
26307
28335
26257
26308
28336
26258
26309
28337
26259
26310
28338
26311
28339
26261
26312
28340
26262
26313
28341
26263
26314
28342
26264
26315
28343
26265
26316
28344
26266
26317
28345
26267
26318
28346
26268
26319
28347
26269
26320
28348
26270
26321
28349
26271
26322
28350
26272
26323
28351
26273
26324
28352
26274
26325
28353
26275
26326
28354
26276
26327
28355
26277
26328
28356
26278
26329
28357
26279
26330
28358
26280
26331
28359
26281
26332
28360
26282
26333
28361
26283
26334
28362
26284
26335
28363
26285
26336
28364
26286
26337
28365
26287
26338
28366
26288
26339
28367
26289
26340
28368
26290
26341
28369
26291
26342
28370
26292
26343
28371
26293
26344
28372
26294
26345
28373
26295
26346
28374
26296
26347
28375
26297
26348
28376
26298
26349
28377
26299
26350
28378
26300
26351
28379
26301
26352
28380
26302
26353
28381
26303
26354
28382
26304
26355
28383
26305
26356
28384
26306
26357
28385
26307
26358
28386
26308
26359
28387
26309
26360
28388
26310
26361
28389
26311
26362
28390
26363
28391
26313
26364
28392
26314
26365
28393
26315
26366
28394
26316
26367
28395
26317
26368
28396
26318
26369
28397
26319
26370
28398
26320
26371
28399
26321
26372
28400
26322
26373
28401
26323
26374
28402
26324
26375
28403
26325
26376
28404
26326
26377
28405
26327
26378
28406
26328
26379
28407
26329
26380
28408
26330
26381
28409
26331
26382
28410
26332
26383
28411
26333
26384
28412
26334
26385
28413
26335
26386
28414
26336
26387
28415
26337
26388
28416
26338
26389
28417
26339
26390
28418
26340
26391
28419
26341
26392
28420
26342
26393
28421
26343
26394
28422
26344
26395
28423
26345
26396
28424
26346
26397
28425
26347
26398
28426
26348
26399
28427
26349
26400
28428
26350
26401
28429
26351
26402
28430
26352
26403
28431
26353
26404
28432
26354
26405
28433
26355
26406
28434
26356
26407
28435
26357
26408
28436
26358
26409
28437
26359
26410
28438
26360
26411
28439
26361
26412
28440
26362
26413
28441
26363
26414
28442
26415
28443
26365
26416
28444
26366
26417
28445
26367
26418
28446
26368
26419
28447
26369
26420
28448
26370
26421
28449
26371
26422
28450
26372
26423
28451
26373
26424
28452
26374
26425
28453
26375
26426
28454
26376
26427
28455
26377
26428
28456
26378
26429
28457
26379
26430
28458
26380
26431
28459
26381
26432
28460
26382
26433
28461
26383
26434
28462
26384
26435
28463
26385
26436
28464
26386
26437
28465
26387
26438
28466
26388
26439
28467
26389
26440
28468
26390
26441
28469
26391
26442
28470
26392
26443
28471
26393
26444
28472
26394
26445
28473
26395
26446
28474
26396
26447
28475
26397
26448
28476
26398
26449
28477
26399
26450
28478
26400
26451
28479
26401
26452
28480
26402
26453
28481
26403
26454
28482
26404
26455
28483
26405
26456
28484
26406
26457
28485
26407
26458
28486
26408
26459
28487
26409
26460
28488
26410
26461
28489
26411
26462
28490
26412
26463
28491
26413
26464
28492
26414
26465
28493
26415
26466
28494
26467
28495
26417
26468
28496
26418
26469
28497
26419
26470
28498
26420
26471
28499
26421
26472
28500
26422
26473
28501
26423
26474
28502
26424
26475
28503
26425
26476
28504
26426
26477
28505
26427
26478
28506
26428
26479
28507
26429
26480
28508
26430
26481
28509
26431
26482
28510
26432
26483
28511
26433
26484
28512
26434
26485
28513
26435
26486
28514
26436
26487
28515
26437
26488
28516
26438
26489
28517
26439
26490
28518
26440
26491
28519
26441
26492
28520
26442
26493
28521
26443
26494
28522
26444
26495
28523
26445
26496
28524
26446
26497
28525
26447
26498
28526
26448
26499
28527
26449
26500
28528
26450
26501
28529
26451
26502
28530
26452
26503
28531
26453
26504
28532
26454
26505
28533
26455
26506
28534
26456
26507
28535
26457
26508
28536
26458
26509
28537
26459
26510
28538
26460
26511
28539
26461
26512
28540
26462
26513
28541
26463
26514
28542
26464
26515
28543
26465
26516
28544
26466
26517
28545
26467
26518
28546
26519
28547
26469
26520
28548
26470
26521
28549
26471
26522
28550
26472
26523
28551
26473
26524
28552
26474
26525
28553
26475
26526
28554
26476
26527
28555
26477
26528
28556
26478
26529
28557
26479
26530
28558
26480
26531
28559
26481
26532
28560
26482
26533
28561
26483
26534
28562
26484
26535
28563
26485
26536
28564
26486
26537
28565
26487
26538
28566
26488
26539
28567
26489
26540
28568
26490
26541
28569
26491
26542
28570
26492
26543
28571
26493
26544
28572
26494
26545
28573
26495
26546
28574
26496
26547
28575
26497
26548
28576
26498
26549
28577
26499
26550
28578
26500
26551
28579
26501
26552
28580
26502
26553
28581
26503
26554
28582
26504
26555
28583
26505
26556
28584
26506
26557
28585
26507
26558
28586
26508
26559
28587
26509
26560
28588
26510
26561
28589
26511
26562
28590
26512
26563
28591
26513
26564
28592
26514
26565
28593
26515
26566
28594
26516
26567
28595
26517
26568
28596
26518
26569
28597
26519
26570
28598
26571
28599
26521
26572
28600
26522
26573
28601
26523
26574
28602
26524
26575
28603
26525
26576
28604
26526
26577
28605
26527
26578
28606
26528
26579
28607
26529
26580
28608
26530
26581
28609
26531
26582
28610
26532
26583
28611
26533
26584
28612
26534
26585
28613
26535
26586
28614
26536
26587
28615
26537
26588
28616
26538
26589
28617
26539
26590
28618
26540
26591
28619
26541
26592
28620
26542
26593
28621
26543
26594
28622
26544
26595
28623
26545
26596
28624
26546
26597
28625
26547
26598
28626
26548
26599
28627
26549
26600
28628
26550
26601
28629
26551
26602
28630
26552
26603
28631
26553
26604
28632
26554
26605
28633
26555
26606
28634
26556
26607
28635
26557
26608
28636
26558
26609
28637
26559
26610
28638
26560
26611
28639
26561
26612
28640
26562
26613
28641
26563
26614
28642
26564
26615
28643
26565
26616
28644
26566
26617
28645
26567
26618
28646
26568
26619
28647
26569
26620
28648
26570
26621
28649
26571
26622
28650
26623
28651
26573
26624
28652
26574
26625
28653
26575
26626
28654
26576
26627
28655
26577
26628
28656
26578
26629
28657
26579
26630
28658
26580
26631
28659
26581
26632
28660
26582
26633
28661
26583
26634
28662
26584
26635
28663
26585
26636
28664
26586
26637
28665
26587
26638
28666
26588
26639
28667
26589
26640
28668
26590
26641
28669
26591
26642
28670
26592
26643
28671
26593
26644
28672
26594
26645
28673
26595
26646
28674
26596
26647
28675
26597
26648
28676
26598
26649
28677
26599
26650
28678
26600
26651
28679
26601
26652
28680
26602
26653
28681
26603
26654
28682
26604
26655
28683
26605
26656
28684
26606
26657
28685
26607
26658
28686
26608
26659
28687
26609
26660
28688
26610
26661
28689
26611
26662
28690
26612
26663
28691
26613
26664
28692
26614
26665
28693
26615
26666
28694
26616
26667
28695
26617
26668
28696
26618
26669
28697
26619
26670
28698
26620
26671
28699
26621
26672
28700
26622
26673
28701
26623
26674
28702
26675
28703
26625
26676
28704
26626
26677
28705
26627
26678
28706
26628
26679
28707
26629
26680
28708
26630
26681
28709
26631
26682
28710
26632
26683
28711
26633
26684
28712
26634
26685
28713
26635
26686
28714
26636
26687
28715
26637
26688
28716
26638
26689
28717
26639
26690
28718
26640
26691
28719
26641
26692
28720
26642
26693
28721
26643
26694
28722
26644
26695
28723
26645
26696
28724
26646
26697
28725
26647
26698
28726
26648
26699
28727
26649
26700
28728
26650
26701
28729
26651
26702
28730
26652
26703
28731
26653
26704
28732
26654
26705
28733
26655
26706
28734
26656
26707
28735
26657
26708
28736
26658
26709
28737
26659
26710
28738
26660
26711
28739
26661
26712
28740
26662
26713
28741
26663
26714
28742
26664
26715
28743
26665
26716
28744
26666
26717
28745
26667
26718
28746
26668
26719
28747
26669
26720
28748
26670
26721
28749
26671
26722
28750
26672
26723
28751
26673
26724
28752
26674
26725
28753
26675
26726
28754
26727
28755
26677
26728
28756
26678
26729
28757
26679
26730
28758
26680
26731
28759
26681
26732
28760
26682
26733
28761
26683
26734
28762
26684
26735
28763
26685
26736
28764
26686
26737
28765
26687
26738
28766
26688
26739
28767
26689
26740
28768
26690
26741
28769
26691
26742
28770
26692
26743
28771
26693
26744
28772
26694
26745
28773
26695
26746
28774
26696
26747
28775
26697
26748
28776
26698
26749
28777
26699
26750
28778
26700
26751
28779
26701
26752
28780
26702
26753
28781
26703
26754
28782
26704
26755
28783
26705
26756
28784
26706
26757
28785
26707
26758
28786
26708
26759
28787
26709
26760
28788
26710
26761
28789
26711
26762
28790
26712
26763
28791
26713
26764
28792
26714
26765
28793
26715
26766
28794
26716
26767
28795
26717
26768
28796
26718
26769
28797
26719
26770
28798
26720
26771
28799
26721
26772
28800
26722
26773
28801
26723
26774
28802
26724
26775
28803
26725
26776
28804
26726
26777
28805
26727
26778
28806
26779
28807
26729
26780
28808
26730
26781
28809
26731
26782
28810
26732
26783
28811
26733
26784
28812
26734
26785
28813
26735
26786
28814
26736
26787
28815
26737
26788
28816
26738
26789
28817
26739
26790
28818
26740
26791
28819
26741
26792
28820
26742
26793
28821
26743
26794
28822
26744
26795
28823
26745
26796
28824
26746
26797
28825
26747
26798
28826
26748
26799
28827
26749
26800
28828
26750
26801
28829
26751
26802
28830
26752
26803
28831
26753
26804
28832
26754
26805
28833
26755
26806
28834
26756
26807
28835
26757
26808
28836
26758
26809
28837
26759
26810
28838
26760
26811
28839
26761
26812
28840
26762
26813
28841
26763
26814
28842
26764
26815
28843
26765
26816
28844
26766
26817
28845
26767
26818
28846
26768
26819
28847
26769
26820
28848
26770
26821
28849
26771
26822
28850
26772
26823
28851
26773
26824
28852
26774
26825
28853
26775
26826
28854
26776
26827
28855
26777
26828
28856
26778
26829
28857
26779
26830
28858
26831
28859
26781
26832
28860
26782
26833
28861
26783
26834
28862
26784
26835
28863
26785
26836
28864
26786
26837
28865
26787
26838
28866
26788
26839
28867
26789
26840
28868
26790
26841
28869
26791
26842
28870
26792
26843
28871
26793
26844
28872
26794
26845
28873
26795
26846
28874
26796
26847
28875
26797
26848
28876
26798
26849
28877
26799
26850
28878
26800
26851
28879
26801
26852
28880
26802
26853
28881
26803
26854
28882
26804
26855
28883
26805
26856
28884
26806
26857
28885
26807
26858
28886
26808
26859
28887
26809
26860
28888
26810
26861
28889
26811
26862
28890
26812
26863
28891
26813
26864
28892
26814
26865
28893
26815
26866
28894
26816
26867
28895
26817
26868
28896
26818
26869
28897
26819
26870
28898
26820
26871
28899
26821
26872
28900
26822
26873
28901
26823
26874
28902
26824
26875
28903
26825
26876
28904
26826
26877
28905
26827
26878
28906
26828
26879
28907
26829
26880
28908
26830
26881
28909
26831
26882
28910
26883
28911
26833
26884
28912
26834
26885
28913
26835
26886
28914
26836
26887
28915
26837
26888
28916
26838
26889
28917
26839
26890
28918
26840
26891
28919
26841
26892
28920
26842
26893
28921
26843
26894
28922
26844
26895
28923
26845
26896
28924
26846
26897
28925
26847
26898
28926
26848
26899
28927
26849
26900
28928
26850
26901
28929
26851
26902
28930
26852
26903
28931
26853
26904
28932
26854
26905
28933
26855
26906
28934
26856
26907
28935
26857
26908
28936
26858
26909
28937
26859
26910
28938
26860
26911
28939
26861
26912
28940
26862
26913
28941
26863
26914
28942
26864
26915
28943
26865
26916
28944
26866
26917
28945
26867
26918
28946
26868
26919
28947
26869
26920
28948
26870
26921
28949
26871
26922
28950
26872
26923
28951
26873
26924
28952
26874
26925
28953
26875
26926
28954
26876
26927
28955
26877
26928
28956
26878
26929
28957
26879
26930
28958
26880
26931
28959
26881
26932
28960
26882
26933
28961
26883
26934
28962
26935
28963
26885
26936
28964
26886
26937
28965
26887
26938
28966
26888
26939
28967
26889
26940
28968
26890
26941
28969
26891
26942
28970
26892
26943
28971
26893
26944
28972
26894
26945
28973
26895
26946
28974
26896
26947
28975
26897
26948
28976
26898
26949
28977
26899
26950
28978
26900
26951
28979
26901
26952
28980
26902
26953
28981
26903
26954
28982
26904
26955
28983
26905
26956
28984
26906
26957
28985
26907
26958
28986
26908
26959
28987
26909
26960
28988
26910
26961
28989
26911
26962
28990
26912
26963
28991
26913
26964
28992
26914
26965
28993
26915
26966
28994
26916
26967
28995
26917
26968
28996
26918
26969
28997
26919
26970
28998
26920
26971
28999
26921
26972
29000
26922
26973
29001
26923
26974
29002
26924
26975
29003
26925
26976
29004
26926
26977
29005
26927
26978
29006
26928
26979
29007
26929
26980
29008
26930
26981
29009
26931
26982
29010
26932
26983
29011
26933
26984
29012
26934
26985
29013
26935
26986
29014
26987
29015
26937
26988
29016
26938
26989
29017
26939
26990
29018
26940
26991
29019
26941
26992
29020
26942
26993
29021
26943
26994
29022
26944
26995
29023
26945
26996
29024
26946
26997
29025
26947
26998
29026
26948
26999
29027
26949
27000
29028
26950
27001
29029
26951
27002
29030
26952
27003
29031
26953
27004
29032
26954
27005
29033
26955
27006
29034
26956
27007
29035
26957
27008
29036
26958
27009
29037
26959
27010
29038
26960
27011
29039
26961
27012
29040
26962
27013
29041
26963
27014
29042
26964
27015
29043
26965
27016
29044
26966
27017
29045
26967
27018
29046
26968
27019
29047
26969
27020
29048
26970
27021
29049
26971
27022
29050
26972
27023
29051
26973
27024
29052
26974
27025
29053
26975
27026
29054
26976
27027
29055
26977
27028
29056
26978
27029
29057
26979
27030
29058
26980
27031
29059
26981
27032
29060
26982
27033
29061
26983
27034
29062
26984
27035
29063
26985
27036
29064
26986
27037
29065
26987
27038
29066
27039
29067
26989
29068
26990
29069
26991
29070
26992
29071
26993
29072
26994
29073
26995
29074
26996
29075
26997
29076
26998
29077
26999
29078
27000
29079
27001
29080
27002
29081
27003
29082
27004
29083
27005
29084
27006
29085
27007
29086
27008
29087
27009
29088
27010
29089
27011
29090
27012
29091
27013
29092
27014
29093
27015
29094
27016
29095
27017
29096
27018
29097
27019
29098
27020
29099
27021
29100
27022
29101
27023
29102
27024
29103
27025
29104
27026
29105
27027
29106
27028
29107
27029
29108
27030
29109
27031
29110
27032
29111
27033
29112
27034
29113
27035
29114
27036
29115
27037
29116
27038
29117
27039
29118
29119
27041
27092
29120
27042
27093
29121
27043
27094
29122
27044
27095
29123
27045
27096
29124
27046
27097
29125
27047
27098
29126
27048
27099
29127
27049
27100
29128
27050
27101
29129
27051
27102
29130
27052
27103
29131
27053
27104
29132
27054
27105
29133
27055
27106
29134
27056
27107
29135
27057
27108
29136
27058
27109
29137
27059
27110
29138
27060
27111
29139
27061
27112
29140
27062
27113
29141
27063
27114
29142
27064
27115
29143
27065
27116
29144
27066
27117
29145
27067
27118
29146
27068
27119
29147
27069
27120
29148
27070
27121
29149
27071
27122
29150
27072
27123
29151
27073
27124
29152
27074
27125
29153
27075
27126
29154
27076
27127
29155
27077
27128
29156
27078
27129
29157
27079
27130
29158
27080
27131
29159
27081
27132
29160
27082
27133
29161
27083
27134
29162
27084
27135
29163
27085
27136
29164
27086
27137
29165
27087
27138
29166
27088
27139
29167
27089
27140
29168
27090
27141
29169
27091
27142
29170
27143
29171
27093
27144
29172
27094
27145
29173
27095
27146
29174
27096
27147
29175
27097
27148
29176
27098
27149
29177
27099
27150
29178
27100
27151
29179
27101
27152
29180
27102
27153
29181
27103
27154
29182
27104
27155
29183
27105
27156
29184
27106
27157
29185
27107
27158
29186
27108
27159
29187
27109
27160
29188
27110
27161
29189
27111
27162
29190
27112
27163
29191
27113
27164
29192
27114
27165
29193
27115
27166
29194
27116
27167
29195
27117
27168
29196
27118
27169
29197
27119
27170
29198
27120
27171
29199
27121
27172
29200
27122
27173
29201
27123
27174
29202
27124
27175
29203
27125
27176
29204
27126
27177
29205
27127
27178
29206
27128
27179
29207
27129
27180
29208
27130
27181
29209
27131
27182
29210
27132
27183
29211
27133
27184
29212
27134
27185
29213
27135
27186
29214
27136
27187
29215
27137
27188
29216
27138
27189
29217
27139
27190
29218
27140
27191
29219
27141
27192
29220
27142
27193
29221
27143
27194
29222
27195
29223
27145
27196
29224
27146
27197
29225
27147
27198
29226
27148
27199
29227
27149
27200
29228
27150
27201
29229
27151
27202
29230
27152
27203
29231
27153
27204
29232
27154
27205
29233
27155
27206
29234
27156
27207
29235
27157
27208
29236
27158
27209
29237
27159
27210
29238
27160
27211
29239
27161
27212
29240
27162
27213
29241
27163
27214
29242
27164
27215
29243
27165
27216
29244
27166
27217
29245
27167
27218
29246
27168
27219
29247
27169
27220
29248
27170
27221
29249
27171
27222
29250
27172
27223
29251
27173
27224
29252
27174
27225
29253
27175
27226
29254
27176
27227
29255
27177
27228
29256
27178
27229
29257
27179
27230
29258
27180
27231
29259
27181
27232
29260
27182
27233
29261
27183
27234
29262
27184
27235
29263
27185
27236
29264
27186
27237
29265
27187
27238
29266
27188
27239
29267
27189
27240
29268
27190
27241
29269
27191
27242
29270
27192
27243
29271
27193
27244
29272
27194
27245
29273
27195
27246
29274
27247
29275
27197
27248
29276
27198
27249
29277
27199
27250
29278
27200
27251
29279
27201
27252
29280
27202
27253
29281
27203
27254
29282
27204
27255
29283
27205
27256
29284
27206
27257
29285
27207
27258
29286
27208
27259
29287
27209
27260
29288
27210
27261
29289
27211
27262
29290
27212
27263
29291
27213
27264
29292
27214
27265
29293
27215
27266
29294
27216
27267
29295
27217
27268
29296
27218
27269
29297
27219
27270
29298
27220
27271
29299
27221
27272
29300
27222
27273
29301
27223
27274
29302
27224
27275
29303
27225
27276
29304
27226
27277
29305
27227
27278
29306
27228
27279
29307
27229
27280
29308
27230
27281
29309
27231
27282
29310
27232
27283
29311
27233
27284
29312
27234
27285
29313
27235
27286
29314
27236
27287
29315
27237
27288
29316
27238
27289
29317
27239
27290
29318
27240
27291
29319
27241
27292
29320
27242
27293
29321
27243
27294
29322
27244
27295
29323
27245
27296
29324
27246
27297
29325
27247
27298
29326
27299
29327
27249
27300
29328
27250
27301
29329
27251
27302
29330
27252
27303
29331
27253
27304
29332
27254
27305
29333
27255
27306
29334
27256
27307
29335
27257
27308
29336
27258
27309
29337
27259
27310
29338
27260
27311
29339
27261
27312
29340
27262
27313
29341
27263
27314
29342
27264
27315
29343
27265
27316
29344
27266
27317
29345
27267
27318
29346
27268
27319
29347
27269
27320
29348
27270
27321
29349
27271
27322
29350
27272
27323
29351
27273
27324
29352
27274
27325
29353
27275
27326
29354
27276
27327
29355
27277
27328
29356
27278
27329
29357
27279
27330
29358
27280
27331
29359
27281
27332
29360
27282
27333
29361
27283
27334
29362
27284
27335
29363
27285
27336
29364
27286
27337
29365
27287
27338
29366
27288
27339
29367
27289
27340
29368
27290
27341
29369
27291
27342
29370
27292
27343
29371
27293
27344
29372
27294
27345
29373
27295
27346
29374
27296
27347
29375
27297
27348
29376
27298
27349
29377
27299
27350
29378
27351
29379
27301
27352
29380
27302
27353
29381
27303
27354
29382
27304
27355
29383
27305
27356
29384
27306
27357
29385
27307
27358
29386
27308
27359
29387
27309
27360
29388
27310
27361
29389
27311
27362
29390
27312
27363
29391
27313
27364
29392
27314
27365
29393
27315
27366
29394
27316
27367
29395
27317
27368
29396
27318
27369
29397
27319
27370
29398
27320
27371
29399
27321
27372
29400
27322
27373
29401
27323
27374
29402
27324
27375
29403
27325
27376
29404
27326
27377
29405
27327
27378
29406
27328
27379
29407
27329
27380
29408
27330
27381
29409
27331
27382
29410
27332
27383
29411
27333
27384
29412
27334
27385
29413
27335
27386
29414
27336
27387
29415
27337
27388
29416
27338
27389
29417
27339
27390
29418
27340
27391
29419
27341
27392
29420
27342
27393
29421
27343
27394
29422
27344
27395
29423
27345
27396
29424
27346
27397
29425
27347
27398
29426
27348
27399
29427
27349
27400
29428
27350
27401
29429
27351
27402
29430
27403
29431
27353
27404
29432
27354
27405
29433
27355
27406
29434
27356
27407
29435
27357
27408
29436
27358
27409
29437
27359
27410
29438
27360
27411
29439
27361
27412
29440
27362
27413
29441
27363
27414
29442
27364
27415
29443
27365
27416
29444
27366
27417
29445
27367
27418
29446
27368
27419
29447
27369
27420
29448
27370
27421
29449
27371
27422
29450
27372
27423
29451
27373
27424
29452
27374
27425
29453
27375
27426
29454
27376
27427
29455
27377
27428
29456
27378
27429
29457
27379
27430
29458
27380
27431
29459
27381
27432
29460
27382
27433
29461
27383
27434
29462
27384
27435
29463
27385
27436
29464
27386
27437
29465
27387
27438
29466
27388
27439
29467
27389
27440
29468
27390
27441
29469
27391
27442
29470
27392
27443
29471
27393
27444
29472
27394
27445
29473
27395
27446
29474
27396
27447
29475
27397
27448
29476
27398
27449
29477
27399
27450
29478
27400
27451
29479
27401
27452
29480
27402
27453
29481
27403
27454
29482
27455
29483
27405
27456
29484
27406
27457
29485
27407
27458
29486
27408
27459
29487
27409
27460
29488
27410
27461
29489
27411
27462
29490
27412
27463
29491
27413
27464
29492
27414
27465
29493
27415
27466
29494
27416
27467
29495
27417
27468
29496
27418
27469
29497
27419
27470
29498
27420
27471
29499
27421
27472
29500
27422
27473
29501
27423
27474
29502
27424
27475
29503
27425
27476
29504
27426
27477
29505
27427
27478
29506
27428
27479
29507
27429
27480
29508
27430
27481
29509
27431
27482
29510
27432
27483
29511
27433
27484
29512
27434
27485
29513
27435
27486
29514
27436
27487
29515
27437
27488
29516
27438
27489
29517
27439
27490
29518
27440
27491
29519
27441
27492
29520
27442
27493
29521
27443
27494
29522
27444
27495
29523
27445
27496
29524
27446
27497
29525
27447
27498
29526
27448
27499
29527
27449
27500
29528
27450
27501
29529
27451
27502
29530
27452
27503
29531
27453
27504
29532
27454
27505
29533
27455
27506
29534
27507
29535
27457
27508
29536
27458
27509
29537
27459
27510
29538
27460
27511
29539
27461
27512
29540
27462
27513
29541
27463
27514
29542
27464
27515
29543
27465
27516
29544
27466
27517
29545
27467
27518
29546
27468
27519
29547
27469
27520
29548
27470
27521
29549
27471
27522
29550
27472
27523
29551
27473
27524
29552
27474
27525
29553
27475
27526
29554
27476
27527
29555
27477
27528
29556
27478
27529
29557
27479
27530
29558
27480
27531
29559
27481
27532
29560
27482
27533
29561
27483
27534
29562
27484
27535
29563
27485
27536
29564
27486
27537
29565
27487
27538
29566
27488
27539
29567
27489
27540
29568
27490
27541
29569
27491
27542
29570
27492
27543
29571
27493
27544
29572
27494
27545
29573
27495
27546
29574
27496
27547
29575
27497
27548
29576
27498
27549
29577
27499
27550
29578
27500
27551
29579
27501
27552
29580
27502
27553
29581
27503
27554
29582
27504
27555
29583
27505
27556
29584
27506
27557
29585
27507
27558
29586
27559
29587
27509
27560
29588
27510
27561
29589
27511
27562
29590
27512
27563
29591
27513
27564
29592
27514
27565
29593
27515
27566
29594
27516
27567
29595
27517
27568
29596
27518
27569
29597
27519
27570
29598
27520
27571
29599
27521
27572
29600
27522
27573
29601
27523
27574
29602
27524
27575
29603
27525
27576
29604
27526
27577
29605
27527
27578
29606
27528
27579
29607
27529
27580
29608
27530
27581
29609
27531
27582
29610
27532
27583
29611
27533
27584
29612
27534
27585
29613
27535
27586
29614
27536
27587
29615
27537
27588
29616
27538
27589
29617
27539
27590
29618
27540
27591
29619
27541
27592
29620
27542
27593
29621
27543
27594
29622
27544
27595
29623
27545
27596
29624
27546
27597
29625
27547
27598
29626
27548
27599
29627
27549
27600
29628
27550
27601
29629
27551
27602
29630
27552
27603
29631
27553
27604
29632
27554
27605
29633
27555
27606
29634
27556
27607
29635
27557
27608
29636
27558
27609
29637
27559
27610
29638
27611
29639
27561
27612
29640
27562
27613
29641
27563
27614
29642
27564
27615
29643
27565
27616
29644
27566
27617
29645
27567
27618
29646
27568
27619
29647
27569
27620
29648
27570
27621
29649
27571
27622
29650
27572
27623
29651
27573
27624
29652
27574
27625
29653
27575
27626
29654
27576
27627
29655
27577
27628
29656
27578
27629
29657
27579
27630
29658
27580
27631
29659
27581
27632
29660
27582
27633
29661
27583
27634
29662
27584
27635
29663
27585
27636
29664
27586
27637
29665
27587
27638
29666
27588
27639
29667
27589
27640
29668
27590
27641
29669
27591
27642
29670
27592
27643
29671
27593
27644
29672
27594
27645
29673
27595
27646
29674
27596
27647
29675
27597
27648
29676
27598
27649
29677
27599
27650
29678
27600
27651
29679
27601
27652
29680
27602
27653
29681
27603
27654
29682
27604
27655
29683
27605
27656
29684
27606
27657
29685
27607
27658
29686
27608
27659
29687
27609
27660
29688
27610
27661
29689
27611
27662
29690
27663
29691
27613
27664
29692
27614
27665
29693
27615
27666
29694
27616
27667
29695
27617
27668
29696
27618
27669
29697
27619
27670
29698
27620
27671
29699
27621
27672
29700
27622
27673
29701
27623
27674
29702
27624
27675
29703
27625
27676
29704
27626
27677
29705
27627
27678
29706
27628
27679
29707
27629
27680
29708
27630
27681
29709
27631
27682
29710
27632
27683
29711
27633
27684
29712
27634
27685
29713
27635
27686
29714
27636
27687
29715
27637
27688
29716
27638
27689
29717
27639
27690
29718
27640
27691
29719
27641
27692
29720
27642
27693
29721
27643
27694
29722
27644
27695
29723
27645
27696
29724
27646
27697
29725
27647
27698
29726
27648
27699
29727
27649
27700
29728
27650
27701
29729
27651
27702
29730
27652
27703
29731
27653
27704
29732
27654
27705
29733
27655
27706
29734
27656
27707
29735
27657
27708
29736
27658
27709
29737
27659
27710
29738
27660
27711
29739
27661
27712
29740
27662
27713
29741
27663
27714
29742
27715
29743
27665
27716
29744
27666
27717
29745
27667
27718
29746
27668
27719
29747
27669
27720
29748
27670
27721
29749
27671
27722
29750
27672
27723
29751
27673
27724
29752
27674
27725
29753
27675
27726
29754
27676
27727
29755
27677
27728
29756
27678
27729
29757
27679
27730
29758
27680
27731
29759
27681
27732
29760
27682
27733
29761
27683
27734
29762
27684
27735
29763
27685
27736
29764
27686
27737
29765
27687
27738
29766
27688
27739
29767
27689
27740
29768
27690
27741
29769
27691
27742
29770
27692
27743
29771
27693
27744
29772
27694
27745
29773
27695
27746
29774
27696
27747
29775
27697
27748
29776
27698
27749
29777
27699
27750
29778
27700
27751
29779
27701
27752
29780
27702
27753
29781
27703
27754
29782
27704
27755
29783
27705
27756
29784
27706
27757
29785
27707
27758
29786
27708
27759
29787
27709
27760
29788
27710
27761
29789
27711
27762
29790
27712
27763
29791
27713
27764
29792
27714
27765
29793
27715
27766
29794
27767
29795
27717
27768
29796
27718
27769
29797
27719
27770
29798
27720
27771
29799
27721
27772
29800
27722
27773
29801
27723
27774
29802
27724
27775
29803
27725
27776
29804
27726
27777
29805
27727
27778
29806
27728
27779
29807
27729
27780
29808
27730
27781
29809
27731
27782
29810
27732
27783
29811
27733
27784
29812
27734
27785
29813
27735
27786
29814
27736
27787
29815
27737
27788
29816
27738
27789
29817
27739
27790
29818
27740
27791
29819
27741
27792
29820
27742
27793
29821
27743
27794
29822
27744
27795
29823
27745
27796
29824
27746
27797
29825
27747
27798
29826
27748
27799
29827
27749
27800
29828
27750
27801
29829
27751
27802
29830
27752
27803
29831
27753
27804
29832
27754
27805
29833
27755
27806
29834
27756
27807
29835
27757
27808
29836
27758
27809
29837
27759
27810
29838
27760
27811
29839
27761
27812
29840
27762
27813
29841
27763
27814
29842
27764
27815
29843
27765
27816
29844
27766
27817
29845
27767
27818
29846
27819
29847
27769
27820
29848
27770
27821
29849
27771
27822
29850
27772
27823
29851
27773
27824
29852
27774
27825
29853
27775
27826
29854
27776
27827
29855
27777
27828
29856
27778
27829
29857
27779
27830
29858
27780
27831
29859
27781
27832
29860
27782
27833
29861
27783
27834
29862
27784
27835
29863
27785
27836
29864
27786
27837
29865
27787
27838
29866
27788
27839
29867
27789
27840
29868
27790
27841
29869
27791
27842
29870
27792
27843
29871
27793
27844
29872
27794
27845
29873
27795
27846
29874
27796
27847
29875
27797
27848
29876
27798
27849
29877
27799
27850
29878
27800
27851
29879
27801
27852
29880
27802
27853
29881
27803
27854
29882
27804
27855
29883
27805
27856
29884
27806
27857
29885
27807
27858
29886
27808
27859
29887
27809
27860
29888
27810
27861
29889
27811
27862
29890
27812
27863
29891
27813
27864
29892
27814
27865
29893
27815
27866
29894
27816
27867
29895
27817
27868
29896
27818
27869
29897
27819
27870
29898
27871
29899
27821
27872
29900
27822
27873
29901
27823
27874
29902
27824
27875
29903
27825
27876
29904
27826
27877
29905
27827
27878
29906
27828
27879
29907
27829
27880
29908
27830
27881
29909
27831
27882
29910
27832
27883
29911
27833
27884
29912
27834
27885
29913
27835
27886
29914
27836
27887
29915
27837
27888
29916
27838
27889
29917
27839
27890
29918
27840
27891
29919
27841
27892
29920
27842
27893
29921
27843
27894
29922
27844
27895
29923
27845
27896
29924
27846
27897
29925
27847
27898
29926
27848
27899
29927
27849
27900
29928
27850
27901
29929
27851
27902
29930
27852
27903
29931
27853
27904
29932
27854
27905
29933
27855
27906
29934
27856
27907
29935
27857
27908
29936
27858
27909
29937
27859
27910
29938
27860
27911
29939
27861
27912
29940
27862
27913
29941
27863
27914
29942
27864
27915
29943
27865
27916
29944
27866
27917
29945
27867
27918
29946
27868
27919
29947
27869
27920
29948
27870
27921
29949
27871
27922
29950
27923
29951
27873
27924
29952
27874
27925
29953
27875
27926
29954
27876
27927
29955
27877
27928
29956
27878
27929
29957
27879
27930
29958
27880
27931
29959
27881
27932
29960
27882
27933
29961
27883
27934
29962
27884
27935
29963
27885
27936
29964
27886
27937
29965
27887
27938
29966
27888
27939
29967
27889
27940
29968
27890
27941
29969
27891
27942
29970
27892
27943
29971
27893
27944
29972
27894
27945
29973
27895
27946
29974
27896
27947
29975
27897
27948
29976
27898
27949
29977
27899
27950
29978
27900
27951
29979
27901
27952
29980
27902
27953
29981
27903
27954
29982
27904
27955
29983
27905
27956
29984
27906
27957
29985
27907
27958
29986
27908
27959
29987
27909
27960
29988
27910
27961
29989
27911
27962
29990
27912
27963
29991
27913
27964
29992
27914
27965
29993
27915
27966
29994
27916
27967
29995
27917
27968
29996
27918
27969
29997
27919
27970
29998
27920
27971
29999
27921
27972
30000
27922
27973
30001
27923
27974
30002
27975
30003
27925
27976
30004
27926
27977
30005
27927
27978
30006
27928
27979
30007
27929
27980
30008
27930
27981
30009
27931
27982
30010
27932
27983
30011
27933
27984
30012
27934
27985
30013
27935
27986
30014
27936
27987
30015
27937
27988
30016
27938
27989
30017
27939
27990
30018
27940
27991
30019
27941
27992
30020
27942
27993
30021
27943
27994
30022
27944
27995
30023
27945
27996
30024
27946
27997
30025
27947
27998
30026
27948
27999
30027
27949
28000
30028
27950
28001
30029
27951
28002
30030
27952
28003
30031
27953
28004
30032
27954
28005
30033
27955
28006
30034
27956
28007
30035
27957
28008
30036
27958
28009
30037
27959
28010
30038
27960
28011
30039
27961
28012
30040
27962
28013
30041
27963
28014
30042
27964
28015
30043
27965
28016
30044
27966
28017
30045
27967
28018
30046
27968
28019
30047
27969
28020
30048
27970
28021
30049
27971
28022
30050
27972
28023
30051
27973
28024
30052
27974
28025
30053
27975
28026
30054
28027
30055
27977
28028
30056
27978
28029
30057
27979
28030
30058
27980
28031
30059
27981
28032
30060
27982
28033
30061
27983
28034
30062
27984
28035
30063
27985
28036
30064
27986
28037
30065
27987
28038
30066
27988
28039
30067
27989
28040
30068
27990
28041
30069
27991
28042
30070
27992
28043
30071
27993
28044
30072
27994
28045
30073
27995
28046
30074
27996
28047
30075
27997
28048
30076
27998
28049
30077
27999
28050
30078
28000
28051
30079
28001
28052
30080
28002
28053
30081
28003
28054
30082
28004
28055
30083
28005
28056
30084
28006
28057
30085
28007
28058
30086
28008
28059
30087
28009
28060
30088
28010
28061
30089
28011
28062
30090
28012
28063
30091
28013
28064
30092
28014
28065
30093
28015
28066
30094
28016
28067
30095
28017
28068
30096
28018
28069
30097
28019
28070
30098
28020
28071
30099
28021
28072
30100
28022
28073
30101
28023
28074
30102
28024
28075
30103
28025
28076
30104
28026
28077
30105
28027
28078
30106
28079
30107
28029
28080
30108
28030
28081
30109
28031
28082
30110
28032
28083
30111
28033
28084
30112
28034
28085
30113
28035
28086
30114
28036
28087
30115
28037
28088
30116
28038
28089
30117
28039
28090
30118
28040
28091
30119
28041
28092
30120
28042
28093
30121
28043
28094
30122
28044
28095
30123
28045
28096
30124
28046
28097
30125
28047
28098
30126
28048
28099
30127
28049
28100
30128
28050
28101
30129
28051
28102
30130
28052
28103
30131
28053
28104
30132
28054
28105
30133
28055
28106
30134
28056
28107
30135
28057
28108
30136
28058
28109
30137
28059
28110
30138
28060
28111
30139
28061
28112
30140
28062
28113
30141
28063
28114
30142
28064
28115
30143
28065
28116
30144
28066
28117
30145
28067
28118
30146
28068
28119
30147
28069
28120
30148
28070
28121
30149
28071
28122
30150
28072
28123
30151
28073
28124
30152
28074
28125
30153
28075
28126
30154
28076
28127
30155
28077
28128
30156
28078
28129
30157
28079
28130
30158
28131
30159
28081
28132
30160
28082
28133
30161
28083
28134
30162
28084
28135
30163
28085
28136
30164
28086
28137
30165
28087
28138
30166
28088
28139
30167
28089
28140
30168
28090
28141
30169
28091
28142
30170
28092
28143
30171
28093
28144
30172
28094
28145
30173
28095
28146
30174
28096
28147
30175
28097
28148
30176
28098
28149
30177
28099
28150
30178
28100
28151
30179
28101
28152
30180
28102
28153
30181
28103
28154
30182
28104
28155
30183
28105
28156
30184
28106
28157
30185
28107
28158
30186
28108
28159
30187
28109
28160
30188
28110
28161
30189
28111
28162
30190
28112
28163
30191
28113
28164
30192
28114
28165
30193
28115
28166
30194
28116
28167
30195
28117
28168
30196
28118
28169
30197
28119
28170
30198
28120
28171
30199
28121
28172
30200
28122
28173
30201
28123
28174
30202
28124
28175
30203
28125
28176
30204
28126
28177
30205
28127
28178
30206
28128
28179
30207
28129
28180
30208
28130
28181
30209
28131
28182
30210
28183
30211
28133
28184
30212
28134
28185
30213
28135
28186
30214
28136
28187
30215
28137
28188
30216
28138
28189
30217
28139
28190
30218
28140
28191
30219
28141
28192
30220
28142
28193
30221
28143
28194
30222
28144
28195
30223
28145
28196
30224
28146
28197
30225
28147
28198
30226
28148
28199
30227
28149
28200
30228
28150
28201
30229
28151
28202
30230
28152
28203
30231
28153
28204
30232
28154
28205
30233
28155
28206
30234
28156
28207
30235
28157
28208
30236
28158
28209
30237
28159
28210
30238
28160
28211
30239
28161
28212
30240
28162
28213
30241
28163
28214
30242
28164
28215
30243
28165
28216
30244
28166
28217
30245
28167
28218
30246
28168
28219
30247
28169
28220
30248
28170
28221
30249
28171
28222
30250
28172
28223
30251
28173
28224
30252
28174
28225
30253
28175
28226
30254
28176
28227
30255
28177
28228
30256
28178
28229
30257
28179
28230
30258
28180
28231
30259
28181
28232
30260
28182
28233
30261
28183
28234
30262
28235
30263
28185
28236
30264
28186
28237
30265
28187
28238
30266
28188
28239
30267
28189
28240
30268
28190
28241
30269
28191
28242
30270
28192
28243
30271
28193
28244
30272
28194
28245
30273
28195
28246
30274
28196
28247
30275
28197
28248
30276
28198
28249
30277
28199
28250
30278
28200
28251
30279
28201
28252
30280
28202
28253
30281
28203
28254
30282
28204
28255
30283
28205
28256
30284
28206
28257
30285
28207
28258
30286
28208
28259
30287
28209
28260
30288
28210
28261
30289
28211
28262
30290
28212
28263
30291
28213
28264
30292
28214
28265
30293
28215
28266
30294
28216
28267
30295
28217
28268
30296
28218
28269
30297
28219
28270
30298
28220
28271
30299
28221
28272
30300
28222
28273
30301
28223
28274
30302
28224
28275
30303
28225
28276
30304
28226
28277
30305
28227
28278
30306
28228
28279
30307
28229
28280
30308
28230
28281
30309
28231
28282
30310
28232
28283
30311
28233
28284
30312
28234
28285
30313
28235
28286
30314
28287
30315
28237
28288
30316
28238
28289
30317
28239
28290
30318
28240
28291
30319
28241
28292
30320
28242
28293
30321
28243
28294
30322
28244
28295
30323
28245
28296
30324
28246
28297
30325
28247
28298
30326
28248
28299
30327
28249
28300
30328
28250
28301
30329
28251
28302
30330
28252
28303
30331
28253
28304
30332
28254
28305
30333
28255
28306
30334
28256
28307
30335
28257
28308
30336
28258
28309
30337
28259
28310
30338
28260
28311
30339
28261
28312
30340
28262
28313
30341
28263
28314
30342
28264
28315
30343
28265
28316
30344
28266
28317
30345
28267
28318
30346
28268
28319
30347
28269
28320
30348
28270
28321
30349
28271
28322
30350
28272
28323
30351
28273
28324
30352
28274
28325
30353
28275
28326
30354
28276
28327
30355
28277
28328
30356
28278
28329
30357
28279
28330
30358
28280
28331
30359
28281
28332
30360
28282
28333
30361
28283
28334
30362
28284
28335
30363
28285
28336
30364
28286
28337
30365
28287
28338
30366
28339
30367
28289
28340
30368
28290
28341
30369
28291
28342
30370
28292
28343
30371
28293
28344
30372
28294
28345
30373
28295
28346
30374
28296
28347
30375
28297
28348
30376
28298
28349
30377
28299
28350
30378
28300
28351
30379
28301
28352
30380
28302
28353
30381
28303
28354
30382
28304
28355
30383
28305
28356
30384
28306
28357
30385
28307
28358
30386
28308
28359
30387
28309
28360
30388
28310
28361
30389
28311
28362
30390
28312
28363
30391
28313
28364
30392
28314
28365
30393
28315
28366
30394
28316
28367
30395
28317
28368
30396
28318
28369
30397
28319
28370
30398
28320
28371
30399
28321
28372
30400
28322
28373
30401
28323
28374
30402
28324
28375
30403
28325
28376
30404
28326
28377
30405
28327
28378
30406
28328
28379
30407
28329
28380
30408
28330
28381
30409
28331
28382
30410
28332
28383
30411
28333
28384
30412
28334
28385
30413
28335
28386
30414
28336
28387
30415
28337
28388
30416
28338
28389
30417
28339
28390
30418
28391
30419
28341
28392
30420
28342
28393
30421
28343
28394
30422
28344
28395
30423
28345
28396
30424
28346
28397
30425
28347
28398
30426
28348
28399
30427
28349
28400
30428
28350
28401
30429
28351
28402
30430
28352
28403
30431
28353
28404
30432
28354
28405
30433
28355
28406
30434
28356
28407
30435
28357
28408
30436
28358
28409
30437
28359
28410
30438
28360
28411
30439
28361
28412
30440
28362
28413
30441
28363
28414
30442
28364
28415
30443
28365
28416
30444
28366
28417
30445
28367
28418
30446
28368
28419
30447
28369
28420
30448
28370
28421
30449
28371
28422
30450
28372
28423
30451
28373
28424
30452
28374
28425
30453
28375
28426
30454
28376
28427
30455
28377
28428
30456
28378
28429
30457
28379
28430
30458
28380
28431
30459
28381
28432
30460
28382
28433
30461
28383
28434
30462
28384
28435
30463
28385
28436
30464
28386
28437
30465
28387
28438
30466
28388
28439
30467
28389
28440
30468
28390
28441
30469
28391
28442
30470
28443
30471
28393
28444
30472
28394
28445
30473
28395
28446
30474
28396
28447
30475
28397
28448
30476
28398
28449
30477
28399
28450
30478
28400
28451
30479
28401
28452
30480
28402
28453
30481
28403
28454
30482
28404
28455
30483
28405
28456
30484
28406
28457
30485
28407
28458
30486
28408
28459
30487
28409
28460
30488
28410
28461
30489
28411
28462
30490
28412
28463
30491
28413
28464
30492
28414
28465
30493
28415
28466
30494
28416
28467
30495
28417
28468
30496
28418
28469
30497
28419
28470
30498
28420
28471
30499
28421
28472
30500
28422
28473
30501
28423
28474
30502
28424
28475
30503
28425
28476
30504
28426
28477
30505
28427
28478
30506
28428
28479
30507
28429
28480
30508
28430
28481
30509
28431
28482
30510
28432
28483
30511
28433
28484
30512
28434
28485
30513
28435
28486
30514
28436
28487
30515
28437
28488
30516
28438
28489
30517
28439
28490
30518
28440
28491
30519
28441
28492
30520
28442
28493
30521
28443
28494
30522
28495
30523
28445
28496
30524
28446
28497
30525
28447
28498
30526
28448
28499
30527
28449
28500
30528
28450
28501
30529
28451
28502
30530
28452
28503
30531
28453
28504
30532
28454
28505
30533
28455
28506
30534
28456
28507
30535
28457
28508
30536
28458
28509
30537
28459
28510
30538
28460
28511
30539
28461
28512
30540
28462
28513
30541
28463
28514
30542
28464
28515
30543
28465
28516
30544
28466
28517
30545
28467
28518
30546
28468
28519
30547
28469
28520
30548
28470
28521
30549
28471
28522
30550
28472
28523
30551
28473
28524
30552
28474
28525
30553
28475
28526
30554
28476
28527
30555
28477
28528
30556
28478
28529
30557
28479
28530
30558
28480
28531
30559
28481
28532
30560
28482
28533
30561
28483
28534
30562
28484
28535
30563
28485
28536
30564
28486
28537
30565
28487
28538
30566
28488
28539
30567
28489
28540
30568
28490
28541
30569
28491
28542
30570
28492
28543
30571
28493
28544
30572
28494
28545
30573
28495
28546
30574
28547
30575
28497
28548
30576
28498
28549
30577
28499
28550
30578
28500
28551
30579
28501
28552
30580
28502
28553
30581
28503
28554
30582
28504
28555
30583
28505
28556
30584
28506
28557
30585
28507
28558
30586
28508
28559
30587
28509
28560
30588
28510
28561
30589
28511
28562
30590
28512
28563
30591
28513
28564
30592
28514
28565
30593
28515
28566
30594
28516
28567
30595
28517
28568
30596
28518
28569
30597
28519
28570
30598
28520
28571
30599
28521
28572
30600
28522
28573
30601
28523
28574
30602
28524
28575
30603
28525
28576
30604
28526
28577
30605
28527
28578
30606
28528
28579
30607
28529
28580
30608
28530
28581
30609
28531
28582
30610
28532
28583
30611
28533
28584
30612
28534
28585
30613
28535
28586
30614
28536
28587
30615
28537
28588
30616
28538
28589
30617
28539
28590
30618
28540
28591
30619
28541
28592
30620
28542
28593
30621
28543
28594
30622
28544
28595
30623
28545
28596
30624
28546
28597
30625
28547
28598
30626
28599
30627
28549
28600
30628
28550
28601
30629
28551
28602
30630
28552
28603
30631
28553
28604
30632
28554
28605
30633
28555
28606
30634
28556
28607
30635
28557
28608
30636
28558
28609
30637
28559
28610
30638
28560
28611
30639
28561
28612
30640
28562
28613
30641
28563
28614
30642
28564
28615
30643
28565
28616
30644
28566
28617
30645
28567
28618
30646
28568
28619
30647
28569
28620
30648
28570
28621
30649
28571
28622
30650
28572
28623
30651
28573
28624
30652
28574
28625
30653
28575
28626
30654
28576
28627
30655
28577
28628
30656
28578
28629
30657
28579
28630
30658
28580
28631
30659
28581
28632
30660
28582
28633
30661
28583
28634
30662
28584
28635
30663
28585
28636
30664
28586
28637
30665
28587
28638
30666
28588
28639
30667
28589
28640
30668
28590
28641
30669
28591
28642
30670
28592
28643
30671
28593
28644
30672
28594
28645
30673
28595
28646
30674
28596
28647
30675
28597
28648
30676
28598
28649
30677
28599
28650
30678
28651
30679
28601
28652
30680
28602
28653
30681
28603
28654
30682
28604
28655
30683
28605
28656
30684
28606
28657
30685
28607
28658
30686
28608
28659
30687
28609
28660
30688
28610
28661
30689
28611
28662
30690
28612
28663
30691
28613
28664
30692
28614
28665
30693
28615
28666
30694
28616
28667
30695
28617
28668
30696
28618
28669
30697
28619
28670
30698
28620
28671
30699
28621
28672
30700
28622
28673
30701
28623
28674
30702
28624
28675
30703
28625
28676
30704
28626
28677
30705
28627
28678
30706
28628
28679
30707
28629
28680
30708
28630
28681
30709
28631
28682
30710
28632
28683
30711
28633
28684
30712
28634
28685
30713
28635
28686
30714
28636
28687
30715
28637
28688
30716
28638
28689
30717
28639
28690
30718
28640
28691
30719
28641
28692
30720
28642
28693
30721
28643
28694
30722
28644
28695
30723
28645
28696
30724
28646
28697
30725
28647
28698
30726
28648
28699
30727
28649
28700
30728
28650
28701
30729
28651
28702
30730
28703
30731
28653
28704
30732
28654
28705
30733
28655
28706
30734
28656
28707
30735
28657
28708
30736
28658
28709
30737
28659
28710
30738
28660
28711
30739
28661
28712
30740
28662
28713
30741
28663
28714
30742
28664
28715
30743
28665
28716
30744
28666
28717
30745
28667
28718
30746
28668
28719
30747
28669
28720
30748
28670
28721
30749
28671
28722
30750
28672
28723
30751
28673
28724
30752
28674
28725
30753
28675
28726
30754
28676
28727
30755
28677
28728
30756
28678
28729
30757
28679
28730
30758
28680
28731
30759
28681
28732
30760
28682
28733
30761
28683
28734
30762
28684
28735
30763
28685
28736
30764
28686
28737
30765
28687
28738
30766
28688
28739
30767
28689
28740
30768
28690
28741
30769
28691
28742
30770
28692
28743
30771
28693
28744
30772
28694
28745
30773
28695
28746
30774
28696
28747
30775
28697
28748
30776
28698
28749
30777
28699
28750
30778
28700
28751
30779
28701
28752
30780
28702
28753
30781
28703
28754
30782
28755
30783
28705
28756
30784
28706
28757
30785
28707
28758
30786
28708
28759
30787
28709
28760
30788
28710
28761
30789
28711
28762
30790
28712
28763
30791
28713
28764
30792
28714
28765
30793
28715
28766
30794
28716
28767
30795
28717
28768
30796
28718
28769
30797
28719
28770
30798
28720
28771
30799
28721
28772
30800
28722
28773
30801
28723
28774
30802
28724
28775
30803
28725
28776
30804
28726
28777
30805
28727
28778
30806
28728
28779
30807
28729
28780
30808
28730
28781
30809
28731
28782
30810
28732
28783
30811
28733
28784
30812
28734
28785
30813
28735
28786
30814
28736
28787
30815
28737
28788
30816
28738
28789
30817
28739
28790
30818
28740
28791
30819
28741
28792
30820
28742
28793
30821
28743
28794
30822
28744
28795
30823
28745
28796
30824
28746
28797
30825
28747
28798
30826
28748
28799
30827
28749
28800
30828
28750
28801
30829
28751
28802
30830
28752
28803
30831
28753
28804
30832
28754
28805
30833
28755
28806
30834
28807
30835
28757
28808
30836
28758
28809
30837
28759
28810
30838
28760
28811
30839
28761
28812
30840
28762
28813
30841
28763
28814
30842
28764
28815
30843
28765
28816
30844
28766
28817
30845
28767
28818
30846
28768
28819
30847
28769
28820
30848
28770
28821
30849
28771
28822
30850
28772
28823
30851
28773
28824
30852
28774
28825
30853
28775
28826
30854
28776
28827
30855
28777
28828
30856
28778
28829
30857
28779
28830
30858
28780
28831
30859
28781
28832
30860
28782
28833
30861
28783
28834
30862
28784
28835
30863
28785
28836
30864
28786
28837
30865
28787
28838
30866
28788
28839
30867
28789
28840
30868
28790
28841
30869
28791
28842
30870
28792
28843
30871
28793
28844
30872
28794
28845
30873
28795
28846
30874
28796
28847
30875
28797
28848
30876
28798
28849
30877
28799
28850
30878
28800
28851
30879
28801
28852
30880
28802
28853
30881
28803
28854
30882
28804
28855
30883
28805
28856
30884
28806
28857
30885
28807
28858
30886
28859
30887
28809
28860
30888
28810
28861
30889
28811
28862
30890
28812
28863
30891
28813
28864
30892
28814
28865
30893
28815
28866
30894
28816
28867
30895
28817
28868
30896
28818
28869
30897
28819
28870
30898
28820
28871
30899
28821
28872
30900
28822
28873
30901
28823
28874
30902
28824
28875
30903
28825
28876
30904
28826
28877
30905
28827
28878
30906
28828
28879
30907
28829
28880
30908
28830
28881
30909
28831
28882
30910
28832
28883
30911
28833
28884
30912
28834
28885
30913
28835
28886
30914
28836
28887
30915
28837
28888
30916
28838
28889
30917
28839
28890
30918
28840
28891
30919
28841
28892
30920
28842
28893
30921
28843
28894
30922
28844
28895
30923
28845
28896
30924
28846
28897
30925
28847
28898
30926
28848
28899
30927
28849
28900
30928
28850
28901
30929
28851
28902
30930
28852
28903
30931
28853
28904
30932
28854
28905
30933
28855
28906
30934
28856
28907
30935
28857
28908
30936
28858
28909
30937
28859
28910
30938
28911
30939
28861
28912
30940
28862
28913
30941
28863
28914
30942
28864
28915
30943
28865
28916
30944
28866
28917
30945
28867
28918
30946
28868
28919
30947
28869
28920
30948
28870
28921
30949
28871
28922
30950
28872
28923
30951
28873
28924
30952
28874
28925
30953
28875
28926
30954
28876
28927
30955
28877
28928
30956
28878
28929
30957
28879
28930
30958
28880
28931
30959
28881
28932
30960
28882
28933
30961
28883
28934
30962
28884
28935
30963
28885
28936
30964
28886
28937
30965
28887
28938
30966
28888
28939
30967
28889
28940
30968
28890
28941
30969
28891
28942
30970
28892
28943
30971
28893
28944
30972
28894
28945
30973
28895
28946
30974
28896
28947
30975
28897
28948
30976
28898
28949
30977
28899
28950
30978
28900
28951
30979
28901
28952
30980
28902
28953
30981
28903
28954
30982
28904
28955
30983
28905
28956
30984
28906
28957
30985
28907
28958
30986
28908
28959
30987
28909
28960
30988
28910
28961
30989
28911
28962
30990
28963
30991
28913
28964
30992
28914
28965
30993
28915
28966
30994
28916
28967
30995
28917
28968
30996
28918
28969
30997
28919
28970
30998
28920
28971
30999
28921
28972
31000
28922
28973
31001
28923
28974
31002
28924
28975
31003
28925
28976
31004
28926
28977
31005
28927
28978
31006
28928
28979
31007
28929
28980
31008
28930
28981
31009
28931
28982
31010
28932
28983
31011
28933
28984
31012
28934
28985
31013
28935
28986
31014
28936
28987
31015
28937
28988
31016
28938
28989
31017
28939
28990
31018
28940
28991
31019
28941
28992
31020
28942
28993
31021
28943
28994
31022
28944
28995
31023
28945
28996
31024
28946
28997
31025
28947
28998
31026
28948
28999
31027
28949
29000
31028
28950
29001
31029
28951
29002
31030
28952
29003
31031
28953
29004
31032
28954
29005
31033
28955
29006
31034
28956
29007
31035
28957
29008
31036
28958
29009
31037
28959
29010
31038
28960
29011
31039
28961
29012
31040
28962
29013
31041
28963
29014
31042
29015
31043
28965
29016
31044
28966
29017
31045
28967
29018
31046
28968
29019
31047
28969
29020
31048
28970
29021
31049
28971
29022
31050
28972
29023
31051
28973
29024
31052
28974
29025
31053
28975
29026
31054
28976
29027
31055
28977
29028
31056
28978
29029
31057
28979
29030
31058
28980
29031
31059
28981
29032
31060
28982
29033
31061
28983
29034
31062
28984
29035
31063
28985
29036
31064
28986
29037
31065
28987
29038
31066
28988
29039
31067
28989
29040
31068
28990
29041
31069
28991
29042
31070
28992
29043
31071
28993
29044
31072
28994
29045
31073
28995
29046
31074
28996
29047
31075
28997
29048
31076
28998
29049
31077
28999
29050
31078
29000
29051
31079
29001
29052
31080
29002
29053
31081
29003
29054
31082
29004
29055
31083
29005
29056
31084
29006
29057
31085
29007
29058
31086
29008
29059
31087
29009
29060
31088
29010
29061
31089
29011
29062
31090
29012
29063
31091
29013
29064
31092
29014
29065
31093
29015
29066
31094
29067
31095
29017
29068
31096
29018
29069
31097
29019
29070
31098
29020
29071
31099
29021
29072
31100
29022
29073
31101
29023
29074
31102
29024
29075
31103
29025
29076
31104
29026
29077
31105
29027
29078
31106
29028
29079
31107
29029
29080
31108
29030
29081
31109
29031
29082
31110
29032
29083
31111
29033
29084
31112
29034
29085
31113
29035
29086
31114
29036
29087
31115
29037
29088
31116
29038
29089
31117
29039
29090
31118
29040
29091
31119
29041
29092
31120
29042
29093
31121
29043
29094
31122
29044
29095
31123
29045
29096
31124
29046
29097
31125
29047
29098
31126
29048
29099
31127
29049
29100
31128
29050
29101
31129
29051
29102
31130
29052
29103
31131
29053
29104
31132
29054
29105
31133
29055
29106
31134
29056
29107
31135
29057
29108
31136
29058
29109
31137
29059
29110
31138
29060
29111
31139
29061
29112
31140
29062
29113
31141
29063
29114
31142
29064
29115
31143
29065
29116
31144
29066
29117
31145
29067
29118
31146
29119
31147
29069
31148
29070
31149
29071
31150
29072
31151
29073
31152
29074
31153
29075
31154
29076
31155
29077
31156
29078
31157
29079
31158
29080
31159
29081
31160
29082
31161
29083
31162
29084
31163
29085
31164
29086
31165
29087
31166
29088
31167
29089
31168
29090
31169
29091
31170
29092
31171
29093
31172
29094
31173
29095
31174
29096
31175
29097
31176
29098
31177
29099
31178
29100
31179
29101
31180
29102
31181
29103
31182
29104
31183
29105
31184
29106
31185
29107
31186
29108
31187
29109
31188
29110
31189
29111
31190
29112
31191
29113
31192
29114
31193
29115
31194
29116
31195
29117
31196
29118
31197
29119
31198
31199
29121
29172
31200
29122
29173
31201
29123
29174
31202
29124
29175
31203
29125
29176
31204
29126
29177
31205
29127
29178
31206
29128
29179
31207
29129
29180
31208
29130
29181
31209
29131
29182
31210
29132
29183
31211
29133
29184
31212
29134
29185
31213
29135
29186
31214
29136
29187
31215
29137
29188
31216
29138
29189
31217
29139
29190
31218
29140
29191
31219
29141
29192
31220
29142
29193
31221
29143
29194
31222
29144
29195
31223
29145
29196
31224
29146
29197
31225
29147
29198
31226
29148
29199
31227
29149
29200
31228
29150
29201
31229
29151
29202
31230
29152
29203
31231
29153
29204
31232
29154
29205
31233
29155
29206
31234
29156
29207
31235
29157
29208
31236
29158
29209
31237
29159
29210
31238
29160
29211
31239
29161
29212
31240
29162
29213
31241
29163
29214
31242
29164
29215
31243
29165
29216
31244
29166
29217
31245
29167
29218
31246
29168
29219
31247
29169
29220
31248
29170
29221
31249
29171
29222
31250
29223
31251
29173
29224
31252
29174
29225
31253
29175
29226
31254
29176
29227
31255
29177
29228
31256
29178
29229
31257
29179
29230
31258
29180
29231
31259
29181
29232
31260
29182
29233
31261
29183
29234
31262
29184
29235
31263
29185
29236
31264
29186
29237
31265
29187
29238
31266
29188
29239
31267
29189
29240
31268
29190
29241
31269
29191
29242
31270
29192
29243
31271
29193
29244
31272
29194
29245
31273
29195
29246
31274
29196
29247
31275
29197
29248
31276
29198
29249
31277
29199
29250
31278
29200
29251
31279
29201
29252
31280
29202
29253
31281
29203
29254
31282
29204
29255
31283
29205
29256
31284
29206
29257
31285
29207
29258
31286
29208
29259
31287
29209
29260
31288
29210
29261
31289
29211
29262
31290
29212
29263
31291
29213
29264
31292
29214
29265
31293
29215
29266
31294
29216
29267
31295
29217
29268
31296
29218
29269
31297
29219
29270
31298
29220
29271
31299
29221
29272
31300
29222
29273
31301
29223
29274
31302
29275
31303
29225
29276
31304
29226
29277
31305
29227
29278
31306
29228
29279
31307
29229
29280
31308
29230
29281
31309
29231
29282
31310
29232
29283
31311
29233
29284
31312
29234
29285
31313
29235
29286
31314
29236
29287
31315
29237
29288
31316
29238
29289
31317
29239
29290
31318
29240
29291
31319
29241
29292
31320
29242
29293
31321
29243
29294
31322
29244
29295
31323
29245
29296
31324
29246
29297
31325
29247
29298
31326
29248
29299
31327
29249
29300
31328
29250
29301
31329
29251
29302
31330
29252
29303
31331
29253
29304
31332
29254
29305
31333
29255
29306
31334
29256
29307
31335
29257
29308
31336
29258
29309
31337
29259
29310
31338
29260
29311
31339
29261
29312
31340
29262
29313
31341
29263
29314
31342
29264
29315
31343
29265
29316
31344
29266
29317
31345
29267
29318
31346
29268
29319
31347
29269
29320
31348
29270
29321
31349
29271
29322
31350
29272
29323
31351
29273
29324
31352
29274
29325
31353
29275
29326
31354
29327
31355
29277
29328
31356
29278
29329
31357
29279
29330
31358
29280
29331
31359
29281
29332
31360
29282
29333
31361
29283
29334
31362
29284
29335
31363
29285
29336
31364
29286
29337
31365
29287
29338
31366
29288
29339
31367
29289
29340
31368
29290
29341
31369
29291
29342
31370
29292
29343
31371
29293
29344
31372
29294
29345
31373
29295
29346
31374
29296
29347
31375
29297
29348
31376
29298
29349
31377
29299
29350
31378
29300
29351
31379
29301
29352
31380
29302
29353
31381
29303
29354
31382
29304
29355
31383
29305
29356
31384
29306
29357
31385
29307
29358
31386
29308
29359
31387
29309
29360
31388
29310
29361
31389
29311
29362
31390
29312
29363
31391
29313
29364
31392
29314
29365
31393
29315
29366
31394
29316
29367
31395
29317
29368
31396
29318
29369
31397
29319
29370
31398
29320
29371
31399
29321
29372
31400
29322
29373
31401
29323
29374
31402
29324
29375
31403
29325
29376
31404
29326
29377
31405
29327
29378
31406
29379
31407
29329
29380
31408
29330
29381
31409
29331
29382
31410
29332
29383
31411
29333
29384
31412
29334
29385
31413
29335
29386
31414
29336
29387
31415
29337
29388
31416
29338
29389
31417
29339
29390
31418
29340
29391
31419
29341
29392
31420
29342
29393
31421
29343
29394
31422
29344
29395
31423
29345
29396
31424
29346
29397
31425
29347
29398
31426
29348
29399
31427
29349
29400
31428
29350
29401
31429
29351
29402
31430
29352
29403
31431
29353
29404
31432
29354
29405
31433
29355
29406
31434
29356
29407
31435
29357
29408
31436
29358
29409
31437
29359
29410
31438
29360
29411
31439
29361
29412
31440
29362
29413
31441
29363
29414
31442
29364
29415
31443
29365
29416
31444
29366
29417
31445
29367
29418
31446
29368
29419
31447
29369
29420
31448
29370
29421
31449
29371
29422
31450
29372
29423
31451
29373
29424
31452
29374
29425
31453
29375
29426
31454
29376
29427
31455
29377
29428
31456
29378
29429
31457
29379
29430
31458
29431
31459
29381
29432
31460
29382
29433
31461
29383
29434
31462
29384
29435
31463
29385
29436
31464
29386
29437
31465
29387
29438
31466
29388
29439
31467
29389
29440
31468
29390
29441
31469
29391
29442
31470
29392
29443
31471
29393
29444
31472
29394
29445
31473
29395
29446
31474
29396
29447
31475
29397
29448
31476
29398
29449
31477
29399
29450
31478
29400
29451
31479
29401
29452
31480
29402
29453
31481
29403
29454
31482
29404
29455
31483
29405
29456
31484
29406
29457
31485
29407
29458
31486
29408
29459
31487
29409
29460
31488
29410
29461
31489
29411
29462
31490
29412
29463
31491
29413
29464
31492
29414
29465
31493
29415
29466
31494
29416
29467
31495
29417
29468
31496
29418
29469
31497
29419
29470
31498
29420
29471
31499
29421
29472
31500
29422
29473
31501
29423
29474
31502
29424
29475
31503
29425
29476
31504
29426
29477
31505
29427
29478
31506
29428
29479
31507
29429
29480
31508
29430
29481
31509
29431
29482
31510
29483
31511
29433
29484
31512
29434
29485
31513
29435
29486
31514
29436
29487
31515
29437
29488
31516
29438
29489
31517
29439
29490
31518
29440
29491
31519
29441
29492
31520
29442
29493
31521
29443
29494
31522
29444
29495
31523
29445
29496
31524
29446
29497
31525
29447
29498
31526
29448
29499
31527
29449
29500
31528
29450
29501
31529
29451
29502
31530
29452
29503
31531
29453
29504
31532
29454
29505
31533
29455
29506
31534
29456
29507
31535
29457
29508
31536
29458
29509
31537
29459
29510
31538
29460
29511
31539
29461
29512
31540
29462
29513
31541
29463
29514
31542
29464
29515
31543
29465
29516
31544
29466
29517
31545
29467
29518
31546
29468
29519
31547
29469
29520
31548
29470
29521
31549
29471
29522
31550
29472
29523
31551
29473
29524
31552
29474
29525
31553
29475
29526
31554
29476
29527
31555
29477
29528
31556
29478
29529
31557
29479
29530
31558
29480
29531
31559
29481
29532
31560
29482
29533
31561
29483
29534
31562
29535
31563
29485
29536
31564
29486
29537
31565
29487
29538
31566
29488
29539
31567
29489
29540
31568
29490
29541
31569
29491
29542
31570
29492
29543
31571
29493
29544
31572
29494
29545
31573
29495
29546
31574
29496
29547
31575
29497
29548
31576
29498
29549
31577
29499
29550
31578
29500
29551
31579
29501
29552
31580
29502
29553
31581
29503
29554
31582
29504
29555
31583
29505
29556
31584
29506
29557
31585
29507
29558
31586
29508
29559
31587
29509
29560
31588
29510
29561
31589
29511
29562
31590
29512
29563
31591
29513
29564
31592
29514
29565
31593
29515
29566
31594
29516
29567
31595
29517
29568
31596
29518
29569
31597
29519
29570
31598
29520
29571
31599
29521
29572
31600
29522
29573
31601
29523
29574
31602
29524
29575
31603
29525
29576
31604
29526
29577
31605
29527
29578
31606
29528
29579
31607
29529
29580
31608
29530
29581
31609
29531
29582
31610
29532
29583
31611
29533
29584
31612
29534
29585
31613
29535
29586
31614
29587
31615
29537
29588
31616
29538
29589
31617
29539
29590
31618
29540
29591
31619
29541
29592
31620
29542
29593
31621
29543
29594
31622
29544
29595
31623
29545
29596
31624
29546
29597
31625
29547
29598
31626
29548
29599
31627
29549
29600
31628
29550
29601
31629
29551
29602
31630
29552
29603
31631
29553
29604
31632
29554
29605
31633
29555
29606
31634
29556
29607
31635
29557
29608
31636
29558
29609
31637
29559
29610
31638
29560
29611
31639
29561
29612
31640
29562
29613
31641
29563
29614
31642
29564
29615
31643
29565
29616
31644
29566
29617
31645
29567
29618
31646
29568
29619
31647
29569
29620
31648
29570
29621
31649
29571
29622
31650
29572
29623
31651
29573
29624
31652
29574
29625
31653
29575
29626
31654
29576
29627
31655
29577
29628
31656
29578
29629
31657
29579
29630
31658
29580
29631
31659
29581
29632
31660
29582
29633
31661
29583
29634
31662
29584
29635
31663
29585
29636
31664
29586
29637
31665
29587
29638
31666
29639
31667
29589
29640
31668
29590
29641
31669
29591
29642
31670
29592
29643
31671
29593
29644
31672
29594
29645
31673
29595
29646
31674
29596
29647
31675
29597
29648
31676
29598
29649
31677
29599
29650
31678
29600
29651
31679
29601
29652
31680
29602
29653
31681
29603
29654
31682
29604
29655
31683
29605
29656
31684
29606
29657
31685
29607
29658
31686
29608
29659
31687
29609
29660
31688
29610
29661
31689
29611
29662
31690
29612
29663
31691
29613
29664
31692
29614
29665
31693
29615
29666
31694
29616
29667
31695
29617
29668
31696
29618
29669
31697
29619
29670
31698
29620
29671
31699
29621
29672
31700
29622
29673
31701
29623
29674
31702
29624
29675
31703
29625
29676
31704
29626
29677
31705
29627
29678
31706
29628
29679
31707
29629
29680
31708
29630
29681
31709
29631
29682
31710
29632
29683
31711
29633
29684
31712
29634
29685
31713
29635
29686
31714
29636
29687
31715
29637
29688
31716
29638
29689
31717
29639
29690
31718
29691
31719
29641
29692
31720
29642
29693
31721
29643
29694
31722
29644
29695
31723
29645
29696
31724
29646
29697
31725
29647
29698
31726
29648
29699
31727
29649
29700
31728
29650
29701
31729
29651
29702
31730
29652
29703
31731
29653
29704
31732
29654
29705
31733
29655
29706
31734
29656
29707
31735
29657
29708
31736
29658
29709
31737
29659
29710
31738
29660
29711
31739
29661
29712
31740
29662
29713
31741
29663
29714
31742
29664
29715
31743
29665
29716
31744
29666
29717
31745
29667
29718
31746
29668
29719
31747
29669
29720
31748
29670
29721
31749
29671
29722
31750
29672
29723
31751
29673
29724
31752
29674
29725
31753
29675
29726
31754
29676
29727
31755
29677
29728
31756
29678
29729
31757
29679
29730
31758
29680
29731
31759
29681
29732
31760
29682
29733
31761
29683
29734
31762
29684
29735
31763
29685
29736
31764
29686
29737
31765
29687
29738
31766
29688
29739
31767
29689
29740
31768
29690
29741
31769
29691
29742
31770
29743
31771
29693
29744
31772
29694
29745
31773
29695
29746
31774
29696
29747
31775
29697
29748
31776
29698
29749
31777
29699
29750
31778
29700
29751
31779
29701
29752
31780
29702
29753
31781
29703
29754
31782
29704
29755
31783
29705
29756
31784
29706
29757
31785
29707
29758
31786
29708
29759
31787
29709
29760
31788
29710
29761
31789
29711
29762
31790
29712
29763
31791
29713
29764
31792
29714
29765
31793
29715
29766
31794
29716
29767
31795
29717
29768
31796
29718
29769
31797
29719
29770
31798
29720
29771
31799
29721
29772
31800
29722
29773
31801
29723
29774
31802
29724
29775
31803
29725
29776
31804
29726
29777
31805
29727
29778
31806
29728
29779
31807
29729
29780
31808
29730
29781
31809
29731
29782
31810
29732
29783
31811
29733
29784
31812
29734
29785
31813
29735
29786
31814
29736
29787
31815
29737
29788
31816
29738
29789
31817
29739
29790
31818
29740
29791
31819
29741
29792
31820
29742
29793
31821
29743
29794
31822
29795
31823
29745
29796
31824
29746
29797
31825
29747
29798
31826
29748
29799
31827
29749
29800
31828
29750
29801
31829
29751
29802
31830
29752
29803
31831
29753
29804
31832
29754
29805
31833
29755
29806
31834
29756
29807
31835
29757
29808
31836
29758
29809
31837
29759
29810
31838
29760
29811
31839
29761
29812
31840
29762
29813
31841
29763
29814
31842
29764
29815
31843
29765
29816
31844
29766
29817
31845
29767
29818
31846
29768
29819
31847
29769
29820
31848
29770
29821
31849
29771
29822
31850
29772
29823
31851
29773
29824
31852
29774
29825
31853
29775
29826
31854
29776
29827
31855
29777
29828
31856
29778
29829
31857
29779
29830
31858
29780
29831
31859
29781
29832
31860
29782
29833
31861
29783
29834
31862
29784
29835
31863
29785
29836
31864
29786
29837
31865
29787
29838
31866
29788
29839
31867
29789
29840
31868
29790
29841
31869
29791
29842
31870
29792
29843
31871
29793
29844
31872
29794
29845
31873
29795
29846
31874
29847
31875
29797
29848
31876
29798
29849
31877
29799
29850
31878
29800
29851
31879
29801
29852
31880
29802
29853
31881
29803
29854
31882
29804
29855
31883
29805
29856
31884
29806
29857
31885
29807
29858
31886
29808
29859
31887
29809
29860
31888
29810
29861
31889
29811
29862
31890
29812
29863
31891
29813
29864
31892
29814
29865
31893
29815
29866
31894
29816
29867
31895
29817
29868
31896
29818
29869
31897
29819
29870
31898
29820
29871
31899
29821
29872
31900
29822
29873
31901
29823
29874
31902
29824
29875
31903
29825
29876
31904
29826
29877
31905
29827
29878
31906
29828
29879
31907
29829
29880
31908
29830
29881
31909
29831
29882
31910
29832
29883
31911
29833
29884
31912
29834
29885
31913
29835
29886
31914
29836
29887
31915
29837
29888
31916
29838
29889
31917
29839
29890
31918
29840
29891
31919
29841
29892
31920
29842
29893
31921
29843
29894
31922
29844
29895
31923
29845
29896
31924
29846
29897
31925
29847
29898
31926
29899
31927
29849
29900
31928
29850
29901
31929
29851
29902
31930
29852
29903
31931
29853
29904
31932
29854
29905
31933
29855
29906
31934
29856
29907
31935
29857
29908
31936
29858
29909
31937
29859
29910
31938
29860
29911
31939
29861
29912
31940
29862
29913
31941
29863
29914
31942
29864
29915
31943
29865
29916
31944
29866
29917
31945
29867
29918
31946
29868
29919
31947
29869
29920
31948
29870
29921
31949
29871
29922
31950
29872
29923
31951
29873
29924
31952
29874
29925
31953
29875
29926
31954
29876
29927
31955
29877
29928
31956
29878
29929
31957
29879
29930
31958
29880
29931
31959
29881
29932
31960
29882
29933
31961
29883
29934
31962
29884
29935
31963
29885
29936
31964
29886
29937
31965
29887
29938
31966
29888
29939
31967
29889
29940
31968
29890
29941
31969
29891
29942
31970
29892
29943
31971
29893
29944
31972
29894
29945
31973
29895
29946
31974
29896
29947
31975
29897
29948
31976
29898
29949
31977
29899
29950
31978
29951
31979
29901
29952
31980
29902
29953
31981
29903
29954
31982
29904
29955
31983
29905
29956
31984
29906
29957
31985
29907
29958
31986
29908
29959
31987
29909
29960
31988
29910
29961
31989
29911
29962
31990
29912
29963
31991
29913
29964
31992
29914
29965
31993
29915
29966
31994
29916
29967
31995
29917
29968
31996
29918
29969
31997
29919
29970
31998
29920
29971
31999
29921
29972
32000
29922
29973
32001
29923
29974
32002
29924
29975
32003
29925
29976
32004
29926
29977
32005
29927
29978
32006
29928
29979
32007
29929
29980
32008
29930
29981
32009
29931
29982
32010
29932
29983
32011
29933
29984
32012
29934
29985
32013
29935
29986
32014
29936
29987
32015
29937
29988
32016
29938
29989
32017
29939
29990
32018
29940
29991
32019
29941
29992
32020
29942
29993
32021
29943
29994
32022
29944
29995
32023
29945
29996
32024
29946
29997
32025
29947
29998
32026
29948
29999
32027
29949
30000
32028
29950
30001
32029
29951
30002
32030
30003
32031
29953
30004
32032
29954
30005
32033
29955
30006
32034
29956
30007
32035
29957
30008
32036
29958
30009
32037
29959
30010
32038
29960
30011
32039
29961
30012
32040
29962
30013
32041
29963
30014
32042
29964
30015
32043
29965
30016
32044
29966
30017
32045
29967
30018
32046
29968
30019
32047
29969
30020
32048
29970
30021
32049
29971
30022
32050
29972
30023
32051
29973
30024
32052
29974
30025
32053
29975
30026
32054
29976
30027
32055
29977
30028
32056
29978
30029
32057
29979
30030
32058
29980
30031
32059
29981
30032
32060
29982
30033
32061
29983
30034
32062
29984
30035
32063
29985
30036
32064
29986
30037
32065
29987
30038
32066
29988
30039
32067
29989
30040
32068
29990
30041
32069
29991
30042
32070
29992
30043
32071
29993
30044
32072
29994
30045
32073
29995
30046
32074
29996
30047
32075
29997
30048
32076
29998
30049
32077
29999
30050
32078
30000
30051
32079
30001
30052
32080
30002
30053
32081
30003
30054
32082
30055
32083
30005
30056
32084
30006
30057
32085
30007
30058
32086
30008
30059
32087
30009
30060
32088
30010
30061
32089
30011
30062
32090
30012
30063
32091
30013
30064
32092
30014
30065
32093
30015
30066
32094
30016
30067
32095
30017
30068
32096
30018
30069
32097
30019
30070
32098
30020
30071
32099
30021
30072
32100
30022
30073
32101
30023
30074
32102
30024
30075
32103
30025
30076
32104
30026
30077
32105
30027
30078
32106
30028
30079
32107
30029
30080
32108
30030
30081
32109
30031
30082
32110
30032
30083
32111
30033
30084
32112
30034
30085
32113
30035
30086
32114
30036
30087
32115
30037
30088
32116
30038
30089
32117
30039
30090
32118
30040
30091
32119
30041
30092
32120
30042
30093
32121
30043
30094
32122
30044
30095
32123
30045
30096
32124
30046
30097
32125
30047
30098
32126
30048
30099
32127
30049
30100
32128
30050
30101
32129
30051
30102
32130
30052
30103
32131
30053
30104
32132
30054
30105
32133
30055
30106
32134
30107
32135
30057
30108
32136
30058
30109
32137
30059
30110
32138
30060
30111
32139
30061
30112
32140
30062
30113
32141
30063
30114
32142
30064
30115
32143
30065
30116
32144
30066
30117
32145
30067
30118
32146
30068
30119
32147
30069
30120
32148
30070
30121
32149
30071
30122
32150
30072
30123
32151
30073
30124
32152
30074
30125
32153
30075
30126
32154
30076
30127
32155
30077
30128
32156
30078
30129
32157
30079
30130
32158
30080
30131
32159
30081
30132
32160
30082
30133
32161
30083
30134
32162
30084
30135
32163
30085
30136
32164
30086
30137
32165
30087
30138
32166
30088
30139
32167
30089
30140
32168
30090
30141
32169
30091
30142
32170
30092
30143
32171
30093
30144
32172
30094
30145
32173
30095
30146
32174
30096
30147
32175
30097
30148
32176
30098
30149
32177
30099
30150
32178
30100
30151
32179
30101
30152
32180
30102
30153
32181
30103
30154
32182
30104
30155
32183
30105
30156
32184
30106
30157
32185
30107
30158
32186
30159
32187
30109
30160
32188
30110
30161
32189
30111
30162
32190
30112
30163
32191
30113
30164
32192
30114
30165
32193
30115
30166
32194
30116
30167
32195
30117
30168
32196
30118
30169
32197
30119
30170
32198
30120
30171
32199
30121
30172
32200
30122
30173
32201
30123
30174
32202
30124
30175
32203
30125
30176
32204
30126
30177
32205
30127
30178
32206
30128
30179
32207
30129
30180
32208
30130
30181
32209
30131
30182
32210
30132
30183
32211
30133
30184
32212
30134
30185
32213
30135
30186
32214
30136
30187
32215
30137
30188
32216
30138
30189
32217
30139
30190
32218
30140
30191
32219
30141
30192
32220
30142
30193
32221
30143
30194
32222
30144
30195
32223
30145
30196
32224
30146
30197
32225
30147
30198
32226
30148
30199
32227
30149
30200
32228
30150
30201
32229
30151
30202
32230
30152
30203
32231
30153
30204
32232
30154
30205
32233
30155
30206
32234
30156
30207
32235
30157
30208
32236
30158
30209
32237
30159
30210
32238
30211
32239
30161
30212
32240
30162
30213
32241
30163
30214
32242
30164
30215
32243
30165
30216
32244
30166
30217
32245
30167
30218
32246
30168
30219
32247
30169
30220
32248
30170
30221
32249
30171
30222
32250
30172
30223
32251
30173
30224
32252
30174
30225
32253
30175
30226
32254
30176
30227
32255
30177
30228
32256
30178
30229
32257
30179
30230
32258
30180
30231
32259
30181
30232
32260
30182
30233
32261
30183
30234
32262
30184
30235
32263
30185
30236
32264
30186
30237
32265
30187
30238
32266
30188
30239
32267
30189
30240
32268
30190
30241
32269
30191
30242
32270
30192
30243
32271
30193
30244
32272
30194
30245
32273
30195
30246
32274
30196
30247
32275
30197
30248
32276
30198
30249
32277
30199
30250
32278
30200
30251
32279
30201
30252
32280
30202
30253
32281
30203
30254
32282
30204
30255
32283
30205
30256
32284
30206
30257
32285
30207
30258
32286
30208
30259
32287
30209
30260
32288
30210
30261
32289
30211
30262
32290
30263
32291
30213
30264
32292
30214
30265
32293
30215
30266
32294
30216
30267
32295
30217
30268
32296
30218
30269
32297
30219
30270
32298
30220
30271
32299
30221
30272
32300
30222
30273
32301
30223
30274
32302
30224
30275
32303
30225
30276
32304
30226
30277
32305
30227
30278
32306
30228
30279
32307
30229
30280
32308
30230
30281
32309
30231
30282
32310
30232
30283
32311
30233
30284
32312
30234
30285
32313
30235
30286
32314
30236
30287
32315
30237
30288
32316
30238
30289
32317
30239
30290
32318
30240
30291
32319
30241
30292
32320
30242
30293
32321
30243
30294
32322
30244
30295
32323
30245
30296
32324
30246
30297
32325
30247
30298
32326
30248
30299
32327
30249
30300
32328
30250
30301
32329
30251
30302
32330
30252
30303
32331
30253
30304
32332
30254
30305
32333
30255
30306
32334
30256
30307
32335
30257
30308
32336
30258
30309
32337
30259
30310
32338
30260
30311
32339
30261
30312
32340
30262
30313
32341
30263
30314
32342
30315
32343
30265
30316
32344
30266
30317
32345
30267
30318
32346
30268
30319
32347
30269
30320
32348
30270
30321
32349
30271
30322
32350
30272
30323
32351
30273
30324
32352
30274
30325
32353
30275
30326
32354
30276
30327
32355
30277
30328
32356
30278
30329
32357
30279
30330
32358
30280
30331
32359
30281
30332
32360
30282
30333
32361
30283
30334
32362
30284
30335
32363
30285
30336
32364
30286
30337
32365
30287
30338
32366
30288
30339
32367
30289
30340
32368
30290
30341
32369
30291
30342
32370
30292
30343
32371
30293
30344
32372
30294
30345
32373
30295
30346
32374
30296
30347
32375
30297
30348
32376
30298
30349
32377
30299
30350
32378
30300
30351
32379
30301
30352
32380
30302
30353
32381
30303
30354
32382
30304
30355
32383
30305
30356
32384
30306
30357
32385
30307
30358
32386
30308
30359
32387
30309
30360
32388
30310
30361
32389
30311
30362
32390
30312
30363
32391
30313
30364
32392
30314
30365
32393
30315
30366
32394
30367
32395
30317
30368
32396
30318
30369
32397
30319
30370
32398
30320
30371
32399
30321
30372
32400
30322
30373
32401
30323
30374
32402
30324
30375
32403
30325
30376
32404
30326
30377
32405
30327
30378
32406
30328
30379
32407
30329
30380
32408
30330
30381
32409
30331
30382
32410
30332
30383
32411
30333
30384
32412
30334
30385
32413
30335
30386
32414
30336
30387
32415
30337
30388
32416
30338
30389
32417
30339
30390
32418
30340
30391
32419
30341
30392
32420
30342
30393
32421
30343
30394
32422
30344
30395
32423
30345
30396
32424
30346
30397
32425
30347
30398
32426
30348
30399
32427
30349
30400
32428
30350
30401
32429
30351
30402
32430
30352
30403
32431
30353
30404
32432
30354
30405
32433
30355
30406
32434
30356
30407
32435
30357
30408
32436
30358
30409
32437
30359
30410
32438
30360
30411
32439
30361
30412
32440
30362
30413
32441
30363
30414
32442
30364
30415
32443
30365
30416
32444
30366
30417
32445
30367
30418
32446
30419
32447
30369
30420
32448
30370
30421
32449
30371
30422
32450
30372
30423
32451
30373
30424
32452
30374
30425
32453
30375
30426
32454
30376
30427
32455
30377
30428
32456
30378
30429
32457
30379
30430
32458
30380
30431
32459
30381
30432
32460
30382
30433
32461
30383
30434
32462
30384
30435
32463
30385
30436
32464
30386
30437
32465
30387
30438
32466
30388
30439
32467
30389
30440
32468
30390
30441
32469
30391
30442
32470
30392
30443
32471
30393
30444
32472
30394
30445
32473
30395
30446
32474
30396
30447
32475
30397
30448
32476
30398
30449
32477
30399
30450
32478
30400
30451
32479
30401
30452
32480
30402
30453
32481
30403
30454
32482
30404
30455
32483
30405
30456
32484
30406
30457
32485
30407
30458
32486
30408
30459
32487
30409
30460
32488
30410
30461
32489
30411
30462
32490
30412
30463
32491
30413
30464
32492
30414
30465
32493
30415
30466
32494
30416
30467
32495
30417
30468
32496
30418
30469
32497
30419
30470
32498
30471
32499
30421
30472
32500
30422
30473
32501
30423
30474
32502
30424
30475
32503
30425
30476
32504
30426
30477
32505
30427
30478
32506
30428
30479
32507
30429
30480
32508
30430
30481
32509
30431
30482
32510
30432
30483
32511
30433
30484
32512
30434
30485
32513
30435
30486
32514
30436
30487
32515
30437
30488
32516
30438
30489
32517
30439
30490
32518
30440
30491
32519
30441
30492
32520
30442
30493
32521
30443
30494
32522
30444
30495
32523
30445
30496
32524
30446
30497
32525
30447
30498
32526
30448
30499
32527
30449
30500
32528
30450
30501
32529
30451
30502
32530
30452
30503
32531
30453
30504
32532
30454
30505
32533
30455
30506
32534
30456
30507
32535
30457
30508
32536
30458
30509
32537
30459
30510
32538
30460
30511
32539
30461
30512
32540
30462
30513
32541
30463
30514
32542
30464
30515
32543
30465
30516
32544
30466
30517
32545
30467
30518
32546
30468
30519
32547
30469
30520
32548
30470
30521
32549
30471
30522
32550
30523
32551
30473
30524
32552
30474
30525
32553
30475
30526
32554
30476
30527
32555
30477
30528
32556
30478
30529
32557
30479
30530
32558
30480
30531
32559
30481
30532
32560
30482
30533
32561
30483
30534
32562
30484
30535
32563
30485
30536
32564
30486
30537
32565
30487
30538
32566
30488
30539
32567
30489
30540
32568
30490
30541
32569
30491
30542
32570
30492
30543
32571
30493
30544
32572
30494
30545
32573
30495
30546
32574
30496
30547
32575
30497
30548
32576
30498
30549
32577
30499
30550
32578
30500
30551
32579
30501
30552
32580
30502
30553
32581
30503
30554
32582
30504
30555
32583
30505
30556
32584
30506
30557
32585
30507
30558
32586
30508
30559
32587
30509
30560
32588
30510
30561
32589
30511
30562
32590
30512
30563
32591
30513
30564
32592
30514
30565
32593
30515
30566
32594
30516
30567
32595
30517
30568
32596
30518
30569
32597
30519
30570
32598
30520
30571
32599
30521
30572
32600
30522
30573
32601
30523
30574
32602
30575
32603
30525
30576
32604
30526
30577
32605
30527
30578
32606
30528
30579
32607
30529
30580
32608
30530
30581
32609
30531
30582
32610
30532
30583
32611
30533
30584
32612
30534
30585
32613
30535
30586
32614
30536
30587
32615
30537
30588
32616
30538
30589
32617
30539
30590
32618
30540
30591
32619
30541
30592
32620
30542
30593
32621
30543
30594
32622
30544
30595
32623
30545
30596
32624
30546
30597
32625
30547
30598
32626
30548
30599
32627
30549
30600
32628
30550
30601
32629
30551
30602
32630
30552
30603
32631
30553
30604
32632
30554
30605
32633
30555
30606
32634
30556
30607
32635
30557
30608
32636
30558
30609
32637
30559
30610
32638
30560
30611
32639
30561
30612
32640
30562
30613
32641
30563
30614
32642
30564
30615
32643
30565
30616
32644
30566
30617
32645
30567
30618
32646
30568
30619
32647
30569
30620
32648
30570
30621
32649
30571
30622
32650
30572
30623
32651
30573
30624
32652
30574
30625
32653
30575
30626
32654
30627
32655
30577
30628
32656
30578
30629
32657
30579
30630
32658
30580
30631
32659
30581
30632
32660
30582
30633
32661
30583
30634
32662
30584
30635
32663
30585
30636
32664
30586
30637
32665
30587
30638
32666
30588
30639
32667
30589
30640
32668
30590
30641
32669
30591
30642
32670
30592
30643
32671
30593
30644
32672
30594
30645
32673
30595
30646
32674
30596
30647
32675
30597
30648
32676
30598
30649
32677
30599
30650
32678
30600
30651
32679
30601
30652
32680
30602
30653
32681
30603
30654
32682
30604
30655
32683
30605
30656
32684
30606
30657
32685
30607
30658
32686
30608
30659
32687
30609
30660
32688
30610
30661
32689
30611
30662
32690
30612
30663
32691
30613
30664
32692
30614
30665
32693
30615
30666
32694
30616
30667
32695
30617
30668
32696
30618
30669
32697
30619
30670
32698
30620
30671
32699
30621
30672
32700
30622
30673
32701
30623
30674
32702
30624
30675
32703
30625
30676
32704
30626
30677
32705
30627
30678
32706
30679
32707
30629
30680
32708
30630
30681
32709
30631
30682
32710
30632
30683
32711
30633
30684
32712
30634
30685
32713
30635
30686
32714
30636
30687
32715
30637
30688
32716
30638
30689
32717
30639
30690
32718
30640
30691
32719
30641
30692
32720
30642
30693
32721
30643
30694
32722
30644
30695
32723
30645
30696
32724
30646
30697
32725
30647
30698
32726
30648
30699
32727
30649
30700
32728
30650
30701
32729
30651
30702
32730
30652
30703
32731
30653
30704
32732
30654
30705
32733
30655
30706
32734
30656
30707
32735
30657
30708
32736
30658
30709
32737
30659
30710
32738
30660
30711
32739
30661
30712
32740
30662
30713
32741
30663
30714
32742
30664
30715
32743
30665
30716
32744
30666
30717
32745
30667
30718
32746
30668
30719
32747
30669
30720
32748
30670
30721
32749
30671
30722
32750
30672
30723
32751
30673
30724
32752
30674
30725
32753
30675
30726
32754
30676
30727
32755
30677
30728
32756
30678
30729
32757
30679
30730
32758
30731
32759
30681
30732
32760
30682
30733
32761
30683
30734
32762
30684
30735
32763
30685
30736
32764
30686
30737
32765
30687
30738
32766
30688
30739
32767
30689
30740
32768
30690
30741
32769
30691
30742
32770
30692
30743
32771
30693
30744
32772
30694
30745
32773
30695
30746
32774
30696
30747
32775
30697
30748
32776
30698
30749
32777
30699
30750
32778
30700
30751
32779
30701
30752
32780
30702
30753
32781
30703
30754
32782
30704
30755
32783
30705
30756
32784
30706
30757
32785
30707
30758
32786
30708
30759
32787
30709
30760
32788
30710
30761
32789
30711
30762
32790
30712
30763
32791
30713
30764
32792
30714
30765
32793
30715
30766
32794
30716
30767
32795
30717
30768
32796
30718
30769
32797
30719
30770
32798
30720
30771
32799
30721
30772
32800
30722
30773
32801
30723
30774
32802
30724
30775
32803
30725
30776
32804
30726
30777
32805
30727
30778
32806
30728
30779
32807
30729
30780
32808
30730
30781
32809
30731
30782
32810
30783
32811
30733
30784
32812
30734
30785
32813
30735
30786
32814
30736
30787
32815
30737
30788
32816
30738
30789
32817
30739
30790
32818
30740
30791
32819
30741
30792
32820
30742
30793
32821
30743
30794
32822
30744
30795
32823
30745
30796
32824
30746
30797
32825
30747
30798
32826
30748
30799
32827
30749
30800
32828
30750
30801
32829
30751
30802
32830
30752
30803
32831
30753
30804
32832
30754
30805
32833
30755
30806
32834
30756
30807
32835
30757
30808
32836
30758
30809
32837
30759
30810
32838
30760
30811
32839
30761
30812
32840
30762
30813
32841
30763
30814
32842
30764
30815
32843
30765
30816
32844
30766
30817
32845
30767
30818
32846
30768
30819
32847
30769
30820
32848
30770
30821
32849
30771
30822
32850
30772
30823
32851
30773
30824
32852
30774
30825
32853
30775
30826
32854
30776
30827
32855
30777
30828
32856
30778
30829
32857
30779
30830
32858
30780
30831
32859
30781
30832
32860
30782
30833
32861
30783
30834
32862
30835
32863
30785
30836
32864
30786
30837
32865
30787
30838
32866
30788
30839
32867
30789
30840
32868
30790
30841
32869
30791
30842
32870
30792
30843
32871
30793
30844
32872
30794
30845
32873
30795
30846
32874
30796
30847
32875
30797
30848
32876
30798
30849
32877
30799
30850
32878
30800
30851
32879
30801
30852
32880
30802
30853
32881
30803
30854
32882
30804
30855
32883
30805
30856
32884
30806
30857
32885
30807
30858
32886
30808
30859
32887
30809
30860
32888
30810
30861
32889
30811
30862
32890
30812
30863
32891
30813
30864
32892
30814
30865
32893
30815
30866
32894
30816
30867
32895
30817
30868
32896
30818
30869
32897
30819
30870
32898
30820
30871
32899
30821
30872
32900
30822
30873
32901
30823
30874
32902
30824
30875
32903
30825
30876
32904
30826
30877
32905
30827
30878
32906
30828
30879
32907
30829
30880
32908
30830
30881
32909
30831
30882
32910
30832
30883
32911
30833
30884
32912
30834
30885
32913
30835
30886
32914
30887
32915
30837
30888
32916
30838
30889
32917
30839
30890
32918
30840
30891
32919
30841
30892
32920
30842
30893
32921
30843
30894
32922
30844
30895
32923
30845
30896
32924
30846
30897
32925
30847
30898
32926
30848
30899
32927
30849
30900
32928
30850
30901
32929
30851
30902
32930
30852
30903
32931
30853
30904
32932
30854
30905
32933
30855
30906
32934
30856
30907
32935
30857
30908
32936
30858
30909
32937
30859
30910
32938
30860
30911
32939
30861
30912
32940
30862
30913
32941
30863
30914
32942
30864
30915
32943
30865
30916
32944
30866
30917
32945
30867
30918
32946
30868
30919
32947
30869
30920
32948
30870
30921
32949
30871
30922
32950
30872
30923
32951
30873
30924
32952
30874
30925
32953
30875
30926
32954
30876
30927
32955
30877
30928
32956
30878
30929
32957
30879
30930
32958
30880
30931
32959
30881
30932
32960
30882
30933
32961
30883
30934
32962
30884
30935
32963
30885
30936
32964
30886
30937
32965
30887
30938
32966
30939
32967
30889
30940
32968
30890
30941
32969
30891
30942
32970
30892
30943
32971
30893
30944
32972
30894
30945
32973
30895
30946
32974
30896
30947
32975
30897
30948
32976
30898
30949
32977
30899
30950
32978
30900
30951
32979
30901
30952
32980
30902
30953
32981
30903
30954
32982
30904
30955
32983
30905
30956
32984
30906
30957
32985
30907
30958
32986
30908
30959
32987
30909
30960
32988
30910
30961
32989
30911
30962
32990
30912
30963
32991
30913
30964
32992
30914
30965
32993
30915
30966
32994
30916
30967
32995
30917
30968
32996
30918
30969
32997
30919
30970
32998
30920
30971
32999
30921
30972
33000
30922
30973
33001
30923
30974
33002
30924
30975
33003
30925
30976
33004
30926
30977
33005
30927
30978
33006
30928
30979
33007
30929
30980
33008
30930
30981
33009
30931
30982
33010
30932
30983
33011
30933
30984
33012
30934
30985
33013
30935
30986
33014
30936
30987
33015
30937
30988
33016
30938
30989
33017
30939
30990
33018
30991
33019
30941
30992
33020
30942
30993
33021
30943
30994
33022
30944
30995
33023
30945
30996
33024
30946
30997
33025
30947
30998
33026
30948
30999
33027
30949
31000
33028
30950
31001
33029
30951
31002
33030
30952
31003
33031
30953
31004
33032
30954
31005
33033
30955
31006
33034
30956
31007
33035
30957
31008
33036
30958
31009
33037
30959
31010
33038
30960
31011
33039
30961
31012
33040
30962
31013
33041
30963
31014
33042
30964
31015
33043
30965
31016
33044
30966
31017
33045
30967
31018
33046
30968
31019
33047
30969
31020
33048
30970
31021
33049
30971
31022
33050
30972
31023
33051
30973
31024
33052
30974
31025
33053
30975
31026
33054
30976
31027
33055
30977
31028
33056
30978
31029
33057
30979
31030
33058
30980
31031
33059
30981
31032
33060
30982
31033
33061
30983
31034
33062
30984
31035
33063
30985
31036
33064
30986
31037
33065
30987
31038
33066
30988
31039
33067
30989
31040
33068
30990
31041
33069
30991
31042
33070
31043
33071
30993
31044
33072
30994
31045
33073
30995
31046
33074
30996
31047
33075
30997
31048
33076
30998
31049
33077
30999
31050
33078
31000
31051
33079
31001
31052
33080
31002
31053
33081
31003
31054
33082
31004
31055
33083
31005
31056
33084
31006
31057
33085
31007
31058
33086
31008
31059
33087
31009
31060
33088
31010
31061
33089
31011
31062
33090
31012
31063
33091
31013
31064
33092
31014
31065
33093
31015
31066
33094
31016
31067
33095
31017
31068
33096
31018
31069
33097
31019
31070
33098
31020
31071
33099
31021
31072
33100
31022
31073
33101
31023
31074
33102
31024
31075
33103
31025
31076
33104
31026
31077
33105
31027
31078
33106
31028
31079
33107
31029
31080
33108
31030
31081
33109
31031
31082
33110
31032
31083
33111
31033
31084
33112
31034
31085
33113
31035
31086
33114
31036
31087
33115
31037
31088
33116
31038
31089
33117
31039
31090
33118
31040
31091
33119
31041
31092
33120
31042
31093
33121
31043
31094
33122
31095
33123
31045
31096
33124
31046
31097
33125
31047
31098
33126
31048
31099
33127
31049
31100
33128
31050
31101
33129
31051
31102
33130
31052
31103
33131
31053
31104
33132
31054
31105
33133
31055
31106
33134
31056
31107
33135
31057
31108
33136
31058
31109
33137
31059
31110
33138
31060
31111
33139
31061
31112
33140
31062
31113
33141
31063
31114
33142
31064
31115
33143
31065
31116
33144
31066
31117
33145
31067
31118
33146
31068
31119
33147
31069
31120
33148
31070
31121
33149
31071
31122
33150
31072
31123
33151
31073
31124
33152
31074
31125
33153
31075
31126
33154
31076
31127
33155
31077
31128
33156
31078
31129
33157
31079
31130
33158
31080
31131
33159
31081
31132
33160
31082
31133
33161
31083
31134
33162
31084
31135
33163
31085
31136
33164
31086
31137
33165
31087
31138
33166
31088
31139
33167
31089
31140
33168
31090
31141
33169
31091
31142
33170
31092
31143
33171
31093
31144
33172
31094
31145
33173
31095
31146
33174
31147
33175
31097
31148
33176
31098
31149
33177
31099
31150
33178
31100
31151
33179
31101
31152
33180
31102
31153
33181
31103
31154
33182
31104
31155
33183
31105
31156
33184
31106
31157
33185
31107
31158
33186
31108
31159
33187
31109
31160
33188
31110
31161
33189
31111
31162
33190
31112
31163
33191
31113
31164
33192
31114
31165
33193
31115
31166
33194
31116
31167
33195
31117
31168
33196
31118
31169
33197
31119
31170
33198
31120
31171
33199
31121
31172
33200
31122
31173
33201
31123
31174
33202
31124
31175
33203
31125
31176
33204
31126
31177
33205
31127
31178
33206
31128
31179
33207
31129
31180
33208
31130
31181
33209
31131
31182
33210
31132
31183
33211
31133
31184
33212
31134
31185
33213
31135
31186
33214
31136
31187
33215
31137
31188
33216
31138
31189
33217
31139
31190
33218
31140
31191
33219
31141
31192
33220
31142
31193
33221
31143
31194
33222
31144
31195
33223
31145
31196
33224
31146
31197
33225
31147
31198
33226
31199
33227
31149
33228
31150
33229
31151
33230
31152
33231
31153
33232
31154
33233
31155
33234
31156
33235
31157
33236
31158
33237
31159
33238
31160
33239
31161
33240
31162
33241
31163
33242
31164
33243
31165
33244
31166
33245
31167
33246
31168
33247
31169
33248
31170
33249
31171
33250
31172
33251
31173
33252
31174
33253
31175
33254
31176
33255
31177
33256
31178
33257
31179
33258
31180
33259
31181
33260
31182
33261
31183
33262
31184
33263
31185
33264
31186
33265
31187
33266
31188
33267
31189
33268
31190
33269
31191
33270
31192
33271
31193
33272
31194
33273
31195
33274
31196
33275
31197
33276
31198
33277
31199
33278
33279
31201
31252
33280
31202
31253
33281
31203
31254
33282
31204
31255
33283
31205
31256
33284
31206
31257
33285
31207
31258
33286
31208
31259
33287
31209
31260
33288
31210
31261
33289
31211
31262
33290
31212
31263
33291
31213
31264
33292
31214
31265
33293
31215
31266
33294
31216
31267
33295
31217
31268
33296
31218
31269
33297
31219
31270
33298
31220
31271
33299
31221
31272
33300
31222
31273
33301
31223
31274
33302
31224
31275
33303
31225
31276
33304
31226
31277
33305
31227
31278
33306
31228
31279
33307
31229
31280
33308
31230
31281
33309
31231
31282
33310
31232
31283
33311
31233
31284
33312
31234
31285
33313
31235
31286
33314
31236
31287
33315
31237
31288
33316
31238
31289
33317
31239
31290
33318
31240
31291
33319
31241
31292
33320
31242
31293
33321
31243
31294
33322
31244
31295
33323
31245
31296
33324
31246
31297
33325
31247
31298
33326
31248
31299
33327
31249
31300
33328
31250
31301
33329
31251
31302
33330
31303
33331
31253
31304
33332
31254
31305
33333
31255
31306
33334
31256
31307
33335
31257
31308
33336
31258
31309
33337
31259
31310
33338
31260
31311
33339
31261
31312
33340
31262
31313
33341
31263
31314
33342
31264
31315
33343
31265
31316
33344
31266
31317
33345
31267
31318
33346
31268
31319
33347
31269
31320
33348
31270
31321
33349
31271
31322
33350
31272
31323
33351
31273
31324
33352
31274
31325
33353
31275
31326
33354
31276
31327
33355
31277
31328
33356
31278
31329
33357
31279
31330
33358
31280
31331
33359
31281
31332
33360
31282
31333
33361
31283
31334
33362
31284
31335
33363
31285
31336
33364
31286
31337
33365
31287
31338
33366
31288
31339
33367
31289
31340
33368
31290
31341
33369
31291
31342
33370
31292
31343
33371
31293
31344
33372
31294
31345
33373
31295
31346
33374
31296
31347
33375
31297
31348
33376
31298
31349
33377
31299
31350
33378
31300
31351
33379
31301
31352
33380
31302
31353
33381
31303
31354
33382
31355
33383
31305
31356
33384
31306
31357
33385
31307
31358
33386
31308
31359
33387
31309
31360
33388
31310
31361
33389
31311
31362
33390
31312
31363
33391
31313
31364
33392
31314
31365
33393
31315
31366
33394
31316
31367
33395
31317
31368
33396
31318
31369
33397
31319
31370
33398
31320
31371
33399
31321
31372
33400
31322
31373
33401
31323
31374
33402
31324
31375
33403
31325
31376
33404
31326
31377
33405
31327
31378
33406
31328
31379
33407
31329
31380
33408
31330
31381
33409
31331
31382
33410
31332
31383
33411
31333
31384
33412
31334
31385
33413
31335
31386
33414
31336
31387
33415
31337
31388
33416
31338
31389
33417
31339
31390
33418
31340
31391
33419
31341
31392
33420
31342
31393
33421
31343
31394
33422
31344
31395
33423
31345
31396
33424
31346
31397
33425
31347
31398
33426
31348
31399
33427
31349
31400
33428
31350
31401
33429
31351
31402
33430
31352
31403
33431
31353
31404
33432
31354
31405
33433
31355
31406
33434
31407
33435
31357
31408
33436
31358
31409
33437
31359
31410
33438
31360
31411
33439
31361
31412
33440
31362
31413
33441
31363
31414
33442
31364
31415
33443
31365
31416
33444
31366
31417
33445
31367
31418
33446
31368
31419
33447
31369
31420
33448
31370
31421
33449
31371
31422
33450
31372
31423
33451
31373
31424
33452
31374
31425
33453
31375
31426
33454
31376
31427
33455
31377
31428
33456
31378
31429
33457
31379
31430
33458
31380
31431
33459
31381
31432
33460
31382
31433
33461
31383
31434
33462
31384
31435
33463
31385
31436
33464
31386
31437
33465
31387
31438
33466
31388
31439
33467
31389
31440
33468
31390
31441
33469
31391
31442
33470
31392
31443
33471
31393
31444
33472
31394
31445
33473
31395
31446
33474
31396
31447
33475
31397
31448
33476
31398
31449
33477
31399
31450
33478
31400
31451
33479
31401
31452
33480
31402
31453
33481
31403
31454
33482
31404
31455
33483
31405
31456
33484
31406
31457
33485
31407
31458
33486
31459
33487
31409
31460
33488
31410
31461
33489
31411
31462
33490
31412
31463
33491
31413
31464
33492
31414
31465
33493
31415
31466
33494
31416
31467
33495
31417
31468
33496
31418
31469
33497
31419
31470
33498
31420
31471
33499
31421
31472
33500
31422
31473
33501
31423
31474
33502
31424
31475
33503
31425
31476
33504
31426
31477
33505
31427
31478
33506
31428
31479
33507
31429
31480
33508
31430
31481
33509
31431
31482
33510
31432
31483
33511
31433
31484
33512
31434
31485
33513
31435
31486
33514
31436
31487
33515
31437
31488
33516
31438
31489
33517
31439
31490
33518
31440
31491
33519
31441
31492
33520
31442
31493
33521
31443
31494
33522
31444
31495
33523
31445
31496
33524
31446
31497
33525
31447
31498
33526
31448
31499
33527
31449
31500
33528
31450
31501
33529
31451
31502
33530
31452
31503
33531
31453
31504
33532
31454
31505
33533
31455
31506
33534
31456
31507
33535
31457
31508
33536
31458
31509
33537
31459
31510
33538
31511
33539
31461
31512
33540
31462
31513
33541
31463
31514
33542
31464
31515
33543
31465
31516
33544
31466
31517
33545
31467
31518
33546
31468
31519
33547
31469
31520
33548
31470
31521
33549
31471
31522
33550
31472
31523
33551
31473
31524
33552
31474
31525
33553
31475
31526
33554
31476
31527
33555
31477
31528
33556
31478
31529
33557
31479
31530
33558
31480
31531
33559
31481
31532
33560
31482
31533
33561
31483
31534
33562
31484
31535
33563
31485
31536
33564
31486
31537
33565
31487
31538
33566
31488
31539
33567
31489
31540
33568
31490
31541
33569
31491
31542
33570
31492
31543
33571
31493
31544
33572
31494
31545
33573
31495
31546
33574
31496
31547
33575
31497
31548
33576
31498
31549
33577
31499
31550
33578
31500
31551
33579
31501
31552
33580
31502
31553
33581
31503
31554
33582
31504
31555
33583
31505
31556
33584
31506
31557
33585
31507
31558
33586
31508
31559
33587
31509
31560
33588
31510
31561
33589
31511
31562
33590
31563
33591
31513
31564
33592
31514
31565
33593
31515
31566
33594
31516
31567
33595
31517
31568
33596
31518
31569
33597
31519
31570
33598
31520
31571
33599
31521
31572
33600
31522
31573
33601
31523
31574
33602
31524
31575
33603
31525
31576
33604
31526
31577
33605
31527
31578
33606
31528
31579
33607
31529
31580
33608
31530
31581
33609
31531
31582
33610
31532
31583
33611
31533
31584
33612
31534
31585
33613
31535
31586
33614
31536
31587
33615
31537
31588
33616
31538
31589
33617
31539
31590
33618
31540
31591
33619
31541
31592
33620
31542
31593
33621
31543
31594
33622
31544
31595
33623
31545
31596
33624
31546
31597
33625
31547
31598
33626
31548
31599
33627
31549
31600
33628
31550
31601
33629
31551
31602
33630
31552
31603
33631
31553
31604
33632
31554
31605
33633
31555
31606
33634
31556
31607
33635
31557
31608
33636
31558
31609
33637
31559
31610
33638
31560
31611
33639
31561
31612
33640
31562
31613
33641
31563
31614
33642
31615
33643
31565
31616
33644
31566
31617
33645
31567
31618
33646
31568
31619
33647
31569
31620
33648
31570
31621
33649
31571
31622
33650
31572
31623
33651
31573
31624
33652
31574
31625
33653
31575
31626
33654
31576
31627
33655
31577
31628
33656
31578
31629
33657
31579
31630
33658
31580
31631
33659
31581
31632
33660
31582
31633
33661
31583
31634
33662
31584
31635
33663
31585
31636
33664
31586
31637
33665
31587
31638
33666
31588
31639
33667
31589
31640
33668
31590
31641
33669
31591
31642
33670
31592
31643
33671
31593
31644
33672
31594
31645
33673
31595
31646
33674
31596
31647
33675
31597
31648
33676
31598
31649
33677
31599
31650
33678
31600
31651
33679
31601
31652
33680
31602
31653
33681
31603
31654
33682
31604
31655
33683
31605
31656
33684
31606
31657
33685
31607
31658
33686
31608
31659
33687
31609
31660
33688
31610
31661
33689
31611
31662
33690
31612
31663
33691
31613
31664
33692
31614
31665
33693
31615
31666
33694
31667
33695
31617
31668
33696
31618
31669
33697
31619
31670
33698
31620
31671
33699
31621
31672
33700
31622
31673
33701
31623
31674
33702
31624
31675
33703
31625
31676
33704
31626
31677
33705
31627
31678
33706
31628
31679
33707
31629
31680
33708
31630
31681
33709
31631
31682
33710
31632
31683
33711
31633
31684
33712
31634
31685
33713
31635
31686
33714
31636
31687
33715
31637
31688
33716
31638
31689
33717
31639
31690
33718
31640
31691
33719
31641
31692
33720
31642
31693
33721
31643
31694
33722
31644
31695
33723
31645
31696
33724
31646
31697
33725
31647
31698
33726
31648
31699
33727
31649
31700
33728
31650
31701
33729
31651
31702
33730
31652
31703
33731
31653
31704
33732
31654
31705
33733
31655
31706
33734
31656
31707
33735
31657
31708
33736
31658
31709
33737
31659
31710
33738
31660
31711
33739
31661
31712
33740
31662
31713
33741
31663
31714
33742
31664
31715
33743
31665
31716
33744
31666
31717
33745
31667
31718
33746
31719
33747
31669
31720
33748
31670
31721
33749
31671
31722
33750
31672
31723
33751
31673
31724
33752
31674
31725
33753
31675
31726
33754
31676
31727
33755
31677
31728
33756
31678
31729
33757
31679
31730
33758
31680
31731
33759
31681
31732
33760
31682
31733
33761
31683
31734
33762
31684
31735
33763
31685
31736
33764
31686
31737
33765
31687
31738
33766
31688
31739
33767
31689
31740
33768
31690
31741
33769
31691
31742
33770
31692
31743
33771
31693
31744
33772
31694
31745
33773
31695
31746
33774
31696
31747
33775
31697
31748
33776
31698
31749
33777
31699
31750
33778
31700
31751
33779
31701
31752
33780
31702
31753
33781
31703
31754
33782
31704
31755
33783
31705
31756
33784
31706
31757
33785
31707
31758
33786
31708
31759
33787
31709
31760
33788
31710
31761
33789
31711
31762
33790
31712
31763
33791
31713
31764
33792
31714
31765
33793
31715
31766
33794
31716
31767
33795
31717
31768
33796
31718
31769
33797
31719
31770
33798
31771
33799
31721
31772
33800
31722
31773
33801
31723
31774
33802
31724
31775
33803
31725
31776
33804
31726
31777
33805
31727
31778
33806
31728
31779
33807
31729
31780
33808
31730
31781
33809
31731
31782
33810
31732
31783
33811
31733
31784
33812
31734
31785
33813
31735
31786
33814
31736
31787
33815
31737
31788
33816
31738
31789
33817
31739
31790
33818
31740
31791
33819
31741
31792
33820
31742
31793
33821
31743
31794
33822
31744
31795
33823
31745
31796
33824
31746
31797
33825
31747
31798
33826
31748
31799
33827
31749
31800
33828
31750
31801
33829
31751
31802
33830
31752
31803
33831
31753
31804
33832
31754
31805
33833
31755
31806
33834
31756
31807
33835
31757
31808
33836
31758
31809
33837
31759
31810
33838
31760
31811
33839
31761
31812
33840
31762
31813
33841
31763
31814
33842
31764
31815
33843
31765
31816
33844
31766
31817
33845
31767
31818
33846
31768
31819
33847
31769
31820
33848
31770
31821
33849
31771
31822
33850
31823
33851
31773
31824
33852
31774
31825
33853
31775
31826
33854
31776
31827
33855
31777
31828
33856
31778
31829
33857
31779
31830
33858
31780
31831
33859
31781
31832
33860
31782
31833
33861
31783
31834
33862
31784
31835
33863
31785
31836
33864
31786
31837
33865
31787
31838
33866
31788
31839
33867
31789
31840
33868
31790
31841
33869
31791
31842
33870
31792
31843
33871
31793
31844
33872
31794
31845
33873
31795
31846
33874
31796
31847
33875
31797
31848
33876
31798
31849
33877
31799
31850
33878
31800
31851
33879
31801
31852
33880
31802
31853
33881
31803
31854
33882
31804
31855
33883
31805
31856
33884
31806
31857
33885
31807
31858
33886
31808
31859
33887
31809
31860
33888
31810
31861
33889
31811
31862
33890
31812
31863
33891
31813
31864
33892
31814
31865
33893
31815
31866
33894
31816
31867
33895
31817
31868
33896
31818
31869
33897
31819
31870
33898
31820
31871
33899
31821
31872
33900
31822
31873
33901
31823
31874
33902
31875
33903
31825
31876
33904
31826
31877
33905
31827
31878
33906
31828
31879
33907
31829
31880
33908
31830
31881
33909
31831
31882
33910
31832
31883
33911
31833
31884
33912
31834
31885
33913
31835
31886
33914
31836
31887
33915
31837
31888
33916
31838
31889
33917
31839
31890
33918
31840
31891
33919
31841
31892
33920
31842
31893
33921
31843
31894
33922
31844
31895
33923
31845
31896
33924
31846
31897
33925
31847
31898
33926
31848
31899
33927
31849
31900
33928
31850
31901
33929
31851
31902
33930
31852
31903
33931
31853
31904
33932
31854
31905
33933
31855
31906
33934
31856
31907
33935
31857
31908
33936
31858
31909
33937
31859
31910
33938
31860
31911
33939
31861
31912
33940
31862
31913
33941
31863
31914
33942
31864
31915
33943
31865
31916
33944
31866
31917
33945
31867
31918
33946
31868
31919
33947
31869
31920
33948
31870
31921
33949
31871
31922
33950
31872
31923
33951
31873
31924
33952
31874
31925
33953
31875
31926
33954
31927
33955
31877
31928
33956
31878
31929
33957
31879
31930
33958
31880
31931
33959
31881
31932
33960
31882
31933
33961
31883
31934
33962
31884
31935
33963
31885
31936
33964
31886
31937
33965
31887
31938
33966
31888
31939
33967
31889
31940
33968
31890
31941
33969
31891
31942
33970
31892
31943
33971
31893
31944
33972
31894
31945
33973
31895
31946
33974
31896
31947
33975
31897
31948
33976
31898
31949
33977
31899
31950
33978
31900
31951
33979
31901
31952
33980
31902
31953
33981
31903
31954
33982
31904
31955
33983
31905
31956
33984
31906
31957
33985
31907
31958
33986
31908
31959
33987
31909
31960
33988
31910
31961
33989
31911
31962
33990
31912
31963
33991
31913
31964
33992
31914
31965
33993
31915
31966
33994
31916
31967
33995
31917
31968
33996
31918
31969
33997
31919
31970
33998
31920
31971
33999
31921
31972
34000
31922
31973
34001
31923
31974
34002
31924
31975
34003
31925
31976
34004
31926
31977
34005
31927
31978
34006
31979
34007
31929
31980
34008
31930
31981
34009
31931
31982
34010
31932
31983
34011
31933
31984
34012
31934
31985
34013
31935
31986
34014
31936
31987
34015
31937
31988
34016
31938
31989
34017
31939
31990
34018
31940
31991
34019
31941
31992
34020
31942
31993
34021
31943
31994
34022
31944
31995
34023
31945
31996
34024
31946
31997
34025
31947
31998
34026
31948
31999
34027
31949
32000
34028
31950
32001
34029
31951
32002
34030
31952
32003
34031
31953
32004
34032
31954
32005
34033
31955
32006
34034
31956
32007
34035
31957
32008
34036
31958
32009
34037
31959
32010
34038
31960
32011
34039
31961
32012
34040
31962
32013
34041
31963
32014
34042
31964
32015
34043
31965
32016
34044
31966
32017
34045
31967
32018
34046
31968
32019
34047
31969
32020
34048
31970
32021
34049
31971
32022
34050
31972
32023
34051
31973
32024
34052
31974
32025
34053
31975
32026
34054
31976
32027
34055
31977
32028
34056
31978
32029
34057
31979
32030
34058
32031
34059
31981
32032
34060
31982
32033
34061
31983
32034
34062
31984
32035
34063
31985
32036
34064
31986
32037
34065
31987
32038
34066
31988
32039
34067
31989
32040
34068
31990
32041
34069
31991
32042
34070
31992
32043
34071
31993
32044
34072
31994
32045
34073
31995
32046
34074
31996
32047
34075
31997
32048
34076
31998
32049
34077
31999
32050
34078
32000
32051
34079
32001
32052
34080
32002
32053
34081
32003
32054
34082
32004
32055
34083
32005
32056
34084
32006
32057
34085
32007
32058
34086
32008
32059
34087
32009
32060
34088
32010
32061
34089
32011
32062
34090
32012
32063
34091
32013
32064
34092
32014
32065
34093
32015
32066
34094
32016
32067
34095
32017
32068
34096
32018
32069
34097
32019
32070
34098
32020
32071
34099
32021
32072
34100
32022
32073
34101
32023
32074
34102
32024
32075
34103
32025
32076
34104
32026
32077
34105
32027
32078
34106
32028
32079
34107
32029
32080
34108
32030
32081
34109
32031
32082
34110
32083
34111
32033
32084
34112
32034
32085
34113
32035
32086
34114
32036
32087
34115
32037
32088
34116
32038
32089
34117
32039
32090
34118
32040
32091
34119
32041
32092
34120
32042
32093
34121
32043
32094
34122
32044
32095
34123
32045
32096
34124
32046
32097
34125
32047
32098
34126
32048
32099
34127
32049
32100
34128
32050
32101
34129
32051
32102
34130
32052
32103
34131
32053
32104
34132
32054
32105
34133
32055
32106
34134
32056
32107
34135
32057
32108
34136
32058
32109
34137
32059
32110
34138
32060
32111
34139
32061
32112
34140
32062
32113
34141
32063
32114
34142
32064
32115
34143
32065
32116
34144
32066
32117
34145
32067
32118
34146
32068
32119
34147
32069
32120
34148
32070
32121
34149
32071
32122
34150
32072
32123
34151
32073
32124
34152
32074
32125
34153
32075
32126
34154
32076
32127
34155
32077
32128
34156
32078
32129
34157
32079
32130
34158
32080
32131
34159
32081
32132
34160
32082
32133
34161
32083
32134
34162
32135
34163
32085
32136
34164
32086
32137
34165
32087
32138
34166
32088
32139
34167
32089
32140
34168
32090
32141
34169
32091
32142
34170
32092
32143
34171
32093
32144
34172
32094
32145
34173
32095
32146
34174
32096
32147
34175
32097
32148
34176
32098
32149
34177
32099
32150
34178
32100
32151
34179
32101
32152
34180
32102
32153
34181
32103
32154
34182
32104
32155
34183
32105
32156
34184
32106
32157
34185
32107
32158
34186
32108
32159
34187
32109
32160
34188
32110
32161
34189
32111
32162
34190
32112
32163
34191
32113
32164
34192
32114
32165
34193
32115
32166
34194
32116
32167
34195
32117
32168
34196
32118
32169
34197
32119
32170
34198
32120
32171
34199
32121
32172
34200
32122
32173
34201
32123
32174
34202
32124
32175
34203
32125
32176
34204
32126
32177
34205
32127
32178
34206
32128
32179
34207
32129
32180
34208
32130
32181
34209
32131
32182
34210
32132
32183
34211
32133
32184
34212
32134
32185
34213
32135
32186
34214
32187
34215
32137
32188
34216
32138
32189
34217
32139
32190
34218
32140
32191
34219
32141
32192
34220
32142
32193
34221
32143
32194
34222
32144
32195
34223
32145
32196
34224
32146
32197
34225
32147
32198
34226
32148
32199
34227
32149
32200
34228
32150
32201
34229
32151
32202
34230
32152
32203
34231
32153
32204
34232
32154
32205
34233
32155
32206
34234
32156
32207
34235
32157
32208
34236
32158
32209
34237
32159
32210
34238
32160
32211
34239
32161
32212
34240
32162
32213
34241
32163
32214
34242
32164
32215
34243
32165
32216
34244
32166
32217
34245
32167
32218
34246
32168
32219
34247
32169
32220
34248
32170
32221
34249
32171
32222
34250
32172
32223
34251
32173
32224
34252
32174
32225
34253
32175
32226
34254
32176
32227
34255
32177
32228
34256
32178
32229
34257
32179
32230
34258
32180
32231
34259
32181
32232
34260
32182
32233
34261
32183
32234
34262
32184
32235
34263
32185
32236
34264
32186
32237
34265
32187
32238
34266
32239
34267
32189
32240
34268
32190
32241
34269
32191
32242
34270
32192
32243
34271
32193
32244
34272
32194
32245
34273
32195
32246
34274
32196
32247
34275
32197
32248
34276
32198
32249
34277
32199
32250
34278
32200
32251
34279
32201
32252
34280
32202
32253
34281
32203
32254
34282
32204
32255
34283
32205
32256
34284
32206
32257
34285
32207
32258
34286
32208
32259
34287
32209
32260
34288
32210
32261
34289
32211
32262
34290
32212
32263
34291
32213
32264
34292
32214
32265
34293
32215
32266
34294
32216
32267
34295
32217
32268
34296
32218
32269
34297
32219
32270
34298
32220
32271
34299
32221
32272
34300
32222
32273
34301
32223
32274
34302
32224
32275
34303
32225
32276
34304
32226
32277
34305
32227
32278
34306
32228
32279
34307
32229
32280
34308
32230
32281
34309
32231
32282
34310
32232
32283
34311
32233
32284
34312
32234
32285
34313
32235
32286
34314
32236
32287
34315
32237
32288
34316
32238
32289
34317
32239
32290
34318
32291
34319
32241
32292
34320
32242
32293
34321
32243
32294
34322
32244
32295
34323
32245
32296
34324
32246
32297
34325
32247
32298
34326
32248
32299
34327
32249
32300
34328
32250
32301
34329
32251
32302
34330
32252
32303
34331
32253
32304
34332
32254
32305
34333
32255
32306
34334
32256
32307
34335
32257
32308
34336
32258
32309
34337
32259
32310
34338
32260
32311
34339
32261
32312
34340
32262
32313
34341
32263
32314
34342
32264
32315
34343
32265
32316
34344
32266
32317
34345
32267
32318
34346
32268
32319
34347
32269
32320
34348
32270
32321
34349
32271
32322
34350
32272
32323
34351
32273
32324
34352
32274
32325
34353
32275
32326
34354
32276
32327
34355
32277
32328
34356
32278
32329
34357
32279
32330
34358
32280
32331
34359
32281
32332
34360
32282
32333
34361
32283
32334
34362
32284
32335
34363
32285
32336
34364
32286
32337
34365
32287
32338
34366
32288
32339
34367
32289
32340
34368
32290
32341
34369
32291
32342
34370
32343
34371
32293
32344
34372
32294
32345
34373
32295
32346
34374
32296
32347
34375
32297
32348
34376
32298
32349
34377
32299
32350
34378
32300
32351
34379
32301
32352
34380
32302
32353
34381
32303
32354
34382
32304
32355
34383
32305
32356
34384
32306
32357
34385
32307
32358
34386
32308
32359
34387
32309
32360
34388
32310
32361
34389
32311
32362
34390
32312
32363
34391
32313
32364
34392
32314
32365
34393
32315
32366
34394
32316
32367
34395
32317
32368
34396
32318
32369
34397
32319
32370
34398
32320
32371
34399
32321
32372
34400
32322
32373
34401
32323
32374
34402
32324
32375
34403
32325
32376
34404
32326
32377
34405
32327
32378
34406
32328
32379
34407
32329
32380
34408
32330
32381
34409
32331
32382
34410
32332
32383
34411
32333
32384
34412
32334
32385
34413
32335
32386
34414
32336
32387
34415
32337
32388
34416
32338
32389
34417
32339
32390
34418
32340
32391
34419
32341
32392
34420
32342
32393
34421
32343
32394
34422
32395
34423
32345
32396
34424
32346
32397
34425
32347
32398
34426
32348
32399
34427
32349
32400
34428
32350
32401
34429
32351
32402
34430
32352
32403
34431
32353
32404
34432
32354
32405
34433
32355
32406
34434
32356
32407
34435
32357
32408
34436
32358
32409
34437
32359
32410
34438
32360
32411
34439
32361
32412
34440
32362
32413
34441
32363
32414
34442
32364
32415
34443
32365
32416
34444
32366
32417
34445
32367
32418
34446
32368
32419
34447
32369
32420
34448
32370
32421
34449
32371
32422
34450
32372
32423
34451
32373
32424
34452
32374
32425
34453
32375
32426
34454
32376
32427
34455
32377
32428
34456
32378
32429
34457
32379
32430
34458
32380
32431
34459
32381
32432
34460
32382
32433
34461
32383
32434
34462
32384
32435
34463
32385
32436
34464
32386
32437
34465
32387
32438
34466
32388
32439
34467
32389
32440
34468
32390
32441
34469
32391
32442
34470
32392
32443
34471
32393
32444
34472
32394
32445
34473
32395
32446
34474
32447
34475
32397
32448
34476
32398
32449
34477
32399
32450
34478
32400
32451
34479
32401
32452
34480
32402
32453
34481
32403
32454
34482
32404
32455
34483
32405
32456
34484
32406
32457
34485
32407
32458
34486
32408
32459
34487
32409
32460
34488
32410
32461
34489
32411
32462
34490
32412
32463
34491
32413
32464
34492
32414
32465
34493
32415
32466
34494
32416
32467
34495
32417
32468
34496
32418
32469
34497
32419
32470
34498
32420
32471
34499
32421
32472
34500
32422
32473
34501
32423
32474
34502
32424
32475
34503
32425
32476
34504
32426
32477
34505
32427
32478
34506
32428
32479
34507
32429
32480
34508
32430
32481
34509
32431
32482
34510
32432
32483
34511
32433
32484
34512
32434
32485
34513
32435
32486
34514
32436
32487
34515
32437
32488
34516
32438
32489
34517
32439
32490
34518
32440
32491
34519
32441
32492
34520
32442
32493
34521
32443
32494
34522
32444
32495
34523
32445
32496
34524
32446
32497
34525
32447
32498
34526
32499
34527
32449
32500
34528
32450
32501
34529
32451
32502
34530
32452
32503
34531
32453
32504
34532
32454
32505
34533
32455
32506
34534
32456
32507
34535
32457
32508
34536
32458
32509
34537
32459
32510
34538
32460
32511
34539
32461
32512
34540
32462
32513
34541
32463
32514
34542
32464
32515
34543
32465
32516
34544
32466
32517
34545
32467
32518
34546
32468
32519
34547
32469
32520
34548
32470
32521
34549
32471
32522
34550
32472
32523
34551
32473
32524
34552
32474
32525
34553
32475
32526
34554
32476
32527
34555
32477
32528
34556
32478
32529
34557
32479
32530
34558
32480
32531
34559
32481
32532
34560
32482
32533
34561
32483
32534
34562
32484
32535
34563
32485
32536
34564
32486
32537
34565
32487
32538
34566
32488
32539
34567
32489
32540
34568
32490
32541
34569
32491
32542
34570
32492
32543
34571
32493
32544
34572
32494
32545
34573
32495
32546
34574
32496
32547
34575
32497
32548
34576
32498
32549
34577
32499
32550
34578
32551
34579
32501
32552
34580
32502
32553
34581
32503
32554
34582
32504
32555
34583
32505
32556
34584
32506
32557
34585
32507
32558
34586
32508
32559
34587
32509
32560
34588
32510
32561
34589
32511
32562
34590
32512
32563
34591
32513
32564
34592
32514
32565
34593
32515
32566
34594
32516
32567
34595
32517
32568
34596
32518
32569
34597
32519
32570
34598
32520
32571
34599
32521
32572
34600
32522
32573
34601
32523
32574
34602
32524
32575
34603
32525
32576
34604
32526
32577
34605
32527
32578
34606
32528
32579
34607
32529
32580
34608
32530
32581
34609
32531
32582
34610
32532
32583
34611
32533
32584
34612
32534
32585
34613
32535
32586
34614
32536
32587
34615
32537
32588
34616
32538
32589
34617
32539
32590
34618
32540
32591
34619
32541
32592
34620
32542
32593
34621
32543
32594
34622
32544
32595
34623
32545
32596
34624
32546
32597
34625
32547
32598
34626
32548
32599
34627
32549
32600
34628
32550
32601
34629
32551
32602
34630
32603
34631
32553
32604
34632
32554
32605
34633
32555
32606
34634
32556
32607
34635
32557
32608
34636
32558
32609
34637
32559
32610
34638
32560
32611
34639
32561
32612
34640
32562
32613
34641
32563
32614
34642
32564
32615
34643
32565
32616
34644
32566
32617
34645
32567
32618
34646
32568
32619
34647
32569
32620
34648
32570
32621
34649
32571
32622
34650
32572
32623
34651
32573
32624
34652
32574
32625
34653
32575
32626
34654
32576
32627
34655
32577
32628
34656
32578
32629
34657
32579
32630
34658
32580
32631
34659
32581
32632
34660
32582
32633
34661
32583
32634
34662
32584
32635
34663
32585
32636
34664
32586
32637
34665
32587
32638
34666
32588
32639
34667
32589
32640
34668
32590
32641
34669
32591
32642
34670
32592
32643
34671
32593
32644
34672
32594
32645
34673
32595
32646
34674
32596
32647
34675
32597
32648
34676
32598
32649
34677
32599
32650
34678
32600
32651
34679
32601
32652
34680
32602
32653
34681
32603
32654
34682
32655
34683
32605
32656
34684
32606
32657
34685
32607
32658
34686
32608
32659
34687
32609
32660
34688
32610
32661
34689
32611
32662
34690
32612
32663
34691
32613
32664
34692
32614
32665
34693
32615
32666
34694
32616
32667
34695
32617
32668
34696
32618
32669
34697
32619
32670
34698
32620
32671
34699
32621
32672
34700
32622
32673
34701
32623
32674
34702
32624
32675
34703
32625
32676
34704
32626
32677
34705
32627
32678
34706
32628
32679
34707
32629
32680
34708
32630
32681
34709
32631
32682
34710
32632
32683
34711
32633
32684
34712
32634
32685
34713
32635
32686
34714
32636
32687
34715
32637
32688
34716
32638
32689
34717
32639
32690
34718
32640
32691
34719
32641
32692
34720
32642
32693
34721
32643
32694
34722
32644
32695
34723
32645
32696
34724
32646
32697
34725
32647
32698
34726
32648
32699
34727
32649
32700
34728
32650
32701
34729
32651
32702
34730
32652
32703
34731
32653
32704
34732
32654
32705
34733
32655
32706
34734
32707
34735
32657
32708
34736
32658
32709
34737
32659
32710
34738
32660
32711
34739
32661
32712
34740
32662
32713
34741
32663
32714
34742
32664
32715
34743
32665
32716
34744
32666
32717
34745
32667
32718
34746
32668
32719
34747
32669
32720
34748
32670
32721
34749
32671
32722
34750
32672
32723
34751
32673
32724
34752
32674
32725
34753
32675
32726
34754
32676
32727
34755
32677
32728
34756
32678
32729
34757
32679
32730
34758
32680
32731
34759
32681
32732
34760
32682
32733
34761
32683
32734
34762
32684
32735
34763
32685
32736
34764
32686
32737
34765
32687
32738
34766
32688
32739
34767
32689
32740
34768
32690
32741
34769
32691
32742
34770
32692
32743
34771
32693
32744
34772
32694
32745
34773
32695
32746
34774
32696
32747
34775
32697
32748
34776
32698
32749
34777
32699
32750
34778
32700
32751
34779
32701
32752
34780
32702
32753
34781
32703
32754
34782
32704
32755
34783
32705
32756
34784
32706
32757
34785
32707
32758
34786
32759
34787
32709
32760
34788
32710
32761
34789
32711
32762
34790
32712
32763
34791
32713
32764
34792
32714
32765
34793
32715
32766
34794
32716
32767
34795
32717
32768
34796
32718
32769
34797
32719
32770
34798
32720
32771
34799
32721
32772
34800
32722
32773
34801
32723
32774
34802
32724
32775
34803
32725
32776
34804
32726
32777
34805
32727
32778
34806
32728
32779
34807
32729
32780
34808
32730
32781
34809
32731
32782
34810
32732
32783
34811
32733
32784
34812
32734
32785
34813
32735
32786
34814
32736
32787
34815
32737
32788
34816
32738
32789
34817
32739
32790
34818
32740
32791
34819
32741
32792
34820
32742
32793
34821
32743
32794
34822
32744
32795
34823
32745
32796
34824
32746
32797
34825
32747
32798
34826
32748
32799
34827
32749
32800
34828
32750
32801
34829
32751
32802
34830
32752
32803
34831
32753
32804
34832
32754
32805
34833
32755
32806
34834
32756
32807
34835
32757
32808
34836
32758
32809
34837
32759
32810
34838
32811
34839
32761
32812
34840
32762
32813
34841
32763
32814
34842
32764
32815
34843
32765
32816
34844
32766
32817
34845
32767
32818
34846
32768
32819
34847
32769
32820
34848
32770
32821
34849
32771
32822
34850
32772
32823
34851
32773
32824
34852
32774
32825
34853
32775
32826
34854
32776
32827
34855
32777
32828
34856
32778
32829
34857
32779
32830
34858
32780
32831
34859
32781
32832
34860
32782
32833
34861
32783
32834
34862
32784
32835
34863
32785
32836
34864
32786
32837
34865
32787
32838
34866
32788
32839
34867
32789
32840
34868
32790
32841
34869
32791
32842
34870
32792
32843
34871
32793
32844
34872
32794
32845
34873
32795
32846
34874
32796
32847
34875
32797
32848
34876
32798
32849
34877
32799
32850
34878
32800
32851
34879
32801
32852
34880
32802
32853
34881
32803
32854
34882
32804
32855
34883
32805
32856
34884
32806
32857
34885
32807
32858
34886
32808
32859
34887
32809
32860
34888
32810
32861
34889
32811
32862
34890
32863
34891
32813
32864
34892
32814
32865
34893
32815
32866
34894
32816
32867
34895
32817
32868
34896
32818
32869
34897
32819
32870
34898
32820
32871
34899
32821
32872
34900
32822
32873
34901
32823
32874
34902
32824
32875
34903
32825
32876
34904
32826
32877
34905
32827
32878
34906
32828
32879
34907
32829
32880
34908
32830
32881
34909
32831
32882
34910
32832
32883
34911
32833
32884
34912
32834
32885
34913
32835
32886
34914
32836
32887
34915
32837
32888
34916
32838
32889
34917
32839
32890
34918
32840
32891
34919
32841
32892
34920
32842
32893
34921
32843
32894
34922
32844
32895
34923
32845
32896
34924
32846
32897
34925
32847
32898
34926
32848
32899
34927
32849
32900
34928
32850
32901
34929
32851
32902
34930
32852
32903
34931
32853
32904
34932
32854
32905
34933
32855
32906
34934
32856
32907
34935
32857
32908
34936
32858
32909
34937
32859
32910
34938
32860
32911
34939
32861
32912
34940
32862
32913
34941
32863
32914
34942
32915
34943
32865
32916
34944
32866
32917
34945
32867
32918
34946
32868
32919
34947
32869
32920
34948
32870
32921
34949
32871
32922
34950
32872
32923
34951
32873
32924
34952
32874
32925
34953
32875
32926
34954
32876
32927
34955
32877
32928
34956
32878
32929
34957
32879
32930
34958
32880
32931
34959
32881
32932
34960
32882
32933
34961
32883
32934
34962
32884
32935
34963
32885
32936
34964
32886
32937
34965
32887
32938
34966
32888
32939
34967
32889
32940
34968
32890
32941
34969
32891
32942
34970
32892
32943
34971
32893
32944
34972
32894
32945
34973
32895
32946
34974
32896
32947
34975
32897
32948
34976
32898
32949
34977
32899
32950
34978
32900
32951
34979
32901
32952
34980
32902
32953
34981
32903
32954
34982
32904
32955
34983
32905
32956
34984
32906
32957
34985
32907
32958
34986
32908
32959
34987
32909
32960
34988
32910
32961
34989
32911
32962
34990
32912
32963
34991
32913
32964
34992
32914
32965
34993
32915
32966
34994
32967
34995
32917
32968
34996
32918
32969
34997
32919
32970
34998
32920
32971
34999
32921
32972
35000
32922
32973
35001
32923
32974
35002
32924
32975
35003
32925
32976
35004
32926
32977
35005
32927
32978
35006
32928
32979
35007
32929
32980
35008
32930
32981
35009
32931
32982
35010
32932
32983
35011
32933
32984
35012
32934
32985
35013
32935
32986
35014
32936
32987
35015
32937
32988
35016
32938
32989
35017
32939
32990
35018
32940
32991
35019
32941
32992
35020
32942
32993
35021
32943
32994
35022
32944
32995
35023
32945
32996
35024
32946
32997
35025
32947
32998
35026
32948
32999
35027
32949
33000
35028
32950
33001
35029
32951
33002
35030
32952
33003
35031
32953
33004
35032
32954
33005
35033
32955
33006
35034
32956
33007
35035
32957
33008
35036
32958
33009
35037
32959
33010
35038
32960
33011
35039
32961
33012
35040
32962
33013
35041
32963
33014
35042
32964
33015
35043
32965
33016
35044
32966
33017
35045
32967
33018
35046
33019
35047
32969
33020
35048
32970
33021
35049
32971
33022
35050
32972
33023
35051
32973
33024
35052
32974
33025
35053
32975
33026
35054
32976
33027
35055
32977
33028
35056
32978
33029
35057
32979
33030
35058
32980
33031
35059
32981
33032
35060
32982
33033
35061
32983
33034
35062
32984
33035
35063
32985
33036
35064
32986
33037
35065
32987
33038
35066
32988
33039
35067
32989
33040
35068
32990
33041
35069
32991
33042
35070
32992
33043
35071
32993
33044
35072
32994
33045
35073
32995
33046
35074
32996
33047
35075
32997
33048
35076
32998
33049
35077
32999
33050
35078
33000
33051
35079
33001
33052
35080
33002
33053
35081
33003
33054
35082
33004
33055
35083
33005
33056
35084
33006
33057
35085
33007
33058
35086
33008
33059
35087
33009
33060
35088
33010
33061
35089
33011
33062
35090
33012
33063
35091
33013
33064
35092
33014
33065
35093
33015
33066
35094
33016
33067
35095
33017
33068
35096
33018
33069
35097
33019
33070
35098
33071
35099
33021
33072
35100
33022
33073
35101
33023
33074
35102
33024
33075
35103
33025
33076
35104
33026
33077
35105
33027
33078
35106
33028
33079
35107
33029
33080
35108
33030
33081
35109
33031
33082
35110
33032
33083
35111
33033
33084
35112
33034
33085
35113
33035
33086
35114
33036
33087
35115
33037
33088
35116
33038
33089
35117
33039
33090
35118
33040
33091
35119
33041
33092
35120
33042
33093
35121
33043
33094
35122
33044
33095
35123
33045
33096
35124
33046
33097
35125
33047
33098
35126
33048
33099
35127
33049
33100
35128
33050
33101
35129
33051
33102
35130
33052
33103
35131
33053
33104
35132
33054
33105
35133
33055
33106
35134
33056
33107
35135
33057
33108
35136
33058
33109
35137
33059
33110
35138
33060
33111
35139
33061
33112
35140
33062
33113
35141
33063
33114
35142
33064
33115
35143
33065
33116
35144
33066
33117
35145
33067
33118
35146
33068
33119
35147
33069
33120
35148
33070
33121
35149
33071
33122
35150
33123
35151
33073
33124
35152
33074
33125
35153
33075
33126
35154
33076
33127
35155
33077
33128
35156
33078
33129
35157
33079
33130
35158
33080
33131
35159
33081
33132
35160
33082
33133
35161
33083
33134
35162
33084
33135
35163
33085
33136
35164
33086
33137
35165
33087
33138
35166
33088
33139
35167
33089
33140
35168
33090
33141
35169
33091
33142
35170
33092
33143
35171
33093
33144
35172
33094
33145
35173
33095
33146
35174
33096
33147
35175
33097
33148
35176
33098
33149
35177
33099
33150
35178
33100
33151
35179
33101
33152
35180
33102
33153
35181
33103
33154
35182
33104
33155
35183
33105
33156
35184
33106
33157
35185
33107
33158
35186
33108
33159
35187
33109
33160
35188
33110
33161
35189
33111
33162
35190
33112
33163
35191
33113
33164
35192
33114
33165
35193
33115
33166
35194
33116
33167
35195
33117
33168
35196
33118
33169
35197
33119
33170
35198
33120
33171
35199
33121
33172
35200
33122
33173
35201
33123
33174
35202
33175
35203
33125
33176
35204
33126
33177
35205
33127
33178
35206
33128
33179
35207
33129
33180
35208
33130
33181
35209
33131
33182
35210
33132
33183
35211
33133
33184
35212
33134
33185
35213
33135
33186
35214
33136
33187
35215
33137
33188
35216
33138
33189
35217
33139
33190
35218
33140
33191
35219
33141
33192
35220
33142
33193
35221
33143
33194
35222
33144
33195
35223
33145
33196
35224
33146
33197
35225
33147
33198
35226
33148
33199
35227
33149
33200
35228
33150
33201
35229
33151
33202
35230
33152
33203
35231
33153
33204
35232
33154
33205
35233
33155
33206
35234
33156
33207
35235
33157
33208
35236
33158
33209
35237
33159
33210
35238
33160
33211
35239
33161
33212
35240
33162
33213
35241
33163
33214
35242
33164
33215
35243
33165
33216
35244
33166
33217
35245
33167
33218
35246
33168
33219
35247
33169
33220
35248
33170
33221
35249
33171
33222
35250
33172
33223
35251
33173
33224
35252
33174
33225
35253
33175
33226
35254
33227
35255
33177
33228
35256
33178
33229
35257
33179
33230
35258
33180
33231
35259
33181
33232
35260
33182
33233
35261
33183
33234
35262
33184
33235
35263
33185
33236
35264
33186
33237
35265
33187
33238
35266
33188
33239
35267
33189
33240
35268
33190
33241
35269
33191
33242
35270
33192
33243
35271
33193
33244
35272
33194
33245
35273
33195
33246
35274
33196
33247
35275
33197
33248
35276
33198
33249
35277
33199
33250
35278
33200
33251
35279
33201
33252
35280
33202
33253
35281
33203
33254
35282
33204
33255
35283
33205
33256
35284
33206
33257
35285
33207
33258
35286
33208
33259
35287
33209
33260
35288
33210
33261
35289
33211
33262
35290
33212
33263
35291
33213
33264
35292
33214
33265
35293
33215
33266
35294
33216
33267
35295
33217
33268
35296
33218
33269
35297
33219
33270
35298
33220
33271
35299
33221
33272
35300
33222
33273
35301
33223
33274
35302
33224
33275
35303
33225
33276
35304
33226
33277
35305
33227
33278
35306
33279
35307
33229
35308
33230
35309
33231
35310
33232
35311
33233
35312
33234
35313
33235
35314
33236
35315
33237
35316
33238
35317
33239
35318
33240
35319
33241
35320
33242
35321
33243
35322
33244
35323
33245
35324
33246
35325
33247
35326
33248
35327
33249
35328
33250
35329
33251
35330
33252
35331
33253
35332
33254
35333
33255
35334
33256
35335
33257
35336
33258
35337
33259
35338
33260
35339
33261
35340
33262
35341
33263
35342
33264
35343
33265
35344
33266
35345
33267
35346
33268
35347
33269
35348
33270
35349
33271
35350
33272
35351
33273
35352
33274
35353
33275
35354
33276
35355
33277
35356
33278
35357
33279
35358
35359
33281
33332
35360
33282
33333
35361
33283
33334
35362
33284
33335
35363
33285
33336
35364
33286
33337
35365
33287
33338
35366
33288
33339
35367
33289
33340
35368
33290
33341
35369
33291
33342
35370
33292
33343
35371
33293
33344
35372
33294
33345
35373
33295
33346
35374
33296
33347
35375
33297
33348
35376
33298
33349
35377
33299
33350
35378
33300
33351
35379
33301
33352
35380
33302
33353
35381
33303
33354
35382
33304
33355
35383
33305
33356
35384
33306
33357
35385
33307
33358
35386
33308
33359
35387
33309
33360
35388
33310
33361
35389
33311
33362
35390
33312
33363
35391
33313
33364
35392
33314
33365
35393
33315
33366
35394
33316
33367
35395
33317
33368
35396
33318
33369
35397
33319
33370
35398
33320
33371
35399
33321
33372
35400
33322
33373
35401
33323
33374
35402
33324
33375
35403
33325
33376
35404
33326
33377
35405
33327
33378
35406
33328
33379
35407
33329
33380
35408
33330
33381
35409
33331
33382
35410
33383
35411
33333
33384
35412
33334
33385
35413
33335
33386
35414
33336
33387
35415
33337
33388
35416
33338
33389
35417
33339
33390
35418
33340
33391
35419
33341
33392
35420
33342
33393
35421
33343
33394
35422
33344
33395
35423
33345
33396
35424
33346
33397
35425
33347
33398
35426
33348
33399
35427
33349
33400
35428
33350
33401
35429
33351
33402
35430
33352
33403
35431
33353
33404
35432
33354
33405
35433
33355
33406
35434
33356
33407
35435
33357
33408
35436
33358
33409
35437
33359
33410
35438
33360
33411
35439
33361
33412
35440
33362
33413
35441
33363
33414
35442
33364
33415
35443
33365
33416
35444
33366
33417
35445
33367
33418
35446
33368
33419
35447
33369
33420
35448
33370
33421
35449
33371
33422
35450
33372
33423
35451
33373
33424
35452
33374
33425
35453
33375
33426
35454
33376
33427
35455
33377
33428
35456
33378
33429
35457
33379
33430
35458
33380
33431
35459
33381
33432
35460
33382
33433
35461
33383
33434
35462
33435
35463
33385
33436
35464
33386
33437
35465
33387
33438
35466
33388
33439
35467
33389
33440
35468
33390
33441
35469
33391
33442
35470
33392
33443
35471
33393
33444
35472
33394
33445
35473
33395
33446
35474
33396
33447
35475
33397
33448
35476
33398
33449
35477
33399
33450
35478
33400
33451
35479
33401
33452
35480
33402
33453
35481
33403
33454
35482
33404
33455
35483
33405
33456
35484
33406
33457
35485
33407
33458
35486
33408
33459
35487
33409
33460
35488
33410
33461
35489
33411
33462
35490
33412
33463
35491
33413
33464
35492
33414
33465
35493
33415
33466
35494
33416
33467
35495
33417
33468
35496
33418
33469
35497
33419
33470
35498
33420
33471
35499
33421
33472
35500
33422
33473
35501
33423
33474
35502
33424
33475
35503
33425
33476
35504
33426
33477
35505
33427
33478
35506
33428
33479
35507
33429
33480
35508
33430
33481
35509
33431
33482
35510
33432
33483
35511
33433
33484
35512
33434
33485
35513
33435
33486
35514
33487
35515
33437
33488
35516
33438
33489
35517
33439
33490
35518
33440
33491
35519
33441
33492
35520
33442
33493
35521
33443
33494
35522
33444
33495
35523
33445
33496
35524
33446
33497
35525
33447
33498
35526
33448
33499
35527
33449
33500
35528
33450
33501
35529
33451
33502
35530
33452
33503
35531
33453
33504
35532
33454
33505
35533
33455
33506
35534
33456
33507
35535
33457
33508
35536
33458
33509
35537
33459
33510
35538
33460
33511
35539
33461
33512
35540
33462
33513
35541
33463
33514
35542
33464
33515
35543
33465
33516
35544
33466
33517
35545
33467
33518
35546
33468
33519
35547
33469
33520
35548
33470
33521
35549
33471
33522
35550
33472
33523
35551
33473
33524
35552
33474
33525
35553
33475
33526
35554
33476
33527
35555
33477
33528
35556
33478
33529
35557
33479
33530
35558
33480
33531
35559
33481
33532
35560
33482
33533
35561
33483
33534
35562
33484
33535
35563
33485
33536
35564
33486
33537
35565
33487
33538
35566
33539
35567
33489
33540
35568
33490
33541
35569
33491
33542
35570
33492
33543
35571
33493
33544
35572
33494
33545
35573
33495
33546
35574
33496
33547
35575
33497
33548
35576
33498
33549
35577
33499
33550
35578
33500
33551
35579
33501
33552
35580
33502
33553
35581
33503
33554
35582
33504
33555
35583
33505
33556
35584
33506
33557
35585
33507
33558
35586
33508
33559
35587
33509
33560
35588
33510
33561
35589
33511
33562
35590
33512
33563
35591
33513
33564
35592
33514
33565
35593
33515
33566
35594
33516
33567
35595
33517
33568
35596
33518
33569
35597
33519
33570
35598
33520
33571
35599
33521
33572
35600
33522
33573
35601
33523
33574
35602
33524
33575
35603
33525
33576
35604
33526
33577
35605
33527
33578
35606
33528
33579
35607
33529
33580
35608
33530
33581
35609
33531
33582
35610
33532
33583
35611
33533
33584
35612
33534
33585
35613
33535
33586
35614
33536
33587
35615
33537
33588
35616
33538
33589
35617
33539
33590
35618
33591
35619
33541
33592
35620
33542
33593
35621
33543
33594
35622
33544
33595
35623
33545
33596
35624
33546
33597
35625
33547
33598
35626
33548
33599
35627
33549
33600
35628
33550
33601
35629
33551
33602
35630
33552
33603
35631
33553
33604
35632
33554
33605
35633
33555
33606
35634
33556
33607
35635
33557
33608
35636
33558
33609
35637
33559
33610
35638
33560
33611
35639
33561
33612
35640
33562
33613
35641
33563
33614
35642
33564
33615
35643
33565
33616
35644
33566
33617
35645
33567
33618
35646
33568
33619
35647
33569
33620
35648
33570
33621
35649
33571
33622
35650
33572
33623
35651
33573
33624
35652
33574
33625
35653
33575
33626
35654
33576
33627
35655
33577
33628
35656
33578
33629
35657
33579
33630
35658
33580
33631
35659
33581
33632
35660
33582
33633
35661
33583
33634
35662
33584
33635
35663
33585
33636
35664
33586
33637
35665
33587
33638
35666
33588
33639
35667
33589
33640
35668
33590
33641
35669
33591
33642
35670
33643
35671
33593
33644
35672
33594
33645
35673
33595
33646
35674
33596
33647
35675
33597
33648
35676
33598
33649
35677
33599
33650
35678
33600
33651
35679
33601
33652
35680
33602
33653
35681
33603
33654
35682
33604
33655
35683
33605
33656
35684
33606
33657
35685
33607
33658
35686
33608
33659
35687
33609
33660
35688
33610
33661
35689
33611
33662
35690
33612
33663
35691
33613
33664
35692
33614
33665
35693
33615
33666
35694
33616
33667
35695
33617
33668
35696
33618
33669
35697
33619
33670
35698
33620
33671
35699
33621
33672
35700
33622
33673
35701
33623
33674
35702
33624
33675
35703
33625
33676
35704
33626
33677
35705
33627
33678
35706
33628
33679
35707
33629
33680
35708
33630
33681
35709
33631
33682
35710
33632
33683
35711
33633
33684
35712
33634
33685
35713
33635
33686
35714
33636
33687
35715
33637
33688
35716
33638
33689
35717
33639
33690
35718
33640
33691
35719
33641
33692
35720
33642
33693
35721
33643
33694
35722
33695
35723
33645
33696
35724
33646
33697
35725
33647
33698
35726
33648
33699
35727
33649
33700
35728
33650
33701
35729
33651
33702
35730
33652
33703
35731
33653
33704
35732
33654
33705
35733
33655
33706
35734
33656
33707
35735
33657
33708
35736
33658
33709
35737
33659
33710
35738
33660
33711
35739
33661
33712
35740
33662
33713
35741
33663
33714
35742
33664
33715
35743
33665
33716
35744
33666
33717
35745
33667
33718
35746
33668
33719
35747
33669
33720
35748
33670
33721
35749
33671
33722
35750
33672
33723
35751
33673
33724
35752
33674
33725
35753
33675
33726
35754
33676
33727
35755
33677
33728
35756
33678
33729
35757
33679
33730
35758
33680
33731
35759
33681
33732
35760
33682
33733
35761
33683
33734
35762
33684
33735
35763
33685
33736
35764
33686
33737
35765
33687
33738
35766
33688
33739
35767
33689
33740
35768
33690
33741
35769
33691
33742
35770
33692
33743
35771
33693
33744
35772
33694
33745
35773
33695
33746
35774
33747
35775
33697
33748
35776
33698
33749
35777
33699
33750
35778
33700
33751
35779
33701
33752
35780
33702
33753
35781
33703
33754
35782
33704
33755
35783
33705
33756
35784
33706
33757
35785
33707
33758
35786
33708
33759
35787
33709
33760
35788
33710
33761
35789
33711
33762
35790
33712
33763
35791
33713
33764
35792
33714
33765
35793
33715
33766
35794
33716
33767
35795
33717
33768
35796
33718
33769
35797
33719
33770
35798
33720
33771
35799
33721
33772
35800
33722
33773
35801
33723
33774
35802
33724
33775
35803
33725
33776
35804
33726
33777
35805
33727
33778
35806
33728
33779
35807
33729
33780
35808
33730
33781
35809
33731
33782
35810
33732
33783
35811
33733
33784
35812
33734
33785
35813
33735
33786
35814
33736
33787
35815
33737
33788
35816
33738
33789
35817
33739
33790
35818
33740
33791
35819
33741
33792
35820
33742
33793
35821
33743
33794
35822
33744
33795
35823
33745
33796
35824
33746
33797
35825
33747
33798
35826
33799
35827
33749
33800
35828
33750
33801
35829
33751
33802
35830
33752
33803
35831
33753
33804
35832
33754
33805
35833
33755
33806
35834
33756
33807
35835
33757
33808
35836
33758
33809
35837
33759
33810
35838
33760
33811
35839
33761
33812
35840
33762
33813
35841
33763
33814
35842
33764
33815
35843
33765
33816
35844
33766
33817
35845
33767
33818
35846
33768
33819
35847
33769
33820
35848
33770
33821
35849
33771
33822
35850
33772
33823
35851
33773
33824
35852
33774
33825
35853
33775
33826
35854
33776
33827
35855
33777
33828
35856
33778
33829
35857
33779
33830
35858
33780
33831
35859
33781
33832
35860
33782
33833
35861
33783
33834
35862
33784
33835
35863
33785
33836
35864
33786
33837
35865
33787
33838
35866
33788
33839
35867
33789
33840
35868
33790
33841
35869
33791
33842
35870
33792
33843
35871
33793
33844
35872
33794
33845
35873
33795
33846
35874
33796
33847
35875
33797
33848
35876
33798
33849
35877
33799
33850
35878
33851
35879
33801
33852
35880
33802
33853
35881
33803
33854
35882
33804
33855
35883
33805
33856
35884
33806
33857
35885
33807
33858
35886
33808
33859
35887
33809
33860
35888
33810
33861
35889
33811
33862
35890
33812
33863
35891
33813
33864
35892
33814
33865
35893
33815
33866
35894
33816
33867
35895
33817
33868
35896
33818
33869
35897
33819
33870
35898
33820
33871
35899
33821
33872
35900
33822
33873
35901
33823
33874
35902
33824
33875
35903
33825
33876
35904
33826
33877
35905
33827
33878
35906
33828
33879
35907
33829
33880
35908
33830
33881
35909
33831
33882
35910
33832
33883
35911
33833
33884
35912
33834
33885
35913
33835
33886
35914
33836
33887
35915
33837
33888
35916
33838
33889
35917
33839
33890
35918
33840
33891
35919
33841
33892
35920
33842
33893
35921
33843
33894
35922
33844
33895
35923
33845
33896
35924
33846
33897
35925
33847
33898
35926
33848
33899
35927
33849
33900
35928
33850
33901
35929
33851
33902
35930
33903
35931
33853
33904
35932
33854
33905
35933
33855
33906
35934
33856
33907
35935
33857
33908
35936
33858
33909
35937
33859
33910
35938
33860
33911
35939
33861
33912
35940
33862
33913
35941
33863
33914
35942
33864
33915
35943
33865
33916
35944
33866
33917
35945
33867
33918
35946
33868
33919
35947
33869
33920
35948
33870
33921
35949
33871
33922
35950
33872
33923
35951
33873
33924
35952
33874
33925
35953
33875
33926
35954
33876
33927
35955
33877
33928
35956
33878
33929
35957
33879
33930
35958
33880
33931
35959
33881
33932
35960
33882
33933
35961
33883
33934
35962
33884
33935
35963
33885
33936
35964
33886
33937
35965
33887
33938
35966
33888
33939
35967
33889
33940
35968
33890
33941
35969
33891
33942
35970
33892
33943
35971
33893
33944
35972
33894
33945
35973
33895
33946
35974
33896
33947
35975
33897
33948
35976
33898
33949
35977
33899
33950
35978
33900
33951
35979
33901
33952
35980
33902
33953
35981
33903
33954
35982
33955
35983
33905
33956
35984
33906
33957
35985
33907
33958
35986
33908
33959
35987
33909
33960
35988
33910
33961
35989
33911
33962
35990
33912
33963
35991
33913
33964
35992
33914
33965
35993
33915
33966
35994
33916
33967
35995
33917
33968
35996
33918
33969
35997
33919
33970
35998
33920
33971
35999
33921
33972
36000
33922
33973
36001
33923
33974
36002
33924
33975
36003
33925
33976
36004
33926
33977
36005
33927
33978
36006
33928
33979
36007
33929
33980
36008
33930
33981
36009
33931
33982
36010
33932
33983
36011
33933
33984
36012
33934
33985
36013
33935
33986
36014
33936
33987
36015
33937
33988
36016
33938
33989
36017
33939
33990
36018
33940
33991
36019
33941
33992
36020
33942
33993
36021
33943
33994
36022
33944
33995
36023
33945
33996
36024
33946
33997
36025
33947
33998
36026
33948
33999
36027
33949
34000
36028
33950
34001
36029
33951
34002
36030
33952
34003
36031
33953
34004
36032
33954
34005
36033
33955
34006
36034
34007
36035
33957
34008
36036
33958
34009
36037
33959
34010
36038
33960
34011
36039
33961
34012
36040
33962
34013
36041
33963
34014
36042
33964
34015
36043
33965
34016
36044
33966
34017
36045
33967
34018
36046
33968
34019
36047
33969
34020
36048
33970
34021
36049
33971
34022
36050
33972
34023
36051
33973
34024
36052
33974
34025
36053
33975
34026
36054
33976
34027
36055
33977
34028
36056
33978
34029
36057
33979
34030
36058
33980
34031
36059
33981
34032
36060
33982
34033
36061
33983
34034
36062
33984
34035
36063
33985
34036
36064
33986
34037
36065
33987
34038
36066
33988
34039
36067
33989
34040
36068
33990
34041
36069
33991
34042
36070
33992
34043
36071
33993
34044
36072
33994
34045
36073
33995
34046
36074
33996
34047
36075
33997
34048
36076
33998
34049
36077
33999
34050
36078
34000
34051
36079
34001
34052
36080
34002
34053
36081
34003
34054
36082
34004
34055
36083
34005
34056
36084
34006
34057
36085
34007
34058
36086
34059
36087
34009
34060
36088
34010
34061
36089
34011
34062
36090
34012
34063
36091
34013
34064
36092
34014
34065
36093
34015
34066
36094
34016
34067
36095
34017
34068
36096
34018
34069
36097
34019
34070
36098
34020
34071
36099
34021
34072
36100
34022
34073
36101
34023
34074
36102
34024
34075
36103
34025
34076
36104
34026
34077
36105
34027
34078
36106
34028
34079
36107
34029
34080
36108
34030
34081
36109
34031
34082
36110
34032
34083
36111
34033
34084
36112
34034
34085
36113
34035
34086
36114
34036
34087
36115
34037
34088
36116
34038
34089
36117
34039
34090
36118
34040
34091
36119
34041
34092
36120
34042
34093
36121
34043
34094
36122
34044
34095
36123
34045
34096
36124
34046
34097
36125
34047
34098
36126
34048
34099
36127
34049
34100
36128
34050
34101
36129
34051
34102
36130
34052
34103
36131
34053
34104
36132
34054
34105
36133
34055
34106
36134
34056
34107
36135
34057
34108
36136
34058
34109
36137
34059
34110
36138
34111
36139
34061
34112
36140
34062
34113
36141
34063
34114
36142
34064
34115
36143
34065
34116
36144
34066
34117
36145
34067
34118
36146
34068
34119
36147
34069
34120
36148
34070
34121
36149
34071
34122
36150
34072
34123
36151
34073
34124
36152
34074
34125
36153
34075
34126
36154
34076
34127
36155
34077
34128
36156
34078
34129
36157
34079
34130
36158
34080
34131
36159
34081
34132
36160
34082
34133
36161
34083
34134
36162
34084
34135
36163
34085
34136
36164
34086
34137
36165
34087
34138
36166
34088
34139
36167
34089
34140
36168
34090
34141
36169
34091
34142
36170
34092
34143
36171
34093
34144
36172
34094
34145
36173
34095
34146
36174
34096
34147
36175
34097
34148
36176
34098
34149
36177
34099
34150
36178
34100
34151
36179
34101
34152
36180
34102
34153
36181
34103
34154
36182
34104
34155
36183
34105
34156
36184
34106
34157
36185
34107
34158
36186
34108
34159
36187
34109
34160
36188
34110
34161
36189
34111
34162
36190
34163
36191
34113
34164
36192
34114
34165
36193
34115
34166
36194
34116
34167
36195
34117
34168
36196
34118
34169
36197
34119
34170
36198
34120
34171
36199
34121
34172
36200
34122
34173
36201
34123
34174
36202
34124
34175
36203
34125
34176
36204
34126
34177
36205
34127
34178
36206
34128
34179
36207
34129
34180
36208
34130
34181
36209
34131
34182
36210
34132
34183
36211
34133
34184
36212
34134
34185
36213
34135
34186
36214
34136
34187
36215
34137
34188
36216
34138
34189
36217
34139
34190
36218
34140
34191
36219
34141
34192
36220
34142
34193
36221
34143
34194
36222
34144
34195
36223
34145
34196
36224
34146
34197
36225
34147
34198
36226
34148
34199
36227
34149
34200
36228
34150
34201
36229
34151
34202
36230
34152
34203
36231
34153
34204
36232
34154
34205
36233
34155
34206
36234
34156
34207
36235
34157
34208
36236
34158
34209
36237
34159
34210
36238
34160
34211
36239
34161
34212
36240
34162
34213
36241
34163
34214
36242
34215
36243
34165
34216
36244
34166
34217
36245
34167
34218
36246
34168
34219
36247
34169
34220
36248
34170
34221
36249
34171
34222
36250
34172
34223
36251
34173
34224
36252
34174
34225
36253
34175
34226
36254
34176
34227
36255
34177
34228
36256
34178
34229
36257
34179
34230
36258
34180
34231
36259
34181
34232
36260
34182
34233
36261
34183
34234
36262
34184
34235
36263
34185
34236
36264
34186
34237
36265
34187
34238
36266
34188
34239
36267
34189
34240
36268
34190
34241
36269
34191
34242
36270
34192
34243
36271
34193
34244
36272
34194
34245
36273
34195
34246
36274
34196
34247
36275
34197
34248
36276
34198
34249
36277
34199
34250
36278
34200
34251
36279
34201
34252
36280
34202
34253
36281
34203
34254
36282
34204
34255
36283
34205
34256
36284
34206
34257
36285
34207
34258
36286
34208
34259
36287
34209
34260
36288
34210
34261
36289
34211
34262
36290
34212
34263
36291
34213
34264
36292
34214
34265
36293
34215
34266
36294
34267
36295
34217
34268
36296
34218
34269
36297
34219
34270
36298
34220
34271
36299
34221
34272
36300
34222
34273
36301
34223
34274
36302
34224
34275
36303
34225
34276
36304
34226
34277
36305
34227
34278
36306
34228
34279
36307
34229
34280
36308
34230
34281
36309
34231
34282
36310
34232
34283
36311
34233
34284
36312
34234
34285
36313
34235
34286
36314
34236
34287
36315
34237
34288
36316
34238
34289
36317
34239
34290
36318
34240
34291
36319
34241
34292
36320
34242
34293
36321
34243
34294
36322
34244
34295
36323
34245
34296
36324
34246
34297
36325
34247
34298
36326
34248
34299
36327
34249
34300
36328
34250
34301
36329
34251
34302
36330
34252
34303
36331
34253
34304
36332
34254
34305
36333
34255
34306
36334
34256
34307
36335
34257
34308
36336
34258
34309
36337
34259
34310
36338
34260
34311
36339
34261
34312
36340
34262
34313
36341
34263
34314
36342
34264
34315
36343
34265
34316
36344
34266
34317
36345
34267
34318
36346
34319
36347
34269
34320
36348
34270
34321
36349
34271
34322
36350
34272
34323
36351
34273
34324
36352
34274
34325
36353
34275
34326
36354
34276
34327
36355
34277
34328
36356
34278
34329
36357
34279
34330
36358
34280
34331
36359
34281
34332
36360
34282
34333
36361
34283
34334
36362
34284
34335
36363
34285
34336
36364
34286
34337
36365
34287
34338
36366
34288
34339
36367
34289
34340
36368
34290
34341
36369
34291
34342
36370
34292
34343
36371
34293
34344
36372
34294
34345
36373
34295
34346
36374
34296
34347
36375
34297
34348
36376
34298
34349
36377
34299
34350
36378
34300
34351
36379
34301
34352
36380
34302
34353
36381
34303
34354
36382
34304
34355
36383
34305
34356
36384
34306
34357
36385
34307
34358
36386
34308
34359
36387
34309
34360
36388
34310
34361
36389
34311
34362
36390
34312
34363
36391
34313
34364
36392
34314
34365
36393
34315
34366
36394
34316
34367
36395
34317
34368
36396
34318
34369
36397
34319
34370
36398
34371
36399
34321
34372
36400
34322
34373
36401
34323
34374
36402
34324
34375
36403
34325
34376
36404
34326
34377
36405
34327
34378
36406
34328
34379
36407
34329
34380
36408
34330
34381
36409
34331
34382
36410
34332
34383
36411
34333
34384
36412
34334
34385
36413
34335
34386
36414
34336
34387
36415
34337
34388
36416
34338
34389
36417
34339
34390
36418
34340
34391
36419
34341
34392
36420
34342
34393
36421
34343
34394
36422
34344
34395
36423
34345
34396
36424
34346
34397
36425
34347
34398
36426
34348
34399
36427
34349
34400
36428
34350
34401
36429
34351
34402
36430
34352
34403
36431
34353
34404
36432
34354
34405
36433
34355
34406
36434
34356
34407
36435
34357
34408
36436
34358
34409
36437
34359
34410
36438
34360
34411
36439
34361
34412
36440
34362
34413
36441
34363
34414
36442
34364
34415
36443
34365
34416
36444
34366
34417
36445
34367
34418
36446
34368
34419
36447
34369
34420
36448
34370
34421
36449
34371
34422
36450
34423
36451
34373
34424
36452
34374
34425
36453
34375
34426
36454
34376
34427
36455
34377
34428
36456
34378
34429
36457
34379
34430
36458
34380
34431
36459
34381
34432
36460
34382
34433
36461
34383
34434
36462
34384
34435
36463
34385
34436
36464
34386
34437
36465
34387
34438
36466
34388
34439
36467
34389
34440
36468
34390
34441
36469
34391
34442
36470
34392
34443
36471
34393
34444
36472
34394
34445
36473
34395
34446
36474
34396
34447
36475
34397
34448
36476
34398
34449
36477
34399
34450
36478
34400
34451
36479
34401
34452
36480
34402
34453
36481
34403
34454
36482
34404
34455
36483
34405
34456
36484
34406
34457
36485
34407
34458
36486
34408
34459
36487
34409
34460
36488
34410
34461
36489
34411
34462
36490
34412
34463
36491
34413
34464
36492
34414
34465
36493
34415
34466
36494
34416
34467
36495
34417
34468
36496
34418
34469
36497
34419
34470
36498
34420
34471
36499
34421
34472
36500
34422
34473
36501
34423
34474
36502
34475
36503
34425
34476
36504
34426
34477
36505
34427
34478
36506
34428
34479
36507
34429
34480
36508
34430
34481
36509
34431
34482
36510
34432
34483
36511
34433
34484
36512
34434
34485
36513
34435
34486
36514
34436
34487
36515
34437
34488
36516
34438
34489
36517
34439
34490
36518
34440
34491
36519
34441
34492
36520
34442
34493
36521
34443
34494
36522
34444
34495
36523
34445
34496
36524
34446
34497
36525
34447
34498
36526
34448
34499
36527
34449
34500
36528
34450
34501
36529
34451
34502
36530
34452
34503
36531
34453
34504
36532
34454
34505
36533
34455
34506
36534
34456
34507
36535
34457
34508
36536
34458
34509
36537
34459
34510
36538
34460
34511
36539
34461
34512
36540
34462
34513
36541
34463
34514
36542
34464
34515
36543
34465
34516
36544
34466
34517
36545
34467
34518
36546
34468
34519
36547
34469
34520
36548
34470
34521
36549
34471
34522
36550
34472
34523
36551
34473
34524
36552
34474
34525
36553
34475
34526
36554
34527
36555
34477
34528
36556
34478
34529
36557
34479
34530
36558
34480
34531
36559
34481
34532
36560
34482
34533
36561
34483
34534
36562
34484
34535
36563
34485
34536
36564
34486
34537
36565
34487
34538
36566
34488
34539
36567
34489
34540
36568
34490
34541
36569
34491
34542
36570
34492
34543
36571
34493
34544
36572
34494
34545
36573
34495
34546
36574
34496
34547
36575
34497
34548
36576
34498
34549
36577
34499
34550
36578
34500
34551
36579
34501
34552
36580
34502
34553
36581
34503
34554
36582
34504
34555
36583
34505
34556
36584
34506
34557
36585
34507
34558
36586
34508
34559
36587
34509
34560
36588
34510
34561
36589
34511
34562
36590
34512
34563
36591
34513
34564
36592
34514
34565
36593
34515
34566
36594
34516
34567
36595
34517
34568
36596
34518
34569
36597
34519
34570
36598
34520
34571
36599
34521
34572
36600
34522
34573
36601
34523
34574
36602
34524
34575
36603
34525
34576
36604
34526
34577
36605
34527
34578
36606
34579
36607
34529
34580
36608
34530
34581
36609
34531
34582
36610
34532
34583
36611
34533
34584
36612
34534
34585
36613
34535
34586
36614
34536
34587
36615
34537
34588
36616
34538
34589
36617
34539
34590
36618
34540
34591
36619
34541
34592
36620
34542
34593
36621
34543
34594
36622
34544
34595
36623
34545
34596
36624
34546
34597
36625
34547
34598
36626
34548
34599
36627
34549
34600
36628
34550
34601
36629
34551
34602
36630
34552
34603
36631
34553
34604
36632
34554
34605
36633
34555
34606
36634
34556
34607
36635
34557
34608
36636
34558
34609
36637
34559
34610
36638
34560
34611
36639
34561
34612
36640
34562
34613
36641
34563
34614
36642
34564
34615
36643
34565
34616
36644
34566
34617
36645
34567
34618
36646
34568
34619
36647
34569
34620
36648
34570
34621
36649
34571
34622
36650
34572
34623
36651
34573
34624
36652
34574
34625
36653
34575
34626
36654
34576
34627
36655
34577
34628
36656
34578
34629
36657
34579
34630
36658
34631
36659
34581
34632
36660
34582
34633
36661
34583
34634
36662
34584
34635
36663
34585
34636
36664
34586
34637
36665
34587
34638
36666
34588
34639
36667
34589
34640
36668
34590
34641
36669
34591
34642
36670
34592
34643
36671
34593
34644
36672
34594
34645
36673
34595
34646
36674
34596
34647
36675
34597
34648
36676
34598
34649
36677
34599
34650
36678
34600
34651
36679
34601
34652
36680
34602
34653
36681
34603
34654
36682
34604
34655
36683
34605
34656
36684
34606
34657
36685
34607
34658
36686
34608
34659
36687
34609
34660
36688
34610
34661
36689
34611
34662
36690
34612
34663
36691
34613
34664
36692
34614
34665
36693
34615
34666
36694
34616
34667
36695
34617
34668
36696
34618
34669
36697
34619
34670
36698
34620
34671
36699
34621
34672
36700
34622
34673
36701
34623
34674
36702
34624
34675
36703
34625
34676
36704
34626
34677
36705
34627
34678
36706
34628
34679
36707
34629
34680
36708
34630
34681
36709
34631
34682
36710
34683
36711
34633
34684
36712
34634
34685
36713
34635
34686
36714
34636
34687
36715
34637
34688
36716
34638
34689
36717
34639
34690
36718
34640
34691
36719
34641
34692
36720
34642
34693
36721
34643
34694
36722
34644
34695
36723
34645
34696
36724
34646
34697
36725
34647
34698
36726
34648
34699
36727
34649
34700
36728
34650
34701
36729
34651
34702
36730
34652
34703
36731
34653
34704
36732
34654
34705
36733
34655
34706
36734
34656
34707
36735
34657
34708
36736
34658
34709
36737
34659
34710
36738
34660
34711
36739
34661
34712
36740
34662
34713
36741
34663
34714
36742
34664
34715
36743
34665
34716
36744
34666
34717
36745
34667
34718
36746
34668
34719
36747
34669
34720
36748
34670
34721
36749
34671
34722
36750
34672
34723
36751
34673
34724
36752
34674
34725
36753
34675
34726
36754
34676
34727
36755
34677
34728
36756
34678
34729
36757
34679
34730
36758
34680
34731
36759
34681
34732
36760
34682
34733
36761
34683
34734
36762
34735
36763
34685
34736
36764
34686
34737
36765
34687
34738
36766
34688
34739
36767
34689
34740
36768
34690
34741
36769
34691
34742
36770
34692
34743
36771
34693
34744
36772
34694
34745
36773
34695
34746
36774
34696
34747
36775
34697
34748
36776
34698
34749
36777
34699
34750
36778
34700
34751
36779
34701
34752
36780
34702
34753
36781
34703
34754
36782
34704
34755
36783
34705
34756
36784
34706
34757
36785
34707
34758
36786
34708
34759
36787
34709
34760
36788
34710
34761
36789
34711
34762
36790
34712
34763
36791
34713
34764
36792
34714
34765
36793
34715
34766
36794
34716
34767
36795
34717
34768
36796
34718
34769
36797
34719
34770
36798
34720
34771
36799
34721
34772
36800
34722
34773
36801
34723
34774
36802
34724
34775
36803
34725
34776
36804
34726
34777
36805
34727
34778
36806
34728
34779
36807
34729
34780
36808
34730
34781
36809
34731
34782
36810
34732
34783
36811
34733
34784
36812
34734
34785
36813
34735
34786
36814
34787
36815
34737
34788
36816
34738
34789
36817
34739
34790
36818
34740
34791
36819
34741
34792
36820
34742
34793
36821
34743
34794
36822
34744
34795
36823
34745
34796
36824
34746
34797
36825
34747
34798
36826
34748
34799
36827
34749
34800
36828
34750
34801
36829
34751
34802
36830
34752
34803
36831
34753
34804
36832
34754
34805
36833
34755
34806
36834
34756
34807
36835
34757
34808
36836
34758
34809
36837
34759
34810
36838
34760
34811
36839
34761
34812
36840
34762
34813
36841
34763
34814
36842
34764
34815
36843
34765
34816
36844
34766
34817
36845
34767
34818
36846
34768
34819
36847
34769
34820
36848
34770
34821
36849
34771
34822
36850
34772
34823
36851
34773
34824
36852
34774
34825
36853
34775
34826
36854
34776
34827
36855
34777
34828
36856
34778
34829
36857
34779
34830
36858
34780
34831
36859
34781
34832
36860
34782
34833
36861
34783
34834
36862
34784
34835
36863
34785
34836
36864
34786
34837
36865
34787
34838
36866
34839
36867
34789
34840
36868
34790
34841
36869
34791
34842
36870
34792
34843
36871
34793
34844
36872
34794
34845
36873
34795
34846
36874
34796
34847
36875
34797
34848
36876
34798
34849
36877
34799
34850
36878
34800
34851
36879
34801
34852
36880
34802
34853
36881
34803
34854
36882
34804
34855
36883
34805
34856
36884
34806
34857
36885
34807
34858
36886
34808
34859
36887
34809
34860
36888
34810
34861
36889
34811
34862
36890
34812
34863
36891
34813
34864
36892
34814
34865
36893
34815
34866
36894
34816
34867
36895
34817
34868
36896
34818
34869
36897
34819
34870
36898
34820
34871
36899
34821
34872
36900
34822
34873
36901
34823
34874
36902
34824
34875
36903
34825
34876
36904
34826
34877
36905
34827
34878
36906
34828
34879
36907
34829
34880
36908
34830
34881
36909
34831
34882
36910
34832
34883
36911
34833
34884
36912
34834
34885
36913
34835
34886
36914
34836
34887
36915
34837
34888
36916
34838
34889
36917
34839
34890
36918
34891
36919
34841
34892
36920
34842
34893
36921
34843
34894
36922
34844
34895
36923
34845
34896
36924
34846
34897
36925
34847
34898
36926
34848
34899
36927
34849
34900
36928
34850
34901
36929
34851
34902
36930
34852
34903
36931
34853
34904
36932
34854
34905
36933
34855
34906
36934
34856
34907
36935
34857
34908
36936
34858
34909
36937
34859
34910
36938
34860
34911
36939
34861
34912
36940
34862
34913
36941
34863
34914
36942
34864
34915
36943
34865
34916
36944
34866
34917
36945
34867
34918
36946
34868
34919
36947
34869
34920
36948
34870
34921
36949
34871
34922
36950
34872
34923
36951
34873
34924
36952
34874
34925
36953
34875
34926
36954
34876
34927
36955
34877
34928
36956
34878
34929
36957
34879
34930
36958
34880
34931
36959
34881
34932
36960
34882
34933
36961
34883
34934
36962
34884
34935
36963
34885
34936
36964
34886
34937
36965
34887
34938
36966
34888
34939
36967
34889
34940
36968
34890
34941
36969
34891
34942
36970
34943
36971
34893
34944
36972
34894
34945
36973
34895
34946
36974
34896
34947
36975
34897
34948
36976
34898
34949
36977
34899
34950
36978
34900
34951
36979
34901
34952
36980
34902
34953
36981
34903
34954
36982
34904
34955
36983
34905
34956
36984
34906
34957
36985
34907
34958
36986
34908
34959
36987
34909
34960
36988
34910
34961
36989
34911
34962
36990
34912
34963
36991
34913
34964
36992
34914
34965
36993
34915
34966
36994
34916
34967
36995
34917
34968
36996
34918
34969
36997
34919
34970
36998
34920
34971
36999
34921
34972
37000
34922
34973
37001
34923
34974
37002
34924
34975
37003
34925
34976
37004
34926
34977
37005
34927
34978
37006
34928
34979
37007
34929
34980
37008
34930
34981
37009
34931
34982
37010
34932
34983
37011
34933
34984
37012
34934
34985
37013
34935
34986
37014
34936
34987
37015
34937
34988
37016
34938
34989
37017
34939
34990
37018
34940
34991
37019
34941
34992
37020
34942
34993
37021
34943
34994
37022
34995
37023
34945
34996
37024
34946
34997
37025
34947
34998
37026
34948
34999
37027
34949
35000
37028
34950
35001
37029
34951
35002
37030
34952
35003
37031
34953
35004
37032
34954
35005
37033
34955
35006
37034
34956
35007
37035
34957
35008
37036
34958
35009
37037
34959
35010
37038
34960
35011
37039
34961
35012
37040
34962
35013
37041
34963
35014
37042
34964
35015
37043
34965
35016
37044
34966
35017
37045
34967
35018
37046
34968
35019
37047
34969
35020
37048
34970
35021
37049
34971
35022
37050
34972
35023
37051
34973
35024
37052
34974
35025
37053
34975
35026
37054
34976
35027
37055
34977
35028
37056
34978
35029
37057
34979
35030
37058
34980
35031
37059
34981
35032
37060
34982
35033
37061
34983
35034
37062
34984
35035
37063
34985
35036
37064
34986
35037
37065
34987
35038
37066
34988
35039
37067
34989
35040
37068
34990
35041
37069
34991
35042
37070
34992
35043
37071
34993
35044
37072
34994
35045
37073
34995
35046
37074
35047
37075
34997
35048
37076
34998
35049
37077
34999
35050
37078
35000
35051
37079
35001
35052
37080
35002
35053
37081
35003
35054
37082
35004
35055
37083
35005
35056
37084
35006
35057
37085
35007
35058
37086
35008
35059
37087
35009
35060
37088
35010
35061
37089
35011
35062
37090
35012
35063
37091
35013
35064
37092
35014
35065
37093
35015
35066
37094
35016
35067
37095
35017
35068
37096
35018
35069
37097
35019
35070
37098
35020
35071
37099
35021
35072
37100
35022
35073
37101
35023
35074
37102
35024
35075
37103
35025
35076
37104
35026
35077
37105
35027
35078
37106
35028
35079
37107
35029
35080
37108
35030
35081
37109
35031
35082
37110
35032
35083
37111
35033
35084
37112
35034
35085
37113
35035
35086
37114
35036
35087
37115
35037
35088
37116
35038
35089
37117
35039
35090
37118
35040
35091
37119
35041
35092
37120
35042
35093
37121
35043
35094
37122
35044
35095
37123
35045
35096
37124
35046
35097
37125
35047
35098
37126
35099
37127
35049
35100
37128
35050
35101
37129
35051
35102
37130
35052
35103
37131
35053
35104
37132
35054
35105
37133
35055
35106
37134
35056
35107
37135
35057
35108
37136
35058
35109
37137
35059
35110
37138
35060
35111
37139
35061
35112
37140
35062
35113
37141
35063
35114
37142
35064
35115
37143
35065
35116
37144
35066
35117
37145
35067
35118
37146
35068
35119
37147
35069
35120
37148
35070
35121
37149
35071
35122
37150
35072
35123
37151
35073
35124
37152
35074
35125
37153
35075
35126
37154
35076
35127
37155
35077
35128
37156
35078
35129
37157
35079
35130
37158
35080
35131
37159
35081
35132
37160
35082
35133
37161
35083
35134
37162
35084
35135
37163
35085
35136
37164
35086
35137
37165
35087
35138
37166
35088
35139
37167
35089
35140
37168
35090
35141
37169
35091
35142
37170
35092
35143
37171
35093
35144
37172
35094
35145
37173
35095
35146
37174
35096
35147
37175
35097
35148
37176
35098
35149
37177
35099
35150
37178
35151
37179
35101
35152
37180
35102
35153
37181
35103
35154
37182
35104
35155
37183
35105
35156
37184
35106
35157
37185
35107
35158
37186
35108
35159
37187
35109
35160
37188
35110
35161
37189
35111
35162
37190
35112
35163
37191
35113
35164
37192
35114
35165
37193
35115
35166
37194
35116
35167
37195
35117
35168
37196
35118
35169
37197
35119
35170
37198
35120
35171
37199
35121
35172
37200
35122
35173
37201
35123
35174
37202
35124
35175
37203
35125
35176
37204
35126
35177
37205
35127
35178
37206
35128
35179
37207
35129
35180
37208
35130
35181
37209
35131
35182
37210
35132
35183
37211
35133
35184
37212
35134
35185
37213
35135
35186
37214
35136
35187
37215
35137
35188
37216
35138
35189
37217
35139
35190
37218
35140
35191
37219
35141
35192
37220
35142
35193
37221
35143
35194
37222
35144
35195
37223
35145
35196
37224
35146
35197
37225
35147
35198
37226
35148
35199
37227
35149
35200
37228
35150
35201
37229
35151
35202
37230
35203
37231
35153
35204
37232
35154
35205
37233
35155
35206
37234
35156
35207
37235
35157
35208
37236
35158
35209
37237
35159
35210
37238
35160
35211
37239
35161
35212
37240
35162
35213
37241
35163
35214
37242
35164
35215
37243
35165
35216
37244
35166
35217
37245
35167
35218
37246
35168
35219
37247
35169
35220
37248
35170
35221
37249
35171
35222
37250
35172
35223
37251
35173
35224
37252
35174
35225
37253
35175
35226
37254
35176
35227
37255
35177
35228
37256
35178
35229
37257
35179
35230
37258
35180
35231
37259
35181
35232
37260
35182
35233
37261
35183
35234
37262
35184
35235
37263
35185
35236
37264
35186
35237
37265
35187
35238
37266
35188
35239
37267
35189
35240
37268
35190
35241
37269
35191
35242
37270
35192
35243
37271
35193
35244
37272
35194
35245
37273
35195
35246
37274
35196
35247
37275
35197
35248
37276
35198
35249
37277
35199
35250
37278
35200
35251
37279
35201
35252
37280
35202
35253
37281
35203
35254
37282
35255
37283
35205
35256
37284
35206
35257
37285
35207
35258
37286
35208
35259
37287
35209
35260
37288
35210
35261
37289
35211
35262
37290
35212
35263
37291
35213
35264
37292
35214
35265
37293
35215
35266
37294
35216
35267
37295
35217
35268
37296
35218
35269
37297
35219
35270
37298
35220
35271
37299
35221
35272
37300
35222
35273
37301
35223
35274
37302
35224
35275
37303
35225
35276
37304
35226
35277
37305
35227
35278
37306
35228
35279
37307
35229
35280
37308
35230
35281
37309
35231
35282
37310
35232
35283
37311
35233
35284
37312
35234
35285
37313
35235
35286
37314
35236
35287
37315
35237
35288
37316
35238
35289
37317
35239
35290
37318
35240
35291
37319
35241
35292
37320
35242
35293
37321
35243
35294
37322
35244
35295
37323
35245
35296
37324
35246
35297
37325
35247
35298
37326
35248
35299
37327
35249
35300
37328
35250
35301
37329
35251
35302
37330
35252
35303
37331
35253
35304
37332
35254
35305
37333
35255
35306
37334
35307
37335
35257
35308
37336
35258
35309
37337
35259
35310
37338
35260
35311
37339
35261
35312
37340
35262
35313
37341
35263
35314
37342
35264
35315
37343
35265
35316
37344
35266
35317
37345
35267
35318
37346
35268
35319
37347
35269
35320
37348
35270
35321
37349
35271
35322
37350
35272
35323
37351
35273
35324
37352
35274
35325
37353
35275
35326
37354
35276
35327
37355
35277
35328
37356
35278
35329
37357
35279
35330
37358
35280
35331
37359
35281
35332
37360
35282
35333
37361
35283
35334
37362
35284
35335
37363
35285
35336
37364
35286
35337
37365
35287
35338
37366
35288
35339
37367
35289
35340
37368
35290
35341
37369
35291
35342
37370
35292
35343
37371
35293
35344
37372
35294
35345
37373
35295
35346
37374
35296
35347
37375
35297
35348
37376
35298
35349
37377
35299
35350
37378
35300
35351
37379
35301
35352
37380
35302
35353
37381
35303
35354
37382
35304
35355
37383
35305
35356
37384
35306
35357
37385
35307
35358
37386
35359
37387
35309
37388
35310
37389
35311
37390
35312
37391
35313
37392
35314
37393
35315
37394
35316
37395
35317
37396
35318
37397
35319
37398
35320
37399
35321
37400
35322
37401
35323
37402
35324
37403
35325
37404
35326
37405
35327
37406
35328
37407
35329
37408
35330
37409
35331
37410
35332
37411
35333
37412
35334
37413
35335
37414
35336
37415
35337
37416
35338
37417
35339
37418
35340
37419
35341
37420
35342
37421
35343
37422
35344
37423
35345
37424
35346
37425
35347
37426
35348
37427
35349
37428
35350
37429
35351
37430
35352
37431
35353
37432
35354
37433
35355
37434
35356
37435
35357
37436
35358
37437
35359
37438
37439
35361
35412
37440
35362
35413
37441
35363
35414
37442
35364
35415
37443
35365
35416
37444
35366
35417
37445
35367
35418
37446
35368
35419
37447
35369
35420
37448
35370
35421
37449
35371
35422
37450
35372
35423
37451
35373
35424
37452
35374
35425
37453
35375
35426
37454
35376
35427
37455
35377
35428
37456
35378
35429
37457
35379
35430
37458
35380
35431
37459
35381
35432
37460
35382
35433
37461
35383
35434
37462
35384
35435
37463
35385
35436
37464
35386
35437
37465
35387
35438
37466
35388
35439
37467
35389
35440
37468
35390
35441
37469
35391
35442
37470
35392
35443
37471
35393
35444
37472
35394
35445
37473
35395
35446
37474
35396
35447
37475
35397
35448
37476
35398
35449
37477
35399
35450
37478
35400
35451
37479
35401
35452
37480
35402
35453
37481
35403
35454
37482
35404
35455
37483
35405
35456
37484
35406
35457
37485
35407
35458
37486
35408
35459
37487
35409
35460
37488
35410
35461
37489
35411
35462
37490
35463
37491
35413
35464
37492
35414
35465
37493
35415
35466
37494
35416
35467
37495
35417
35468
37496
35418
35469
37497
35419
35470
37498
35420
35471
37499
35421
35472
37500
35422
35473
37501
35423
35474
37502
35424
35475
37503
35425
35476
37504
35426
35477
37505
35427
35478
37506
35428
35479
37507
35429
35480
37508
35430
35481
37509
35431
35482
37510
35432
35483
37511
35433
35484
37512
35434
35485
37513
35435
35486
37514
35436
35487
37515
35437
35488
37516
35438
35489
37517
35439
35490
37518
35440
35491
37519
35441
35492
37520
35442
35493
37521
35443
35494
37522
35444
35495
37523
35445
35496
37524
35446
35497
37525
35447
35498
37526
35448
35499
37527
35449
35500
37528
35450
35501
37529
35451
35502
37530
35452
35503
37531
35453
35504
37532
35454
35505
37533
35455
35506
37534
35456
35507
37535
35457
35508
37536
35458
35509
37537
35459
35510
37538
35460
35511
37539
35461
35512
37540
35462
35513
37541
35463
35514
37542
35515
37543
35465
35516
37544
35466
35517
37545
35467
35518
37546
35468
35519
37547
35469
35520
37548
35470
35521
37549
35471
35522
37550
35472
35523
37551
35473
35524
37552
35474
35525
37553
35475
35526
37554
35476
35527
37555
35477
35528
37556
35478
35529
37557
35479
35530
37558
35480
35531
37559
35481
35532
37560
35482
35533
37561
35483
35534
37562
35484
35535
37563
35485
35536
37564
35486
35537
37565
35487
35538
37566
35488
35539
37567
35489
35540
37568
35490
35541
37569
35491
35542
37570
35492
35543
37571
35493
35544
37572
35494
35545
37573
35495
35546
37574
35496
35547
37575
35497
35548
37576
35498
35549
37577
35499
35550
37578
35500
35551
37579
35501
35552
37580
35502
35553
37581
35503
35554
37582
35504
35555
37583
35505
35556
37584
35506
35557
37585
35507
35558
37586
35508
35559
37587
35509
35560
37588
35510
35561
37589
35511
35562
37590
35512
35563
37591
35513
35564
37592
35514
35565
37593
35515
35566
37594
35567
37595
35517
35568
37596
35518
35569
37597
35519
35570
37598
35520
35571
37599
35521
35572
37600
35522
35573
37601
35523
35574
37602
35524
35575
37603
35525
35576
37604
35526
35577
37605
35527
35578
37606
35528
35579
37607
35529
35580
37608
35530
35581
37609
35531
35582
37610
35532
35583
37611
35533
35584
37612
35534
35585
37613
35535
35586
37614
35536
35587
37615
35537
35588
37616
35538
35589
37617
35539
35590
37618
35540
35591
37619
35541
35592
37620
35542
35593
37621
35543
35594
37622
35544
35595
37623
35545
35596
37624
35546
35597
37625
35547
35598
37626
35548
35599
37627
35549
35600
37628
35550
35601
37629
35551
35602
37630
35552
35603
37631
35553
35604
37632
35554
35605
37633
35555
35606
37634
35556
35607
37635
35557
35608
37636
35558
35609
37637
35559
35610
37638
35560
35611
37639
35561
35612
37640
35562
35613
37641
35563
35614
37642
35564
35615
37643
35565
35616
37644
35566
35617
37645
35567
35618
37646
35619
37647
35569
35620
37648
35570
35621
37649
35571
35622
37650
35572
35623
37651
35573
35624
37652
35574
35625
37653
35575
35626
37654
35576
35627
37655
35577
35628
37656
35578
35629
37657
35579
35630
37658
35580
35631
37659
35581
35632
37660
35582
35633
37661
35583
35634
37662
35584
35635
37663
35585
35636
37664
35586
35637
37665
35587
35638
37666
35588
35639
37667
35589
35640
37668
35590
35641
37669
35591
35642
37670
35592
35643
37671
35593
35644
37672
35594
35645
37673
35595
35646
37674
35596
35647
37675
35597
35648
37676
35598
35649
37677
35599
35650
37678
35600
35651
37679
35601
35652
37680
35602
35653
37681
35603
35654
37682
35604
35655
37683
35605
35656
37684
35606
35657
37685
35607
35658
37686
35608
35659
37687
35609
35660
37688
35610
35661
37689
35611
35662
37690
35612
35663
37691
35613
35664
37692
35614
35665
37693
35615
35666
37694
35616
35667
37695
35617
35668
37696
35618
35669
37697
35619
35670
37698
35671
37699
35621
35672
37700
35622
35673
37701
35623
35674
37702
35624
35675
37703
35625
35676
37704
35626
35677
37705
35627
35678
37706
35628
35679
37707
35629
35680
37708
35630
35681
37709
35631
35682
37710
35632
35683
37711
35633
35684
37712
35634
35685
37713
35635
35686
37714
35636
35687
37715
35637
35688
37716
35638
35689
37717
35639
35690
37718
35640
35691
37719
35641
35692
37720
35642
35693
37721
35643
35694
37722
35644
35695
37723
35645
35696
37724
35646
35697
37725
35647
35698
37726
35648
35699
37727
35649
35700
37728
35650
35701
37729
35651
35702
37730
35652
35703
37731
35653
35704
37732
35654
35705
37733
35655
35706
37734
35656
35707
37735
35657
35708
37736
35658
35709
37737
35659
35710
37738
35660
35711
37739
35661
35712
37740
35662
35713
37741
35663
35714
37742
35664
35715
37743
35665
35716
37744
35666
35717
37745
35667
35718
37746
35668
35719
37747
35669
35720
37748
35670
35721
37749
35671
35722
37750
35723
37751
35673
35724
37752
35674
35725
37753
35675
35726
37754
35676
35727
37755
35677
35728
37756
35678
35729
37757
35679
35730
37758
35680
35731
37759
35681
35732
37760
35682
35733
37761
35683
35734
37762
35684
35735
37763
35685
35736
37764
35686
35737
37765
35687
35738
37766
35688
35739
37767
35689
35740
37768
35690
35741
37769
35691
35742
37770
35692
35743
37771
35693
35744
37772
35694
35745
37773
35695
35746
37774
35696
35747
37775
35697
35748
37776
35698
35749
37777
35699
35750
37778
35700
35751
37779
35701
35752
37780
35702
35753
37781
35703
35754
37782
35704
35755
37783
35705
35756
37784
35706
35757
37785
35707
35758
37786
35708
35759
37787
35709
35760
37788
35710
35761
37789
35711
35762
37790
35712
35763
37791
35713
35764
37792
35714
35765
37793
35715
35766
37794
35716
35767
37795
35717
35768
37796
35718
35769
37797
35719
35770
37798
35720
35771
37799
35721
35772
37800
35722
35773
37801
35723
35774
37802
35775
37803
35725
35776
37804
35726
35777
37805
35727
35778
37806
35728
35779
37807
35729
35780
37808
35730
35781
37809
35731
35782
37810
35732
35783
37811
35733
35784
37812
35734
35785
37813
35735
35786
37814
35736
35787
37815
35737
35788
37816
35738
35789
37817
35739
35790
37818
35740
35791
37819
35741
35792
37820
35742
35793
37821
35743
35794
37822
35744
35795
37823
35745
35796
37824
35746
35797
37825
35747
35798
37826
35748
35799
37827
35749
35800
37828
35750
35801
37829
35751
35802
37830
35752
35803
37831
35753
35804
37832
35754
35805
37833
35755
35806
37834
35756
35807
37835
35757
35808
37836
35758
35809
37837
35759
35810
37838
35760
35811
37839
35761
35812
37840
35762
35813
37841
35763
35814
37842
35764
35815
37843
35765
35816
37844
35766
35817
37845
35767
35818
37846
35768
35819
37847
35769
35820
37848
35770
35821
37849
35771
35822
37850
35772
35823
37851
35773
35824
37852
35774
35825
37853
35775
35826
37854
35827
37855
35777
35828
37856
35778
35829
37857
35779
35830
37858
35780
35831
37859
35781
35832
37860
35782
35833
37861
35783
35834
37862
35784
35835
37863
35785
35836
37864
35786
35837
37865
35787
35838
37866
35788
35839
37867
35789
35840
37868
35790
35841
37869
35791
35842
37870
35792
35843
37871
35793
35844
37872
35794
35845
37873
35795
35846
37874
35796
35847
37875
35797
35848
37876
35798
35849
37877
35799
35850
37878
35800
35851
37879
35801
35852
37880
35802
35853
37881
35803
35854
37882
35804
35855
37883
35805
35856
37884
35806
35857
37885
35807
35858
37886
35808
35859
37887
35809
35860
37888
35810
35861
37889
35811
35862
37890
35812
35863
37891
35813
35864
37892
35814
35865
37893
35815
35866
37894
35816
35867
37895
35817
35868
37896
35818
35869
37897
35819
35870
37898
35820
35871
37899
35821
35872
37900
35822
35873
37901
35823
35874
37902
35824
35875
37903
35825
35876
37904
35826
35877
37905
35827
35878
37906
35879
37907
35829
35880
37908
35830
35881
37909
35831
35882
37910
35832
35883
37911
35833
35884
37912
35834
35885
37913
35835
35886
37914
35836
35887
37915
35837
35888
37916
35838
35889
37917
35839
35890
37918
35840
35891
37919
35841
35892
37920
35842
35893
37921
35843
35894
37922
35844
35895
37923
35845
35896
37924
35846
35897
37925
35847
35898
37926
35848
35899
37927
35849
35900
37928
35850
35901
37929
35851
35902
37930
35852
35903
37931
35853
35904
37932
35854
35905
37933
35855
35906
37934
35856
35907
37935
35857
35908
37936
35858
35909
37937
35859
35910
37938
35860
35911
37939
35861
35912
37940
35862
35913
37941
35863
35914
37942
35864
35915
37943
35865
35916
37944
35866
35917
37945
35867
35918
37946
35868
35919
37947
35869
35920
37948
35870
35921
37949
35871
35922
37950
35872
35923
37951
35873
35924
37952
35874
35925
37953
35875
35926
37954
35876
35927
37955
35877
35928
37956
35878
35929
37957
35879
35930
37958
35931
37959
35881
35932
37960
35882
35933
37961
35883
35934
37962
35884
35935
37963
35885
35936
37964
35886
35937
37965
35887
35938
37966
35888
35939
37967
35889
35940
37968
35890
35941
37969
35891
35942
37970
35892
35943
37971
35893
35944
37972
35894
35945
37973
35895
35946
37974
35896
35947
37975
35897
35948
37976
35898
35949
37977
35899
35950
37978
35900
35951
37979
35901
35952
37980
35902
35953
37981
35903
35954
37982
35904
35955
37983
35905
35956
37984
35906
35957
37985
35907
35958
37986
35908
35959
37987
35909
35960
37988
35910
35961
37989
35911
35962
37990
35912
35963
37991
35913
35964
37992
35914
35965
37993
35915
35966
37994
35916
35967
37995
35917
35968
37996
35918
35969
37997
35919
35970
37998
35920
35971
37999
35921
35972
38000
35922
35973
38001
35923
35974
38002
35924
35975
38003
35925
35976
38004
35926
35977
38005
35927
35978
38006
35928
35979
38007
35929
35980
38008
35930
35981
38009
35931
35982
38010
35983
38011
35933
35984
38012
35934
35985
38013
35935
35986
38014
35936
35987
38015
35937
35988
38016
35938
35989
38017
35939
35990
38018
35940
35991
38019
35941
35992
38020
35942
35993
38021
35943
35994
38022
35944
35995
38023
35945
35996
38024
35946
35997
38025
35947
35998
38026
35948
35999
38027
35949
36000
38028
35950
36001
38029
35951
36002
38030
35952
36003
38031
35953
36004
38032
35954
36005
38033
35955
36006
38034
35956
36007
38035
35957
36008
38036
35958
36009
38037
35959
36010
38038
35960
36011
38039
35961
36012
38040
35962
36013
38041
35963
36014
38042
35964
36015
38043
35965
36016
38044
35966
36017
38045
35967
36018
38046
35968
36019
38047
35969
36020
38048
35970
36021
38049
35971
36022
38050
35972
36023
38051
35973
36024
38052
35974
36025
38053
35975
36026
38054
35976
36027
38055
35977
36028
38056
35978
36029
38057
35979
36030
38058
35980
36031
38059
35981
36032
38060
35982
36033
38061
35983
36034
38062
36035
38063
35985
36036
38064
35986
36037
38065
35987
36038
38066
35988
36039
38067
35989
36040
38068
35990
36041
38069
35991
36042
38070
35992
36043
38071
35993
36044
38072
35994
36045
38073
35995
36046
38074
35996
36047
38075
35997
36048
38076
35998
36049
38077
35999
36050
38078
36000
36051
38079
36001
36052
38080
36002
36053
38081
36003
36054
38082
36004
36055
38083
36005
36056
38084
36006
36057
38085
36007
36058
38086
36008
36059
38087
36009
36060
38088
36010
36061
38089
36011
36062
38090
36012
36063
38091
36013
36064
38092
36014
36065
38093
36015
36066
38094
36016
36067
38095
36017
36068
38096
36018
36069
38097
36019
36070
38098
36020
36071
38099
36021
36072
38100
36022
36073
38101
36023
36074
38102
36024
36075
38103
36025
36076
38104
36026
36077
38105
36027
36078
38106
36028
36079
38107
36029
36080
38108
36030
36081
38109
36031
36082
38110
36032
36083
38111
36033
36084
38112
36034
36085
38113
36035
36086
38114
36087
38115
36037
36088
38116
36038
36089
38117
36039
36090
38118
36040
36091
38119
36041
36092
38120
36042
36093
38121
36043
36094
38122
36044
36095
38123
36045
36096
38124
36046
36097
38125
36047
36098
38126
36048
36099
38127
36049
36100
38128
36050
36101
38129
36051
36102
38130
36052
36103
38131
36053
36104
38132
36054
36105
38133
36055
36106
38134
36056
36107
38135
36057
36108
38136
36058
36109
38137
36059
36110
38138
36060
36111
38139
36061
36112
38140
36062
36113
38141
36063
36114
38142
36064
36115
38143
36065
36116
38144
36066
36117
38145
36067
36118
38146
36068
36119
38147
36069
36120
38148
36070
36121
38149
36071
36122
38150
36072
36123
38151
36073
36124
38152
36074
36125
38153
36075
36126
38154
36076
36127
38155
36077
36128
38156
36078
36129
38157
36079
36130
38158
36080
36131
38159
36081
36132
38160
36082
36133
38161
36083
36134
38162
36084
36135
38163
36085
36136
38164
36086
36137
38165
36087
36138
38166
36139
38167
36089
36140
38168
36090
36141
38169
36091
36142
38170
36092
36143
38171
36093
36144
38172
36094
36145
38173
36095
36146
38174
36096
36147
38175
36097
36148
38176
36098
36149
38177
36099
36150
38178
36100
36151
38179
36101
36152
38180
36102
36153
38181
36103
36154
38182
36104
36155
38183
36105
36156
38184
36106
36157
38185
36107
36158
38186
36108
36159
38187
36109
36160
38188
36110
36161
38189
36111
36162
38190
36112
36163
38191
36113
36164
38192
36114
36165
38193
36115
36166
38194
36116
36167
38195
36117
36168
38196
36118
36169
38197
36119
36170
38198
36120
36171
38199
36121
36172
38200
36122
36173
38201
36123
36174
38202
36124
36175
38203
36125
36176
38204
36126
36177
38205
36127
36178
38206
36128
36179
38207
36129
36180
38208
36130
36181
38209
36131
36182
38210
36132
36183
38211
36133
36184
38212
36134
36185
38213
36135
36186
38214
36136
36187
38215
36137
36188
38216
36138
36189
38217
36139
36190
38218
36191
38219
36141
36192
38220
36142
36193
38221
36143
36194
38222
36144
36195
38223
36145
36196
38224
36146
36197
38225
36147
36198
38226
36148
36199
38227
36149
36200
38228
36150
36201
38229
36151
36202
38230
36152
36203
38231
36153
36204
38232
36154
36205
38233
36155
36206
38234
36156
36207
38235
36157
36208
38236
36158
36209
38237
36159
36210
38238
36160
36211
38239
36161
36212
38240
36162
36213
38241
36163
36214
38242
36164
36215
38243
36165
36216
38244
36166
36217
38245
36167
36218
38246
36168
36219
38247
36169
36220
38248
36170
36221
38249
36171
36222
38250
36172
36223
38251
36173
36224
38252
36174
36225
38253
36175
36226
38254
36176
36227
38255
36177
36228
38256
36178
36229
38257
36179
36230
38258
36180
36231
38259
36181
36232
38260
36182
36233
38261
36183
36234
38262
36184
36235
38263
36185
36236
38264
36186
36237
38265
36187
36238
38266
36188
36239
38267
36189
36240
38268
36190
36241
38269
36191
36242
38270
36243
38271
36193
36244
38272
36194
36245
38273
36195
36246
38274
36196
36247
38275
36197
36248
38276
36198
36249
38277
36199
36250
38278
36200
36251
38279
36201
36252
38280
36202
36253
38281
36203
36254
38282
36204
36255
38283
36205
36256
38284
36206
36257
38285
36207
36258
38286
36208
36259
38287
36209
36260
38288
36210
36261
38289
36211
36262
38290
36212
36263
38291
36213
36264
38292
36214
36265
38293
36215
36266
38294
36216
36267
38295
36217
36268
38296
36218
36269
38297
36219
36270
38298
36220
36271
38299
36221
36272
38300
36222
36273
38301
36223
36274
38302
36224
36275
38303
36225
36276
38304
36226
36277
38305
36227
36278
38306
36228
36279
38307
36229
36280
38308
36230
36281
38309
36231
36282
38310
36232
36283
38311
36233
36284
38312
36234
36285
38313
36235
36286
38314
36236
36287
38315
36237
36288
38316
36238
36289
38317
36239
36290
38318
36240
36291
38319
36241
36292
38320
36242
36293
38321
36243
36294
38322
36295
38323
36245
36296
38324
36246
36297
38325
36247
36298
38326
36248
36299
38327
36249
36300
38328
36250
36301
38329
36251
36302
38330
36252
36303
38331
36253
36304
38332
36254
36305
38333
36255
36306
38334
36256
36307
38335
36257
36308
38336
36258
36309
38337
36259
36310
38338
36260
36311
38339
36261
36312
38340
36262
36313
38341
36263
36314
38342
36264
36315
38343
36265
36316
38344
36266
36317
38345
36267
36318
38346
36268
36319
38347
36269
36320
38348
36270
36321
38349
36271
36322
38350
36272
36323
38351
36273
36324
38352
36274
36325
38353
36275
36326
38354
36276
36327
38355
36277
36328
38356
36278
36329
38357
36279
36330
38358
36280
36331
38359
36281
36332
38360
36282
36333
38361
36283
36334
38362
36284
36335
38363
36285
36336
38364
36286
36337
38365
36287
36338
38366
36288
36339
38367
36289
36340
38368
36290
36341
38369
36291
36342
38370
36292
36343
38371
36293
36344
38372
36294
36345
38373
36295
36346
38374
36347
38375
36297
36348
38376
36298
36349
38377
36299
36350
38378
36300
36351
38379
36301
36352
38380
36302
36353
38381
36303
36354
38382
36304
36355
38383
36305
36356
38384
36306
36357
38385
36307
36358
38386
36308
36359
38387
36309
36360
38388
36310
36361
38389
36311
36362
38390
36312
36363
38391
36313
36364
38392
36314
36365
38393
36315
36366
38394
36316
36367
38395
36317
36368
38396
36318
36369
38397
36319
36370
38398
36320
36371
38399
36321
36372
38400
36322
36373
38401
36323
36374
38402
36324
36375
38403
36325
36376
38404
36326
36377
38405
36327
36378
38406
36328
36379
38407
36329
36380
38408
36330
36381
38409
36331
36382
38410
36332
36383
38411
36333
36384
38412
36334
36385
38413
36335
36386
38414
36336
36387
38415
36337
36388
38416
36338
36389
38417
36339
36390
38418
36340
36391
38419
36341
36392
38420
36342
36393
38421
36343
36394
38422
36344
36395
38423
36345
36396
38424
36346
36397
38425
36347
36398
38426
36399
38427
36349
36400
38428
36350
36401
38429
36351
36402
38430
36352
36403
38431
36353
36404
38432
36354
36405
38433
36355
36406
38434
36356
36407
38435
36357
36408
38436
36358
36409
38437
36359
36410
38438
36360
36411
38439
36361
36412
38440
36362
36413
38441
36363
36414
38442
36364
36415
38443
36365
36416
38444
36366
36417
38445
36367
36418
38446
36368
36419
38447
36369
36420
38448
36370
36421
38449
36371
36422
38450
36372
36423
38451
36373
36424
38452
36374
36425
38453
36375
36426
38454
36376
36427
38455
36377
36428
38456
36378
36429
38457
36379
36430
38458
36380
36431
38459
36381
36432
38460
36382
36433
38461
36383
36434
38462
36384
36435
38463
36385
36436
38464
36386
36437
38465
36387
36438
38466
36388
36439
38467
36389
36440
38468
36390
36441
38469
36391
36442
38470
36392
36443
38471
36393
36444
38472
36394
36445
38473
36395
36446
38474
36396
36447
38475
36397
36448
38476
36398
36449
38477
36399
36450
38478
36451
38479
36401
36452
38480
36402
36453
38481
36403
36454
38482
36404
36455
38483
36405
36456
38484
36406
36457
38485
36407
36458
38486
36408
36459
38487
36409
36460
38488
36410
36461
38489
36411
36462
38490
36412
36463
38491
36413
36464
38492
36414
36465
38493
36415
36466
38494
36416
36467
38495
36417
36468
38496
36418
36469
38497
36419
36470
38498
36420
36471
38499
36421
36472
38500
36422
36473
38501
36423
36474
38502
36424
36475
38503
36425
36476
38504
36426
36477
38505
36427
36478
38506
36428
36479
38507
36429
36480
38508
36430
36481
38509
36431
36482
38510
36432
36483
38511
36433
36484
38512
36434
36485
38513
36435
36486
38514
36436
36487
38515
36437
36488
38516
36438
36489
38517
36439
36490
38518
36440
36491
38519
36441
36492
38520
36442
36493
38521
36443
36494
38522
36444
36495
38523
36445
36496
38524
36446
36497
38525
36447
36498
38526
36448
36499
38527
36449
36500
38528
36450
36501
38529
36451
36502
38530
36503
38531
36453
36504
38532
36454
36505
38533
36455
36506
38534
36456
36507
38535
36457
36508
38536
36458
36509
38537
36459
36510
38538
36460
36511
38539
36461
36512
38540
36462
36513
38541
36463
36514
38542
36464
36515
38543
36465
36516
38544
36466
36517
38545
36467
36518
38546
36468
36519
38547
36469
36520
38548
36470
36521
38549
36471
36522
38550
36472
36523
38551
36473
36524
38552
36474
36525
38553
36475
36526
38554
36476
36527
38555
36477
36528
38556
36478
36529
38557
36479
36530
38558
36480
36531
38559
36481
36532
38560
36482
36533
38561
36483
36534
38562
36484
36535
38563
36485
36536
38564
36486
36537
38565
36487
36538
38566
36488
36539
38567
36489
36540
38568
36490
36541
38569
36491
36542
38570
36492
36543
38571
36493
36544
38572
36494
36545
38573
36495
36546
38574
36496
36547
38575
36497
36548
38576
36498
36549
38577
36499
36550
38578
36500
36551
38579
36501
36552
38580
36502
36553
38581
36503
36554
38582
36555
38583
36505
36556
38584
36506
36557
38585
36507
36558
38586
36508
36559
38587
36509
36560
38588
36510
36561
38589
36511
36562
38590
36512
36563
38591
36513
36564
38592
36514
36565
38593
36515
36566
38594
36516
36567
38595
36517
36568
38596
36518
36569
38597
36519
36570
38598
36520
36571
38599
36521
36572
38600
36522
36573
38601
36523
36574
38602
36524
36575
38603
36525
36576
38604
36526
36577
38605
36527
36578
38606
36528
36579
38607
36529
36580
38608
36530
36581
38609
36531
36582
38610
36532
36583
38611
36533
36584
38612
36534
36585
38613
36535
36586
38614
36536
36587
38615
36537
36588
38616
36538
36589
38617
36539
36590
38618
36540
36591
38619
36541
36592
38620
36542
36593
38621
36543
36594
38622
36544
36595
38623
36545
36596
38624
36546
36597
38625
36547
36598
38626
36548
36599
38627
36549
36600
38628
36550
36601
38629
36551
36602
38630
36552
36603
38631
36553
36604
38632
36554
36605
38633
36555
36606
38634
36607
38635
36557
36608
38636
36558
36609
38637
36559
36610
38638
36560
36611
38639
36561
36612
38640
36562
36613
38641
36563
36614
38642
36564
36615
38643
36565
36616
38644
36566
36617
38645
36567
36618
38646
36568
36619
38647
36569
36620
38648
36570
36621
38649
36571
36622
38650
36572
36623
38651
36573
36624
38652
36574
36625
38653
36575
36626
38654
36576
36627
38655
36577
36628
38656
36578
36629
38657
36579
36630
38658
36580
36631
38659
36581
36632
38660
36582
36633
38661
36583
36634
38662
36584
36635
38663
36585
36636
38664
36586
36637
38665
36587
36638
38666
36588
36639
38667
36589
36640
38668
36590
36641
38669
36591
36642
38670
36592
36643
38671
36593
36644
38672
36594
36645
38673
36595
36646
38674
36596
36647
38675
36597
36648
38676
36598
36649
38677
36599
36650
38678
36600
36651
38679
36601
36652
38680
36602
36653
38681
36603
36654
38682
36604
36655
38683
36605
36656
38684
36606
36657
38685
36607
36658
38686
36659
38687
36609
36660
38688
36610
36661
38689
36611
36662
38690
36612
36663
38691
36613
36664
38692
36614
36665
38693
36615
36666
38694
36616
36667
38695
36617
36668
38696
36618
36669
38697
36619
36670
38698
36620
36671
38699
36621
36672
38700
36622
36673
38701
36623
36674
38702
36624
36675
38703
36625
36676
38704
36626
36677
38705
36627
36678
38706
36628
36679
38707
36629
36680
38708
36630
36681
38709
36631
36682
38710
36632
36683
38711
36633
36684
38712
36634
36685
38713
36635
36686
38714
36636
36687
38715
36637
36688
38716
36638
36689
38717
36639
36690
38718
36640
36691
38719
36641
36692
38720
36642
36693
38721
36643
36694
38722
36644
36695
38723
36645
36696
38724
36646
36697
38725
36647
36698
38726
36648
36699
38727
36649
36700
38728
36650
36701
38729
36651
36702
38730
36652
36703
38731
36653
36704
38732
36654
36705
38733
36655
36706
38734
36656
36707
38735
36657
36708
38736
36658
36709
38737
36659
36710
38738
36711
38739
36661
36712
38740
36662
36713
38741
36663
36714
38742
36664
36715
38743
36665
36716
38744
36666
36717
38745
36667
36718
38746
36668
36719
38747
36669
36720
38748
36670
36721
38749
36671
36722
38750
36672
36723
38751
36673
36724
38752
36674
36725
38753
36675
36726
38754
36676
36727
38755
36677
36728
38756
36678
36729
38757
36679
36730
38758
36680
36731
38759
36681
36732
38760
36682
36733
38761
36683
36734
38762
36684
36735
38763
36685
36736
38764
36686
36737
38765
36687
36738
38766
36688
36739
38767
36689
36740
38768
36690
36741
38769
36691
36742
38770
36692
36743
38771
36693
36744
38772
36694
36745
38773
36695
36746
38774
36696
36747
38775
36697
36748
38776
36698
36749
38777
36699
36750
38778
36700
36751
38779
36701
36752
38780
36702
36753
38781
36703
36754
38782
36704
36755
38783
36705
36756
38784
36706
36757
38785
36707
36758
38786
36708
36759
38787
36709
36760
38788
36710
36761
38789
36711
36762
38790
36763
38791
36713
36764
38792
36714
36765
38793
36715
36766
38794
36716
36767
38795
36717
36768
38796
36718
36769
38797
36719
36770
38798
36720
36771
38799
36721
36772
38800
36722
36773
38801
36723
36774
38802
36724
36775
38803
36725
36776
38804
36726
36777
38805
36727
36778
38806
36728
36779
38807
36729
36780
38808
36730
36781
38809
36731
36782
38810
36732
36783
38811
36733
36784
38812
36734
36785
38813
36735
36786
38814
36736
36787
38815
36737
36788
38816
36738
36789
38817
36739
36790
38818
36740
36791
38819
36741
36792
38820
36742
36793
38821
36743
36794
38822
36744
36795
38823
36745
36796
38824
36746
36797
38825
36747
36798
38826
36748
36799
38827
36749
36800
38828
36750
36801
38829
36751
36802
38830
36752
36803
38831
36753
36804
38832
36754
36805
38833
36755
36806
38834
36756
36807
38835
36757
36808
38836
36758
36809
38837
36759
36810
38838
36760
36811
38839
36761
36812
38840
36762
36813
38841
36763
36814
38842
36815
38843
36765
36816
38844
36766
36817
38845
36767
36818
38846
36768
36819
38847
36769
36820
38848
36770
36821
38849
36771
36822
38850
36772
36823
38851
36773
36824
38852
36774
36825
38853
36775
36826
38854
36776
36827
38855
36777
36828
38856
36778
36829
38857
36779
36830
38858
36780
36831
38859
36781
36832
38860
36782
36833
38861
36783
36834
38862
36784
36835
38863
36785
36836
38864
36786
36837
38865
36787
36838
38866
36788
36839
38867
36789
36840
38868
36790
36841
38869
36791
36842
38870
36792
36843
38871
36793
36844
38872
36794
36845
38873
36795
36846
38874
36796
36847
38875
36797
36848
38876
36798
36849
38877
36799
36850
38878
36800
36851
38879
36801
36852
38880
36802
36853
38881
36803
36854
38882
36804
36855
38883
36805
36856
38884
36806
36857
38885
36807
36858
38886
36808
36859
38887
36809
36860
38888
36810
36861
38889
36811
36862
38890
36812
36863
38891
36813
36864
38892
36814
36865
38893
36815
36866
38894
36867
38895
36817
36868
38896
36818
36869
38897
36819
36870
38898
36820
36871
38899
36821
36872
38900
36822
36873
38901
36823
36874
38902
36824
36875
38903
36825
36876
38904
36826
36877
38905
36827
36878
38906
36828
36879
38907
36829
36880
38908
36830
36881
38909
36831
36882
38910
36832
36883
38911
36833
36884
38912
36834
36885
38913
36835
36886
38914
36836
36887
38915
36837
36888
38916
36838
36889
38917
36839
36890
38918
36840
36891
38919
36841
36892
38920
36842
36893
38921
36843
36894
38922
36844
36895
38923
36845
36896
38924
36846
36897
38925
36847
36898
38926
36848
36899
38927
36849
36900
38928
36850
36901
38929
36851
36902
38930
36852
36903
38931
36853
36904
38932
36854
36905
38933
36855
36906
38934
36856
36907
38935
36857
36908
38936
36858
36909
38937
36859
36910
38938
36860
36911
38939
36861
36912
38940
36862
36913
38941
36863
36914
38942
36864
36915
38943
36865
36916
38944
36866
36917
38945
36867
36918
38946
36919
38947
36869
36920
38948
36870
36921
38949
36871
36922
38950
36872
36923
38951
36873
36924
38952
36874
36925
38953
36875
36926
38954
36876
36927
38955
36877
36928
38956
36878
36929
38957
36879
36930
38958
36880
36931
38959
36881
36932
38960
36882
36933
38961
36883
36934
38962
36884
36935
38963
36885
36936
38964
36886
36937
38965
36887
36938
38966
36888
36939
38967
36889
36940
38968
36890
36941
38969
36891
36942
38970
36892
36943
38971
36893
36944
38972
36894
36945
38973
36895
36946
38974
36896
36947
38975
36897
36948
38976
36898
36949
38977
36899
36950
38978
36900
36951
38979
36901
36952
38980
36902
36953
38981
36903
36954
38982
36904
36955
38983
36905
36956
38984
36906
36957
38985
36907
36958
38986
36908
36959
38987
36909
36960
38988
36910
36961
38989
36911
36962
38990
36912
36963
38991
36913
36964
38992
36914
36965
38993
36915
36966
38994
36916
36967
38995
36917
36968
38996
36918
36969
38997
36919
36970
38998
36971
38999
36921
36972
39000
36922
36973
39001
36923
36974
39002
36924
36975
39003
36925
36976
39004
36926
36977
39005
36927
36978
39006
36928
36979
39007
36929
36980
39008
36930
36981
39009
36931
36982
39010
36932
36983
39011
36933
36984
39012
36934
36985
39013
36935
36986
39014
36936
36987
39015
36937
36988
39016
36938
36989
39017
36939
36990
39018
36940
36991
39019
36941
36992
39020
36942
36993
39021
36943
36994
39022
36944
36995
39023
36945
36996
39024
36946
36997
39025
36947
36998
39026
36948
36999
39027
36949
37000
39028
36950
37001
39029
36951
37002
39030
36952
37003
39031
36953
37004
39032
36954
37005
39033
36955
37006
39034
36956
37007
39035
36957
37008
39036
36958
37009
39037
36959
37010
39038
36960
37011
39039
36961
37012
39040
36962
37013
39041
36963
37014
39042
36964
37015
39043
36965
37016
39044
36966
37017
39045
36967
37018
39046
36968
37019
39047
36969
37020
39048
36970
37021
39049
36971
37022
39050
37023
39051
36973
37024
39052
36974
37025
39053
36975
37026
39054
36976
37027
39055
36977
37028
39056
36978
37029
39057
36979
37030
39058
36980
37031
39059
36981
37032
39060
36982
37033
39061
36983
37034
39062
36984
37035
39063
36985
37036
39064
36986
37037
39065
36987
37038
39066
36988
37039
39067
36989
37040
39068
36990
37041
39069
36991
37042
39070
36992
37043
39071
36993
37044
39072
36994
37045
39073
36995
37046
39074
36996
37047
39075
36997
37048
39076
36998
37049
39077
36999
37050
39078
37000
37051
39079
37001
37052
39080
37002
37053
39081
37003
37054
39082
37004
37055
39083
37005
37056
39084
37006
37057
39085
37007
37058
39086
37008
37059
39087
37009
37060
39088
37010
37061
39089
37011
37062
39090
37012
37063
39091
37013
37064
39092
37014
37065
39093
37015
37066
39094
37016
37067
39095
37017
37068
39096
37018
37069
39097
37019
37070
39098
37020
37071
39099
37021
37072
39100
37022
37073
39101
37023
37074
39102
37075
39103
37025
37076
39104
37026
37077
39105
37027
37078
39106
37028
37079
39107
37029
37080
39108
37030
37081
39109
37031
37082
39110
37032
37083
39111
37033
37084
39112
37034
37085
39113
37035
37086
39114
37036
37087
39115
37037
37088
39116
37038
37089
39117
37039
37090
39118
37040
37091
39119
37041
37092
39120
37042
37093
39121
37043
37094
39122
37044
37095
39123
37045
37096
39124
37046
37097
39125
37047
37098
39126
37048
37099
39127
37049
37100
39128
37050
37101
39129
37051
37102
39130
37052
37103
39131
37053
37104
39132
37054
37105
39133
37055
37106
39134
37056
37107
39135
37057
37108
39136
37058
37109
39137
37059
37110
39138
37060
37111
39139
37061
37112
39140
37062
37113
39141
37063
37114
39142
37064
37115
39143
37065
37116
39144
37066
37117
39145
37067
37118
39146
37068
37119
39147
37069
37120
39148
37070
37121
39149
37071
37122
39150
37072
37123
39151
37073
37124
39152
37074
37125
39153
37075
37126
39154
37127
39155
37077
37128
39156
37078
37129
39157
37079
37130
39158
37080
37131
39159
37081
37132
39160
37082
37133
39161
37083
37134
39162
37084
37135
39163
37085
37136
39164
37086
37137
39165
37087
37138
39166
37088
37139
39167
37089
37140
39168
37090
37141
39169
37091
37142
39170
37092
37143
39171
37093
37144
39172
37094
37145
39173
37095
37146
39174
37096
37147
39175
37097
37148
39176
37098
37149
39177
37099
37150
39178
37100
37151
39179
37101
37152
39180
37102
37153
39181
37103
37154
39182
37104
37155
39183
37105
37156
39184
37106
37157
39185
37107
37158
39186
37108
37159
39187
37109
37160
39188
37110
37161
39189
37111
37162
39190
37112
37163
39191
37113
37164
39192
37114
37165
39193
37115
37166
39194
37116
37167
39195
37117
37168
39196
37118
37169
39197
37119
37170
39198
37120
37171
39199
37121
37172
39200
37122
37173
39201
37123
37174
39202
37124
37175
39203
37125
37176
39204
37126
37177
39205
37127
37178
39206
37179
39207
37129
37180
39208
37130
37181
39209
37131
37182
39210
37132
37183
39211
37133
37184
39212
37134
37185
39213
37135
37186
39214
37136
37187
39215
37137
37188
39216
37138
37189
39217
37139
37190
39218
37140
37191
39219
37141
37192
39220
37142
37193
39221
37143
37194
39222
37144
37195
39223
37145
37196
39224
37146
37197
39225
37147
37198
39226
37148
37199
39227
37149
37200
39228
37150
37201
39229
37151
37202
39230
37152
37203
39231
37153
37204
39232
37154
37205
39233
37155
37206
39234
37156
37207
39235
37157
37208
39236
37158
37209
39237
37159
37210
39238
37160
37211
39239
37161
37212
39240
37162
37213
39241
37163
37214
39242
37164
37215
39243
37165
37216
39244
37166
37217
39245
37167
37218
39246
37168
37219
39247
37169
37220
39248
37170
37221
39249
37171
37222
39250
37172
37223
39251
37173
37224
39252
37174
37225
39253
37175
37226
39254
37176
37227
39255
37177
37228
39256
37178
37229
39257
37179
37230
39258
37231
39259
37181
37232
39260
37182
37233
39261
37183
37234
39262
37184
37235
39263
37185
37236
39264
37186
37237
39265
37187
37238
39266
37188
37239
39267
37189
37240
39268
37190
37241
39269
37191
37242
39270
37192
37243
39271
37193
37244
39272
37194
37245
39273
37195
37246
39274
37196
37247
39275
37197
37248
39276
37198
37249
39277
37199
37250
39278
37200
37251
39279
37201
37252
39280
37202
37253
39281
37203
37254
39282
37204
37255
39283
37205
37256
39284
37206
37257
39285
37207
37258
39286
37208
37259
39287
37209
37260
39288
37210
37261
39289
37211
37262
39290
37212
37263
39291
37213
37264
39292
37214
37265
39293
37215
37266
39294
37216
37267
39295
37217
37268
39296
37218
37269
39297
37219
37270
39298
37220
37271
39299
37221
37272
39300
37222
37273
39301
37223
37274
39302
37224
37275
39303
37225
37276
39304
37226
37277
39305
37227
37278
39306
37228
37279
39307
37229
37280
39308
37230
37281
39309
37231
37282
39310
37283
39311
37233
37284
39312
37234
37285
39313
37235
37286
39314
37236
37287
39315
37237
37288
39316
37238
37289
39317
37239
37290
39318
37240
37291
39319
37241
37292
39320
37242
37293
39321
37243
37294
39322
37244
37295
39323
37245
37296
39324
37246
37297
39325
37247
37298
39326
37248
37299
39327
37249
37300
39328
37250
37301
39329
37251
37302
39330
37252
37303
39331
37253
37304
39332
37254
37305
39333
37255
37306
39334
37256
37307
39335
37257
37308
39336
37258
37309
39337
37259
37310
39338
37260
37311
39339
37261
37312
39340
37262
37313
39341
37263
37314
39342
37264
37315
39343
37265
37316
39344
37266
37317
39345
37267
37318
39346
37268
37319
39347
37269
37320
39348
37270
37321
39349
37271
37322
39350
37272
37323
39351
37273
37324
39352
37274
37325
39353
37275
37326
39354
37276
37327
39355
37277
37328
39356
37278
37329
39357
37279
37330
39358
37280
37331
39359
37281
37332
39360
37282
37333
39361
37283
37334
39362
37335
39363
37285
37336
39364
37286
37337
39365
37287
37338
39366
37288
37339
39367
37289
37340
39368
37290
37341
39369
37291
37342
39370
37292
37343
39371
37293
37344
39372
37294
37345
39373
37295
37346
39374
37296
37347
39375
37297
37348
39376
37298
37349
39377
37299
37350
39378
37300
37351
39379
37301
37352
39380
37302
37353
39381
37303
37354
39382
37304
37355
39383
37305
37356
39384
37306
37357
39385
37307
37358
39386
37308
37359
39387
37309
37360
39388
37310
37361
39389
37311
37362
39390
37312
37363
39391
37313
37364
39392
37314
37365
39393
37315
37366
39394
37316
37367
39395
37317
37368
39396
37318
37369
39397
37319
37370
39398
37320
37371
39399
37321
37372
39400
37322
37373
39401
37323
37374
39402
37324
37375
39403
37325
37376
39404
37326
37377
39405
37327
37378
39406
37328
37379
39407
37329
37380
39408
37330
37381
39409
37331
37382
39410
37332
37383
39411
37333
37384
39412
37334
37385
39413
37335
37386
39414
37387
39415
37337
37388
39416
37338
37389
39417
37339
37390
39418
37340
37391
39419
37341
37392
39420
37342
37393
39421
37343
37394
39422
37344
37395
39423
37345
37396
39424
37346
37397
39425
37347
37398
39426
37348
37399
39427
37349
37400
39428
37350
37401
39429
37351
37402
39430
37352
37403
39431
37353
37404
39432
37354
37405
39433
37355
37406
39434
37356
37407
39435
37357
37408
39436
37358
37409
39437
37359
37410
39438
37360
37411
39439
37361
37412
39440
37362
37413
39441
37363
37414
39442
37364
37415
39443
37365
37416
39444
37366
37417
39445
37367
37418
39446
37368
37419
39447
37369
37420
39448
37370
37421
39449
37371
37422
39450
37372
37423
39451
37373
37424
39452
37374
37425
39453
37375
37426
39454
37376
37427
39455
37377
37428
39456
37378
37429
39457
37379
37430
39458
37380
37431
39459
37381
37432
39460
37382
37433
39461
37383
37434
39462
37384
37435
39463
37385
37436
39464
37386
37437
39465
37387
37438
39466
37439
39467
37389
39468
37390
39469
37391
39470
37392
39471
37393
39472
37394
39473
37395
39474
37396
39475
37397
39476
37398
39477
37399
39478
37400
39479
37401
39480
37402
39481
37403
39482
37404
39483
37405
39484
37406
39485
37407
39486
37408
39487
37409
39488
37410
39489
37411
39490
37412
39491
37413
39492
37414
39493
37415
39494
37416
39495
37417
39496
37418
39497
37419
39498
37420
39499
37421
39500
37422
39501
37423
39502
37424
39503
37425
39504
37426
39505
37427
39506
37428
39507
37429
39508
37430
39509
37431
39510
37432
39511
37433
39512
37434
39513
37435
39514
37436
39515
37437
39516
37438
39517
37439
39518
39519
37441
37492
39520
37442
37493
39521
37443
37494
39522
37444
37495
39523
37445
37496
39524
37446
37497
39525
37447
37498
39526
37448
37499
39527
37449
37500
39528
37450
37501
39529
37451
37502
39530
37452
37503
39531
37453
37504
39532
37454
37505
39533
37455
37506
39534
37456
37507
39535
37457
37508
39536
37458
37509
39537
37459
37510
39538
37460
37511
39539
37461
37512
39540
37462
37513
39541
37463
37514
39542
37464
37515
39543
37465
37516
39544
37466
37517
39545
37467
37518
39546
37468
37519
39547
37469
37520
39548
37470
37521
39549
37471
37522
39550
37472
37523
39551
37473
37524
39552
37474
37525
39553
37475
37526
39554
37476
37527
39555
37477
37528
39556
37478
37529
39557
37479
37530
39558
37480
37531
39559
37481
37532
39560
37482
37533
39561
37483
37534
39562
37484
37535
39563
37485
37536
39564
37486
37537
39565
37487
37538
39566
37488
37539
39567
37489
37540
39568
37490
37541
39569
37491
37542
39570
37543
39571
37493
37544
39572
37494
37545
39573
37495
37546
39574
37496
37547
39575
37497
37548
39576
37498
37549
39577
37499
37550
39578
37500
37551
39579
37501
37552
39580
37502
37553
39581
37503
37554
39582
37504
37555
39583
37505
37556
39584
37506
37557
39585
37507
37558
39586
37508
37559
39587
37509
37560
39588
37510
37561
39589
37511
37562
39590
37512
37563
39591
37513
37564
39592
37514
37565
39593
37515
37566
39594
37516
37567
39595
37517
37568
39596
37518
37569
39597
37519
37570
39598
37520
37571
39599
37521
37572
39600
37522
37573
39601
37523
37574
39602
37524
37575
39603
37525
37576
39604
37526
37577
39605
37527
37578
39606
37528
37579
39607
37529
37580
39608
37530
37581
39609
37531
37582
39610
37532
37583
39611
37533
37584
39612
37534
37585
39613
37535
37586
39614
37536
37587
39615
37537
37588
39616
37538
37589
39617
37539
37590
39618
37540
37591
39619
37541
37592
39620
37542
37593
39621
37543
37594
39622
37595
39623
37545
37596
39624
37546
37597
39625
37547
37598
39626
37548
37599
39627
37549
37600
39628
37550
37601
39629
37551
37602
39630
37552
37603
39631
37553
37604
39632
37554
37605
39633
37555
37606
39634
37556
37607
39635
37557
37608
39636
37558
37609
39637
37559
37610
39638
37560
37611
39639
37561
37612
39640
37562
37613
39641
37563
37614
39642
37564
37615
39643
37565
37616
39644
37566
37617
39645
37567
37618
39646
37568
37619
39647
37569
37620
39648
37570
37621
39649
37571
37622
39650
37572
37623
39651
37573
37624
39652
37574
37625
39653
37575
37626
39654
37576
37627
39655
37577
37628
39656
37578
37629
39657
37579
37630
39658
37580
37631
39659
37581
37632
39660
37582
37633
39661
37583
37634
39662
37584
37635
39663
37585
37636
39664
37586
37637
39665
37587
37638
39666
37588
37639
39667
37589
37640
39668
37590
37641
39669
37591
37642
39670
37592
37643
39671
37593
37644
39672
37594
37645
39673
37595
37646
39674
37647
39675
37597
37648
39676
37598
37649
39677
37599
37650
39678
37600
37651
39679
37601
37652
39680
37602
37653
39681
37603
37654
39682
37604
37655
39683
37605
37656
39684
37606
37657
39685
37607
37658
39686
37608
37659
39687
37609
37660
39688
37610
37661
39689
37611
37662
39690
37612
37663
39691
37613
37664
39692
37614
37665
39693
37615
37666
39694
37616
37667
39695
37617
37668
39696
37618
37669
39697
37619
37670
39698
37620
37671
39699
37621
37672
39700
37622
37673
39701
37623
37674
39702
37624
37675
39703
37625
37676
39704
37626
37677
39705
37627
37678
39706
37628
37679
39707
37629
37680
39708
37630
37681
39709
37631
37682
39710
37632
37683
39711
37633
37684
39712
37634
37685
39713
37635
37686
39714
37636
37687
39715
37637
37688
39716
37638
37689
39717
37639
37690
39718
37640
37691
39719
37641
37692
39720
37642
37693
39721
37643
37694
39722
37644
37695
39723
37645
37696
39724
37646
37697
39725
37647
37698
39726
37699
39727
37649
37700
39728
37650
37701
39729
37651
37702
39730
37652
37703
39731
37653
37704
39732
37654
37705
39733
37655
37706
39734
37656
37707
39735
37657
37708
39736
37658
37709
39737
37659
37710
39738
37660
37711
39739
37661
37712
39740
37662
37713
39741
37663
37714
39742
37664
37715
39743
37665
37716
39744
37666
37717
39745
37667
37718
39746
37668
37719
39747
37669
37720
39748
37670
37721
39749
37671
37722
39750
37672
37723
39751
37673
37724
39752
37674
37725
39753
37675
37726
39754
37676
37727
39755
37677
37728
39756
37678
37729
39757
37679
37730
39758
37680
37731
39759
37681
37732
39760
37682
37733
39761
37683
37734
39762
37684
37735
39763
37685
37736
39764
37686
37737
39765
37687
37738
39766
37688
37739
39767
37689
37740
39768
37690
37741
39769
37691
37742
39770
37692
37743
39771
37693
37744
39772
37694
37745
39773
37695
37746
39774
37696
37747
39775
37697
37748
39776
37698
37749
39777
37699
37750
39778
37751
39779
37701
37752
39780
37702
37753
39781
37703
37754
39782
37704
37755
39783
37705
37756
39784
37706
37757
39785
37707
37758
39786
37708
37759
39787
37709
37760
39788
37710
37761
39789
37711
37762
39790
37712
37763
39791
37713
37764
39792
37714
37765
39793
37715
37766
39794
37716
37767
39795
37717
37768
39796
37718
37769
39797
37719
37770
39798
37720
37771
39799
37721
37772
39800
37722
37773
39801
37723
37774
39802
37724
37775
39803
37725
37776
39804
37726
37777
39805
37727
37778
39806
37728
37779
39807
37729
37780
39808
37730
37781
39809
37731
37782
39810
37732
37783
39811
37733
37784
39812
37734
37785
39813
37735
37786
39814
37736
37787
39815
37737
37788
39816
37738
37789
39817
37739
37790
39818
37740
37791
39819
37741
37792
39820
37742
37793
39821
37743
37794
39822
37744
37795
39823
37745
37796
39824
37746
37797
39825
37747
37798
39826
37748
37799
39827
37749
37800
39828
37750
37801
39829
37751
37802
39830
37803
39831
37753
37804
39832
37754
37805
39833
37755
37806
39834
37756
37807
39835
37757
37808
39836
37758
37809
39837
37759
37810
39838
37760
37811
39839
37761
37812
39840
37762
37813
39841
37763
37814
39842
37764
37815
39843
37765
37816
39844
37766
37817
39845
37767
37818
39846
37768
37819
39847
37769
37820
39848
37770
37821
39849
37771
37822
39850
37772
37823
39851
37773
37824
39852
37774
37825
39853
37775
37826
39854
37776
37827
39855
37777
37828
39856
37778
37829
39857
37779
37830
39858
37780
37831
39859
37781
37832
39860
37782
37833
39861
37783
37834
39862
37784
37835
39863
37785
37836
39864
37786
37837
39865
37787
37838
39866
37788
37839
39867
37789
37840
39868
37790
37841
39869
37791
37842
39870
37792
37843
39871
37793
37844
39872
37794
37845
39873
37795
37846
39874
37796
37847
39875
37797
37848
39876
37798
37849
39877
37799
37850
39878
37800
37851
39879
37801
37852
39880
37802
37853
39881
37803
37854
39882
37855
39883
37805
37856
39884
37806
37857
39885
37807
37858
39886
37808
37859
39887
37809
37860
39888
37810
37861
39889
37811
37862
39890
37812
37863
39891
37813
37864
39892
37814
37865
39893
37815
37866
39894
37816
37867
39895
37817
37868
39896
37818
37869
39897
37819
37870
39898
37820
37871
39899
37821
37872
39900
37822
37873
39901
37823
37874
39902
37824
37875
39903
37825
37876
39904
37826
37877
39905
37827
37878
39906
37828
37879
39907
37829
37880
39908
37830
37881
39909
37831
37882
39910
37832
37883
39911
37833
37884
39912
37834
37885
39913
37835
37886
39914
37836
37887
39915
37837
37888
39916
37838
37889
39917
37839
37890
39918
37840
37891
39919
37841
37892
39920
37842
37893
39921
37843
37894
39922
37844
37895
39923
37845
37896
39924
37846
37897
39925
37847
37898
39926
37848
37899
39927
37849
37900
39928
37850
37901
39929
37851
37902
39930
37852
37903
39931
37853
37904
39932
37854
37905
39933
37855
37906
39934
37907
39935
37857
37908
39936
37858
37909
39937
37859
37910
39938
37860
37911
39939
37861
37912
39940
37862
37913
39941
37863
37914
39942
37864
37915
39943
37865
37916
39944
37866
37917
39945
37867
37918
39946
37868
37919
39947
37869
37920
39948
37870
37921
39949
37871
37922
39950
37872
37923
39951
37873
37924
39952
37874
37925
39953
37875
37926
39954
37876
37927
39955
37877
37928
39956
37878
37929
39957
37879
37930
39958
37880
37931
39959
37881
37932
39960
37882
37933
39961
37883
37934
39962
37884
37935
39963
37885
37936
39964
37886
37937
39965
37887
37938
39966
37888
37939
39967
37889
37940
39968
37890
37941
39969
37891
37942
39970
37892
37943
39971
37893
37944
39972
37894
37945
39973
37895
37946
39974
37896
37947
39975
37897
37948
39976
37898
37949
39977
37899
37950
39978
37900
37951
39979
37901
37952
39980
37902
37953
39981
37903
37954
39982
37904
37955
39983
37905
37956
39984
37906
37957
39985
37907
37958
39986
37959
39987
37909
37960
39988
37910
37961
39989
37911
37962
39990
37912
37963
39991
37913
37964
39992
37914
37965
39993
37915
37966
39994
37916
37967
39995
37917
37968
39996
37918
37969
39997
37919
37970
39998
37920
37971
39999
37921
37972
40000
37922
37973
40001
37923
37974
40002
37924
37975
40003
37925
37976
40004
37926
37977
40005
37927
37978
40006
37928
37979
40007
37929
37980
40008
37930
37981
40009
37931
37982
40010
37932
37983
40011
37933
37984
40012
37934
37985
40013
37935
37986
40014
37936
37987
40015
37937
37988
40016
37938
37989
40017
37939
37990
40018
37940
37991
40019
37941
37992
40020
37942
37993
40021
37943
37994
40022
37944
37995
40023
37945
37996
40024
37946
37997
40025
37947
37998
40026
37948
37999
40027
37949
38000
40028
37950
38001
40029
37951
38002
40030
37952
38003
40031
37953
38004
40032
37954
38005
40033
37955
38006
40034
37956
38007
40035
37957
38008
40036
37958
38009
40037
37959
38010
40038
38011
40039
37961
38012
40040
37962
38013
40041
37963
38014
40042
37964
38015
40043
37965
38016
40044
37966
38017
40045
37967
38018
40046
37968
38019
40047
37969
38020
40048
37970
38021
40049
37971
38022
40050
37972
38023
40051
37973
38024
40052
37974
38025
40053
37975
38026
40054
37976
38027
40055
37977
38028
40056
37978
38029
40057
37979
38030
40058
37980
38031
40059
37981
38032
40060
37982
38033
40061
37983
38034
40062
37984
38035
40063
37985
38036
40064
37986
38037
40065
37987
38038
40066
37988
38039
40067
37989
38040
40068
37990
38041
40069
37991
38042
40070
37992
38043
40071
37993
38044
40072
37994
38045
40073
37995
38046
40074
37996
38047
40075
37997
38048
40076
37998
38049
40077
37999
38050
40078
38000
38051
40079
38001
38052
40080
38002
38053
40081
38003
38054
40082
38004
38055
40083
38005
38056
40084
38006
38057
40085
38007
38058
40086
38008
38059
40087
38009
38060
40088
38010
38061
40089
38011
38062
40090
38063
40091
38013
38064
40092
38014
38065
40093
38015
38066
40094
38016
38067
40095
38017
38068
40096
38018
38069
40097
38019
38070
40098
38020
38071
40099
38021
38072
40100
38022
38073
40101
38023
38074
40102
38024
38075
40103
38025
38076
40104
38026
38077
40105
38027
38078
40106
38028
38079
40107
38029
38080
40108
38030
38081
40109
38031
38082
40110
38032
38083
40111
38033
38084
40112
38034
38085
40113
38035
38086
40114
38036
38087
40115
38037
38088
40116
38038
38089
40117
38039
38090
40118
38040
38091
40119
38041
38092
40120
38042
38093
40121
38043
38094
40122
38044
38095
40123
38045
38096
40124
38046
38097
40125
38047
38098
40126
38048
38099
40127
38049
38100
40128
38050
38101
40129
38051
38102
40130
38052
38103
40131
38053
38104
40132
38054
38105
40133
38055
38106
40134
38056
38107
40135
38057
38108
40136
38058
38109
40137
38059
38110
40138
38060
38111
40139
38061
38112
40140
38062
38113
40141
38063
38114
40142
38115
40143
38065
38116
40144
38066
38117
40145
38067
38118
40146
38068
38119
40147
38069
38120
40148
38070
38121
40149
38071
38122
40150
38072
38123
40151
38073
38124
40152
38074
38125
40153
38075
38126
40154
38076
38127
40155
38077
38128
40156
38078
38129
40157
38079
38130
40158
38080
38131
40159
38081
38132
40160
38082
38133
40161
38083
38134
40162
38084
38135
40163
38085
38136
40164
38086
38137
40165
38087
38138
40166
38088
38139
40167
38089
38140
40168
38090
38141
40169
38091
38142
40170
38092
38143
40171
38093
38144
40172
38094
38145
40173
38095
38146
40174
38096
38147
40175
38097
38148
40176
38098
38149
40177
38099
38150
40178
38100
38151
40179
38101
38152
40180
38102
38153
40181
38103
38154
40182
38104
38155
40183
38105
38156
40184
38106
38157
40185
38107
38158
40186
38108
38159
40187
38109
38160
40188
38110
38161
40189
38111
38162
40190
38112
38163
40191
38113
38164
40192
38114
38165
40193
38115
38166
40194
38167
40195
38117
38168
40196
38118
38169
40197
38119
38170
40198
38120
38171
40199
38121
38172
40200
38122
38173
40201
38123
38174
40202
38124
38175
40203
38125
38176
40204
38126
38177
40205
38127
38178
40206
38128
38179
40207
38129
38180
40208
38130
38181
40209
38131
38182
40210
38132
38183
40211
38133
38184
40212
38134
38185
40213
38135
38186
40214
38136
38187
40215
38137
38188
40216
38138
38189
40217
38139
38190
40218
38140
38191
40219
38141
38192
40220
38142
38193
40221
38143
38194
40222
38144
38195
40223
38145
38196
40224
38146
38197
40225
38147
38198
40226
38148
38199
40227
38149
38200
40228
38150
38201
40229
38151
38202
40230
38152
38203
40231
38153
38204
40232
38154
38205
40233
38155
38206
40234
38156
38207
40235
38157
38208
40236
38158
38209
40237
38159
38210
40238
38160
38211
40239
38161
38212
40240
38162
38213
40241
38163
38214
40242
38164
38215
40243
38165
38216
40244
38166
38217
40245
38167
38218
40246
38219
40247
38169
38220
40248
38170
38221
40249
38171
38222
40250
38172
38223
40251
38173
38224
40252
38174
38225
40253
38175
38226
40254
38176
38227
40255
38177
38228
40256
38178
38229
40257
38179
38230
40258
38180
38231
40259
38181
38232
40260
38182
38233
40261
38183
38234
40262
38184
38235
40263
38185
38236
40264
38186
38237
40265
38187
38238
40266
38188
38239
40267
38189
38240
40268
38190
38241
40269
38191
38242
40270
38192
38243
40271
38193
38244
40272
38194
38245
40273
38195
38246
40274
38196
38247
40275
38197
38248
40276
38198
38249
40277
38199
38250
40278
38200
38251
40279
38201
38252
40280
38202
38253
40281
38203
38254
40282
38204
38255
40283
38205
38256
40284
38206
38257
40285
38207
38258
40286
38208
38259
40287
38209
38260
40288
38210
38261
40289
38211
38262
40290
38212
38263
40291
38213
38264
40292
38214
38265
40293
38215
38266
40294
38216
38267
40295
38217
38268
40296
38218
38269
40297
38219
38270
40298
38271
40299
38221
38272
40300
38222
38273
40301
38223
38274
40302
38224
38275
40303
38225
38276
40304
38226
38277
40305
38227
38278
40306
38228
38279
40307
38229
38280
40308
38230
38281
40309
38231
38282
40310
38232
38283
40311
38233
38284
40312
38234
38285
40313
38235
38286
40314
38236
38287
40315
38237
38288
40316
38238
38289
40317
38239
38290
40318
38240
38291
40319
38241
38292
40320
38242
38293
40321
38243
38294
40322
38244
38295
40323
38245
38296
40324
38246
38297
40325
38247
38298
40326
38248
38299
40327
38249
38300
40328
38250
38301
40329
38251
38302
40330
38252
38303
40331
38253
38304
40332
38254
38305
40333
38255
38306
40334
38256
38307
40335
38257
38308
40336
38258
38309
40337
38259
38310
40338
38260
38311
40339
38261
38312
40340
38262
38313
40341
38263
38314
40342
38264
38315
40343
38265
38316
40344
38266
38317
40345
38267
38318
40346
38268
38319
40347
38269
38320
40348
38270
38321
40349
38271
38322
40350
38323
40351
38273
38324
40352
38274
38325
40353
38275
38326
40354
38276
38327
40355
38277
38328
40356
38278
38329
40357
38279
38330
40358
38280
38331
40359
38281
38332
40360
38282
38333
40361
38283
38334
40362
38284
38335
40363
38285
38336
40364
38286
38337
40365
38287
38338
40366
38288
38339
40367
38289
38340
40368
38290
38341
40369
38291
38342
40370
38292
38343
40371
38293
38344
40372
38294
38345
40373
38295
38346
40374
38296
38347
40375
38297
38348
40376
38298
38349
40377
38299
38350
40378
38300
38351
40379
38301
38352
40380
38302
38353
40381
38303
38354
40382
38304
38355
40383
38305
38356
40384
38306
38357
40385
38307
38358
40386
38308
38359
40387
38309
38360
40388
38310
38361
40389
38311
38362
40390
38312
38363
40391
38313
38364
40392
38314
38365
40393
38315
38366
40394
38316
38367
40395
38317
38368
40396
38318
38369
40397
38319
38370
40398
38320
38371
40399
38321
38372
40400
38322
38373
40401
38323
38374
40402
38375
40403
38325
38376
40404
38326
38377
40405
38327
38378
40406
38328
38379
40407
38329
38380
40408
38330
38381
40409
38331
38382
40410
38332
38383
40411
38333
38384
40412
38334
38385
40413
38335
38386
40414
38336
38387
40415
38337
38388
40416
38338
38389
40417
38339
38390
40418
38340
38391
40419
38341
38392
40420
38342
38393
40421
38343
38394
40422
38344
38395
40423
38345
38396
40424
38346
38397
40425
38347
38398
40426
38348
38399
40427
38349
38400
40428
38350
38401
40429
38351
38402
40430
38352
38403
40431
38353
38404
40432
38354
38405
40433
38355
38406
40434
38356
38407
40435
38357
38408
40436
38358
38409
40437
38359
38410
40438
38360
38411
40439
38361
38412
40440
38362
38413
40441
38363
38414
40442
38364
38415
40443
38365
38416
40444
38366
38417
40445
38367
38418
40446
38368
38419
40447
38369
38420
40448
38370
38421
40449
38371
38422
40450
38372
38423
40451
38373
38424
40452
38374
38425
40453
38375
38426
40454
38427
40455
38377
38428
40456
38378
38429
40457
38379
38430
40458
38380
38431
40459
38381
38432
40460
38382
38433
40461
38383
38434
40462
38384
38435
40463
38385
38436
40464
38386
38437
40465
38387
38438
40466
38388
38439
40467
38389
38440
40468
38390
38441
40469
38391
38442
40470
38392
38443
40471
38393
38444
40472
38394
38445
40473
38395
38446
40474
38396
38447
40475
38397
38448
40476
38398
38449
40477
38399
38450
40478
38400
38451
40479
38401
38452
40480
38402
38453
40481
38403
38454
40482
38404
38455
40483
38405
38456
40484
38406
38457
40485
38407
38458
40486
38408
38459
40487
38409
38460
40488
38410
38461
40489
38411
38462
40490
38412
38463
40491
38413
38464
40492
38414
38465
40493
38415
38466
40494
38416
38467
40495
38417
38468
40496
38418
38469
40497
38419
38470
40498
38420
38471
40499
38421
38472
40500
38422
38473
40501
38423
38474
40502
38424
38475
40503
38425
38476
40504
38426
38477
40505
38427
38478
40506
38479
40507
38429
38480
40508
38430
38481
40509
38431
38482
40510
38432
38483
40511
38433
38484
40512
38434
38485
40513
38435
38486
40514
38436
38487
40515
38437
38488
40516
38438
38489
40517
38439
38490
40518
38440
38491
40519
38441
38492
40520
38442
38493
40521
38443
38494
40522
38444
38495
40523
38445
38496
40524
38446
38497
40525
38447
38498
40526
38448
38499
40527
38449
38500
40528
38450
38501
40529
38451
38502
40530
38452
38503
40531
38453
38504
40532
38454
38505
40533
38455
38506
40534
38456
38507
40535
38457
38508
40536
38458
38509
40537
38459
38510
40538
38460
38511
40539
38461
38512
40540
38462
38513
40541
38463
38514
40542
38464
38515
40543
38465
38516
40544
38466
38517
40545
38467
38518
40546
38468
38519
40547
38469
38520
40548
38470
38521
40549
38471
38522
40550
38472
38523
40551
38473
38524
40552
38474
38525
40553
38475
38526
40554
38476
38527
40555
38477
38528
40556
38478
38529
40557
38479
38530
40558
38531
40559
38481
38532
40560
38482
38533
40561
38483
38534
40562
38484
38535
40563
38485
38536
40564
38486
38537
40565
38487
38538
40566
38488
38539
40567
38489
38540
40568
38490
38541
40569
38491
38542
40570
38492
38543
40571
38493
38544
40572
38494
38545
40573
38495
38546
40574
38496
38547
40575
38497
38548
40576
38498
38549
40577
38499
38550
40578
38500
38551
40579
38501
38552
40580
38502
38553
40581
38503
38554
40582
38504
38555
40583
38505
38556
40584
38506
38557
40585
38507
38558
40586
38508
38559
40587
38509
38560
40588
38510
38561
40589
38511
38562
40590
38512
38563
40591
38513
38564
40592
38514
38565
40593
38515
38566
40594
38516
38567
40595
38517
38568
40596
38518
38569
40597
38519
38570
40598
38520
38571
40599
38521
38572
40600
38522
38573
40601
38523
38574
40602
38524
38575
40603
38525
38576
40604
38526
38577
40605
38527
38578
40606
38528
38579
40607
38529
38580
40608
38530
38581
40609
38531
38582
40610
38583
40611
38533
38584
40612
38534
38585
40613
38535
38586
40614
38536
38587
40615
38537
38588
40616
38538
38589
40617
38539
38590
40618
38540
38591
40619
38541
38592
40620
38542
38593
40621
38543
38594
40622
38544
38595
40623
38545
38596
40624
38546
38597
40625
38547
38598
40626
38548
38599
40627
38549
38600
40628
38550
38601
40629
38551
38602
40630
38552
38603
40631
38553
38604
40632
38554
38605
40633
38555
38606
40634
38556
38607
40635
38557
38608
40636
38558
38609
40637
38559
38610
40638
38560
38611
40639
38561
38612
40640
38562
38613
40641
38563
38614
40642
38564
38615
40643
38565
38616
40644
38566
38617
40645
38567
38618
40646
38568
38619
40647
38569
38620
40648
38570
38621
40649
38571
38622
40650
38572
38623
40651
38573
38624
40652
38574
38625
40653
38575
38626
40654
38576
38627
40655
38577
38628
40656
38578
38629
40657
38579
38630
40658
38580
38631
40659
38581
38632
40660
38582
38633
40661
38583
38634
40662
38635
40663
38585
38636
40664
38586
38637
40665
38587
38638
40666
38588
38639
40667
38589
38640
40668
38590
38641
40669
38591
38642
40670
38592
38643
40671
38593
38644
40672
38594
38645
40673
38595
38646
40674
38596
38647
40675
38597
38648
40676
38598
38649
40677
38599
38650
40678
38600
38651
40679
38601
38652
40680
38602
38653
40681
38603
38654
40682
38604
38655
40683
38605
38656
40684
38606
38657
40685
38607
38658
40686
38608
38659
40687
38609
38660
40688
38610
38661
40689
38611
38662
40690
38612
38663
40691
38613
38664
40692
38614
38665
40693
38615
38666
40694
38616
38667
40695
38617
38668
40696
38618
38669
40697
38619
38670
40698
38620
38671
40699
38621
38672
40700
38622
38673
40701
38623
38674
40702
38624
38675
40703
38625
38676
40704
38626
38677
40705
38627
38678
40706
38628
38679
40707
38629
38680
40708
38630
38681
40709
38631
38682
40710
38632
38683
40711
38633
38684
40712
38634
38685
40713
38635
38686
40714
38687
40715
38637
38688
40716
38638
38689
40717
38639
38690
40718
38640
38691
40719
38641
38692
40720
38642
38693
40721
38643
38694
40722
38644
38695
40723
38645
38696
40724
38646
38697
40725
38647
38698
40726
38648
38699
40727
38649
38700
40728
38650
38701
40729
38651
38702
40730
38652
38703
40731
38653
38704
40732
38654
38705
40733
38655
38706
40734
38656
38707
40735
38657
38708
40736
38658
38709
40737
38659
38710
40738
38660
38711
40739
38661
38712
40740
38662
38713
40741
38663
38714
40742
38664
38715
40743
38665
38716
40744
38666
38717
40745
38667
38718
40746
38668
38719
40747
38669
38720
40748
38670
38721
40749
38671
38722
40750
38672
38723
40751
38673
38724
40752
38674
38725
40753
38675
38726
40754
38676
38727
40755
38677
38728
40756
38678
38729
40757
38679
38730
40758
38680
38731
40759
38681
38732
40760
38682
38733
40761
38683
38734
40762
38684
38735
40763
38685
38736
40764
38686
38737
40765
38687
38738
40766
38739
40767
38689
38740
40768
38690
38741
40769
38691
38742
40770
38692
38743
40771
38693
38744
40772
38694
38745
40773
38695
38746
40774
38696
38747
40775
38697
38748
40776
38698
38749
40777
38699
38750
40778
38700
38751
40779
38701
38752
40780
38702
38753
40781
38703
38754
40782
38704
38755
40783
38705
38756
40784
38706
38757
40785
38707
38758
40786
38708
38759
40787
38709
38760
40788
38710
38761
40789
38711
38762
40790
38712
38763
40791
38713
38764
40792
38714
38765
40793
38715
38766
40794
38716
38767
40795
38717
38768
40796
38718
38769
40797
38719
38770
40798
38720
38771
40799
38721
38772
40800
38722
38773
40801
38723
38774
40802
38724
38775
40803
38725
38776
40804
38726
38777
40805
38727
38778
40806
38728
38779
40807
38729
38780
40808
38730
38781
40809
38731
38782
40810
38732
38783
40811
38733
38784
40812
38734
38785
40813
38735
38786
40814
38736
38787
40815
38737
38788
40816
38738
38789
40817
38739
38790
40818
38791
40819
38741
38792
40820
38742
38793
40821
38743
38794
40822
38744
38795
40823
38745
38796
40824
38746
38797
40825
38747
38798
40826
38748
38799
40827
38749
38800
40828
38750
38801
40829
38751
38802
40830
38752
38803
40831
38753
38804
40832
38754
38805
40833
38755
38806
40834
38756
38807
40835
38757
38808
40836
38758
38809
40837
38759
38810
40838
38760
38811
40839
38761
38812
40840
38762
38813
40841
38763
38814
40842
38764
38815
40843
38765
38816
40844
38766
38817
40845
38767
38818
40846
38768
38819
40847
38769
38820
40848
38770
38821
40849
38771
38822
40850
38772
38823
40851
38773
38824
40852
38774
38825
40853
38775
38826
40854
38776
38827
40855
38777
38828
40856
38778
38829
40857
38779
38830
40858
38780
38831
40859
38781
38832
40860
38782
38833
40861
38783
38834
40862
38784
38835
40863
38785
38836
40864
38786
38837
40865
38787
38838
40866
38788
38839
40867
38789
38840
40868
38790
38841
40869
38791
38842
40870
38843
40871
38793
38844
40872
38794
38845
40873
38795
38846
40874
38796
38847
40875
38797
38848
40876
38798
38849
40877
38799
38850
40878
38800
38851
40879
38801
38852
40880
38802
38853
40881
38803
38854
40882
38804
38855
40883
38805
38856
40884
38806
38857
40885
38807
38858
40886
38808
38859
40887
38809
38860
40888
38810
38861
40889
38811
38862
40890
38812
38863
40891
38813
38864
40892
38814
38865
40893
38815
38866
40894
38816
38867
40895
38817
38868
40896
38818
38869
40897
38819
38870
40898
38820
38871
40899
38821
38872
40900
38822
38873
40901
38823
38874
40902
38824
38875
40903
38825
38876
40904
38826
38877
40905
38827
38878
40906
38828
38879
40907
38829
38880
40908
38830
38881
40909
38831
38882
40910
38832
38883
40911
38833
38884
40912
38834
38885
40913
38835
38886
40914
38836
38887
40915
38837
38888
40916
38838
38889
40917
38839
38890
40918
38840
38891
40919
38841
38892
40920
38842
38893
40921
38843
38894
40922
38895
40923
38845
38896
40924
38846
38897
40925
38847
38898
40926
38848
38899
40927
38849
38900
40928
38850
38901
40929
38851
38902
40930
38852
38903
40931
38853
38904
40932
38854
38905
40933
38855
38906
40934
38856
38907
40935
38857
38908
40936
38858
38909
40937
38859
38910
40938
38860
38911
40939
38861
38912
40940
38862
38913
40941
38863
38914
40942
38864
38915
40943
38865
38916
40944
38866
38917
40945
38867
38918
40946
38868
38919
40947
38869
38920
40948
38870
38921
40949
38871
38922
40950
38872
38923
40951
38873
38924
40952
38874
38925
40953
38875
38926
40954
38876
38927
40955
38877
38928
40956
38878
38929
40957
38879
38930
40958
38880
38931
40959
38881
38932
40960
38882
38933
40961
38883
38934
40962
38884
38935
40963
38885
38936
40964
38886
38937
40965
38887
38938
40966
38888
38939
40967
38889
38940
40968
38890
38941
40969
38891
38942
40970
38892
38943
40971
38893
38944
40972
38894
38945
40973
38895
38946
40974
38947
40975
38897
38948
40976
38898
38949
40977
38899
38950
40978
38900
38951
40979
38901
38952
40980
38902
38953
40981
38903
38954
40982
38904
38955
40983
38905
38956
40984
38906
38957
40985
38907
38958
40986
38908
38959
40987
38909
38960
40988
38910
38961
40989
38911
38962
40990
38912
38963
40991
38913
38964
40992
38914
38965
40993
38915
38966
40994
38916
38967
40995
38917
38968
40996
38918
38969
40997
38919
38970
40998
38920
38971
40999
38921
38972
41000
38922
38973
41001
38923
38974
41002
38924
38975
41003
38925
38976
41004
38926
38977
41005
38927
38978
41006
38928
38979
41007
38929
38980
41008
38930
38981
41009
38931
38982
41010
38932
38983
41011
38933
38984
41012
38934
38985
41013
38935
38986
41014
38936
38987
41015
38937
38988
41016
38938
38989
41017
38939
38990
41018
38940
38991
41019
38941
38992
41020
38942
38993
41021
38943
38994
41022
38944
38995
41023
38945
38996
41024
38946
38997
41025
38947
38998
41026
38999
41027
38949
39000
41028
38950
39001
41029
38951
39002
41030
38952
39003
41031
38953
39004
41032
38954
39005
41033
38955
39006
41034
38956
39007
41035
38957
39008
41036
38958
39009
41037
38959
39010
41038
38960
39011
41039
38961
39012
41040
38962
39013
41041
38963
39014
41042
38964
39015
41043
38965
39016
41044
38966
39017
41045
38967
39018
41046
38968
39019
41047
38969
39020
41048
38970
39021
41049
38971
39022
41050
38972
39023
41051
38973
39024
41052
38974
39025
41053
38975
39026
41054
38976
39027
41055
38977
39028
41056
38978
39029
41057
38979
39030
41058
38980
39031
41059
38981
39032
41060
38982
39033
41061
38983
39034
41062
38984
39035
41063
38985
39036
41064
38986
39037
41065
38987
39038
41066
38988
39039
41067
38989
39040
41068
38990
39041
41069
38991
39042
41070
38992
39043
41071
38993
39044
41072
38994
39045
41073
38995
39046
41074
38996
39047
41075
38997
39048
41076
38998
39049
41077
38999
39050
41078
39051
41079
39001
39052
41080
39002
39053
41081
39003
39054
41082
39004
39055
41083
39005
39056
41084
39006
39057
41085
39007
39058
41086
39008
39059
41087
39009
39060
41088
39010
39061
41089
39011
39062
41090
39012
39063
41091
39013
39064
41092
39014
39065
41093
39015
39066
41094
39016
39067
41095
39017
39068
41096
39018
39069
41097
39019
39070
41098
39020
39071
41099
39021
39072
41100
39022
39073
41101
39023
39074
41102
39024
39075
41103
39025
39076
41104
39026
39077
41105
39027
39078
41106
39028
39079
41107
39029
39080
41108
39030
39081
41109
39031
39082
41110
39032
39083
41111
39033
39084
41112
39034
39085
41113
39035
39086
41114
39036
39087
41115
39037
39088
41116
39038
39089
41117
39039
39090
41118
39040
39091
41119
39041
39092
41120
39042
39093
41121
39043
39094
41122
39044
39095
41123
39045
39096
41124
39046
39097
41125
39047
39098
41126
39048
39099
41127
39049
39100
41128
39050
39101
41129
39051
39102
41130
39103
41131
39053
39104
41132
39054
39105
41133
39055
39106
41134
39056
39107
41135
39057
39108
41136
39058
39109
41137
39059
39110
41138
39060
39111
41139
39061
39112
41140
39062
39113
41141
39063
39114
41142
39064
39115
41143
39065
39116
41144
39066
39117
41145
39067
39118
41146
39068
39119
41147
39069
39120
41148
39070
39121
41149
39071
39122
41150
39072
39123
41151
39073
39124
41152
39074
39125
41153
39075
39126
41154
39076
39127
41155
39077
39128
41156
39078
39129
41157
39079
39130
41158
39080
39131
41159
39081
39132
41160
39082
39133
41161
39083
39134
41162
39084
39135
41163
39085
39136
41164
39086
39137
41165
39087
39138
41166
39088
39139
41167
39089
39140
41168
39090
39141
41169
39091
39142
41170
39092
39143
41171
39093
39144
41172
39094
39145
41173
39095
39146
41174
39096
39147
41175
39097
39148
41176
39098
39149
41177
39099
39150
41178
39100
39151
41179
39101
39152
41180
39102
39153
41181
39103
39154
41182
39155
41183
39105
39156
41184
39106
39157
41185
39107
39158
41186
39108
39159
41187
39109
39160
41188
39110
39161
41189
39111
39162
41190
39112
39163
41191
39113
39164
41192
39114
39165
41193
39115
39166
41194
39116
39167
41195
39117
39168
41196
39118
39169
41197
39119
39170
41198
39120
39171
41199
39121
39172
41200
39122
39173
41201
39123
39174
41202
39124
39175
41203
39125
39176
41204
39126
39177
41205
39127
39178
41206
39128
39179
41207
39129
39180
41208
39130
39181
41209
39131
39182
41210
39132
39183
41211
39133
39184
41212
39134
39185
41213
39135
39186
41214
39136
39187
41215
39137
39188
41216
39138
39189
41217
39139
39190
41218
39140
39191
41219
39141
39192
41220
39142
39193
41221
39143
39194
41222
39144
39195
41223
39145
39196
41224
39146
39197
41225
39147
39198
41226
39148
39199
41227
39149
39200
41228
39150
39201
41229
39151
39202
41230
39152
39203
41231
39153
39204
41232
39154
39205
41233
39155
39206
41234
39207
41235
39157
39208
41236
39158
39209
41237
39159
39210
41238
39160
39211
41239
39161
39212
41240
39162
39213
41241
39163
39214
41242
39164
39215
41243
39165
39216
41244
39166
39217
41245
39167
39218
41246
39168
39219
41247
39169
39220
41248
39170
39221
41249
39171
39222
41250
39172
39223
41251
39173
39224
41252
39174
39225
41253
39175
39226
41254
39176
39227
41255
39177
39228
41256
39178
39229
41257
39179
39230
41258
39180
39231
41259
39181
39232
41260
39182
39233
41261
39183
39234
41262
39184
39235
41263
39185
39236
41264
39186
39237
41265
39187
39238
41266
39188
39239
41267
39189
39240
41268
39190
39241
41269
39191
39242
41270
39192
39243
41271
39193
39244
41272
39194
39245
41273
39195
39246
41274
39196
39247
41275
39197
39248
41276
39198
39249
41277
39199
39250
41278
39200
39251
41279
39201
39252
41280
39202
39253
41281
39203
39254
41282
39204
39255
41283
39205
39256
41284
39206
39257
41285
39207
39258
41286
39259
41287
39209
39260
41288
39210
39261
41289
39211
39262
41290
39212
39263
41291
39213
39264
41292
39214
39265
41293
39215
39266
41294
39216
39267
41295
39217
39268
41296
39218
39269
41297
39219
39270
41298
39220
39271
41299
39221
39272
41300
39222
39273
41301
39223
39274
41302
39224
39275
41303
39225
39276
41304
39226
39277
41305
39227
39278
41306
39228
39279
41307
39229
39280
41308
39230
39281
41309
39231
39282
41310
39232
39283
41311
39233
39284
41312
39234
39285
41313
39235
39286
41314
39236
39287
41315
39237
39288
41316
39238
39289
41317
39239
39290
41318
39240
39291
41319
39241
39292
41320
39242
39293
41321
39243
39294
41322
39244
39295
41323
39245
39296
41324
39246
39297
41325
39247
39298
41326
39248
39299
41327
39249
39300
41328
39250
39301
41329
39251
39302
41330
39252
39303
41331
39253
39304
41332
39254
39305
41333
39255
39306
41334
39256
39307
41335
39257
39308
41336
39258
39309
41337
39259
39310
41338
39311
41339
39261
39312
41340
39262
39313
41341
39263
39314
41342
39264
39315
41343
39265
39316
41344
39266
39317
41345
39267
39318
41346
39268
39319
41347
39269
39320
41348
39270
39321
41349
39271
39322
41350
39272
39323
41351
39273
39324
41352
39274
39325
41353
39275
39326
41354
39276
39327
41355
39277
39328
41356
39278
39329
41357
39279
39330
41358
39280
39331
41359
39281
39332
41360
39282
39333
41361
39283
39334
41362
39284
39335
41363
39285
39336
41364
39286
39337
41365
39287
39338
41366
39288
39339
41367
39289
39340
41368
39290
39341
41369
39291
39342
41370
39292
39343
41371
39293
39344
41372
39294
39345
41373
39295
39346
41374
39296
39347
41375
39297
39348
41376
39298
39349
41377
39299
39350
41378
39300
39351
41379
39301
39352
41380
39302
39353
41381
39303
39354
41382
39304
39355
41383
39305
39356
41384
39306
39357
41385
39307
39358
41386
39308
39359
41387
39309
39360
41388
39310
39361
41389
39311
39362
41390
39363
41391
39313
39364
41392
39314
39365
41393
39315
39366
41394
39316
39367
41395
39317
39368
41396
39318
39369
41397
39319
39370
41398
39320
39371
41399
39321
39372
41400
39322
39373
41401
39323
39374
41402
39324
39375
41403
39325
39376
41404
39326
39377
41405
39327
39378
41406
39328
39379
41407
39329
39380
41408
39330
39381
41409
39331
39382
41410
39332
39383
41411
39333
39384
41412
39334
39385
41413
39335
39386
41414
39336
39387
41415
39337
39388
41416
39338
39389
41417
39339
39390
41418
39340
39391
41419
39341
39392
41420
39342
39393
41421
39343
39394
41422
39344
39395
41423
39345
39396
41424
39346
39397
41425
39347
39398
41426
39348
39399
41427
39349
39400
41428
39350
39401
41429
39351
39402
41430
39352
39403
41431
39353
39404
41432
39354
39405
41433
39355
39406
41434
39356
39407
41435
39357
39408
41436
39358
39409
41437
39359
39410
41438
39360
39411
41439
39361
39412
41440
39362
39413
41441
39363
39414
41442
39415
41443
39365
39416
41444
39366
39417
41445
39367
39418
41446
39368
39419
41447
39369
39420
41448
39370
39421
41449
39371
39422
41450
39372
39423
41451
39373
39424
41452
39374
39425
41453
39375
39426
41454
39376
39427
41455
39377
39428
41456
39378
39429
41457
39379
39430
41458
39380
39431
41459
39381
39432
41460
39382
39433
41461
39383
39434
41462
39384
39435
41463
39385
39436
41464
39386
39437
41465
39387
39438
41466
39388
39439
41467
39389
39440
41468
39390
39441
41469
39391
39442
41470
39392
39443
41471
39393
39444
41472
39394
39445
41473
39395
39446
41474
39396
39447
41475
39397
39448
41476
39398
39449
41477
39399
39450
41478
39400
39451
41479
39401
39452
41480
39402
39453
41481
39403
39454
41482
39404
39455
41483
39405
39456
41484
39406
39457
41485
39407
39458
41486
39408
39459
41487
39409
39460
41488
39410
39461
41489
39411
39462
41490
39412
39463
41491
39413
39464
41492
39414
39465
41493
39415
39466
41494
39467
41495
39417
39468
41496
39418
39469
41497
39419
39470
41498
39420
39471
41499
39421
39472
41500
39422
39473
41501
39423
39474
41502
39424
39475
41503
39425
39476
41504
39426
39477
41505
39427
39478
41506
39428
39479
41507
39429
39480
41508
39430
39481
41509
39431
39482
41510
39432
39483
41511
39433
39484
41512
39434
39485
41513
39435
39486
41514
39436
39487
41515
39437
39488
41516
39438
39489
41517
39439
39490
41518
39440
39491
41519
39441
39492
41520
39442
39493
41521
39443
39494
41522
39444
39495
41523
39445
39496
41524
39446
39497
41525
39447
39498
41526
39448
39499
41527
39449
39500
41528
39450
39501
41529
39451
39502
41530
39452
39503
41531
39453
39504
41532
39454
39505
41533
39455
39506
41534
39456
39507
41535
39457
39508
41536
39458
39509
41537
39459
39510
41538
39460
39511
41539
39461
39512
41540
39462
39513
41541
39463
39514
41542
39464
39515
41543
39465
39516
41544
39466
39517
41545
39467
39518
41546
39519
41547
39469
41548
39470
41549
39471
41550
39472
41551
39473
41552
39474
41553
39475
41554
39476
41555
39477
41556
39478
41557
39479
41558
39480
41559
39481
41560
39482
41561
39483
41562
39484
41563
39485
41564
39486
41565
39487
41566
39488
41567
39489
41568
39490
41569
39491
41570
39492
41571
39493
41572
39494
41573
39495
41574
39496
41575
39497
41576
39498
41577
39499
41578
39500
41579
39501
41580
39502
41581
39503
41582
39504
41583
39505
41584
39506
41585
39507
41586
39508
41587
39509
41588
39510
41589
39511
41590
39512
41591
39513
41592
39514
41593
39515
41594
39516
41595
39517
41596
39518
41597
39519
41598
41599
39521
39572
41600
39522
39573
41601
39523
39574
41602
39524
39575
41603
39525
39576
41604
39526
39577
41605
39527
39578
41606
39528
39579
41607
39529
39580
41608
39530
39581
41609
39531
39582
41610
39532
39583
41611
39533
39584
41612
39534
39585
41613
39535
39586
41614
39536
39587
41615
39537
39588
41616
39538
39589
41617
39539
39590
41618
39540
39591
41619
39541
39592
41620
39542
39593
41621
39543
39594
41622
39544
39595
41623
39545
39596
41624
39546
39597
41625
39547
39598
41626
39548
39599
41627
39549
39600
41628
39550
39601
41629
39551
39602
41630
39552
39603
41631
39553
39604
41632
39554
39605
41633
39555
39606
41634
39556
39607
41635
39557
39608
41636
39558
39609
41637
39559
39610
41638
39560
39611
41639
39561
39612
41640
39562
39613
41641
39563
39614
41642
39564
39615
41643
39565
39616
41644
39566
39617
41645
39567
39618
41646
39568
39619
41647
39569
39620
41648
39570
39621
41649
39571
39622
41650
39623
41651
39573
39624
41652
39574
39625
41653
39575
39626
41654
39576
39627
41655
39577
39628
41656
39578
39629
41657
39579
39630
41658
39580
39631
41659
39581
39632
41660
39582
39633
41661
39583
39634
41662
39584
39635
41663
39585
39636
41664
39586
39637
41665
39587
39638
41666
39588
39639
41667
39589
39640
41668
39590
39641
41669
39591
39642
41670
39592
39643
41671
39593
39644
41672
39594
39645
41673
39595
39646
41674
39596
39647
41675
39597
39648
41676
39598
39649
41677
39599
39650
41678
39600
39651
41679
39601
39652
41680
39602
39653
41681
39603
39654
41682
39604
39655
41683
39605
39656
41684
39606
39657
41685
39607
39658
41686
39608
39659
41687
39609
39660
41688
39610
39661
41689
39611
39662
41690
39612
39663
41691
39613
39664
41692
39614
39665
41693
39615
39666
41694
39616
39667
41695
39617
39668
41696
39618
39669
41697
39619
39670
41698
39620
39671
41699
39621
39672
41700
39622
39673
41701
39623
39674
41702
39675
41703
39625
39676
41704
39626
39677
41705
39627
39678
41706
39628
39679
41707
39629
39680
41708
39630
39681
41709
39631
39682
41710
39632
39683
41711
39633
39684
41712
39634
39685
41713
39635
39686
41714
39636
39687
41715
39637
39688
41716
39638
39689
41717
39639
39690
41718
39640
39691
41719
39641
39692
41720
39642
39693
41721
39643
39694
41722
39644
39695
41723
39645
39696
41724
39646
39697
41725
39647
39698
41726
39648
39699
41727
39649
39700
41728
39650
39701
41729
39651
39702
41730
39652
39703
41731
39653
39704
41732
39654
39705
41733
39655
39706
41734
39656
39707
41735
39657
39708
41736
39658
39709
41737
39659
39710
41738
39660
39711
41739
39661
39712
41740
39662
39713
41741
39663
39714
41742
39664
39715
41743
39665
39716
41744
39666
39717
41745
39667
39718
41746
39668
39719
41747
39669
39720
41748
39670
39721
41749
39671
39722
41750
39672
39723
41751
39673
39724
41752
39674
39725
41753
39675
39726
41754
39727
41755
39677
39728
41756
39678
39729
41757
39679
39730
41758
39680
39731
41759
39681
39732
41760
39682
39733
41761
39683
39734
41762
39684
39735
41763
39685
39736
41764
39686
39737
41765
39687
39738
41766
39688
39739
41767
39689
39740
41768
39690
39741
41769
39691
39742
41770
39692
39743
41771
39693
39744
41772
39694
39745
41773
39695
39746
41774
39696
39747
41775
39697
39748
41776
39698
39749
41777
39699
39750
41778
39700
39751
41779
39701
39752
41780
39702
39753
41781
39703
39754
41782
39704
39755
41783
39705
39756
41784
39706
39757
41785
39707
39758
41786
39708
39759
41787
39709
39760
41788
39710
39761
41789
39711
39762
41790
39712
39763
41791
39713
39764
41792
39714
39765
41793
39715
39766
41794
39716
39767
41795
39717
39768
41796
39718
39769
41797
39719
39770
41798
39720
39771
41799
39721
39772
41800
39722
39773
41801
39723
39774
41802
39724
39775
41803
39725
39776
41804
39726
39777
41805
39727
39778
41806
39779
41807
39729
39780
41808
39730
39781
41809
39731
39782
41810
39732
39783
41811
39733
39784
41812
39734
39785
41813
39735
39786
41814
39736
39787
41815
39737
39788
41816
39738
39789
41817
39739
39790
41818
39740
39791
41819
39741
39792
41820
39742
39793
41821
39743
39794
41822
39744
39795
41823
39745
39796
41824
39746
39797
41825
39747
39798
41826
39748
39799
41827
39749
39800
41828
39750
39801
41829
39751
39802
41830
39752
39803
41831
39753
39804
41832
39754
39805
41833
39755
39806
41834
39756
39807
41835
39757
39808
41836
39758
39809
41837
39759
39810
41838
39760
39811
41839
39761
39812
41840
39762
39813
41841
39763
39814
41842
39764
39815
41843
39765
39816
41844
39766
39817
41845
39767
39818
41846
39768
39819
41847
39769
39820
41848
39770
39821
41849
39771
39822
41850
39772
39823
41851
39773
39824
41852
39774
39825
41853
39775
39826
41854
39776
39827
41855
39777
39828
41856
39778
39829
41857
39779
39830
41858
39831
41859
39781
39832
41860
39782
39833
41861
39783
39834
41862
39784
39835
41863
39785
39836
41864
39786
39837
41865
39787
39838
41866
39788
39839
41867
39789
39840
41868
39790
39841
41869
39791
39842
41870
39792
39843
41871
39793
39844
41872
39794
39845
41873
39795
39846
41874
39796
39847
41875
39797
39848
41876
39798
39849
41877
39799
39850
41878
39800
39851
41879
39801
39852
41880
39802
39853
41881
39803
39854
41882
39804
39855
41883
39805
39856
41884
39806
39857
41885
39807
39858
41886
39808
39859
41887
39809
39860
41888
39810
39861
41889
39811
39862
41890
39812
39863
41891
39813
39864
41892
39814
39865
41893
39815
39866
41894
39816
39867
41895
39817
39868
41896
39818
39869
41897
39819
39870
41898
39820
39871
41899
39821
39872
41900
39822
39873
41901
39823
39874
41902
39824
39875
41903
39825
39876
41904
39826
39877
41905
39827
39878
41906
39828
39879
41907
39829
39880
41908
39830
39881
41909
39831
39882
41910
39883
41911
39833
39884
41912
39834
39885
41913
39835
39886
41914
39836
39887
41915
39837
39888
41916
39838
39889
41917
39839
39890
41918
39840
39891
41919
39841
39892
41920
39842
39893
41921
39843
39894
41922
39844
39895
41923
39845
39896
41924
39846
39897
41925
39847
39898
41926
39848
39899
41927
39849
39900
41928
39850
39901
41929
39851
39902
41930
39852
39903
41931
39853
39904
41932
39854
39905
41933
39855
39906
41934
39856
39907
41935
39857
39908
41936
39858
39909
41937
39859
39910
41938
39860
39911
41939
39861
39912
41940
39862
39913
41941
39863
39914
41942
39864
39915
41943
39865
39916
41944
39866
39917
41945
39867
39918
41946
39868
39919
41947
39869
39920
41948
39870
39921
41949
39871
39922
41950
39872
39923
41951
39873
39924
41952
39874
39925
41953
39875
39926
41954
39876
39927
41955
39877
39928
41956
39878
39929
41957
39879
39930
41958
39880
39931
41959
39881
39932
41960
39882
39933
41961
39883
39934
41962
39935
41963
39885
39936
41964
39886
39937
41965
39887
39938
41966
39888
39939
41967
39889
39940
41968
39890
39941
41969
39891
39942
41970
39892
39943
41971
39893
39944
41972
39894
39945
41973
39895
39946
41974
39896
39947
41975
39897
39948
41976
39898
39949
41977
39899
39950
41978
39900
39951
41979
39901
39952
41980
39902
39953
41981
39903
39954
41982
39904
39955
41983
39905
39956
41984
39906
39957
41985
39907
39958
41986
39908
39959
41987
39909
39960
41988
39910
39961
41989
39911
39962
41990
39912
39963
41991
39913
39964
41992
39914
39965
41993
39915
39966
41994
39916
39967
41995
39917
39968
41996
39918
39969
41997
39919
39970
41998
39920
39971
41999
39921
39972
42000
39922
39973
42001
39923
39974
42002
39924
39975
42003
39925
39976
42004
39926
39977
42005
39927
39978
42006
39928
39979
42007
39929
39980
42008
39930
39981
42009
39931
39982
42010
39932
39983
42011
39933
39984
42012
39934
39985
42013
39935
39986
42014
39987
42015
39937
39988
42016
39938
39989
42017
39939
39990
42018
39940
39991
42019
39941
39992
42020
39942
39993
42021
39943
39994
42022
39944
39995
42023
39945
39996
42024
39946
39997
42025
39947
39998
42026
39948
39999
42027
39949
40000
42028
39950
40001
42029
39951
40002
42030
39952
40003
42031
39953
40004
42032
39954
40005
42033
39955
40006
42034
39956
40007
42035
39957
40008
42036
39958
40009
42037
39959
40010
42038
39960
40011
42039
39961
40012
42040
39962
40013
42041
39963
40014
42042
39964
40015
42043
39965
40016
42044
39966
40017
42045
39967
40018
42046
39968
40019
42047
39969
40020
42048
39970
40021
42049
39971
40022
42050
39972
40023
42051
39973
40024
42052
39974
40025
42053
39975
40026
42054
39976
40027
42055
39977
40028
42056
39978
40029
42057
39979
40030
42058
39980
40031
42059
39981
40032
42060
39982
40033
42061
39983
40034
42062
39984
40035
42063
39985
40036
42064
39986
40037
42065
39987
40038
42066
40039
42067
39989
40040
42068
39990
40041
42069
39991
40042
42070
39992
40043
42071
39993
40044
42072
39994
40045
42073
39995
40046
42074
39996
40047
42075
39997
40048
42076
39998
40049
42077
39999
40050
42078
40000
40051
42079
40001
40052
42080
40002
40053
42081
40003
40054
42082
40004
40055
42083
40005
40056
42084
40006
40057
42085
40007
40058
42086
40008
40059
42087
40009
40060
42088
40010
40061
42089
40011
40062
42090
40012
40063
42091
40013
40064
42092
40014
40065
42093
40015
40066
42094
40016
40067
42095
40017
40068
42096
40018
40069
42097
40019
40070
42098
40020
40071
42099
40021
40072
42100
40022
40073
42101
40023
40074
42102
40024
40075
42103
40025
40076
42104
40026
40077
42105
40027
40078
42106
40028
40079
42107
40029
40080
42108
40030
40081
42109
40031
40082
42110
40032
40083
42111
40033
40084
42112
40034
40085
42113
40035
40086
42114
40036
40087
42115
40037
40088
42116
40038
40089
42117
40039
40090
42118
40091
42119
40041
40092
42120
40042
40093
42121
40043
40094
42122
40044
40095
42123
40045
40096
42124
40046
40097
42125
40047
40098
42126
40048
40099
42127
40049
40100
42128
40050
40101
42129
40051
40102
42130
40052
40103
42131
40053
40104
42132
40054
40105
42133
40055
40106
42134
40056
40107
42135
40057
40108
42136
40058
40109
42137
40059
40110
42138
40060
40111
42139
40061
40112
42140
40062
40113
42141
40063
40114
42142
40064
40115
42143
40065
40116
42144
40066
40117
42145
40067
40118
42146
40068
40119
42147
40069
40120
42148
40070
40121
42149
40071
40122
42150
40072
40123
42151
40073
40124
42152
40074
40125
42153
40075
40126
42154
40076
40127
42155
40077
40128
42156
40078
40129
42157
40079
40130
42158
40080
40131
42159
40081
40132
42160
40082
40133
42161
40083
40134
42162
40084
40135
42163
40085
40136
42164
40086
40137
42165
40087
40138
42166
40088
40139
42167
40089
40140
42168
40090
40141
42169
40091
40142
42170
40143
42171
40093
40144
42172
40094
40145
42173
40095
40146
42174
40096
40147
42175
40097
40148
42176
40098
40149
42177
40099
40150
42178
40100
40151
42179
40101
40152
42180
40102
40153
42181
40103
40154
42182
40104
40155
42183
40105
40156
42184
40106
40157
42185
40107
40158
42186
40108
40159
42187
40109
40160
42188
40110
40161
42189
40111
40162
42190
40112
40163
42191
40113
40164
42192
40114
40165
42193
40115
40166
42194
40116
40167
42195
40117
40168
42196
40118
40169
42197
40119
40170
42198
40120
40171
42199
40121
40172
42200
40122
40173
42201
40123
40174
42202
40124
40175
42203
40125
40176
42204
40126
40177
42205
40127
40178
42206
40128
40179
42207
40129
40180
42208
40130
40181
42209
40131
40182
42210
40132
40183
42211
40133
40184
42212
40134
40185
42213
40135
40186
42214
40136
40187
42215
40137
40188
42216
40138
40189
42217
40139
40190
42218
40140
40191
42219
40141
40192
42220
40142
40193
42221
40143
40194
42222
40195
42223
40145
40196
42224
40146
40197
42225
40147
40198
42226
40148
40199
42227
40149
40200
42228
40150
40201
42229
40151
40202
42230
40152
40203
42231
40153
40204
42232
40154
40205
42233
40155
40206
42234
40156
40207
42235
40157
40208
42236
40158
40209
42237
40159
40210
42238
40160
40211
42239
40161
40212
42240
40162
40213
42241
40163
40214
42242
40164
40215
42243
40165
40216
42244
40166
40217
42245
40167
40218
42246
40168
40219
42247
40169
40220
42248
40170
40221
42249
40171
40222
42250
40172
40223
42251
40173
40224
42252
40174
40225
42253
40175
40226
42254
40176
40227
42255
40177
40228
42256
40178
40229
42257
40179
40230
42258
40180
40231
42259
40181
40232
42260
40182
40233
42261
40183
40234
42262
40184
40235
42263
40185
40236
42264
40186
40237
42265
40187
40238
42266
40188
40239
42267
40189
40240
42268
40190
40241
42269
40191
40242
42270
40192
40243
42271
40193
40244
42272
40194
40245
42273
40195
40246
42274
40247
42275
40197
40248
42276
40198
40249
42277
40199
40250
42278
40200
40251
42279
40201
40252
42280
40202
40253
42281
40203
40254
42282
40204
40255
42283
40205
40256
42284
40206
40257
42285
40207
40258
42286
40208
40259
42287
40209
40260
42288
40210
40261
42289
40211
40262
42290
40212
40263
42291
40213
40264
42292
40214
40265
42293
40215
40266
42294
40216
40267
42295
40217
40268
42296
40218
40269
42297
40219
40270
42298
40220
40271
42299
40221
40272
42300
40222
40273
42301
40223
40274
42302
40224
40275
42303
40225
40276
42304
40226
40277
42305
40227
40278
42306
40228
40279
42307
40229
40280
42308
40230
40281
42309
40231
40282
42310
40232
40283
42311
40233
40284
42312
40234
40285
42313
40235
40286
42314
40236
40287
42315
40237
40288
42316
40238
40289
42317
40239
40290
42318
40240
40291
42319
40241
40292
42320
40242
40293
42321
40243
40294
42322
40244
40295
42323
40245
40296
42324
40246
40297
42325
40247
40298
42326
40299
42327
40249
40300
42328
40250
40301
42329
40251
40302
42330
40252
40303
42331
40253
40304
42332
40254
40305
42333
40255
40306
42334
40256
40307
42335
40257
40308
42336
40258
40309
42337
40259
40310
42338
40260
40311
42339
40261
40312
42340
40262
40313
42341
40263
40314
42342
40264
40315
42343
40265
40316
42344
40266
40317
42345
40267
40318
42346
40268
40319
42347
40269
40320
42348
40270
40321
42349
40271
40322
42350
40272
40323
42351
40273
40324
42352
40274
40325
42353
40275
40326
42354
40276
40327
42355
40277
40328
42356
40278
40329
42357
40279
40330
42358
40280
40331
42359
40281
40332
42360
40282
40333
42361
40283
40334
42362
40284
40335
42363
40285
40336
42364
40286
40337
42365
40287
40338
42366
40288
40339
42367
40289
40340
42368
40290
40341
42369
40291
40342
42370
40292
40343
42371
40293
40344
42372
40294
40345
42373
40295
40346
42374
40296
40347
42375
40297
40348
42376
40298
40349
42377
40299
40350
42378
40351
42379
40301
40352
42380
40302
40353
42381
40303
40354
42382
40304
40355
42383
40305
40356
42384
40306
40357
42385
40307
40358
42386
40308
40359
42387
40309
40360
42388
40310
40361
42389
40311
40362
42390
40312
40363
42391
40313
40364
42392
40314
40365
42393
40315
40366
42394
40316
40367
42395
40317
40368
42396
40318
40369
42397
40319
40370
42398
40320
40371
42399
40321
40372
42400
40322
40373
42401
40323
40374
42402
40324
40375
42403
40325
40376
42404
40326
40377
42405
40327
40378
42406
40328
40379
42407
40329
40380
42408
40330
40381
42409
40331
40382
42410
40332
40383
42411
40333
40384
42412
40334
40385
42413
40335
40386
42414
40336
40387
42415
40337
40388
42416
40338
40389
42417
40339
40390
42418
40340
40391
42419
40341
40392
42420
40342
40393
42421
40343
40394
42422
40344
40395
42423
40345
40396
42424
40346
40397
42425
40347
40398
42426
40348
40399
42427
40349
40400
42428
40350
40401
42429
40351
40402
42430
40403
42431
40353
40404
42432
40354
40405
42433
40355
40406
42434
40356
40407
42435
40357
40408
42436
40358
40409
42437
40359
40410
42438
40360
40411
42439
40361
40412
42440
40362
40413
42441
40363
40414
42442
40364
40415
42443
40365
40416
42444
40366
40417
42445
40367
40418
42446
40368
40419
42447
40369
40420
42448
40370
40421
42449
40371
40422
42450
40372
40423
42451
40373
40424
42452
40374
40425
42453
40375
40426
42454
40376
40427
42455
40377
40428
42456
40378
40429
42457
40379
40430
42458
40380
40431
42459
40381
40432
42460
40382
40433
42461
40383
40434
42462
40384
40435
42463
40385
40436
42464
40386
40437
42465
40387
40438
42466
40388
40439
42467
40389
40440
42468
40390
40441
42469
40391
40442
42470
40392
40443
42471
40393
40444
42472
40394
40445
42473
40395
40446
42474
40396
40447
42475
40397
40448
42476
40398
40449
42477
40399
40450
42478
40400
40451
42479
40401
40452
42480
40402
40453
42481
40403
40454
42482
40455
42483
40405
40456
42484
40406
40457
42485
40407
40458
42486
40408
40459
42487
40409
40460
42488
40410
40461
42489
40411
40462
42490
40412
40463
42491
40413
40464
42492
40414
40465
42493
40415
40466
42494
40416
40467
42495
40417
40468
42496
40418
40469
42497
40419
40470
42498
40420
40471
42499
40421
40472
42500
40422
40473
42501
40423
40474
42502
40424
40475
42503
40425
40476
42504
40426
40477
42505
40427
40478
42506
40428
40479
42507
40429
40480
42508
40430
40481
42509
40431
40482
42510
40432
40483
42511
40433
40484
42512
40434
40485
42513
40435
40486
42514
40436
40487
42515
40437
40488
42516
40438
40489
42517
40439
40490
42518
40440
40491
42519
40441
40492
42520
40442
40493
42521
40443
40494
42522
40444
40495
42523
40445
40496
42524
40446
40497
42525
40447
40498
42526
40448
40499
42527
40449
40500
42528
40450
40501
42529
40451
40502
42530
40452
40503
42531
40453
40504
42532
40454
40505
42533
40455
40506
42534
40507
42535
40457
40508
42536
40458
40509
42537
40459
40510
42538
40460
40511
42539
40461
40512
42540
40462
40513
42541
40463
40514
42542
40464
40515
42543
40465
40516
42544
40466
40517
42545
40467
40518
42546
40468
40519
42547
40469
40520
42548
40470
40521
42549
40471
40522
42550
40472
40523
42551
40473
40524
42552
40474
40525
42553
40475
40526
42554
40476
40527
42555
40477
40528
42556
40478
40529
42557
40479
40530
42558
40480
40531
42559
40481
40532
42560
40482
40533
42561
40483
40534
42562
40484
40535
42563
40485
40536
42564
40486
40537
42565
40487
40538
42566
40488
40539
42567
40489
40540
42568
40490
40541
42569
40491
40542
42570
40492
40543
42571
40493
40544
42572
40494
40545
42573
40495
40546
42574
40496
40547
42575
40497
40548
42576
40498
40549
42577
40499
40550
42578
40500
40551
42579
40501
40552
42580
40502
40553
42581
40503
40554
42582
40504
40555
42583
40505
40556
42584
40506
40557
42585
40507
40558
42586
40559
42587
40509
40560
42588
40510
40561
42589
40511
40562
42590
40512
40563
42591
40513
40564
42592
40514
40565
42593
40515
40566
42594
40516
40567
42595
40517
40568
42596
40518
40569
42597
40519
40570
42598
40520
40571
42599
40521
40572
42600
40522
40573
42601
40523
40574
42602
40524
40575
42603
40525
40576
42604
40526
40577
42605
40527
40578
42606
40528
40579
42607
40529
40580
42608
40530
40581
42609
40531
40582
42610
40532
40583
42611
40533
40584
42612
40534
40585
42613
40535
40586
42614
40536
40587
42615
40537
40588
42616
40538
40589
42617
40539
40590
42618
40540
40591
42619
40541
40592
42620
40542
40593
42621
40543
40594
42622
40544
40595
42623
40545
40596
42624
40546
40597
42625
40547
40598
42626
40548
40599
42627
40549
40600
42628
40550
40601
42629
40551
40602
42630
40552
40603
42631
40553
40604
42632
40554
40605
42633
40555
40606
42634
40556
40607
42635
40557
40608
42636
40558
40609
42637
40559
40610
42638
40611
42639
40561
40612
42640
40562
40613
42641
40563
40614
42642
40564
40615
42643
40565
40616
42644
40566
40617
42645
40567
40618
42646
40568
40619
42647
40569
40620
42648
40570
40621
42649
40571
40622
42650
40572
40623
42651
40573
40624
42652
40574
40625
42653
40575
40626
42654
40576
40627
42655
40577
40628
42656
40578
40629
42657
40579
40630
42658
40580
40631
42659
40581
40632
42660
40582
40633
42661
40583
40634
42662
40584
40635
42663
40585
40636
42664
40586
40637
42665
40587
40638
42666
40588
40639
42667
40589
40640
42668
40590
40641
42669
40591
40642
42670
40592
40643
42671
40593
40644
42672
40594
40645
42673
40595
40646
42674
40596
40647
42675
40597
40648
42676
40598
40649
42677
40599
40650
42678
40600
40651
42679
40601
40652
42680
40602
40653
42681
40603
40654
42682
40604
40655
42683
40605
40656
42684
40606
40657
42685
40607
40658
42686
40608
40659
42687
40609
40660
42688
40610
40661
42689
40611
40662
42690
40663
42691
40613
40664
42692
40614
40665
42693
40615
40666
42694
40616
40667
42695
40617
40668
42696
40618
40669
42697
40619
40670
42698
40620
40671
42699
40621
40672
42700
40622
40673
42701
40623
40674
42702
40624
40675
42703
40625
40676
42704
40626
40677
42705
40627
40678
42706
40628
40679
42707
40629
40680
42708
40630
40681
42709
40631
40682
42710
40632
40683
42711
40633
40684
42712
40634
40685
42713
40635
40686
42714
40636
40687
42715
40637
40688
42716
40638
40689
42717
40639
40690
42718
40640
40691
42719
40641
40692
42720
40642
40693
42721
40643
40694
42722
40644
40695
42723
40645
40696
42724
40646
40697
42725
40647
40698
42726
40648
40699
42727
40649
40700
42728
40650
40701
42729
40651
40702
42730
40652
40703
42731
40653
40704
42732
40654
40705
42733
40655
40706
42734
40656
40707
42735
40657
40708
42736
40658
40709
42737
40659
40710
42738
40660
40711
42739
40661
40712
42740
40662
40713
42741
40663
40714
42742
40715
42743
40665
40716
42744
40666
40717
42745
40667
40718
42746
40668
40719
42747
40669
40720
42748
40670
40721
42749
40671
40722
42750
40672
40723
42751
40673
40724
42752
40674
40725
42753
40675
40726
42754
40676
40727
42755
40677
40728
42756
40678
40729
42757
40679
40730
42758
40680
40731
42759
40681
40732
42760
40682
40733
42761
40683
40734
42762
40684
40735
42763
40685
40736
42764
40686
40737
42765
40687
40738
42766
40688
40739
42767
40689
40740
42768
40690
40741
42769
40691
40742
42770
40692
40743
42771
40693
40744
42772
40694
40745
42773
40695
40746
42774
40696
40747
42775
40697
40748
42776
40698
40749
42777
40699
40750
42778
40700
40751
42779
40701
40752
42780
40702
40753
42781
40703
40754
42782
40704
40755
42783
40705
40756
42784
40706
40757
42785
40707
40758
42786
40708
40759
42787
40709
40760
42788
40710
40761
42789
40711
40762
42790
40712
40763
42791
40713
40764
42792
40714
40765
42793
40715
40766
42794
40767
42795
40717
40768
42796
40718
40769
42797
40719
40770
42798
40720
40771
42799
40721
40772
42800
40722
40773
42801
40723
40774
42802
40724
40775
42803
40725
40776
42804
40726
40777
42805
40727
40778
42806
40728
40779
42807
40729
40780
42808
40730
40781
42809
40731
40782
42810
40732
40783
42811
40733
40784
42812
40734
40785
42813
40735
40786
42814
40736
40787
42815
40737
40788
42816
40738
40789
42817
40739
40790
42818
40740
40791
42819
40741
40792
42820
40742
40793
42821
40743
40794
42822
40744
40795
42823
40745
40796
42824
40746
40797
42825
40747
40798
42826
40748
40799
42827
40749
40800
42828
40750
40801
42829
40751
40802
42830
40752
40803
42831
40753
40804
42832
40754
40805
42833
40755
40806
42834
40756
40807
42835
40757
40808
42836
40758
40809
42837
40759
40810
42838
40760
40811
42839
40761
40812
42840
40762
40813
42841
40763
40814
42842
40764
40815
42843
40765
40816
42844
40766
40817
42845
40767
40818
42846
40819
42847
40769
40820
42848
40770
40821
42849
40771
40822
42850
40772
40823
42851
40773
40824
42852
40774
40825
42853
40775
40826
42854
40776
40827
42855
40777
40828
42856
40778
40829
42857
40779
40830
42858
40780
40831
42859
40781
40832
42860
40782
40833
42861
40783
40834
42862
40784
40835
42863
40785
40836
42864
40786
40837
42865
40787
40838
42866
40788
40839
42867
40789
40840
42868
40790
40841
42869
40791
40842
42870
40792
40843
42871
40793
40844
42872
40794
40845
42873
40795
40846
42874
40796
40847
42875
40797
40848
42876
40798
40849
42877
40799
40850
42878
40800
40851
42879
40801
40852
42880
40802
40853
42881
40803
40854
42882
40804
40855
42883
40805
40856
42884
40806
40857
42885
40807
40858
42886
40808
40859
42887
40809
40860
42888
40810
40861
42889
40811
40862
42890
40812
40863
42891
40813
40864
42892
40814
40865
42893
40815
40866
42894
40816
40867
42895
40817
40868
42896
40818
40869
42897
40819
40870
42898
40871
42899
40821
40872
42900
40822
40873
42901
40823
40874
42902
40824
40875
42903
40825
40876
42904
40826
40877
42905
40827
40878
42906
40828
40879
42907
40829
40880
42908
40830
40881
42909
40831
40882
42910
40832
40883
42911
40833
40884
42912
40834
40885
42913
40835
40886
42914
40836
40887
42915
40837
40888
42916
40838
40889
42917
40839
40890
42918
40840
40891
42919
40841
40892
42920
40842
40893
42921
40843
40894
42922
40844
40895
42923
40845
40896
42924
40846
40897
42925
40847
40898
42926
40848
40899
42927
40849
40900
42928
40850
40901
42929
40851
40902
42930
40852
40903
42931
40853
40904
42932
40854
40905
42933
40855
40906
42934
40856
40907
42935
40857
40908
42936
40858
40909
42937
40859
40910
42938
40860
40911
42939
40861
40912
42940
40862
40913
42941
40863
40914
42942
40864
40915
42943
40865
40916
42944
40866
40917
42945
40867
40918
42946
40868
40919
42947
40869
40920
42948
40870
40921
42949
40871
40922
42950
40923
42951
40873
40924
42952
40874
40925
42953
40875
40926
42954
40876
40927
42955
40877
40928
42956
40878
40929
42957
40879
40930
42958
40880
40931
42959
40881
40932
42960
40882
40933
42961
40883
40934
42962
40884
40935
42963
40885
40936
42964
40886
40937
42965
40887
40938
42966
40888
40939
42967
40889
40940
42968
40890
40941
42969
40891
40942
42970
40892
40943
42971
40893
40944
42972
40894
40945
42973
40895
40946
42974
40896
40947
42975
40897
40948
42976
40898
40949
42977
40899
40950
42978
40900
40951
42979
40901
40952
42980
40902
40953
42981
40903
40954
42982
40904
40955
42983
40905
40956
42984
40906
40957
42985
40907
40958
42986
40908
40959
42987
40909
40960
42988
40910
40961
42989
40911
40962
42990
40912
40963
42991
40913
40964
42992
40914
40965
42993
40915
40966
42994
40916
40967
42995
40917
40968
42996
40918
40969
42997
40919
40970
42998
40920
40971
42999
40921
40972
43000
40922
40973
43001
40923
40974
43002
40975
43003
40925
40976
43004
40926
40977
43005
40927
40978
43006
40928
40979
43007
40929
40980
43008
40930
40981
43009
40931
40982
43010
40932
40983
43011
40933
40984
43012
40934
40985
43013
40935
40986
43014
40936
40987
43015
40937
40988
43016
40938
40989
43017
40939
40990
43018
40940
40991
43019
40941
40992
43020
40942
40993
43021
40943
40994
43022
40944
40995
43023
40945
40996
43024
40946
40997
43025
40947
40998
43026
40948
40999
43027
40949
41000
43028
40950
41001
43029
40951
41002
43030
40952
41003
43031
40953
41004
43032
40954
41005
43033
40955
41006
43034
40956
41007
43035
40957
41008
43036
40958
41009
43037
40959
41010
43038
40960
41011
43039
40961
41012
43040
40962
41013
43041
40963
41014
43042
40964
41015
43043
40965
41016
43044
40966
41017
43045
40967
41018
43046
40968
41019
43047
40969
41020
43048
40970
41021
43049
40971
41022
43050
40972
41023
43051
40973
41024
43052
40974
41025
43053
40975
41026
43054
41027
43055
40977
41028
43056
40978
41029
43057
40979
41030
43058
40980
41031
43059
40981
41032
43060
40982
41033
43061
40983
41034
43062
40984
41035
43063
40985
41036
43064
40986
41037
43065
40987
41038
43066
40988
41039
43067
40989
41040
43068
40990
41041
43069
40991
41042
43070
40992
41043
43071
40993
41044
43072
40994
41045
43073
40995
41046
43074
40996
41047
43075
40997
41048
43076
40998
41049
43077
40999
41050
43078
41000
41051
43079
41001
41052
43080
41002
41053
43081
41003
41054
43082
41004
41055
43083
41005
41056
43084
41006
41057
43085
41007
41058
43086
41008
41059
43087
41009
41060
43088
41010
41061
43089
41011
41062
43090
41012
41063
43091
41013
41064
43092
41014
41065
43093
41015
41066
43094
41016
41067
43095
41017
41068
43096
41018
41069
43097
41019
41070
43098
41020
41071
43099
41021
41072
43100
41022
41073
43101
41023
41074
43102
41024
41075
43103
41025
41076
43104
41026
41077
43105
41027
41078
43106
41079
43107
41029
41080
43108
41030
41081
43109
41031
41082
43110
41032
41083
43111
41033
41084
43112
41034
41085
43113
41035
41086
43114
41036
41087
43115
41037
41088
43116
41038
41089
43117
41039
41090
43118
41040
41091
43119
41041
41092
43120
41042
41093
43121
41043
41094
43122
41044
41095
43123
41045
41096
43124
41046
41097
43125
41047
41098
43126
41048
41099
43127
41049
41100
43128
41050
41101
43129
41051
41102
43130
41052
41103
43131
41053
41104
43132
41054
41105
43133
41055
41106
43134
41056
41107
43135
41057
41108
43136
41058
41109
43137
41059
41110
43138
41060
41111
43139
41061
41112
43140
41062
41113
43141
41063
41114
43142
41064
41115
43143
41065
41116
43144
41066
41117
43145
41067
41118
43146
41068
41119
43147
41069
41120
43148
41070
41121
43149
41071
41122
43150
41072
41123
43151
41073
41124
43152
41074
41125
43153
41075
41126
43154
41076
41127
43155
41077
41128
43156
41078
41129
43157
41079
41130
43158
41131
43159
41081
41132
43160
41082
41133
43161
41083
41134
43162
41084
41135
43163
41085
41136
43164
41086
41137
43165
41087
41138
43166
41088
41139
43167
41089
41140
43168
41090
41141
43169
41091
41142
43170
41092
41143
43171
41093
41144
43172
41094
41145
43173
41095
41146
43174
41096
41147
43175
41097
41148
43176
41098
41149
43177
41099
41150
43178
41100
41151
43179
41101
41152
43180
41102
41153
43181
41103
41154
43182
41104
41155
43183
41105
41156
43184
41106
41157
43185
41107
41158
43186
41108
41159
43187
41109
41160
43188
41110
41161
43189
41111
41162
43190
41112
41163
43191
41113
41164
43192
41114
41165
43193
41115
41166
43194
41116
41167
43195
41117
41168
43196
41118
41169
43197
41119
41170
43198
41120
41171
43199
41121
41172
43200
41122
41173
43201
41123
41174
43202
41124
41175
43203
41125
41176
43204
41126
41177
43205
41127
41178
43206
41128
41179
43207
41129
41180
43208
41130
41181
43209
41131
41182
43210
41183
43211
41133
41184
43212
41134
41185
43213
41135
41186
43214
41136
41187
43215
41137
41188
43216
41138
41189
43217
41139
41190
43218
41140
41191
43219
41141
41192
43220
41142
41193
43221
41143
41194
43222
41144
41195
43223
41145
41196
43224
41146
41197
43225
41147
41198
43226
41148
41199
43227
41149
41200
43228
41150
41201
43229
41151
41202
43230
41152
41203
43231
41153
41204
43232
41154
41205
43233
41155
41206
43234
41156
41207
43235
41157
41208
43236
41158
41209
43237
41159
41210
43238
41160
41211
43239
41161
41212
43240
41162
41213
43241
41163
41214
43242
41164
41215
43243
41165
41216
43244
41166
41217
43245
41167
41218
43246
41168
41219
43247
41169
41220
43248
41170
41221
43249
41171
41222
43250
41172
41223
43251
41173
41224
43252
41174
41225
43253
41175
41226
43254
41176
41227
43255
41177
41228
43256
41178
41229
43257
41179
41230
43258
41180
41231
43259
41181
41232
43260
41182
41233
43261
41183
41234
43262
41235
43263
41185
41236
43264
41186
41237
43265
41187
41238
43266
41188
41239
43267
41189
41240
43268
41190
41241
43269
41191
41242
43270
41192
41243
43271
41193
41244
43272
41194
41245
43273
41195
41246
43274
41196
41247
43275
41197
41248
43276
41198
41249
43277
41199
41250
43278
41200
41251
43279
41201
41252
43280
41202
41253
43281
41203
41254
43282
41204
41255
43283
41205
41256
43284
41206
41257
43285
41207
41258
43286
41208
41259
43287
41209
41260
43288
41210
41261
43289
41211
41262
43290
41212
41263
43291
41213
41264
43292
41214
41265
43293
41215
41266
43294
41216
41267
43295
41217
41268
43296
41218
41269
43297
41219
41270
43298
41220
41271
43299
41221
41272
43300
41222
41273
43301
41223
41274
43302
41224
41275
43303
41225
41276
43304
41226
41277
43305
41227
41278
43306
41228
41279
43307
41229
41280
43308
41230
41281
43309
41231
41282
43310
41232
41283
43311
41233
41284
43312
41234
41285
43313
41235
41286
43314
41287
43315
41237
41288
43316
41238
41289
43317
41239
41290
43318
41240
41291
43319
41241
41292
43320
41242
41293
43321
41243
41294
43322
41244
41295
43323
41245
41296
43324
41246
41297
43325
41247
41298
43326
41248
41299
43327
41249
41300
43328
41250
41301
43329
41251
41302
43330
41252
41303
43331
41253
41304
43332
41254
41305
43333
41255
41306
43334
41256
41307
43335
41257
41308
43336
41258
41309
43337
41259
41310
43338
41260
41311
43339
41261
41312
43340
41262
41313
43341
41263
41314
43342
41264
41315
43343
41265
41316
43344
41266
41317
43345
41267
41318
43346
41268
41319
43347
41269
41320
43348
41270
41321
43349
41271
41322
43350
41272
41323
43351
41273
41324
43352
41274
41325
43353
41275
41326
43354
41276
41327
43355
41277
41328
43356
41278
41329
43357
41279
41330
43358
41280
41331
43359
41281
41332
43360
41282
41333
43361
41283
41334
43362
41284
41335
43363
41285
41336
43364
41286
41337
43365
41287
41338
43366
41339
43367
41289
41340
43368
41290
41341
43369
41291
41342
43370
41292
41343
43371
41293
41344
43372
41294
41345
43373
41295
41346
43374
41296
41347
43375
41297
41348
43376
41298
41349
43377
41299
41350
43378
41300
41351
43379
41301
41352
43380
41302
41353
43381
41303
41354
43382
41304
41355
43383
41305
41356
43384
41306
41357
43385
41307
41358
43386
41308
41359
43387
41309
41360
43388
41310
41361
43389
41311
41362
43390
41312
41363
43391
41313
41364
43392
41314
41365
43393
41315
41366
43394
41316
41367
43395
41317
41368
43396
41318
41369
43397
41319
41370
43398
41320
41371
43399
41321
41372
43400
41322
41373
43401
41323
41374
43402
41324
41375
43403
41325
41376
43404
41326
41377
43405
41327
41378
43406
41328
41379
43407
41329
41380
43408
41330
41381
43409
41331
41382
43410
41332
41383
43411
41333
41384
43412
41334
41385
43413
41335
41386
43414
41336
41387
43415
41337
41388
43416
41338
41389
43417
41339
41390
43418
41391
43419
41341
41392
43420
41342
41393
43421
41343
41394
43422
41344
41395
43423
41345
41396
43424
41346
41397
43425
41347
41398
43426
41348
41399
43427
41349
41400
43428
41350
41401
43429
41351
41402
43430
41352
41403
43431
41353
41404
43432
41354
41405
43433
41355
41406
43434
41356
41407
43435
41357
41408
43436
41358
41409
43437
41359
41410
43438
41360
41411
43439
41361
41412
43440
41362
41413
43441
41363
41414
43442
41364
41415
43443
41365
41416
43444
41366
41417
43445
41367
41418
43446
41368
41419
43447
41369
41420
43448
41370
41421
43449
41371
41422
43450
41372
41423
43451
41373
41424
43452
41374
41425
43453
41375
41426
43454
41376
41427
43455
41377
41428
43456
41378
41429
43457
41379
41430
43458
41380
41431
43459
41381
41432
43460
41382
41433
43461
41383
41434
43462
41384
41435
43463
41385
41436
43464
41386
41437
43465
41387
41438
43466
41388
41439
43467
41389
41440
43468
41390
41441
43469
41391
41442
43470
41443
43471
41393
41444
43472
41394
41445
43473
41395
41446
43474
41396
41447
43475
41397
41448
43476
41398
41449
43477
41399
41450
43478
41400
41451
43479
41401
41452
43480
41402
41453
43481
41403
41454
43482
41404
41455
43483
41405
41456
43484
41406
41457
43485
41407
41458
43486
41408
41459
43487
41409
41460
43488
41410
41461
43489
41411
41462
43490
41412
41463
43491
41413
41464
43492
41414
41465
43493
41415
41466
43494
41416
41467
43495
41417
41468
43496
41418
41469
43497
41419
41470
43498
41420
41471
43499
41421
41472
43500
41422
41473
43501
41423
41474
43502
41424
41475
43503
41425
41476
43504
41426
41477
43505
41427
41478
43506
41428
41479
43507
41429
41480
43508
41430
41481
43509
41431
41482
43510
41432
41483
43511
41433
41484
43512
41434
41485
43513
41435
41486
43514
41436
41487
43515
41437
41488
43516
41438
41489
43517
41439
41490
43518
41440
41491
43519
41441
41492
43520
41442
41493
43521
41443
41494
43522
41495
43523
41445
41496
43524
41446
41497
43525
41447
41498
43526
41448
41499
43527
41449
41500
43528
41450
41501
43529
41451
41502
43530
41452
41503
43531
41453
41504
43532
41454
41505
43533
41455
41506
43534
41456
41507
43535
41457
41508
43536
41458
41509
43537
41459
41510
43538
41460
41511
43539
41461
41512
43540
41462
41513
43541
41463
41514
43542
41464
41515
43543
41465
41516
43544
41466
41517
43545
41467
41518
43546
41468
41519
43547
41469
41520
43548
41470
41521
43549
41471
41522
43550
41472
41523
43551
41473
41524
43552
41474
41525
43553
41475
41526
43554
41476
41527
43555
41477
41528
43556
41478
41529
43557
41479
41530
43558
41480
41531
43559
41481
41532
43560
41482
41533
43561
41483
41534
43562
41484
41535
43563
41485
41536
43564
41486
41537
43565
41487
41538
43566
41488
41539
43567
41489
41540
43568
41490
41541
43569
41491
41542
43570
41492
41543
43571
41493
41544
43572
41494
41545
43573
41495
41546
43574
41547
43575
41497
41548
43576
41498
41549
43577
41499
41550
43578
41500
41551
43579
41501
41552
43580
41502
41553
43581
41503
41554
43582
41504
41555
43583
41505
41556
43584
41506
41557
43585
41507
41558
43586
41508
41559
43587
41509
41560
43588
41510
41561
43589
41511
41562
43590
41512
41563
43591
41513
41564
43592
41514
41565
43593
41515
41566
43594
41516
41567
43595
41517
41568
43596
41518
41569
43597
41519
41570
43598
41520
41571
43599
41521
41572
43600
41522
41573
43601
41523
41574
43602
41524
41575
43603
41525
41576
43604
41526
41577
43605
41527
41578
43606
41528
41579
43607
41529
41580
43608
41530
41581
43609
41531
41582
43610
41532
41583
43611
41533
41584
43612
41534
41585
43613
41535
41586
43614
41536
41587
43615
41537
41588
43616
41538
41589
43617
41539
41590
43618
41540
41591
43619
41541
41592
43620
41542
41593
43621
41543
41594
43622
41544
41595
43623
41545
41596
43624
41546
41597
43625
41547
41598
43626
41599
43627
41549
43628
41550
43629
41551
43630
41552
43631
41553
43632
41554
43633
41555
43634
41556
43635
41557
43636
41558
43637
41559
43638
41560
43639
41561
43640
41562
43641
41563
43642
41564
43643
41565
43644
41566
43645
41567
43646
41568
43647
41569
43648
41570
43649
41571
43650
41572
43651
41573
43652
41574
43653
41575
43654
41576
43655
41577
43656
41578
43657
41579
43658
41580
43659
41581
43660
41582
43661
41583
43662
41584
43663
41585
43664
41586
43665
41587
43666
41588
43667
41589
43668
41590
43669
41591
43670
41592
43671
41593
43672
41594
43673
41595
43674
41596
43675
41597
43676
41598
43677
41599
43678
43679
41601
41652
43680
41602
41653
43681
41603
41654
43682
41604
41655
43683
41605
41656
43684
41606
41657
43685
41607
41658
43686
41608
41659
43687
41609
41660
43688
41610
41661
43689
41611
41662
43690
41612
41663
43691
41613
41664
43692
41614
41665
43693
41615
41666
43694
41616
41667
43695
41617
41668
43696
41618
41669
43697
41619
41670
43698
41620
41671
43699
41621
41672
43700
41622
41673
43701
41623
41674
43702
41624
41675
43703
41625
41676
43704
41626
41677
43705
41627
41678
43706
41628
41679
43707
41629
41680
43708
41630
41681
43709
41631
41682
43710
41632
41683
43711
41633
41684
43712
41634
41685
43713
41635
41686
43714
41636
41687
43715
41637
41688
43716
41638
41689
43717
41639
41690
43718
41640
41691
43719
41641
41692
43720
41642
41693
43721
41643
41694
43722
41644
41695
43723
41645
41696
43724
41646
41697
43725
41647
41698
43726
41648
41699
43727
41649
41700
43728
41650
41701
43729
41651
41702
43730
41703
43731
41653
41704
43732
41654
41705
43733
41655
41706
43734
41656
41707
43735
41657
41708
43736
41658
41709
43737
41659
41710
43738
41660
41711
43739
41661
41712
43740
41662
41713
43741
41663
41714
43742
41664
41715
43743
41665
41716
43744
41666
41717
43745
41667
41718
43746
41668
41719
43747
41669
41720
43748
41670
41721
43749
41671
41722
43750
41672
41723
43751
41673
41724
43752
41674
41725
43753
41675
41726
43754
41676
41727
43755
41677
41728
43756
41678
41729
43757
41679
41730
43758
41680
41731
43759
41681
41732
43760
41682
41733
43761
41683
41734
43762
41684
41735
43763
41685
41736
43764
41686
41737
43765
41687
41738
43766
41688
41739
43767
41689
41740
43768
41690
41741
43769
41691
41742
43770
41692
41743
43771
41693
41744
43772
41694
41745
43773
41695
41746
43774
41696
41747
43775
41697
41748
43776
41698
41749
43777
41699
41750
43778
41700
41751
43779
41701
41752
43780
41702
41753
43781
41703
41754
43782
41755
43783
41705
41756
43784
41706
41757
43785
41707
41758
43786
41708
41759
43787
41709
41760
43788
41710
41761
43789
41711
41762
43790
41712
41763
43791
41713
41764
43792
41714
41765
43793
41715
41766
43794
41716
41767
43795
41717
41768
43796
41718
41769
43797
41719
41770
43798
41720
41771
43799
41721
41772
43800
41722
41773
43801
41723
41774
43802
41724
41775
43803
41725
41776
43804
41726
41777
43805
41727
41778
43806
41728
41779
43807
41729
41780
43808
41730
41781
43809
41731
41782
43810
41732
41783
43811
41733
41784
43812
41734
41785
43813
41735
41786
43814
41736
41787
43815
41737
41788
43816
41738
41789
43817
41739
41790
43818
41740
41791
43819
41741
41792
43820
41742
41793
43821
41743
41794
43822
41744
41795
43823
41745
41796
43824
41746
41797
43825
41747
41798
43826
41748
41799
43827
41749
41800
43828
41750
41801
43829
41751
41802
43830
41752
41803
43831
41753
41804
43832
41754
41805
43833
41755
41806
43834
41807
43835
41757
41808
43836
41758
41809
43837
41759
41810
43838
41760
41811
43839
41761
41812
43840
41762
41813
43841
41763
41814
43842
41764
41815
43843
41765
41816
43844
41766
41817
43845
41767
41818
43846
41768
41819
43847
41769
41820
43848
41770
41821
43849
41771
41822
43850
41772
41823
43851
41773
41824
43852
41774
41825
43853
41775
41826
43854
41776
41827
43855
41777
41828
43856
41778
41829
43857
41779
41830
43858
41780
41831
43859
41781
41832
43860
41782
41833
43861
41783
41834
43862
41784
41835
43863
41785
41836
43864
41786
41837
43865
41787
41838
43866
41788
41839
43867
41789
41840
43868
41790
41841
43869
41791
41842
43870
41792
41843
43871
41793
41844
43872
41794
41845
43873
41795
41846
43874
41796
41847
43875
41797
41848
43876
41798
41849
43877
41799
41850
43878
41800
41851
43879
41801
41852
43880
41802
41853
43881
41803
41854
43882
41804
41855
43883
41805
41856
43884
41806
41857
43885
41807
41858
43886
41859
43887
41809
41860
43888
41810
41861
43889
41811
41862
43890
41812
41863
43891
41813
41864
43892
41814
41865
43893
41815
41866
43894
41816
41867
43895
41817
41868
43896
41818
41869
43897
41819
41870
43898
41820
41871
43899
41821
41872
43900
41822
41873
43901
41823
41874
43902
41824
41875
43903
41825
41876
43904
41826
41877
43905
41827
41878
43906
41828
41879
43907
41829
41880
43908
41830
41881
43909
41831
41882
43910
41832
41883
43911
41833
41884
43912
41834
41885
43913
41835
41886
43914
41836
41887
43915
41837
41888
43916
41838
41889
43917
41839
41890
43918
41840
41891
43919
41841
41892
43920
41842
41893
43921
41843
41894
43922
41844
41895
43923
41845
41896
43924
41846
41897
43925
41847
41898
43926
41848
41899
43927
41849
41900
43928
41850
41901
43929
41851
41902
43930
41852
41903
43931
41853
41904
43932
41854
41905
43933
41855
41906
43934
41856
41907
43935
41857
41908
43936
41858
41909
43937
41859
41910
43938
41911
43939
41861
41912
43940
41862
41913
43941
41863
41914
43942
41864
41915
43943
41865
41916
43944
41866
41917
43945
41867
41918
43946
41868
41919
43947
41869
41920
43948
41870
41921
43949
41871
41922
43950
41872
41923
43951
41873
41924
43952
41874
41925
43953
41875
41926
43954
41876
41927
43955
41877
41928
43956
41878
41929
43957
41879
41930
43958
41880
41931
43959
41881
41932
43960
41882
41933
43961
41883
41934
43962
41884
41935
43963
41885
41936
43964
41886
41937
43965
41887
41938
43966
41888
41939
43967
41889
41940
43968
41890
41941
43969
41891
41942
43970
41892
41943
43971
41893
41944
43972
41894
41945
43973
41895
41946
43974
41896
41947
43975
41897
41948
43976
41898
41949
43977
41899
41950
43978
41900
41951
43979
41901
41952
43980
41902
41953
43981
41903
41954
43982
41904
41955
43983
41905
41956
43984
41906
41957
43985
41907
41958
43986
41908
41959
43987
41909
41960
43988
41910
41961
43989
41911
41962
43990
41963
43991
41913
41964
43992
41914
41965
43993
41915
41966
43994
41916
41967
43995
41917
41968
43996
41918
41969
43997
41919
41970
43998
41920
41971
43999
41921
41972
44000
41922
41973
44001
41923
41974
44002
41924
41975
44003
41925
41976
44004
41926
41977
44005
41927
41978
44006
41928
41979
44007
41929
41980
44008
41930
41981
44009
41931
41982
44010
41932
41983
44011
41933
41984
44012
41934
41985
44013
41935
41986
44014
41936
41987
44015
41937
41988
44016
41938
41989
44017
41939
41990
44018
41940
41991
44019
41941
41992
44020
41942
41993
44021
41943
41994
44022
41944
41995
44023
41945
41996
44024
41946
41997
44025
41947
41998
44026
41948
41999
44027
41949
42000
44028
41950
42001
44029
41951
42002
44030
41952
42003
44031
41953
42004
44032
41954
42005
44033
41955
42006
44034
41956
42007
44035
41957
42008
44036
41958
42009
44037
41959
42010
44038
41960
42011
44039
41961
42012
44040
41962
42013
44041
41963
42014
44042
42015
44043
41965
42016
44044
41966
42017
44045
41967
42018
44046
41968
42019
44047
41969
42020
44048
41970
42021
44049
41971
42022
44050
41972
42023
44051
41973
42024
44052
41974
42025
44053
41975
42026
44054
41976
42027
44055
41977
42028
44056
41978
42029
44057
41979
42030
44058
41980
42031
44059
41981
42032
44060
41982
42033
44061
41983
42034
44062
41984
42035
44063
41985
42036
44064
41986
42037
44065
41987
42038
44066
41988
42039
44067
41989
42040
44068
41990
42041
44069
41991
42042
44070
41992
42043
44071
41993
42044
44072
41994
42045
44073
41995
42046
44074
41996
42047
44075
41997
42048
44076
41998
42049
44077
41999
42050
44078
42000
42051
44079
42001
42052
44080
42002
42053
44081
42003
42054
44082
42004
42055
44083
42005
42056
44084
42006
42057
44085
42007
42058
44086
42008
42059
44087
42009
42060
44088
42010
42061
44089
42011
42062
44090
42012
42063
44091
42013
42064
44092
42014
42065
44093
42015
42066
44094
42067
44095
42017
42068
44096
42018
42069
44097
42019
42070
44098
42020
42071
44099
42021
42072
44100
42022
42073
44101
42023
42074
44102
42024
42075
44103
42025
42076
44104
42026
42077
44105
42027
42078
44106
42028
42079
44107
42029
42080
44108
42030
42081
44109
42031
42082
44110
42032
42083
44111
42033
42084
44112
42034
42085
44113
42035
42086
44114
42036
42087
44115
42037
42088
44116
42038
42089
44117
42039
42090
44118
42040
42091
44119
42041
42092
44120
42042
42093
44121
42043
42094
44122
42044
42095
44123
42045
42096
44124
42046
42097
44125
42047
42098
44126
42048
42099
44127
42049
42100
44128
42050
42101
44129
42051
42102
44130
42052
42103
44131
42053
42104
44132
42054
42105
44133
42055
42106
44134
42056
42107
44135
42057
42108
44136
42058
42109
44137
42059
42110
44138
42060
42111
44139
42061
42112
44140
42062
42113
44141
42063
42114
44142
42064
42115
44143
42065
42116
44144
42066
42117
44145
42067
42118
44146
42119
44147
42069
42120
44148
42070
42121
44149
42071
42122
44150
42072
42123
44151
42073
42124
44152
42074
42125
44153
42075
42126
44154
42076
42127
44155
42077
42128
44156
42078
42129
44157
42079
42130
44158
42080
42131
44159
42081
42132
44160
42082
42133
44161
42083
42134
44162
42084
42135
44163
42085
42136
44164
42086
42137
44165
42087
42138
44166
42088
42139
44167
42089
42140
44168
42090
42141
44169
42091
42142
44170
42092
42143
44171
42093
42144
44172
42094
42145
44173
42095
42146
44174
42096
42147
44175
42097
42148
44176
42098
42149
44177
42099
42150
44178
42100
42151
44179
42101
42152
44180
42102
42153
44181
42103
42154
44182
42104
42155
44183
42105
42156
44184
42106
42157
44185
42107
42158
44186
42108
42159
44187
42109
42160
44188
42110
42161
44189
42111
42162
44190
42112
42163
44191
42113
42164
44192
42114
42165
44193
42115
42166
44194
42116
42167
44195
42117
42168
44196
42118
42169
44197
42119
42170
44198
42171
44199
42121
42172
44200
42122
42173
44201
42123
42174
44202
42124
42175
44203
42125
42176
44204
42126
42177
44205
42127
42178
44206
42128
42179
44207
42129
42180
44208
42130
42181
44209
42131
42182
44210
42132
42183
44211
42133
42184
44212
42134
42185
44213
42135
42186
44214
42136
42187
44215
42137
42188
44216
42138
42189
44217
42139
42190
44218
42140
42191
44219
42141
42192
44220
42142
42193
44221
42143
42194
44222
42144
42195
44223
42145
42196
44224
42146
42197
44225
42147
42198
44226
42148
42199
44227
42149
42200
44228
42150
42201
44229
42151
42202
44230
42152
42203
44231
42153
42204
44232
42154
42205
44233
42155
42206
44234
42156
42207
44235
42157
42208
44236
42158
42209
44237
42159
42210
44238
42160
42211
44239
42161
42212
44240
42162
42213
44241
42163
42214
44242
42164
42215
44243
42165
42216
44244
42166
42217
44245
42167
42218
44246
42168
42219
44247
42169
42220
44248
42170
42221
44249
42171
42222
44250
42223
44251
42173
42224
44252
42174
42225
44253
42175
42226
44254
42176
42227
44255
42177
42228
44256
42178
42229
44257
42179
42230
44258
42180
42231
44259
42181
42232
44260
42182
42233
44261
42183
42234
44262
42184
42235
44263
42185
42236
44264
42186
42237
44265
42187
42238
44266
42188
42239
44267
42189
42240
44268
42190
42241
44269
42191
42242
44270
42192
42243
44271
42193
42244
44272
42194
42245
44273
42195
42246
44274
42196
42247
44275
42197
42248
44276
42198
42249
44277
42199
42250
44278
42200
42251
44279
42201
42252
44280
42202
42253
44281
42203
42254
44282
42204
42255
44283
42205
42256
44284
42206
42257
44285
42207
42258
44286
42208
42259
44287
42209
42260
44288
42210
42261
44289
42211
42262
44290
42212
42263
44291
42213
42264
44292
42214
42265
44293
42215
42266
44294
42216
42267
44295
42217
42268
44296
42218
42269
44297
42219
42270
44298
42220
42271
44299
42221
42272
44300
42222
42273
44301
42223
42274
44302
42275
44303
42225
42276
44304
42226
42277
44305
42227
42278
44306
42228
42279
44307
42229
42280
44308
42230
42281
44309
42231
42282
44310
42232
42283
44311
42233
42284
44312
42234
42285
44313
42235
42286
44314
42236
42287
44315
42237
42288
44316
42238
42289
44317
42239
42290
44318
42240
42291
44319
42241
42292
44320
42242
42293
44321
42243
42294
44322
42244
42295
44323
42245
42296
44324
42246
42297
44325
42247
42298
44326
42248
42299
44327
42249
42300
44328
42250
42301
44329
42251
42302
44330
42252
42303
44331
42253
42304
44332
42254
42305
44333
42255
42306
44334
42256
42307
44335
42257
42308
44336
42258
42309
44337
42259
42310
44338
42260
42311
44339
42261
42312
44340
42262
42313
44341
42263
42314
44342
42264
42315
44343
42265
42316
44344
42266
42317
44345
42267
42318
44346
42268
42319
44347
42269
42320
44348
42270
42321
44349
42271
42322
44350
42272
42323
44351
42273
42324
44352
42274
42325
44353
42275
42326
44354
42327
44355
42277
42328
44356
42278
42329
44357
42279
42330
44358
42280
42331
44359
42281
42332
44360
42282
42333
44361
42283
42334
44362
42284
42335
44363
42285
42336
44364
42286
42337
44365
42287
42338
44366
42288
42339
44367
42289
42340
44368
42290
42341
44369
42291
42342
44370
42292
42343
44371
42293
42344
44372
42294
42345
44373
42295
42346
44374
42296
42347
44375
42297
42348
44376
42298
42349
44377
42299
42350
44378
42300
42351
44379
42301
42352
44380
42302
42353
44381
42303
42354
44382
42304
42355
44383
42305
42356
44384
42306
42357
44385
42307
42358
44386
42308
42359
44387
42309
42360
44388
42310
42361
44389
42311
42362
44390
42312
42363
44391
42313
42364
44392
42314
42365
44393
42315
42366
44394
42316
42367
44395
42317
42368
44396
42318
42369
44397
42319
42370
44398
42320
42371
44399
42321
42372
44400
42322
42373
44401
42323
42374
44402
42324
42375
44403
42325
42376
44404
42326
42377
44405
42327
42378
44406
42379
44407
42329
42380
44408
42330
42381
44409
42331
42382
44410
42332
42383
44411
42333
42384
44412
42334
42385
44413
42335
42386
44414
42336
42387
44415
42337
42388
44416
42338
42389
44417
42339
42390
44418
42340
42391
44419
42341
42392
44420
42342
42393
44421
42343
42394
44422
42344
42395
44423
42345
42396
44424
42346
42397
44425
42347
42398
44426
42348
42399
44427
42349
42400
44428
42350
42401
44429
42351
42402
44430
42352
42403
44431
42353
42404
44432
42354
42405
44433
42355
42406
44434
42356
42407
44435
42357
42408
44436
42358
42409
44437
42359
42410
44438
42360
42411
44439
42361
42412
44440
42362
42413
44441
42363
42414
44442
42364
42415
44443
42365
42416
44444
42366
42417
44445
42367
42418
44446
42368
42419
44447
42369
42420
44448
42370
42421
44449
42371
42422
44450
42372
42423
44451
42373
42424
44452
42374
42425
44453
42375
42426
44454
42376
42427
44455
42377
42428
44456
42378
42429
44457
42379
42430
44458
42431
44459
42381
42432
44460
42382
42433
44461
42383
42434
44462
42384
42435
44463
42385
42436
44464
42386
42437
44465
42387
42438
44466
42388
42439
44467
42389
42440
44468
42390
42441
44469
42391
42442
44470
42392
42443
44471
42393
42444
44472
42394
42445
44473
42395
42446
44474
42396
42447
44475
42397
42448
44476
42398
42449
44477
42399
42450
44478
42400
42451
44479
42401
42452
44480
42402
42453
44481
42403
42454
44482
42404
42455
44483
42405
42456
44484
42406
42457
44485
42407
42458
44486
42408
42459
44487
42409
42460
44488
42410
42461
44489
42411
42462
44490
42412
42463
44491
42413
42464
44492
42414
42465
44493
42415
42466
44494
42416
42467
44495
42417
42468
44496
42418
42469
44497
42419
42470
44498
42420
42471
44499
42421
42472
44500
42422
42473
44501
42423
42474
44502
42424
42475
44503
42425
42476
44504
42426
42477
44505
42427
42478
44506
42428
42479
44507
42429
42480
44508
42430
42481
44509
42431
42482
44510
42483
44511
42433
42484
44512
42434
42485
44513
42435
42486
44514
42436
42487
44515
42437
42488
44516
42438
42489
44517
42439
42490
44518
42440
42491
44519
42441
42492
44520
42442
42493
44521
42443
42494
44522
42444
42495
44523
42445
42496
44524
42446
42497
44525
42447
42498
44526
42448
42499
44527
42449
42500
44528
42450
42501
44529
42451
42502
44530
42452
42503
44531
42453
42504
44532
42454
42505
44533
42455
42506
44534
42456
42507
44535
42457
42508
44536
42458
42509
44537
42459
42510
44538
42460
42511
44539
42461
42512
44540
42462
42513
44541
42463
42514
44542
42464
42515
44543
42465
42516
44544
42466
42517
44545
42467
42518
44546
42468
42519
44547
42469
42520
44548
42470
42521
44549
42471
42522
44550
42472
42523
44551
42473
42524
44552
42474
42525
44553
42475
42526
44554
42476
42527
44555
42477
42528
44556
42478
42529
44557
42479
42530
44558
42480
42531
44559
42481
42532
44560
42482
42533
44561
42483
42534
44562
42535
44563
42485
42536
44564
42486
42537
44565
42487
42538
44566
42488
42539
44567
42489
42540
44568
42490
42541
44569
42491
42542
44570
42492
42543
44571
42493
42544
44572
42494
42545
44573
42495
42546
44574
42496
42547
44575
42497
42548
44576
42498
42549
44577
42499
42550
44578
42500
42551
44579
42501
42552
44580
42502
42553
44581
42503
42554
44582
42504
42555
44583
42505
42556
44584
42506
42557
44585
42507
42558
44586
42508
42559
44587
42509
42560
44588
42510
42561
44589
42511
42562
44590
42512
42563
44591
42513
42564
44592
42514
42565
44593
42515
42566
44594
42516
42567
44595
42517
42568
44596
42518
42569
44597
42519
42570
44598
42520
42571
44599
42521
42572
44600
42522
42573
44601
42523
42574
44602
42524
42575
44603
42525
42576
44604
42526
42577
44605
42527
42578
44606
42528
42579
44607
42529
42580
44608
42530
42581
44609
42531
42582
44610
42532
42583
44611
42533
42584
44612
42534
42585
44613
42535
42586
44614
42587
44615
42537
42588
44616
42538
42589
44617
42539
42590
44618
42540
42591
44619
42541
42592
44620
42542
42593
44621
42543
42594
44622
42544
42595
44623
42545
42596
44624
42546
42597
44625
42547
42598
44626
42548
42599
44627
42549
42600
44628
42550
42601
44629
42551
42602
44630
42552
42603
44631
42553
42604
44632
42554
42605
44633
42555
42606
44634
42556
42607
44635
42557
42608
44636
42558
42609
44637
42559
42610
44638
42560
42611
44639
42561
42612
44640
42562
42613
44641
42563
42614
44642
42564
42615
44643
42565
42616
44644
42566
42617
44645
42567
42618
44646
42568
42619
44647
42569
42620
44648
42570
42621
44649
42571
42622
44650
42572
42623
44651
42573
42624
44652
42574
42625
44653
42575
42626
44654
42576
42627
44655
42577
42628
44656
42578
42629
44657
42579
42630
44658
42580
42631
44659
42581
42632
44660
42582
42633
44661
42583
42634
44662
42584
42635
44663
42585
42636
44664
42586
42637
44665
42587
42638
44666
42639
44667
42589
42640
44668
42590
42641
44669
42591
42642
44670
42592
42643
44671
42593
42644
44672
42594
42645
44673
42595
42646
44674
42596
42647
44675
42597
42648
44676
42598
42649
44677
42599
42650
44678
42600
42651
44679
42601
42652
44680
42602
42653
44681
42603
42654
44682
42604
42655
44683
42605
42656
44684
42606
42657
44685
42607
42658
44686
42608
42659
44687
42609
42660
44688
42610
42661
44689
42611
42662
44690
42612
42663
44691
42613
42664
44692
42614
42665
44693
42615
42666
44694
42616
42667
44695
42617
42668
44696
42618
42669
44697
42619
42670
44698
42620
42671
44699
42621
42672
44700
42622
42673
44701
42623
42674
44702
42624
42675
44703
42625
42676
44704
42626
42677
44705
42627
42678
44706
42628
42679
44707
42629
42680
44708
42630
42681
44709
42631
42682
44710
42632
42683
44711
42633
42684
44712
42634
42685
44713
42635
42686
44714
42636
42687
44715
42637
42688
44716
42638
42689
44717
42639
42690
44718
42691
44719
42641
42692
44720
42642
42693
44721
42643
42694
44722
42644
42695
44723
42645
42696
44724
42646
42697
44725
42647
42698
44726
42648
42699
44727
42649
42700
44728
42650
42701
44729
42651
42702
44730
42652
42703
44731
42653
42704
44732
42654
42705
44733
42655
42706
44734
42656
42707
44735
42657
42708
44736
42658
42709
44737
42659
42710
44738
42660
42711
44739
42661
42712
44740
42662
42713
44741
42663
42714
44742
42664
42715
44743
42665
42716
44744
42666
42717
44745
42667
42718
44746
42668
42719
44747
42669
42720
44748
42670
42721
44749
42671
42722
44750
42672
42723
44751
42673
42724
44752
42674
42725
44753
42675
42726
44754
42676
42727
44755
42677
42728
44756
42678
42729
44757
42679
42730
44758
42680
42731
44759
42681
42732
44760
42682
42733
44761
42683
42734
44762
42684
42735
44763
42685
42736
44764
42686
42737
44765
42687
42738
44766
42688
42739
44767
42689
42740
44768
42690
42741
44769
42691
42742
44770
42743
44771
42693
42744
44772
42694
42745
44773
42695
42746
44774
42696
42747
44775
42697
42748
44776
42698
42749
44777
42699
42750
44778
42700
42751
44779
42701
42752
44780
42702
42753
44781
42703
42754
44782
42704
42755
44783
42705
42756
44784
42706
42757
44785
42707
42758
44786
42708
42759
44787
42709
42760
44788
42710
42761
44789
42711
42762
44790
42712
42763
44791
42713
42764
44792
42714
42765
44793
42715
42766
44794
42716
42767
44795
42717
42768
44796
42718
42769
44797
42719
42770
44798
42720
42771
44799
42721
42772
44800
42722
42773
44801
42723
42774
44802
42724
42775
44803
42725
42776
44804
42726
42777
44805
42727
42778
44806
42728
42779
44807
42729
42780
44808
42730
42781
44809
42731
42782
44810
42732
42783
44811
42733
42784
44812
42734
42785
44813
42735
42786
44814
42736
42787
44815
42737
42788
44816
42738
42789
44817
42739
42790
44818
42740
42791
44819
42741
42792
44820
42742
42793
44821
42743
42794
44822
42795
44823
42745
42796
44824
42746
42797
44825
42747
42798
44826
42748
42799
44827
42749
42800
44828
42750
42801
44829
42751
42802
44830
42752
42803
44831
42753
42804
44832
42754
42805
44833
42755
42806
44834
42756
42807
44835
42757
42808
44836
42758
42809
44837
42759
42810
44838
42760
42811
44839
42761
42812
44840
42762
42813
44841
42763
42814
44842
42764
42815
44843
42765
42816
44844
42766
42817
44845
42767
42818
44846
42768
42819
44847
42769
42820
44848
42770
42821
44849
42771
42822
44850
42772
42823
44851
42773
42824
44852
42774
42825
44853
42775
42826
44854
42776
42827
44855
42777
42828
44856
42778
42829
44857
42779
42830
44858
42780
42831
44859
42781
42832
44860
42782
42833
44861
42783
42834
44862
42784
42835
44863
42785
42836
44864
42786
42837
44865
42787
42838
44866
42788
42839
44867
42789
42840
44868
42790
42841
44869
42791
42842
44870
42792
42843
44871
42793
42844
44872
42794
42845
44873
42795
42846
44874
42847
44875
42797
42848
44876
42798
42849
44877
42799
42850
44878
42800
42851
44879
42801
42852
44880
42802
42853
44881
42803
42854
44882
42804
42855
44883
42805
42856
44884
42806
42857
44885
42807
42858
44886
42808
42859
44887
42809
42860
44888
42810
42861
44889
42811
42862
44890
42812
42863
44891
42813
42864
44892
42814
42865
44893
42815
42866
44894
42816
42867
44895
42817
42868
44896
42818
42869
44897
42819
42870
44898
42820
42871
44899
42821
42872
44900
42822
42873
44901
42823
42874
44902
42824
42875
44903
42825
42876
44904
42826
42877
44905
42827
42878
44906
42828
42879
44907
42829
42880
44908
42830
42881
44909
42831
42882
44910
42832
42883
44911
42833
42884
44912
42834
42885
44913
42835
42886
44914
42836
42887
44915
42837
42888
44916
42838
42889
44917
42839
42890
44918
42840
42891
44919
42841
42892
44920
42842
42893
44921
42843
42894
44922
42844
42895
44923
42845
42896
44924
42846
42897
44925
42847
42898
44926
42899
44927
42849
42900
44928
42850
42901
44929
42851
42902
44930
42852
42903
44931
42853
42904
44932
42854
42905
44933
42855
42906
44934
42856
42907
44935
42857
42908
44936
42858
42909
44937
42859
42910
44938
42860
42911
44939
42861
42912
44940
42862
42913
44941
42863
42914
44942
42864
42915
44943
42865
42916
44944
42866
42917
44945
42867
42918
44946
42868
42919
44947
42869
42920
44948
42870
42921
44949
42871
42922
44950
42872
42923
44951
42873
42924
44952
42874
42925
44953
42875
42926
44954
42876
42927
44955
42877
42928
44956
42878
42929
44957
42879
42930
44958
42880
42931
44959
42881
42932
44960
42882
42933
44961
42883
42934
44962
42884
42935
44963
42885
42936
44964
42886
42937
44965
42887
42938
44966
42888
42939
44967
42889
42940
44968
42890
42941
44969
42891
42942
44970
42892
42943
44971
42893
42944
44972
42894
42945
44973
42895
42946
44974
42896
42947
44975
42897
42948
44976
42898
42949
44977
42899
42950
44978
42951
44979
42901
42952
44980
42902
42953
44981
42903
42954
44982
42904
42955
44983
42905
42956
44984
42906
42957
44985
42907
42958
44986
42908
42959
44987
42909
42960
44988
42910
42961
44989
42911
42962
44990
42912
42963
44991
42913
42964
44992
42914
42965
44993
42915
42966
44994
42916
42967
44995
42917
42968
44996
42918
42969
44997
42919
42970
44998
42920
42971
44999
42921
42972
45000
42922
42973
45001
42923
42974
45002
42924
42975
45003
42925
42976
45004
42926
42977
45005
42927
42978
45006
42928
42979
45007
42929
42980
45008
42930
42981
45009
42931
42982
45010
42932
42983
45011
42933
42984
45012
42934
42985
45013
42935
42986
45014
42936
42987
45015
42937
42988
45016
42938
42989
45017
42939
42990
45018
42940
42991
45019
42941
42992
45020
42942
42993
45021
42943
42994
45022
42944
42995
45023
42945
42996
45024
42946
42997
45025
42947
42998
45026
42948
42999
45027
42949
43000
45028
42950
43001
45029
42951
43002
45030
43003
45031
42953
43004
45032
42954
43005
45033
42955
43006
45034
42956
43007
45035
42957
43008
45036
42958
43009
45037
42959
43010
45038
42960
43011
45039
42961
43012
45040
42962
43013
45041
42963
43014
45042
42964
43015
45043
42965
43016
45044
42966
43017
45045
42967
43018
45046
42968
43019
45047
42969
43020
45048
42970
43021
45049
42971
43022
45050
42972
43023
45051
42973
43024
45052
42974
43025
45053
42975
43026
45054
42976
43027
45055
42977
43028
45056
42978
43029
45057
42979
43030
45058
42980
43031
45059
42981
43032
45060
42982
43033
45061
42983
43034
45062
42984
43035
45063
42985
43036
45064
42986
43037
45065
42987
43038
45066
42988
43039
45067
42989
43040
45068
42990
43041
45069
42991
43042
45070
42992
43043
45071
42993
43044
45072
42994
43045
45073
42995
43046
45074
42996
43047
45075
42997
43048
45076
42998
43049
45077
42999
43050
45078
43000
43051
45079
43001
43052
45080
43002
43053
45081
43003
43054
45082
43055
45083
43005
43056
45084
43006
43057
45085
43007
43058
45086
43008
43059
45087
43009
43060
45088
43010
43061
45089
43011
43062
45090
43012
43063
45091
43013
43064
45092
43014
43065
45093
43015
43066
45094
43016
43067
45095
43017
43068
45096
43018
43069
45097
43019
43070
45098
43020
43071
45099
43021
43072
45100
43022
43073
45101
43023
43074
45102
43024
43075
45103
43025
43076
45104
43026
43077
45105
43027
43078
45106
43028
43079
45107
43029
43080
45108
43030
43081
45109
43031
43082
45110
43032
43083
45111
43033
43084
45112
43034
43085
45113
43035
43086
45114
43036
43087
45115
43037
43088
45116
43038
43089
45117
43039
43090
45118
43040
43091
45119
43041
43092
45120
43042
43093
45121
43043
43094
45122
43044
43095
45123
43045
43096
45124
43046
43097
45125
43047
43098
45126
43048
43099
45127
43049
43100
45128
43050
43101
45129
43051
43102
45130
43052
43103
45131
43053
43104
45132
43054
43105
45133
43055
43106
45134
43107
45135
43057
43108
45136
43058
43109
45137
43059
43110
45138
43060
43111
45139
43061
43112
45140
43062
43113
45141
43063
43114
45142
43064
43115
45143
43065
43116
45144
43066
43117
45145
43067
43118
45146
43068
43119
45147
43069
43120
45148
43070
43121
45149
43071
43122
45150
43072
43123
45151
43073
43124
45152
43074
43125
45153
43075
43126
45154
43076
43127
45155
43077
43128
45156
43078
43129
45157
43079
43130
45158
43080
43131
45159
43081
43132
45160
43082
43133
45161
43083
43134
45162
43084
43135
45163
43085
43136
45164
43086
43137
45165
43087
43138
45166
43088
43139
45167
43089
43140
45168
43090
43141
45169
43091
43142
45170
43092
43143
45171
43093
43144
45172
43094
43145
45173
43095
43146
45174
43096
43147
45175
43097
43148
45176
43098
43149
45177
43099
43150
45178
43100
43151
45179
43101
43152
45180
43102
43153
45181
43103
43154
45182
43104
43155
45183
43105
43156
45184
43106
43157
45185
43107
43158
45186
43159
45187
43109
43160
45188
43110
43161
45189
43111
43162
45190
43112
43163
45191
43113
43164
45192
43114
43165
45193
43115
43166
45194
43116
43167
45195
43117
43168
45196
43118
43169
45197
43119
43170
45198
43120
43171
45199
43121
43172
45200
43122
43173
45201
43123
43174
45202
43124
43175
45203
43125
43176
45204
43126
43177
45205
43127
43178
45206
43128
43179
45207
43129
43180
45208
43130
43181
45209
43131
43182
45210
43132
43183
45211
43133
43184
45212
43134
43185
45213
43135
43186
45214
43136
43187
45215
43137
43188
45216
43138
43189
45217
43139
43190
45218
43140
43191
45219
43141
43192
45220
43142
43193
45221
43143
43194
45222
43144
43195
45223
43145
43196
45224
43146
43197
45225
43147
43198
45226
43148
43199
45227
43149
43200
45228
43150
43201
45229
43151
43202
45230
43152
43203
45231
43153
43204
45232
43154
43205
45233
43155
43206
45234
43156
43207
45235
43157
43208
45236
43158
43209
45237
43159
43210
45238
43211
45239
43161
43212
45240
43162
43213
45241
43163
43214
45242
43164
43215
45243
43165
43216
45244
43166
43217
45245
43167
43218
45246
43168
43219
45247
43169
43220
45248
43170
43221
45249
43171
43222
45250
43172
43223
45251
43173
43224
45252
43174
43225
45253
43175
43226
45254
43176
43227
45255
43177
43228
45256
43178
43229
45257
43179
43230
45258
43180
43231
45259
43181
43232
45260
43182
43233
45261
43183
43234
45262
43184
43235
45263
43185
43236
45264
43186
43237
45265
43187
43238
45266
43188
43239
45267
43189
43240
45268
43190
43241
45269
43191
43242
45270
43192
43243
45271
43193
43244
45272
43194
43245
45273
43195
43246
45274
43196
43247
45275
43197
43248
45276
43198
43249
45277
43199
43250
45278
43200
43251
45279
43201
43252
45280
43202
43253
45281
43203
43254
45282
43204
43255
45283
43205
43256
45284
43206
43257
45285
43207
43258
45286
43208
43259
45287
43209
43260
45288
43210
43261
45289
43211
43262
45290
43263
45291
43213
43264
45292
43214
43265
45293
43215
43266
45294
43216
43267
45295
43217
43268
45296
43218
43269
45297
43219
43270
45298
43220
43271
45299
43221
43272
45300
43222
43273
45301
43223
43274
45302
43224
43275
45303
43225
43276
45304
43226
43277
45305
43227
43278
45306
43228
43279
45307
43229
43280
45308
43230
43281
45309
43231
43282
45310
43232
43283
45311
43233
43284
45312
43234
43285
45313
43235
43286
45314
43236
43287
45315
43237
43288
45316
43238
43289
45317
43239
43290
45318
43240
43291
45319
43241
43292
45320
43242
43293
45321
43243
43294
45322
43244
43295
45323
43245
43296
45324
43246
43297
45325
43247
43298
45326
43248
43299
45327
43249
43300
45328
43250
43301
45329
43251
43302
45330
43252
43303
45331
43253
43304
45332
43254
43305
45333
43255
43306
45334
43256
43307
45335
43257
43308
45336
43258
43309
45337
43259
43310
45338
43260
43311
45339
43261
43312
45340
43262
43313
45341
43263
43314
45342
43315
45343
43265
43316
45344
43266
43317
45345
43267
43318
45346
43268
43319
45347
43269
43320
45348
43270
43321
45349
43271
43322
45350
43272
43323
45351
43273
43324
45352
43274
43325
45353
43275
43326
45354
43276
43327
45355
43277
43328
45356
43278
43329
45357
43279
43330
45358
43280
43331
45359
43281
43332
45360
43282
43333
45361
43283
43334
45362
43284
43335
45363
43285
43336
45364
43286
43337
45365
43287
43338
45366
43288
43339
45367
43289
43340
45368
43290
43341
45369
43291
43342
45370
43292
43343
45371
43293
43344
45372
43294
43345
45373
43295
43346
45374
43296
43347
45375
43297
43348
45376
43298
43349
45377
43299
43350
45378
43300
43351
45379
43301
43352
45380
43302
43353
45381
43303
43354
45382
43304
43355
45383
43305
43356
45384
43306
43357
45385
43307
43358
45386
43308
43359
45387
43309
43360
45388
43310
43361
45389
43311
43362
45390
43312
43363
45391
43313
43364
45392
43314
43365
45393
43315
43366
45394
43367
45395
43317
43368
45396
43318
43369
45397
43319
43370
45398
43320
43371
45399
43321
43372
45400
43322
43373
45401
43323
43374
45402
43324
43375
45403
43325
43376
45404
43326
43377
45405
43327
43378
45406
43328
43379
45407
43329
43380
45408
43330
43381
45409
43331
43382
45410
43332
43383
45411
43333
43384
45412
43334
43385
45413
43335
43386
45414
43336
43387
45415
43337
43388
45416
43338
43389
45417
43339
43390
45418
43340
43391
45419
43341
43392
45420
43342
43393
45421
43343
43394
45422
43344
43395
45423
43345
43396
45424
43346
43397
45425
43347
43398
45426
43348
43399
45427
43349
43400
45428
43350
43401
45429
43351
43402
45430
43352
43403
45431
43353
43404
45432
43354
43405
45433
43355
43406
45434
43356
43407
45435
43357
43408
45436
43358
43409
45437
43359
43410
45438
43360
43411
45439
43361
43412
45440
43362
43413
45441
43363
43414
45442
43364
43415
45443
43365
43416
45444
43366
43417
45445
43367
43418
45446
43419
45447
43369
43420
45448
43370
43421
45449
43371
43422
45450
43372
43423
45451
43373
43424
45452
43374
43425
45453
43375
43426
45454
43376
43427
45455
43377
43428
45456
43378
43429
45457
43379
43430
45458
43380
43431
45459
43381
43432
45460
43382
43433
45461
43383
43434
45462
43384
43435
45463
43385
43436
45464
43386
43437
45465
43387
43438
45466
43388
43439
45467
43389
43440
45468
43390
43441
45469
43391
43442
45470
43392
43443
45471
43393
43444
45472
43394
43445
45473
43395
43446
45474
43396
43447
45475
43397
43448
45476
43398
43449
45477
43399
43450
45478
43400
43451
45479
43401
43452
45480
43402
43453
45481
43403
43454
45482
43404
43455
45483
43405
43456
45484
43406
43457
45485
43407
43458
45486
43408
43459
45487
43409
43460
45488
43410
43461
45489
43411
43462
45490
43412
43463
45491
43413
43464
45492
43414
43465
45493
43415
43466
45494
43416
43467
45495
43417
43468
45496
43418
43469
45497
43419
43470
45498
43471
45499
43421
43472
45500
43422
43473
45501
43423
43474
45502
43424
43475
45503
43425
43476
45504
43426
43477
45505
43427
43478
45506
43428
43479
45507
43429
43480
45508
43430
43481
45509
43431
43482
45510
43432
43483
45511
43433
43484
45512
43434
43485
45513
43435
43486
45514
43436
43487
45515
43437
43488
45516
43438
43489
45517
43439
43490
45518
43440
43491
45519
43441
43492
45520
43442
43493
45521
43443
43494
45522
43444
43495
45523
43445
43496
45524
43446
43497
45525
43447
43498
45526
43448
43499
45527
43449
43500
45528
43450
43501
45529
43451
43502
45530
43452
43503
45531
43453
43504
45532
43454
43505
45533
43455
43506
45534
43456
43507
45535
43457
43508
45536
43458
43509
45537
43459
43510
45538
43460
43511
45539
43461
43512
45540
43462
43513
45541
43463
43514
45542
43464
43515
45543
43465
43516
45544
43466
43517
45545
43467
43518
45546
43468
43519
45547
43469
43520
45548
43470
43521
45549
43471
43522
45550
43523
45551
43473
43524
45552
43474
43525
45553
43475
43526
45554
43476
43527
45555
43477
43528
45556
43478
43529
45557
43479
43530
45558
43480
43531
45559
43481
43532
45560
43482
43533
45561
43483
43534
45562
43484
43535
45563
43485
43536
45564
43486
43537
45565
43487
43538
45566
43488
43539
45567
43489
43540
45568
43490
43541
45569
43491
43542
45570
43492
43543
45571
43493
43544
45572
43494
43545
45573
43495
43546
45574
43496
43547
45575
43497
43548
45576
43498
43549
45577
43499
43550
45578
43500
43551
45579
43501
43552
45580
43502
43553
45581
43503
43554
45582
43504
43555
45583
43505
43556
45584
43506
43557
45585
43507
43558
45586
43508
43559
45587
43509
43560
45588
43510
43561
45589
43511
43562
45590
43512
43563
45591
43513
43564
45592
43514
43565
45593
43515
43566
45594
43516
43567
45595
43517
43568
45596
43518
43569
45597
43519
43570
45598
43520
43571
45599
43521
43572
45600
43522
43573
45601
43523
43574
45602
43575
45603
43525
43576
45604
43526
43577
45605
43527
43578
45606
43528
43579
45607
43529
43580
45608
43530
43581
45609
43531
43582
45610
43532
43583
45611
43533
43584
45612
43534
43585
45613
43535
43586
45614
43536
43587
45615
43537
43588
45616
43538
43589
45617
43539
43590
45618
43540
43591
45619
43541
43592
45620
43542
43593
45621
43543
43594
45622
43544
43595
45623
43545
43596
45624
43546
43597
45625
43547
43598
45626
43548
43599
45627
43549
43600
45628
43550
43601
45629
43551
43602
45630
43552
43603
45631
43553
43604
45632
43554
43605
45633
43555
43606
45634
43556
43607
45635
43557
43608
45636
43558
43609
45637
43559
43610
45638
43560
43611
45639
43561
43612
45640
43562
43613
45641
43563
43614
45642
43564
43615
45643
43565
43616
45644
43566
43617
45645
43567
43618
45646
43568
43619
45647
43569
43620
45648
43570
43621
45649
43571
43622
45650
43572
43623
45651
43573
43624
45652
43574
43625
45653
43575
43626
45654
43627
45655
43577
43628
45656
43578
43629
45657
43579
43630
45658
43580
43631
45659
43581
43632
45660
43582
43633
45661
43583
43634
45662
43584
43635
45663
43585
43636
45664
43586
43637
45665
43587
43638
45666
43588
43639
45667
43589
43640
45668
43590
43641
45669
43591
43642
45670
43592
43643
45671
43593
43644
45672
43594
43645
45673
43595
43646
45674
43596
43647
45675
43597
43648
45676
43598
43649
45677
43599
43650
45678
43600
43651
45679
43601
43652
45680
43602
43653
45681
43603
43654
45682
43604
43655
45683
43605
43656
45684
43606
43657
45685
43607
43658
45686
43608
43659
45687
43609
43660
45688
43610
43661
45689
43611
43662
45690
43612
43663
45691
43613
43664
45692
43614
43665
45693
43615
43666
45694
43616
43667
45695
43617
43668
45696
43618
43669
45697
43619
43670
45698
43620
43671
45699
43621
43672
45700
43622
43673
45701
43623
43674
45702
43624
43675
45703
43625
43676
45704
43626
43677
45705
43627
43678
45706
43679
45707
43629
45708
43630
45709
43631
45710
43632
45711
43633
45712
43634
45713
43635
45714
43636
45715
43637
45716
43638
45717
43639
45718
43640
45719
43641
45720
43642
45721
43643
45722
43644
45723
43645
45724
43646
45725
43647
45726
43648
45727
43649
45728
43650
45729
43651
45730
43652
45731
43653
45732
43654
45733
43655
45734
43656
45735
43657
45736
43658
45737
43659
45738
43660
45739
43661
45740
43662
45741
43663
45742
43664
45743
43665
45744
43666
45745
43667
45746
43668
45747
43669
45748
43670
45749
43671
45750
43672
45751
43673
45752
43674
45753
43675
45754
43676
45755
43677
45756
43678
45757
43679
45758
45759
43681
43732
45760
43682
43733
45761
43683
43734
45762
43684
43735
45763
43685
43736
45764
43686
43737
45765
43687
43738
45766
43688
43739
45767
43689
43740
45768
43690
43741
45769
43691
43742
45770
43692
43743
45771
43693
43744
45772
43694
43745
45773
43695
43746
45774
43696
43747
45775
43697
43748
45776
43698
43749
45777
43699
43750
45778
43700
43751
45779
43701
43752
45780
43702
43753
45781
43703
43754
45782
43704
43755
45783
43705
43756
45784
43706
43757
45785
43707
43758
45786
43708
43759
45787
43709
43760
45788
43710
43761
45789
43711
43762
45790
43712
43763
45791
43713
43764
45792
43714
43765
45793
43715
43766
45794
43716
43767
45795
43717
43768
45796
43718
43769
45797
43719
43770
45798
43720
43771
45799
43721
43772
45800
43722
43773
45801
43723
43774
45802
43724
43775
45803
43725
43776
45804
43726
43777
45805
43727
43778
45806
43728
43779
45807
43729
43780
45808
43730
43781
45809
43731
43782
45810
43783
45811
43733
43784
45812
43734
43785
45813
43735
43786
45814
43736
43787
45815
43737
43788
45816
43738
43789
45817
43739
43790
45818
43740
43791
45819
43741
43792
45820
43742
43793
45821
43743
43794
45822
43744
43795
45823
43745
43796
45824
43746
43797
45825
43747
43798
45826
43748
43799
45827
43749
43800
45828
43750
43801
45829
43751
43802
45830
43752
43803
45831
43753
43804
45832
43754
43805
45833
43755
43806
45834
43756
43807
45835
43757
43808
45836
43758
43809
45837
43759
43810
45838
43760
43811
45839
43761
43812
45840
43762
43813
45841
43763
43814
45842
43764
43815
45843
43765
43816
45844
43766
43817
45845
43767
43818
45846
43768
43819
45847
43769
43820
45848
43770
43821
45849
43771
43822
45850
43772
43823
45851
43773
43824
45852
43774
43825
45853
43775
43826
45854
43776
43827
45855
43777
43828
45856
43778
43829
45857
43779
43830
45858
43780
43831
45859
43781
43832
45860
43782
43833
45861
43783
43834
45862
43835
45863
43785
43836
45864
43786
43837
45865
43787
43838
45866
43788
43839
45867
43789
43840
45868
43790
43841
45869
43791
43842
45870
43792
43843
45871
43793
43844
45872
43794
43845
45873
43795
43846
45874
43796
43847
45875
43797
43848
45876
43798
43849
45877
43799
43850
45878
43800
43851
45879
43801
43852
45880
43802
43853
45881
43803
43854
45882
43804
43855
45883
43805
43856
45884
43806
43857
45885
43807
43858
45886
43808
43859
45887
43809
43860
45888
43810
43861
45889
43811
43862
45890
43812
43863
45891
43813
43864
45892
43814
43865
45893
43815
43866
45894
43816
43867
45895
43817
43868
45896
43818
43869
45897
43819
43870
45898
43820
43871
45899
43821
43872
45900
43822
43873
45901
43823
43874
45902
43824
43875
45903
43825
43876
45904
43826
43877
45905
43827
43878
45906
43828
43879
45907
43829
43880
45908
43830
43881
45909
43831
43882
45910
43832
43883
45911
43833
43884
45912
43834
43885
45913
43835
43886
45914
43887
45915
43837
43888
45916
43838
43889
45917
43839
43890
45918
43840
43891
45919
43841
43892
45920
43842
43893
45921
43843
43894
45922
43844
43895
45923
43845
43896
45924
43846
43897
45925
43847
43898
45926
43848
43899
45927
43849
43900
45928
43850
43901
45929
43851
43902
45930
43852
43903
45931
43853
43904
45932
43854
43905
45933
43855
43906
45934
43856
43907
45935
43857
43908
45936
43858
43909
45937
43859
43910
45938
43860
43911
45939
43861
43912
45940
43862
43913
45941
43863
43914
45942
43864
43915
45943
43865
43916
45944
43866
43917
45945
43867
43918
45946
43868
43919
45947
43869
43920
45948
43870
43921
45949
43871
43922
45950
43872
43923
45951
43873
43924
45952
43874
43925
45953
43875
43926
45954
43876
43927
45955
43877
43928
45956
43878
43929
45957
43879
43930
45958
43880
43931
45959
43881
43932
45960
43882
43933
45961
43883
43934
45962
43884
43935
45963
43885
43936
45964
43886
43937
45965
43887
43938
45966
43939
45967
43889
43940
45968
43890
43941
45969
43891
43942
45970
43892
43943
45971
43893
43944
45972
43894
43945
45973
43895
43946
45974
43896
43947
45975
43897
43948
45976
43898
43949
45977
43899
43950
45978
43900
43951
45979
43901
43952
45980
43902
43953
45981
43903
43954
45982
43904
43955
45983
43905
43956
45984
43906
43957
45985
43907
43958
45986
43908
43959
45987
43909
43960
45988
43910
43961
45989
43911
43962
45990
43912
43963
45991
43913
43964
45992
43914
43965
45993
43915
43966
45994
43916
43967
45995
43917
43968
45996
43918
43969
45997
43919
43970
45998
43920
43971
45999
43921
43972
46000
43922
43973
46001
43923
43974
46002
43924
43975
46003
43925
43976
46004
43926
43977
46005
43927
43978
46006
43928
43979
46007
43929
43980
46008
43930
43981
46009
43931
43982
46010
43932
43983
46011
43933
43984
46012
43934
43985
46013
43935
43986
46014
43936
43987
46015
43937
43988
46016
43938
43989
46017
43939
43990
46018
43991
46019
43941
43992
46020
43942
43993
46021
43943
43994
46022
43944
43995
46023
43945
43996
46024
43946
43997
46025
43947
43998
46026
43948
43999
46027
43949
44000
46028
43950
44001
46029
43951
44002
46030
43952
44003
46031
43953
44004
46032
43954
44005
46033
43955
44006
46034
43956
44007
46035
43957
44008
46036
43958
44009
46037
43959
44010
46038
43960
44011
46039
43961
44012
46040
43962
44013
46041
43963
44014
46042
43964
44015
46043
43965
44016
46044
43966
44017
46045
43967
44018
46046
43968
44019
46047
43969
44020
46048
43970
44021
46049
43971
44022
46050
43972
44023
46051
43973
44024
46052
43974
44025
46053
43975
44026
46054
43976
44027
46055
43977
44028
46056
43978
44029
46057
43979
44030
46058
43980
44031
46059
43981
44032
46060
43982
44033
46061
43983
44034
46062
43984
44035
46063
43985
44036
46064
43986
44037
46065
43987
44038
46066
43988
44039
46067
43989
44040
46068
43990
44041
46069
43991
44042
46070
44043
46071
43993
44044
46072
43994
44045
46073
43995
44046
46074
43996
44047
46075
43997
44048
46076
43998
44049
46077
43999
44050
46078
44000
44051
46079
44001
44052
46080
44002
44053
46081
44003
44054
46082
44004
44055
46083
44005
44056
46084
44006
44057
46085
44007
44058
46086
44008
44059
46087
44009
44060
46088
44010
44061
46089
44011
44062
46090
44012
44063
46091
44013
44064
46092
44014
44065
46093
44015
44066
46094
44016
44067
46095
44017
44068
46096
44018
44069
46097
44019
44070
46098
44020
44071
46099
44021
44072
46100
44022
44073
46101
44023
44074
46102
44024
44075
46103
44025
44076
46104
44026
44077
46105
44027
44078
46106
44028
44079
46107
44029
44080
46108
44030
44081
46109
44031
44082
46110
44032
44083
46111
44033
44084
46112
44034
44085
46113
44035
44086
46114
44036
44087
46115
44037
44088
46116
44038
44089
46117
44039
44090
46118
44040
44091
46119
44041
44092
46120
44042
44093
46121
44043
44094
46122
44095
46123
44045
44096
46124
44046
44097
46125
44047
44098
46126
44048
44099
46127
44049
44100
46128
44050
44101
46129
44051
44102
46130
44052
44103
46131
44053
44104
46132
44054
44105
46133
44055
44106
46134
44056
44107
46135
44057
44108
46136
44058
44109
46137
44059
44110
46138
44060
44111
46139
44061
44112
46140
44062
44113
46141
44063
44114
46142
44064
44115
46143
44065
44116
46144
44066
44117
46145
44067
44118
46146
44068
44119
46147
44069
44120
46148
44070
44121
46149
44071
44122
46150
44072
44123
46151
44073
44124
46152
44074
44125
46153
44075
44126
46154
44076
44127
46155
44077
44128
46156
44078
44129
46157
44079
44130
46158
44080
44131
46159
44081
44132
46160
44082
44133
46161
44083
44134
46162
44084
44135
46163
44085
44136
46164
44086
44137
46165
44087
44138
46166
44088
44139
46167
44089
44140
46168
44090
44141
46169
44091
44142
46170
44092
44143
46171
44093
44144
46172
44094
44145
46173
44095
44146
46174
44147
46175
44097
44148
46176
44098
44149
46177
44099
44150
46178
44100
44151
46179
44101
44152
46180
44102
44153
46181
44103
44154
46182
44104
44155
46183
44105
44156
46184
44106
44157
46185
44107
44158
46186
44108
44159
46187
44109
44160
46188
44110
44161
46189
44111
44162
46190
44112
44163
46191
44113
44164
46192
44114
44165
46193
44115
44166
46194
44116
44167
46195
44117
44168
46196
44118
44169
46197
44119
44170
46198
44120
44171
46199
44121
44172
46200
44122
44173
46201
44123
44174
46202
44124
44175
46203
44125
44176
46204
44126
44177
46205
44127
44178
46206
44128
44179
46207
44129
44180
46208
44130
44181
46209
44131
44182
46210
44132
44183
46211
44133
44184
46212
44134
44185
46213
44135
44186
46214
44136
44187
46215
44137
44188
46216
44138
44189
46217
44139
44190
46218
44140
44191
46219
44141
44192
46220
44142
44193
46221
44143
44194
46222
44144
44195
46223
44145
44196
46224
44146
44197
46225
44147
44198
46226
44199
46227
44149
44200
46228
44150
44201
46229
44151
44202
46230
44152
44203
46231
44153
44204
46232
44154
44205
46233
44155
44206
46234
44156
44207
46235
44157
44208
46236
44158
44209
46237
44159
44210
46238
44160
44211
46239
44161
44212
46240
44162
44213
46241
44163
44214
46242
44164
44215
46243
44165
44216
46244
44166
44217
46245
44167
44218
46246
44168
44219
46247
44169
44220
46248
44170
44221
46249
44171
44222
46250
44172
44223
46251
44173
44224
46252
44174
44225
46253
44175
44226
46254
44176
44227
46255
44177
44228
46256
44178
44229
46257
44179
44230
46258
44180
44231
46259
44181
44232
46260
44182
44233
46261
44183
44234
46262
44184
44235
46263
44185
44236
46264
44186
44237
46265
44187
44238
46266
44188
44239
46267
44189
44240
46268
44190
44241
46269
44191
44242
46270
44192
44243
46271
44193
44244
46272
44194
44245
46273
44195
44246
46274
44196
44247
46275
44197
44248
46276
44198
44249
46277
44199
44250
46278
44251
46279
44201
44252
46280
44202
44253
46281
44203
44254
46282
44204
44255
46283
44205
44256
46284
44206
44257
46285
44207
44258
46286
44208
44259
46287
44209
44260
46288
44210
44261
46289
44211
44262
46290
44212
44263
46291
44213
44264
46292
44214
44265
46293
44215
44266
46294
44216
44267
46295
44217
44268
46296
44218
44269
46297
44219
44270
46298
44220
44271
46299
44221
44272
46300
44222
44273
46301
44223
44274
46302
44224
44275
46303
44225
44276
46304
44226
44277
46305
44227
44278
46306
44228
44279
46307
44229
44280
46308
44230
44281
46309
44231
44282
46310
44232
44283
46311
44233
44284
46312
44234
44285
46313
44235
44286
46314
44236
44287
46315
44237
44288
46316
44238
44289
46317
44239
44290
46318
44240
44291
46319
44241
44292
46320
44242
44293
46321
44243
44294
46322
44244
44295
46323
44245
44296
46324
44246
44297
46325
44247
44298
46326
44248
44299
46327
44249
44300
46328
44250
44301
46329
44251
44302
46330
44303
46331
44253
44304
46332
44254
44305
46333
44255
44306
46334
44256
44307
46335
44257
44308
46336
44258
44309
46337
44259
44310
46338
44260
44311
46339
44261
44312
46340
44262
44313
46341
44263
44314
46342
44264
44315
46343
44265
44316
46344
44266
44317
46345
44267
44318
46346
44268
44319
46347
44269
44320
46348
44270
44321
46349
44271
44322
46350
44272
44323
46351
44273
44324
46352
44274
44325
46353
44275
44326
46354
44276
44327
46355
44277
44328
46356
44278
44329
46357
44279
44330
46358
44280
44331
46359
44281
44332
46360
44282
44333
46361
44283
44334
46362
44284
44335
46363
44285
44336
46364
44286
44337
46365
44287
44338
46366
44288
44339
46367
44289
44340
46368
44290
44341
46369
44291
44342
46370
44292
44343
46371
44293
44344
46372
44294
44345
46373
44295
44346
46374
44296
44347
46375
44297
44348
46376
44298
44349
46377
44299
44350
46378
44300
44351
46379
44301
44352
46380
44302
44353
46381
44303
44354
46382
44355
46383
44305
44356
46384
44306
44357
46385
44307
44358
46386
44308
44359
46387
44309
44360
46388
44310
44361
46389
44311
44362
46390
44312
44363
46391
44313
44364
46392
44314
44365
46393
44315
44366
46394
44316
44367
46395
44317
44368
46396
44318
44369
46397
44319
44370
46398
44320
44371
46399
44321
44372
46400
44322
44373
46401
44323
44374
46402
44324
44375
46403
44325
44376
46404
44326
44377
46405
44327
44378
46406
44328
44379
46407
44329
44380
46408
44330
44381
46409
44331
44382
46410
44332
44383
46411
44333
44384
46412
44334
44385
46413
44335
44386
46414
44336
44387
46415
44337
44388
46416
44338
44389
46417
44339
44390
46418
44340
44391
46419
44341
44392
46420
44342
44393
46421
44343
44394
46422
44344
44395
46423
44345
44396
46424
44346
44397
46425
44347
44398
46426
44348
44399
46427
44349
44400
46428
44350
44401
46429
44351
44402
46430
44352
44403
46431
44353
44404
46432
44354
44405
46433
44355
44406
46434
44407
46435
44357
44408
46436
44358
44409
46437
44359
44410
46438
44360
44411
46439
44361
44412
46440
44362
44413
46441
44363
44414
46442
44364
44415
46443
44365
44416
46444
44366
44417
46445
44367
44418
46446
44368
44419
46447
44369
44420
46448
44370
44421
46449
44371
44422
46450
44372
44423
46451
44373
44424
46452
44374
44425
46453
44375
44426
46454
44376
44427
46455
44377
44428
46456
44378
44429
46457
44379
44430
46458
44380
44431
46459
44381
44432
46460
44382
44433
46461
44383
44434
46462
44384
44435
46463
44385
44436
46464
44386
44437
46465
44387
44438
46466
44388
44439
46467
44389
44440
46468
44390
44441
46469
44391
44442
46470
44392
44443
46471
44393
44444
46472
44394
44445
46473
44395
44446
46474
44396
44447
46475
44397
44448
46476
44398
44449
46477
44399
44450
46478
44400
44451
46479
44401
44452
46480
44402
44453
46481
44403
44454
46482
44404
44455
46483
44405
44456
46484
44406
44457
46485
44407
44458
46486
44459
46487
44409
44460
46488
44410
44461
46489
44411
44462
46490
44412
44463
46491
44413
44464
46492
44414
44465
46493
44415
44466
46494
44416
44467
46495
44417
44468
46496
44418
44469
46497
44419
44470
46498
44420
44471
46499
44421
44472
46500
44422
44473
46501
44423
44474
46502
44424
44475
46503
44425
44476
46504
44426
44477
46505
44427
44478
46506
44428
44479
46507
44429
44480
46508
44430
44481
46509
44431
44482
46510
44432
44483
46511
44433
44484
46512
44434
44485
46513
44435
44486
46514
44436
44487
46515
44437
44488
46516
44438
44489
46517
44439
44490
46518
44440
44491
46519
44441
44492
46520
44442
44493
46521
44443
44494
46522
44444
44495
46523
44445
44496
46524
44446
44497
46525
44447
44498
46526
44448
44499
46527
44449
44500
46528
44450
44501
46529
44451
44502
46530
44452
44503
46531
44453
44504
46532
44454
44505
46533
44455
44506
46534
44456
44507
46535
44457
44508
46536
44458
44509
46537
44459
44510
46538
44511
46539
44461
44512
46540
44462
44513
46541
44463
44514
46542
44464
44515
46543
44465
44516
46544
44466
44517
46545
44467
44518
46546
44468
44519
46547
44469
44520
46548
44470
44521
46549
44471
44522
46550
44472
44523
46551
44473
44524
46552
44474
44525
46553
44475
44526
46554
44476
44527
46555
44477
44528
46556
44478
44529
46557
44479
44530
46558
44480
44531
46559
44481
44532
46560
44482
44533
46561
44483
44534
46562
44484
44535
46563
44485
44536
46564
44486
44537
46565
44487
44538
46566
44488
44539
46567
44489
44540
46568
44490
44541
46569
44491
44542
46570
44492
44543
46571
44493
44544
46572
44494
44545
46573
44495
44546
46574
44496
44547
46575
44497
44548
46576
44498
44549
46577
44499
44550
46578
44500
44551
46579
44501
44552
46580
44502
44553
46581
44503
44554
46582
44504
44555
46583
44505
44556
46584
44506
44557
46585
44507
44558
46586
44508
44559
46587
44509
44560
46588
44510
44561
46589
44511
44562
46590
44563
46591
44513
44564
46592
44514
44565
46593
44515
44566
46594
44516
44567
46595
44517
44568
46596
44518
44569
46597
44519
44570
46598
44520
44571
46599
44521
44572
46600
44522
44573
46601
44523
44574
46602
44524
44575
46603
44525
44576
46604
44526
44577
46605
44527
44578
46606
44528
44579
46607
44529
44580
46608
44530
44581
46609
44531
44582
46610
44532
44583
46611
44533
44584
46612
44534
44585
46613
44535
44586
46614
44536
44587
46615
44537
44588
46616
44538
44589
46617
44539
44590
46618
44540
44591
46619
44541
44592
46620
44542
44593
46621
44543
44594
46622
44544
44595
46623
44545
44596
46624
44546
44597
46625
44547
44598
46626
44548
44599
46627
44549
44600
46628
44550
44601
46629
44551
44602
46630
44552
44603
46631
44553
44604
46632
44554
44605
46633
44555
44606
46634
44556
44607
46635
44557
44608
46636
44558
44609
46637
44559
44610
46638
44560
44611
46639
44561
44612
46640
44562
44613
46641
44563
44614
46642
44615
46643
44565
44616
46644
44566
44617
46645
44567
44618
46646
44568
44619
46647
44569
44620
46648
44570
44621
46649
44571
44622
46650
44572
44623
46651
44573
44624
46652
44574
44625
46653
44575
44626
46654
44576
44627
46655
44577
44628
46656
44578
44629
46657
44579
44630
46658
44580
44631
46659
44581
44632
46660
44582
44633
46661
44583
44634
46662
44584
44635
46663
44585
44636
46664
44586
44637
46665
44587
44638
46666
44588
44639
46667
44589
44640
46668
44590
44641
46669
44591
44642
46670
44592
44643
46671
44593
44644
46672
44594
44645
46673
44595
44646
46674
44596
44647
46675
44597
44648
46676
44598
44649
46677
44599
44650
46678
44600
44651
46679
44601
44652
46680
44602
44653
46681
44603
44654
46682
44604
44655
46683
44605
44656
46684
44606
44657
46685
44607
44658
46686
44608
44659
46687
44609
44660
46688
44610
44661
46689
44611
44662
46690
44612
44663
46691
44613
44664
46692
44614
44665
46693
44615
44666
46694
44667
46695
44617
44668
46696
44618
44669
46697
44619
44670
46698
44620
44671
46699
44621
44672
46700
44622
44673
46701
44623
44674
46702
44624
44675
46703
44625
44676
46704
44626
44677
46705
44627
44678
46706
44628
44679
46707
44629
44680
46708
44630
44681
46709
44631
44682
46710
44632
44683
46711
44633
44684
46712
44634
44685
46713
44635
44686
46714
44636
44687
46715
44637
44688
46716
44638
44689
46717
44639
44690
46718
44640
44691
46719
44641
44692
46720
44642
44693
46721
44643
44694
46722
44644
44695
46723
44645
44696
46724
44646
44697
46725
44647
44698
46726
44648
44699
46727
44649
44700
46728
44650
44701
46729
44651
44702
46730
44652
44703
46731
44653
44704
46732
44654
44705
46733
44655
44706
46734
44656
44707
46735
44657
44708
46736
44658
44709
46737
44659
44710
46738
44660
44711
46739
44661
44712
46740
44662
44713
46741
44663
44714
46742
44664
44715
46743
44665
44716
46744
44666
44717
46745
44667
44718
46746
44719
46747
44669
44720
46748
44670
44721
46749
44671
44722
46750
44672
44723
46751
44673
44724
46752
44674
44725
46753
44675
44726
46754
44676
44727
46755
44677
44728
46756
44678
44729
46757
44679
44730
46758
44680
44731
46759
44681
44732
46760
44682
44733
46761
44683
44734
46762
44684
44735
46763
44685
44736
46764
44686
44737
46765
44687
44738
46766
44688
44739
46767
44689
44740
46768
44690
44741
46769
44691
44742
46770
44692
44743
46771
44693
44744
46772
44694
44745
46773
44695
44746
46774
44696
44747
46775
44697
44748
46776
44698
44749
46777
44699
44750
46778
44700
44751
46779
44701
44752
46780
44702
44753
46781
44703
44754
46782
44704
44755
46783
44705
44756
46784
44706
44757
46785
44707
44758
46786
44708
44759
46787
44709
44760
46788
44710
44761
46789
44711
44762
46790
44712
44763
46791
44713
44764
46792
44714
44765
46793
44715
44766
46794
44716
44767
46795
44717
44768
46796
44718
44769
46797
44719
44770
46798
44771
46799
44721
44772
46800
44722
44773
46801
44723
44774
46802
44724
44775
46803
44725
44776
46804
44726
44777
46805
44727
44778
46806
44728
44779
46807
44729
44780
46808
44730
44781
46809
44731
44782
46810
44732
44783
46811
44733
44784
46812
44734
44785
46813
44735
44786
46814
44736
44787
46815
44737
44788
46816
44738
44789
46817
44739
44790
46818
44740
44791
46819
44741
44792
46820
44742
44793
46821
44743
44794
46822
44744
44795
46823
44745
44796
46824
44746
44797
46825
44747
44798
46826
44748
44799
46827
44749
44800
46828
44750
44801
46829
44751
44802
46830
44752
44803
46831
44753
44804
46832
44754
44805
46833
44755
44806
46834
44756
44807
46835
44757
44808
46836
44758
44809
46837
44759
44810
46838
44760
44811
46839
44761
44812
46840
44762
44813
46841
44763
44814
46842
44764
44815
46843
44765
44816
46844
44766
44817
46845
44767
44818
46846
44768
44819
46847
44769
44820
46848
44770
44821
46849
44771
44822
46850
44823
46851
44773
44824
46852
44774
44825
46853
44775
44826
46854
44776
44827
46855
44777
44828
46856
44778
44829
46857
44779
44830
46858
44780
44831
46859
44781
44832
46860
44782
44833
46861
44783
44834
46862
44784
44835
46863
44785
44836
46864
44786
44837
46865
44787
44838
46866
44788
44839
46867
44789
44840
46868
44790
44841
46869
44791
44842
46870
44792
44843
46871
44793
44844
46872
44794
44845
46873
44795
44846
46874
44796
44847
46875
44797
44848
46876
44798
44849
46877
44799
44850
46878
44800
44851
46879
44801
44852
46880
44802
44853
46881
44803
44854
46882
44804
44855
46883
44805
44856
46884
44806
44857
46885
44807
44858
46886
44808
44859
46887
44809
44860
46888
44810
44861
46889
44811
44862
46890
44812
44863
46891
44813
44864
46892
44814
44865
46893
44815
44866
46894
44816
44867
46895
44817
44868
46896
44818
44869
46897
44819
44870
46898
44820
44871
46899
44821
44872
46900
44822
44873
46901
44823
44874
46902
44875
46903
44825
44876
46904
44826
44877
46905
44827
44878
46906
44828
44879
46907
44829
44880
46908
44830
44881
46909
44831
44882
46910
44832
44883
46911
44833
44884
46912
44834
44885
46913
44835
44886
46914
44836
44887
46915
44837
44888
46916
44838
44889
46917
44839
44890
46918
44840
44891
46919
44841
44892
46920
44842
44893
46921
44843
44894
46922
44844
44895
46923
44845
44896
46924
44846
44897
46925
44847
44898
46926
44848
44899
46927
44849
44900
46928
44850
44901
46929
44851
44902
46930
44852
44903
46931
44853
44904
46932
44854
44905
46933
44855
44906
46934
44856
44907
46935
44857
44908
46936
44858
44909
46937
44859
44910
46938
44860
44911
46939
44861
44912
46940
44862
44913
46941
44863
44914
46942
44864
44915
46943
44865
44916
46944
44866
44917
46945
44867
44918
46946
44868
44919
46947
44869
44920
46948
44870
44921
46949
44871
44922
46950
44872
44923
46951
44873
44924
46952
44874
44925
46953
44875
44926
46954
44927
46955
44877
44928
46956
44878
44929
46957
44879
44930
46958
44880
44931
46959
44881
44932
46960
44882
44933
46961
44883
44934
46962
44884
44935
46963
44885
44936
46964
44886
44937
46965
44887
44938
46966
44888
44939
46967
44889
44940
46968
44890
44941
46969
44891
44942
46970
44892
44943
46971
44893
44944
46972
44894
44945
46973
44895
44946
46974
44896
44947
46975
44897
44948
46976
44898
44949
46977
44899
44950
46978
44900
44951
46979
44901
44952
46980
44902
44953
46981
44903
44954
46982
44904
44955
46983
44905
44956
46984
44906
44957
46985
44907
44958
46986
44908
44959
46987
44909
44960
46988
44910
44961
46989
44911
44962
46990
44912
44963
46991
44913
44964
46992
44914
44965
46993
44915
44966
46994
44916
44967
46995
44917
44968
46996
44918
44969
46997
44919
44970
46998
44920
44971
46999
44921
44972
47000
44922
44973
47001
44923
44974
47002
44924
44975
47003
44925
44976
47004
44926
44977
47005
44927
44978
47006
44979
47007
44929
44980
47008
44930
44981
47009
44931
44982
47010
44932
44983
47011
44933
44984
47012
44934
44985
47013
44935
44986
47014
44936
44987
47015
44937
44988
47016
44938
44989
47017
44939
44990
47018
44940
44991
47019
44941
44992
47020
44942
44993
47021
44943
44994
47022
44944
44995
47023
44945
44996
47024
44946
44997
47025
44947
44998
47026
44948
44999
47027
44949
45000
47028
44950
45001
47029
44951
45002
47030
44952
45003
47031
44953
45004
47032
44954
45005
47033
44955
45006
47034
44956
45007
47035
44957
45008
47036
44958
45009
47037
44959
45010
47038
44960
45011
47039
44961
45012
47040
44962
45013
47041
44963
45014
47042
44964
45015
47043
44965
45016
47044
44966
45017
47045
44967
45018
47046
44968
45019
47047
44969
45020
47048
44970
45021
47049
44971
45022
47050
44972
45023
47051
44973
45024
47052
44974
45025
47053
44975
45026
47054
44976
45027
47055
44977
45028
47056
44978
45029
47057
44979
45030
47058
45031
47059
44981
45032
47060
44982
45033
47061
44983
45034
47062
44984
45035
47063
44985
45036
47064
44986
45037
47065
44987
45038
47066
44988
45039
47067
44989
45040
47068
44990
45041
47069
44991
45042
47070
44992
45043
47071
44993
45044
47072
44994
45045
47073
44995
45046
47074
44996
45047
47075
44997
45048
47076
44998
45049
47077
44999
45050
47078
45000
45051
47079
45001
45052
47080
45002
45053
47081
45003
45054
47082
45004
45055
47083
45005
45056
47084
45006
45057
47085
45007
45058
47086
45008
45059
47087
45009
45060
47088
45010
45061
47089
45011
45062
47090
45012
45063
47091
45013
45064
47092
45014
45065
47093
45015
45066
47094
45016
45067
47095
45017
45068
47096
45018
45069
47097
45019
45070
47098
45020
45071
47099
45021
45072
47100
45022
45073
47101
45023
45074
47102
45024
45075
47103
45025
45076
47104
45026
45077
47105
45027
45078
47106
45028
45079
47107
45029
45080
47108
45030
45081
47109
45031
45082
47110
45083
47111
45033
45084
47112
45034
45085
47113
45035
45086
47114
45036
45087
47115
45037
45088
47116
45038
45089
47117
45039
45090
47118
45040
45091
47119
45041
45092
47120
45042
45093
47121
45043
45094
47122
45044
45095
47123
45045
45096
47124
45046
45097
47125
45047
45098
47126
45048
45099
47127
45049
45100
47128
45050
45101
47129
45051
45102
47130
45052
45103
47131
45053
45104
47132
45054
45105
47133
45055
45106
47134
45056
45107
47135
45057
45108
47136
45058
45109
47137
45059
45110
47138
45060
45111
47139
45061
45112
47140
45062
45113
47141
45063
45114
47142
45064
45115
47143
45065
45116
47144
45066
45117
47145
45067
45118
47146
45068
45119
47147
45069
45120
47148
45070
45121
47149
45071
45122
47150
45072
45123
47151
45073
45124
47152
45074
45125
47153
45075
45126
47154
45076
45127
47155
45077
45128
47156
45078
45129
47157
45079
45130
47158
45080
45131
47159
45081
45132
47160
45082
45133
47161
45083
45134
47162
45135
47163
45085
45136
47164
45086
45137
47165
45087
45138
47166
45088
45139
47167
45089
45140
47168
45090
45141
47169
45091
45142
47170
45092
45143
47171
45093
45144
47172
45094
45145
47173
45095
45146
47174
45096
45147
47175
45097
45148
47176
45098
45149
47177
45099
45150
47178
45100
45151
47179
45101
45152
47180
45102
45153
47181
45103
45154
47182
45104
45155
47183
45105
45156
47184
45106
45157
47185
45107
45158
47186
45108
45159
47187
45109
45160
47188
45110
45161
47189
45111
45162
47190
45112
45163
47191
45113
45164
47192
45114
45165
47193
45115
45166
47194
45116
45167
47195
45117
45168
47196
45118
45169
47197
45119
45170
47198
45120
45171
47199
45121
45172
47200
45122
45173
47201
45123
45174
47202
45124
45175
47203
45125
45176
47204
45126
45177
47205
45127
45178
47206
45128
45179
47207
45129
45180
47208
45130
45181
47209
45131
45182
47210
45132
45183
47211
45133
45184
47212
45134
45185
47213
45135
45186
47214
45187
47215
45137
45188
47216
45138
45189
47217
45139
45190
47218
45140
45191
47219
45141
45192
47220
45142
45193
47221
45143
45194
47222
45144
45195
47223
45145
45196
47224
45146
45197
47225
45147
45198
47226
45148
45199
47227
45149
45200
47228
45150
45201
47229
45151
45202
47230
45152
45203
47231
45153
45204
47232
45154
45205
47233
45155
45206
47234
45156
45207
47235
45157
45208
47236
45158
45209
47237
45159
45210
47238
45160
45211
47239
45161
45212
47240
45162
45213
47241
45163
45214
47242
45164
45215
47243
45165
45216
47244
45166
45217
47245
45167
45218
47246
45168
45219
47247
45169
45220
47248
45170
45221
47249
45171
45222
47250
45172
45223
47251
45173
45224
47252
45174
45225
47253
45175
45226
47254
45176
45227
47255
45177
45228
47256
45178
45229
47257
45179
45230
47258
45180
45231
47259
45181
45232
47260
45182
45233
47261
45183
45234
47262
45184
45235
47263
45185
45236
47264
45186
45237
47265
45187
45238
47266
45239
47267
45189
45240
47268
45190
45241
47269
45191
45242
47270
45192
45243
47271
45193
45244
47272
45194
45245
47273
45195
45246
47274
45196
45247
47275
45197
45248
47276
45198
45249
47277
45199
45250
47278
45200
45251
47279
45201
45252
47280
45202
45253
47281
45203
45254
47282
45204
45255
47283
45205
45256
47284
45206
45257
47285
45207
45258
47286
45208
45259
47287
45209
45260
47288
45210
45261
47289
45211
45262
47290
45212
45263
47291
45213
45264
47292
45214
45265
47293
45215
45266
47294
45216
45267
47295
45217
45268
47296
45218
45269
47297
45219
45270
47298
45220
45271
47299
45221
45272
47300
45222
45273
47301
45223
45274
47302
45224
45275
47303
45225
45276
47304
45226
45277
47305
45227
45278
47306
45228
45279
47307
45229
45280
47308
45230
45281
47309
45231
45282
47310
45232
45283
47311
45233
45284
47312
45234
45285
47313
45235
45286
47314
45236
45287
47315
45237
45288
47316
45238
45289
47317
45239
45290
47318
45291
47319
45241
45292
47320
45242
45293
47321
45243
45294
47322
45244
45295
47323
45245
45296
47324
45246
45297
47325
45247
45298
47326
45248
45299
47327
45249
45300
47328
45250
45301
47329
45251
45302
47330
45252
45303
47331
45253
45304
47332
45254
45305
47333
45255
45306
47334
45256
45307
47335
45257
45308
47336
45258
45309
47337
45259
45310
47338
45260
45311
47339
45261
45312
47340
45262
45313
47341
45263
45314
47342
45264
45315
47343
45265
45316
47344
45266
45317
47345
45267
45318
47346
45268
45319
47347
45269
45320
47348
45270
45321
47349
45271
45322
47350
45272
45323
47351
45273
45324
47352
45274
45325
47353
45275
45326
47354
45276
45327
47355
45277
45328
47356
45278
45329
47357
45279
45330
47358
45280
45331
47359
45281
45332
47360
45282
45333
47361
45283
45334
47362
45284
45335
47363
45285
45336
47364
45286
45337
47365
45287
45338
47366
45288
45339
47367
45289
45340
47368
45290
45341
47369
45291
45342
47370
45343
47371
45293
45344
47372
45294
45345
47373
45295
45346
47374
45296
45347
47375
45297
45348
47376
45298
45349
47377
45299
45350
47378
45300
45351
47379
45301
45352
47380
45302
45353
47381
45303
45354
47382
45304
45355
47383
45305
45356
47384
45306
45357
47385
45307
45358
47386
45308
45359
47387
45309
45360
47388
45310
45361
47389
45311
45362
47390
45312
45363
47391
45313
45364
47392
45314
45365
47393
45315
45366
47394
45316
45367
47395
45317
45368
47396
45318
45369
47397
45319
45370
47398
45320
45371
47399
45321
45372
47400
45322
45373
47401
45323
45374
47402
45324
45375
47403
45325
45376
47404
45326
45377
47405
45327
45378
47406
45328
45379
47407
45329
45380
47408
45330
45381
47409
45331
45382
47410
45332
45383
47411
45333
45384
47412
45334
45385
47413
45335
45386
47414
45336
45387
47415
45337
45388
47416
45338
45389
47417
45339
45390
47418
45340
45391
47419
45341
45392
47420
45342
45393
47421
45343
45394
47422
45395
47423
45345
45396
47424
45346
45397
47425
45347
45398
47426
45348
45399
47427
45349
45400
47428
45350
45401
47429
45351
45402
47430
45352
45403
47431
45353
45404
47432
45354
45405
47433
45355
45406
47434
45356
45407
47435
45357
45408
47436
45358
45409
47437
45359
45410
47438
45360
45411
47439
45361
45412
47440
45362
45413
47441
45363
45414
47442
45364
45415
47443
45365
45416
47444
45366
45417
47445
45367
45418
47446
45368
45419
47447
45369
45420
47448
45370
45421
47449
45371
45422
47450
45372
45423
47451
45373
45424
47452
45374
45425
47453
45375
45426
47454
45376
45427
47455
45377
45428
47456
45378
45429
47457
45379
45430
47458
45380
45431
47459
45381
45432
47460
45382
45433
47461
45383
45434
47462
45384
45435
47463
45385
45436
47464
45386
45437
47465
45387
45438
47466
45388
45439
47467
45389
45440
47468
45390
45441
47469
45391
45442
47470
45392
45443
47471
45393
45444
47472
45394
45445
47473
45395
45446
47474
45447
47475
45397
45448
47476
45398
45449
47477
45399
45450
47478
45400
45451
47479
45401
45452
47480
45402
45453
47481
45403
45454
47482
45404
45455
47483
45405
45456
47484
45406
45457
47485
45407
45458
47486
45408
45459
47487
45409
45460
47488
45410
45461
47489
45411
45462
47490
45412
45463
47491
45413
45464
47492
45414
45465
47493
45415
45466
47494
45416
45467
47495
45417
45468
47496
45418
45469
47497
45419
45470
47498
45420
45471
47499
45421
45472
47500
45422
45473
47501
45423
45474
47502
45424
45475
47503
45425
45476
47504
45426
45477
47505
45427
45478
47506
45428
45479
47507
45429
45480
47508
45430
45481
47509
45431
45482
47510
45432
45483
47511
45433
45484
47512
45434
45485
47513
45435
45486
47514
45436
45487
47515
45437
45488
47516
45438
45489
47517
45439
45490
47518
45440
45491
47519
45441
45492
47520
45442
45493
47521
45443
45494
47522
45444
45495
47523
45445
45496
47524
45446
45497
47525
45447
45498
47526
45499
47527
45449
45500
47528
45450
45501
47529
45451
45502
47530
45452
45503
47531
45453
45504
47532
45454
45505
47533
45455
45506
47534
45456
45507
47535
45457
45508
47536
45458
45509
47537
45459
45510
47538
45460
45511
47539
45461
45512
47540
45462
45513
47541
45463
45514
47542
45464
45515
47543
45465
45516
47544
45466
45517
47545
45467
45518
47546
45468
45519
47547
45469
45520
47548
45470
45521
47549
45471
45522
47550
45472
45523
47551
45473
45524
47552
45474
45525
47553
45475
45526
47554
45476
45527
47555
45477
45528
47556
45478
45529
47557
45479
45530
47558
45480
45531
47559
45481
45532
47560
45482
45533
47561
45483
45534
47562
45484
45535
47563
45485
45536
47564
45486
45537
47565
45487
45538
47566
45488
45539
47567
45489
45540
47568
45490
45541
47569
45491
45542
47570
45492
45543
47571
45493
45544
47572
45494
45545
47573
45495
45546
47574
45496
45547
47575
45497
45548
47576
45498
45549
47577
45499
45550
47578
45551
47579
45501
45552
47580
45502
45553
47581
45503
45554
47582
45504
45555
47583
45505
45556
47584
45506
45557
47585
45507
45558
47586
45508
45559
47587
45509
45560
47588
45510
45561
47589
45511
45562
47590
45512
45563
47591
45513
45564
47592
45514
45565
47593
45515
45566
47594
45516
45567
47595
45517
45568
47596
45518
45569
47597
45519
45570
47598
45520
45571
47599
45521
45572
47600
45522
45573
47601
45523
45574
47602
45524
45575
47603
45525
45576
47604
45526
45577
47605
45527
45578
47606
45528
45579
47607
45529
45580
47608
45530
45581
47609
45531
45582
47610
45532
45583
47611
45533
45584
47612
45534
45585
47613
45535
45586
47614
45536
45587
47615
45537
45588
47616
45538
45589
47617
45539
45590
47618
45540
45591
47619
45541
45592
47620
45542
45593
47621
45543
45594
47622
45544
45595
47623
45545
45596
47624
45546
45597
47625
45547
45598
47626
45548
45599
47627
45549
45600
47628
45550
45601
47629
45551
45602
47630
45603
47631
45553
45604
47632
45554
45605
47633
45555
45606
47634
45556
45607
47635
45557
45608
47636
45558
45609
47637
45559
45610
47638
45560
45611
47639
45561
45612
47640
45562
45613
47641
45563
45614
47642
45564
45615
47643
45565
45616
47644
45566
45617
47645
45567
45618
47646
45568
45619
47647
45569
45620
47648
45570
45621
47649
45571
45622
47650
45572
45623
47651
45573
45624
47652
45574
45625
47653
45575
45626
47654
45576
45627
47655
45577
45628
47656
45578
45629
47657
45579
45630
47658
45580
45631
47659
45581
45632
47660
45582
45633
47661
45583
45634
47662
45584
45635
47663
45585
45636
47664
45586
45637
47665
45587
45638
47666
45588
45639
47667
45589
45640
47668
45590
45641
47669
45591
45642
47670
45592
45643
47671
45593
45644
47672
45594
45645
47673
45595
45646
47674
45596
45647
47675
45597
45648
47676
45598
45649
47677
45599
45650
47678
45600
45651
47679
45601
45652
47680
45602
45653
47681
45603
45654
47682
45655
47683
45605
45656
47684
45606
45657
47685
45607
45658
47686
45608
45659
47687
45609
45660
47688
45610
45661
47689
45611
45662
47690
45612
45663
47691
45613
45664
47692
45614
45665
47693
45615
45666
47694
45616
45667
47695
45617
45668
47696
45618
45669
47697
45619
45670
47698
45620
45671
47699
45621
45672
47700
45622
45673
47701
45623
45674
47702
45624
45675
47703
45625
45676
47704
45626
45677
47705
45627
45678
47706
45628
45679
47707
45629
45680
47708
45630
45681
47709
45631
45682
47710
45632
45683
47711
45633
45684
47712
45634
45685
47713
45635
45686
47714
45636
45687
47715
45637
45688
47716
45638
45689
47717
45639
45690
47718
45640
45691
47719
45641
45692
47720
45642
45693
47721
45643
45694
47722
45644
45695
47723
45645
45696
47724
45646
45697
47725
45647
45698
47726
45648
45699
47727
45649
45700
47728
45650
45701
47729
45651
45702
47730
45652
45703
47731
45653
45704
47732
45654
45705
47733
45655
45706
47734
45707
47735
45657
45708
47736
45658
45709
47737
45659
45710
47738
45660
45711
47739
45661
45712
47740
45662
45713
47741
45663
45714
47742
45664
45715
47743
45665
45716
47744
45666
45717
47745
45667
45718
47746
45668
45719
47747
45669
45720
47748
45670
45721
47749
45671
45722
47750
45672
45723
47751
45673
45724
47752
45674
45725
47753
45675
45726
47754
45676
45727
47755
45677
45728
47756
45678
45729
47757
45679
45730
47758
45680
45731
47759
45681
45732
47760
45682
45733
47761
45683
45734
47762
45684
45735
47763
45685
45736
47764
45686
45737
47765
45687
45738
47766
45688
45739
47767
45689
45740
47768
45690
45741
47769
45691
45742
47770
45692
45743
47771
45693
45744
47772
45694
45745
47773
45695
45746
47774
45696
45747
47775
45697
45748
47776
45698
45749
47777
45699
45750
47778
45700
45751
47779
45701
45752
47780
45702
45753
47781
45703
45754
47782
45704
45755
47783
45705
45756
47784
45706
45757
47785
45707
45758
47786
45759
47787
45709
47788
45710
47789
45711
47790
45712
47791
45713
47792
45714
47793
45715
47794
45716
47795
45717
47796
45718
47797
45719
47798
45720
47799
45721
47800
45722
47801
45723
47802
45724
47803
45725
47804
45726
47805
45727
47806
45728
47807
45729
47808
45730
47809
45731
47810
45732
47811
45733
47812
45734
47813
45735
47814
45736
47815
45737
47816
45738
47817
45739
47818
45740
47819
45741
47820
45742
47821
45743
47822
45744
47823
45745
47824
45746
47825
45747
47826
45748
47827
45749
47828
45750
47829
45751
47830
45752
47831
45753
47832
45754
47833
45755
47834
45756
47835
45757
47836
45758
47837
45759
47838
47839
45761
45812
47840
45762
45813
47841
45763
45814
47842
45764
45815
47843
45765
45816
47844
45766
45817
47845
45767
45818
47846
45768
45819
47847
45769
45820
47848
45770
45821
47849
45771
45822
47850
45772
45823
47851
45773
45824
47852
45774
45825
47853
45775
45826
47854
45776
45827
47855
45777
45828
47856
45778
45829
47857
45779
45830
47858
45780
45831
47859
45781
45832
47860
45782
45833
47861
45783
45834
47862
45784
45835
47863
45785
45836
47864
45786
45837
47865
45787
45838
47866
45788
45839
47867
45789
45840
47868
45790
45841
47869
45791
45842
47870
45792
45843
47871
45793
45844
47872
45794
45845
47873
45795
45846
47874
45796
45847
47875
45797
45848
47876
45798
45849
47877
45799
45850
47878
45800
45851
47879
45801
45852
47880
45802
45853
47881
45803
45854
47882
45804
45855
47883
45805
45856
47884
45806
45857
47885
45807
45858
47886
45808
45859
47887
45809
45860
47888
45810
45861
47889
45811
45862
47890
45863
47891
45813
45864
47892
45814
45865
47893
45815
45866
47894
45816
45867
47895
45817
45868
47896
45818
45869
47897
45819
45870
47898
45820
45871
47899
45821
45872
47900
45822
45873
47901
45823
45874
47902
45824
45875
47903
45825
45876
47904
45826
45877
47905
45827
45878
47906
45828
45879
47907
45829
45880
47908
45830
45881
47909
45831
45882
47910
45832
45883
47911
45833
45884
47912
45834
45885
47913
45835
45886
47914
45836
45887
47915
45837
45888
47916
45838
45889
47917
45839
45890
47918
45840
45891
47919
45841
45892
47920
45842
45893
47921
45843
45894
47922
45844
45895
47923
45845
45896
47924
45846
45897
47925
45847
45898
47926
45848
45899
47927
45849
45900
47928
45850
45901
47929
45851
45902
47930
45852
45903
47931
45853
45904
47932
45854
45905
47933
45855
45906
47934
45856
45907
47935
45857
45908
47936
45858
45909
47937
45859
45910
47938
45860
45911
47939
45861
45912
47940
45862
45913
47941
45863
45914
47942
45915
47943
45865
45916
47944
45866
45917
47945
45867
45918
47946
45868
45919
47947
45869
45920
47948
45870
45921
47949
45871
45922
47950
45872
45923
47951
45873
45924
47952
45874
45925
47953
45875
45926
47954
45876
45927
47955
45877
45928
47956
45878
45929
47957
45879
45930
47958
45880
45931
47959
45881
45932
47960
45882
45933
47961
45883
45934
47962
45884
45935
47963
45885
45936
47964
45886
45937
47965
45887
45938
47966
45888
45939
47967
45889
45940
47968
45890
45941
47969
45891
45942
47970
45892
45943
47971
45893
45944
47972
45894
45945
47973
45895
45946
47974
45896
45947
47975
45897
45948
47976
45898
45949
47977
45899
45950
47978
45900
45951
47979
45901
45952
47980
45902
45953
47981
45903
45954
47982
45904
45955
47983
45905
45956
47984
45906
45957
47985
45907
45958
47986
45908
45959
47987
45909
45960
47988
45910
45961
47989
45911
45962
47990
45912
45963
47991
45913
45964
47992
45914
45965
47993
45915
45966
47994
45967
47995
45917
45968
47996
45918
45969
47997
45919
45970
47998
45920
45971
47999
45921
45972
48000
45922
45973
48001
45923
45974
48002
45924
45975
48003
45925
45976
48004
45926
45977
48005
45927
45978
48006
45928
45979
48007
45929
45980
48008
45930
45981
48009
45931
45982
48010
45932
45983
48011
45933
45984
48012
45934
45985
48013
45935
45986
48014
45936
45987
48015
45937
45988
48016
45938
45989
48017
45939
45990
48018
45940
45991
48019
45941
45992
48020
45942
45993
48021
45943
45994
48022
45944
45995
48023
45945
45996
48024
45946
45997
48025
45947
45998
48026
45948
45999
48027
45949
46000
48028
45950
46001
48029
45951
46002
48030
45952
46003
48031
45953
46004
48032
45954
46005
48033
45955
46006
48034
45956
46007
48035
45957
46008
48036
45958
46009
48037
45959
46010
48038
45960
46011
48039
45961
46012
48040
45962
46013
48041
45963
46014
48042
45964
46015
48043
45965
46016
48044
45966
46017
48045
45967
46018
48046
46019
48047
45969
46020
48048
45970
46021
48049
45971
46022
48050
45972
46023
48051
45973
46024
48052
45974
46025
48053
45975
46026
48054
45976
46027
48055
45977
46028
48056
45978
46029
48057
45979
46030
48058
45980
46031
48059
45981
46032
48060
45982
46033
48061
45983
46034
48062
45984
46035
48063
45985
46036
48064
45986
46037
48065
45987
46038
48066
45988
46039
48067
45989
46040
48068
45990
46041
48069
45991
46042
48070
45992
46043
48071
45993
46044
48072
45994
46045
48073
45995
46046
48074
45996
46047
48075
45997
46048
48076
45998
46049
48077
45999
46050
48078
46000
46051
48079
46001
46052
48080
46002
46053
48081
46003
46054
48082
46004
46055
48083
46005
46056
48084
46006
46057
48085
46007
46058
48086
46008
46059
48087
46009
46060
48088
46010
46061
48089
46011
46062
48090
46012
46063
48091
46013
46064
48092
46014
46065
48093
46015
46066
48094
46016
46067
48095
46017
46068
48096
46018
46069
48097
46019
46070
48098
46071
48099
46021
46072
48100
46022
46073
48101
46023
46074
48102
46024
46075
48103
46025
46076
48104
46026
46077
48105
46027
46078
48106
46028
46079
48107
46029
46080
48108
46030
46081
48109
46031
46082
48110
46032
46083
48111
46033
46084
48112
46034
46085
48113
46035
46086
48114
46036
46087
48115
46037
46088
48116
46038
46089
48117
46039
46090
48118
46040
46091
48119
46041
46092
48120
46042
46093
48121
46043
46094
48122
46044
46095
48123
46045
46096
48124
46046
46097
48125
46047
46098
48126
46048
46099
48127
46049
46100
48128
46050
46101
48129
46051
46102
48130
46052
46103
48131
46053
46104
48132
46054
46105
48133
46055
46106
48134
46056
46107
48135
46057
46108
48136
46058
46109
48137
46059
46110
48138
46060
46111
48139
46061
46112
48140
46062
46113
48141
46063
46114
48142
46064
46115
48143
46065
46116
48144
46066
46117
48145
46067
46118
48146
46068
46119
48147
46069
46120
48148
46070
46121
48149
46071
46122
48150
46123
48151
46073
46124
48152
46074
46125
48153
46075
46126
48154
46076
46127
48155
46077
46128
48156
46078
46129
48157
46079
46130
48158
46080
46131
48159
46081
46132
48160
46082
46133
48161
46083
46134
48162
46084
46135
48163
46085
46136
48164
46086
46137
48165
46087
46138
48166
46088
46139
48167
46089
46140
48168
46090
46141
48169
46091
46142
48170
46092
46143
48171
46093
46144
48172
46094
46145
48173
46095
46146
48174
46096
46147
48175
46097
46148
48176
46098
46149
48177
46099
46150
48178
46100
46151
48179
46101
46152
48180
46102
46153
48181
46103
46154
48182
46104
46155
48183
46105
46156
48184
46106
46157
48185
46107
46158
48186
46108
46159
48187
46109
46160
48188
46110
46161
48189
46111
46162
48190
46112
46163
48191
46113
46164
48192
46114
46165
48193
46115
46166
48194
46116
46167
48195
46117
46168
48196
46118
46169
48197
46119
46170
48198
46120
46171
48199
46121
46172
48200
46122
46173
48201
46123
46174
48202
46175
48203
46125
46176
48204
46126
46177
48205
46127
46178
48206
46128
46179
48207
46129
46180
48208
46130
46181
48209
46131
46182
48210
46132
46183
48211
46133
46184
48212
46134
46185
48213
46135
46186
48214
46136
46187
48215
46137
46188
48216
46138
46189
48217
46139
46190
48218
46140
46191
48219
46141
46192
48220
46142
46193
48221
46143
46194
48222
46144
46195
48223
46145
46196
48224
46146
46197
48225
46147
46198
48226
46148
46199
48227
46149
46200
48228
46150
46201
48229
46151
46202
48230
46152
46203
48231
46153
46204
48232
46154
46205
48233
46155
46206
48234
46156
46207
48235
46157
46208
48236
46158
46209
48237
46159
46210
48238
46160
46211
48239
46161
46212
48240
46162
46213
48241
46163
46214
48242
46164
46215
48243
46165
46216
48244
46166
46217
48245
46167
46218
48246
46168
46219
48247
46169
46220
48248
46170
46221
48249
46171
46222
48250
46172
46223
48251
46173
46224
48252
46174
46225
48253
46175
46226
48254
46227
48255
46177
46228
48256
46178
46229
48257
46179
46230
48258
46180
46231
48259
46181
46232
48260
46182
46233
48261
46183
46234
48262
46184
46235
48263
46185
46236
48264
46186
46237
48265
46187
46238
48266
46188
46239
48267
46189
46240
48268
46190
46241
48269
46191
46242
48270
46192
46243
48271
46193
46244
48272
46194
46245
48273
46195
46246
48274
46196
46247
48275
46197
46248
48276
46198
46249
48277
46199
46250
48278
46200
46251
48279
46201
46252
48280
46202
46253
48281
46203
46254
48282
46204
46255
48283
46205
46256
48284
46206
46257
48285
46207
46258
48286
46208
46259
48287
46209
46260
48288
46210
46261
48289
46211
46262
48290
46212
46263
48291
46213
46264
48292
46214
46265
48293
46215
46266
48294
46216
46267
48295
46217
46268
48296
46218
46269
48297
46219
46270
48298
46220
46271
48299
46221
46272
48300
46222
46273
48301
46223
46274
48302
46224
46275
48303
46225
46276
48304
46226
46277
48305
46227
46278
48306
46279
48307
46229
46280
48308
46230
46281
48309
46231
46282
48310
46232
46283
48311
46233
46284
48312
46234
46285
48313
46235
46286
48314
46236
46287
48315
46237
46288
48316
46238
46289
48317
46239
46290
48318
46240
46291
48319
46241
46292
48320
46242
46293
48321
46243
46294
48322
46244
46295
48323
46245
46296
48324
46246
46297
48325
46247
46298
48326
46248
46299
48327
46249
46300
48328
46250
46301
48329
46251
46302
48330
46252
46303
48331
46253
46304
48332
46254
46305
48333
46255
46306
48334
46256
46307
48335
46257
46308
48336
46258
46309
48337
46259
46310
48338
46260
46311
48339
46261
46312
48340
46262
46313
48341
46263
46314
48342
46264
46315
48343
46265
46316
48344
46266
46317
48345
46267
46318
48346
46268
46319
48347
46269
46320
48348
46270
46321
48349
46271
46322
48350
46272
46323
48351
46273
46324
48352
46274
46325
48353
46275
46326
48354
46276
46327
48355
46277
46328
48356
46278
46329
48357
46279
46330
48358
46331
48359
46281
46332
48360
46282
46333
48361
46283
46334
48362
46284
46335
48363
46285
46336
48364
46286
46337
48365
46287
46338
48366
46288
46339
48367
46289
46340
48368
46290
46341
48369
46291
46342
48370
46292
46343
48371
46293
46344
48372
46294
46345
48373
46295
46346
48374
46296
46347
48375
46297
46348
48376
46298
46349
48377
46299
46350
48378
46300
46351
48379
46301
46352
48380
46302
46353
48381
46303
46354
48382
46304
46355
48383
46305
46356
48384
46306
46357
48385
46307
46358
48386
46308
46359
48387
46309
46360
48388
46310
46361
48389
46311
46362
48390
46312
46363
48391
46313
46364
48392
46314
46365
48393
46315
46366
48394
46316
46367
48395
46317
46368
48396
46318
46369
48397
46319
46370
48398
46320
46371
48399
46321
46372
48400
46322
46373
48401
46323
46374
48402
46324
46375
48403
46325
46376
48404
46326
46377
48405
46327
46378
48406
46328
46379
48407
46329
46380
48408
46330
46381
48409
46331
46382
48410
46383
48411
46333
46384
48412
46334
46385
48413
46335
46386
48414
46336
46387
48415
46337
46388
48416
46338
46389
48417
46339
46390
48418
46340
46391
48419
46341
46392
48420
46342
46393
48421
46343
46394
48422
46344
46395
48423
46345
46396
48424
46346
46397
48425
46347
46398
48426
46348
46399
48427
46349
46400
48428
46350
46401
48429
46351
46402
48430
46352
46403
48431
46353
46404
48432
46354
46405
48433
46355
46406
48434
46356
46407
48435
46357
46408
48436
46358
46409
48437
46359
46410
48438
46360
46411
48439
46361
46412
48440
46362
46413
48441
46363
46414
48442
46364
46415
48443
46365
46416
48444
46366
46417
48445
46367
46418
48446
46368
46419
48447
46369
46420
48448
46370
46421
48449
46371
46422
48450
46372
46423
48451
46373
46424
48452
46374
46425
48453
46375
46426
48454
46376
46427
48455
46377
46428
48456
46378
46429
48457
46379
46430
48458
46380
46431
48459
46381
46432
48460
46382
46433
48461
46383
46434
48462
46435
48463
46385
46436
48464
46386
46437
48465
46387
46438
48466
46388
46439
48467
46389
46440
48468
46390
46441
48469
46391
46442
48470
46392
46443
48471
46393
46444
48472
46394
46445
48473
46395
46446
48474
46396
46447
48475
46397
46448
48476
46398
46449
48477
46399
46450
48478
46400
46451
48479
46401
46452
48480
46402
46453
48481
46403
46454
48482
46404
46455
48483
46405
46456
48484
46406
46457
48485
46407
46458
48486
46408
46459
48487
46409
46460
48488
46410
46461
48489
46411
46462
48490
46412
46463
48491
46413
46464
48492
46414
46465
48493
46415
46466
48494
46416
46467
48495
46417
46468
48496
46418
46469
48497
46419
46470
48498
46420
46471
48499
46421
46472
48500
46422
46473
48501
46423
46474
48502
46424
46475
48503
46425
46476
48504
46426
46477
48505
46427
46478
48506
46428
46479
48507
46429
46480
48508
46430
46481
48509
46431
46482
48510
46432
46483
48511
46433
46484
48512
46434
46485
48513
46435
46486
48514
46487
48515
46437
46488
48516
46438
46489
48517
46439
46490
48518
46440
46491
48519
46441
46492
48520
46442
46493
48521
46443
46494
48522
46444
46495
48523
46445
46496
48524
46446
46497
48525
46447
46498
48526
46448
46499
48527
46449
46500
48528
46450
46501
48529
46451
46502
48530
46452
46503
48531
46453
46504
48532
46454
46505
48533
46455
46506
48534
46456
46507
48535
46457
46508
48536
46458
46509
48537
46459
46510
48538
46460
46511
48539
46461
46512
48540
46462
46513
48541
46463
46514
48542
46464
46515
48543
46465
46516
48544
46466
46517
48545
46467
46518
48546
46468
46519
48547
46469
46520
48548
46470
46521
48549
46471
46522
48550
46472
46523
48551
46473
46524
48552
46474
46525
48553
46475
46526
48554
46476
46527
48555
46477
46528
48556
46478
46529
48557
46479
46530
48558
46480
46531
48559
46481
46532
48560
46482
46533
48561
46483
46534
48562
46484
46535
48563
46485
46536
48564
46486
46537
48565
46487
46538
48566
46539
48567
46489
46540
48568
46490
46541
48569
46491
46542
48570
46492
46543
48571
46493
46544
48572
46494
46545
48573
46495
46546
48574
46496
46547
48575
46497
46548
48576
46498
46549
48577
46499
46550
48578
46500
46551
48579
46501
46552
48580
46502
46553
48581
46503
46554
48582
46504
46555
48583
46505
46556
48584
46506
46557
48585
46507
46558
48586
46508
46559
48587
46509
46560
48588
46510
46561
48589
46511
46562
48590
46512
46563
48591
46513
46564
48592
46514
46565
48593
46515
46566
48594
46516
46567
48595
46517
46568
48596
46518
46569
48597
46519
46570
48598
46520
46571
48599
46521
46572
48600
46522
46573
48601
46523
46574
48602
46524
46575
48603
46525
46576
48604
46526
46577
48605
46527
46578
48606
46528
46579
48607
46529
46580
48608
46530
46581
48609
46531
46582
48610
46532
46583
48611
46533
46584
48612
46534
46585
48613
46535
46586
48614
46536
46587
48615
46537
46588
48616
46538
46589
48617
46539
46590
48618
46591
48619
46541
46592
48620
46542
46593
48621
46543
46594
48622
46544
46595
48623
46545
46596
48624
46546
46597
48625
46547
46598
48626
46548
46599
48627
46549
46600
48628
46550
46601
48629
46551
46602
48630
46552
46603
48631
46553
46604
48632
46554
46605
48633
46555
46606
48634
46556
46607
48635
46557
46608
48636
46558
46609
48637
46559
46610
48638
46560
46611
48639
46561
46612
48640
46562
46613
48641
46563
46614
48642
46564
46615
48643
46565
46616
48644
46566
46617
48645
46567
46618
48646
46568
46619
48647
46569
46620
48648
46570
46621
48649
46571
46622
48650
46572
46623
48651
46573
46624
48652
46574
46625
48653
46575
46626
48654
46576
46627
48655
46577
46628
48656
46578
46629
48657
46579
46630
48658
46580
46631
48659
46581
46632
48660
46582
46633
48661
46583
46634
48662
46584
46635
48663
46585
46636
48664
46586
46637
48665
46587
46638
48666
46588
46639
48667
46589
46640
48668
46590
46641
48669
46591
46642
48670
46643
48671
46593
46644
48672
46594
46645
48673
46595
46646
48674
46596
46647
48675
46597
46648
48676
46598
46649
48677
46599
46650
48678
46600
46651
48679
46601
46652
48680
46602
46653
48681
46603
46654
48682
46604
46655
48683
46605
46656
48684
46606
46657
48685
46607
46658
48686
46608
46659
48687
46609
46660
48688
46610
46661
48689
46611
46662
48690
46612
46663
48691
46613
46664
48692
46614
46665
48693
46615
46666
48694
46616
46667
48695
46617
46668
48696
46618
46669
48697
46619
46670
48698
46620
46671
48699
46621
46672
48700
46622
46673
48701
46623
46674
48702
46624
46675
48703
46625
46676
48704
46626
46677
48705
46627
46678
48706
46628
46679
48707
46629
46680
48708
46630
46681
48709
46631
46682
48710
46632
46683
48711
46633
46684
48712
46634
46685
48713
46635
46686
48714
46636
46687
48715
46637
46688
48716
46638
46689
48717
46639
46690
48718
46640
46691
48719
46641
46692
48720
46642
46693
48721
46643
46694
48722
46695
48723
46645
46696
48724
46646
46697
48725
46647
46698
48726
46648
46699
48727
46649
46700
48728
46650
46701
48729
46651
46702
48730
46652
46703
48731
46653
46704
48732
46654
46705
48733
46655
46706
48734
46656
46707
48735
46657
46708
48736
46658
46709
48737
46659
46710
48738
46660
46711
48739
46661
46712
48740
46662
46713
48741
46663
46714
48742
46664
46715
48743
46665
46716
48744
46666
46717
48745
46667
46718
48746
46668
46719
48747
46669
46720
48748
46670
46721
48749
46671
46722
48750
46672
46723
48751
46673
46724
48752
46674
46725
48753
46675
46726
48754
46676
46727
48755
46677
46728
48756
46678
46729
48757
46679
46730
48758
46680
46731
48759
46681
46732
48760
46682
46733
48761
46683
46734
48762
46684
46735
48763
46685
46736
48764
46686
46737
48765
46687
46738
48766
46688
46739
48767
46689
46740
48768
46690
46741
48769
46691
46742
48770
46692
46743
48771
46693
46744
48772
46694
46745
48773
46695
46746
48774
46747
48775
46697
46748
48776
46698
46749
48777
46699
46750
48778
46700
46751
48779
46701
46752
48780
46702
46753
48781
46703
46754
48782
46704
46755
48783
46705
46756
48784
46706
46757
48785
46707
46758
48786
46708
46759
48787
46709
46760
48788
46710
46761
48789
46711
46762
48790
46712
46763
48791
46713
46764
48792
46714
46765
48793
46715
46766
48794
46716
46767
48795
46717
46768
48796
46718
46769
48797
46719
46770
48798
46720
46771
48799
46721
46772
48800
46722
46773
48801
46723
46774
48802
46724
46775
48803
46725
46776
48804
46726
46777
48805
46727
46778
48806
46728
46779
48807
46729
46780
48808
46730
46781
48809
46731
46782
48810
46732
46783
48811
46733
46784
48812
46734
46785
48813
46735
46786
48814
46736
46787
48815
46737
46788
48816
46738
46789
48817
46739
46790
48818
46740
46791
48819
46741
46792
48820
46742
46793
48821
46743
46794
48822
46744
46795
48823
46745
46796
48824
46746
46797
48825
46747
46798
48826
46799
48827
46749
46800
48828
46750
46801
48829
46751
46802
48830
46752
46803
48831
46753
46804
48832
46754
46805
48833
46755
46806
48834
46756
46807
48835
46757
46808
48836
46758
46809
48837
46759
46810
48838
46760
46811
48839
46761
46812
48840
46762
46813
48841
46763
46814
48842
46764
46815
48843
46765
46816
48844
46766
46817
48845
46767
46818
48846
46768
46819
48847
46769
46820
48848
46770
46821
48849
46771
46822
48850
46772
46823
48851
46773
46824
48852
46774
46825
48853
46775
46826
48854
46776
46827
48855
46777
46828
48856
46778
46829
48857
46779
46830
48858
46780
46831
48859
46781
46832
48860
46782
46833
48861
46783
46834
48862
46784
46835
48863
46785
46836
48864
46786
46837
48865
46787
46838
48866
46788
46839
48867
46789
46840
48868
46790
46841
48869
46791
46842
48870
46792
46843
48871
46793
46844
48872
46794
46845
48873
46795
46846
48874
46796
46847
48875
46797
46848
48876
46798
46849
48877
46799
46850
48878
46851
48879
46801
46852
48880
46802
46853
48881
46803
46854
48882
46804
46855
48883
46805
46856
48884
46806
46857
48885
46807
46858
48886
46808
46859
48887
46809
46860
48888
46810
46861
48889
46811
46862
48890
46812
46863
48891
46813
46864
48892
46814
46865
48893
46815
46866
48894
46816
46867
48895
46817
46868
48896
46818
46869
48897
46819
46870
48898
46820
46871
48899
46821
46872
48900
46822
46873
48901
46823
46874
48902
46824
46875
48903
46825
46876
48904
46826
46877
48905
46827
46878
48906
46828
46879
48907
46829
46880
48908
46830
46881
48909
46831
46882
48910
46832
46883
48911
46833
46884
48912
46834
46885
48913
46835
46886
48914
46836
46887
48915
46837
46888
48916
46838
46889
48917
46839
46890
48918
46840
46891
48919
46841
46892
48920
46842
46893
48921
46843
46894
48922
46844
46895
48923
46845
46896
48924
46846
46897
48925
46847
46898
48926
46848
46899
48927
46849
46900
48928
46850
46901
48929
46851
46902
48930
46903
48931
46853
46904
48932
46854
46905
48933
46855
46906
48934
46856
46907
48935
46857
46908
48936
46858
46909
48937
46859
46910
48938
46860
46911
48939
46861
46912
48940
46862
46913
48941
46863
46914
48942
46864
46915
48943
46865
46916
48944
46866
46917
48945
46867
46918
48946
46868
46919
48947
46869
46920
48948
46870
46921
48949
46871
46922
48950
46872
46923
48951
46873
46924
48952
46874
46925
48953
46875
46926
48954
46876
46927
48955
46877
46928
48956
46878
46929
48957
46879
46930
48958
46880
46931
48959
46881
46932
48960
46882
46933
48961
46883
46934
48962
46884
46935
48963
46885
46936
48964
46886
46937
48965
46887
46938
48966
46888
46939
48967
46889
46940
48968
46890
46941
48969
46891
46942
48970
46892
46943
48971
46893
46944
48972
46894
46945
48973
46895
46946
48974
46896
46947
48975
46897
46948
48976
46898
46949
48977
46899
46950
48978
46900
46951
48979
46901
46952
48980
46902
46953
48981
46903
46954
48982
46955
48983
46905
46956
48984
46906
46957
48985
46907
46958
48986
46908
46959
48987
46909
46960
48988
46910
46961
48989
46911
46962
48990
46912
46963
48991
46913
46964
48992
46914
46965
48993
46915
46966
48994
46916
46967
48995
46917
46968
48996
46918
46969
48997
46919
46970
48998
46920
46971
48999
46921
46972
49000
46922
46973
49001
46923
46974
49002
46924
46975
49003
46925
46976
49004
46926
46977
49005
46927
46978
49006
46928
46979
49007
46929
46980
49008
46930
46981
49009
46931
46982
49010
46932
46983
49011
46933
46984
49012
46934
46985
49013
46935
46986
49014
46936
46987
49015
46937
46988
49016
46938
46989
49017
46939
46990
49018
46940
46991
49019
46941
46992
49020
46942
46993
49021
46943
46994
49022
46944
46995
49023
46945
46996
49024
46946
46997
49025
46947
46998
49026
46948
46999
49027
46949
47000
49028
46950
47001
49029
46951
47002
49030
46952
47003
49031
46953
47004
49032
46954
47005
49033
46955
47006
49034
47007
49035
46957
47008
49036
46958
47009
49037
46959
47010
49038
46960
47011
49039
46961
47012
49040
46962
47013
49041
46963
47014
49042
46964
47015
49043
46965
47016
49044
46966
47017
49045
46967
47018
49046
46968
47019
49047
46969
47020
49048
46970
47021
49049
46971
47022
49050
46972
47023
49051
46973
47024
49052
46974
47025
49053
46975
47026
49054
46976
47027
49055
46977
47028
49056
46978
47029
49057
46979
47030
49058
46980
47031
49059
46981
47032
49060
46982
47033
49061
46983
47034
49062
46984
47035
49063
46985
47036
49064
46986
47037
49065
46987
47038
49066
46988
47039
49067
46989
47040
49068
46990
47041
49069
46991
47042
49070
46992
47043
49071
46993
47044
49072
46994
47045
49073
46995
47046
49074
46996
47047
49075
46997
47048
49076
46998
47049
49077
46999
47050
49078
47000
47051
49079
47001
47052
49080
47002
47053
49081
47003
47054
49082
47004
47055
49083
47005
47056
49084
47006
47057
49085
47007
47058
49086
47059
49087
47009
47060
49088
47010
47061
49089
47011
47062
49090
47012
47063
49091
47013
47064
49092
47014
47065
49093
47015
47066
49094
47016
47067
49095
47017
47068
49096
47018
47069
49097
47019
47070
49098
47020
47071
49099
47021
47072
49100
47022
47073
49101
47023
47074
49102
47024
47075
49103
47025
47076
49104
47026
47077
49105
47027
47078
49106
47028
47079
49107
47029
47080
49108
47030
47081
49109
47031
47082
49110
47032
47083
49111
47033
47084
49112
47034
47085
49113
47035
47086
49114
47036
47087
49115
47037
47088
49116
47038
47089
49117
47039
47090
49118
47040
47091
49119
47041
47092
49120
47042
47093
49121
47043
47094
49122
47044
47095
49123
47045
47096
49124
47046
47097
49125
47047
47098
49126
47048
47099
49127
47049
47100
49128
47050
47101
49129
47051
47102
49130
47052
47103
49131
47053
47104
49132
47054
47105
49133
47055
47106
49134
47056
47107
49135
47057
47108
49136
47058
47109
49137
47059
47110
49138
47111
49139
47061
47112
49140
47062
47113
49141
47063
47114
49142
47064
47115
49143
47065
47116
49144
47066
47117
49145
47067
47118
49146
47068
47119
49147
47069
47120
49148
47070
47121
49149
47071
47122
49150
47072
47123
49151
47073
47124
49152
47074
47125
49153
47075
47126
49154
47076
47127
49155
47077
47128
49156
47078
47129
49157
47079
47130
49158
47080
47131
49159
47081
47132
49160
47082
47133
49161
47083
47134
49162
47084
47135
49163
47085
47136
49164
47086
47137
49165
47087
47138
49166
47088
47139
49167
47089
47140
49168
47090
47141
49169
47091
47142
49170
47092
47143
49171
47093
47144
49172
47094
47145
49173
47095
47146
49174
47096
47147
49175
47097
47148
49176
47098
47149
49177
47099
47150
49178
47100
47151
49179
47101
47152
49180
47102
47153
49181
47103
47154
49182
47104
47155
49183
47105
47156
49184
47106
47157
49185
47107
47158
49186
47108
47159
49187
47109
47160
49188
47110
47161
49189
47111
47162
49190
47163
49191
47113
47164
49192
47114
47165
49193
47115
47166
49194
47116
47167
49195
47117
47168
49196
47118
47169
49197
47119
47170
49198
47120
47171
49199
47121
47172
49200
47122
47173
49201
47123
47174
49202
47124
47175
49203
47125
47176
49204
47126
47177
49205
47127
47178
49206
47128
47179
49207
47129
47180
49208
47130
47181
49209
47131
47182
49210
47132
47183
49211
47133
47184
49212
47134
47185
49213
47135
47186
49214
47136
47187
49215
47137
47188
49216
47138
47189
49217
47139
47190
49218
47140
47191
49219
47141
47192
49220
47142
47193
49221
47143
47194
49222
47144
47195
49223
47145
47196
49224
47146
47197
49225
47147
47198
49226
47148
47199
49227
47149
47200
49228
47150
47201
49229
47151
47202
49230
47152
47203
49231
47153
47204
49232
47154
47205
49233
47155
47206
49234
47156
47207
49235
47157
47208
49236
47158
47209
49237
47159
47210
49238
47160
47211
49239
47161
47212
49240
47162
47213
49241
47163
47214
49242
47215
49243
47165
47216
49244
47166
47217
49245
47167
47218
49246
47168
47219
49247
47169
47220
49248
47170
47221
49249
47171
47222
49250
47172
47223
49251
47173
47224
49252
47174
47225
49253
47175
47226
49254
47176
47227
49255
47177
47228
49256
47178
47229
49257
47179
47230
49258
47180
47231
49259
47181
47232
49260
47182
47233
49261
47183
47234
49262
47184
47235
49263
47185
47236
49264
47186
47237
49265
47187
47238
49266
47188
47239
49267
47189
47240
49268
47190
47241
49269
47191
47242
49270
47192
47243
49271
47193
47244
49272
47194
47245
49273
47195
47246
49274
47196
47247
49275
47197
47248
49276
47198
47249
49277
47199
47250
49278
47200
47251
49279
47201
47252
49280
47202
47253
49281
47203
47254
49282
47204
47255
49283
47205
47256
49284
47206
47257
49285
47207
47258
49286
47208
47259
49287
47209
47260
49288
47210
47261
49289
47211
47262
49290
47212
47263
49291
47213
47264
49292
47214
47265
49293
47215
47266
49294
47267
49295
47217
47268
49296
47218
47269
49297
47219
47270
49298
47220
47271
49299
47221
47272
49300
47222
47273
49301
47223
47274
49302
47224
47275
49303
47225
47276
49304
47226
47277
49305
47227
47278
49306
47228
47279
49307
47229
47280
49308
47230
47281
49309
47231
47282
49310
47232
47283
49311
47233
47284
49312
47234
47285
49313
47235
47286
49314
47236
47287
49315
47237
47288
49316
47238
47289
49317
47239
47290
49318
47240
47291
49319
47241
47292
49320
47242
47293
49321
47243
47294
49322
47244
47295
49323
47245
47296
49324
47246
47297
49325
47247
47298
49326
47248
47299
49327
47249
47300
49328
47250
47301
49329
47251
47302
49330
47252
47303
49331
47253
47304
49332
47254
47305
49333
47255
47306
49334
47256
47307
49335
47257
47308
49336
47258
47309
49337
47259
47310
49338
47260
47311
49339
47261
47312
49340
47262
47313
49341
47263
47314
49342
47264
47315
49343
47265
47316
49344
47266
47317
49345
47267
47318
49346
47319
49347
47269
47320
49348
47270
47321
49349
47271
47322
49350
47272
47323
49351
47273
47324
49352
47274
47325
49353
47275
47326
49354
47276
47327
49355
47277
47328
49356
47278
47329
49357
47279
47330
49358
47280
47331
49359
47281
47332
49360
47282
47333
49361
47283
47334
49362
47284
47335
49363
47285
47336
49364
47286
47337
49365
47287
47338
49366
47288
47339
49367
47289
47340
49368
47290
47341
49369
47291
47342
49370
47292
47343
49371
47293
47344
49372
47294
47345
49373
47295
47346
49374
47296
47347
49375
47297
47348
49376
47298
47349
49377
47299
47350
49378
47300
47351
49379
47301
47352
49380
47302
47353
49381
47303
47354
49382
47304
47355
49383
47305
47356
49384
47306
47357
49385
47307
47358
49386
47308
47359
49387
47309
47360
49388
47310
47361
49389
47311
47362
49390
47312
47363
49391
47313
47364
49392
47314
47365
49393
47315
47366
49394
47316
47367
49395
47317
47368
49396
47318
47369
49397
47319
47370
49398
47371
49399
47321
47372
49400
47322
47373
49401
47323
47374
49402
47324
47375
49403
47325
47376
49404
47326
47377
49405
47327
47378
49406
47328
47379
49407
47329
47380
49408
47330
47381
49409
47331
47382
49410
47332
47383
49411
47333
47384
49412
47334
47385
49413
47335
47386
49414
47336
47387
49415
47337
47388
49416
47338
47389
49417
47339
47390
49418
47340
47391
49419
47341
47392
49420
47342
47393
49421
47343
47394
49422
47344
47395
49423
47345
47396
49424
47346
47397
49425
47347
47398
49426
47348
47399
49427
47349
47400
49428
47350
47401
49429
47351
47402
49430
47352
47403
49431
47353
47404
49432
47354
47405
49433
47355
47406
49434
47356
47407
49435
47357
47408
49436
47358
47409
49437
47359
47410
49438
47360
47411
49439
47361
47412
49440
47362
47413
49441
47363
47414
49442
47364
47415
49443
47365
47416
49444
47366
47417
49445
47367
47418
49446
47368
47419
49447
47369
47420
49448
47370
47421
49449
47371
47422
49450
47423
49451
47373
47424
49452
47374
47425
49453
47375
47426
49454
47376
47427
49455
47377
47428
49456
47378
47429
49457
47379
47430
49458
47380
47431
49459
47381
47432
49460
47382
47433
49461
47383
47434
49462
47384
47435
49463
47385
47436
49464
47386
47437
49465
47387
47438
49466
47388
47439
49467
47389
47440
49468
47390
47441
49469
47391
47442
49470
47392
47443
49471
47393
47444
49472
47394
47445
49473
47395
47446
49474
47396
47447
49475
47397
47448
49476
47398
47449
49477
47399
47450
49478
47400
47451
49479
47401
47452
49480
47402
47453
49481
47403
47454
49482
47404
47455
49483
47405
47456
49484
47406
47457
49485
47407
47458
49486
47408
47459
49487
47409
47460
49488
47410
47461
49489
47411
47462
49490
47412
47463
49491
47413
47464
49492
47414
47465
49493
47415
47466
49494
47416
47467
49495
47417
47468
49496
47418
47469
49497
47419
47470
49498
47420
47471
49499
47421
47472
49500
47422
47473
49501
47423
47474
49502
47475
49503
47425
47476
49504
47426
47477
49505
47427
47478
49506
47428
47479
49507
47429
47480
49508
47430
47481
49509
47431
47482
49510
47432
47483
49511
47433
47484
49512
47434
47485
49513
47435
47486
49514
47436
47487
49515
47437
47488
49516
47438
47489
49517
47439
47490
49518
47440
47491
49519
47441
47492
49520
47442
47493
49521
47443
47494
49522
47444
47495
49523
47445
47496
49524
47446
47497
49525
47447
47498
49526
47448
47499
49527
47449
47500
49528
47450
47501
49529
47451
47502
49530
47452
47503
49531
47453
47504
49532
47454
47505
49533
47455
47506
49534
47456
47507
49535
47457
47508
49536
47458
47509
49537
47459
47510
49538
47460
47511
49539
47461
47512
49540
47462
47513
49541
47463
47514
49542
47464
47515
49543
47465
47516
49544
47466
47517
49545
47467
47518
49546
47468
47519
49547
47469
47520
49548
47470
47521
49549
47471
47522
49550
47472
47523
49551
47473
47524
49552
47474
47525
49553
47475
47526
49554
47527
49555
47477
47528
49556
47478
47529
49557
47479
47530
49558
47480
47531
49559
47481
47532
49560
47482
47533
49561
47483
47534
49562
47484
47535
49563
47485
47536
49564
47486
47537
49565
47487
47538
49566
47488
47539
49567
47489
47540
49568
47490
47541
49569
47491
47542
49570
47492
47543
49571
47493
47544
49572
47494
47545
49573
47495
47546
49574
47496
47547
49575
47497
47548
49576
47498
47549
49577
47499
47550
49578
47500
47551
49579
47501
47552
49580
47502
47553
49581
47503
47554
49582
47504
47555
49583
47505
47556
49584
47506
47557
49585
47507
47558
49586
47508
47559
49587
47509
47560
49588
47510
47561
49589
47511
47562
49590
47512
47563
49591
47513
47564
49592
47514
47565
49593
47515
47566
49594
47516
47567
49595
47517
47568
49596
47518
47569
49597
47519
47570
49598
47520
47571
49599
47521
47572
49600
47522
47573
49601
47523
47574
49602
47524
47575
49603
47525
47576
49604
47526
47577
49605
47527
47578
49606
47579
49607
47529
47580
49608
47530
47581
49609
47531
47582
49610
47532
47583
49611
47533
47584
49612
47534
47585
49613
47535
47586
49614
47536
47587
49615
47537
47588
49616
47538
47589
49617
47539
47590
49618
47540
47591
49619
47541
47592
49620
47542
47593
49621
47543
47594
49622
47544
47595
49623
47545
47596
49624
47546
47597
49625
47547
47598
49626
47548
47599
49627
47549
47600
49628
47550
47601
49629
47551
47602
49630
47552
47603
49631
47553
47604
49632
47554
47605
49633
47555
47606
49634
47556
47607
49635
47557
47608
49636
47558
47609
49637
47559
47610
49638
47560
47611
49639
47561
47612
49640
47562
47613
49641
47563
47614
49642
47564
47615
49643
47565
47616
49644
47566
47617
49645
47567
47618
49646
47568
47619
49647
47569
47620
49648
47570
47621
49649
47571
47622
49650
47572
47623
49651
47573
47624
49652
47574
47625
49653
47575
47626
49654
47576
47627
49655
47577
47628
49656
47578
47629
49657
47579
47630
49658
47631
49659
47581
47632
49660
47582
47633
49661
47583
47634
49662
47584
47635
49663
47585
47636
49664
47586
47637
49665
47587
47638
49666
47588
47639
49667
47589
47640
49668
47590
47641
49669
47591
47642
49670
47592
47643
49671
47593
47644
49672
47594
47645
49673
47595
47646
49674
47596
47647
49675
47597
47648
49676
47598
47649
49677
47599
47650
49678
47600
47651
49679
47601
47652
49680
47602
47653
49681
47603
47654
49682
47604
47655
49683
47605
47656
49684
47606
47657
49685
47607
47658
49686
47608
47659
49687
47609
47660
49688
47610
47661
49689
47611
47662
49690
47612
47663
49691
47613
47664
49692
47614
47665
49693
47615
47666
49694
47616
47667
49695
47617
47668
49696
47618
47669
49697
47619
47670
49698
47620
47671
49699
47621
47672
49700
47622
47673
49701
47623
47674
49702
47624
47675
49703
47625
47676
49704
47626
47677
49705
47627
47678
49706
47628
47679
49707
47629
47680
49708
47630
47681
49709
47631
47682
49710
47683
49711
47633
47684
49712
47634
47685
49713
47635
47686
49714
47636
47687
49715
47637
47688
49716
47638
47689
49717
47639
47690
49718
47640
47691
49719
47641
47692
49720
47642
47693
49721
47643
47694
49722
47644
47695
49723
47645
47696
49724
47646
47697
49725
47647
47698
49726
47648
47699
49727
47649
47700
49728
47650
47701
49729
47651
47702
49730
47652
47703
49731
47653
47704
49732
47654
47705
49733
47655
47706
49734
47656
47707
49735
47657
47708
49736
47658
47709
49737
47659
47710
49738
47660
47711
49739
47661
47712
49740
47662
47713
49741
47663
47714
49742
47664
47715
49743
47665
47716
49744
47666
47717
49745
47667
47718
49746
47668
47719
49747
47669
47720
49748
47670
47721
49749
47671
47722
49750
47672
47723
49751
47673
47724
49752
47674
47725
49753
47675
47726
49754
47676
47727
49755
47677
47728
49756
47678
47729
49757
47679
47730
49758
47680
47731
49759
47681
47732
49760
47682
47733
49761
47683
47734
49762
47735
49763
47685
47736
49764
47686
47737
49765
47687
47738
49766
47688
47739
49767
47689
47740
49768
47690
47741
49769
47691
47742
49770
47692
47743
49771
47693
47744
49772
47694
47745
49773
47695
47746
49774
47696
47747
49775
47697
47748
49776
47698
47749
49777
47699
47750
49778
47700
47751
49779
47701
47752
49780
47702
47753
49781
47703
47754
49782
47704
47755
49783
47705
47756
49784
47706
47757
49785
47707
47758
49786
47708
47759
49787
47709
47760
49788
47710
47761
49789
47711
47762
49790
47712
47763
49791
47713
47764
49792
47714
47765
49793
47715
47766
49794
47716
47767
49795
47717
47768
49796
47718
47769
49797
47719
47770
49798
47720
47771
49799
47721
47772
49800
47722
47773
49801
47723
47774
49802
47724
47775
49803
47725
47776
49804
47726
47777
49805
47727
47778
49806
47728
47779
49807
47729
47780
49808
47730
47781
49809
47731
47782
49810
47732
47783
49811
47733
47784
49812
47734
47785
49813
47735
47786
49814
47787
49815
47737
47788
49816
47738
47789
49817
47739
47790
49818
47740
47791
49819
47741
47792
49820
47742
47793
49821
47743
47794
49822
47744
47795
49823
47745
47796
49824
47746
47797
49825
47747
47798
49826
47748
47799
49827
47749
47800
49828
47750
47801
49829
47751
47802
49830
47752
47803
49831
47753
47804
49832
47754
47805
49833
47755
47806
49834
47756
47807
49835
47757
47808
49836
47758
47809
49837
47759
47810
49838
47760
47811
49839
47761
47812
49840
47762
47813
49841
47763
47814
49842
47764
47815
49843
47765
47816
49844
47766
47817
49845
47767
47818
49846
47768
47819
49847
47769
47820
49848
47770
47821
49849
47771
47822
49850
47772
47823
49851
47773
47824
49852
47774
47825
49853
47775
47826
49854
47776
47827
49855
47777
47828
49856
47778
47829
49857
47779
47830
49858
47780
47831
49859
47781
47832
49860
47782
47833
49861
47783
47834
49862
47784
47835
49863
47785
47836
49864
47786
47837
49865
47787
47838
49866
47839
49867
47789
49868
47790
49869
47791
49870
47792
49871
47793
49872
47794
49873
47795
49874
47796
49875
47797
49876
47798
49877
47799
49878
47800
49879
47801
49880
47802
49881
47803
49882
47804
49883
47805
49884
47806
49885
47807
49886
47808
49887
47809
49888
47810
49889
47811
49890
47812
49891
47813
49892
47814
49893
47815
49894
47816
49895
47817
49896
47818
49897
47819
49898
47820
49899
47821
49900
47822
49901
47823
49902
47824
49903
47825
49904
47826
49905
47827
49906
47828
49907
47829
49908
47830
49909
47831
49910
47832
49911
47833
49912
47834
49913
47835
49914
47836
49915
47837
49916
47838
49917
47839
49918
49919
47841
47892
49920
47842
47893
49921
47843
47894
49922
47844
47895
49923
47845
47896
49924
47846
47897
49925
47847
47898
49926
47848
47899
49927
47849
47900
49928
47850
47901
49929
47851
47902
49930
47852
47903
49931
47853
47904
49932
47854
47905
49933
47855
47906
49934
47856
47907
49935
47857
47908
49936
47858
47909
49937
47859
47910
49938
47860
47911
49939
47861
47912
49940
47862
47913
49941
47863
47914
49942
47864
47915
49943
47865
47916
49944
47866
47917
49945
47867
47918
49946
47868
47919
49947
47869
47920
49948
47870
47921
49949
47871
47922
49950
47872
47923
49951
47873
47924
49952
47874
47925
49953
47875
47926
49954
47876
47927
49955
47877
47928
49956
47878
47929
49957
47879
47930
49958
47880
47931
49959
47881
47932
49960
47882
47933
49961
47883
47934
49962
47884
47935
49963
47885
47936
49964
47886
47937
49965
47887
47938
49966
47888
47939
49967
47889
47940
49968
47890
47941
49969
47891
47942
49970
47943
49971
47893
47944
49972
47894
47945
49973
47895
47946
49974
47896
47947
49975
47897
47948
49976
47898
47949
49977
47899
47950
49978
47900
47951
49979
47901
47952
49980
47902
47953
49981
47903
47954
49982
47904
47955
49983
47905
47956
49984
47906
47957
49985
47907
47958
49986
47908
47959
49987
47909
47960
49988
47910
47961
49989
47911
47962
49990
47912
47963
49991
47913
47964
49992
47914
47965
49993
47915
47966
49994
47916
47967
49995
47917
47968
49996
47918
47969
49997
47919
47970
49998
47920
47971
49999
47921
47972
50000
47922
47973
50001
47923
47974
50002
47924
47975
50003
47925
47976
50004
47926
47977
50005
47927
47978
50006
47928
47979
50007
47929
47980
50008
47930
47981
50009
47931
47982
50010
47932
47983
50011
47933
47984
50012
47934
47985
50013
47935
47986
50014
47936
47987
50015
47937
47988
50016
47938
47989
50017
47939
47990
50018
47940
47991
50019
47941
47992
50020
47942
47993
50021
47943
47994
50022
47995
50023
47945
47996
50024
47946
47997
50025
47947
47998
50026
47948
47999
50027
47949
48000
50028
47950
48001
50029
47951
48002
50030
47952
48003
50031
47953
48004
50032
47954
48005
50033
47955
48006
50034
47956
48007
50035
47957
48008
50036
47958
48009
50037
47959
48010
50038
47960
48011
50039
47961
48012
50040
47962
48013
50041
47963
48014
50042
47964
48015
50043
47965
48016
50044
47966
48017
50045
47967
48018
50046
47968
48019
50047
47969
48020
50048
47970
48021
50049
47971
48022
50050
47972
48023
50051
47973
48024
50052
47974
48025
50053
47975
48026
50054
47976
48027
50055
47977
48028
50056
47978
48029
50057
47979
48030
50058
47980
48031
50059
47981
48032
50060
47982
48033
50061
47983
48034
50062
47984
48035
50063
47985
48036
50064
47986
48037
50065
47987
48038
50066
47988
48039
50067
47989
48040
50068
47990
48041
50069
47991
48042
50070
47992
48043
50071
47993
48044
50072
47994
48045
50073
47995
48046
50074
48047
50075
47997
48048
50076
47998
48049
50077
47999
48050
50078
48000
48051
50079
48001
48052
50080
48002
48053
50081
48003
48054
50082
48004
48055
50083
48005
48056
50084
48006
48057
50085
48007
48058
50086
48008
48059
50087
48009
48060
50088
48010
48061
50089
48011
48062
50090
48012
48063
50091
48013
48064
50092
48014
48065
50093
48015
48066
50094
48016
48067
50095
48017
48068
50096
48018
48069
50097
48019
48070
50098
48020
48071
50099
48021
48072
50100
48022
48073
50101
48023
48074
50102
48024
48075
50103
48025
48076
50104
48026
48077
50105
48027
48078
50106
48028
48079
50107
48029
48080
50108
48030
48081
50109
48031
48082
50110
48032
48083
50111
48033
48084
50112
48034
48085
50113
48035
48086
50114
48036
48087
50115
48037
48088
50116
48038
48089
50117
48039
48090
50118
48040
48091
50119
48041
48092
50120
48042
48093
50121
48043
48094
50122
48044
48095
50123
48045
48096
50124
48046
48097
50125
48047
48098
50126
48099
50127
48049
48100
50128
48050
48101
50129
48051
48102
50130
48052
48103
50131
48053
48104
50132
48054
48105
50133
48055
48106
50134
48056
48107
50135
48057
48108
50136
48058
48109
50137
48059
48110
50138
48060
48111
50139
48061
48112
50140
48062
48113
50141
48063
48114
50142
48064
48115
50143
48065
48116
50144
48066
48117
50145
48067
48118
50146
48068
48119
50147
48069
48120
50148
48070
48121
50149
48071
48122
50150
48072
48123
50151
48073
48124
50152
48074
48125
50153
48075
48126
50154
48076
48127
50155
48077
48128
50156
48078
48129
50157
48079
48130
50158
48080
48131
50159
48081
48132
50160
48082
48133
50161
48083
48134
50162
48084
48135
50163
48085
48136
50164
48086
48137
50165
48087
48138
50166
48088
48139
50167
48089
48140
50168
48090
48141
50169
48091
48142
50170
48092
48143
50171
48093
48144
50172
48094
48145
50173
48095
48146
50174
48096
48147
50175
48097
48148
50176
48098
48149
50177
48099
48150
50178
48151
50179
48101
48152
50180
48102
48153
50181
48103
48154
50182
48104
48155
50183
48105
48156
50184
48106
48157
50185
48107
48158
50186
48108
48159
50187
48109
48160
50188
48110
48161
50189
48111
48162
50190
48112
48163
50191
48113
48164
50192
48114
48165
50193
48115
48166
50194
48116
48167
50195
48117
48168
50196
48118
48169
50197
48119
48170
50198
48120
48171
50199
48121
48172
50200
48122
48173
50201
48123
48174
50202
48124
48175
50203
48125
48176
50204
48126
48177
50205
48127
48178
50206
48128
48179
50207
48129
48180
50208
48130
48181
50209
48131
48182
50210
48132
48183
50211
48133
48184
50212
48134
48185
50213
48135
48186
50214
48136
48187
50215
48137
48188
50216
48138
48189
50217
48139
48190
50218
48140
48191
50219
48141
48192
50220
48142
48193
50221
48143
48194
50222
48144
48195
50223
48145
48196
50224
48146
48197
50225
48147
48198
50226
48148
48199
50227
48149
48200
50228
48150
48201
50229
48151
48202
50230
48203
50231
48153
48204
50232
48154
48205
50233
48155
48206
50234
48156
48207
50235
48157
48208
50236
48158
48209
50237
48159
48210
50238
48160
48211
50239
48161
48212
50240
48162
48213
50241
48163
48214
50242
48164
48215
50243
48165
48216
50244
48166
48217
50245
48167
48218
50246
48168
48219
50247
48169
48220
50248
48170
48221
50249
48171
48222
50250
48172
48223
50251
48173
48224
50252
48174
48225
50253
48175
48226
50254
48176
48227
50255
48177
48228
50256
48178
48229
50257
48179
48230
50258
48180
48231
50259
48181
48232
50260
48182
48233
50261
48183
48234
50262
48184
48235
50263
48185
48236
50264
48186
48237
50265
48187
48238
50266
48188
48239
50267
48189
48240
50268
48190
48241
50269
48191
48242
50270
48192
48243
50271
48193
48244
50272
48194
48245
50273
48195
48246
50274
48196
48247
50275
48197
48248
50276
48198
48249
50277
48199
48250
50278
48200
48251
50279
48201
48252
50280
48202
48253
50281
48203
48254
50282
48255
50283
48205
48256
50284
48206
48257
50285
48207
48258
50286
48208
48259
50287
48209
48260
50288
48210
48261
50289
48211
48262
50290
48212
48263
50291
48213
48264
50292
48214
48265
50293
48215
48266
50294
48216
48267
50295
48217
48268
50296
48218
48269
50297
48219
48270
50298
48220
48271
50299
48221
48272
50300
48222
48273
50301
48223
48274
50302
48224
48275
50303
48225
48276
50304
48226
48277
50305
48227
48278
50306
48228
48279
50307
48229
48280
50308
48230
48281
50309
48231
48282
50310
48232
48283
50311
48233
48284
50312
48234
48285
50313
48235
48286
50314
48236
48287
50315
48237
48288
50316
48238
48289
50317
48239
48290
50318
48240
48291
50319
48241
48292
50320
48242
48293
50321
48243
48294
50322
48244
48295
50323
48245
48296
50324
48246
48297
50325
48247
48298
50326
48248
48299
50327
48249
48300
50328
48250
48301
50329
48251
48302
50330
48252
48303
50331
48253
48304
50332
48254
48305
50333
48255
48306
50334
48307
50335
48257
48308
50336
48258
48309
50337
48259
48310
50338
48260
48311
50339
48261
48312
50340
48262
48313
50341
48263
48314
50342
48264
48315
50343
48265
48316
50344
48266
48317
50345
48267
48318
50346
48268
48319
50347
48269
48320
50348
48270
48321
50349
48271
48322
50350
48272
48323
50351
48273
48324
50352
48274
48325
50353
48275
48326
50354
48276
48327
50355
48277
48328
50356
48278
48329
50357
48279
48330
50358
48280
48331
50359
48281
48332
50360
48282
48333
50361
48283
48334
50362
48284
48335
50363
48285
48336
50364
48286
48337
50365
48287
48338
50366
48288
48339
50367
48289
48340
50368
48290
48341
50369
48291
48342
50370
48292
48343
50371
48293
48344
50372
48294
48345
50373
48295
48346
50374
48296
48347
50375
48297
48348
50376
48298
48349
50377
48299
48350
50378
48300
48351
50379
48301
48352
50380
48302
48353
50381
48303
48354
50382
48304
48355
50383
48305
48356
50384
48306
48357
50385
48307
48358
50386
48359
50387
48309
48360
50388
48310
48361
50389
48311
48362
50390
48312
48363
50391
48313
48364
50392
48314
48365
50393
48315
48366
50394
48316
48367
50395
48317
48368
50396
48318
48369
50397
48319
48370
50398
48320
48371
50399
48321
48372
50400
48322
48373
50401
48323
48374
50402
48324
48375
50403
48325
48376
50404
48326
48377
50405
48327
48378
50406
48328
48379
50407
48329
48380
50408
48330
48381
50409
48331
48382
50410
48332
48383
50411
48333
48384
50412
48334
48385
50413
48335
48386
50414
48336
48387
50415
48337
48388
50416
48338
48389
50417
48339
48390
50418
48340
48391
50419
48341
48392
50420
48342
48393
50421
48343
48394
50422
48344
48395
50423
48345
48396
50424
48346
48397
50425
48347
48398
50426
48348
48399
50427
48349
48400
50428
48350
48401
50429
48351
48402
50430
48352
48403
50431
48353
48404
50432
48354
48405
50433
48355
48406
50434
48356
48407
50435
48357
48408
50436
48358
48409
50437
48359
48410
50438
48411
50439
48361
48412
50440
48362
48413
50441
48363
48414
50442
48364
48415
50443
48365
48416
50444
48366
48417
50445
48367
48418
50446
48368
48419
50447
48369
48420
50448
48370
48421
50449
48371
48422
50450
48372
48423
50451
48373
48424
50452
48374
48425
50453
48375
48426
50454
48376
48427
50455
48377
48428
50456
48378
48429
50457
48379
48430
50458
48380
48431
50459
48381
48432
50460
48382
48433
50461
48383
48434
50462
48384
48435
50463
48385
48436
50464
48386
48437
50465
48387
48438
50466
48388
48439
50467
48389
48440
50468
48390
48441
50469
48391
48442
50470
48392
48443
50471
48393
48444
50472
48394
48445
50473
48395
48446
50474
48396
48447
50475
48397
48448
50476
48398
48449
50477
48399
48450
50478
48400
48451
50479
48401
48452
50480
48402
48453
50481
48403
48454
50482
48404
48455
50483
48405
48456
50484
48406
48457
50485
48407
48458
50486
48408
48459
50487
48409
48460
50488
48410
48461
50489
48411
48462
50490
48463
50491
48413
48464
50492
48414
48465
50493
48415
48466
50494
48416
48467
50495
48417
48468
50496
48418
48469
50497
48419
48470
50498
48420
48471
50499
48421
48472
50500
48422
48473
50501
48423
48474
50502
48424
48475
50503
48425
48476
50504
48426
48477
50505
48427
48478
50506
48428
48479
50507
48429
48480
50508
48430
48481
50509
48431
48482
50510
48432
48483
50511
48433
48484
50512
48434
48485
50513
48435
48486
50514
48436
48487
50515
48437
48488
50516
48438
48489
50517
48439
48490
50518
48440
48491
50519
48441
48492
50520
48442
48493
50521
48443
48494
50522
48444
48495
50523
48445
48496
50524
48446
48497
50525
48447
48498
50526
48448
48499
50527
48449
48500
50528
48450
48501
50529
48451
48502
50530
48452
48503
50531
48453
48504
50532
48454
48505
50533
48455
48506
50534
48456
48507
50535
48457
48508
50536
48458
48509
50537
48459
48510
50538
48460
48511
50539
48461
48512
50540
48462
48513
50541
48463
48514
50542
48515
50543
48465
48516
50544
48466
48517
50545
48467
48518
50546
48468
48519
50547
48469
48520
50548
48470
48521
50549
48471
48522
50550
48472
48523
50551
48473
48524
50552
48474
48525
50553
48475
48526
50554
48476
48527
50555
48477
48528
50556
48478
48529
50557
48479
48530
50558
48480
48531
50559
48481
48532
50560
48482
48533
50561
48483
48534
50562
48484
48535
50563
48485
48536
50564
48486
48537
50565
48487
48538
50566
48488
48539
50567
48489
48540
50568
48490
48541
50569
48491
48542
50570
48492
48543
50571
48493
48544
50572
48494
48545
50573
48495
48546
50574
48496
48547
50575
48497
48548
50576
48498
48549
50577
48499
48550
50578
48500
48551
50579
48501
48552
50580
48502
48553
50581
48503
48554
50582
48504
48555
50583
48505
48556
50584
48506
48557
50585
48507
48558
50586
48508
48559
50587
48509
48560
50588
48510
48561
50589
48511
48562
50590
48512
48563
50591
48513
48564
50592
48514
48565
50593
48515
48566
50594
48567
50595
48517
48568
50596
48518
48569
50597
48519
48570
50598
48520
48571
50599
48521
48572
50600
48522
48573
50601
48523
48574
50602
48524
48575
50603
48525
48576
50604
48526
48577
50605
48527
48578
50606
48528
48579
50607
48529
48580
50608
48530
48581
50609
48531
48582
50610
48532
48583
50611
48533
48584
50612
48534
48585
50613
48535
48586
50614
48536
48587
50615
48537
48588
50616
48538
48589
50617
48539
48590
50618
48540
48591
50619
48541
48592
50620
48542
48593
50621
48543
48594
50622
48544
48595
50623
48545
48596
50624
48546
48597
50625
48547
48598
50626
48548
48599
50627
48549
48600
50628
48550
48601
50629
48551
48602
50630
48552
48603
50631
48553
48604
50632
48554
48605
50633
48555
48606
50634
48556
48607
50635
48557
48608
50636
48558
48609
50637
48559
48610
50638
48560
48611
50639
48561
48612
50640
48562
48613
50641
48563
48614
50642
48564
48615
50643
48565
48616
50644
48566
48617
50645
48567
48618
50646
48619
50647
48569
48620
50648
48570
48621
50649
48571
48622
50650
48572
48623
50651
48573
48624
50652
48574
48625
50653
48575
48626
50654
48576
48627
50655
48577
48628
50656
48578
48629
50657
48579
48630
50658
48580
48631
50659
48581
48632
50660
48582
48633
50661
48583
48634
50662
48584
48635
50663
48585
48636
50664
48586
48637
50665
48587
48638
50666
48588
48639
50667
48589
48640
50668
48590
48641
50669
48591
48642
50670
48592
48643
50671
48593
48644
50672
48594
48645
50673
48595
48646
50674
48596
48647
50675
48597
48648
50676
48598
48649
50677
48599
48650
50678
48600
48651
50679
48601
48652
50680
48602
48653
50681
48603
48654
50682
48604
48655
50683
48605
48656
50684
48606
48657
50685
48607
48658
50686
48608
48659
50687
48609
48660
50688
48610
48661
50689
48611
48662
50690
48612
48663
50691
48613
48664
50692
48614
48665
50693
48615
48666
50694
48616
48667
50695
48617
48668
50696
48618
48669
50697
48619
48670
50698
48671
50699
48621
48672
50700
48622
48673
50701
48623
48674
50702
48624
48675
50703
48625
48676
50704
48626
48677
50705
48627
48678
50706
48628
48679
50707
48629
48680
50708
48630
48681
50709
48631
48682
50710
48632
48683
50711
48633
48684
50712
48634
48685
50713
48635
48686
50714
48636
48687
50715
48637
48688
50716
48638
48689
50717
48639
48690
50718
48640
48691
50719
48641
48692
50720
48642
48693
50721
48643
48694
50722
48644
48695
50723
48645
48696
50724
48646
48697
50725
48647
48698
50726
48648
48699
50727
48649
48700
50728
48650
48701
50729
48651
48702
50730
48652
48703
50731
48653
48704
50732
48654
48705
50733
48655
48706
50734
48656
48707
50735
48657
48708
50736
48658
48709
50737
48659
48710
50738
48660
48711
50739
48661
48712
50740
48662
48713
50741
48663
48714
50742
48664
48715
50743
48665
48716
50744
48666
48717
50745
48667
48718
50746
48668
48719
50747
48669
48720
50748
48670
48721
50749
48671
48722
50750
48723
50751
48673
48724
50752
48674
48725
50753
48675
48726
50754
48676
48727
50755
48677
48728
50756
48678
48729
50757
48679
48730
50758
48680
48731
50759
48681
48732
50760
48682
48733
50761
48683
48734
50762
48684
48735
50763
48685
48736
50764
48686
48737
50765
48687
48738
50766
48688
48739
50767
48689
48740
50768
48690
48741
50769
48691
48742
50770
48692
48743
50771
48693
48744
50772
48694
48745
50773
48695
48746
50774
48696
48747
50775
48697
48748
50776
48698
48749
50777
48699
48750
50778
48700
48751
50779
48701
48752
50780
48702
48753
50781
48703
48754
50782
48704
48755
50783
48705
48756
50784
48706
48757
50785
48707
48758
50786
48708
48759
50787
48709
48760
50788
48710
48761
50789
48711
48762
50790
48712
48763
50791
48713
48764
50792
48714
48765
50793
48715
48766
50794
48716
48767
50795
48717
48768
50796
48718
48769
50797
48719
48770
50798
48720
48771
50799
48721
48772
50800
48722
48773
50801
48723
48774
50802
48775
50803
48725
48776
50804
48726
48777
50805
48727
48778
50806
48728
48779
50807
48729
48780
50808
48730
48781
50809
48731
48782
50810
48732
48783
50811
48733
48784
50812
48734
48785
50813
48735
48786
50814
48736
48787
50815
48737
48788
50816
48738
48789
50817
48739
48790
50818
48740
48791
50819
48741
48792
50820
48742
48793
50821
48743
48794
50822
48744
48795
50823
48745
48796
50824
48746
48797
50825
48747
48798
50826
48748
48799
50827
48749
48800
50828
48750
48801
50829
48751
48802
50830
48752
48803
50831
48753
48804
50832
48754
48805
50833
48755
48806
50834
48756
48807
50835
48757
48808
50836
48758
48809
50837
48759
48810
50838
48760
48811
50839
48761
48812
50840
48762
48813
50841
48763
48814
50842
48764
48815
50843
48765
48816
50844
48766
48817
50845
48767
48818
50846
48768
48819
50847
48769
48820
50848
48770
48821
50849
48771
48822
50850
48772
48823
50851
48773
48824
50852
48774
48825
50853
48775
48826
50854
48827
50855
48777
48828
50856
48778
48829
50857
48779
48830
50858
48780
48831
50859
48781
48832
50860
48782
48833
50861
48783
48834
50862
48784
48835
50863
48785
48836
50864
48786
48837
50865
48787
48838
50866
48788
48839
50867
48789
48840
50868
48790
48841
50869
48791
48842
50870
48792
48843
50871
48793
48844
50872
48794
48845
50873
48795
48846
50874
48796
48847
50875
48797
48848
50876
48798
48849
50877
48799
48850
50878
48800
48851
50879
48801
48852
50880
48802
48853
50881
48803
48854
50882
48804
48855
50883
48805
48856
50884
48806
48857
50885
48807
48858
50886
48808
48859
50887
48809
48860
50888
48810
48861
50889
48811
48862
50890
48812
48863
50891
48813
48864
50892
48814
48865
50893
48815
48866
50894
48816
48867
50895
48817
48868
50896
48818
48869
50897
48819
48870
50898
48820
48871
50899
48821
48872
50900
48822
48873
50901
48823
48874
50902
48824
48875
50903
48825
48876
50904
48826
48877
50905
48827
48878
50906
48879
50907
48829
48880
50908
48830
48881
50909
48831
48882
50910
48832
48883
50911
48833
48884
50912
48834
48885
50913
48835
48886
50914
48836
48887
50915
48837
48888
50916
48838
48889
50917
48839
48890
50918
48840
48891
50919
48841
48892
50920
48842
48893
50921
48843
48894
50922
48844
48895
50923
48845
48896
50924
48846
48897
50925
48847
48898
50926
48848
48899
50927
48849
48900
50928
48850
48901
50929
48851
48902
50930
48852
48903
50931
48853
48904
50932
48854
48905
50933
48855
48906
50934
48856
48907
50935
48857
48908
50936
48858
48909
50937
48859
48910
50938
48860
48911
50939
48861
48912
50940
48862
48913
50941
48863
48914
50942
48864
48915
50943
48865
48916
50944
48866
48917
50945
48867
48918
50946
48868
48919
50947
48869
48920
50948
48870
48921
50949
48871
48922
50950
48872
48923
50951
48873
48924
50952
48874
48925
50953
48875
48926
50954
48876
48927
50955
48877
48928
50956
48878
48929
50957
48879
48930
50958
48931
50959
48881
48932
50960
48882
48933
50961
48883
48934
50962
48884
48935
50963
48885
48936
50964
48886
48937
50965
48887
48938
50966
48888
48939
50967
48889
48940
50968
48890
48941
50969
48891
48942
50970
48892
48943
50971
48893
48944
50972
48894
48945
50973
48895
48946
50974
48896
48947
50975
48897
48948
50976
48898
48949
50977
48899
48950
50978
48900
48951
50979
48901
48952
50980
48902
48953
50981
48903
48954
50982
48904
48955
50983
48905
48956
50984
48906
48957
50985
48907
48958
50986
48908
48959
50987
48909
48960
50988
48910
48961
50989
48911
48962
50990
48912
48963
50991
48913
48964
50992
48914
48965
50993
48915
48966
50994
48916
48967
50995
48917
48968
50996
48918
48969
50997
48919
48970
50998
48920
48971
50999
48921
48972
51000
48922
48973
51001
48923
48974
51002
48924
48975
51003
48925
48976
51004
48926
48977
51005
48927
48978
51006
48928
48979
51007
48929
48980
51008
48930
48981
51009
48931
48982
51010
48983
51011
48933
48984
51012
48934
48985
51013
48935
48986
51014
48936
48987
51015
48937
48988
51016
48938
48989
51017
48939
48990
51018
48940
48991
51019
48941
48992
51020
48942
48993
51021
48943
48994
51022
48944
48995
51023
48945
48996
51024
48946
48997
51025
48947
48998
51026
48948
48999
51027
48949
49000
51028
48950
49001
51029
48951
49002
51030
48952
49003
51031
48953
49004
51032
48954
49005
51033
48955
49006
51034
48956
49007
51035
48957
49008
51036
48958
49009
51037
48959
49010
51038
48960
49011
51039
48961
49012
51040
48962
49013
51041
48963
49014
51042
48964
49015
51043
48965
49016
51044
48966
49017
51045
48967
49018
51046
48968
49019
51047
48969
49020
51048
48970
49021
51049
48971
49022
51050
48972
49023
51051
48973
49024
51052
48974
49025
51053
48975
49026
51054
48976
49027
51055
48977
49028
51056
48978
49029
51057
48979
49030
51058
48980
49031
51059
48981
49032
51060
48982
49033
51061
48983
49034
51062
49035
51063
48985
49036
51064
48986
49037
51065
48987
49038
51066
48988
49039
51067
48989
49040
51068
48990
49041
51069
48991
49042
51070
48992
49043
51071
48993
49044
51072
48994
49045
51073
48995
49046
51074
48996
49047
51075
48997
49048
51076
48998
49049
51077
48999
49050
51078
49000
49051
51079
49001
49052
51080
49002
49053
51081
49003
49054
51082
49004
49055
51083
49005
49056
51084
49006
49057
51085
49007
49058
51086
49008
49059
51087
49009
49060
51088
49010
49061
51089
49011
49062
51090
49012
49063
51091
49013
49064
51092
49014
49065
51093
49015
49066
51094
49016
49067
51095
49017
49068
51096
49018
49069
51097
49019
49070
51098
49020
49071
51099
49021
49072
51100
49022
49073
51101
49023
49074
51102
49024
49075
51103
49025
49076
51104
49026
49077
51105
49027
49078
51106
49028
49079
51107
49029
49080
51108
49030
49081
51109
49031
49082
51110
49032
49083
51111
49033
49084
51112
49034
49085
51113
49035
49086
51114
49087
51115
49037
49088
51116
49038
49089
51117
49039
49090
51118
49040
49091
51119
49041
49092
51120
49042
49093
51121
49043
49094
51122
49044
49095
51123
49045
49096
51124
49046
49097
51125
49047
49098
51126
49048
49099
51127
49049
49100
51128
49050
49101
51129
49051
49102
51130
49052
49103
51131
49053
49104
51132
49054
49105
51133
49055
49106
51134
49056
49107
51135
49057
49108
51136
49058
49109
51137
49059
49110
51138
49060
49111
51139
49061
49112
51140
49062
49113
51141
49063
49114
51142
49064
49115
51143
49065
49116
51144
49066
49117
51145
49067
49118
51146
49068
49119
51147
49069
49120
51148
49070
49121
51149
49071
49122
51150
49072
49123
51151
49073
49124
51152
49074
49125
51153
49075
49126
51154
49076
49127
51155
49077
49128
51156
49078
49129
51157
49079
49130
51158
49080
49131
51159
49081
49132
51160
49082
49133
51161
49083
49134
51162
49084
49135
51163
49085
49136
51164
49086
49137
51165
49087
49138
51166
49139
51167
49089
49140
51168
49090
49141
51169
49091
49142
51170
49092
49143
51171
49093
49144
51172
49094
49145
51173
49095
49146
51174
49096
49147
51175
49097
49148
51176
49098
49149
51177
49099
49150
51178
49100
49151
51179
49101
49152
51180
49102
49153
51181
49103
49154
51182
49104
49155
51183
49105
49156
51184
49106
49157
51185
49107
49158
51186
49108
49159
51187
49109
49160
51188
49110
49161
51189
49111
49162
51190
49112
49163
51191
49113
49164
51192
49114
49165
51193
49115
49166
51194
49116
49167
51195
49117
49168
51196
49118
49169
51197
49119
49170
51198
49120
49171
51199
49121
49172
51200
49122
49173
51201
49123
49174
51202
49124
49175
51203
49125
49176
51204
49126
49177
51205
49127
49178
51206
49128
49179
51207
49129
49180
51208
49130
49181
51209
49131
49182
51210
49132
49183
51211
49133
49184
51212
49134
49185
51213
49135
49186
51214
49136
49187
51215
49137
49188
51216
49138
49189
51217
49139
49190
51218
49191
51219
49141
49192
51220
49142
49193
51221
49143
49194
51222
49144
49195
51223
49145
49196
51224
49146
49197
51225
49147
49198
51226
49148
49199
51227
49149
49200
51228
49150
49201
51229
49151
49202
51230
49152
49203
51231
49153
49204
51232
49154
49205
51233
49155
49206
51234
49156
49207
51235
49157
49208
51236
49158
49209
51237
49159
49210
51238
49160
49211
51239
49161
49212
51240
49162
49213
51241
49163
49214
51242
49164
49215
51243
49165
49216
51244
49166
49217
51245
49167
49218
51246
49168
49219
51247
49169
49220
51248
49170
49221
51249
49171
49222
51250
49172
49223
51251
49173
49224
51252
49174
49225
51253
49175
49226
51254
49176
49227
51255
49177
49228
51256
49178
49229
51257
49179
49230
51258
49180
49231
51259
49181
49232
51260
49182
49233
51261
49183
49234
51262
49184
49235
51263
49185
49236
51264
49186
49237
51265
49187
49238
51266
49188
49239
51267
49189
49240
51268
49190
49241
51269
49191
49242
51270
49243
51271
49193
49244
51272
49194
49245
51273
49195
49246
51274
49196
49247
51275
49197
49248
51276
49198
49249
51277
49199
49250
51278
49200
49251
51279
49201
49252
51280
49202
49253
51281
49203
49254
51282
49204
49255
51283
49205
49256
51284
49206
49257
51285
49207
49258
51286
49208
49259
51287
49209
49260
51288
49210
49261
51289
49211
49262
51290
49212
49263
51291
49213
49264
51292
49214
49265
51293
49215
49266
51294
49216
49267
51295
49217
49268
51296
49218
49269
51297
49219
49270
51298
49220
49271
51299
49221
49272
51300
49222
49273
51301
49223
49274
51302
49224
49275
51303
49225
49276
51304
49226
49277
51305
49227
49278
51306
49228
49279
51307
49229
49280
51308
49230
49281
51309
49231
49282
51310
49232
49283
51311
49233
49284
51312
49234
49285
51313
49235
49286
51314
49236
49287
51315
49237
49288
51316
49238
49289
51317
49239
49290
51318
49240
49291
51319
49241
49292
51320
49242
49293
51321
49243
49294
51322
49295
51323
49245
49296
51324
49246
49297
51325
49247
49298
51326
49248
49299
51327
49249
49300
51328
49250
49301
51329
49251
49302
51330
49252
49303
51331
49253
49304
51332
49254
49305
51333
49255
49306
51334
49256
49307
51335
49257
49308
51336
49258
49309
51337
49259
49310
51338
49260
49311
51339
49261
49312
51340
49262
49313
51341
49263
49314
51342
49264
49315
51343
49265
49316
51344
49266
49317
51345
49267
49318
51346
49268
49319
51347
49269
49320
51348
49270
49321
51349
49271
49322
51350
49272
49323
51351
49273
49324
51352
49274
49325
51353
49275
49326
51354
49276
49327
51355
49277
49328
51356
49278
49329
51357
49279
49330
51358
49280
49331
51359
49281
49332
51360
49282
49333
51361
49283
49334
51362
49284
49335
51363
49285
49336
51364
49286
49337
51365
49287
49338
51366
49288
49339
51367
49289
49340
51368
49290
49341
51369
49291
49342
51370
49292
49343
51371
49293
49344
51372
49294
49345
51373
49295
49346
51374
49347
51375
49297
49348
51376
49298
49349
51377
49299
49350
51378
49300
49351
51379
49301
49352
51380
49302
49353
51381
49303
49354
51382
49304
49355
51383
49305
49356
51384
49306
49357
51385
49307
49358
51386
49308
49359
51387
49309
49360
51388
49310
49361
51389
49311
49362
51390
49312
49363
51391
49313
49364
51392
49314
49365
51393
49315
49366
51394
49316
49367
51395
49317
49368
51396
49318
49369
51397
49319
49370
51398
49320
49371
51399
49321
49372
51400
49322
49373
51401
49323
49374
51402
49324
49375
51403
49325
49376
51404
49326
49377
51405
49327
49378
51406
49328
49379
51407
49329
49380
51408
49330
49381
51409
49331
49382
51410
49332
49383
51411
49333
49384
51412
49334
49385
51413
49335
49386
51414
49336
49387
51415
49337
49388
51416
49338
49389
51417
49339
49390
51418
49340
49391
51419
49341
49392
51420
49342
49393
51421
49343
49394
51422
49344
49395
51423
49345
49396
51424
49346
49397
51425
49347
49398
51426
49399
51427
49349
49400
51428
49350
49401
51429
49351
49402
51430
49352
49403
51431
49353
49404
51432
49354
49405
51433
49355
49406
51434
49356
49407
51435
49357
49408
51436
49358
49409
51437
49359
49410
51438
49360
49411
51439
49361
49412
51440
49362
49413
51441
49363
49414
51442
49364
49415
51443
49365
49416
51444
49366
49417
51445
49367
49418
51446
49368
49419
51447
49369
49420
51448
49370
49421
51449
49371
49422
51450
49372
49423
51451
49373
49424
51452
49374
49425
51453
49375
49426
51454
49376
49427
51455
49377
49428
51456
49378
49429
51457
49379
49430
51458
49380
49431
51459
49381
49432
51460
49382
49433
51461
49383
49434
51462
49384
49435
51463
49385
49436
51464
49386
49437
51465
49387
49438
51466
49388
49439
51467
49389
49440
51468
49390
49441
51469
49391
49442
51470
49392
49443
51471
49393
49444
51472
49394
49445
51473
49395
49446
51474
49396
49447
51475
49397
49448
51476
49398
49449
51477
49399
49450
51478
49451
51479
49401
49452
51480
49402
49453
51481
49403
49454
51482
49404
49455
51483
49405
49456
51484
49406
49457
51485
49407
49458
51486
49408
49459
51487
49409
49460
51488
49410
49461
51489
49411
49462
51490
49412
49463
51491
49413
49464
51492
49414
49465
51493
49415
49466
51494
49416
49467
51495
49417
49468
51496
49418
49469
51497
49419
49470
51498
49420
49471
51499
49421
49472
51500
49422
49473
51501
49423
49474
51502
49424
49475
51503
49425
49476
51504
49426
49477
51505
49427
49478
51506
49428
49479
51507
49429
49480
51508
49430
49481
51509
49431
49482
51510
49432
49483
51511
49433
49484
51512
49434
49485
51513
49435
49486
51514
49436
49487
51515
49437
49488
51516
49438
49489
51517
49439
49490
51518
49440
49491
51519
49441
49492
51520
49442
49493
51521
49443
49494
51522
49444
49495
51523
49445
49496
51524
49446
49497
51525
49447
49498
51526
49448
49499
51527
49449
49500
51528
49450
49501
51529
49451
49502
51530
49503
51531
49453
49504
51532
49454
49505
51533
49455
49506
51534
49456
49507
51535
49457
49508
51536
49458
49509
51537
49459
49510
51538
49460
49511
51539
49461
49512
51540
49462
49513
51541
49463
49514
51542
49464
49515
51543
49465
49516
51544
49466
49517
51545
49467
49518
51546
49468
49519
51547
49469
49520
51548
49470
49521
51549
49471
49522
51550
49472
49523
51551
49473
49524
51552
49474
49525
51553
49475
49526
51554
49476
49527
51555
49477
49528
51556
49478
49529
51557
49479
49530
51558
49480
49531
51559
49481
49532
51560
49482
49533
51561
49483
49534
51562
49484
49535
51563
49485
49536
51564
49486
49537
51565
49487
49538
51566
49488
49539
51567
49489
49540
51568
49490
49541
51569
49491
49542
51570
49492
49543
51571
49493
49544
51572
49494
49545
51573
49495
49546
51574
49496
49547
51575
49497
49548
51576
49498
49549
51577
49499
49550
51578
49500
49551
51579
49501
49552
51580
49502
49553
51581
49503
49554
51582
49555
51583
49505
49556
51584
49506
49557
51585
49507
49558
51586
49508
49559
51587
49509
49560
51588
49510
49561
51589
49511
49562
51590
49512
49563
51591
49513
49564
51592
49514
49565
51593
49515
49566
51594
49516
49567
51595
49517
49568
51596
49518
49569
51597
49519
49570
51598
49520
49571
51599
49521
49572
51600
49522
49573
51601
49523
49574
51602
49524
49575
51603
49525
49576
51604
49526
49577
51605
49527
49578
51606
49528
49579
51607
49529
49580
51608
49530
49581
51609
49531
49582
51610
49532
49583
51611
49533
49584
51612
49534
49585
51613
49535
49586
51614
49536
49587
51615
49537
49588
51616
49538
49589
51617
49539
49590
51618
49540
49591
51619
49541
49592
51620
49542
49593
51621
49543
49594
51622
49544
49595
51623
49545
49596
51624
49546
49597
51625
49547
49598
51626
49548
49599
51627
49549
49600
51628
49550
49601
51629
49551
49602
51630
49552
49603
51631
49553
49604
51632
49554
49605
51633
49555
49606
51634
49607
51635
49557
49608
51636
49558
49609
51637
49559
49610
51638
49560
49611
51639
49561
49612
51640
49562
49613
51641
49563
49614
51642
49564
49615
51643
49565
49616
51644
49566
49617
51645
49567
49618
51646
49568
49619
51647
49569
49620
51648
49570
49621
51649
49571
49622
51650
49572
49623
51651
49573
49624
51652
49574
49625
51653
49575
49626
51654
49576
49627
51655
49577
49628
51656
49578
49629
51657
49579
49630
51658
49580
49631
51659
49581
49632
51660
49582
49633
51661
49583
49634
51662
49584
49635
51663
49585
49636
51664
49586
49637
51665
49587
49638
51666
49588
49639
51667
49589
49640
51668
49590
49641
51669
49591
49642
51670
49592
49643
51671
49593
49644
51672
49594
49645
51673
49595
49646
51674
49596
49647
51675
49597
49648
51676
49598
49649
51677
49599
49650
51678
49600
49651
51679
49601
49652
51680
49602
49653
51681
49603
49654
51682
49604
49655
51683
49605
49656
51684
49606
49657
51685
49607
49658
51686
49659
51687
49609
49660
51688
49610
49661
51689
49611
49662
51690
49612
49663
51691
49613
49664
51692
49614
49665
51693
49615
49666
51694
49616
49667
51695
49617
49668
51696
49618
49669
51697
49619
49670
51698
49620
49671
51699
49621
49672
51700
49622
49673
51701
49623
49674
51702
49624
49675
51703
49625
49676
51704
49626
49677
51705
49627
49678
51706
49628
49679
51707
49629
49680
51708
49630
49681
51709
49631
49682
51710
49632
49683
51711
49633
49684
51712
49634
49685
51713
49635
49686
51714
49636
49687
51715
49637
49688
51716
49638
49689
51717
49639
49690
51718
49640
49691
51719
49641
49692
51720
49642
49693
51721
49643
49694
51722
49644
49695
51723
49645
49696
51724
49646
49697
51725
49647
49698
51726
49648
49699
51727
49649
49700
51728
49650
49701
51729
49651
49702
51730
49652
49703
51731
49653
49704
51732
49654
49705
51733
49655
49706
51734
49656
49707
51735
49657
49708
51736
49658
49709
51737
49659
49710
51738
49711
51739
49661
49712
51740
49662
49713
51741
49663
49714
51742
49664
49715
51743
49665
49716
51744
49666
49717
51745
49667
49718
51746
49668
49719
51747
49669
49720
51748
49670
49721
51749
49671
49722
51750
49672
49723
51751
49673
49724
51752
49674
49725
51753
49675
49726
51754
49676
49727
51755
49677
49728
51756
49678
49729
51757
49679
49730
51758
49680
49731
51759
49681
49732
51760
49682
49733
51761
49683
49734
51762
49684
49735
51763
49685
49736
51764
49686
49737
51765
49687
49738
51766
49688
49739
51767
49689
49740
51768
49690
49741
51769
49691
49742
51770
49692
49743
51771
49693
49744
51772
49694
49745
51773
49695
49746
51774
49696
49747
51775
49697
49748
51776
49698
49749
51777
49699
49750
51778
49700
49751
51779
49701
49752
51780
49702
49753
51781
49703
49754
51782
49704
49755
51783
49705
49756
51784
49706
49757
51785
49707
49758
51786
49708
49759
51787
49709
49760
51788
49710
49761
51789
49711
49762
51790
49763
51791
49713
49764
51792
49714
49765
51793
49715
49766
51794
49716
49767
51795
49717
49768
51796
49718
49769
51797
49719
49770
51798
49720
49771
51799
49721
49772
51800
49722
49773
51801
49723
49774
51802
49724
49775
51803
49725
49776
51804
49726
49777
51805
49727
49778
51806
49728
49779
51807
49729
49780
51808
49730
49781
51809
49731
49782
51810
49732
49783
51811
49733
49784
51812
49734
49785
51813
49735
49786
51814
49736
49787
51815
49737
49788
51816
49738
49789
51817
49739
49790
51818
49740
49791
51819
49741
49792
51820
49742
49793
51821
49743
49794
51822
49744
49795
51823
49745
49796
51824
49746
49797
51825
49747
49798
51826
49748
49799
51827
49749
49800
51828
49750
49801
51829
49751
49802
51830
49752
49803
51831
49753
49804
51832
49754
49805
51833
49755
49806
51834
49756
49807
51835
49757
49808
51836
49758
49809
51837
49759
49810
51838
49760
49811
51839
49761
49812
51840
49762
49813
51841
49763
49814
51842
49815
51843
49765
49816
51844
49766
49817
51845
49767
49818
51846
49768
49819
51847
49769
49820
51848
49770
49821
51849
49771
49822
51850
49772
49823
51851
49773
49824
51852
49774
49825
51853
49775
49826
51854
49776
49827
51855
49777
49828
51856
49778
49829
51857
49779
49830
51858
49780
49831
51859
49781
49832
51860
49782
49833
51861
49783
49834
51862
49784
49835
51863
49785
49836
51864
49786
49837
51865
49787
49838
51866
49788
49839
51867
49789
49840
51868
49790
49841
51869
49791
49842
51870
49792
49843
51871
49793
49844
51872
49794
49845
51873
49795
49846
51874
49796
49847
51875
49797
49848
51876
49798
49849
51877
49799
49850
51878
49800
49851
51879
49801
49852
51880
49802
49853
51881
49803
49854
51882
49804
49855
51883
49805
49856
51884
49806
49857
51885
49807
49858
51886
49808
49859
51887
49809
49860
51888
49810
49861
51889
49811
49862
51890
49812
49863
51891
49813
49864
51892
49814
49865
51893
49815
49866
51894
49867
51895
49817
49868
51896
49818
49869
51897
49819
49870
51898
49820
49871
51899
49821
49872
51900
49822
49873
51901
49823
49874
51902
49824
49875
51903
49825
49876
51904
49826
49877
51905
49827
49878
51906
49828
49879
51907
49829
49880
51908
49830
49881
51909
49831
49882
51910
49832
49883
51911
49833
49884
51912
49834
49885
51913
49835
49886
51914
49836
49887
51915
49837
49888
51916
49838
49889
51917
49839
49890
51918
49840
49891
51919
49841
49892
51920
49842
49893
51921
49843
49894
51922
49844
49895
51923
49845
49896
51924
49846
49897
51925
49847
49898
51926
49848
49899
51927
49849
49900
51928
49850
49901
51929
49851
49902
51930
49852
49903
51931
49853
49904
51932
49854
49905
51933
49855
49906
51934
49856
49907
51935
49857
49908
51936
49858
49909
51937
49859
49910
51938
49860
49911
51939
49861
49912
51940
49862
49913
51941
49863
49914
51942
49864
49915
51943
49865
49916
51944
49866
49917
51945
49867
49918
51946
49919
51947
49869
51948
49870
51949
49871
51950
49872
51951
49873
51952
49874
51953
49875
51954
49876
51955
49877
51956
49878
51957
49879
51958
49880
51959
49881
51960
49882
51961
49883
51962
49884
51963
49885
51964
49886
51965
49887
51966
49888
51967
49889
51968
49890
51969
49891
51970
49892
51971
49893
51972
49894
51973
49895
51974
49896
51975
49897
51976
49898
51977
49899
51978
49900
51979
49901
51980
49902
51981
49903
51982
49904
51983
49905
51984
49906
51985
49907
51986
49908
51987
49909
51988
49910
51989
49911
51990
49912
51991
49913
51992
49914
51993
49915
51994
49916
51995
49917
51996
49918
51997
49919
51998
51999
49921
49972
52000
49922
49973
52001
49923
49974
52002
49924
49975
52003
49925
49976
52004
49926
49977
52005
49927
49978
52006
49928
49979
52007
49929
49980
52008
49930
49981
52009
49931
49982
52010
49932
49983
52011
49933
49984
52012
49934
49985
52013
49935
49986
52014
49936
49987
52015
49937
49988
52016
49938
49989
52017
49939
49990
52018
49940
49991
52019
49941
49992
52020
49942
49993
52021
49943
49994
52022
49944
49995
52023
49945
49996
52024
49946
49997
52025
49947
49998
52026
49948
49999
52027
49949
50000
52028
49950
50001
52029
49951
50002
52030
49952
50003
52031
49953
50004
52032
49954
50005
52033
49955
50006
52034
49956
50007
52035
49957
50008
52036
49958
50009
52037
49959
50010
52038
49960
50011
52039
49961
50012
52040
49962
50013
52041
49963
50014
52042
49964
50015
52043
49965
50016
52044
49966
50017
52045
49967
50018
52046
49968
50019
52047
49969
50020
52048
49970
50021
52049
49971
50022
52050
50023
52051
49973
50024
52052
49974
50025
52053
49975
50026
52054
49976
50027
52055
49977
50028
52056
49978
50029
52057
49979
50030
52058
49980
50031
52059
49981
50032
52060
49982
50033
52061
49983
50034
52062
49984
50035
52063
49985
50036
52064
49986
50037
52065
49987
50038
52066
49988
50039
52067
49989
50040
52068
49990
50041
52069
49991
50042
52070
49992
50043
52071
49993
50044
52072
49994
50045
52073
49995
50046
52074
49996
50047
52075
49997
50048
52076
49998
50049
52077
49999
50050
52078
50000
50051
52079
50001
50052
52080
50002
50053
52081
50003
50054
52082
50004
50055
52083
50005
50056
52084
50006
50057
52085
50007
50058
52086
50008
50059
52087
50009
50060
52088
50010
50061
52089
50011
50062
52090
50012
50063
52091
50013
50064
52092
50014
50065
52093
50015
50066
52094
50016
50067
52095
50017
50068
52096
50018
50069
52097
50019
50070
52098
50020
50071
52099
50021
50072
52100
50022
50073
52101
50023
50074
52102
50075
52103
50025
50076
52104
50026
50077
52105
50027
50078
52106
50028
50079
52107
50029
50080
52108
50030
50081
52109
50031
50082
52110
50032
50083
52111
50033
50084
52112
50034
50085
52113
50035
50086
52114
50036
50087
52115
50037
50088
52116
50038
50089
52117
50039
50090
52118
50040
50091
52119
50041
50092
52120
50042
50093
52121
50043
50094
52122
50044
50095
52123
50045
50096
52124
50046
50097
52125
50047
50098
52126
50048
50099
52127
50049
50100
52128
50050
50101
52129
50051
50102
52130
50052
50103
52131
50053
50104
52132
50054
50105
52133
50055
50106
52134
50056
50107
52135
50057
50108
52136
50058
50109
52137
50059
50110
52138
50060
50111
52139
50061
50112
52140
50062
50113
52141
50063
50114
52142
50064
50115
52143
50065
50116
52144
50066
50117
52145
50067
50118
52146
50068
50119
52147
50069
50120
52148
50070
50121
52149
50071
50122
52150
50072
50123
52151
50073
50124
52152
50074
50125
52153
50075
50126
52154
50127
52155
50077
50128
52156
50078
50129
52157
50079
50130
52158
50080
50131
52159
50081
50132
52160
50082
50133
52161
50083
50134
52162
50084
50135
52163
50085
50136
52164
50086
50137
52165
50087
50138
52166
50088
50139
52167
50089
50140
52168
50090
50141
52169
50091
50142
52170
50092
50143
52171
50093
50144
52172
50094
50145
52173
50095
50146
52174
50096
50147
52175
50097
50148
52176
50098
50149
52177
50099
50150
52178
50100
50151
52179
50101
50152
52180
50102
50153
52181
50103
50154
52182
50104
50155
52183
50105
50156
52184
50106
50157
52185
50107
50158
52186
50108
50159
52187
50109
50160
52188
50110
50161
52189
50111
50162
52190
50112
50163
52191
50113
50164
52192
50114
50165
52193
50115
50166
52194
50116
50167
52195
50117
50168
52196
50118
50169
52197
50119
50170
52198
50120
50171
52199
50121
50172
52200
50122
50173
52201
50123
50174
52202
50124
50175
52203
50125
50176
52204
50126
50177
52205
50127
50178
52206
50179
52207
50129
50180
52208
50130
50181
52209
50131
50182
52210
50132
50183
52211
50133
50184
52212
50134
50185
52213
50135
50186
52214
50136
50187
52215
50137
50188
52216
50138
50189
52217
50139
50190
52218
50140
50191
52219
50141
50192
52220
50142
50193
52221
50143
50194
52222
50144
50195
52223
50145
50196
52224
50146
50197
52225
50147
50198
52226
50148
50199
52227
50149
50200
52228
50150
50201
52229
50151
50202
52230
50152
50203
52231
50153
50204
52232
50154
50205
52233
50155
50206
52234
50156
50207
52235
50157
50208
52236
50158
50209
52237
50159
50210
52238
50160
50211
52239
50161
50212
52240
50162
50213
52241
50163
50214
52242
50164
50215
52243
50165
50216
52244
50166
50217
52245
50167
50218
52246
50168
50219
52247
50169
50220
52248
50170
50221
52249
50171
50222
52250
50172
50223
52251
50173
50224
52252
50174
50225
52253
50175
50226
52254
50176
50227
52255
50177
50228
52256
50178
50229
52257
50179
50230
52258
50231
52259
50181
50232
52260
50182
50233
52261
50183
50234
52262
50184
50235
52263
50185
50236
52264
50186
50237
52265
50187
50238
52266
50188
50239
52267
50189
50240
52268
50190
50241
52269
50191
50242
52270
50192
50243
52271
50193
50244
52272
50194
50245
52273
50195
50246
52274
50196
50247
52275
50197
50248
52276
50198
50249
52277
50199
50250
52278
50200
50251
52279
50201
50252
52280
50202
50253
52281
50203
50254
52282
50204
50255
52283
50205
50256
52284
50206
50257
52285
50207
50258
52286
50208
50259
52287
50209
50260
52288
50210
50261
52289
50211
50262
52290
50212
50263
52291
50213
50264
52292
50214
50265
52293
50215
50266
52294
50216
50267
52295
50217
50268
52296
50218
50269
52297
50219
50270
52298
50220
50271
52299
50221
50272
52300
50222
50273
52301
50223
50274
52302
50224
50275
52303
50225
50276
52304
50226
50277
52305
50227
50278
52306
50228
50279
52307
50229
50280
52308
50230
50281
52309
50231
50282
52310
50283
52311
50233
50284
52312
50234
50285
52313
50235
50286
52314
50236
50287
52315
50237
50288
52316
50238
50289
52317
50239
50290
52318
50240
50291
52319
50241
50292
52320
50242
50293
52321
50243
50294
52322
50244
50295
52323
50245
50296
52324
50246
50297
52325
50247
50298
52326
50248
50299
52327
50249
50300
52328
50250
50301
52329
50251
50302
52330
50252
50303
52331
50253
50304
52332
50254
50305
52333
50255
50306
52334
50256
50307
52335
50257
50308
52336
50258
50309
52337
50259
50310
52338
50260
50311
52339
50261
50312
52340
50262
50313
52341
50263
50314
52342
50264
50315
52343
50265
50316
52344
50266
50317
52345
50267
50318
52346
50268
50319
52347
50269
50320
52348
50270
50321
52349
50271
50322
52350
50272
50323
52351
50273
50324
52352
50274
50325
52353
50275
50326
52354
50276
50327
52355
50277
50328
52356
50278
50329
52357
50279
50330
52358
50280
50331
52359
50281
50332
52360
50282
50333
52361
50283
50334
52362
50335
52363
50285
50336
52364
50286
50337
52365
50287
50338
52366
50288
50339
52367
50289
50340
52368
50290
50341
52369
50291
50342
52370
50292
50343
52371
50293
50344
52372
50294
50345
52373
50295
50346
52374
50296
50347
52375
50297
50348
52376
50298
50349
52377
50299
50350
52378
50300
50351
52379
50301
50352
52380
50302
50353
52381
50303
50354
52382
50304
50355
52383
50305
50356
52384
50306
50357
52385
50307
50358
52386
50308
50359
52387
50309
50360
52388
50310
50361
52389
50311
50362
52390
50312
50363
52391
50313
50364
52392
50314
50365
52393
50315
50366
52394
50316
50367
52395
50317
50368
52396
50318
50369
52397
50319
50370
52398
50320
50371
52399
50321
50372
52400
50322
50373
52401
50323
50374
52402
50324
50375
52403
50325
50376
52404
50326
50377
52405
50327
50378
52406
50328
50379
52407
50329
50380
52408
50330
50381
52409
50331
50382
52410
50332
50383
52411
50333
50384
52412
50334
50385
52413
50335
50386
52414
50387
52415
50337
50388
52416
50338
50389
52417
50339
50390
52418
50340
50391
52419
50341
50392
52420
50342
50393
52421
50343
50394
52422
50344
50395
52423
50345
50396
52424
50346
50397
52425
50347
50398
52426
50348
50399
52427
50349
50400
52428
50350
50401
52429
50351
50402
52430
50352
50403
52431
50353
50404
52432
50354
50405
52433
50355
50406
52434
50356
50407
52435
50357
50408
52436
50358
50409
52437
50359
50410
52438
50360
50411
52439
50361
50412
52440
50362
50413
52441
50363
50414
52442
50364
50415
52443
50365
50416
52444
50366
50417
52445
50367
50418
52446
50368
50419
52447
50369
50420
52448
50370
50421
52449
50371
50422
52450
50372
50423
52451
50373
50424
52452
50374
50425
52453
50375
50426
52454
50376
50427
52455
50377
50428
52456
50378
50429
52457
50379
50430
52458
50380
50431
52459
50381
50432
52460
50382
50433
52461
50383
50434
52462
50384
50435
52463
50385
50436
52464
50386
50437
52465
50387
50438
52466
50439
52467
50389
50440
52468
50390
50441
52469
50391
50442
52470
50392
50443
52471
50393
50444
52472
50394
50445
52473
50395
50446
52474
50396
50447
52475
50397
50448
52476
50398
50449
52477
50399
50450
52478
50400
50451
52479
50401
50452
52480
50402
50453
52481
50403
50454
52482
50404
50455
52483
50405
50456
52484
50406
50457
52485
50407
50458
52486
50408
50459
52487
50409
50460
52488
50410
50461
52489
50411
50462
52490
50412
50463
52491
50413
50464
52492
50414
50465
52493
50415
50466
52494
50416
50467
52495
50417
50468
52496
50418
50469
52497
50419
50470
52498
50420
50471
52499
50421
50472
52500
50422
50473
52501
50423
50474
52502
50424
50475
52503
50425
50476
52504
50426
50477
52505
50427
50478
52506
50428
50479
52507
50429
50480
52508
50430
50481
52509
50431
50482
52510
50432
50483
52511
50433
50484
52512
50434
50485
52513
50435
50486
52514
50436
50487
52515
50437
50488
52516
50438
50489
52517
50439
50490
52518
50491
52519
50441
50492
52520
50442
50493
52521
50443
50494
52522
50444
50495
52523
50445
50496
52524
50446
50497
52525
50447
50498
52526
50448
50499
52527
50449
50500
52528
50450
50501
52529
50451
50502
52530
50452
50503
52531
50453
50504
52532
50454
50505
52533
50455
50506
52534
50456
50507
52535
50457
50508
52536
50458
50509
52537
50459
50510
52538
50460
50511
52539
50461
50512
52540
50462
50513
52541
50463
50514
52542
50464
50515
52543
50465
50516
52544
50466
50517
52545
50467
50518
52546
50468
50519
52547
50469
50520
52548
50470
50521
52549
50471
50522
52550
50472
50523
52551
50473
50524
52552
50474
50525
52553
50475
50526
52554
50476
50527
52555
50477
50528
52556
50478
50529
52557
50479
50530
52558
50480
50531
52559
50481
50532
52560
50482
50533
52561
50483
50534
52562
50484
50535
52563
50485
50536
52564
50486
50537
52565
50487
50538
52566
50488
50539
52567
50489
50540
52568
50490
50541
52569
50491
50542
52570
50543
52571
50493
50544
52572
50494
50545
52573
50495
50546
52574
50496
50547
52575
50497
50548
52576
50498
50549
52577
50499
50550
52578
50500
50551
52579
50501
50552
52580
50502
50553
52581
50503
50554
52582
50504
50555
52583
50505
50556
52584
50506
50557
52585
50507
50558
52586
50508
50559
52587
50509
50560
52588
50510
50561
52589
50511
50562
52590
50512
50563
52591
50513
50564
52592
50514
50565
52593
50515
50566
52594
50516
50567
52595
50517
50568
52596
50518
50569
52597
50519
50570
52598
50520
50571
52599
50521
50572
52600
50522
50573
52601
50523
50574
52602
50524
50575
52603
50525
50576
52604
50526
50577
52605
50527
50578
52606
50528
50579
52607
50529
50580
52608
50530
50581
52609
50531
50582
52610
50532
50583
52611
50533
50584
52612
50534
50585
52613
50535
50586
52614
50536
50587
52615
50537
50588
52616
50538
50589
52617
50539
50590
52618
50540
50591
52619
50541
50592
52620
50542
50593
52621
50543
50594
52622
50595
52623
50545
50596
52624
50546
50597
52625
50547
50598
52626
50548
50599
52627
50549
50600
52628
50550
50601
52629
50551
50602
52630
50552
50603
52631
50553
50604
52632
50554
50605
52633
50555
50606
52634
50556
50607
52635
50557
50608
52636
50558
50609
52637
50559
50610
52638
50560
50611
52639
50561
50612
52640
50562
50613
52641
50563
50614
52642
50564
50615
52643
50565
50616
52644
50566
50617
52645
50567
50618
52646
50568
50619
52647
50569
50620
52648
50570
50621
52649
50571
50622
52650
50572
50623
52651
50573
50624
52652
50574
50625
52653
50575
50626
52654
50576
50627
52655
50577
50628
52656
50578
50629
52657
50579
50630
52658
50580
50631
52659
50581
50632
52660
50582
50633
52661
50583
50634
52662
50584
50635
52663
50585
50636
52664
50586
50637
52665
50587
50638
52666
50588
50639
52667
50589
50640
52668
50590
50641
52669
50591
50642
52670
50592
50643
52671
50593
50644
52672
50594
50645
52673
50595
50646
52674
50647
52675
50597
50648
52676
50598
50649
52677
50599
50650
52678
50600
50651
52679
50601
50652
52680
50602
50653
52681
50603
50654
52682
50604
50655
52683
50605
50656
52684
50606
50657
52685
50607
50658
52686
50608
50659
52687
50609
50660
52688
50610
50661
52689
50611
50662
52690
50612
50663
52691
50613
50664
52692
50614
50665
52693
50615
50666
52694
50616
50667
52695
50617
50668
52696
50618
50669
52697
50619
50670
52698
50620
50671
52699
50621
50672
52700
50622
50673
52701
50623
50674
52702
50624
50675
52703
50625
50676
52704
50626
50677
52705
50627
50678
52706
50628
50679
52707
50629
50680
52708
50630
50681
52709
50631
50682
52710
50632
50683
52711
50633
50684
52712
50634
50685
52713
50635
50686
52714
50636
50687
52715
50637
50688
52716
50638
50689
52717
50639
50690
52718
50640
50691
52719
50641
50692
52720
50642
50693
52721
50643
50694
52722
50644
50695
52723
50645
50696
52724
50646
50697
52725
50647
50698
52726
50699
52727
50649
50700
52728
50650
50701
52729
50651
50702
52730
50652
50703
52731
50653
50704
52732
50654
50705
52733
50655
50706
52734
50656
50707
52735
50657
50708
52736
50658
50709
52737
50659
50710
52738
50660
50711
52739
50661
50712
52740
50662
50713
52741
50663
50714
52742
50664
50715
52743
50665
50716
52744
50666
50717
52745
50667
50718
52746
50668
50719
52747
50669
50720
52748
50670
50721
52749
50671
50722
52750
50672
50723
52751
50673
50724
52752
50674
50725
52753
50675
50726
52754
50676
50727
52755
50677
50728
52756
50678
50729
52757
50679
50730
52758
50680
50731
52759
50681
50732
52760
50682
50733
52761
50683
50734
52762
50684
50735
52763
50685
50736
52764
50686
50737
52765
50687
50738
52766
50688
50739
52767
50689
50740
52768
50690
50741
52769
50691
50742
52770
50692
50743
52771
50693
50744
52772
50694
50745
52773
50695
50746
52774
50696
50747
52775
50697
50748
52776
50698
50749
52777
50699
50750
52778
50751
52779
50701
50752
52780
50702
50753
52781
50703
50754
52782
50704
50755
52783
50705
50756
52784
50706
50757
52785
50707
50758
52786
50708
50759
52787
50709
50760
52788
50710
50761
52789
50711
50762
52790
50712
50763
52791
50713
50764
52792
50714
50765
52793
50715
50766
52794
50716
50767
52795
50717
50768
52796
50718
50769
52797
50719
50770
52798
50720
50771
52799
50721
50772
52800
50722
50773
52801
50723
50774
52802
50724
50775
52803
50725
50776
52804
50726
50777
52805
50727
50778
52806
50728
50779
52807
50729
50780
52808
50730
50781
52809
50731
50782
52810
50732
50783
52811
50733
50784
52812
50734
50785
52813
50735
50786
52814
50736
50787
52815
50737
50788
52816
50738
50789
52817
50739
50790
52818
50740
50791
52819
50741
50792
52820
50742
50793
52821
50743
50794
52822
50744
50795
52823
50745
50796
52824
50746
50797
52825
50747
50798
52826
50748
50799
52827
50749
50800
52828
50750
50801
52829
50751
50802
52830
50803
52831
50753
50804
52832
50754
50805
52833
50755
50806
52834
50756
50807
52835
50757
50808
52836
50758
50809
52837
50759
50810
52838
50760
50811
52839
50761
50812
52840
50762
50813
52841
50763
50814
52842
50764
50815
52843
50765
50816
52844
50766
50817
52845
50767
50818
52846
50768
50819
52847
50769
50820
52848
50770
50821
52849
50771
50822
52850
50772
50823
52851
50773
50824
52852
50774
50825
52853
50775
50826
52854
50776
50827
52855
50777
50828
52856
50778
50829
52857
50779
50830
52858
50780
50831
52859
50781
50832
52860
50782
50833
52861
50783
50834
52862
50784
50835
52863
50785
50836
52864
50786
50837
52865
50787
50838
52866
50788
50839
52867
50789
50840
52868
50790
50841
52869
50791
50842
52870
50792
50843
52871
50793
50844
52872
50794
50845
52873
50795
50846
52874
50796
50847
52875
50797
50848
52876
50798
50849
52877
50799
50850
52878
50800
50851
52879
50801
50852
52880
50802
50853
52881
50803
50854
52882
50855
52883
50805
50856
52884
50806
50857
52885
50807
50858
52886
50808
50859
52887
50809
50860
52888
50810
50861
52889
50811
50862
52890
50812
50863
52891
50813
50864
52892
50814
50865
52893
50815
50866
52894
50816
50867
52895
50817
50868
52896
50818
50869
52897
50819
50870
52898
50820
50871
52899
50821
50872
52900
50822
50873
52901
50823
50874
52902
50824
50875
52903
50825
50876
52904
50826
50877
52905
50827
50878
52906
50828
50879
52907
50829
50880
52908
50830
50881
52909
50831
50882
52910
50832
50883
52911
50833
50884
52912
50834
50885
52913
50835
50886
52914
50836
50887
52915
50837
50888
52916
50838
50889
52917
50839
50890
52918
50840
50891
52919
50841
50892
52920
50842
50893
52921
50843
50894
52922
50844
50895
52923
50845
50896
52924
50846
50897
52925
50847
50898
52926
50848
50899
52927
50849
50900
52928
50850
50901
52929
50851
50902
52930
50852
50903
52931
50853
50904
52932
50854
50905
52933
50855
50906
52934
50907
52935
50857
50908
52936
50858
50909
52937
50859
50910
52938
50860
50911
52939
50861
50912
52940
50862
50913
52941
50863
50914
52942
50864
50915
52943
50865
50916
52944
50866
50917
52945
50867
50918
52946
50868
50919
52947
50869
50920
52948
50870
50921
52949
50871
50922
52950
50872
50923
52951
50873
50924
52952
50874
50925
52953
50875
50926
52954
50876
50927
52955
50877
50928
52956
50878
50929
52957
50879
50930
52958
50880
50931
52959
50881
50932
52960
50882
50933
52961
50883
50934
52962
50884
50935
52963
50885
50936
52964
50886
50937
52965
50887
50938
52966
50888
50939
52967
50889
50940
52968
50890
50941
52969
50891
50942
52970
50892
50943
52971
50893
50944
52972
50894
50945
52973
50895
50946
52974
50896
50947
52975
50897
50948
52976
50898
50949
52977
50899
50950
52978
50900
50951
52979
50901
50952
52980
50902
50953
52981
50903
50954
52982
50904
50955
52983
50905
50956
52984
50906
50957
52985
50907
50958
52986
50959
52987
50909
50960
52988
50910
50961
52989
50911
50962
52990
50912
50963
52991
50913
50964
52992
50914
50965
52993
50915
50966
52994
50916
50967
52995
50917
50968
52996
50918
50969
52997
50919
50970
52998
50920
50971
52999
50921
50972
53000
50922
50973
53001
50923
50974
53002
50924
50975
53003
50925
50976
53004
50926
50977
53005
50927
50978
53006
50928
50979
53007
50929
50980
53008
50930
50981
53009
50931
50982
53010
50932
50983
53011
50933
50984
53012
50934
50985
53013
50935
50986
53014
50936
50987
53015
50937
50988
53016
50938
50989
53017
50939
50990
53018
50940
50991
53019
50941
50992
53020
50942
50993
53021
50943
50994
53022
50944
50995
53023
50945
50996
53024
50946
50997
53025
50947
50998
53026
50948
50999
53027
50949
51000
53028
50950
51001
53029
50951
51002
53030
50952
51003
53031
50953
51004
53032
50954
51005
53033
50955
51006
53034
50956
51007
53035
50957
51008
53036
50958
51009
53037
50959
51010
53038
51011
53039
50961
51012
53040
50962
51013
53041
50963
51014
53042
50964
51015
53043
50965
51016
53044
50966
51017
53045
50967
51018
53046
50968
51019
53047
50969
51020
53048
50970
51021
53049
50971
51022
53050
50972
51023
53051
50973
51024
53052
50974
51025
53053
50975
51026
53054
50976
51027
53055
50977
51028
53056
50978
51029
53057
50979
51030
53058
50980
51031
53059
50981
51032
53060
50982
51033
53061
50983
51034
53062
50984
51035
53063
50985
51036
53064
50986
51037
53065
50987
51038
53066
50988
51039
53067
50989
51040
53068
50990
51041
53069
50991
51042
53070
50992
51043
53071
50993
51044
53072
50994
51045
53073
50995
51046
53074
50996
51047
53075
50997
51048
53076
50998
51049
53077
50999
51050
53078
51000
51051
53079
51001
51052
53080
51002
51053
53081
51003
51054
53082
51004
51055
53083
51005
51056
53084
51006
51057
53085
51007
51058
53086
51008
51059
53087
51009
51060
53088
51010
51061
53089
51011
51062
53090
51063
53091
51013
51064
53092
51014
51065
53093
51015
51066
53094
51016
51067
53095
51017
51068
53096
51018
51069
53097
51019
51070
53098
51020
51071
53099
51021
51072
53100
51022
51073
53101
51023
51074
53102
51024
51075
53103
51025
51076
53104
51026
51077
53105
51027
51078
53106
51028
51079
53107
51029
51080
53108
51030
51081
53109
51031
51082
53110
51032
51083
53111
51033
51084
53112
51034
51085
53113
51035
51086
53114
51036
51087
53115
51037
51088
53116
51038
51089
53117
51039
51090
53118
51040
51091
53119
51041
51092
53120
51042
51093
53121
51043
51094
53122
51044
51095
53123
51045
51096
53124
51046
51097
53125
51047
51098
53126
51048
51099
53127
51049
51100
53128
51050
51101
53129
51051
51102
53130
51052
51103
53131
51053
51104
53132
51054
51105
53133
51055
51106
53134
51056
51107
53135
51057
51108
53136
51058
51109
53137
51059
51110
53138
51060
51111
53139
51061
51112
53140
51062
51113
53141
51063
51114
53142
51115
53143
51065
51116
53144
51066
51117
53145
51067
51118
53146
51068
51119
53147
51069
51120
53148
51070
51121
53149
51071
51122
53150
51072
51123
53151
51073
51124
53152
51074
51125
53153
51075
51126
53154
51076
51127
53155
51077
51128
53156
51078
51129
53157
51079
51130
53158
51080
51131
53159
51081
51132
53160
51082
51133
53161
51083
51134
53162
51084
51135
53163
51085
51136
53164
51086
51137
53165
51087
51138
53166
51088
51139
53167
51089
51140
53168
51090
51141
53169
51091
51142
53170
51092
51143
53171
51093
51144
53172
51094
51145
53173
51095
51146
53174
51096
51147
53175
51097
51148
53176
51098
51149
53177
51099
51150
53178
51100
51151
53179
51101
51152
53180
51102
51153
53181
51103
51154
53182
51104
51155
53183
51105
51156
53184
51106
51157
53185
51107
51158
53186
51108
51159
53187
51109
51160
53188
51110
51161
53189
51111
51162
53190
51112
51163
53191
51113
51164
53192
51114
51165
53193
51115
51166
53194
51167
53195
51117
51168
53196
51118
51169
53197
51119
51170
53198
51120
51171
53199
51121
51172
53200
51122
51173
53201
51123
51174
53202
51124
51175
53203
51125
51176
53204
51126
51177
53205
51127
51178
53206
51128
51179
53207
51129
51180
53208
51130
51181
53209
51131
51182
53210
51132
51183
53211
51133
51184
53212
51134
51185
53213
51135
51186
53214
51136
51187
53215
51137
51188
53216
51138
51189
53217
51139
51190
53218
51140
51191
53219
51141
51192
53220
51142
51193
53221
51143
51194
53222
51144
51195
53223
51145
51196
53224
51146
51197
53225
51147
51198
53226
51148
51199
53227
51149
51200
53228
51150
51201
53229
51151
51202
53230
51152
51203
53231
51153
51204
53232
51154
51205
53233
51155
51206
53234
51156
51207
53235
51157
51208
53236
51158
51209
53237
51159
51210
53238
51160
51211
53239
51161
51212
53240
51162
51213
53241
51163
51214
53242
51164
51215
53243
51165
51216
53244
51166
51217
53245
51167
51218
53246
51219
53247
51169
51220
53248
51170
51221
53249
51171
51222
53250
51172
51223
53251
51173
51224
53252
51174
51225
53253
51175
51226
53254
51176
51227
53255
51177
51228
53256
51178
51229
53257
51179
51230
53258
51180
51231
53259
51181
51232
53260
51182
51233
53261
51183
51234
53262
51184
51235
53263
51185
51236
53264
51186
51237
53265
51187
51238
53266
51188
51239
53267
51189
51240
53268
51190
51241
53269
51191
51242
53270
51192
51243
53271
51193
51244
53272
51194
51245
53273
51195
51246
53274
51196
51247
53275
51197
51248
53276
51198
51249
53277
51199
51250
53278
51200
51251
53279
51201
51252
53280
51202
51253
53281
51203
51254
53282
51204
51255
53283
51205
51256
53284
51206
51257
53285
51207
51258
53286
51208
51259
53287
51209
51260
53288
51210
51261
53289
51211
51262
53290
51212
51263
53291
51213
51264
53292
51214
51265
53293
51215
51266
53294
51216
51267
53295
51217
51268
53296
51218
51269
53297
51219
51270
53298
51271
53299
51221
51272
53300
51222
51273
53301
51223
51274
53302
51224
51275
53303
51225
51276
53304
51226
51277
53305
51227
51278
53306
51228
51279
53307
51229
51280
53308
51230
51281
53309
51231
51282
53310
51232
51283
53311
51233
51284
53312
51234
51285
53313
51235
51286
53314
51236
51287
53315
51237
51288
53316
51238
51289
53317
51239
51290
53318
51240
51291
53319
51241
51292
53320
51242
51293
53321
51243
51294
53322
51244
51295
53323
51245
51296
53324
51246
51297
53325
51247
51298
53326
51248
51299
53327
51249
51300
53328
51250
51301
53329
51251
51302
53330
51252
51303
53331
51253
51304
53332
51254
51305
53333
51255
51306
53334
51256
51307
53335
51257
51308
53336
51258
51309
53337
51259
51310
53338
51260
51311
53339
51261
51312
53340
51262
51313
53341
51263
51314
53342
51264
51315
53343
51265
51316
53344
51266
51317
53345
51267
51318
53346
51268
51319
53347
51269
51320
53348
51270
51321
53349
51271
51322
53350
51323
53351
51273
51324
53352
51274
51325
53353
51275
51326
53354
51276
51327
53355
51277
51328
53356
51278
51329
53357
51279
51330
53358
51280
51331
53359
51281
51332
53360
51282
51333
53361
51283
51334
53362
51284
51335
53363
51285
51336
53364
51286
51337
53365
51287
51338
53366
51288
51339
53367
51289
51340
53368
51290
51341
53369
51291
51342
53370
51292
51343
53371
51293
51344
53372
51294
51345
53373
51295
51346
53374
51296
51347
53375
51297
51348
53376
51298
51349
53377
51299
51350
53378
51300
51351
53379
51301
51352
53380
51302
51353
53381
51303
51354
53382
51304
51355
53383
51305
51356
53384
51306
51357
53385
51307
51358
53386
51308
51359
53387
51309
51360
53388
51310
51361
53389
51311
51362
53390
51312
51363
53391
51313
51364
53392
51314
51365
53393
51315
51366
53394
51316
51367
53395
51317
51368
53396
51318
51369
53397
51319
51370
53398
51320
51371
53399
51321
51372
53400
51322
51373
53401
51323
51374
53402
51375
53403
51325
51376
53404
51326
51377
53405
51327
51378
53406
51328
51379
53407
51329
51380
53408
51330
51381
53409
51331
51382
53410
51332
51383
53411
51333
51384
53412
51334
51385
53413
51335
51386
53414
51336
51387
53415
51337
51388
53416
51338
51389
53417
51339
51390
53418
51340
51391
53419
51341
51392
53420
51342
51393
53421
51343
51394
53422
51344
51395
53423
51345
51396
53424
51346
51397
53425
51347
51398
53426
51348
51399
53427
51349
51400
53428
51350
51401
53429
51351
51402
53430
51352
51403
53431
51353
51404
53432
51354
51405
53433
51355
51406
53434
51356
51407
53435
51357
51408
53436
51358
51409
53437
51359
51410
53438
51360
51411
53439
51361
51412
53440
51362
51413
53441
51363
51414
53442
51364
51415
53443
51365
51416
53444
51366
51417
53445
51367
51418
53446
51368
51419
53447
51369
51420
53448
51370
51421
53449
51371
51422
53450
51372
51423
53451
51373
51424
53452
51374
51425
53453
51375
51426
53454
51427
53455
51377
51428
53456
51378
51429
53457
51379
51430
53458
51380
51431
53459
51381
51432
53460
51382
51433
53461
51383
51434
53462
51384
51435
53463
51385
51436
53464
51386
51437
53465
51387
51438
53466
51388
51439
53467
51389
51440
53468
51390
51441
53469
51391
51442
53470
51392
51443
53471
51393
51444
53472
51394
51445
53473
51395
51446
53474
51396
51447
53475
51397
51448
53476
51398
51449
53477
51399
51450
53478
51400
51451
53479
51401
51452
53480
51402
51453
53481
51403
51454
53482
51404
51455
53483
51405
51456
53484
51406
51457
53485
51407
51458
53486
51408
51459
53487
51409
51460
53488
51410
51461
53489
51411
51462
53490
51412
51463
53491
51413
51464
53492
51414
51465
53493
51415
51466
53494
51416
51467
53495
51417
51468
53496
51418
51469
53497
51419
51470
53498
51420
51471
53499
51421
51472
53500
51422
51473
53501
51423
51474
53502
51424
51475
53503
51425
51476
53504
51426
51477
53505
51427
51478
53506
51479
53507
51429
51480
53508
51430
51481
53509
51431
51482
53510
51432
51483
53511
51433
51484
53512
51434
51485
53513
51435
51486
53514
51436
51487
53515
51437
51488
53516
51438
51489
53517
51439
51490
53518
51440
51491
53519
51441
51492
53520
51442
51493
53521
51443
51494
53522
51444
51495
53523
51445
51496
53524
51446
51497
53525
51447
51498
53526
51448
51499
53527
51449
51500
53528
51450
51501
53529
51451
51502
53530
51452
51503
53531
51453
51504
53532
51454
51505
53533
51455
51506
53534
51456
51507
53535
51457
51508
53536
51458
51509
53537
51459
51510
53538
51460
51511
53539
51461
51512
53540
51462
51513
53541
51463
51514
53542
51464
51515
53543
51465
51516
53544
51466
51517
53545
51467
51518
53546
51468
51519
53547
51469
51520
53548
51470
51521
53549
51471
51522
53550
51472
51523
53551
51473
51524
53552
51474
51525
53553
51475
51526
53554
51476
51527
53555
51477
51528
53556
51478
51529
53557
51479
51530
53558
51531
53559
51481
51532
53560
51482
51533
53561
51483
51534
53562
51484
51535
53563
51485
51536
53564
51486
51537
53565
51487
51538
53566
51488
51539
53567
51489
51540
53568
51490
51541
53569
51491
51542
53570
51492
51543
53571
51493
51544
53572
51494
51545
53573
51495
51546
53574
51496
51547
53575
51497
51548
53576
51498
51549
53577
51499
51550
53578
51500
51551
53579
51501
51552
53580
51502
51553
53581
51503
51554
53582
51504
51555
53583
51505
51556
53584
51506
51557
53585
51507
51558
53586
51508
51559
53587
51509
51560
53588
51510
51561
53589
51511
51562
53590
51512
51563
53591
51513
51564
53592
51514
51565
53593
51515
51566
53594
51516
51567
53595
51517
51568
53596
51518
51569
53597
51519
51570
53598
51520
51571
53599
51521
51572
53600
51522
51573
53601
51523
51574
53602
51524
51575
53603
51525
51576
53604
51526
51577
53605
51527
51578
53606
51528
51579
53607
51529
51580
53608
51530
51581
53609
51531
51582
53610
51583
53611
51533
51584
53612
51534
51585
53613
51535
51586
53614
51536
51587
53615
51537
51588
53616
51538
51589
53617
51539
51590
53618
51540
51591
53619
51541
51592
53620
51542
51593
53621
51543
51594
53622
51544
51595
53623
51545
51596
53624
51546
51597
53625
51547
51598
53626
51548
51599
53627
51549
51600
53628
51550
51601
53629
51551
51602
53630
51552
51603
53631
51553
51604
53632
51554
51605
53633
51555
51606
53634
51556
51607
53635
51557
51608
53636
51558
51609
53637
51559
51610
53638
51560
51611
53639
51561
51612
53640
51562
51613
53641
51563
51614
53642
51564
51615
53643
51565
51616
53644
51566
51617
53645
51567
51618
53646
51568
51619
53647
51569
51620
53648
51570
51621
53649
51571
51622
53650
51572
51623
53651
51573
51624
53652
51574
51625
53653
51575
51626
53654
51576
51627
53655
51577
51628
53656
51578
51629
53657
51579
51630
53658
51580
51631
53659
51581
51632
53660
51582
51633
53661
51583
51634
53662
51635
53663
51585
51636
53664
51586
51637
53665
51587
51638
53666
51588
51639
53667
51589
51640
53668
51590
51641
53669
51591
51642
53670
51592
51643
53671
51593
51644
53672
51594
51645
53673
51595
51646
53674
51596
51647
53675
51597
51648
53676
51598
51649
53677
51599
51650
53678
51600
51651
53679
51601
51652
53680
51602
51653
53681
51603
51654
53682
51604
51655
53683
51605
51656
53684
51606
51657
53685
51607
51658
53686
51608
51659
53687
51609
51660
53688
51610
51661
53689
51611
51662
53690
51612
51663
53691
51613
51664
53692
51614
51665
53693
51615
51666
53694
51616
51667
53695
51617
51668
53696
51618
51669
53697
51619
51670
53698
51620
51671
53699
51621
51672
53700
51622
51673
53701
51623
51674
53702
51624
51675
53703
51625
51676
53704
51626
51677
53705
51627
51678
53706
51628
51679
53707
51629
51680
53708
51630
51681
53709
51631
51682
53710
51632
51683
53711
51633
51684
53712
51634
51685
53713
51635
51686
53714
51687
53715
51637
51688
53716
51638
51689
53717
51639
51690
53718
51640
51691
53719
51641
51692
53720
51642
51693
53721
51643
51694
53722
51644
51695
53723
51645
51696
53724
51646
51697
53725
51647
51698
53726
51648
51699
53727
51649
51700
53728
51650
51701
53729
51651
51702
53730
51652
51703
53731
51653
51704
53732
51654
51705
53733
51655
51706
53734
51656
51707
53735
51657
51708
53736
51658
51709
53737
51659
51710
53738
51660
51711
53739
51661
51712
53740
51662
51713
53741
51663
51714
53742
51664
51715
53743
51665
51716
53744
51666
51717
53745
51667
51718
53746
51668
51719
53747
51669
51720
53748
51670
51721
53749
51671
51722
53750
51672
51723
53751
51673
51724
53752
51674
51725
53753
51675
51726
53754
51676
51727
53755
51677
51728
53756
51678
51729
53757
51679
51730
53758
51680
51731
53759
51681
51732
53760
51682
51733
53761
51683
51734
53762
51684
51735
53763
51685
51736
53764
51686
51737
53765
51687
51738
53766
51739
53767
51689
51740
53768
51690
51741
53769
51691
51742
53770
51692
51743
53771
51693
51744
53772
51694
51745
53773
51695
51746
53774
51696
51747
53775
51697
51748
53776
51698
51749
53777
51699
51750
53778
51700
51751
53779
51701
51752
53780
51702
51753
53781
51703
51754
53782
51704
51755
53783
51705
51756
53784
51706
51757
53785
51707
51758
53786
51708
51759
53787
51709
51760
53788
51710
51761
53789
51711
51762
53790
51712
51763
53791
51713
51764
53792
51714
51765
53793
51715
51766
53794
51716
51767
53795
51717
51768
53796
51718
51769
53797
51719
51770
53798
51720
51771
53799
51721
51772
53800
51722
51773
53801
51723
51774
53802
51724
51775
53803
51725
51776
53804
51726
51777
53805
51727
51778
53806
51728
51779
53807
51729
51780
53808
51730
51781
53809
51731
51782
53810
51732
51783
53811
51733
51784
53812
51734
51785
53813
51735
51786
53814
51736
51787
53815
51737
51788
53816
51738
51789
53817
51739
51790
53818
51791
53819
51741
51792
53820
51742
51793
53821
51743
51794
53822
51744
51795
53823
51745
51796
53824
51746
51797
53825
51747
51798
53826
51748
51799
53827
51749
51800
53828
51750
51801
53829
51751
51802
53830
51752
51803
53831
51753
51804
53832
51754
51805
53833
51755
51806
53834
51756
51807
53835
51757
51808
53836
51758
51809
53837
51759
51810
53838
51760
51811
53839
51761
51812
53840
51762
51813
53841
51763
51814
53842
51764
51815
53843
51765
51816
53844
51766
51817
53845
51767
51818
53846
51768
51819
53847
51769
51820
53848
51770
51821
53849
51771
51822
53850
51772
51823
53851
51773
51824
53852
51774
51825
53853
51775
51826
53854
51776
51827
53855
51777
51828
53856
51778
51829
53857
51779
51830
53858
51780
51831
53859
51781
51832
53860
51782
51833
53861
51783
51834
53862
51784
51835
53863
51785
51836
53864
51786
51837
53865
51787
51838
53866
51788
51839
53867
51789
51840
53868
51790
51841
53869
51791
51842
53870
51843
53871
51793
51844
53872
51794
51845
53873
51795
51846
53874
51796
51847
53875
51797
51848
53876
51798
51849
53877
51799
51850
53878
51800
51851
53879
51801
51852
53880
51802
51853
53881
51803
51854
53882
51804
51855
53883
51805
51856
53884
51806
51857
53885
51807
51858
53886
51808
51859
53887
51809
51860
53888
51810
51861
53889
51811
51862
53890
51812
51863
53891
51813
51864
53892
51814
51865
53893
51815
51866
53894
51816
51867
53895
51817
51868
53896
51818
51869
53897
51819
51870
53898
51820
51871
53899
51821
51872
53900
51822
51873
53901
51823
51874
53902
51824
51875
53903
51825
51876
53904
51826
51877
53905
51827
51878
53906
51828
51879
53907
51829
51880
53908
51830
51881
53909
51831
51882
53910
51832
51883
53911
51833
51884
53912
51834
51885
53913
51835
51886
53914
51836
51887
53915
51837
51888
53916
51838
51889
53917
51839
51890
53918
51840
51891
53919
51841
51892
53920
51842
51893
53921
51843
51894
53922
51895
53923
51845
51896
53924
51846
51897
53925
51847
51898
53926
51848
51899
53927
51849
51900
53928
51850
51901
53929
51851
51902
53930
51852
51903
53931
51853
51904
53932
51854
51905
53933
51855
51906
53934
51856
51907
53935
51857
51908
53936
51858
51909
53937
51859
51910
53938
51860
51911
53939
51861
51912
53940
51862
51913
53941
51863
51914
53942
51864
51915
53943
51865
51916
53944
51866
51917
53945
51867
51918
53946
51868
51919
53947
51869
51920
53948
51870
51921
53949
51871
51922
53950
51872
51923
53951
51873
51924
53952
51874
51925
53953
51875
51926
53954
51876
51927
53955
51877
51928
53956
51878
51929
53957
51879
51930
53958
51880
51931
53959
51881
51932
53960
51882
51933
53961
51883
51934
53962
51884
51935
53963
51885
51936
53964
51886
51937
53965
51887
51938
53966
51888
51939
53967
51889
51940
53968
51890
51941
53969
51891
51942
53970
51892
51943
53971
51893
51944
53972
51894
51945
53973
51895
51946
53974
51947
53975
51897
51948
53976
51898
51949
53977
51899
51950
53978
51900
51951
53979
51901
51952
53980
51902
51953
53981
51903
51954
53982
51904
51955
53983
51905
51956
53984
51906
51957
53985
51907
51958
53986
51908
51959
53987
51909
51960
53988
51910
51961
53989
51911
51962
53990
51912
51963
53991
51913
51964
53992
51914
51965
53993
51915
51966
53994
51916
51967
53995
51917
51968
53996
51918
51969
53997
51919
51970
53998
51920
51971
53999
51921
51972
54000
51922
51973
54001
51923
51974
54002
51924
51975
54003
51925
51976
54004
51926
51977
54005
51927
51978
54006
51928
51979
54007
51929
51980
54008
51930
51981
54009
51931
51982
54010
51932
51983
54011
51933
51984
54012
51934
51985
54013
51935
51986
54014
51936
51987
54015
51937
51988
54016
51938
51989
54017
51939
51990
54018
51940
51991
54019
51941
51992
54020
51942
51993
54021
51943
51994
54022
51944
51995
54023
51945
51996
54024
51946
51997
54025
51947
51998
54026
51999
54027
51949
54028
51950
54029
51951
54030
51952
54031
51953
54032
51954
54033
51955
54034
51956
54035
51957
54036
51958
54037
51959
54038
51960
54039
51961
54040
51962
54041
51963
54042
51964
54043
51965
54044
51966
54045
51967
54046
51968
54047
51969
54048
51970
54049
51971
54050
51972
54051
51973
54052
51974
54053
51975
54054
51976
54055
51977
54056
51978
54057
51979
54058
51980
54059
51981
54060
51982
54061
51983
54062
51984
54063
51985
54064
51986
54065
51987
54066
51988
54067
51989
54068
51990
54069
51991
54070
51992
54071
51993
54072
51994
54073
51995
54074
51996
54075
51997
54076
51998
54077
51999
54078
54079
52001
52052
54080
52002
52053
54081
52003
52054
54082
52004
52055
54083
52005
52056
54084
52006
52057
54085
52007
52058
54086
52008
52059
54087
52009
52060
54088
52010
52061
54089
52011
52062
54090
52012
52063
54091
52013
52064
54092
52014
52065
54093
52015
52066
54094
52016
52067
54095
52017
52068
54096
52018
52069
54097
52019
52070
54098
52020
52071
54099
52021
52072
54100
52022
52073
54101
52023
52074
54102
52024
52075
54103
52025
52076
54104
52026
52077
54105
52027
52078
54106
52028
52079
54107
52029
52080
54108
52030
52081
54109
52031
52082
54110
52032
52083
54111
52033
52084
54112
52034
52085
54113
52035
52086
54114
52036
52087
54115
52037
52088
54116
52038
52089
54117
52039
52090
54118
52040
52091
54119
52041
52092
54120
52042
52093
54121
52043
52094
54122
52044
52095
54123
52045
52096
54124
52046
52097
54125
52047
52098
54126
52048
52099
54127
52049
52100
54128
52050
52101
54129
52051
52102
54130
52103
54131
52053
52104
54132
52054
52105
54133
52055
52106
54134
52056
52107
54135
52057
52108
54136
52058
52109
54137
52059
52110
54138
52060
52111
54139
52061
52112
54140
52062
52113
54141
52063
52114
54142
52064
52115
54143
52065
52116
54144
52066
52117
54145
52067
52118
54146
52068
52119
54147
52069
52120
54148
52070
52121
54149
52071
52122
54150
52072
52123
54151
52073
52124
54152
52074
52125
54153
52075
52126
54154
52076
52127
54155
52077
52128
54156
52078
52129
54157
52079
52130
54158
52080
52131
54159
52081
52132
54160
52082
52133
54161
52083
52134
54162
52084
52135
54163
52085
52136
54164
52086
52137
54165
52087
52138
54166
52088
52139
54167
52089
52140
54168
52090
52141
54169
52091
52142
54170
52092
52143
54171
52093
52144
54172
52094
52145
54173
52095
52146
54174
52096
52147
54175
52097
52148
54176
52098
52149
54177
52099
52150
54178
52100
52151
54179
52101
52152
54180
52102
52153
54181
52103
52154
54182
52155
54183
52105
52156
54184
52106
52157
54185
52107
52158
54186
52108
52159
54187
52109
52160
54188
52110
52161
54189
52111
52162
54190
52112
52163
54191
52113
52164
54192
52114
52165
54193
52115
52166
54194
52116
52167
54195
52117
52168
54196
52118
52169
54197
52119
52170
54198
52120
52171
54199
52121
52172
54200
52122
52173
54201
52123
52174
54202
52124
52175
54203
52125
52176
54204
52126
52177
54205
52127
52178
54206
52128
52179
54207
52129
52180
54208
52130
52181
54209
52131
52182
54210
52132
52183
54211
52133
52184
54212
52134
52185
54213
52135
52186
54214
52136
52187
54215
52137
52188
54216
52138
52189
54217
52139
52190
54218
52140
52191
54219
52141
52192
54220
52142
52193
54221
52143
52194
54222
52144
52195
54223
52145
52196
54224
52146
52197
54225
52147
52198
54226
52148
52199
54227
52149
52200
54228
52150
52201
54229
52151
52202
54230
52152
52203
54231
52153
52204
54232
52154
52205
54233
52155
52206
54234
52207
54235
52157
52208
54236
52158
52209
54237
52159
52210
54238
52160
52211
54239
52161
52212
54240
52162
52213
54241
52163
52214
54242
52164
52215
54243
52165
52216
54244
52166
52217
54245
52167
52218
54246
52168
52219
54247
52169
52220
54248
52170
52221
54249
52171
52222
54250
52172
52223
54251
52173
52224
54252
52174
52225
54253
52175
52226
54254
52176
52227
54255
52177
52228
54256
52178
52229
54257
52179
52230
54258
52180
52231
54259
52181
52232
54260
52182
52233
54261
52183
52234
54262
52184
52235
54263
52185
52236
54264
52186
52237
54265
52187
52238
54266
52188
52239
54267
52189
52240
54268
52190
52241
54269
52191
52242
54270
52192
52243
54271
52193
52244
54272
52194
52245
54273
52195
52246
54274
52196
52247
54275
52197
52248
54276
52198
52249
54277
52199
52250
54278
52200
52251
54279
52201
52252
54280
52202
52253
54281
52203
52254
54282
52204
52255
54283
52205
52256
54284
52206
52257
54285
52207
52258
54286
52259
54287
52209
52260
54288
52210
52261
54289
52211
52262
54290
52212
52263
54291
52213
52264
54292
52214
52265
54293
52215
52266
54294
52216
52267
54295
52217
52268
54296
52218
52269
54297
52219
52270
54298
52220
52271
54299
52221
52272
54300
52222
52273
54301
52223
52274
54302
52224
52275
54303
52225
52276
54304
52226
52277
54305
52227
52278
54306
52228
52279
54307
52229
52280
54308
52230
52281
54309
52231
52282
54310
52232
52283
54311
52233
52284
54312
52234
52285
54313
52235
52286
54314
52236
52287
54315
52237
52288
54316
52238
52289
54317
52239
52290
54318
52240
52291
54319
52241
52292
54320
52242
52293
54321
52243
52294
54322
52244
52295
54323
52245
52296
54324
52246
52297
54325
52247
52298
54326
52248
52299
54327
52249
52300
54328
52250
52301
54329
52251
52302
54330
52252
52303
54331
52253
52304
54332
52254
52305
54333
52255
52306
54334
52256
52307
54335
52257
52308
54336
52258
52309
54337
52259
52310
54338
52311
54339
52261
52312
54340
52262
52313
54341
52263
52314
54342
52264
52315
54343
52265
52316
54344
52266
52317
54345
52267
52318
54346
52268
52319
54347
52269
52320
54348
52270
52321
54349
52271
52322
54350
52272
52323
54351
52273
52324
54352
52274
52325
54353
52275
52326
54354
52276
52327
54355
52277
52328
54356
52278
52329
54357
52279
52330
54358
52280
52331
54359
52281
52332
54360
52282
52333
54361
52283
52334
54362
52284
52335
54363
52285
52336
54364
52286
52337
54365
52287
52338
54366
52288
52339
54367
52289
52340
54368
52290
52341
54369
52291
52342
54370
52292
52343
54371
52293
52344
54372
52294
52345
54373
52295
52346
54374
52296
52347
54375
52297
52348
54376
52298
52349
54377
52299
52350
54378
52300
52351
54379
52301
52352
54380
52302
52353
54381
52303
52354
54382
52304
52355
54383
52305
52356
54384
52306
52357
54385
52307
52358
54386
52308
52359
54387
52309
52360
54388
52310
52361
54389
52311
52362
54390
52363
54391
52313
52364
54392
52314
52365
54393
52315
52366
54394
52316
52367
54395
52317
52368
54396
52318
52369
54397
52319
52370
54398
52320
52371
54399
52321
52372
54400
52322
52373
54401
52323
52374
54402
52324
52375
54403
52325
52376
54404
52326
52377
54405
52327
52378
54406
52328
52379
54407
52329
52380
54408
52330
52381
54409
52331
52382
54410
52332
52383
54411
52333
52384
54412
52334
52385
54413
52335
52386
54414
52336
52387
54415
52337
52388
54416
52338
52389
54417
52339
52390
54418
52340
52391
54419
52341
52392
54420
52342
52393
54421
52343
52394
54422
52344
52395
54423
52345
52396
54424
52346
52397
54425
52347
52398
54426
52348
52399
54427
52349
52400
54428
52350
52401
54429
52351
52402
54430
52352
52403
54431
52353
52404
54432
52354
52405
54433
52355
52406
54434
52356
52407
54435
52357
52408
54436
52358
52409
54437
52359
52410
54438
52360
52411
54439
52361
52412
54440
52362
52413
54441
52363
52414
54442
52415
54443
52365
52416
54444
52366
52417
54445
52367
52418
54446
52368
52419
54447
52369
52420
54448
52370
52421
54449
52371
52422
54450
52372
52423
54451
52373
52424
54452
52374
52425
54453
52375
52426
54454
52376
52427
54455
52377
52428
54456
52378
52429
54457
52379
52430
54458
52380
52431
54459
52381
52432
54460
52382
52433
54461
52383
52434
54462
52384
52435
54463
52385
52436
54464
52386
52437
54465
52387
52438
54466
52388
52439
54467
52389
52440
54468
52390
52441
54469
52391
52442
54470
52392
52443
54471
52393
52444
54472
52394
52445
54473
52395
52446
54474
52396
52447
54475
52397
52448
54476
52398
52449
54477
52399
52450
54478
52400
52451
54479
52401
52452
54480
52402
52453
54481
52403
52454
54482
52404
52455
54483
52405
52456
54484
52406
52457
54485
52407
52458
54486
52408
52459
54487
52409
52460
54488
52410
52461
54489
52411
52462
54490
52412
52463
54491
52413
52464
54492
52414
52465
54493
52415
52466
54494
52467
54495
52417
52468
54496
52418
52469
54497
52419
52470
54498
52420
52471
54499
52421
52472
54500
52422
52473
54501
52423
52474
54502
52424
52475
54503
52425
52476
54504
52426
52477
54505
52427
52478
54506
52428
52479
54507
52429
52480
54508
52430
52481
54509
52431
52482
54510
52432
52483
54511
52433
52484
54512
52434
52485
54513
52435
52486
54514
52436
52487
54515
52437
52488
54516
52438
52489
54517
52439
52490
54518
52440
52491
54519
52441
52492
54520
52442
52493
54521
52443
52494
54522
52444
52495
54523
52445
52496
54524
52446
52497
54525
52447
52498
54526
52448
52499
54527
52449
52500
54528
52450
52501
54529
52451
52502
54530
52452
52503
54531
52453
52504
54532
52454
52505
54533
52455
52506
54534
52456
52507
54535
52457
52508
54536
52458
52509
54537
52459
52510
54538
52460
52511
54539
52461
52512
54540
52462
52513
54541
52463
52514
54542
52464
52515
54543
52465
52516
54544
52466
52517
54545
52467
52518
54546
52519
54547
52469
52520
54548
52470
52521
54549
52471
52522
54550
52472
52523
54551
52473
52524
54552
52474
52525
54553
52475
52526
54554
52476
52527
54555
52477
52528
54556
52478
52529
54557
52479
52530
54558
52480
52531
54559
52481
52532
54560
52482
52533
54561
52483
52534
54562
52484
52535
54563
52485
52536
54564
52486
52537
54565
52487
52538
54566
52488
52539
54567
52489
52540
54568
52490
52541
54569
52491
52542
54570
52492
52543
54571
52493
52544
54572
52494
52545
54573
52495
52546
54574
52496
52547
54575
52497
52548
54576
52498
52549
54577
52499
52550
54578
52500
52551
54579
52501
52552
54580
52502
52553
54581
52503
52554
54582
52504
52555
54583
52505
52556
54584
52506
52557
54585
52507
52558
54586
52508
52559
54587
52509
52560
54588
52510
52561
54589
52511
52562
54590
52512
52563
54591
52513
52564
54592
52514
52565
54593
52515
52566
54594
52516
52567
54595
52517
52568
54596
52518
52569
54597
52519
52570
54598
52571
54599
52521
52572
54600
52522
52573
54601
52523
52574
54602
52524
52575
54603
52525
52576
54604
52526
52577
54605
52527
52578
54606
52528
52579
54607
52529
52580
54608
52530
52581
54609
52531
52582
54610
52532
52583
54611
52533
52584
54612
52534
52585
54613
52535
52586
54614
52536
52587
54615
52537
52588
54616
52538
52589
54617
52539
52590
54618
52540
52591
54619
52541
52592
54620
52542
52593
54621
52543
52594
54622
52544
52595
54623
52545
52596
54624
52546
52597
54625
52547
52598
54626
52548
52599
54627
52549
52600
54628
52550
52601
54629
52551
52602
54630
52552
52603
54631
52553
52604
54632
52554
52605
54633
52555
52606
54634
52556
52607
54635
52557
52608
54636
52558
52609
54637
52559
52610
54638
52560
52611
54639
52561
52612
54640
52562
52613
54641
52563
52614
54642
52564
52615
54643
52565
52616
54644
52566
52617
54645
52567
52618
54646
52568
52619
54647
52569
52620
54648
52570
52621
54649
52571
52622
54650
52623
54651
52573
52624
54652
52574
52625
54653
52575
52626
54654
52576
52627
54655
52577
52628
54656
52578
52629
54657
52579
52630
54658
52580
52631
54659
52581
52632
54660
52582
52633
54661
52583
52634
54662
52584
52635
54663
52585
52636
54664
52586
52637
54665
52587
52638
54666
52588
52639
54667
52589
52640
54668
52590
52641
54669
52591
52642
54670
52592
52643
54671
52593
52644
54672
52594
52645
54673
52595
52646
54674
52596
52647
54675
52597
52648
54676
52598
52649
54677
52599
52650
54678
52600
52651
54679
52601
52652
54680
52602
52653
54681
52603
52654
54682
52604
52655
54683
52605
52656
54684
52606
52657
54685
52607
52658
54686
52608
52659
54687
52609
52660
54688
52610
52661
54689
52611
52662
54690
52612
52663
54691
52613
52664
54692
52614
52665
54693
52615
52666
54694
52616
52667
54695
52617
52668
54696
52618
52669
54697
52619
52670
54698
52620
52671
54699
52621
52672
54700
52622
52673
54701
52623
52674
54702
52675
54703
52625
52676
54704
52626
52677
54705
52627
52678
54706
52628
52679
54707
52629
52680
54708
52630
52681
54709
52631
52682
54710
52632
52683
54711
52633
52684
54712
52634
52685
54713
52635
52686
54714
52636
52687
54715
52637
52688
54716
52638
52689
54717
52639
52690
54718
52640
52691
54719
52641
52692
54720
52642
52693
54721
52643
52694
54722
52644
52695
54723
52645
52696
54724
52646
52697
54725
52647
52698
54726
52648
52699
54727
52649
52700
54728
52650
52701
54729
52651
52702
54730
52652
52703
54731
52653
52704
54732
52654
52705
54733
52655
52706
54734
52656
52707
54735
52657
52708
54736
52658
52709
54737
52659
52710
54738
52660
52711
54739
52661
52712
54740
52662
52713
54741
52663
52714
54742
52664
52715
54743
52665
52716
54744
52666
52717
54745
52667
52718
54746
52668
52719
54747
52669
52720
54748
52670
52721
54749
52671
52722
54750
52672
52723
54751
52673
52724
54752
52674
52725
54753
52675
52726
54754
52727
54755
52677
52728
54756
52678
52729
54757
52679
52730
54758
52680
52731
54759
52681
52732
54760
52682
52733
54761
52683
52734
54762
52684
52735
54763
52685
52736
54764
52686
52737
54765
52687
52738
54766
52688
52739
54767
52689
52740
54768
52690
52741
54769
52691
52742
54770
52692
52743
54771
52693
52744
54772
52694
52745
54773
52695
52746
54774
52696
52747
54775
52697
52748
54776
52698
52749
54777
52699
52750
54778
52700
52751
54779
52701
52752
54780
52702
52753
54781
52703
52754
54782
52704
52755
54783
52705
52756
54784
52706
52757
54785
52707
52758
54786
52708
52759
54787
52709
52760
54788
52710
52761
54789
52711
52762
54790
52712
52763
54791
52713
52764
54792
52714
52765
54793
52715
52766
54794
52716
52767
54795
52717
52768
54796
52718
52769
54797
52719
52770
54798
52720
52771
54799
52721
52772
54800
52722
52773
54801
52723
52774
54802
52724
52775
54803
52725
52776
54804
52726
52777
54805
52727
52778
54806
52779
54807
52729
52780
54808
52730
52781
54809
52731
52782
54810
52732
52783
54811
52733
52784
54812
52734
52785
54813
52735
52786
54814
52736
52787
54815
52737
52788
54816
52738
52789
54817
52739
52790
54818
52740
52791
54819
52741
52792
54820
52742
52793
54821
52743
52794
54822
52744
52795
54823
52745
52796
54824
52746
52797
54825
52747
52798
54826
52748
52799
54827
52749
52800
54828
52750
52801
54829
52751
52802
54830
52752
52803
54831
52753
52804
54832
52754
52805
54833
52755
52806
54834
52756
52807
54835
52757
52808
54836
52758
52809
54837
52759
52810
54838
52760
52811
54839
52761
52812
54840
52762
52813
54841
52763
52814
54842
52764
52815
54843
52765
52816
54844
52766
52817
54845
52767
52818
54846
52768
52819
54847
52769
52820
54848
52770
52821
54849
52771
52822
54850
52772
52823
54851
52773
52824
54852
52774
52825
54853
52775
52826
54854
52776
52827
54855
52777
52828
54856
52778
52829
54857
52779
52830
54858
52831
54859
52781
52832
54860
52782
52833
54861
52783
52834
54862
52784
52835
54863
52785
52836
54864
52786
52837
54865
52787
52838
54866
52788
52839
54867
52789
52840
54868
52790
52841
54869
52791
52842
54870
52792
52843
54871
52793
52844
54872
52794
52845
54873
52795
52846
54874
52796
52847
54875
52797
52848
54876
52798
52849
54877
52799
52850
54878
52800
52851
54879
52801
52852
54880
52802
52853
54881
52803
52854
54882
52804
52855
54883
52805
52856
54884
52806
52857
54885
52807
52858
54886
52808
52859
54887
52809
52860
54888
52810
52861
54889
52811
52862
54890
52812
52863
54891
52813
52864
54892
52814
52865
54893
52815
52866
54894
52816
52867
54895
52817
52868
54896
52818
52869
54897
52819
52870
54898
52820
52871
54899
52821
52872
54900
52822
52873
54901
52823
52874
54902
52824
52875
54903
52825
52876
54904
52826
52877
54905
52827
52878
54906
52828
52879
54907
52829
52880
54908
52830
52881
54909
52831
52882
54910
52883
54911
52833
52884
54912
52834
52885
54913
52835
52886
54914
52836
52887
54915
52837
52888
54916
52838
52889
54917
52839
52890
54918
52840
52891
54919
52841
52892
54920
52842
52893
54921
52843
52894
54922
52844
52895
54923
52845
52896
54924
52846
52897
54925
52847
52898
54926
52848
52899
54927
52849
52900
54928
52850
52901
54929
52851
52902
54930
52852
52903
54931
52853
52904
54932
52854
52905
54933
52855
52906
54934
52856
52907
54935
52857
52908
54936
52858
52909
54937
52859
52910
54938
52860
52911
54939
52861
52912
54940
52862
52913
54941
52863
52914
54942
52864
52915
54943
52865
52916
54944
52866
52917
54945
52867
52918
54946
52868
52919
54947
52869
52920
54948
52870
52921
54949
52871
52922
54950
52872
52923
54951
52873
52924
54952
52874
52925
54953
52875
52926
54954
52876
52927
54955
52877
52928
54956
52878
52929
54957
52879
52930
54958
52880
52931
54959
52881
52932
54960
52882
52933
54961
52883
52934
54962
52935
54963
52885
52936
54964
52886
52937
54965
52887
52938
54966
52888
52939
54967
52889
52940
54968
52890
52941
54969
52891
52942
54970
52892
52943
54971
52893
52944
54972
52894
52945
54973
52895
52946
54974
52896
52947
54975
52897
52948
54976
52898
52949
54977
52899
52950
54978
52900
52951
54979
52901
52952
54980
52902
52953
54981
52903
52954
54982
52904
52955
54983
52905
52956
54984
52906
52957
54985
52907
52958
54986
52908
52959
54987
52909
52960
54988
52910
52961
54989
52911
52962
54990
52912
52963
54991
52913
52964
54992
52914
52965
54993
52915
52966
54994
52916
52967
54995
52917
52968
54996
52918
52969
54997
52919
52970
54998
52920
52971
54999
52921
52972
55000
52922
52973
55001
52923
52974
55002
52924
52975
55003
52925
52976
55004
52926
52977
55005
52927
52978
55006
52928
52979
55007
52929
52980
55008
52930
52981
55009
52931
52982
55010
52932
52983
55011
52933
52984
55012
52934
52985
55013
52935
52986
55014
52987
55015
52937
52988
55016
52938
52989
55017
52939
52990
55018
52940
52991
55019
52941
52992
55020
52942
52993
55021
52943
52994
55022
52944
52995
55023
52945
52996
55024
52946
52997
55025
52947
52998
55026
52948
52999
55027
52949
53000
55028
52950
53001
55029
52951
53002
55030
52952
53003
55031
52953
53004
55032
52954
53005
55033
52955
53006
55034
52956
53007
55035
52957
53008
55036
52958
53009
55037
52959
53010
55038
52960
53011
55039
52961
53012
55040
52962
53013
55041
52963
53014
55042
52964
53015
55043
52965
53016
55044
52966
53017
55045
52967
53018
55046
52968
53019
55047
52969
53020
55048
52970
53021
55049
52971
53022
55050
52972
53023
55051
52973
53024
55052
52974
53025
55053
52975
53026
55054
52976
53027
55055
52977
53028
55056
52978
53029
55057
52979
53030
55058
52980
53031
55059
52981
53032
55060
52982
53033
55061
52983
53034
55062
52984
53035
55063
52985
53036
55064
52986
53037
55065
52987
53038
55066
53039
55067
52989
53040
55068
52990
53041
55069
52991
53042
55070
52992
53043
55071
52993
53044
55072
52994
53045
55073
52995
53046
55074
52996
53047
55075
52997
53048
55076
52998
53049
55077
52999
53050
55078
53000
53051
55079
53001
53052
55080
53002
53053
55081
53003
53054
55082
53004
53055
55083
53005
53056
55084
53006
53057
55085
53007
53058
55086
53008
53059
55087
53009
53060
55088
53010
53061
55089
53011
53062
55090
53012
53063
55091
53013
53064
55092
53014
53065
55093
53015
53066
55094
53016
53067
55095
53017
53068
55096
53018
53069
55097
53019
53070
55098
53020
53071
55099
53021
53072
55100
53022
53073
55101
53023
53074
55102
53024
53075
55103
53025
53076
55104
53026
53077
55105
53027
53078
55106
53028
53079
55107
53029
53080
55108
53030
53081
55109
53031
53082
55110
53032
53083
55111
53033
53084
55112
53034
53085
55113
53035
53086
55114
53036
53087
55115
53037
53088
55116
53038
53089
55117
53039
53090
55118
53091
55119
53041
53092
55120
53042
53093
55121
53043
53094
55122
53044
53095
55123
53045
53096
55124
53046
53097
55125
53047
53098
55126
53048
53099
55127
53049
53100
55128
53050
53101
55129
53051
53102
55130
53052
53103
55131
53053
53104
55132
53054
53105
55133
53055
53106
55134
53056
53107
55135
53057
53108
55136
53058
53109
55137
53059
53110
55138
53060
53111
55139
53061
53112
55140
53062
53113
55141
53063
53114
55142
53064
53115
55143
53065
53116
55144
53066
53117
55145
53067
53118
55146
53068
53119
55147
53069
53120
55148
53070
53121
55149
53071
53122
55150
53072
53123
55151
53073
53124
55152
53074
53125
55153
53075
53126
55154
53076
53127
55155
53077
53128
55156
53078
53129
55157
53079
53130
55158
53080
53131
55159
53081
53132
55160
53082
53133
55161
53083
53134
55162
53084
53135
55163
53085
53136
55164
53086
53137
55165
53087
53138
55166
53088
53139
55167
53089
53140
55168
53090
53141
55169
53091
53142
55170
53143
55171
53093
53144
55172
53094
53145
55173
53095
53146
55174
53096
53147
55175
53097
53148
55176
53098
53149
55177
53099
53150
55178
53100
53151
55179
53101
53152
55180
53102
53153
55181
53103
53154
55182
53104
53155
55183
53105
53156
55184
53106
53157
55185
53107
53158
55186
53108
53159
55187
53109
53160
55188
53110
53161
55189
53111
53162
55190
53112
53163
55191
53113
53164
55192
53114
53165
55193
53115
53166
55194
53116
53167
55195
53117
53168
55196
53118
53169
55197
53119
53170
55198
53120
53171
55199
53121
53172
55200
53122
53173
55201
53123
53174
55202
53124
53175
55203
53125
53176
55204
53126
53177
55205
53127
53178
55206
53128
53179
55207
53129
53180
55208
53130
53181
55209
53131
53182
55210
53132
53183
55211
53133
53184
55212
53134
53185
55213
53135
53186
55214
53136
53187
55215
53137
53188
55216
53138
53189
55217
53139
53190
55218
53140
53191
55219
53141
53192
55220
53142
53193
55221
53143
53194
55222
53195
55223
53145
53196
55224
53146
53197
55225
53147
53198
55226
53148
53199
55227
53149
53200
55228
53150
53201
55229
53151
53202
55230
53152
53203
55231
53153
53204
55232
53154
53205
55233
53155
53206
55234
53156
53207
55235
53157
53208
55236
53158
53209
55237
53159
53210
55238
53160
53211
55239
53161
53212
55240
53162
53213
55241
53163
53214
55242
53164
53215
55243
53165
53216
55244
53166
53217
55245
53167
53218
55246
53168
53219
55247
53169
53220
55248
53170
53221
55249
53171
53222
55250
53172
53223
55251
53173
53224
55252
53174
53225
55253
53175
53226
55254
53176
53227
55255
53177
53228
55256
53178
53229
55257
53179
53230
55258
53180
53231
55259
53181
53232
55260
53182
53233
55261
53183
53234
55262
53184
53235
55263
53185
53236
55264
53186
53237
55265
53187
53238
55266
53188
53239
55267
53189
53240
55268
53190
53241
55269
53191
53242
55270
53192
53243
55271
53193
53244
55272
53194
53245
55273
53195
53246
55274
53247
55275
53197
53248
55276
53198
53249
55277
53199
53250
55278
53200
53251
55279
53201
53252
55280
53202
53253
55281
53203
53254
55282
53204
53255
55283
53205
53256
55284
53206
53257
55285
53207
53258
55286
53208
53259
55287
53209
53260
55288
53210
53261
55289
53211
53262
55290
53212
53263
55291
53213
53264
55292
53214
53265
55293
53215
53266
55294
53216
53267
55295
53217
53268
55296
53218
53269
55297
53219
53270
55298
53220
53271
55299
53221
53272
55300
53222
53273
55301
53223
53274
55302
53224
53275
55303
53225
53276
55304
53226
53277
55305
53227
53278
55306
53228
53279
55307
53229
53280
55308
53230
53281
55309
53231
53282
55310
53232
53283
55311
53233
53284
55312
53234
53285
55313
53235
53286
55314
53236
53287
55315
53237
53288
55316
53238
53289
55317
53239
53290
55318
53240
53291
55319
53241
53292
55320
53242
53293
55321
53243
53294
55322
53244
53295
55323
53245
53296
55324
53246
53297
55325
53247
53298
55326
53299
55327
53249
53300
55328
53250
53301
55329
53251
53302
55330
53252
53303
55331
53253
53304
55332
53254
53305
55333
53255
53306
55334
53256
53307
55335
53257
53308
55336
53258
53309
55337
53259
53310
55338
53260
53311
55339
53261
53312
55340
53262
53313
55341
53263
53314
55342
53264
53315
55343
53265
53316
55344
53266
53317
55345
53267
53318
55346
53268
53319
55347
53269
53320
55348
53270
53321
55349
53271
53322
55350
53272
53323
55351
53273
53324
55352
53274
53325
55353
53275
53326
55354
53276
53327
55355
53277
53328
55356
53278
53329
55357
53279
53330
55358
53280
53331
55359
53281
53332
55360
53282
53333
55361
53283
53334
55362
53284
53335
55363
53285
53336
55364
53286
53337
55365
53287
53338
55366
53288
53339
55367
53289
53340
55368
53290
53341
55369
53291
53342
55370
53292
53343
55371
53293
53344
55372
53294
53345
55373
53295
53346
55374
53296
53347
55375
53297
53348
55376
53298
53349
55377
53299
53350
55378
53351
55379
53301
53352
55380
53302
53353
55381
53303
53354
55382
53304
53355
55383
53305
53356
55384
53306
53357
55385
53307
53358
55386
53308
53359
55387
53309
53360
55388
53310
53361
55389
53311
53362
55390
53312
53363
55391
53313
53364
55392
53314
53365
55393
53315
53366
55394
53316
53367
55395
53317
53368
55396
53318
53369
55397
53319
53370
55398
53320
53371
55399
53321
53372
55400
53322
53373
55401
53323
53374
55402
53324
53375
55403
53325
53376
55404
53326
53377
55405
53327
53378
55406
53328
53379
55407
53329
53380
55408
53330
53381
55409
53331
53382
55410
53332
53383
55411
53333
53384
55412
53334
53385
55413
53335
53386
55414
53336
53387
55415
53337
53388
55416
53338
53389
55417
53339
53390
55418
53340
53391
55419
53341
53392
55420
53342
53393
55421
53343
53394
55422
53344
53395
55423
53345
53396
55424
53346
53397
55425
53347
53398
55426
53348
53399
55427
53349
53400
55428
53350
53401
55429
53351
53402
55430
53403
55431
53353
53404
55432
53354
53405
55433
53355
53406
55434
53356
53407
55435
53357
53408
55436
53358
53409
55437
53359
53410
55438
53360
53411
55439
53361
53412
55440
53362
53413
55441
53363
53414
55442
53364
53415
55443
53365
53416
55444
53366
53417
55445
53367
53418
55446
53368
53419
55447
53369
53420
55448
53370
53421
55449
53371
53422
55450
53372
53423
55451
53373
53424
55452
53374
53425
55453
53375
53426
55454
53376
53427
55455
53377
53428
55456
53378
53429
55457
53379
53430
55458
53380
53431
55459
53381
53432
55460
53382
53433
55461
53383
53434
55462
53384
53435
55463
53385
53436
55464
53386
53437
55465
53387
53438
55466
53388
53439
55467
53389
53440
55468
53390
53441
55469
53391
53442
55470
53392
53443
55471
53393
53444
55472
53394
53445
55473
53395
53446
55474
53396
53447
55475
53397
53448
55476
53398
53449
55477
53399
53450
55478
53400
53451
55479
53401
53452
55480
53402
53453
55481
53403
53454
55482
53455
55483
53405
53456
55484
53406
53457
55485
53407
53458
55486
53408
53459
55487
53409
53460
55488
53410
53461
55489
53411
53462
55490
53412
53463
55491
53413
53464
55492
53414
53465
55493
53415
53466
55494
53416
53467
55495
53417
53468
55496
53418
53469
55497
53419
53470
55498
53420
53471
55499
53421
53472
55500
53422
53473
55501
53423
53474
55502
53424
53475
55503
53425
53476
55504
53426
53477
55505
53427
53478
55506
53428
53479
55507
53429
53480
55508
53430
53481
55509
53431
53482
55510
53432
53483
55511
53433
53484
55512
53434
53485
55513
53435
53486
55514
53436
53487
55515
53437
53488
55516
53438
53489
55517
53439
53490
55518
53440
53491
55519
53441
53492
55520
53442
53493
55521
53443
53494
55522
53444
53495
55523
53445
53496
55524
53446
53497
55525
53447
53498
55526
53448
53499
55527
53449
53500
55528
53450
53501
55529
53451
53502
55530
53452
53503
55531
53453
53504
55532
53454
53505
55533
53455
53506
55534
53507
55535
53457
53508
55536
53458
53509
55537
53459
53510
55538
53460
53511
55539
53461
53512
55540
53462
53513
55541
53463
53514
55542
53464
53515
55543
53465
53516
55544
53466
53517
55545
53467
53518
55546
53468
53519
55547
53469
53520
55548
53470
53521
55549
53471
53522
55550
53472
53523
55551
53473
53524
55552
53474
53525
55553
53475
53526
55554
53476
53527
55555
53477
53528
55556
53478
53529
55557
53479
53530
55558
53480
53531
55559
53481
53532
55560
53482
53533
55561
53483
53534
55562
53484
53535
55563
53485
53536
55564
53486
53537
55565
53487
53538
55566
53488
53539
55567
53489
53540
55568
53490
53541
55569
53491
53542
55570
53492
53543
55571
53493
53544
55572
53494
53545
55573
53495
53546
55574
53496
53547
55575
53497
53548
55576
53498
53549
55577
53499
53550
55578
53500
53551
55579
53501
53552
55580
53502
53553
55581
53503
53554
55582
53504
53555
55583
53505
53556
55584
53506
53557
55585
53507
53558
55586
53559
55587
53509
53560
55588
53510
53561
55589
53511
53562
55590
53512
53563
55591
53513
53564
55592
53514
53565
55593
53515
53566
55594
53516
53567
55595
53517
53568
55596
53518
53569
55597
53519
53570
55598
53520
53571
55599
53521
53572
55600
53522
53573
55601
53523
53574
55602
53524
53575
55603
53525
53576
55604
53526
53577
55605
53527
53578
55606
53528
53579
55607
53529
53580
55608
53530
53581
55609
53531
53582
55610
53532
53583
55611
53533
53584
55612
53534
53585
55613
53535
53586
55614
53536
53587
55615
53537
53588
55616
53538
53589
55617
53539
53590
55618
53540
53591
55619
53541
53592
55620
53542
53593
55621
53543
53594
55622
53544
53595
55623
53545
53596
55624
53546
53597
55625
53547
53598
55626
53548
53599
55627
53549
53600
55628
53550
53601
55629
53551
53602
55630
53552
53603
55631
53553
53604
55632
53554
53605
55633
53555
53606
55634
53556
53607
55635
53557
53608
55636
53558
53609
55637
53559
53610
55638
53611
55639
53561
53612
55640
53562
53613
55641
53563
53614
55642
53564
53615
55643
53565
53616
55644
53566
53617
55645
53567
53618
55646
53568
53619
55647
53569
53620
55648
53570
53621
55649
53571
53622
55650
53572
53623
55651
53573
53624
55652
53574
53625
55653
53575
53626
55654
53576
53627
55655
53577
53628
55656
53578
53629
55657
53579
53630
55658
53580
53631
55659
53581
53632
55660
53582
53633
55661
53583
53634
55662
53584
53635
55663
53585
53636
55664
53586
53637
55665
53587
53638
55666
53588
53639
55667
53589
53640
55668
53590
53641
55669
53591
53642
55670
53592
53643
55671
53593
53644
55672
53594
53645
55673
53595
53646
55674
53596
53647
55675
53597
53648
55676
53598
53649
55677
53599
53650
55678
53600
53651
55679
53601
53652
55680
53602
53653
55681
53603
53654
55682
53604
53655
55683
53605
53656
55684
53606
53657
55685
53607
53658
55686
53608
53659
55687
53609
53660
55688
53610
53661
55689
53611
53662
55690
53663
55691
53613
53664
55692
53614
53665
55693
53615
53666
55694
53616
53667
55695
53617
53668
55696
53618
53669
55697
53619
53670
55698
53620
53671
55699
53621
53672
55700
53622
53673
55701
53623
53674
55702
53624
53675
55703
53625
53676
55704
53626
53677
55705
53627
53678
55706
53628
53679
55707
53629
53680
55708
53630
53681
55709
53631
53682
55710
53632
53683
55711
53633
53684
55712
53634
53685
55713
53635
53686
55714
53636
53687
55715
53637
53688
55716
53638
53689
55717
53639
53690
55718
53640
53691
55719
53641
53692
55720
53642
53693
55721
53643
53694
55722
53644
53695
55723
53645
53696
55724
53646
53697
55725
53647
53698
55726
53648
53699
55727
53649
53700
55728
53650
53701
55729
53651
53702
55730
53652
53703
55731
53653
53704
55732
53654
53705
55733
53655
53706
55734
53656
53707
55735
53657
53708
55736
53658
53709
55737
53659
53710
55738
53660
53711
55739
53661
53712
55740
53662
53713
55741
53663
53714
55742
53715
55743
53665
53716
55744
53666
53717
55745
53667
53718
55746
53668
53719
55747
53669
53720
55748
53670
53721
55749
53671
53722
55750
53672
53723
55751
53673
53724
55752
53674
53725
55753
53675
53726
55754
53676
53727
55755
53677
53728
55756
53678
53729
55757
53679
53730
55758
53680
53731
55759
53681
53732
55760
53682
53733
55761
53683
53734
55762
53684
53735
55763
53685
53736
55764
53686
53737
55765
53687
53738
55766
53688
53739
55767
53689
53740
55768
53690
53741
55769
53691
53742
55770
53692
53743
55771
53693
53744
55772
53694
53745
55773
53695
53746
55774
53696
53747
55775
53697
53748
55776
53698
53749
55777
53699
53750
55778
53700
53751
55779
53701
53752
55780
53702
53753
55781
53703
53754
55782
53704
53755
55783
53705
53756
55784
53706
53757
55785
53707
53758
55786
53708
53759
55787
53709
53760
55788
53710
53761
55789
53711
53762
55790
53712
53763
55791
53713
53764
55792
53714
53765
55793
53715
53766
55794
53767
55795
53717
53768
55796
53718
53769
55797
53719
53770
55798
53720
53771
55799
53721
53772
55800
53722
53773
55801
53723
53774
55802
53724
53775
55803
53725
53776
55804
53726
53777
55805
53727
53778
55806
53728
53779
55807
53729
53780
55808
53730
53781
55809
53731
53782
55810
53732
53783
55811
53733
53784
55812
53734
53785
55813
53735
53786
55814
53736
53787
55815
53737
53788
55816
53738
53789
55817
53739
53790
55818
53740
53791
55819
53741
53792
55820
53742
53793
55821
53743
53794
55822
53744
53795
55823
53745
53796
55824
53746
53797
55825
53747
53798
55826
53748
53799
55827
53749
53800
55828
53750
53801
55829
53751
53802
55830
53752
53803
55831
53753
53804
55832
53754
53805
55833
53755
53806
55834
53756
53807
55835
53757
53808
55836
53758
53809
55837
53759
53810
55838
53760
53811
55839
53761
53812
55840
53762
53813
55841
53763
53814
55842
53764
53815
55843
53765
53816
55844
53766
53817
55845
53767
53818
55846
53819
55847
53769
53820
55848
53770
53821
55849
53771
53822
55850
53772
53823
55851
53773
53824
55852
53774
53825
55853
53775
53826
55854
53776
53827
55855
53777
53828
55856
53778
53829
55857
53779
53830
55858
53780
53831
55859
53781
53832
55860
53782
53833
55861
53783
53834
55862
53784
53835
55863
53785
53836
55864
53786
53837
55865
53787
53838
55866
53788
53839
55867
53789
53840
55868
53790
53841
55869
53791
53842
55870
53792
53843
55871
53793
53844
55872
53794
53845
55873
53795
53846
55874
53796
53847
55875
53797
53848
55876
53798
53849
55877
53799
53850
55878
53800
53851
55879
53801
53852
55880
53802
53853
55881
53803
53854
55882
53804
53855
55883
53805
53856
55884
53806
53857
55885
53807
53858
55886
53808
53859
55887
53809
53860
55888
53810
53861
55889
53811
53862
55890
53812
53863
55891
53813
53864
55892
53814
53865
55893
53815
53866
55894
53816
53867
55895
53817
53868
55896
53818
53869
55897
53819
53870
55898
53871
55899
53821
53872
55900
53822
53873
55901
53823
53874
55902
53824
53875
55903
53825
53876
55904
53826
53877
55905
53827
53878
55906
53828
53879
55907
53829
53880
55908
53830
53881
55909
53831
53882
55910
53832
53883
55911
53833
53884
55912
53834
53885
55913
53835
53886
55914
53836
53887
55915
53837
53888
55916
53838
53889
55917
53839
53890
55918
53840
53891
55919
53841
53892
55920
53842
53893
55921
53843
53894
55922
53844
53895
55923
53845
53896
55924
53846
53897
55925
53847
53898
55926
53848
53899
55927
53849
53900
55928
53850
53901
55929
53851
53902
55930
53852
53903
55931
53853
53904
55932
53854
53905
55933
53855
53906
55934
53856
53907
55935
53857
53908
55936
53858
53909
55937
53859
53910
55938
53860
53911
55939
53861
53912
55940
53862
53913
55941
53863
53914
55942
53864
53915
55943
53865
53916
55944
53866
53917
55945
53867
53918
55946
53868
53919
55947
53869
53920
55948
53870
53921
55949
53871
53922
55950
53923
55951
53873
53924
55952
53874
53925
55953
53875
53926
55954
53876
53927
55955
53877
53928
55956
53878
53929
55957
53879
53930
55958
53880
53931
55959
53881
53932
55960
53882
53933
55961
53883
53934
55962
53884
53935
55963
53885
53936
55964
53886
53937
55965
53887
53938
55966
53888
53939
55967
53889
53940
55968
53890
53941
55969
53891
53942
55970
53892
53943
55971
53893
53944
55972
53894
53945
55973
53895
53946
55974
53896
53947
55975
53897
53948
55976
53898
53949
55977
53899
53950
55978
53900
53951
55979
53901
53952
55980
53902
53953
55981
53903
53954
55982
53904
53955
55983
53905
53956
55984
53906
53957
55985
53907
53958
55986
53908
53959
55987
53909
53960
55988
53910
53961
55989
53911
53962
55990
53912
53963
55991
53913
53964
55992
53914
53965
55993
53915
53966
55994
53916
53967
55995
53917
53968
55996
53918
53969
55997
53919
53970
55998
53920
53971
55999
53921
53972
56000
53922
53973
56001
53923
53974
56002
53975
56003
53925
53976
56004
53926
53977
56005
53927
53978
56006
53928
53979
56007
53929
53980
56008
53930
53981
56009
53931
53982
56010
53932
53983
56011
53933
53984
56012
53934
53985
56013
53935
53986
56014
53936
53987
56015
53937
53988
56016
53938
53989
56017
53939
53990
56018
53940
53991
56019
53941
53992
56020
53942
53993
56021
53943
53994
56022
53944
53995
56023
53945
53996
56024
53946
53997
56025
53947
53998
56026
53948
53999
56027
53949
54000
56028
53950
54001
56029
53951
54002
56030
53952
54003
56031
53953
54004
56032
53954
54005
56033
53955
54006
56034
53956
54007
56035
53957
54008
56036
53958
54009
56037
53959
54010
56038
53960
54011
56039
53961
54012
56040
53962
54013
56041
53963
54014
56042
53964
54015
56043
53965
54016
56044
53966
54017
56045
53967
54018
56046
53968
54019
56047
53969
54020
56048
53970
54021
56049
53971
54022
56050
53972
54023
56051
53973
54024
56052
53974
54025
56053
53975
54026
56054
54027
56055
53977
54028
56056
53978
54029
56057
53979
54030
56058
53980
54031
56059
53981
54032
56060
53982
54033
56061
53983
54034
56062
53984
54035
56063
53985
54036
56064
53986
54037
56065
53987
54038
56066
53988
54039
56067
53989
54040
56068
53990
54041
56069
53991
54042
56070
53992
54043
56071
53993
54044
56072
53994
54045
56073
53995
54046
56074
53996
54047
56075
53997
54048
56076
53998
54049
56077
53999
54050
56078
54000
54051
56079
54001
54052
56080
54002
54053
56081
54003
54054
56082
54004
54055
56083
54005
54056
56084
54006
54057
56085
54007
54058
56086
54008
54059
56087
54009
54060
56088
54010
54061
56089
54011
54062
56090
54012
54063
56091
54013
54064
56092
54014
54065
56093
54015
54066
56094
54016
54067
56095
54017
54068
56096
54018
54069
56097
54019
54070
56098
54020
54071
56099
54021
54072
56100
54022
54073
56101
54023
54074
56102
54024
54075
56103
54025
54076
56104
54026
54077
56105
54027
54078
56106
54079
56107
54029
56108
54030
56109
54031
56110
54032
56111
54033
56112
54034
56113
54035
56114
54036
56115
54037
56116
54038
56117
54039
56118
54040
56119
54041
56120
54042
56121
54043
56122
54044
56123
54045
56124
54046
56125
54047
56126
54048
56127
54049
56128
54050
56129
54051
56130
54052
56131
54053
56132
54054
56133
54055
56134
54056
56135
54057
56136
54058
56137
54059
56138
54060
56139
54061
56140
54062
56141
54063
56142
54064
56143
54065
56144
54066
56145
54067
56146
54068
56147
54069
56148
54070
56149
54071
56150
54072
56151
54073
56152
54074
56153
54075
56154
54076
56155
54077
56156
54078
56157
54079
56158
56159
54081
54132
56160
54082
54133
56161
54083
54134
56162
54084
54135
56163
54085
54136
56164
54086
54137
56165
54087
54138
56166
54088
54139
56167
54089
54140
56168
54090
54141
56169
54091
54142
56170
54092
54143
56171
54093
54144
56172
54094
54145
56173
54095
54146
56174
54096
54147
56175
54097
54148
56176
54098
54149
56177
54099
54150
56178
54100
54151
56179
54101
54152
56180
54102
54153
56181
54103
54154
56182
54104
54155
56183
54105
54156
56184
54106
54157
56185
54107
54158
56186
54108
54159
56187
54109
54160
56188
54110
54161
56189
54111
54162
56190
54112
54163
56191
54113
54164
56192
54114
54165
56193
54115
54166
56194
54116
54167
56195
54117
54168
56196
54118
54169
56197
54119
54170
56198
54120
54171
56199
54121
54172
56200
54122
54173
56201
54123
54174
56202
54124
54175
56203
54125
54176
56204
54126
54177
56205
54127
54178
56206
54128
54179
56207
54129
54180
56208
54130
54181
56209
54131
54182
56210
54183
56211
54133
54184
56212
54134
54185
56213
54135
54186
56214
54136
54187
56215
54137
54188
56216
54138
54189
56217
54139
54190
56218
54140
54191
56219
54141
54192
56220
54142
54193
56221
54143
54194
56222
54144
54195
56223
54145
54196
56224
54146
54197
56225
54147
54198
56226
54148
54199
56227
54149
54200
56228
54150
54201
56229
54151
54202
56230
54152
54203
56231
54153
54204
56232
54154
54205
56233
54155
54206
56234
54156
54207
56235
54157
54208
56236
54158
54209
56237
54159
54210
56238
54160
54211
56239
54161
54212
56240
54162
54213
56241
54163
54214
56242
54164
54215
56243
54165
54216
56244
54166
54217
56245
54167
54218
56246
54168
54219
56247
54169
54220
56248
54170
54221
56249
54171
54222
56250
54172
54223
56251
54173
54224
56252
54174
54225
56253
54175
54226
56254
54176
54227
56255
54177
54228
56256
54178
54229
56257
54179
54230
56258
54180
54231
56259
54181
54232
56260
54182
54233
56261
54183
54234
56262
54235
56263
54185
54236
56264
54186
54237
56265
54187
54238
56266
54188
54239
56267
54189
54240
56268
54190
54241
56269
54191
54242
56270
54192
54243
56271
54193
54244
56272
54194
54245
56273
54195
54246
56274
54196
54247
56275
54197
54248
56276
54198
54249
56277
54199
54250
56278
54200
54251
56279
54201
54252
56280
54202
54253
56281
54203
54254
56282
54204
54255
56283
54205
54256
56284
54206
54257
56285
54207
54258
56286
54208
54259
56287
54209
54260
56288
54210
54261
56289
54211
54262
56290
54212
54263
56291
54213
54264
56292
54214
54265
56293
54215
54266
56294
54216
54267
56295
54217
54268
56296
54218
54269
56297
54219
54270
56298
54220
54271
56299
54221
54272
56300
54222
54273
56301
54223
54274
56302
54224
54275
56303
54225
54276
56304
54226
54277
56305
54227
54278
56306
54228
54279
56307
54229
54280
56308
54230
54281
56309
54231
54282
56310
54232
54283
56311
54233
54284
56312
54234
54285
56313
54235
54286
56314
54287
56315
54237
54288
56316
54238
54289
56317
54239
54290
56318
54240
54291
56319
54241
54292
56320
54242
54293
56321
54243
54294
56322
54244
54295
56323
54245
54296
56324
54246
54297
56325
54247
54298
56326
54248
54299
56327
54249
54300
56328
54250
54301
56329
54251
54302
56330
54252
54303
56331
54253
54304
56332
54254
54305
56333
54255
54306
56334
54256
54307
56335
54257
54308
56336
54258
54309
56337
54259
54310
56338
54260
54311
56339
54261
54312
56340
54262
54313
56341
54263
54314
56342
54264
54315
56343
54265
54316
56344
54266
54317
56345
54267
54318
56346
54268
54319
56347
54269
54320
56348
54270
54321
56349
54271
54322
56350
54272
54323
56351
54273
54324
56352
54274
54325
56353
54275
54326
56354
54276
54327
56355
54277
54328
56356
54278
54329
56357
54279
54330
56358
54280
54331
56359
54281
54332
56360
54282
54333
56361
54283
54334
56362
54284
54335
56363
54285
54336
56364
54286
54337
56365
54287
54338
56366
54339
56367
54289
54340
56368
54290
54341
56369
54291
54342
56370
54292
54343
56371
54293
54344
56372
54294
54345
56373
54295
54346
56374
54296
54347
56375
54297
54348
56376
54298
54349
56377
54299
54350
56378
54300
54351
56379
54301
54352
56380
54302
54353
56381
54303
54354
56382
54304
54355
56383
54305
54356
56384
54306
54357
56385
54307
54358
56386
54308
54359
56387
54309
54360
56388
54310
54361
56389
54311
54362
56390
54312
54363
56391
54313
54364
56392
54314
54365
56393
54315
54366
56394
54316
54367
56395
54317
54368
56396
54318
54369
56397
54319
54370
56398
54320
54371
56399
54321
54372
56400
54322
54373
56401
54323
54374
56402
54324
54375
56403
54325
54376
56404
54326
54377
56405
54327
54378
56406
54328
54379
56407
54329
54380
56408
54330
54381
56409
54331
54382
56410
54332
54383
56411
54333
54384
56412
54334
54385
56413
54335
54386
56414
54336
54387
56415
54337
54388
56416
54338
54389
56417
54339
54390
56418
54391
56419
54341
54392
56420
54342
54393
56421
54343
54394
56422
54344
54395
56423
54345
54396
56424
54346
54397
56425
54347
54398
56426
54348
54399
56427
54349
54400
56428
54350
54401
56429
54351
54402
56430
54352
54403
56431
54353
54404
56432
54354
54405
56433
54355
54406
56434
54356
54407
56435
54357
54408
56436
54358
54409
56437
54359
54410
56438
54360
54411
56439
54361
54412
56440
54362
54413
56441
54363
54414
56442
54364
54415
56443
54365
54416
56444
54366
54417
56445
54367
54418
56446
54368
54419
56447
54369
54420
56448
54370
54421
56449
54371
54422
56450
54372
54423
56451
54373
54424
56452
54374
54425
56453
54375
54426
56454
54376
54427
56455
54377
54428
56456
54378
54429
56457
54379
54430
56458
54380
54431
56459
54381
54432
56460
54382
54433
56461
54383
54434
56462
54384
54435
56463
54385
54436
56464
54386
54437
56465
54387
54438
56466
54388
54439
56467
54389
54440
56468
54390
54441
56469
54391
54442
56470
54443
56471
54393
54444
56472
54394
54445
56473
54395
54446
56474
54396
54447
56475
54397
54448
56476
54398
54449
56477
54399
54450
56478
54400
54451
56479
54401
54452
56480
54402
54453
56481
54403
54454
56482
54404
54455
56483
54405
54456
56484
54406
54457
56485
54407
54458
56486
54408
54459
56487
54409
54460
56488
54410
54461
56489
54411
54462
56490
54412
54463
56491
54413
54464
56492
54414
54465
56493
54415
54466
56494
54416
54467
56495
54417
54468
56496
54418
54469
56497
54419
54470
56498
54420
54471
56499
54421
54472
56500
54422
54473
56501
54423
54474
56502
54424
54475
56503
54425
54476
56504
54426
54477
56505
54427
54478
56506
54428
54479
56507
54429
54480
56508
54430
54481
56509
54431
54482
56510
54432
54483
56511
54433
54484
56512
54434
54485
56513
54435
54486
56514
54436
54487
56515
54437
54488
56516
54438
54489
56517
54439
54490
56518
54440
54491
56519
54441
54492
56520
54442
54493
56521
54443
54494
56522
54495
56523
54445
54496
56524
54446
54497
56525
54447
54498
56526
54448
54499
56527
54449
54500
56528
54450
54501
56529
54451
54502
56530
54452
54503
56531
54453
54504
56532
54454
54505
56533
54455
54506
56534
54456
54507
56535
54457
54508
56536
54458
54509
56537
54459
54510
56538
54460
54511
56539
54461
54512
56540
54462
54513
56541
54463
54514
56542
54464
54515
56543
54465
54516
56544
54466
54517
56545
54467
54518
56546
54468
54519
56547
54469
54520
56548
54470
54521
56549
54471
54522
56550
54472
54523
56551
54473
54524
56552
54474
54525
56553
54475
54526
56554
54476
54527
56555
54477
54528
56556
54478
54529
56557
54479
54530
56558
54480
54531
56559
54481
54532
56560
54482
54533
56561
54483
54534
56562
54484
54535
56563
54485
54536
56564
54486
54537
56565
54487
54538
56566
54488
54539
56567
54489
54540
56568
54490
54541
56569
54491
54542
56570
54492
54543
56571
54493
54544
56572
54494
54545
56573
54495
54546
56574
54547
56575
54497
54548
56576
54498
54549
56577
54499
54550
56578
54500
54551
56579
54501
54552
56580
54502
54553
56581
54503
54554
56582
54504
54555
56583
54505
54556
56584
54506
54557
56585
54507
54558
56586
54508
54559
56587
54509
54560
56588
54510
54561
56589
54511
54562
56590
54512
54563
56591
54513
54564
56592
54514
54565
56593
54515
54566
56594
54516
54567
56595
54517
54568
56596
54518
54569
56597
54519
54570
56598
54520
54571
56599
54521
54572
56600
54522
54573
56601
54523
54574
56602
54524
54575
56603
54525
54576
56604
54526
54577
56605
54527
54578
56606
54528
54579
56607
54529
54580
56608
54530
54581
56609
54531
54582
56610
54532
54583
56611
54533
54584
56612
54534
54585
56613
54535
54586
56614
54536
54587
56615
54537
54588
56616
54538
54589
56617
54539
54590
56618
54540
54591
56619
54541
54592
56620
54542
54593
56621
54543
54594
56622
54544
54595
56623
54545
54596
56624
54546
54597
56625
54547
54598
56626
54599
56627
54549
54600
56628
54550
54601
56629
54551
54602
56630
54552
54603
56631
54553
54604
56632
54554
54605
56633
54555
54606
56634
54556
54607
56635
54557
54608
56636
54558
54609
56637
54559
54610
56638
54560
54611
56639
54561
54612
56640
54562
54613
56641
54563
54614
56642
54564
54615
56643
54565
54616
56644
54566
54617
56645
54567
54618
56646
54568
54619
56647
54569
54620
56648
54570
54621
56649
54571
54622
56650
54572
54623
56651
54573
54624
56652
54574
54625
56653
54575
54626
56654
54576
54627
56655
54577
54628
56656
54578
54629
56657
54579
54630
56658
54580
54631
56659
54581
54632
56660
54582
54633
56661
54583
54634
56662
54584
54635
56663
54585
54636
56664
54586
54637
56665
54587
54638
56666
54588
54639
56667
54589
54640
56668
54590
54641
56669
54591
54642
56670
54592
54643
56671
54593
54644
56672
54594
54645
56673
54595
54646
56674
54596
54647
56675
54597
54648
56676
54598
54649
56677
54599
54650
56678
54651
56679
54601
54652
56680
54602
54653
56681
54603
54654
56682
54604
54655
56683
54605
54656
56684
54606
54657
56685
54607
54658
56686
54608
54659
56687
54609
54660
56688
54610
54661
56689
54611
54662
56690
54612
54663
56691
54613
54664
56692
54614
54665
56693
54615
54666
56694
54616
54667
56695
54617
54668
56696
54618
54669
56697
54619
54670
56698
54620
54671
56699
54621
54672
56700
54622
54673
56701
54623
54674
56702
54624
54675
56703
54625
54676
56704
54626
54677
56705
54627
54678
56706
54628
54679
56707
54629
54680
56708
54630
54681
56709
54631
54682
56710
54632
54683
56711
54633
54684
56712
54634
54685
56713
54635
54686
56714
54636
54687
56715
54637
54688
56716
54638
54689
56717
54639
54690
56718
54640
54691
56719
54641
54692
56720
54642
54693
56721
54643
54694
56722
54644
54695
56723
54645
54696
56724
54646
54697
56725
54647
54698
56726
54648
54699
56727
54649
54700
56728
54650
54701
56729
54651
54702
56730
54703
56731
54653
54704
56732
54654
54705
56733
54655
54706
56734
54656
54707
56735
54657
54708
56736
54658
54709
56737
54659
54710
56738
54660
54711
56739
54661
54712
56740
54662
54713
56741
54663
54714
56742
54664
54715
56743
54665
54716
56744
54666
54717
56745
54667
54718
56746
54668
54719
56747
54669
54720
56748
54670
54721
56749
54671
54722
56750
54672
54723
56751
54673
54724
56752
54674
54725
56753
54675
54726
56754
54676
54727
56755
54677
54728
56756
54678
54729
56757
54679
54730
56758
54680
54731
56759
54681
54732
56760
54682
54733
56761
54683
54734
56762
54684
54735
56763
54685
54736
56764
54686
54737
56765
54687
54738
56766
54688
54739
56767
54689
54740
56768
54690
54741
56769
54691
54742
56770
54692
54743
56771
54693
54744
56772
54694
54745
56773
54695
54746
56774
54696
54747
56775
54697
54748
56776
54698
54749
56777
54699
54750
56778
54700
54751
56779
54701
54752
56780
54702
54753
56781
54703
54754
56782
54755
56783
54705
54756
56784
54706
54757
56785
54707
54758
56786
54708
54759
56787
54709
54760
56788
54710
54761
56789
54711
54762
56790
54712
54763
56791
54713
54764
56792
54714
54765
56793
54715
54766
56794
54716
54767
56795
54717
54768
56796
54718
54769
56797
54719
54770
56798
54720
54771
56799
54721
54772
56800
54722
54773
56801
54723
54774
56802
54724
54775
56803
54725
54776
56804
54726
54777
56805
54727
54778
56806
54728
54779
56807
54729
54780
56808
54730
54781
56809
54731
54782
56810
54732
54783
56811
54733
54784
56812
54734
54785
56813
54735
54786
56814
54736
54787
56815
54737
54788
56816
54738
54789
56817
54739
54790
56818
54740
54791
56819
54741
54792
56820
54742
54793
56821
54743
54794
56822
54744
54795
56823
54745
54796
56824
54746
54797
56825
54747
54798
56826
54748
54799
56827
54749
54800
56828
54750
54801
56829
54751
54802
56830
54752
54803
56831
54753
54804
56832
54754
54805
56833
54755
54806
56834
54807
56835
54757
54808
56836
54758
54809
56837
54759
54810
56838
54760
54811
56839
54761
54812
56840
54762
54813
56841
54763
54814
56842
54764
54815
56843
54765
54816
56844
54766
54817
56845
54767
54818
56846
54768
54819
56847
54769
54820
56848
54770
54821
56849
54771
54822
56850
54772
54823
56851
54773
54824
56852
54774
54825
56853
54775
54826
56854
54776
54827
56855
54777
54828
56856
54778
54829
56857
54779
54830
56858
54780
54831
56859
54781
54832
56860
54782
54833
56861
54783
54834
56862
54784
54835
56863
54785
54836
56864
54786
54837
56865
54787
54838
56866
54788
54839
56867
54789
54840
56868
54790
54841
56869
54791
54842
56870
54792
54843
56871
54793
54844
56872
54794
54845
56873
54795
54846
56874
54796
54847
56875
54797
54848
56876
54798
54849
56877
54799
54850
56878
54800
54851
56879
54801
54852
56880
54802
54853
56881
54803
54854
56882
54804
54855
56883
54805
54856
56884
54806
54857
56885
54807
54858
56886
54859
56887
54809
54860
56888
54810
54861
56889
54811
54862
56890
54812
54863
56891
54813
54864
56892
54814
54865
56893
54815
54866
56894
54816
54867
56895
54817
54868
56896
54818
54869
56897
54819
54870
56898
54820
54871
56899
54821
54872
56900
54822
54873
56901
54823
54874
56902
54824
54875
56903
54825
54876
56904
54826
54877
56905
54827
54878
56906
54828
54879
56907
54829
54880
56908
54830
54881
56909
54831
54882
56910
54832
54883
56911
54833
54884
56912
54834
54885
56913
54835
54886
56914
54836
54887
56915
54837
54888
56916
54838
54889
56917
54839
54890
56918
54840
54891
56919
54841
54892
56920
54842
54893
56921
54843
54894
56922
54844
54895
56923
54845
54896
56924
54846
54897
56925
54847
54898
56926
54848
54899
56927
54849
54900
56928
54850
54901
56929
54851
54902
56930
54852
54903
56931
54853
54904
56932
54854
54905
56933
54855
54906
56934
54856
54907
56935
54857
54908
56936
54858
54909
56937
54859
54910
56938
54911
56939
54861
54912
56940
54862
54913
56941
54863
54914
56942
54864
54915
56943
54865
54916
56944
54866
54917
56945
54867
54918
56946
54868
54919
56947
54869
54920
56948
54870
54921
56949
54871
54922
56950
54872
54923
56951
54873
54924
56952
54874
54925
56953
54875
54926
56954
54876
54927
56955
54877
54928
56956
54878
54929
56957
54879
54930
56958
54880
54931
56959
54881
54932
56960
54882
54933
56961
54883
54934
56962
54884
54935
56963
54885
54936
56964
54886
54937
56965
54887
54938
56966
54888
54939
56967
54889
54940
56968
54890
54941
56969
54891
54942
56970
54892
54943
56971
54893
54944
56972
54894
54945
56973
54895
54946
56974
54896
54947
56975
54897
54948
56976
54898
54949
56977
54899
54950
56978
54900
54951
56979
54901
54952
56980
54902
54953
56981
54903
54954
56982
54904
54955
56983
54905
54956
56984
54906
54957
56985
54907
54958
56986
54908
54959
56987
54909
54960
56988
54910
54961
56989
54911
54962
56990
54963
56991
54913
54964
56992
54914
54965
56993
54915
54966
56994
54916
54967
56995
54917
54968
56996
54918
54969
56997
54919
54970
56998
54920
54971
56999
54921
54972
57000
54922
54973
57001
54923
54974
57002
54924
54975
57003
54925
54976
57004
54926
54977
57005
54927
54978
57006
54928
54979
57007
54929
54980
57008
54930
54981
57009
54931
54982
57010
54932
54983
57011
54933
54984
57012
54934
54985
57013
54935
54986
57014
54936
54987
57015
54937
54988
57016
54938
54989
57017
54939
54990
57018
54940
54991
57019
54941
54992
57020
54942
54993
57021
54943
54994
57022
54944
54995
57023
54945
54996
57024
54946
54997
57025
54947
54998
57026
54948
54999
57027
54949
55000
57028
54950
55001
57029
54951
55002
57030
54952
55003
57031
54953
55004
57032
54954
55005
57033
54955
55006
57034
54956
55007
57035
54957
55008
57036
54958
55009
57037
54959
55010
57038
54960
55011
57039
54961
55012
57040
54962
55013
57041
54963
55014
57042
55015
57043
54965
55016
57044
54966
55017
57045
54967
55018
57046
54968
55019
57047
54969
55020
57048
54970
55021
57049
54971
55022
57050
54972
55023
57051
54973
55024
57052
54974
55025
57053
54975
55026
57054
54976
55027
57055
54977
55028
57056
54978
55029
57057
54979
55030
57058
54980
55031
57059
54981
55032
57060
54982
55033
57061
54983
55034
57062
54984
55035
57063
54985
55036
57064
54986
55037
57065
54987
55038
57066
54988
55039
57067
54989
55040
57068
54990
55041
57069
54991
55042
57070
54992
55043
57071
54993
55044
57072
54994
55045
57073
54995
55046
57074
54996
55047
57075
54997
55048
57076
54998
55049
57077
54999
55050
57078
55000
55051
57079
55001
55052
57080
55002
55053
57081
55003
55054
57082
55004
55055
57083
55005
55056
57084
55006
55057
57085
55007
55058
57086
55008
55059
57087
55009
55060
57088
55010
55061
57089
55011
55062
57090
55012
55063
57091
55013
55064
57092
55014
55065
57093
55015
55066
57094
55067
57095
55017
55068
57096
55018
55069
57097
55019
55070
57098
55020
55071
57099
55021
55072
57100
55022
55073
57101
55023
55074
57102
55024
55075
57103
55025
55076
57104
55026
55077
57105
55027
55078
57106
55028
55079
57107
55029
55080
57108
55030
55081
57109
55031
55082
57110
55032
55083
57111
55033
55084
57112
55034
55085
57113
55035
55086
57114
55036
55087
57115
55037
55088
57116
55038
55089
57117
55039
55090
57118
55040
55091
57119
55041
55092
57120
55042
55093
57121
55043
55094
57122
55044
55095
57123
55045
55096
57124
55046
55097
57125
55047
55098
57126
55048
55099
57127
55049
55100
57128
55050
55101
57129
55051
55102
57130
55052
55103
57131
55053
55104
57132
55054
55105
57133
55055
55106
57134
55056
55107
57135
55057
55108
57136
55058
55109
57137
55059
55110
57138
55060
55111
57139
55061
55112
57140
55062
55113
57141
55063
55114
57142
55064
55115
57143
55065
55116
57144
55066
55117
57145
55067
55118
57146
55119
57147
55069
55120
57148
55070
55121
57149
55071
55122
57150
55072
55123
57151
55073
55124
57152
55074
55125
57153
55075
55126
57154
55076
55127
57155
55077
55128
57156
55078
55129
57157
55079
55130
57158
55080
55131
57159
55081
55132
57160
55082
55133
57161
55083
55134
57162
55084
55135
57163
55085
55136
57164
55086
55137
57165
55087
55138
57166
55088
55139
57167
55089
55140
57168
55090
55141
57169
55091
55142
57170
55092
55143
57171
55093
55144
57172
55094
55145
57173
55095
55146
57174
55096
55147
57175
55097
55148
57176
55098
55149
57177
55099
55150
57178
55100
55151
57179
55101
55152
57180
55102
55153
57181
55103
55154
57182
55104
55155
57183
55105
55156
57184
55106
55157
57185
55107
55158
57186
55108
55159
57187
55109
55160
57188
55110
55161
57189
55111
55162
57190
55112
55163
57191
55113
55164
57192
55114
55165
57193
55115
55166
57194
55116
55167
57195
55117
55168
57196
55118
55169
57197
55119
55170
57198
55171
57199
55121
55172
57200
55122
55173
57201
55123
55174
57202
55124
55175
57203
55125
55176
57204
55126
55177
57205
55127
55178
57206
55128
55179
57207
55129
55180
57208
55130
55181
57209
55131
55182
57210
55132
55183
57211
55133
55184
57212
55134
55185
57213
55135
55186
57214
55136
55187
57215
55137
55188
57216
55138
55189
57217
55139
55190
57218
55140
55191
57219
55141
55192
57220
55142
55193
57221
55143
55194
57222
55144
55195
57223
55145
55196
57224
55146
55197
57225
55147
55198
57226
55148
55199
57227
55149
55200
57228
55150
55201
57229
55151
55202
57230
55152
55203
57231
55153
55204
57232
55154
55205
57233
55155
55206
57234
55156
55207
57235
55157
55208
57236
55158
55209
57237
55159
55210
57238
55160
55211
57239
55161
55212
57240
55162
55213
57241
55163
55214
57242
55164
55215
57243
55165
55216
57244
55166
55217
57245
55167
55218
57246
55168
55219
57247
55169
55220
57248
55170
55221
57249
55171
55222
57250
55223
57251
55173
55224
57252
55174
55225
57253
55175
55226
57254
55176
55227
57255
55177
55228
57256
55178
55229
57257
55179
55230
57258
55180
55231
57259
55181
55232
57260
55182
55233
57261
55183
55234
57262
55184
55235
57263
55185
55236
57264
55186
55237
57265
55187
55238
57266
55188
55239
57267
55189
55240
57268
55190
55241
57269
55191
55242
57270
55192
55243
57271
55193
55244
57272
55194
55245
57273
55195
55246
57274
55196
55247
57275
55197
55248
57276
55198
55249
57277
55199
55250
57278
55200
55251
57279
55201
55252
57280
55202
55253
57281
55203
55254
57282
55204
55255
57283
55205
55256
57284
55206
55257
57285
55207
55258
57286
55208
55259
57287
55209
55260
57288
55210
55261
57289
55211
55262
57290
55212
55263
57291
55213
55264
57292
55214
55265
57293
55215
55266
57294
55216
55267
57295
55217
55268
57296
55218
55269
57297
55219
55270
57298
55220
55271
57299
55221
55272
57300
55222
55273
57301
55223
55274
57302
55275
57303
55225
55276
57304
55226
55277
57305
55227
55278
57306
55228
55279
57307
55229
55280
57308
55230
55281
57309
55231
55282
57310
55232
55283
57311
55233
55284
57312
55234
55285
57313
55235
55286
57314
55236
55287
57315
55237
55288
57316
55238
55289
57317
55239
55290
57318
55240
55291
57319
55241
55292
57320
55242
55293
57321
55243
55294
57322
55244
55295
57323
55245
55296
57324
55246
55297
57325
55247
55298
57326
55248
55299
57327
55249
55300
57328
55250
55301
57329
55251
55302
57330
55252
55303
57331
55253
55304
57332
55254
55305
57333
55255
55306
57334
55256
55307
57335
55257
55308
57336
55258
55309
57337
55259
55310
57338
55260
55311
57339
55261
55312
57340
55262
55313
57341
55263
55314
57342
55264
55315
57343
55265
55316
57344
55266
55317
57345
55267
55318
57346
55268
55319
57347
55269
55320
57348
55270
55321
57349
55271
55322
57350
55272
55323
57351
55273
55324
57352
55274
55325
57353
55275
55326
57354
55327
57355
55277
55328
57356
55278
55329
57357
55279
55330
57358
55280
55331
57359
55281
55332
57360
55282
55333
57361
55283
55334
57362
55284
55335
57363
55285
55336
57364
55286
55337
57365
55287
55338
57366
55288
55339
57367
55289
55340
57368
55290
55341
57369
55291
55342
57370
55292
55343
57371
55293
55344
57372
55294
55345
57373
55295
55346
57374
55296
55347
57375
55297
55348
57376
55298
55349
57377
55299
55350
57378
55300
55351
57379
55301
55352
57380
55302
55353
57381
55303
55354
57382
55304
55355
57383
55305
55356
57384
55306
55357
57385
55307
55358
57386
55308
55359
57387
55309
55360
57388
55310
55361
57389
55311
55362
57390
55312
55363
57391
55313
55364
57392
55314
55365
57393
55315
55366
57394
55316
55367
57395
55317
55368
57396
55318
55369
57397
55319
55370
57398
55320
55371
57399
55321
55372
57400
55322
55373
57401
55323
55374
57402
55324
55375
57403
55325
55376
57404
55326
55377
57405
55327
55378
57406
55379
57407
55329
55380
57408
55330
55381
57409
55331
55382
57410
55332
55383
57411
55333
55384
57412
55334
55385
57413
55335
55386
57414
55336
55387
57415
55337
55388
57416
55338
55389
57417
55339
55390
57418
55340
55391
57419
55341
55392
57420
55342
55393
57421
55343
55394
57422
55344
55395
57423
55345
55396
57424
55346
55397
57425
55347
55398
57426
55348
55399
57427
55349
55400
57428
55350
55401
57429
55351
55402
57430
55352
55403
57431
55353
55404
57432
55354
55405
57433
55355
55406
57434
55356
55407
57435
55357
55408
57436
55358
55409
57437
55359
55410
57438
55360
55411
57439
55361
55412
57440
55362
55413
57441
55363
55414
57442
55364
55415
57443
55365
55416
57444
55366
55417
57445
55367
55418
57446
55368
55419
57447
55369
55420
57448
55370
55421
57449
55371
55422
57450
55372
55423
57451
55373
55424
57452
55374
55425
57453
55375
55426
57454
55376
55427
57455
55377
55428
57456
55378
55429
57457
55379
55430
57458
55431
57459
55381
55432
57460
55382
55433
57461
55383
55434
57462
55384
55435
57463
55385
55436
57464
55386
55437
57465
55387
55438
57466
55388
55439
57467
55389
55440
57468
55390
55441
57469
55391
55442
57470
55392
55443
57471
55393
55444
57472
55394
55445
57473
55395
55446
57474
55396
55447
57475
55397
55448
57476
55398
55449
57477
55399
55450
57478
55400
55451
57479
55401
55452
57480
55402
55453
57481
55403
55454
57482
55404
55455
57483
55405
55456
57484
55406
55457
57485
55407
55458
57486
55408
55459
57487
55409
55460
57488
55410
55461
57489
55411
55462
57490
55412
55463
57491
55413
55464
57492
55414
55465
57493
55415
55466
57494
55416
55467
57495
55417
55468
57496
55418
55469
57497
55419
55470
57498
55420
55471
57499
55421
55472
57500
55422
55473
57501
55423
55474
57502
55424
55475
57503
55425
55476
57504
55426
55477
57505
55427
55478
57506
55428
55479
57507
55429
55480
57508
55430
55481
57509
55431
55482
57510
55483
57511
55433
55484
57512
55434
55485
57513
55435
55486
57514
55436
55487
57515
55437
55488
57516
55438
55489
57517
55439
55490
57518
55440
55491
57519
55441
55492
57520
55442
55493
57521
55443
55494
57522
55444
55495
57523
55445
55496
57524
55446
55497
57525
55447
55498
57526
55448
55499
57527
55449
55500
57528
55450
55501
57529
55451
55502
57530
55452
55503
57531
55453
55504
57532
55454
55505
57533
55455
55506
57534
55456
55507
57535
55457
55508
57536
55458
55509
57537
55459
55510
57538
55460
55511
57539
55461
55512
57540
55462
55513
57541
55463
55514
57542
55464
55515
57543
55465
55516
57544
55466
55517
57545
55467
55518
57546
55468
55519
57547
55469
55520
57548
55470
55521
57549
55471
55522
57550
55472
55523
57551
55473
55524
57552
55474
55525
57553
55475
55526
57554
55476
55527
57555
55477
55528
57556
55478
55529
57557
55479
55530
57558
55480
55531
57559
55481
55532
57560
55482
55533
57561
55483
55534
57562
55535
57563
55485
55536
57564
55486
55537
57565
55487
55538
57566
55488
55539
57567
55489
55540
57568
55490
55541
57569
55491
55542
57570
55492
55543
57571
55493
55544
57572
55494
55545
57573
55495
55546
57574
55496
55547
57575
55497
55548
57576
55498
55549
57577
55499
55550
57578
55500
55551
57579
55501
55552
57580
55502
55553
57581
55503
55554
57582
55504
55555
57583
55505
55556
57584
55506
55557
57585
55507
55558
57586
55508
55559
57587
55509
55560
57588
55510
55561
57589
55511
55562
57590
55512
55563
57591
55513
55564
57592
55514
55565
57593
55515
55566
57594
55516
55567
57595
55517
55568
57596
55518
55569
57597
55519
55570
57598
55520
55571
57599
55521
55572
57600
55522
55573
57601
55523
55574
57602
55524
55575
57603
55525
55576
57604
55526
55577
57605
55527
55578
57606
55528
55579
57607
55529
55580
57608
55530
55581
57609
55531
55582
57610
55532
55583
57611
55533
55584
57612
55534
55585
57613
55535
55586
57614
55587
57615
55537
55588
57616
55538
55589
57617
55539
55590
57618
55540
55591
57619
55541
55592
57620
55542
55593
57621
55543
55594
57622
55544
55595
57623
55545
55596
57624
55546
55597
57625
55547
55598
57626
55548
55599
57627
55549
55600
57628
55550
55601
57629
55551
55602
57630
55552
55603
57631
55553
55604
57632
55554
55605
57633
55555
55606
57634
55556
55607
57635
55557
55608
57636
55558
55609
57637
55559
55610
57638
55560
55611
57639
55561
55612
57640
55562
55613
57641
55563
55614
57642
55564
55615
57643
55565
55616
57644
55566
55617
57645
55567
55618
57646
55568
55619
57647
55569
55620
57648
55570
55621
57649
55571
55622
57650
55572
55623
57651
55573
55624
57652
55574
55625
57653
55575
55626
57654
55576
55627
57655
55577
55628
57656
55578
55629
57657
55579
55630
57658
55580
55631
57659
55581
55632
57660
55582
55633
57661
55583
55634
57662
55584
55635
57663
55585
55636
57664
55586
55637
57665
55587
55638
57666
55639
57667
55589
55640
57668
55590
55641
57669
55591
55642
57670
55592
55643
57671
55593
55644
57672
55594
55645
57673
55595
55646
57674
55596
55647
57675
55597
55648
57676
55598
55649
57677
55599
55650
57678
55600
55651
57679
55601
55652
57680
55602
55653
57681
55603
55654
57682
55604
55655
57683
55605
55656
57684
55606
55657
57685
55607
55658
57686
55608
55659
57687
55609
55660
57688
55610
55661
57689
55611
55662
57690
55612
55663
57691
55613
55664
57692
55614
55665
57693
55615
55666
57694
55616
55667
57695
55617
55668
57696
55618
55669
57697
55619
55670
57698
55620
55671
57699
55621
55672
57700
55622
55673
57701
55623
55674
57702
55624
55675
57703
55625
55676
57704
55626
55677
57705
55627
55678
57706
55628
55679
57707
55629
55680
57708
55630
55681
57709
55631
55682
57710
55632
55683
57711
55633
55684
57712
55634
55685
57713
55635
55686
57714
55636
55687
57715
55637
55688
57716
55638
55689
57717
55639
55690
57718
55691
57719
55641
55692
57720
55642
55693
57721
55643
55694
57722
55644
55695
57723
55645
55696
57724
55646
55697
57725
55647
55698
57726
55648
55699
57727
55649
55700
57728
55650
55701
57729
55651
55702
57730
55652
55703
57731
55653
55704
57732
55654
55705
57733
55655
55706
57734
55656
55707
57735
55657
55708
57736
55658
55709
57737
55659
55710
57738
55660
55711
57739
55661
55712
57740
55662
55713
57741
55663
55714
57742
55664
55715
57743
55665
55716
57744
55666
55717
57745
55667
55718
57746
55668
55719
57747
55669
55720
57748
55670
55721
57749
55671
55722
57750
55672
55723
57751
55673
55724
57752
55674
55725
57753
55675
55726
57754
55676
55727
57755
55677
55728
57756
55678
55729
57757
55679
55730
57758
55680
55731
57759
55681
55732
57760
55682
55733
57761
55683
55734
57762
55684
55735
57763
55685
55736
57764
55686
55737
57765
55687
55738
57766
55688
55739
57767
55689
55740
57768
55690
55741
57769
55691
55742
57770
55743
57771
55693
55744
57772
55694
55745
57773
55695
55746
57774
55696
55747
57775
55697
55748
57776
55698
55749
57777
55699
55750
57778
55700
55751
57779
55701
55752
57780
55702
55753
57781
55703
55754
57782
55704
55755
57783
55705
55756
57784
55706
55757
57785
55707
55758
57786
55708
55759
57787
55709
55760
57788
55710
55761
57789
55711
55762
57790
55712
55763
57791
55713
55764
57792
55714
55765
57793
55715
55766
57794
55716
55767
57795
55717
55768
57796
55718
55769
57797
55719
55770
57798
55720
55771
57799
55721
55772
57800
55722
55773
57801
55723
55774
57802
55724
55775
57803
55725
55776
57804
55726
55777
57805
55727
55778
57806
55728
55779
57807
55729
55780
57808
55730
55781
57809
55731
55782
57810
55732
55783
57811
55733
55784
57812
55734
55785
57813
55735
55786
57814
55736
55787
57815
55737
55788
57816
55738
55789
57817
55739
55790
57818
55740
55791
57819
55741
55792
57820
55742
55793
57821
55743
55794
57822
55795
57823
55745
55796
57824
55746
55797
57825
55747
55798
57826
55748
55799
57827
55749
55800
57828
55750
55801
57829
55751
55802
57830
55752
55803
57831
55753
55804
57832
55754
55805
57833
55755
55806
57834
55756
55807
57835
55757
55808
57836
55758
55809
57837
55759
55810
57838
55760
55811
57839
55761
55812
57840
55762
55813
57841
55763
55814
57842
55764
55815
57843
55765
55816
57844
55766
55817
57845
55767
55818
57846
55768
55819
57847
55769
55820
57848
55770
55821
57849
55771
55822
57850
55772
55823
57851
55773
55824
57852
55774
55825
57853
55775
55826
57854
55776
55827
57855
55777
55828
57856
55778
55829
57857
55779
55830
57858
55780
55831
57859
55781
55832
57860
55782
55833
57861
55783
55834
57862
55784
55835
57863
55785
55836
57864
55786
55837
57865
55787
55838
57866
55788
55839
57867
55789
55840
57868
55790
55841
57869
55791
55842
57870
55792
55843
57871
55793
55844
57872
55794
55845
57873
55795
55846
57874
55847
57875
55797
55848
57876
55798
55849
57877
55799
55850
57878
55800
55851
57879
55801
55852
57880
55802
55853
57881
55803
55854
57882
55804
55855
57883
55805
55856
57884
55806
55857
57885
55807
55858
57886
55808
55859
57887
55809
55860
57888
55810
55861
57889
55811
55862
57890
55812
55863
57891
55813
55864
57892
55814
55865
57893
55815
55866
57894
55816
55867
57895
55817
55868
57896
55818
55869
57897
55819
55870
57898
55820
55871
57899
55821
55872
57900
55822
55873
57901
55823
55874
57902
55824
55875
57903
55825
55876
57904
55826
55877
57905
55827
55878
57906
55828
55879
57907
55829
55880
57908
55830
55881
57909
55831
55882
57910
55832
55883
57911
55833
55884
57912
55834
55885
57913
55835
55886
57914
55836
55887
57915
55837
55888
57916
55838
55889
57917
55839
55890
57918
55840
55891
57919
55841
55892
57920
55842
55893
57921
55843
55894
57922
55844
55895
57923
55845
55896
57924
55846
55897
57925
55847
55898
57926
55899
57927
55849
55900
57928
55850
55901
57929
55851
55902
57930
55852
55903
57931
55853
55904
57932
55854
55905
57933
55855
55906
57934
55856
55907
57935
55857
55908
57936
55858
55909
57937
55859
55910
57938
55860
55911
57939
55861
55912
57940
55862
55913
57941
55863
55914
57942
55864
55915
57943
55865
55916
57944
55866
55917
57945
55867
55918
57946
55868
55919
57947
55869
55920
57948
55870
55921
57949
55871
55922
57950
55872
55923
57951
55873
55924
57952
55874
55925
57953
55875
55926
57954
55876
55927
57955
55877
55928
57956
55878
55929
57957
55879
55930
57958
55880
55931
57959
55881
55932
57960
55882
55933
57961
55883
55934
57962
55884
55935
57963
55885
55936
57964
55886
55937
57965
55887
55938
57966
55888
55939
57967
55889
55940
57968
55890
55941
57969
55891
55942
57970
55892
55943
57971
55893
55944
57972
55894
55945
57973
55895
55946
57974
55896
55947
57975
55897
55948
57976
55898
55949
57977
55899
55950
57978
55951
57979
55901
55952
57980
55902
55953
57981
55903
55954
57982
55904
55955
57983
55905
55956
57984
55906
55957
57985
55907
55958
57986
55908
55959
57987
55909
55960
57988
55910
55961
57989
55911
55962
57990
55912
55963
57991
55913
55964
57992
55914
55965
57993
55915
55966
57994
55916
55967
57995
55917
55968
57996
55918
55969
57997
55919
55970
57998
55920
55971
57999
55921
55972
58000
55922
55973
58001
55923
55974
58002
55924
55975
58003
55925
55976
58004
55926
55977
58005
55927
55978
58006
55928
55979
58007
55929
55980
58008
55930
55981
58009
55931
55982
58010
55932
55983
58011
55933
55984
58012
55934
55985
58013
55935
55986
58014
55936
55987
58015
55937
55988
58016
55938
55989
58017
55939
55990
58018
55940
55991
58019
55941
55992
58020
55942
55993
58021
55943
55994
58022
55944
55995
58023
55945
55996
58024
55946
55997
58025
55947
55998
58026
55948
55999
58027
55949
56000
58028
55950
56001
58029
55951
56002
58030
56003
58031
55953
56004
58032
55954
56005
58033
55955
56006
58034
55956
56007
58035
55957
56008
58036
55958
56009
58037
55959
56010
58038
55960
56011
58039
55961
56012
58040
55962
56013
58041
55963
56014
58042
55964
56015
58043
55965
56016
58044
55966
56017
58045
55967
56018
58046
55968
56019
58047
55969
56020
58048
55970
56021
58049
55971
56022
58050
55972
56023
58051
55973
56024
58052
55974
56025
58053
55975
56026
58054
55976
56027
58055
55977
56028
58056
55978
56029
58057
55979
56030
58058
55980
56031
58059
55981
56032
58060
55982
56033
58061
55983
56034
58062
55984
56035
58063
55985
56036
58064
55986
56037
58065
55987
56038
58066
55988
56039
58067
55989
56040
58068
55990
56041
58069
55991
56042
58070
55992
56043
58071
55993
56044
58072
55994
56045
58073
55995
56046
58074
55996
56047
58075
55997
56048
58076
55998
56049
58077
55999
56050
58078
56000
56051
58079
56001
56052
58080
56002
56053
58081
56003
56054
58082
56055
58083
56005
56056
58084
56006
56057
58085
56007
56058
58086
56008
56059
58087
56009
56060
58088
56010
56061
58089
56011
56062
58090
56012
56063
58091
56013
56064
58092
56014
56065
58093
56015
56066
58094
56016
56067
58095
56017
56068
58096
56018
56069
58097
56019
56070
58098
56020
56071
58099
56021
56072
58100
56022
56073
58101
56023
56074
58102
56024
56075
58103
56025
56076
58104
56026
56077
58105
56027
56078
58106
56028
56079
58107
56029
56080
58108
56030
56081
58109
56031
56082
58110
56032
56083
58111
56033
56084
58112
56034
56085
58113
56035
56086
58114
56036
56087
58115
56037
56088
58116
56038
56089
58117
56039
56090
58118
56040
56091
58119
56041
56092
58120
56042
56093
58121
56043
56094
58122
56044
56095
58123
56045
56096
58124
56046
56097
58125
56047
56098
58126
56048
56099
58127
56049
56100
58128
56050
56101
58129
56051
56102
58130
56052
56103
58131
56053
56104
58132
56054
56105
58133
56055
56106
58134
56107
58135
56057
56108
58136
56058
56109
58137
56059
56110
58138
56060
56111
58139
56061
56112
58140
56062
56113
58141
56063
56114
58142
56064
56115
58143
56065
56116
58144
56066
56117
58145
56067
56118
58146
56068
56119
58147
56069
56120
58148
56070
56121
58149
56071
56122
58150
56072
56123
58151
56073
56124
58152
56074
56125
58153
56075
56126
58154
56076
56127
58155
56077
56128
58156
56078
56129
58157
56079
56130
58158
56080
56131
58159
56081
56132
58160
56082
56133
58161
56083
56134
58162
56084
56135
58163
56085
56136
58164
56086
56137
58165
56087
56138
58166
56088
56139
58167
56089
56140
58168
56090
56141
58169
56091
56142
58170
56092
56143
58171
56093
56144
58172
56094
56145
58173
56095
56146
58174
56096
56147
58175
56097
56148
58176
56098
56149
58177
56099
56150
58178
56100
56151
58179
56101
56152
58180
56102
56153
58181
56103
56154
58182
56104
56155
58183
56105
56156
58184
56106
56157
58185
56107
56158
58186
56159
58187
56109
58188
56110
58189
56111
58190
56112
58191
56113
58192
56114
58193
56115
58194
56116
58195
56117
58196
56118
58197
56119
58198
56120
58199
56121
58200
56122
58201
56123
58202
56124
58203
56125
58204
56126
58205
56127
58206
56128
58207
56129
58208
56130
58209
56131
58210
56132
58211
56133
58212
56134
58213
56135
58214
56136
58215
56137
58216
56138
58217
56139
58218
56140
58219
56141
58220
56142
58221
56143
58222
56144
58223
56145
58224
56146
58225
56147
58226
56148
58227
56149
58228
56150
58229
56151
58230
56152
58231
56153
58232
56154
58233
56155
58234
56156
58235
56157
58236
56158
58237
56159
58238
58239
56161
56212
56162
56213
56163
56214
56164
56215
56165
56216
56166
56217
56167
56218
56168
56219
56169
56220
56170
56221
56171
56222
56172
56223
56173
56224
56174
56225
56175
56226
56176
56227
56177
56228
56178
56229
56179
56230
56180
56231
56181
56232
56182
56233
56183
56234
56184
56235
56185
56236
56186
56237
56187
56238
56188
56239
56189
56240
56190
56241
56191
56242
56192
56243
56193
56244
56194
56245
56195
56246
56196
56247
56197
56248
56198
56249
56199
56250
56200
56251
56201
56252
56202
56253
56203
56254
56204
56255
56205
56256
56206
56257
56207
56258
56208
56259
56209
56260
56210
56261
56211
56262
56263
56213
56264
56214
56265
56215
56266
56216
56267
56217
56268
56218
56269
56219
56270
56220
56271
56221
56272
56222
56273
56223
56274
56224
56275
56225
56276
56226
56277
56227
56278
56228
56279
56229
56280
56230
56281
56231
56282
56232
56283
56233
56284
56234
56285
56235
56286
56236
56287
56237
56288
56238
56289
56239
56290
56240
56291
56241
56292
56242
56293
56243
56294
56244
56295
56245
56296
56246
56297
56247
56298
56248
56299
56249
56300
56250
56301
56251
56302
56252
56303
56253
56304
56254
56305
56255
56306
56256
56307
56257
56308
56258
56309
56259
56310
56260
56311
56261
56312
56262
56313
56263
56314
56315
56265
56316
56266
56317
56267
56318
56268
56319
56269
56320
56270
56321
56271
56322
56272
56323
56273
56324
56274
56325
56275
56326
56276
56327
56277
56328
56278
56329
56279
56330
56280
56331
56281
56332
56282
56333
56283
56334
56284
56335
56285
56336
56286
56337
56287
56338
56288
56339
56289
56340
56290
56341
56291
56342
56292
56343
56293
56344
56294
56345
56295
56346
56296
56347
56297
56348
56298
56349
56299
56350
56300
56351
56301
56352
56302
56353
56303
56354
56304
56355
56305
56356
56306
56357
56307
56358
56308
56359
56309
56360
56310
56361
56311
56362
56312
56363
56313
56364
56314
56365
56315
56366
56367
56317
56368
56318
56369
56319
56370
56320
56371
56321
56372
56322
56373
56323
56374
56324
56375
56325
56376
56326
56377
56327
56378
56328
56379
56329
56380
56330
56381
56331
56382
56332
56383
56333
56384
56334
56385
56335
56386
56336
56387
56337
56388
56338
56389
56339
56390
56340
56391
56341
56392
56342
56393
56343
56394
56344
56395
56345
56396
56346
56397
56347
56398
56348
56399
56349
56400
56350
56401
56351
56402
56352
56403
56353
56404
56354
56405
56355
56406
56356
56407
56357
56408
56358
56409
56359
56410
56360
56411
56361
56412
56362
56413
56363
56414
56364
56415
56365
56416
56366
56417
56367
56418
56419
56369
56420
56370
56421
56371
56422
56372
56423
56373
56424
56374
56425
56375
56426
56376
56427
56377
56428
56378
56429
56379
56430
56380
56431
56381
56432
56382
56433
56383
56434
56384
56435
56385
56436
56386
56437
56387
56438
56388
56439
56389
56440
56390
56441
56391
56442
56392
56443
56393
56444
56394
56445
56395
56446
56396
56447
56397
56448
56398
56449
56399
56450
56400
56451
56401
56452
56402
56453
56403
56454
56404
56455
56405
56456
56406
56457
56407
56458
56408
56459
56409
56460
56410
56461
56411
56462
56412
56463
56413
56464
56414
56465
56415
56466
56416
56467
56417
56468
56418
56469
56419
56470
56471
56421
56472
56422
56473
56423
56474
56424
56475
56425
56476
56426
56477
56427
56478
56428
56479
56429
56480
56430
56481
56431
56482
56432
56483
56433
56484
56434
56485
56435
56486
56436
56487
56437
56488
56438
56489
56439
56490
56440
56491
56441
56492
56442
56493
56443
56494
56444
56495
56445
56496
56446
56497
56447
56498
56448
56499
56449
56500
56450
56501
56451
56502
56452
56503
56453
56504
56454
56505
56455
56506
56456
56507
56457
56508
56458
56509
56459
56510
56460
56511
56461
56512
56462
56513
56463
56514
56464
56515
56465
56516
56466
56517
56467
56518
56468
56519
56469
56520
56470
56521
56471
56522
56523
56473
56524
56474
56525
56475
56526
56476
56527
56477
56528
56478
56529
56479
56530
56480
56531
56481
56532
56482
56533
56483
56534
56484
56535
56485
56536
56486
56537
56487
56538
56488
56539
56489
56540
56490
56541
56491
56542
56492
56543
56493
56544
56494
56545
56495
56546
56496
56547
56497
56548
56498
56549
56499
56550
56500
56551
56501
56552
56502
56553
56503
56554
56504
56555
56505
56556
56506
56557
56507
56558
56508
56559
56509
56560
56510
56561
56511
56562
56512
56563
56513
56564
56514
56565
56515
56566
56516
56567
56517
56568
56518
56569
56519
56570
56520
56571
56521
56572
56522
56573
56523
56574
56575
56525
56576
56526
56577
56527
56578
56528
56579
56529
56580
56530
56581
56531
56582
56532
56583
56533
56584
56534
56585
56535
56586
56536
56587
56537
56588
56538
56589
56539
56590
56540
56591
56541
56592
56542
56593
56543
56594
56544
56595
56545
56596
56546
56597
56547
56598
56548
56599
56549
56600
56550
56601
56551
56602
56552
56603
56553
56604
56554
56605
56555
56606
56556
56607
56557
56608
56558
56609
56559
56610
56560
56611
56561
56612
56562
56613
56563
56614
56564
56615
56565
56616
56566
56617
56567
56618
56568
56619
56569
56620
56570
56621
56571
56622
56572
56623
56573
56624
56574
56625
56575
56626
56627
56577
56628
56578
56629
56579
56630
56580
56631
56581
56632
56582
56633
56583
56634
56584
56635
56585
56636
56586
56637
56587
56638
56588
56639
56589
56640
56590
56641
56591
56642
56592
56643
56593
56644
56594
56645
56595
56646
56596
56647
56597
56648
56598
56649
56599
56650
56600
56651
56601
56652
56602
56653
56603
56654
56604
56655
56605
56656
56606
56657
56607
56658
56608
56659
56609
56660
56610
56661
56611
56662
56612
56663
56613
56664
56614
56665
56615
56666
56616
56667
56617
56668
56618
56669
56619
56670
56620
56671
56621
56672
56622
56673
56623
56674
56624
56675
56625
56676
56626
56677
56627
56678
56679
56629
56680
56630
56681
56631
56682
56632
56683
56633
56684
56634
56685
56635
56686
56636
56687
56637
56688
56638
56689
56639
56690
56640
56691
56641
56692
56642
56693
56643
56694
56644
56695
56645
56696
56646
56697
56647
56698
56648
56699
56649
56700
56650
56701
56651
56702
56652
56703
56653
56704
56654
56705
56655
56706
56656
56707
56657
56708
56658
56709
56659
56710
56660
56711
56661
56712
56662
56713
56663
56714
56664
56715
56665
56716
56666
56717
56667
56718
56668
56719
56669
56720
56670
56721
56671
56722
56672
56723
56673
56724
56674
56725
56675
56726
56676
56727
56677
56728
56678
56729
56679
56730
56731
56681
56732
56682
56733
56683
56734
56684
56735
56685
56736
56686
56737
56687
56738
56688
56739
56689
56740
56690
56741
56691
56742
56692
56743
56693
56744
56694
56745
56695
56746
56696
56747
56697
56748
56698
56749
56699
56750
56700
56751
56701
56752
56702
56753
56703
56754
56704
56755
56705
56756
56706
56757
56707
56758
56708
56759
56709
56760
56710
56761
56711
56762
56712
56763
56713
56764
56714
56765
56715
56766
56716
56767
56717
56768
56718
56769
56719
56770
56720
56771
56721
56772
56722
56773
56723
56774
56724
56775
56725
56776
56726
56777
56727
56778
56728
56779
56729
56780
56730
56781
56731
56782
56783
56733
56784
56734
56785
56735
56786
56736
56787
56737
56788
56738
56789
56739
56790
56740
56791
56741
56792
56742
56793
56743
56794
56744
56795
56745
56796
56746
56797
56747
56798
56748
56799
56749
56800
56750
56801
56751
56802
56752
56803
56753
56804
56754
56805
56755
56806
56756
56807
56757
56808
56758
56809
56759
56810
56760
56811
56761
56812
56762
56813
56763
56814
56764
56815
56765
56816
56766
56817
56767
56818
56768
56819
56769
56820
56770
56821
56771
56822
56772
56823
56773
56824
56774
56825
56775
56826
56776
56827
56777
56828
56778
56829
56779
56830
56780
56831
56781
56832
56782
56833
56783
56834
56835
56785
56836
56786
56837
56787
56838
56788
56839
56789
56840
56790
56841
56791
56842
56792
56843
56793
56844
56794
56845
56795
56846
56796
56847
56797
56848
56798
56849
56799
56850
56800
56851
56801
56852
56802
56853
56803
56854
56804
56855
56805
56856
56806
56857
56807
56858
56808
56859
56809
56860
56810
56861
56811
56862
56812
56863
56813
56864
56814
56865
56815
56866
56816
56867
56817
56868
56818
56869
56819
56870
56820
56871
56821
56872
56822
56873
56823
56874
56824
56875
56825
56876
56826
56877
56827
56878
56828
56879
56829
56880
56830
56881
56831
56882
56832
56883
56833
56884
56834
56885
56835
56886
56887
56837
56888
56838
56889
56839
56890
56840
56891
56841
56892
56842
56893
56843
56894
56844
56895
56845
56896
56846
56897
56847
56898
56848
56899
56849
56900
56850
56901
56851
56902
56852
56903
56853
56904
56854
56905
56855
56906
56856
56907
56857
56908
56858
56909
56859
56910
56860
56911
56861
56912
56862
56913
56863
56914
56864
56915
56865
56916
56866
56917
56867
56918
56868
56919
56869
56920
56870
56921
56871
56922
56872
56923
56873
56924
56874
56925
56875
56926
56876
56927
56877
56928
56878
56929
56879
56930
56880
56931
56881
56932
56882
56933
56883
56934
56884
56935
56885
56936
56886
56937
56887
56938
56939
56889
56940
56890
56941
56891
56942
56892
56943
56893
56944
56894
56945
56895
56946
56896
56947
56897
56948
56898
56949
56899
56950
56900
56951
56901
56952
56902
56953
56903
56954
56904
56955
56905
56956
56906
56957
56907
56958
56908
56959
56909
56960
56910
56961
56911
56962
56912
56963
56913
56964
56914
56965
56915
56966
56916
56967
56917
56968
56918
56969
56919
56970
56920
56971
56921
56972
56922
56973
56923
56974
56924
56975
56925
56976
56926
56977
56927
56978
56928
56979
56929
56980
56930
56981
56931
56982
56932
56983
56933
56984
56934
56985
56935
56986
56936
56987
56937
56988
56938
56989
56939
56990
56991
56941
56992
56942
56993
56943
56994
56944
56995
56945
56996
56946
56997
56947
56998
56948
56999
56949
57000
56950
57001
56951
57002
56952
57003
56953
57004
56954
57005
56955
57006
56956
57007
56957
57008
56958
57009
56959
57010
56960
57011
56961
57012
56962
57013
56963
57014
56964
57015
56965
57016
56966
57017
56967
57018
56968
57019
56969
57020
56970
57021
56971
57022
56972
57023
56973
57024
56974
57025
56975
57026
56976
57027
56977
57028
56978
57029
56979
57030
56980
57031
56981
57032
56982
57033
56983
57034
56984
57035
56985
57036
56986
57037
56987
57038
56988
57039
56989
57040
56990
57041
56991
57042
57043
56993
57044
56994
57045
56995
57046
56996
57047
56997
57048
56998
57049
56999
57050
57000
57051
57001
57052
57002
57053
57003
57054
57004
57055
57005
57056
57006
57057
57007
57058
57008
57059
57009
57060
57010
57061
57011
57062
57012
57063
57013
57064
57014
57065
57015
57066
57016
57067
57017
57068
57018
57069
57019
57070
57020
57071
57021
57072
57022
57073
57023
57074
57024
57075
57025
57076
57026
57077
57027
57078
57028
57079
57029
57080
57030
57081
57031
57082
57032
57083
57033
57084
57034
57085
57035
57086
57036
57087
57037
57088
57038
57089
57039
57090
57040
57091
57041
57092
57042
57093
57043
57094
57095
57045
57096
57046
57097
57047
57098
57048
57099
57049
57100
57050
57101
57051
57102
57052
57103
57053
57104
57054
57105
57055
57106
57056
57107
57057
57108
57058
57109
57059
57110
57060
57111
57061
57112
57062
57113
57063
57114
57064
57115
57065
57116
57066
57117
57067
57118
57068
57119
57069
57120
57070
57121
57071
57122
57072
57123
57073
57124
57074
57125
57075
57126
57076
57127
57077
57128
57078
57129
57079
57130
57080
57131
57081
57132
57082
57133
57083
57134
57084
57135
57085
57136
57086
57137
57087
57138
57088
57139
57089
57140
57090
57141
57091
57142
57092
57143
57093
57144
57094
57145
57095
57146
57147
57097
57148
57098
57149
57099
57150
57100
57151
57101
57152
57102
57153
57103
57154
57104
57155
57105
57156
57106
57157
57107
57158
57108
57159
57109
57160
57110
57161
57111
57162
57112
57163
57113
57164
57114
57165
57115
57166
57116
57167
57117
57168
57118
57169
57119
57170
57120
57171
57121
57172
57122
57173
57123
57174
57124
57175
57125
57176
57126
57177
57127
57178
57128
57179
57129
57180
57130
57181
57131
57182
57132
57183
57133
57184
57134
57185
57135
57186
57136
57187
57137
57188
57138
57189
57139
57190
57140
57191
57141
57192
57142
57193
57143
57194
57144
57195
57145
57196
57146
57197
57147
57198
57199
57149
57200
57150
57201
57151
57202
57152
57203
57153
57204
57154
57205
57155
57206
57156
57207
57157
57208
57158
57209
57159
57210
57160
57211
57161
57212
57162
57213
57163
57214
57164
57215
57165
57216
57166
57217
57167
57218
57168
57219
57169
57220
57170
57221
57171
57222
57172
57223
57173
57224
57174
57225
57175
57226
57176
57227
57177
57228
57178
57229
57179
57230
57180
57231
57181
57232
57182
57233
57183
57234
57184
57235
57185
57236
57186
57237
57187
57238
57188
57239
57189
57240
57190
57241
57191
57242
57192
57243
57193
57244
57194
57245
57195
57246
57196
57247
57197
57248
57198
57249
57199
57250
57251
57201
57252
57202
57253
57203
57254
57204
57255
57205
57256
57206
57257
57207
57258
57208
57259
57209
57260
57210
57261
57211
57262
57212
57263
57213
57264
57214
57265
57215
57266
57216
57267
57217
57268
57218
57269
57219
57270
57220
57271
57221
57272
57222
57273
57223
57274
57224
57275
57225
57276
57226
57277
57227
57278
57228
57279
57229
57280
57230
57281
57231
57282
57232
57283
57233
57284
57234
57285
57235
57286
57236
57287
57237
57288
57238
57289
57239
57290
57240
57291
57241
57292
57242
57293
57243
57294
57244
57295
57245
57296
57246
57297
57247
57298
57248
57299
57249
57300
57250
57301
57251
57302
57303
57253
57304
57254
57305
57255
57306
57256
57307
57257
57308
57258
57309
57259
57310
57260
57311
57261
57312
57262
57313
57263
57314
57264
57315
57265
57316
57266
57317
57267
57318
57268
57319
57269
57320
57270
57321
57271
57322
57272
57323
57273
57324
57274
57325
57275
57326
57276
57327
57277
57328
57278
57329
57279
57330
57280
57331
57281
57332
57282
57333
57283
57334
57284
57335
57285
57336
57286
57337
57287
57338
57288
57339
57289
57340
57290
57341
57291
57342
57292
57343
57293
57344
57294
57345
57295
57346
57296
57347
57297
57348
57298
57349
57299
57350
57300
57351
57301
57352
57302
57353
57303
57354
57355
57305
57356
57306
57357
57307
57358
57308
57359
57309
57360
57310
57361
57311
57362
57312
57363
57313
57364
57314
57365
57315
57366
57316
57367
57317
57368
57318
57369
57319
57370
57320
57371
57321
57372
57322
57373
57323
57374
57324
57375
57325
57376
57326
57377
57327
57378
57328
57379
57329
57380
57330
57381
57331
57382
57332
57383
57333
57384
57334
57385
57335
57386
57336
57387
57337
57388
57338
57389
57339
57390
57340
57391
57341
57392
57342
57393
57343
57394
57344
57395
57345
57396
57346
57397
57347
57398
57348
57399
57349
57400
57350
57401
57351
57402
57352
57403
57353
57404
57354
57405
57355
57406
57407
57357
57408
57358
57409
57359
57410
57360
57411
57361
57412
57362
57413
57363
57414
57364
57415
57365
57416
57366
57417
57367
57418
57368
57419
57369
57420
57370
57421
57371
57422
57372
57423
57373
57424
57374
57425
57375
57426
57376
57427
57377
57428
57378
57429
57379
57430
57380
57431
57381
57432
57382
57433
57383
57434
57384
57435
57385
57436
57386
57437
57387
57438
57388
57439
57389
57440
57390
57441
57391
57442
57392
57443
57393
57444
57394
57445
57395
57446
57396
57447
57397
57448
57398
57449
57399
57450
57400
57451
57401
57452
57402
57453
57403
57454
57404
57455
57405
57456
57406
57457
57407
57458
57459
57409
57460
57410
57461
57411
57462
57412
57463
57413
57464
57414
57465
57415
57466
57416
57467
57417
57468
57418
57469
57419
57470
57420
57471
57421
57472
57422
57473
57423
57474
57424
57475
57425
57476
57426
57477
57427
57478
57428
57479
57429
57480
57430
57481
57431
57482
57432
57483
57433
57484
57434
57485
57435
57486
57436
57487
57437
57488
57438
57489
57439
57490
57440
57491
57441
57492
57442
57493
57443
57494
57444
57495
57445
57496
57446
57497
57447
57498
57448
57499
57449
57500
57450
57501
57451
57502
57452
57503
57453
57504
57454
57505
57455
57506
57456
57507
57457
57508
57458
57509
57459
57510
57511
57461
57512
57462
57513
57463
57514
57464
57515
57465
57516
57466
57517
57467
57518
57468
57519
57469
57520
57470
57521
57471
57522
57472
57523
57473
57524
57474
57525
57475
57526
57476
57527
57477
57528
57478
57529
57479
57530
57480
57531
57481
57532
57482
57533
57483
57534
57484
57535
57485
57536
57486
57537
57487
57538
57488
57539
57489
57540
57490
57541
57491
57542
57492
57543
57493
57544
57494
57545
57495
57546
57496
57547
57497
57548
57498
57549
57499
57550
57500
57551
57501
57552
57502
57553
57503
57554
57504
57555
57505
57556
57506
57557
57507
57558
57508
57559
57509
57560
57510
57561
57511
57562
57563
57513
57564
57514
57565
57515
57566
57516
57567
57517
57568
57518
57569
57519
57570
57520
57571
57521
57572
57522
57573
57523
57574
57524
57575
57525
57576
57526
57577
57527
57578
57528
57579
57529
57580
57530
57581
57531
57582
57532
57583
57533
57584
57534
57585
57535
57586
57536
57587
57537
57588
57538
57589
57539
57590
57540
57591
57541
57592
57542
57593
57543
57594
57544
57595
57545
57596
57546
57597
57547
57598
57548
57599
57549
57600
57550
57601
57551
57602
57552
57603
57553
57604
57554
57605
57555
57606
57556
57607
57557
57608
57558
57609
57559
57610
57560
57611
57561
57612
57562
57613
57563
57614
57615
57565
57616
57566
57617
57567
57618
57568
57619
57569
57620
57570
57621
57571
57622
57572
57623
57573
57624
57574
57625
57575
57626
57576
57627
57577
57628
57578
57629
57579
57630
57580
57631
57581
57632
57582
57633
57583
57634
57584
57635
57585
57636
57586
57637
57587
57638
57588
57639
57589
57640
57590
57641
57591
57642
57592
57643
57593
57644
57594
57645
57595
57646
57596
57647
57597
57648
57598
57649
57599
57650
57600
57651
57601
57652
57602
57653
57603
57654
57604
57655
57605
57656
57606
57657
57607
57658
57608
57659
57609
57660
57610
57661
57611
57662
57612
57663
57613
57664
57614
57665
57615
57666
57667
57617
57668
57618
57669
57619
57670
57620
57671
57621
57672
57622
57673
57623
57674
57624
57675
57625
57676
57626
57677
57627
57678
57628
57679
57629
57680
57630
57681
57631
57682
57632
57683
57633
57684
57634
57685
57635
57686
57636
57687
57637
57688
57638
57689
57639
57690
57640
57691
57641
57692
57642
57693
57643
57694
57644
57695
57645
57696
57646
57697
57647
57698
57648
57699
57649
57700
57650
57701
57651
57702
57652
57703
57653
57704
57654
57705
57655
57706
57656
57707
57657
57708
57658
57709
57659
57710
57660
57711
57661
57712
57662
57713
57663
57714
57664
57715
57665
57716
57666
57717
57667
57718
57719
57669
57720
57670
57721
57671
57722
57672
57723
57673
57724
57674
57725
57675
57726
57676
57727
57677
57728
57678
57729
57679
57730
57680
57731
57681
57732
57682
57733
57683
57734
57684
57735
57685
57736
57686
57737
57687
57738
57688
57739
57689
57740
57690
57741
57691
57742
57692
57743
57693
57744
57694
57745
57695
57746
57696
57747
57697
57748
57698
57749
57699
57750
57700
57751
57701
57752
57702
57753
57703
57754
57704
57755
57705
57756
57706
57757
57707
57758
57708
57759
57709
57760
57710
57761
57711
57762
57712
57763
57713
57764
57714
57765
57715
57766
57716
57767
57717
57768
57718
57769
57719
57770
57771
57721
57772
57722
57773
57723
57774
57724
57775
57725
57776
57726
57777
57727
57778
57728
57779
57729
57780
57730
57781
57731
57782
57732
57783
57733
57784
57734
57785
57735
57786
57736
57787
57737
57788
57738
57789
57739
57790
57740
57791
57741
57792
57742
57793
57743
57794
57744
57795
57745
57796
57746
57797
57747
57798
57748
57799
57749
57800
57750
57801
57751
57802
57752
57803
57753
57804
57754
57805
57755
57806
57756
57807
57757
57808
57758
57809
57759
57810
57760
57811
57761
57812
57762
57813
57763
57814
57764
57815
57765
57816
57766
57817
57767
57818
57768
57819
57769
57820
57770
57821
57771
57822
57823
57773
57824
57774
57825
57775
57826
57776
57827
57777
57828
57778
57829
57779
57830
57780
57831
57781
57832
57782
57833
57783
57834
57784
57835
57785
57836
57786
57837
57787
57838
57788
57839
57789
57840
57790
57841
57791
57842
57792
57843
57793
57844
57794
57845
57795
57846
57796
57847
57797
57848
57798
57849
57799
57850
57800
57851
57801
57852
57802
57853
57803
57854
57804
57855
57805
57856
57806
57857
57807
57858
57808
57859
57809
57860
57810
57861
57811
57862
57812
57863
57813
57864
57814
57865
57815
57866
57816
57867
57817
57868
57818
57869
57819
57870
57820
57871
57821
57872
57822
57873
57823
57874
57875
57825
57876
57826
57877
57827
57878
57828
57879
57829
57880
57830
57881
57831
57882
57832
57883
57833
57884
57834
57885
57835
57886
57836
57887
57837
57888
57838
57889
57839
57890
57840
57891
57841
57892
57842
57893
57843
57894
57844
57895
57845
57896
57846
57897
57847
57898
57848
57899
57849
57900
57850
57901
57851
57902
57852
57903
57853
57904
57854
57905
57855
57906
57856
57907
57857
57908
57858
57909
57859
57910
57860
57911
57861
57912
57862
57913
57863
57914
57864
57915
57865
57916
57866
57917
57867
57918
57868
57919
57869
57920
57870
57921
57871
57922
57872
57923
57873
57924
57874
57925
57875
57926
57927
57877
57928
57878
57929
57879
57930
57880
57931
57881
57932
57882
57933
57883
57934
57884
57935
57885
57936
57886
57937
57887
57938
57888
57939
57889
57940
57890
57941
57891
57942
57892
57943
57893
57944
57894
57945
57895
57946
57896
57947
57897
57948
57898
57949
57899
57950
57900
57951
57901
57952
57902
57953
57903
57954
57904
57955
57905
57956
57906
57957
57907
57958
57908
57959
57909
57960
57910
57961
57911
57962
57912
57963
57913
57964
57914
57965
57915
57966
57916
57967
57917
57968
57918
57969
57919
57970
57920
57971
57921
57972
57922
57973
57923
57974
57924
57975
57925
57976
57926
57977
57927
57978
57979
57929
57980
57930
57981
57931
57982
57932
57983
57933
57984
57934
57985
57935
57986
57936
57987
57937
57988
57938
57989
57939
57990
57940
57991
57941
57992
57942
57993
57943
57994
57944
57995
57945
57996
57946
57997
57947
57998
57948
57999
57949
58000
57950
58001
57951
58002
57952
58003
57953
58004
57954
58005
57955
58006
57956
58007
57957
58008
57958
58009
57959
58010
57960
58011
57961
58012
57962
58013
57963
58014
57964
58015
57965
58016
57966
58017
57967
58018
57968
58019
57969
58020
57970
58021
57971
58022
57972
58023
57973
58024
57974
58025
57975
58026
57976
58027
57977
58028
57978
58029
57979
58030
58031
57981
58032
57982
58033
57983
58034
57984
58035
57985
58036
57986
58037
57987
58038
57988
58039
57989
58040
57990
58041
57991
58042
57992
58043
57993
58044
57994
58045
57995
58046
57996
58047
57997
58048
57998
58049
57999
58050
58000
58051
58001
58052
58002
58053
58003
58054
58004
58055
58005
58056
58006
58057
58007
58058
58008
58059
58009
58060
58010
58061
58011
58062
58012
58063
58013
58064
58014
58065
58015
58066
58016
58067
58017
58068
58018
58069
58019
58070
58020
58071
58021
58072
58022
58073
58023
58074
58024
58075
58025
58076
58026
58077
58027
58078
58028
58079
58029
58080
58030
58081
58031
58082
58083
58033
58084
58034
58085
58035
58086
58036
58087
58037
58088
58038
58089
58039
58090
58040
58091
58041
58092
58042
58093
58043
58094
58044
58095
58045
58096
58046
58097
58047
58098
58048
58099
58049
58100
58050
58101
58051
58102
58052
58103
58053
58104
58054
58105
58055
58106
58056
58107
58057
58108
58058
58109
58059
58110
58060
58111
58061
58112
58062
58113
58063
58114
58064
58115
58065
58116
58066
58117
58067
58118
58068
58119
58069
58120
58070
58121
58071
58122
58072
58123
58073
58124
58074
58125
58075
58126
58076
58127
58077
58128
58078
58129
58079
58130
58080
58131
58081
58132
58082
58133
58083
58134
58135
58085
58136
58086
58137
58087
58138
58088
58139
58089
58140
58090
58141
58091
58142
58092
58143
58093
58144
58094
58145
58095
58146
58096
58147
58097
58148
58098
58149
58099
58150
58100
58151
58101
58152
58102
58153
58103
58154
58104
58155
58105
58156
58106
58157
58107
58158
58108
58159
58109
58160
58110
58161
58111
58162
58112
58163
58113
58164
58114
58165
58115
58166
58116
58167
58117
58168
58118
58169
58119
58170
58120
58171
58121
58172
58122
58173
58123
58174
58124
58175
58125
58176
58126
58177
58127
58178
58128
58179
58129
58180
58130
58181
58131
58182
58132
58183
58133
58184
58134
58185
58135
58186
58187
58137
58188
58138
58189
58139
58190
58140
58191
58141
58192
58142
58193
58143
58194
58144
58195
58145
58196
58146
58197
58147
58198
58148
58199
58149
58200
58150
58201
58151
58202
58152
58203
58153
58204
58154
58205
58155
58206
58156
58207
58157
58208
58158
58209
58159
58210
58160
58211
58161
58212
58162
58213
58163
58214
58164
58215
58165
58216
58166
58217
58167
58218
58168
58219
58169
58220
58170
58221
58171
58222
58172
58223
58173
58224
58174
58225
58175
58226
58176
58227
58177
58228
58178
58229
58179
58230
58180
58231
58181
58232
58182
58233
58183
58234
58184
58235
58185
58236
58186
58237
58187
58238
58239
58189
58190
58191
58192
58193
58194
58195
58196
58197
58198
58199
58200
58201
58202
58203
58204
58205
58206
58207
58208
58209
58210
58211
58212
58213
58214
58215
58216
58217
58218
58219
58220
58221
58222
58223
58224
58225
58226
58227
58228
58229
58230
58231
58232
58233
58234
58235
58236
58237
58238
58239
)


// ************************************************************************* //
