ISO-10303-21;
HEADER;
FILE_DESCRIPTION(('FreeCAD Model'),'2;1');
FILE_NAME('Open CASCADE Shape Model','2026-09-22T17:10:12',('FreeCAD'),(
    'FreeCAD'),'Open CASCADE STEP processor 7.8','FreeCAD','Unknown');
FILE_SCHEMA(('AUTOMOTIVE_DESIGN { 1 0 10303 214 1 1 1 1 }'));
ENDSEC;
DATA;
#1 = APPLICATION_PROTOCOL_DEFINITION('international standard',
  'automotive_design',2000,#2);
#2 = APPLICATION_CONTEXT(
  'core data for automotive mechanical design processes');
#3 = SHAPE_DEFINITION_REPRESENTATION(#4,#10);
#4 = PRODUCT_DEFINITION_SHAPE('','',#5);
#5 = PRODUCT_DEFINITION('design','',#6,#9);
#6 = PRODUCT_DEFINITION_FORMATION('','',#7);
#7 = PRODUCT('Open CASCADE STEP translator 7.8 1',
  'Open CASCADE STEP translator 7.8 1','',(#8));
#8 = PRODUCT_CONTEXT('',#2,'mechanical');
#9 = PRODUCT_DEFINITION_CONTEXT('part definition',#2,'design');
#10 = ADVANCED_BREP_SHAPE_REPRESENTATION('',(#11,#15),#12093);
#11 = AXIS2_PLACEMENT_3D('',#12,#13,#14);
#12 = CARTESIAN_POINT('',(0.,0.,0.));
#13 = DIRECTION('',(0.,0.,1.));
#14 = DIRECTION('',(1.,0.,-0.));
#15 = MANIFOLD_SOLID_BREP('',#16);
#16 = CLOSED_SHELL('',(#17,#425,#477,#807,#1036,#1073,#1101,#1129,#1157,
    #1185,#1213,#1241,#1269,#1297,#1325,#1353,#1381,#1409,#1437,#1465,
    #1493,#1521,#1549,#1577,#1605,#1633,#1671,#1796,#2120,#2160,#2530,
    #2666,#2793,#3352,#3392,#3432,#3507,#3565,#3623,#3675,#3727,#3785,
    #3843,#3916,#3956,#3996,#4554,#4681,#4821,#5199,#5428,#5809,#5849,
    #5889,#5929,#5969,#6009,#6049,#6089,#6129,#6169,#6209,#6249,#6289,
    #6329,#6369,#6409,#6449,#6489,#6529,#6569,#6609,#6649,#6677,#6714,
    #6742,#6770,#6798,#6826,#6854,#6882,#6910,#6938,#6966,#6994,#7022,
    #7050,#7078,#7098,#7218,#7240,#7262,#7284,#7306,#7328,#7350,#7373,
    #7465,#7573,#7659,#7755,#7804,#7853,#7958,#8025,#8147,#8225,#8336,
    #8358,#8380,#8402,#8418,#8455,#8483,#8511,#8539,#8567,#8595,#8623,
    #8651,#8679,#8708,#8745,#8773,#8793,#8830,#8858,#8878,#8915,#8943,
    #8971,#8999,#9027,#9055,#9083,#9111,#9139,#9167,#9195,#9223,#9243,
    #9281,#9315,#9349,#9386,#9414,#9442,#9470,#9498,#9526,#9554,#9582,
    #9610,#9638,#9666,#9694,#9722,#9751,#9788,#9816,#9836,#9873,#9901,
    #9921,#9958,#9986,#10014,#10042,#10070,#10098,#10126,#10154,#10174,
    #10211,#10239,#10267,#10295,#10323,#10352,#10389,#10417,#10445,
    #10473,#10501,#10529,#10557,#10585,#10613,#10641,#10669,#10697,
    #10725,#10753,#10773,#10810,#10838,#10866,#10894,#10922,#10950,
    #10978,#11006,#11034,#11062,#11090,#11118,#11146,#11174,#11202,
    #11230,#11258,#11286,#11314,#11342,#11362,#11390,#11418,#11446,
    #11475,#11503,#11531,#11551,#11571,#11599,#11627,#11655,#11684,
    #11712,#11740,#11760,#11788,#11816,#11844,#11872,#11900,#11920,
    #11964,#11981,#11993,#12037));
#17 = ADVANCED_FACE('',(#18),#404,.T.);
#18 = FACE_BOUND('',#19,.T.);
#19 = EDGE_LOOP('',(#20,#37,#44,#59,#69,#79,#89,#99,#109,#122,#135,#154,
    #185,#216,#235,#254,#267,#280,#293,#306,#319,#332,#345,#358,#371,
    #384,#399));
#20 = ORIENTED_EDGE('',*,*,#21,.F.);
#21 = EDGE_CURVE('',#22,#24,#26,.T.);
#22 = VERTEX_POINT('',#23);
#23 = CARTESIAN_POINT('',(0.,6.,0.));
#24 = VERTEX_POINT('',#25);
#25 = CARTESIAN_POINT('',(2.85E+03,35.,20.));
#26 = ( BOUNDED_CURVE() B_SPLINE_CURVE(3,(#27,#28,#29,#30,#31,#32,#33,
#34,#35,#36),.UNSPECIFIED.,.F.,.F.) B_SPLINE_CURVE_WITH_KNOTS((4,1,1,1,1
    ,1,1,4),(0.,5.937462759188E-02,0.169261244735,0.329619903174,
    0.533683498435,0.722609230536,0.888013402964,1.),.UNSPECIFIED.) 
CURVE() GEOMETRIC_REPRESENTATION_ITEM() RATIONAL_B_SPLINE_CURVE((1.,1.,
1.,1.,1.,1.,1.,1.,1.,1.)) REPRESENTATION_ITEM('') );
#27 = CARTESIAN_POINT('',(0.,6.,0.));
#28 = CARTESIAN_POINT('',(36.384885512757,47.040902798448,0.15037251613)
  );
#29 = CARTESIAN_POINT('',(164.1400044123,153.117148437,0.539622812369));
#30 = CARTESIAN_POINT('',(476.00449735354,257.43561426585,
    -5.404002139371));
#31 = CARTESIAN_POINT('',(943.3280351607,259.33366431712,-19.32896624016
    ));
#32 = CARTESIAN_POINT('',(1.486434771408E+03,268.14480780063,
    -11.68924157854));
#33 = CARTESIAN_POINT('',(2.027682666396E+03,180.14743709123,
    3.820652817283));
#34 = CARTESIAN_POINT('',(2.477449574318E+03,99.991353740511,
    19.208050830248));
#35 = CARTESIAN_POINT('',(2.747888780157E+03,85.190082553412,
    25.631208244322));
#36 = CARTESIAN_POINT('',(2.85E+03,35.,20.));
#37 = ORIENTED_EDGE('',*,*,#38,.T.);
#38 = EDGE_CURVE('',#22,#39,#41,.T.);
#39 = VERTEX_POINT('',#40);
#40 = CARTESIAN_POINT('',(0.,5.948669168243,0.78315715332));
#41 = B_SPLINE_CURVE_WITH_KNOTS('',1,(#42,#43),.UNSPECIFIED.,.F.,.F.,(2,
    2),(0.,1.),.PIECEWISE_BEZIER_KNOTS.);
#42 = CARTESIAN_POINT('',(0.,6.,0.));
#43 = CARTESIAN_POINT('',(0.,5.948669168243,0.78315715332));
#44 = ORIENTED_EDGE('',*,*,#45,.T.);
#45 = EDGE_CURVE('',#39,#46,#48,.T.);
#46 = VERTEX_POINT('',#47);
#47 = CARTESIAN_POINT('',(937.96374220899,258.14078744517,
    23.884125664782));
#48 = ( BOUNDED_CURVE() B_SPLINE_CURVE(3,(#49,#50,#51,#52,#53,#54,#55,
#56,#57,#58),.UNSPECIFIED.,.F.,.F.) B_SPLINE_CURVE_WITH_KNOTS((4,1,1,1,1
    ,1,1,4),(0.,5.937462759188E-02,0.169261244735,0.329619903174,
    0.533683498435,0.722609230536,0.888013402964,1.),.UNSPECIFIED.) 
CURVE() GEOMETRIC_REPRESENTATION_ITEM() RATIONAL_B_SPLINE_CURVE((1.,1.,
1.,1.,1.,1.,1.,1.,1.,1.)) REPRESENTATION_ITEM('') );
#49 = CARTESIAN_POINT('',(0.,5.948669168243,0.78315715332));
#50 = CARTESIAN_POINT('',(36.384885512757,46.638461353908,7.159471659984
    ));
#51 = CARTESIAN_POINT('',(164.1400044123,151.80721000608,23.090451002177
    ));
#52 = CARTESIAN_POINT('',(476.00449735354,255.23321689849,
    32.467402648436));
#53 = CARTESIAN_POINT('',(943.3280351607,257.11502886845,20.259974308663
    ));
#54 = CARTESIAN_POINT('',(1.486434771408E+03,265.850791798,
    27.764021547156));
#55 = CARTESIAN_POINT('',(2.027682666396E+03,178.60625079376,
    31.282241408916));
#56 = CARTESIAN_POINT('',(2.477449574318E+03,99.135913847844,
    35.736050282757));
#57 = CARTESIAN_POINT('',(2.747888780157E+03,84.461269587586,
    37.663215181655));
#58 = CARTESIAN_POINT('',(2.85E+03,34.700570148083,24.568416727702));
#59 = ORIENTED_EDGE('',*,*,#60,.T.);
#60 = EDGE_CURVE('',#46,#61,#63,.T.);
#61 = VERTEX_POINT('',#62);
#62 = CARTESIAN_POINT('',(938.21413803322,258.18070351671,23.22287922859
    ));
#63 = B_SPLINE_CURVE_WITH_KNOTS('',4,(#64,#65,#66,#67,#68),
  .UNSPECIFIED.,.F.,.F.,(5,5),(0.,1.),.PIECEWISE_BEZIER_KNOTS.);
#64 = CARTESIAN_POINT('',(937.96374220899,258.14078744517,
    23.884125664782));
#65 = CARTESIAN_POINT('',(938.02634115722,258.15076642673,
    23.718814043927));
#66 = CARTESIAN_POINT('',(938.08894011063,258.16074543269,
    23.553502431041));
#67 = CARTESIAN_POINT('',(938.15153906931,258.17072446278,
    23.388190825888));
#68 = CARTESIAN_POINT('',(938.21413803322,258.18070351671,23.22287922859
    ));
#69 = ORIENTED_EDGE('',*,*,#70,.T.);
#70 = EDGE_CURVE('',#61,#71,#73,.T.);
#71 = VERTEX_POINT('',#72);
#72 = CARTESIAN_POINT('',(945.66204921967,258.60147741569,
    17.054859005253));
#73 = B_SPLINE_CURVE_WITH_KNOTS('',4,(#74,#75,#76,#77,#78),
  .UNSPECIFIED.,.F.,.F.,(5,5),(0.,1.),.PIECEWISE_BEZIER_KNOTS.);
#74 = CARTESIAN_POINT('',(938.21413803322,258.18070351671,23.22287922859
    ));
#75 = CARTESIAN_POINT('',(940.07611617486,258.28586834957,
    21.680871825001));
#76 = CARTESIAN_POINT('',(941.93809394592,258.39105814877,
    20.138866208416));
#77 = CARTESIAN_POINT('',(943.80007155713,258.49626411237,
    18.596862046531));
#78 = CARTESIAN_POINT('',(945.66204921967,258.60147741569,
    17.054859005253));
#79 = ORIENTED_EDGE('',*,*,#80,.T.);
#80 = EDGE_CURVE('',#71,#81,#83,.T.);
#81 = VERTEX_POINT('',#82);
#82 = CARTESIAN_POINT('',(957.92999664448,259.03803535636,
    11.414346496267));
#83 = B_SPLINE_CURVE_WITH_KNOTS('',4,(#84,#85,#86,#87,#88),
  .UNSPECIFIED.,.F.,.F.,(5,5),(0.,1.),.PIECEWISE_BEZIER_KNOTS.);
#84 = CARTESIAN_POINT('',(945.66204921967,258.60147741569,
    17.054859005253));
#85 = CARTESIAN_POINT('',(948.72903589442,258.71062592537,
    15.644729825424));
#86 = CARTESIAN_POINT('',(951.79602204317,258.819795505,14.234602015472)
  );
#87 = CARTESIAN_POINT('',(954.8630086366,258.92894555081,12.82447457435)
  );
#88 = CARTESIAN_POINT('',(957.92999664448,259.03803535636,
    11.414346496267));
#89 = ORIENTED_EDGE('',*,*,#90,.T.);
#90 = EDGE_CURVE('',#81,#91,#93,.T.);
#91 = VERTEX_POINT('',#92);
#92 = CARTESIAN_POINT('',(974.80771595843,259.48008578891,6.422005560497
    ));
#93 = B_SPLINE_CURVE_WITH_KNOTS('',4,(#94,#95,#96,#97,#98),
  .UNSPECIFIED.,.F.,.F.,(5,5),(0.,1.),.PIECEWISE_BEZIER_KNOTS.);
#94 = CARTESIAN_POINT('',(957.92999664448,259.03803535636,
    11.414346496267));
#95 = CARTESIAN_POINT('',(962.14942096889,259.14882688698,
    10.166265077381));
#96 = CARTESIAN_POINT('',(966.36884748322,259.25950404708,8.918182404249
    ));
#97 = CARTESIAN_POINT('',(970.58827841745,259.36995953824,7.670096542964
    ));
#98 = CARTESIAN_POINT('',(974.80771595843,259.48008578891,6.422005560497
    ));
#99 = ORIENTED_EDGE('',*,*,#100,.T.);
#100 = EDGE_CURVE('',#91,#101,#103,.T.);
#101 = VERTEX_POINT('',#102);
#102 = CARTESIAN_POINT('',(996.00605652568,259.9126748451,2.206554694264
    ));
#103 = B_SPLINE_CURVE_WITH_KNOTS('',4,(#104,#105,#106,#107,#108),
  .UNSPECIFIED.,.F.,.F.,(5,5),(0.,1.),.PIECEWISE_BEZIER_KNOTS.);
#104 = CARTESIAN_POINT('',(974.80771595843,259.48008578891,
    6.422005560497));
#105 = CARTESIAN_POINT('',(980.10728404946,259.58922973639,5.36815606566
    ));
#106 = CARTESIAN_POINT('',(985.40686106193,259.69785236636,4.31429980703
    ));
#107 = CARTESIAN_POINT('',(990.70645072703,259.80573911143,
    3.260433701419));
#108 = CARTESIAN_POINT('',(996.00605652568,259.9126748451,2.206554694264
    ));
#109 = ORIENTED_EDGE('',*,*,#110,.T.);
#110 = EDGE_CURVE('',#101,#111,#113,.T.);
#111 = VERTEX_POINT('',#112);
#112 = CARTESIAN_POINT('',(1.021161974907E+03,260.31538432031,
    -1.116594706876));
#113 = B_SPLINE_CURVE_WITH_KNOTS('',4,(#114,#115,#116,#117,#118,#119,
    #120,#121),.UNSPECIFIED.,.F.,.F.,(5,3,5),(0.,0.501277324723,1.),
  .UNSPECIFIED.);
#114 = CARTESIAN_POINT('',(996.00605652568,259.9126748451,2.206554694264
    ));
#115 = CARTESIAN_POINT('',(999.15856239086,259.96433296599,
    1.790113862424));
#116 = CARTESIAN_POINT('',(1.002311073148E+03,260.01565364313,
    1.373669072223));
#117 = CARTESIAN_POINT('',(1.005463589416E+03,260.06659140328,
    0.957219772696));
#118 = CARTESIAN_POINT('',(1.011752567976E+03,260.16735261308,
    0.126433429686));
#119 = CARTESIAN_POINT('',(1.014889030206E+03,260.21718041852,
    -0.287903562319));
#120 = CARTESIAN_POINT('',(1.018025499015E+03,260.26653928843,
    -0.702246097033));
#121 = CARTESIAN_POINT('',(1.021161974907E+03,260.31538432031,
    -1.116594706876));
#122 = ORIENTED_EDGE('',*,*,#123,.T.);
#123 = EDGE_CURVE('',#111,#124,#126,.T.);
#124 = VERTEX_POINT('',#125);
#125 = CARTESIAN_POINT('',(1.049844811341E+03,260.66187352888,
    -3.464471321342));
#126 = B_SPLINE_CURVE_WITH_KNOTS('',4,(#127,#128,#129,#130,#131,#132,
    #133,#134),.UNSPECIFIED.,.F.,.F.,(5,3,5),(0.,0.4999574429,1.),
  .UNSPECIFIED.);
#127 = CARTESIAN_POINT('',(1.021161974907E+03,260.31538432031,
    -1.116594706876));
#128 = CARTESIAN_POINT('',(1.024746998497E+03,260.36097919408,
    -1.410029984554));
#129 = CARTESIAN_POINT('',(1.028332029958E+03,260.40590138616,
    -1.703472415955));
#130 = CARTESIAN_POINT('',(1.031917069898E+03,260.45008365635,
    -1.996922719012));
#131 = CARTESIAN_POINT('',(1.039087778037E+03,260.53684107191,
    -2.583890448137));
#132 = CARTESIAN_POINT('',(1.042673446239E+03,260.57941594225,
    -2.877407877027));
#133 = CARTESIAN_POINT('',(1.046259123893E+03,260.62111591593,
    -3.170934601171));
#134 = CARTESIAN_POINT('',(1.049844811341E+03,260.66187352888,
    -3.464471321342));
#135 = ORIENTED_EDGE('',*,*,#136,.T.);
#136 = EDGE_CURVE('',#124,#137,#139,.T.);
#137 = VERTEX_POINT('',#138);
#138 = CARTESIAN_POINT('',(1.081563738245E+03,260.92009773566,
    -4.799974700922));
#139 = B_SPLINE_CURVE_WITH_KNOTS('',4,(#140,#141,#142,#143,#144,#145,
    #146,#147,#148,#149,#150,#151,#152,#153),.UNSPECIFIED.,.F.,.F.,(5,3,
    3,3,5),(0.,0.250475053446,0.500396671122,0.750314948763,1.),
  .UNSPECIFIED.);
#140 = CARTESIAN_POINT('',(1.049844811341E+03,260.66187352888,
    -3.464471321342));
#141 = CARTESIAN_POINT('',(1.051830996028E+03,260.67996066627,
    -3.548079964668));
#142 = CARTESIAN_POINT('',(1.053817183213E+03,260.69775821753,
    -3.631691469959));
#143 = CARTESIAN_POINT('',(1.055803372933E+03,260.71525469506,
    -3.715305949905));
#144 = CARTESIAN_POINT('',(1.059771368905E+03,260.74958454262,
    -3.882356326719));
#145 = CARTESIAN_POINT('',(1.061753175146E+03,260.76641929238,
    -3.965792209958));
#146 = CARTESIAN_POINT('',(1.063734983953E+03,260.78293143275,
    -4.049231277824));
#147 = CARTESIAN_POINT('',(1.067698580221E+03,260.8152874226,
    -4.216114889362));
#148 = CARTESIAN_POINT('',(1.069680367682E+03,260.831131281,
    -4.299559432942));
#149 = CARTESIAN_POINT('',(1.071662157717E+03,260.84662968351,
    -4.383007382756));
#150 = CARTESIAN_POINT('',(1.075623893481E+03,260.87689857467,
    -4.549832437458));
#151 = CARTESIAN_POINT('',(1.077603839203E+03,260.89166972912,
    -4.633209535783));
#152 = CARTESIAN_POINT('',(1.079583787469E+03,260.90607325362,
    -4.716590253876));
#153 = CARTESIAN_POINT('',(1.081563738245E+03,260.92009773566,
    -4.799974700922));
#154 = ORIENTED_EDGE('',*,*,#155,.T.);
#155 = EDGE_CURVE('',#137,#156,#158,.T.);
#156 = VERTEX_POINT('',#157);
#157 = CARTESIAN_POINT('',(1.11577624181E+03,261.05348558622,
    -5.137548458399));
#158 = B_SPLINE_CURVE_WITH_KNOTS('',4,(#159,#160,#161,#162,#163,#164,
    #165,#166,#167,#168,#169,#170,#171,#172,#173,#174,#175,#176,#177,
    #178,#179,#180,#181,#182,#183,#184),.UNSPECIFIED.,.F.,.F.,(5,3,3,3,3
    ,3,3,3,5),(0.,0.125512092999,0.250473519602,0.375434317648,
    0.500394516646,0.625354148479,0.750313247439,0.875271850267,1.),
  .UNSPECIFIED.);
#159 = CARTESIAN_POINT('',(1.081563738245E+03,260.92009773566,
    -4.799974700922));
#160 = CARTESIAN_POINT('',(1.082637252865E+03,260.92573210757,
    -4.810553404777));
#161 = CARTESIAN_POINT('',(1.083710768058E+03,260.9312549219,
    -4.821133163188));
#162 = CARTESIAN_POINT('',(1.084784283816E+03,260.9366643574,
    -4.831713993362));
#163 = CARTESIAN_POINT('',(1.086926606542E+03,260.94722959918,
    -4.852831404961));
#164 = CARTESIAN_POINT('',(1.087995413506E+03,260.95238641411,
    -4.863367976851));
#165 = CARTESIAN_POINT('',(1.08906422101E+03,260.95742723886,
    -4.873905645129));
#166 = CARTESIAN_POINT('',(1.0912018317E+03,260.96727328587,
    -4.894983155356));
#167 = CARTESIAN_POINT('',(1.092270634887E+03,260.97207850931,
    -4.905522997294));
#168 = CARTESIAN_POINT('',(1.093339438591E+03,260.9767641464,
    -4.916063969514));
#169 = CARTESIAN_POINT('',(1.095477041886E+03,260.9858926273,
    -4.937148157852));
#170 = CARTESIAN_POINT('',(1.096545841476E+03,260.99033547229,
    -4.947691373959));
#171 = CARTESIAN_POINT('',(1.097614641558E+03,260.99465513344,
    -4.95823575421));
#172 = CARTESIAN_POINT('',(1.099752237824E+03,261.00304446909,
    -4.979326828972));
#173 = CARTESIAN_POINT('',(1.100821034008E+03,261.00711414472,
    -4.989873523472));
#174 = CARTESIAN_POINT('',(1.101889830654E+03,261.01105703772,
    -5.000421415942));
#175 = CARTESIAN_POINT('',(1.104027420278E+03,261.01868564098,
    -5.021519585634));
#176 = CARTESIAN_POINT('',(1.105096213256E+03,261.02237135233,
    -5.032069862847));
#177 = CARTESIAN_POINT('',(1.106165006661E+03,261.02592668093,
    -5.042621371817));
#178 = CARTESIAN_POINT('',(1.108302590047E+03,261.0327729565,
    -5.063726845133));
#179 = CARTESIAN_POINT('',(1.109371380027E+03,261.03606390452,
    -5.074280809469));
#180 = CARTESIAN_POINT('',(1.110440170398E+03,261.03922086832,
    -5.08483603931));
#181 = CARTESIAN_POINT('',(1.112575780775E+03,261.04525765184,
    -5.105929595023));
#182 = CARTESIAN_POINT('',(1.11364260078E+03,261.04813797194,
    -5.116467916168));
#183 = CARTESIAN_POINT('',(1.114709421133E+03,261.05088121429,
    -5.127007531713));
#184 = CARTESIAN_POINT('',(1.11577624181E+03,261.05348558622,
    -5.137548458399));
#185 = ORIENTED_EDGE('',*,*,#186,.T.);
#186 = EDGE_CURVE('',#156,#187,#189,.T.);
#187 = VERTEX_POINT('',#188);
#188 = CARTESIAN_POINT('',(1.151897472351E+03,261.02324342114,
    -4.540827288083));
#189 = B_SPLINE_CURVE_WITH_KNOTS('',4,(#190,#191,#192,#193,#194,#195,
    #196,#197,#198,#199,#200,#201,#202,#203,#204,#205,#206,#207,#208,
    #209,#210,#211,#212,#213,#214,#215),.UNSPECIFIED.,.F.,.F.,(5,3,3,3,3
    ,3,3,3,5),(0.,0.125070425868,0.25003061295,0.374990616163,
    0.499950493043,0.625350303586,0.750310113235,0.875269988601,1.),
  .UNSPECIFIED.);
#190 = CARTESIAN_POINT('',(1.11577624181E+03,261.05348558622,
    -5.137548458399));
#191 = CARTESIAN_POINT('',(1.116905666452E+03,261.05454450789,
    -5.118871713811));
#192 = CARTESIAN_POINT('',(1.118035091264E+03,261.05544764685,
    -5.100196419542));
#193 = CARTESIAN_POINT('',(1.119164516217E+03,261.05619287438,
    -5.081522595978));
#194 = CARTESIAN_POINT('',(1.121422370846E+03,261.05736273186,
    -5.044194389155));
#195 = CARTESIAN_POINT('',(1.122550800524E+03,261.05778764382,
    -5.025540003268));
#196 = CARTESIAN_POINT('',(1.123679230276E+03,261.05805067303,
    -5.006887126249));
#197 = CARTESIAN_POINT('',(1.125936088199E+03,261.05824871663,
    -4.9695844582));
#198 = CARTESIAN_POINT('',(1.127064516371E+03,261.0581837315,
    -4.950934667166));
#199 = CARTESIAN_POINT('',(1.128192944548E+03,261.05795261491,
    -4.932286425804));
#200 = CARTESIAN_POINT('',(1.130449799693E+03,261.05715386847,
    -4.894993102155));
#201 = CARTESIAN_POINT('',(1.131578226662E+03,261.05658623897,
    -4.876348019865));
#202 = CARTESIAN_POINT('',(1.13270665356E+03,261.05584822763,
    -4.857704528124));
#203 = CARTESIAN_POINT('',(1.13496747987E+03,261.05402398342,
    -4.820355136096));
#204 = CARTESIAN_POINT('',(1.136099879282E+03,261.05293653375,
    -4.801649247173));
#205 = CARTESIAN_POINT('',(1.13723227854E+03,261.05167321064,
    -4.782945001329));
#206 = CARTESIAN_POINT('',(1.139493103313E+03,261.04879557602,
    -4.745605460583));
#207 = CARTESIAN_POINT('',(1.140621528831E+03,261.04718251161,
    -4.726970154026));
#208 = CARTESIAN_POINT('',(1.141749954108E+03,261.0453905445,
    -4.708336520131));
#209 = CARTESIAN_POINT('',(1.144006804679E+03,261.04144454852,
    -4.671072628957));
#210 = CARTESIAN_POINT('',(1.145135229974E+03,261.03929051946,
    -4.65244237168));
#211 = CARTESIAN_POINT('',(1.146263654934E+03,261.03695333216,
    -4.633813828157));
#212 = CARTESIAN_POINT('',(1.148518428345E+03,261.0319130243,
    -4.596594473834));
#213 = CARTESIAN_POINT('',(1.149644776798E+03,261.02921058477,
    -4.578003656659));
#214 = CARTESIAN_POINT('',(1.150771124817E+03,261.02632142289,
    -4.559414587909));
#215 = CARTESIAN_POINT('',(1.151897472351E+03,261.02324342114,
    -4.540827288083));
#216 = ORIENTED_EDGE('',*,*,#217,.T.);
#217 = EDGE_CURVE('',#187,#218,#220,.T.);
#218 = VERTEX_POINT('',#219);
#219 = CARTESIAN_POINT('',(1.189310279492E+03,260.79178512103,
    -3.113704054117));
#220 = B_SPLINE_CURVE_WITH_KNOTS('',4,(#221,#222,#223,#224,#225,#226,
    #227,#228,#229,#230,#231,#232,#233,#234),.UNSPECIFIED.,.F.,.F.,(5,3,
    3,3,5),(0.,0.250466039305,0.500384211713,0.750305261193,1.),
  .UNSPECIFIED.);
#221 = CARTESIAN_POINT('',(1.151897472351E+03,261.02324342114,
    -4.540827288083));
#222 = CARTESIAN_POINT('',(1.154240158238E+03,261.01394983768,
    -4.451416553651));
#223 = CARTESIAN_POINT('',(1.156582841187E+03,261.00383881521,
    -4.362013521823));
#224 = CARTESIAN_POINT('',(1.158925520703E+03,260.99289129437,
    -4.272618386972));
#225 = CARTESIAN_POINT('',(1.16360574741E+03,260.96931092949,
    -4.094039828077));
#226 = CARTESIAN_POINT('',(1.165943294618E+03,260.95668182429,
    -4.004856368669));
#227 = CARTESIAN_POINT('',(1.168280837302E+03,260.94318194004,
    -3.915681162124));
#228 = CARTESIAN_POINT('',(1.172955939296E+03,260.91440252793,
    -3.737346622069));
#229 = CARTESIAN_POINT('',(1.175293498607E+03,260.89912297961,
    -3.648187288754));
#230 = CARTESIAN_POINT('',(1.177631052159E+03,260.88293471127,
    -3.559036602305));
#231 = CARTESIAN_POINT('',(1.182304029668E+03,260.84871828764,
    -3.380833641338));
#232 = CARTESIAN_POINT('',(1.184639453635E+03,260.8306918117,
    -3.29178135081));
#233 = CARTESIAN_POINT('',(1.186974870493E+03,260.81172040068,
    -3.202738088307));
#234 = CARTESIAN_POINT('',(1.189310279492E+03,260.79178512103,
    -3.113704054117));
#235 = ORIENTED_EDGE('',*,*,#236,.T.);
#236 = EDGE_CURVE('',#218,#237,#239,.T.);
#237 = VERTEX_POINT('',#238);
#238 = CARTESIAN_POINT('',(1.227375737783E+03,260.32708359116,
    -0.987500627456));
#239 = B_SPLINE_CURVE_WITH_KNOTS('',4,(#240,#241,#242,#243,#244,#245,
    #246,#247,#248,#249,#250,#251,#252,#253),.UNSPECIFIED.,.F.,.F.,(5,3,
    3,3,5),(0.,0.250459653731,0.500375496368,0.750298568612,1.),
  .UNSPECIFIED.);
#240 = CARTESIAN_POINT('',(1.189310279492E+03,260.79178512103,
    -3.113704054117));
#241 = CARTESIAN_POINT('',(1.191693813125E+03,260.769024696,
    -2.980509590416));
#242 = CARTESIAN_POINT('',(1.194077337737E+03,260.74525980476,
    -2.84732493406));
#243 = CARTESIAN_POINT('',(1.196460852513E+03,260.72047031687,
    -2.71415031262));
#244 = CARTESIAN_POINT('',(1.201222685422E+03,260.66885795671,
    -2.448110735144));
#245 = CARTESIAN_POINT('',(1.203601003602E+03,260.64203961632,
    -2.315245734581));
#246 = CARTESIAN_POINT('',(1.205979310217E+03,260.61416105835,
    -2.182391185065));
#247 = CARTESIAN_POINT('',(1.210735967182E+03,260.55624262602,
    -1.91669961147));
#248 = CARTESIAN_POINT('',(1.213114317533E+03,260.52620268917,
    -1.783862588014));
#249 = CARTESIAN_POINT('',(1.215492654385E+03,260.49506242699,
    -1.651036482518));
#250 = CARTESIAN_POINT('',(1.220247189813E+03,260.43056979425,
    -1.385524366145));
#251 = CARTESIAN_POINT('',(1.222623388415E+03,260.39721940999,
    -1.252838335497));
#252 = CARTESIAN_POINT('',(1.224999571449E+03,260.36273067234,
    -1.120163675984));
#253 = CARTESIAN_POINT('',(1.227375737783E+03,260.32708359116,
    -0.987500627456));
#254 = ORIENTED_EDGE('',*,*,#255,.T.);
#255 = EDGE_CURVE('',#237,#256,#258,.T.);
#256 = VERTEX_POINT('',#257);
#257 = CARTESIAN_POINT('',(1.265443968713E+03,259.60753433239,
    1.69258220851));
#258 = B_SPLINE_CURVE_WITH_KNOTS('',4,(#259,#260,#261,#262,#263,#264,
    #265,#266),.UNSPECIFIED.,.F.,.F.,(5,3,5),(0.,0.47000468828,1.),
  .UNSPECIFIED.);
#259 = CARTESIAN_POINT('',(1.227375737783E+03,260.32708359116,
    -0.987500627456));
#260 = CARTESIAN_POINT('',(1.231849034512E+03,260.25624563933,
    -0.672444763061));
#261 = CARTESIAN_POINT('',(1.236322269302E+03,260.18130110179,
    -0.357431219357));
#262 = CARTESIAN_POINT('',(1.240795434522E+03,260.10211661469,
    -4.246171313055E-02));
#263 = CARTESIAN_POINT('',(1.250312545719E+03,259.92433563691,
    0.627582004063));
#264 = CARTESIAN_POINT('',(1.255356470415E+03,259.82455146924,
    0.982643772112));
#265 = CARTESIAN_POINT('',(1.260400282924E+03,259.7190148582,
    1.337644726779));
#266 = CARTESIAN_POINT('',(1.265443968713E+03,259.60753433239,
    1.69258220851));
#267 = ORIENTED_EDGE('',*,*,#268,.T.);
#268 = EDGE_CURVE('',#256,#269,#271,.T.);
#269 = VERTEX_POINT('',#270);
#270 = CARTESIAN_POINT('',(1.302865075854E+03,258.62674709273,
    4.778883039618));
#271 = B_SPLINE_CURVE_WITH_KNOTS('',4,(#272,#273,#274,#275,#276,#277,
    #278,#279),.UNSPECIFIED.,.F.,.F.,(5,3,5),(0.,0.431712712643,1.),
  .UNSPECIFIED.);
#272 = CARTESIAN_POINT('',(1.265443968713E+03,259.60753433239,
    1.69258220851));
#273 = CARTESIAN_POINT('',(1.269483093116E+03,259.51545517913,
    2.025835083385));
#274 = CARTESIAN_POINT('',(1.273522134194E+03,259.41956318083,
    2.35904592956));
#275 = CARTESIAN_POINT('',(1.277561084437E+03,259.31976002068,
    2.692213284725));
#276 = CARTESIAN_POINT('',(1.286916498174E+03,259.07929302757,
    3.463842974346));
#277 = CARTESIAN_POINT('',(1.292232888968E+03,258.93569107234,
    3.902272326501));
#278 = CARTESIAN_POINT('',(1.29754908879E+03,258.78491719192,
    4.340620226134));
#279 = CARTESIAN_POINT('',(1.302865075854E+03,258.62674709273,
    4.778883039618));
#280 = ORIENTED_EDGE('',*,*,#281,.T.);
#281 = EDGE_CURVE('',#269,#282,#284,.T.);
#282 = VERTEX_POINT('',#283);
#283 = CARTESIAN_POINT('',(1.339000027822E+03,257.39757198101,
    8.128708953093));
#284 = B_SPLINE_CURVE_WITH_KNOTS('',4,(#285,#286,#287,#288,#289,#290,
    #291,#292),.UNSPECIFIED.,.F.,.F.,(5,3,5),(0.,0.500778065403,1.),
  .UNSPECIFIED.);
#285 = CARTESIAN_POINT('',(1.302865075854E+03,258.62674709273,
    4.778883039618));
#286 = CARTESIAN_POINT('',(1.307389499095E+03,258.48946242964,
    5.198463489954));
#287 = CARTESIAN_POINT('',(1.311913765878E+03,258.34681936718,
    5.617980213847));
#288 = CARTESIAN_POINT('',(1.316437862722E+03,258.19867966898,
    6.037430824512));
#289 = CARTESIAN_POINT('',(1.32547162884E+03,257.89160849488,
    6.874891631361));
#290 = CARTESIAN_POINT('',(1.329981299259E+03,257.73271198569,
    7.292902253054));
#291 = CARTESIAN_POINT('',(1.334490771054E+03,257.56807874199,
    7.710842220717));
#292 = CARTESIAN_POINT('',(1.339000027822E+03,257.39757198101,
    8.128708953093));
#293 = ORIENTED_EDGE('',*,*,#294,.T.);
#294 = EDGE_CURVE('',#282,#295,#297,.T.);
#295 = VERTEX_POINT('',#296);
#296 = CARTESIAN_POINT('',(1.373231343292E+03,255.95464986032,
    11.607280292163));
#297 = B_SPLINE_CURVE_WITH_KNOTS('',4,(#298,#299,#300,#301,#302,#303,
    #304,#305),.UNSPECIFIED.,.F.,.F.,(5,3,5),(0.,0.500764913434,1.),
  .UNSPECIFIED.);
#298 = CARTESIAN_POINT('',(1.339000027822E+03,257.39757198101,
    8.128708953093));
#299 = CARTESIAN_POINT('',(1.343286134813E+03,257.23329578595,
    8.564410120952));
#300 = CARTESIAN_POINT('',(1.347572045629E+03,257.06371247512,
    9.000042859893));
#301 = CARTESIAN_POINT('',(1.351857746155E+03,256.88870462691,
    9.435604820138));
#302 = CARTESIAN_POINT('',(1.36041560371E+03,256.52815686527,
    10.305251868361));
#303 = CARTESIAN_POINT('',(1.364687762112E+03,256.342650762,
    10.739337402926));
#304 = CARTESIAN_POINT('',(1.36895968086E+03,256.1515204367,
    11.173347722312));
#305 = CARTESIAN_POINT('',(1.373231343292E+03,255.95464986032,
    11.607280292163));
#306 = ORIENTED_EDGE('',*,*,#307,.T.);
#307 = EDGE_CURVE('',#295,#308,#310,.T.);
#308 = VERTEX_POINT('',#309);
#309 = CARTESIAN_POINT('',(1.404973447077E+03,254.35487136716,
    15.087040241961));
#310 = B_SPLINE_CURVE_WITH_KNOTS('',4,(#311,#312,#313,#314,#315,#316,
    #317,#318),.UNSPECIFIED.,.F.,.F.,(5,3,5),(0.,0.529353896941,1.),
  .UNSPECIFIED.);
#311 = CARTESIAN_POINT('',(1.373231343292E+03,255.95464986032,
    11.607280292163));
#312 = CARTESIAN_POINT('',(1.377432811063E+03,255.75906770222,
    12.068016041386));
#313 = CARTESIAN_POINT('',(1.381634029219E+03,255.55793204257,
    12.528674024616));
#314 = CARTESIAN_POINT('',(1.385834981892E+03,255.35113252418,
    12.989251697102));
#315 = CARTESIAN_POINT('',(1.393770448166E+03,254.94956088977,
    13.859170121179));
#316 = CARTESIAN_POINT('',(1.397505020989E+03,254.7559984804,
    14.268528254545));
#317 = CARTESIAN_POINT('',(1.401239358272E+03,254.55779438357,
    14.677818939704));
#318 = CARTESIAN_POINT('',(1.404973447077E+03,254.35487136716,
    15.087040241961));
#319 = ORIENTED_EDGE('',*,*,#320,.T.);
#320 = EDGE_CURVE('',#308,#321,#323,.T.);
#321 = VERTEX_POINT('',#322);
#322 = CARTESIAN_POINT('',(1.433682571221E+03,252.67533751073,
    18.445146652782));
#323 = B_SPLINE_CURVE_WITH_KNOTS('',4,(#324,#325,#326,#327,#328,#329,
    #330,#331),.UNSPECIFIED.,.F.,.F.,(5,3,5),(0.,0.513946276564,1.),
  .UNSPECIFIED.);
#324 = CARTESIAN_POINT('',(1.404973447077E+03,254.35487136716,
    15.087040241961));
#325 = CARTESIAN_POINT('',(1.408662944021E+03,254.15280148008,
    15.518723635518));
#326 = CARTESIAN_POINT('',(1.412352197261E+03,253.94612454178,
    15.950337042482));
#327 = CARTESIAN_POINT('',(1.416041194314E+03,253.73476608756,
    16.381878501474));
#328 = CARTESIAN_POINT('',(1.423218457214E+03,253.31426641879,
    17.221397137096));
#329 = CARTESIAN_POINT('',(1.426706751521E+03,253.10562740317,
    17.629382125974));
#330 = CARTESIAN_POINT('',(1.430194793508E+03,252.89267198049,
    18.037299224376));
#331 = CARTESIAN_POINT('',(1.433682571221E+03,252.67533751073,
    18.445146652782));
#332 = ORIENTED_EDGE('',*,*,#333,.T.);
#333 = EDGE_CURVE('',#321,#334,#336,.T.);
#334 = VERTEX_POINT('',#335);
#335 = CARTESIAN_POINT('',(1.458866068619E+03,251.00872120241,
    21.561316477402));
#336 = B_SPLINE_CURVE_WITH_KNOTS('',4,(#337,#338,#339,#340,#341,#342,
    #343,#344),.UNSPECIFIED.,.F.,.F.,(5,3,5),(0.,0.501183791464,1.),
  .UNSPECIFIED.);
#337 = CARTESIAN_POINT('',(1.433682571221E+03,252.67533751073,
    18.445146652782));
#338 = CARTESIAN_POINT('',(1.43683864728E+03,252.47743356961,
    18.835771866932));
#339 = CARTESIAN_POINT('',(1.439994506263E+03,252.27594385333,
    19.226338214257));
#340 = CARTESIAN_POINT('',(1.443150139315E+03,252.0708219701,
    19.616844314766));
#341 = CARTESIAN_POINT('',(1.449446028861E+03,251.65420773387,
    20.395888724396));
#342 = CARTESIAN_POINT('',(1.452586287573E+03,251.44275005291,
    20.784427614759));
#343 = CARTESIAN_POINT('',(1.455726304048E+03,251.22760302476,
    21.172904014095));
#344 = CARTESIAN_POINT('',(1.458866068619E+03,251.00872120241,
    21.561316477402));
#345 = ORIENTED_EDGE('',*,*,#346,.T.);
#346 = EDGE_CURVE('',#334,#347,#349,.T.);
#347 = VERTEX_POINT('',#348);
#348 = CARTESIAN_POINT('',(1.480090991516E+03,249.45629587909,
    24.317870723275));
#349 = B_SPLINE_CURVE_WITH_KNOTS('',4,(#350,#351,#352,#353,#354,#355,
    #356,#357),.UNSPECIFIED.,.F.,.F.,(5,3,5),(0.,0.539907726375,1.),
  .UNSPECIFIED.);
#350 = CARTESIAN_POINT('',(1.458866068619E+03,251.00872120241,
    21.561316477402));
#351 = CARTESIAN_POINT('',(1.46173155325E+03,250.80794038253,
    21.933543984718));
#352 = CARTESIAN_POINT('',(1.464596827694E+03,250.60404878836,
    22.305716673456));
#353 = CARTESIAN_POINT('',(1.467461884611E+03,250.39701188895,
    22.677833399838));
#354 = CARTESIAN_POINT('',(1.472768035226E+03,250.00765532498,
    23.366950392839));
#355 = CARTESIAN_POINT('',(1.475209190587E+03,249.82620629635,
    23.683966304211));
#356 = CARTESIAN_POINT('',(1.47765017766E+03,249.64242689026,
    24.000939995632));
#357 = CARTESIAN_POINT('',(1.480090991516E+03,249.45629587909,
    24.317870723275));
#358 = ORIENTED_EDGE('',*,*,#359,.T.);
#359 = EDGE_CURVE('',#347,#360,#362,.T.);
#360 = VERTEX_POINT('',#361);
#361 = CARTESIAN_POINT('',(1.496991770215E+03,248.11926891845,
    26.602958327299));
#362 = B_SPLINE_CURVE_WITH_KNOTS('',4,(#363,#364,#365,#366,#367,#368,
    #369,#370),.UNSPECIFIED.,.F.,.F.,(5,3,5),(0.,0.500757224384,1.),
  .UNSPECIFIED.);
#363 = CARTESIAN_POINT('',(1.480090991516E+03,249.45629587909,
    24.317870723275));
#364 = CARTESIAN_POINT('',(1.482207191323E+03,249.29426452097,
    24.604040459892));
#365 = CARTESIAN_POINT('',(1.484323260912E+03,249.13046547259,
    24.89017708454));
#366 = CARTESIAN_POINT('',(1.486439197077E+03,248.96488490455,
    25.176280095773));
#367 = CARTESIAN_POINT('',(1.490664397096E+03,248.6306393509,
    25.747552705652));
#368 = CARTESIAN_POINT('',(1.492773661777E+03,248.46198520813,
    26.032722510389));
#369 = CARTESIAN_POINT('',(1.494882787276E+03,248.29153293723,
    26.317857889769));
#370 = CARTESIAN_POINT('',(1.496991770215E+03,248.11926891845,
    26.602958327299));
#371 = ORIENTED_EDGE('',*,*,#372,.T.);
#372 = EDGE_CURVE('',#360,#373,#375,.T.);
#373 = VERTEX_POINT('',#374);
#374 = CARTESIAN_POINT('',(1.501369336263E+03,247.75765899502,
    27.21370164302));
#375 = B_SPLINE_CURVE_WITH_KNOTS('',4,(#376,#377,#378,#379,#380,#381,
    #382,#383),.UNSPECIFIED.,.F.,.F.,(5,3,5),(0.,0.683608908233,1.),
  .UNSPECIFIED.);
#376 = CARTESIAN_POINT('',(1.496991770215E+03,248.11926891845,
    26.602958327299));
#377 = CARTESIAN_POINT('',(1.497739945561E+03,248.05797051767,
    26.707345598805));
#378 = CARTESIAN_POINT('',(1.498488103023E+03,247.99644410243,
    26.811728390574));
#379 = CARTESIAN_POINT('',(1.49923624245E+03,247.93468906475,
    26.916106678974));
#380 = CARTESIAN_POINT('',(1.500330612683E+03,247.8440169471,
    27.06878719554));
#381 = CARTESIAN_POINT('',(1.50067685778E+03,247.81527999162,
    27.117092981095));
#382 = CARTESIAN_POINT('',(1.501023098975E+03,247.78649398846,
    27.165397796852));
#383 = CARTESIAN_POINT('',(1.501369336263E+03,247.75765899502,
    27.21370164302));
#384 = ORIENTED_EDGE('',*,*,#385,.T.);
#385 = EDGE_CURVE('',#373,#386,#388,.T.);
#386 = VERTEX_POINT('',#387);
#387 = CARTESIAN_POINT('',(2.85E+03,34.700570148083,24.568416727702));
#388 = ( BOUNDED_CURVE() B_SPLINE_CURVE(3,(#389,#390,#391,#392,#393,#394
    ,#395,#396,#397,#398),.UNSPECIFIED.,.F.,.F.) 
B_SPLINE_CURVE_WITH_KNOTS((4,1,1,1,1,1,1,4),(0.,5.937462759188E-02,
    0.169261244735,0.329619903174,0.533683498435,0.722609230536,
0.888013402964,1.),.UNSPECIFIED.) CURVE() GEOMETRIC_REPRESENTATION_ITEM(
) RATIONAL_B_SPLINE_CURVE((1.,1.,1.,1.,1.,1.,1.,1.,1.,1.)) 
REPRESENTATION_ITEM('') );
#389 = CARTESIAN_POINT('',(0.,5.948669168243,0.78315715332));
#390 = CARTESIAN_POINT('',(36.384885512757,46.638461353908,
    7.159471659984));
#391 = CARTESIAN_POINT('',(164.1400044123,151.80721000608,
    23.090451002177));
#392 = CARTESIAN_POINT('',(476.00449735354,255.23321689849,
    32.467402648436));
#393 = CARTESIAN_POINT('',(943.3280351607,257.11502886845,
    20.259974308663));
#394 = CARTESIAN_POINT('',(1.486434771408E+03,265.850791798,
    27.764021547156));
#395 = CARTESIAN_POINT('',(2.027682666396E+03,178.60625079376,
    31.282241408916));
#396 = CARTESIAN_POINT('',(2.477449574318E+03,99.135913847844,
    35.736050282757));
#397 = CARTESIAN_POINT('',(2.747888780157E+03,84.461269587586,
    37.663215181655));
#398 = CARTESIAN_POINT('',(2.85E+03,34.700570148083,24.568416727702));
#399 = ORIENTED_EDGE('',*,*,#400,.F.);
#400 = EDGE_CURVE('',#24,#386,#401,.T.);
#401 = B_SPLINE_CURVE_WITH_KNOTS('',1,(#402,#403),.UNSPECIFIED.,.F.,.F.,
  (2,2),(0.,1.),.PIECEWISE_BEZIER_KNOTS.);
#402 = CARTESIAN_POINT('',(2.85E+03,35.,20.));
#403 = CARTESIAN_POINT('',(2.85E+03,34.700570148083,24.568416727702));
#404 = ( BOUNDED_SURFACE() B_SPLINE_SURFACE(1,3,(
    (#405,#406,#407,#408,#409,#410,#411,#412,#413,#414)
    ,(#415,#416,#417,#418,#419,#420,#421,#422,#423,#424
)),.UNSPECIFIED.,.F.,.F.,.F.) B_SPLINE_SURFACE_WITH_KNOTS((2,2),(4,1,1,1
    ,1,1,1,4),(0.,1.),(0.,5.937462759188E-02,0.169261244735,
    0.329619903174,0.533683498435,0.722609230536,0.888013402964,1.),
.UNSPECIFIED.) GEOMETRIC_REPRESENTATION_ITEM() RATIONAL_B_SPLINE_SURFACE
((
    (1.,1.,1.,1.,1.,1.,1.,1.,1.,1.)
,(1.,1.,1.,1.,1.,1.,1.,1.,1.,1.))) REPRESENTATION_ITEM('') SURFACE() );
#405 = CARTESIAN_POINT('',(0.,6.,0.));
#406 = CARTESIAN_POINT('',(36.384885512757,47.040902798448,0.15037251613
    ));
#407 = CARTESIAN_POINT('',(164.1400044123,153.117148437,0.539622812369)
  );
#408 = CARTESIAN_POINT('',(476.00449735354,257.43561426585,
    -5.404002139371));
#409 = CARTESIAN_POINT('',(943.3280351607,259.33366431712,
    -19.32896624016));
#410 = CARTESIAN_POINT('',(1.486434771408E+03,268.14480780063,
    -11.68924157854));
#411 = CARTESIAN_POINT('',(2.027682666396E+03,180.14743709123,
    3.820652817283));
#412 = CARTESIAN_POINT('',(2.477449574318E+03,99.991353740511,
    19.208050830248));
#413 = CARTESIAN_POINT('',(2.747888780157E+03,85.190082553412,
    25.631208244322));
#414 = CARTESIAN_POINT('',(2.85E+03,35.,20.));
#415 = CARTESIAN_POINT('',(0.,5.948669168243,0.78315715332));
#416 = CARTESIAN_POINT('',(36.384885512757,46.638461353908,
    7.159471659984));
#417 = CARTESIAN_POINT('',(164.1400044123,151.80721000608,
    23.090451002177));
#418 = CARTESIAN_POINT('',(476.00449735354,255.23321689849,
    32.467402648436));
#419 = CARTESIAN_POINT('',(943.3280351607,257.11502886845,
    20.259974308663));
#420 = CARTESIAN_POINT('',(1.486434771408E+03,265.850791798,
    27.764021547156));
#421 = CARTESIAN_POINT('',(2.027682666396E+03,178.60625079376,
    31.282241408916));
#422 = CARTESIAN_POINT('',(2.477449574318E+03,99.135913847844,
    35.736050282757));
#423 = CARTESIAN_POINT('',(2.747888780157E+03,84.461269587586,
    37.663215181655));
#424 = CARTESIAN_POINT('',(2.85E+03,34.700570148083,24.568416727702));
#425 = ADVANCED_FACE('',(#426),#456,.T.);
#426 = FACE_BOUND('',#427,.T.);
#427 = EDGE_LOOP('',(#428,#435,#436,#443));
#428 = ORIENTED_EDGE('',*,*,#429,.T.);
#429 = EDGE_CURVE('',#430,#22,#432,.T.);
#430 = VERTEX_POINT('',#431);
#431 = CARTESIAN_POINT('',(0.,5.948669168243,-0.78315715332));
#432 = B_SPLINE_CURVE_WITH_KNOTS('',1,(#433,#434),.UNSPECIFIED.,.F.,.F.,
  (2,2),(47.,48.),.PIECEWISE_BEZIER_KNOTS.);
#433 = CARTESIAN_POINT('',(0.,5.948669168243,-0.78315715332));
#434 = CARTESIAN_POINT('',(0.,6.,0.));
#435 = ORIENTED_EDGE('',*,*,#21,.T.);
#436 = ORIENTED_EDGE('',*,*,#437,.F.);
#437 = EDGE_CURVE('',#438,#24,#440,.T.);
#438 = VERTEX_POINT('',#439);
#439 = CARTESIAN_POINT('',(2.85E+03,34.700570148083,15.431583272298));
#440 = B_SPLINE_CURVE_WITH_KNOTS('',1,(#441,#442),.UNSPECIFIED.,.F.,.F.,
  (2,2),(47.,48.),.PIECEWISE_BEZIER_KNOTS.);
#441 = CARTESIAN_POINT('',(2.85E+03,34.700570148083,15.431583272298));
#442 = CARTESIAN_POINT('',(2.85E+03,35.,20.));
#443 = ORIENTED_EDGE('',*,*,#444,.F.);
#444 = EDGE_CURVE('',#430,#438,#445,.T.);
#445 = ( BOUNDED_CURVE() B_SPLINE_CURVE(3,(#446,#447,#448,#449,#450,#451
    ,#452,#453,#454,#455),.UNSPECIFIED.,.F.,.F.) 
B_SPLINE_CURVE_WITH_KNOTS((4,1,1,1,1,1,1,4),(0.,5.937462759188E-02,
    0.169261244735,0.329619903174,0.533683498435,0.722609230536,
0.888013402964,1.),.UNSPECIFIED.) CURVE() GEOMETRIC_REPRESENTATION_ITEM(
) RATIONAL_B_SPLINE_CURVE((1.,1.,1.,1.,1.,1.,1.,1.,1.,1.)) 
REPRESENTATION_ITEM('') );
#446 = CARTESIAN_POINT('',(0.,5.948669168243,-0.78315715332));
#447 = CARTESIAN_POINT('',(36.384885512757,46.638461353908,
    -6.858726627725));
#448 = CARTESIAN_POINT('',(164.1400044123,151.80721000608,
    -22.01120537743));
#449 = CARTESIAN_POINT('',(476.00449735354,255.23321689849,
    -43.27540692717));
#450 = CARTESIAN_POINT('',(943.3280351607,257.11502886845,
    -58.91790678898));
#451 = CARTESIAN_POINT('',(1.486434771408E+03,265.850791798,
    -51.14250470425));
#452 = CARTESIAN_POINT('',(2.027682666396E+03,178.60625079376,
    -23.64093577434));
#453 = CARTESIAN_POINT('',(2.477449574318E+03,99.135913847844,
    2.680051377741));
#454 = CARTESIAN_POINT('',(2.747888780157E+03,84.461269587586,
    13.599201306988));
#455 = CARTESIAN_POINT('',(2.85E+03,34.700570148083,15.431583272298));
#456 = ( BOUNDED_SURFACE() B_SPLINE_SURFACE(1,3,(
    (#457,#458,#459,#460,#461,#462,#463,#464,#465,#466)
    ,(#467,#468,#469,#470,#471,#472,#473,#474,#475,#476
)),.UNSPECIFIED.,.F.,.F.,.F.) B_SPLINE_SURFACE_WITH_KNOTS((2,2),(4,1,1,1
    ,1,1,1,4),(47.,48.),(0.,5.937462759188E-02,0.169261244735,
    0.329619903174,0.533683498435,0.722609230536,0.888013402964,1.),
.UNSPECIFIED.) GEOMETRIC_REPRESENTATION_ITEM() RATIONAL_B_SPLINE_SURFACE
((
    (1.,1.,1.,1.,1.,1.,1.,1.,1.,1.)
,(1.,1.,1.,1.,1.,1.,1.,1.,1.,1.))) REPRESENTATION_ITEM('') SURFACE() );
#457 = CARTESIAN_POINT('',(0.,5.948669168243,-0.78315715332));
#458 = CARTESIAN_POINT('',(36.384885512757,46.638461353908,
    -6.858726627725));
#459 = CARTESIAN_POINT('',(164.1400044123,151.80721000608,
    -22.01120537743));
#460 = CARTESIAN_POINT('',(476.00449735354,255.23321689849,
    -43.27540692717));
#461 = CARTESIAN_POINT('',(943.3280351607,257.11502886845,
    -58.91790678898));
#462 = CARTESIAN_POINT('',(1.486434771408E+03,265.850791798,
    -51.14250470425));
#463 = CARTESIAN_POINT('',(2.027682666396E+03,178.60625079376,
    -23.64093577434));
#464 = CARTESIAN_POINT('',(2.477449574318E+03,99.135913847844,
    2.680051377741));
#465 = CARTESIAN_POINT('',(2.747888780157E+03,84.461269587586,
    13.599201306988));
#466 = CARTESIAN_POINT('',(2.85E+03,34.700570148083,15.431583272298));
#467 = CARTESIAN_POINT('',(0.,6.,0.));
#468 = CARTESIAN_POINT('',(36.384885512757,47.040902798448,0.15037251613
    ));
#469 = CARTESIAN_POINT('',(164.1400044123,153.117148437,0.539622812369)
  );
#470 = CARTESIAN_POINT('',(476.00449735354,257.43561426585,
    -5.404002139371));
#471 = CARTESIAN_POINT('',(943.3280351607,259.33366431712,
    -19.32896624016));
#472 = CARTESIAN_POINT('',(1.486434771408E+03,268.14480780063,
    -11.68924157854));
#473 = CARTESIAN_POINT('',(2.027682666396E+03,180.14743709123,
    3.820652817283));
#474 = CARTESIAN_POINT('',(2.477449574318E+03,99.991353740511,
    19.208050830248));
#475 = CARTESIAN_POINT('',(2.747888780157E+03,85.190082553412,
    25.631208244322));
#476 = CARTESIAN_POINT('',(2.85E+03,35.,20.));
#477 = ADVANCED_FACE('',(#478),#802,.F.);
#478 = FACE_BOUND('',#479,.T.);
#479 = EDGE_LOOP('',(#480,#481,#488,#495,#502,#509,#516,#523,#530,#537,
    #544,#551,#558,#565,#572,#579,#586,#593,#600,#607,#614,#621,#628,
    #635,#642,#649,#656,#663,#670,#677,#684,#691,#698,#705,#712,#719,
    #726,#733,#740,#747,#754,#761,#768,#775,#782,#789,#796,#801));
#480 = ORIENTED_EDGE('',*,*,#400,.T.);
#481 = ORIENTED_EDGE('',*,*,#482,.T.);
#482 = EDGE_CURVE('',#386,#483,#485,.T.);
#483 = VERTEX_POINT('',#484);
#484 = CARTESIAN_POINT('',(2.85E+03,33.807403920117,29.058666578588));
#485 = B_SPLINE_CURVE_WITH_KNOTS('',1,(#486,#487),.UNSPECIFIED.,.F.,.F.,
  (2,2),(1.,2.),.PIECEWISE_BEZIER_KNOTS.);
#486 = CARTESIAN_POINT('',(2.85E+03,34.700570148083,24.568416727702));
#487 = CARTESIAN_POINT('',(2.85E+03,33.807403920117,29.058666578588));
#488 = ORIENTED_EDGE('',*,*,#489,.T.);
#489 = EDGE_CURVE('',#483,#490,#492,.T.);
#490 = VERTEX_POINT('',#491);
#491 = CARTESIAN_POINT('',(2.85E+03,32.335783637895,33.393920132778));
#492 = B_SPLINE_CURVE_WITH_KNOTS('',1,(#493,#494),.UNSPECIFIED.,.F.,.F.,
  (2,2),(2.,3.),.PIECEWISE_BEZIER_KNOTS.);
#493 = CARTESIAN_POINT('',(2.85E+03,33.807403920117,29.058666578588));
#494 = CARTESIAN_POINT('',(2.85E+03,32.335783637895,33.393920132778));
#495 = ORIENTED_EDGE('',*,*,#496,.T.);
#496 = EDGE_CURVE('',#490,#497,#499,.T.);
#497 = VERTEX_POINT('',#498);
#498 = CARTESIAN_POINT('',(2.85E+03,30.310889132455,37.5));
#499 = B_SPLINE_CURVE_WITH_KNOTS('',1,(#500,#501),.UNSPECIFIED.,.F.,.F.,
  (2,2),(3.,4.),.PIECEWISE_BEZIER_KNOTS.);
#500 = CARTESIAN_POINT('',(2.85E+03,32.335783637895,33.393920132778));
#501 = CARTESIAN_POINT('',(2.85E+03,30.310889132455,37.5));
#502 = ORIENTED_EDGE('',*,*,#503,.T.);
#503 = EDGE_CURVE('',#497,#504,#506,.T.);
#504 = VERTEX_POINT('',#505);
#505 = CARTESIAN_POINT('',(2.85E+03,27.767366910193,41.306650015305));
#506 = B_SPLINE_CURVE_WITH_KNOTS('',1,(#507,#508),.UNSPECIFIED.,.F.,.F.,
  (2,2),(4.,5.),.PIECEWISE_BEZIER_KNOTS.);
#507 = CARTESIAN_POINT('',(2.85E+03,30.310889132455,37.5));
#508 = CARTESIAN_POINT('',(2.85E+03,27.767366910193,41.306650015305));
#509 = ORIENTED_EDGE('',*,*,#510,.T.);
#510 = EDGE_CURVE('',#504,#511,#513,.T.);
#511 = VERTEX_POINT('',#512);
#512 = CARTESIAN_POINT('',(2.85E+03,24.748737341529,44.748737341529));
#513 = B_SPLINE_CURVE_WITH_KNOTS('',1,(#514,#515),.UNSPECIFIED.,.F.,.F.,
  (2,2),(5.,6.),.PIECEWISE_BEZIER_KNOTS.);
#514 = CARTESIAN_POINT('',(2.85E+03,27.767366910193,41.306650015305));
#515 = CARTESIAN_POINT('',(2.85E+03,24.748737341529,44.748737341529));
#516 = ORIENTED_EDGE('',*,*,#517,.T.);
#517 = EDGE_CURVE('',#511,#518,#520,.T.);
#518 = VERTEX_POINT('',#519);
#519 = CARTESIAN_POINT('',(2.85E+03,21.306650015305,47.767366910193));
#520 = B_SPLINE_CURVE_WITH_KNOTS('',1,(#521,#522),.UNSPECIFIED.,.F.,.F.,
  (2,2),(6.,7.),.PIECEWISE_BEZIER_KNOTS.);
#521 = CARTESIAN_POINT('',(2.85E+03,24.748737341529,44.748737341529));
#522 = CARTESIAN_POINT('',(2.85E+03,21.306650015305,47.767366910193));
#523 = ORIENTED_EDGE('',*,*,#524,.T.);
#524 = EDGE_CURVE('',#518,#525,#527,.T.);
#525 = VERTEX_POINT('',#526);
#526 = CARTESIAN_POINT('',(2.85E+03,17.5,50.310889132455));
#527 = B_SPLINE_CURVE_WITH_KNOTS('',1,(#528,#529),.UNSPECIFIED.,.F.,.F.,
  (2,2),(7.,8.),.PIECEWISE_BEZIER_KNOTS.);
#528 = CARTESIAN_POINT('',(2.85E+03,21.306650015305,47.767366910193));
#529 = CARTESIAN_POINT('',(2.85E+03,17.5,50.310889132455));
#530 = ORIENTED_EDGE('',*,*,#531,.T.);
#531 = EDGE_CURVE('',#525,#532,#534,.T.);
#532 = VERTEX_POINT('',#533);
#533 = CARTESIAN_POINT('',(2.85E+03,13.393920132778,52.335783637895));
#534 = B_SPLINE_CURVE_WITH_KNOTS('',1,(#535,#536),.UNSPECIFIED.,.F.,.F.,
  (2,2),(8.,9.),.PIECEWISE_BEZIER_KNOTS.);
#535 = CARTESIAN_POINT('',(2.85E+03,17.5,50.310889132455));
#536 = CARTESIAN_POINT('',(2.85E+03,13.393920132778,52.335783637895));
#537 = ORIENTED_EDGE('',*,*,#538,.T.);
#538 = EDGE_CURVE('',#532,#539,#541,.T.);
#539 = VERTEX_POINT('',#540);
#540 = CARTESIAN_POINT('',(2.85E+03,9.058666578588,53.807403920117));
#541 = B_SPLINE_CURVE_WITH_KNOTS('',1,(#542,#543),.UNSPECIFIED.,.F.,.F.,
  (2,2),(9.,10.),.PIECEWISE_BEZIER_KNOTS.);
#542 = CARTESIAN_POINT('',(2.85E+03,13.393920132778,52.335783637895));
#543 = CARTESIAN_POINT('',(2.85E+03,9.058666578588,53.807403920117));
#544 = ORIENTED_EDGE('',*,*,#545,.T.);
#545 = EDGE_CURVE('',#539,#546,#548,.T.);
#546 = VERTEX_POINT('',#547);
#547 = CARTESIAN_POINT('',(2.85E+03,4.568416727702,54.700570148083));
#548 = B_SPLINE_CURVE_WITH_KNOTS('',1,(#549,#550),.UNSPECIFIED.,.F.,.F.,
  (2,2),(10.,11.),.PIECEWISE_BEZIER_KNOTS.);
#549 = CARTESIAN_POINT('',(2.85E+03,9.058666578588,53.807403920117));
#550 = CARTESIAN_POINT('',(2.85E+03,4.568416727702,54.700570148083));
#551 = ORIENTED_EDGE('',*,*,#552,.T.);
#552 = EDGE_CURVE('',#546,#553,#555,.T.);
#553 = VERTEX_POINT('',#554);
#554 = CARTESIAN_POINT('',(2.85E+03,2.143131898508E-15,55.));
#555 = B_SPLINE_CURVE_WITH_KNOTS('',1,(#556,#557),.UNSPECIFIED.,.F.,.F.,
  (2,2),(11.,12.),.PIECEWISE_BEZIER_KNOTS.);
#556 = CARTESIAN_POINT('',(2.85E+03,4.568416727702,54.700570148083));
#557 = CARTESIAN_POINT('',(2.85E+03,2.143131898508E-15,55.));
#558 = ORIENTED_EDGE('',*,*,#559,.T.);
#559 = EDGE_CURVE('',#553,#560,#562,.T.);
#560 = VERTEX_POINT('',#561);
#561 = CARTESIAN_POINT('',(2.85E+03,-4.568416727702,54.700570148083));
#562 = B_SPLINE_CURVE_WITH_KNOTS('',1,(#563,#564),.UNSPECIFIED.,.F.,.F.,
  (2,2),(12.,13.),.PIECEWISE_BEZIER_KNOTS.);
#563 = CARTESIAN_POINT('',(2.85E+03,2.143131898508E-15,55.));
#564 = CARTESIAN_POINT('',(2.85E+03,-4.568416727702,54.700570148083));
#565 = ORIENTED_EDGE('',*,*,#566,.T.);
#566 = EDGE_CURVE('',#560,#567,#569,.T.);
#567 = VERTEX_POINT('',#568);
#568 = CARTESIAN_POINT('',(2.85E+03,-9.058666578588,53.807403920117));
#569 = B_SPLINE_CURVE_WITH_KNOTS('',1,(#570,#571),.UNSPECIFIED.,.F.,.F.,
  (2,2),(13.,14.),.PIECEWISE_BEZIER_KNOTS.);
#570 = CARTESIAN_POINT('',(2.85E+03,-4.568416727702,54.700570148083));
#571 = CARTESIAN_POINT('',(2.85E+03,-9.058666578588,53.807403920117));
#572 = ORIENTED_EDGE('',*,*,#573,.T.);
#573 = EDGE_CURVE('',#567,#574,#576,.T.);
#574 = VERTEX_POINT('',#575);
#575 = CARTESIAN_POINT('',(2.85E+03,-13.39392013277,52.335783637895));
#576 = B_SPLINE_CURVE_WITH_KNOTS('',1,(#577,#578),.UNSPECIFIED.,.F.,.F.,
  (2,2),(14.,15.),.PIECEWISE_BEZIER_KNOTS.);
#577 = CARTESIAN_POINT('',(2.85E+03,-9.058666578588,53.807403920117));
#578 = CARTESIAN_POINT('',(2.85E+03,-13.39392013277,52.335783637895));
#579 = ORIENTED_EDGE('',*,*,#580,.T.);
#580 = EDGE_CURVE('',#574,#581,#583,.T.);
#581 = VERTEX_POINT('',#582);
#582 = CARTESIAN_POINT('',(2.85E+03,-17.5,50.310889132455));
#583 = B_SPLINE_CURVE_WITH_KNOTS('',1,(#584,#585),.UNSPECIFIED.,.F.,.F.,
  (2,2),(15.,16.),.PIECEWISE_BEZIER_KNOTS.);
#584 = CARTESIAN_POINT('',(2.85E+03,-13.39392013277,52.335783637895));
#585 = CARTESIAN_POINT('',(2.85E+03,-17.5,50.310889132455));
#586 = ORIENTED_EDGE('',*,*,#587,.T.);
#587 = EDGE_CURVE('',#581,#588,#590,.T.);
#588 = VERTEX_POINT('',#589);
#589 = CARTESIAN_POINT('',(2.85E+03,-21.3066500153,47.767366910193));
#590 = B_SPLINE_CURVE_WITH_KNOTS('',1,(#591,#592),.UNSPECIFIED.,.F.,.F.,
  (2,2),(16.,17.),.PIECEWISE_BEZIER_KNOTS.);
#591 = CARTESIAN_POINT('',(2.85E+03,-17.5,50.310889132455));
#592 = CARTESIAN_POINT('',(2.85E+03,-21.3066500153,47.767366910193));
#593 = ORIENTED_EDGE('',*,*,#594,.T.);
#594 = EDGE_CURVE('',#588,#595,#597,.T.);
#595 = VERTEX_POINT('',#596);
#596 = CARTESIAN_POINT('',(2.85E+03,-24.74873734152,44.748737341529));
#597 = B_SPLINE_CURVE_WITH_KNOTS('',1,(#598,#599),.UNSPECIFIED.,.F.,.F.,
  (2,2),(17.,18.),.PIECEWISE_BEZIER_KNOTS.);
#598 = CARTESIAN_POINT('',(2.85E+03,-21.3066500153,47.767366910193));
#599 = CARTESIAN_POINT('',(2.85E+03,-24.74873734152,44.748737341529));
#600 = ORIENTED_EDGE('',*,*,#601,.T.);
#601 = EDGE_CURVE('',#595,#602,#604,.T.);
#602 = VERTEX_POINT('',#603);
#603 = CARTESIAN_POINT('',(2.85E+03,-27.76736691019,41.306650015305));
#604 = B_SPLINE_CURVE_WITH_KNOTS('',1,(#605,#606),.UNSPECIFIED.,.F.,.F.,
  (2,2),(18.,19.),.PIECEWISE_BEZIER_KNOTS.);
#605 = CARTESIAN_POINT('',(2.85E+03,-24.74873734152,44.748737341529));
#606 = CARTESIAN_POINT('',(2.85E+03,-27.76736691019,41.306650015305));
#607 = ORIENTED_EDGE('',*,*,#608,.T.);
#608 = EDGE_CURVE('',#602,#609,#611,.T.);
#609 = VERTEX_POINT('',#610);
#610 = CARTESIAN_POINT('',(2.85E+03,-30.31088913245,37.5));
#611 = B_SPLINE_CURVE_WITH_KNOTS('',1,(#612,#613),.UNSPECIFIED.,.F.,.F.,
  (2,2),(19.,20.),.PIECEWISE_BEZIER_KNOTS.);
#612 = CARTESIAN_POINT('',(2.85E+03,-27.76736691019,41.306650015305));
#613 = CARTESIAN_POINT('',(2.85E+03,-30.31088913245,37.5));
#614 = ORIENTED_EDGE('',*,*,#615,.T.);
#615 = EDGE_CURVE('',#609,#616,#618,.T.);
#616 = VERTEX_POINT('',#617);
#617 = CARTESIAN_POINT('',(2.85E+03,-32.33578363789,33.393920132778));
#618 = B_SPLINE_CURVE_WITH_KNOTS('',1,(#619,#620),.UNSPECIFIED.,.F.,.F.,
  (2,2),(20.,21.),.PIECEWISE_BEZIER_KNOTS.);
#619 = CARTESIAN_POINT('',(2.85E+03,-30.31088913245,37.5));
#620 = CARTESIAN_POINT('',(2.85E+03,-32.33578363789,33.393920132778));
#621 = ORIENTED_EDGE('',*,*,#622,.T.);
#622 = EDGE_CURVE('',#616,#623,#625,.T.);
#623 = VERTEX_POINT('',#624);
#624 = CARTESIAN_POINT('',(2.85E+03,-33.80740392011,29.058666578588));
#625 = B_SPLINE_CURVE_WITH_KNOTS('',1,(#626,#627),.UNSPECIFIED.,.F.,.F.,
  (2,2),(21.,22.),.PIECEWISE_BEZIER_KNOTS.);
#626 = CARTESIAN_POINT('',(2.85E+03,-32.33578363789,33.393920132778));
#627 = CARTESIAN_POINT('',(2.85E+03,-33.80740392011,29.058666578588));
#628 = ORIENTED_EDGE('',*,*,#629,.T.);
#629 = EDGE_CURVE('',#623,#630,#632,.T.);
#630 = VERTEX_POINT('',#631);
#631 = CARTESIAN_POINT('',(2.85E+03,-34.70057014808,24.568416727702));
#632 = B_SPLINE_CURVE_WITH_KNOTS('',1,(#633,#634),.UNSPECIFIED.,.F.,.F.,
  (2,2),(22.,23.),.PIECEWISE_BEZIER_KNOTS.);
#633 = CARTESIAN_POINT('',(2.85E+03,-33.80740392011,29.058666578588));
#634 = CARTESIAN_POINT('',(2.85E+03,-34.70057014808,24.568416727702));
#635 = ORIENTED_EDGE('',*,*,#636,.T.);
#636 = EDGE_CURVE('',#630,#637,#639,.T.);
#637 = VERTEX_POINT('',#638);
#638 = CARTESIAN_POINT('',(2.85E+03,-35.,20.));
#639 = B_SPLINE_CURVE_WITH_KNOTS('',1,(#640,#641),.UNSPECIFIED.,.F.,.F.,
  (2,2),(23.,24.),.PIECEWISE_BEZIER_KNOTS.);
#640 = CARTESIAN_POINT('',(2.85E+03,-34.70057014808,24.568416727702));
#641 = CARTESIAN_POINT('',(2.85E+03,-35.,20.));
#642 = ORIENTED_EDGE('',*,*,#643,.T.);
#643 = EDGE_CURVE('',#637,#644,#646,.T.);
#644 = VERTEX_POINT('',#645);
#645 = CARTESIAN_POINT('',(2.85E+03,-34.70057014808,15.431583272298));
#646 = B_SPLINE_CURVE_WITH_KNOTS('',1,(#647,#648),.UNSPECIFIED.,.F.,.F.,
  (2,2),(24.,25.),.PIECEWISE_BEZIER_KNOTS.);
#647 = CARTESIAN_POINT('',(2.85E+03,-35.,20.));
#648 = CARTESIAN_POINT('',(2.85E+03,-34.70057014808,15.431583272298));
#649 = ORIENTED_EDGE('',*,*,#650,.T.);
#650 = EDGE_CURVE('',#644,#651,#653,.T.);
#651 = VERTEX_POINT('',#652);
#652 = CARTESIAN_POINT('',(2.85E+03,-33.80740392011,10.941333421412));
#653 = B_SPLINE_CURVE_WITH_KNOTS('',1,(#654,#655),.UNSPECIFIED.,.F.,.F.,
  (2,2),(25.,26.),.PIECEWISE_BEZIER_KNOTS.);
#654 = CARTESIAN_POINT('',(2.85E+03,-34.70057014808,15.431583272298));
#655 = CARTESIAN_POINT('',(2.85E+03,-33.80740392011,10.941333421412));
#656 = ORIENTED_EDGE('',*,*,#657,.T.);
#657 = EDGE_CURVE('',#651,#658,#660,.T.);
#658 = VERTEX_POINT('',#659);
#659 = CARTESIAN_POINT('',(2.85E+03,-32.33578363789,6.606079867222));
#660 = B_SPLINE_CURVE_WITH_KNOTS('',1,(#661,#662),.UNSPECIFIED.,.F.,.F.,
  (2,2),(26.,27.),.PIECEWISE_BEZIER_KNOTS.);
#661 = CARTESIAN_POINT('',(2.85E+03,-33.80740392011,10.941333421412));
#662 = CARTESIAN_POINT('',(2.85E+03,-32.33578363789,6.606079867222));
#663 = ORIENTED_EDGE('',*,*,#664,.T.);
#664 = EDGE_CURVE('',#658,#665,#667,.T.);
#665 = VERTEX_POINT('',#666);
#666 = CARTESIAN_POINT('',(2.85E+03,-30.31088913245,2.5));
#667 = B_SPLINE_CURVE_WITH_KNOTS('',1,(#668,#669),.UNSPECIFIED.,.F.,.F.,
  (2,2),(27.,28.),.PIECEWISE_BEZIER_KNOTS.);
#668 = CARTESIAN_POINT('',(2.85E+03,-32.33578363789,6.606079867222));
#669 = CARTESIAN_POINT('',(2.85E+03,-30.31088913245,2.5));
#670 = ORIENTED_EDGE('',*,*,#671,.T.);
#671 = EDGE_CURVE('',#665,#672,#674,.T.);
#672 = VERTEX_POINT('',#673);
#673 = CARTESIAN_POINT('',(2.85E+03,-27.76736691019,-1.306650015305));
#674 = B_SPLINE_CURVE_WITH_KNOTS('',1,(#675,#676),.UNSPECIFIED.,.F.,.F.,
  (2,2),(28.,29.),.PIECEWISE_BEZIER_KNOTS.);
#675 = CARTESIAN_POINT('',(2.85E+03,-30.31088913245,2.5));
#676 = CARTESIAN_POINT('',(2.85E+03,-27.76736691019,-1.306650015305));
#677 = ORIENTED_EDGE('',*,*,#678,.T.);
#678 = EDGE_CURVE('',#672,#679,#681,.T.);
#679 = VERTEX_POINT('',#680);
#680 = CARTESIAN_POINT('',(2.85E+03,-24.74873734152,-4.748737341529));
#681 = B_SPLINE_CURVE_WITH_KNOTS('',1,(#682,#683),.UNSPECIFIED.,.F.,.F.,
  (2,2),(29.,30.),.PIECEWISE_BEZIER_KNOTS.);
#682 = CARTESIAN_POINT('',(2.85E+03,-27.76736691019,-1.306650015305));
#683 = CARTESIAN_POINT('',(2.85E+03,-24.74873734152,-4.748737341529));
#684 = ORIENTED_EDGE('',*,*,#685,.T.);
#685 = EDGE_CURVE('',#679,#686,#688,.T.);
#686 = VERTEX_POINT('',#687);
#687 = CARTESIAN_POINT('',(2.85E+03,-21.3066500153,-7.767366910193));
#688 = B_SPLINE_CURVE_WITH_KNOTS('',1,(#689,#690),.UNSPECIFIED.,.F.,.F.,
  (2,2),(30.,31.),.PIECEWISE_BEZIER_KNOTS.);
#689 = CARTESIAN_POINT('',(2.85E+03,-24.74873734152,-4.748737341529));
#690 = CARTESIAN_POINT('',(2.85E+03,-21.3066500153,-7.767366910193));
#691 = ORIENTED_EDGE('',*,*,#692,.T.);
#692 = EDGE_CURVE('',#686,#693,#695,.T.);
#693 = VERTEX_POINT('',#694);
#694 = CARTESIAN_POINT('',(2.85E+03,-17.5,-10.31088913245));
#695 = B_SPLINE_CURVE_WITH_KNOTS('',1,(#696,#697),.UNSPECIFIED.,.F.,.F.,
  (2,2),(31.,32.),.PIECEWISE_BEZIER_KNOTS.);
#696 = CARTESIAN_POINT('',(2.85E+03,-21.3066500153,-7.767366910193));
#697 = CARTESIAN_POINT('',(2.85E+03,-17.5,-10.31088913245));
#698 = ORIENTED_EDGE('',*,*,#699,.T.);
#699 = EDGE_CURVE('',#693,#700,#702,.T.);
#700 = VERTEX_POINT('',#701);
#701 = CARTESIAN_POINT('',(2.85E+03,-13.39392013277,-12.33578363789));
#702 = B_SPLINE_CURVE_WITH_KNOTS('',1,(#703,#704),.UNSPECIFIED.,.F.,.F.,
  (2,2),(32.,33.),.PIECEWISE_BEZIER_KNOTS.);
#703 = CARTESIAN_POINT('',(2.85E+03,-17.5,-10.31088913245));
#704 = CARTESIAN_POINT('',(2.85E+03,-13.39392013277,-12.33578363789));
#705 = ORIENTED_EDGE('',*,*,#706,.T.);
#706 = EDGE_CURVE('',#700,#707,#709,.T.);
#707 = VERTEX_POINT('',#708);
#708 = CARTESIAN_POINT('',(2.85E+03,-9.058666578588,-13.80740392011));
#709 = B_SPLINE_CURVE_WITH_KNOTS('',1,(#710,#711),.UNSPECIFIED.,.F.,.F.,
  (2,2),(33.,34.),.PIECEWISE_BEZIER_KNOTS.);
#710 = CARTESIAN_POINT('',(2.85E+03,-13.39392013277,-12.33578363789));
#711 = CARTESIAN_POINT('',(2.85E+03,-9.058666578588,-13.80740392011));
#712 = ORIENTED_EDGE('',*,*,#713,.T.);
#713 = EDGE_CURVE('',#707,#714,#716,.T.);
#714 = VERTEX_POINT('',#715);
#715 = CARTESIAN_POINT('',(2.85E+03,-4.568416727702,-14.70057014808));
#716 = B_SPLINE_CURVE_WITH_KNOTS('',1,(#717,#718),.UNSPECIFIED.,.F.,.F.,
  (2,2),(34.,35.),.PIECEWISE_BEZIER_KNOTS.);
#717 = CARTESIAN_POINT('',(2.85E+03,-9.058666578588,-13.80740392011));
#718 = CARTESIAN_POINT('',(2.85E+03,-4.568416727702,-14.70057014808));
#719 = ORIENTED_EDGE('',*,*,#720,.T.);
#720 = EDGE_CURVE('',#714,#721,#723,.T.);
#721 = VERTEX_POINT('',#722);
#722 = CARTESIAN_POINT('',(2.85E+03,-6.429395695524E-15,-15.));
#723 = B_SPLINE_CURVE_WITH_KNOTS('',1,(#724,#725),.UNSPECIFIED.,.F.,.F.,
  (2,2),(35.,36.),.PIECEWISE_BEZIER_KNOTS.);
#724 = CARTESIAN_POINT('',(2.85E+03,-4.568416727702,-14.70057014808));
#725 = CARTESIAN_POINT('',(2.85E+03,-6.429395695524E-15,-15.));
#726 = ORIENTED_EDGE('',*,*,#727,.T.);
#727 = EDGE_CURVE('',#721,#728,#730,.T.);
#728 = VERTEX_POINT('',#729);
#729 = CARTESIAN_POINT('',(2.85E+03,4.568416727702,-14.70057014808));
#730 = B_SPLINE_CURVE_WITH_KNOTS('',1,(#731,#732),.UNSPECIFIED.,.F.,.F.,
  (2,2),(36.,37.),.PIECEWISE_BEZIER_KNOTS.);
#731 = CARTESIAN_POINT('',(2.85E+03,-6.429395695524E-15,-15.));
#732 = CARTESIAN_POINT('',(2.85E+03,4.568416727702,-14.70057014808));
#733 = ORIENTED_EDGE('',*,*,#734,.T.);
#734 = EDGE_CURVE('',#728,#735,#737,.T.);
#735 = VERTEX_POINT('',#736);
#736 = CARTESIAN_POINT('',(2.85E+03,9.058666578588,-13.80740392011));
#737 = B_SPLINE_CURVE_WITH_KNOTS('',1,(#738,#739),.UNSPECIFIED.,.F.,.F.,
  (2,2),(37.,38.),.PIECEWISE_BEZIER_KNOTS.);
#738 = CARTESIAN_POINT('',(2.85E+03,4.568416727702,-14.70057014808));
#739 = CARTESIAN_POINT('',(2.85E+03,9.058666578588,-13.80740392011));
#740 = ORIENTED_EDGE('',*,*,#741,.T.);
#741 = EDGE_CURVE('',#735,#742,#744,.T.);
#742 = VERTEX_POINT('',#743);
#743 = CARTESIAN_POINT('',(2.85E+03,13.393920132778,-12.33578363789));
#744 = B_SPLINE_CURVE_WITH_KNOTS('',1,(#745,#746),.UNSPECIFIED.,.F.,.F.,
  (2,2),(38.,39.),.PIECEWISE_BEZIER_KNOTS.);
#745 = CARTESIAN_POINT('',(2.85E+03,9.058666578588,-13.80740392011));
#746 = CARTESIAN_POINT('',(2.85E+03,13.393920132778,-12.33578363789));
#747 = ORIENTED_EDGE('',*,*,#748,.T.);
#748 = EDGE_CURVE('',#742,#749,#751,.T.);
#749 = VERTEX_POINT('',#750);
#750 = CARTESIAN_POINT('',(2.85E+03,17.5,-10.31088913245));
#751 = B_SPLINE_CURVE_WITH_KNOTS('',1,(#752,#753),.UNSPECIFIED.,.F.,.F.,
  (2,2),(39.,40.),.PIECEWISE_BEZIER_KNOTS.);
#752 = CARTESIAN_POINT('',(2.85E+03,13.393920132778,-12.33578363789));
#753 = CARTESIAN_POINT('',(2.85E+03,17.5,-10.31088913245));
#754 = ORIENTED_EDGE('',*,*,#755,.T.);
#755 = EDGE_CURVE('',#749,#756,#758,.T.);
#756 = VERTEX_POINT('',#757);
#757 = CARTESIAN_POINT('',(2.85E+03,21.306650015305,-7.767366910193));
#758 = B_SPLINE_CURVE_WITH_KNOTS('',1,(#759,#760),.UNSPECIFIED.,.F.,.F.,
  (2,2),(40.,41.),.PIECEWISE_BEZIER_KNOTS.);
#759 = CARTESIAN_POINT('',(2.85E+03,17.5,-10.31088913245));
#760 = CARTESIAN_POINT('',(2.85E+03,21.306650015305,-7.767366910193));
#761 = ORIENTED_EDGE('',*,*,#762,.T.);
#762 = EDGE_CURVE('',#756,#763,#765,.T.);
#763 = VERTEX_POINT('',#764);
#764 = CARTESIAN_POINT('',(2.85E+03,24.748737341529,-4.748737341529));
#765 = B_SPLINE_CURVE_WITH_KNOTS('',1,(#766,#767),.UNSPECIFIED.,.F.,.F.,
  (2,2),(41.,42.),.PIECEWISE_BEZIER_KNOTS.);
#766 = CARTESIAN_POINT('',(2.85E+03,21.306650015305,-7.767366910193));
#767 = CARTESIAN_POINT('',(2.85E+03,24.748737341529,-4.748737341529));
#768 = ORIENTED_EDGE('',*,*,#769,.T.);
#769 = EDGE_CURVE('',#763,#770,#772,.T.);
#770 = VERTEX_POINT('',#771);
#771 = CARTESIAN_POINT('',(2.85E+03,27.767366910193,-1.306650015305));
#772 = B_SPLINE_CURVE_WITH_KNOTS('',1,(#773,#774),.UNSPECIFIED.,.F.,.F.,
  (2,2),(42.,43.),.PIECEWISE_BEZIER_KNOTS.);
#773 = CARTESIAN_POINT('',(2.85E+03,24.748737341529,-4.748737341529));
#774 = CARTESIAN_POINT('',(2.85E+03,27.767366910193,-1.306650015305));
#775 = ORIENTED_EDGE('',*,*,#776,.T.);
#776 = EDGE_CURVE('',#770,#777,#779,.T.);
#777 = VERTEX_POINT('',#778);
#778 = CARTESIAN_POINT('',(2.85E+03,30.310889132455,2.5));
#779 = B_SPLINE_CURVE_WITH_KNOTS('',1,(#780,#781),.UNSPECIFIED.,.F.,.F.,
  (2,2),(43.,44.),.PIECEWISE_BEZIER_KNOTS.);
#780 = CARTESIAN_POINT('',(2.85E+03,27.767366910193,-1.306650015305));
#781 = CARTESIAN_POINT('',(2.85E+03,30.310889132455,2.5));
#782 = ORIENTED_EDGE('',*,*,#783,.T.);
#783 = EDGE_CURVE('',#777,#784,#786,.T.);
#784 = VERTEX_POINT('',#785);
#785 = CARTESIAN_POINT('',(2.85E+03,32.335783637895,6.606079867222));
#786 = B_SPLINE_CURVE_WITH_KNOTS('',1,(#787,#788),.UNSPECIFIED.,.F.,.F.,
  (2,2),(44.,45.),.PIECEWISE_BEZIER_KNOTS.);
#787 = CARTESIAN_POINT('',(2.85E+03,30.310889132455,2.5));
#788 = CARTESIAN_POINT('',(2.85E+03,32.335783637895,6.606079867222));
#789 = ORIENTED_EDGE('',*,*,#790,.T.);
#790 = EDGE_CURVE('',#784,#791,#793,.T.);
#791 = VERTEX_POINT('',#792);
#792 = CARTESIAN_POINT('',(2.85E+03,33.807403920117,10.941333421412));
#793 = B_SPLINE_CURVE_WITH_KNOTS('',1,(#794,#795),.UNSPECIFIED.,.F.,.F.,
  (2,2),(45.,46.),.PIECEWISE_BEZIER_KNOTS.);
#794 = CARTESIAN_POINT('',(2.85E+03,32.335783637895,6.606079867222));
#795 = CARTESIAN_POINT('',(2.85E+03,33.807403920117,10.941333421412));
#796 = ORIENTED_EDGE('',*,*,#797,.T.);
#797 = EDGE_CURVE('',#791,#438,#798,.T.);
#798 = B_SPLINE_CURVE_WITH_KNOTS('',1,(#799,#800),.UNSPECIFIED.,.F.,.F.,
  (2,2),(46.,47.),.PIECEWISE_BEZIER_KNOTS.);
#799 = CARTESIAN_POINT('',(2.85E+03,33.807403920117,10.941333421412));
#800 = CARTESIAN_POINT('',(2.85E+03,34.700570148083,15.431583272298));
#801 = ORIENTED_EDGE('',*,*,#437,.T.);
#802 = PLANE('',#803);
#803 = AXIS2_PLACEMENT_3D('',#804,#805,#806);
#804 = CARTESIAN_POINT('',(2.85E+03,35.,20.));
#805 = DIRECTION('',(-1.,0.,0.));
#806 = DIRECTION('',(0.,-1.,5.075305255429E-17));
#807 = ADVANCED_FACE('',(#808),#1015,.T.);
#808 = FACE_BOUND('',#809,.T.);
#809 = EDGE_LOOP('',(#810,#811,#821,#831,#841,#851,#861,#874,#884,#897,
    #910,#923,#936,#949,#962,#975,#988,#1001,#1014));
#810 = ORIENTED_EDGE('',*,*,#385,.F.);
#811 = ORIENTED_EDGE('',*,*,#812,.T.);
#812 = EDGE_CURVE('',#373,#813,#815,.T.);
#813 = VERTEX_POINT('',#814);
#814 = CARTESIAN_POINT('',(1.509278647039E+03,246.96969182299,
    28.315923943015));
#815 = B_SPLINE_CURVE_WITH_KNOTS('',4,(#816,#817,#818,#819,#820),
  .UNSPECIFIED.,.F.,.F.,(5,5),(0.,1.),.PIECEWISE_BEZIER_KNOTS.);
#816 = CARTESIAN_POINT('',(1.501369336263E+03,247.75765899502,
    27.21370164302));
#817 = CARTESIAN_POINT('',(1.503346891802E+03,247.56305770756,
    27.489308851648));
#818 = CARTESIAN_POINT('',(1.505324296014E+03,247.36685537549,
    27.764881600239));
#819 = CARTESIAN_POINT('',(1.507301548025E+03,247.16906306056,
    28.040419942419));
#820 = CARTESIAN_POINT('',(1.509278647039E+03,246.96969182299,
    28.315923943015));
#821 = ORIENTED_EDGE('',*,*,#822,.T.);
#822 = EDGE_CURVE('',#813,#823,#825,.T.);
#823 = VERTEX_POINT('',#824);
#824 = CARTESIAN_POINT('',(1.516737539912E+03,246.20508689987,
    29.378004519487));
#825 = B_SPLINE_CURVE_WITH_KNOTS('',4,(#826,#827,#828,#829,#830),
  .UNSPECIFIED.,.F.,.F.,(5,5),(0.,1.),.PIECEWISE_BEZIER_KNOTS.);
#826 = CARTESIAN_POINT('',(1.509278647039E+03,246.96969182299,
    28.315923943015));
#827 = CARTESIAN_POINT('',(1.511143572688E+03,246.78063872936,
    28.581490201391));
#828 = CARTESIAN_POINT('',(1.513008363808E+03,246.59018069033,
    28.847025678348));
#829 = CARTESIAN_POINT('',(1.514873019748E+03,246.39832698735,
    29.112530429577));
#830 = CARTESIAN_POINT('',(1.516737539912E+03,246.20508689987,
    29.378004519487));
#831 = ORIENTED_EDGE('',*,*,#832,.T.);
#832 = EDGE_CURVE('',#823,#833,#835,.T.);
#833 = VERTEX_POINT('',#834);
#834 = CARTESIAN_POINT('',(1.519238281565E+03,245.9442754918,
    29.73800882862));
#835 = B_SPLINE_CURVE_WITH_KNOTS('',4,(#836,#837,#838,#839,#840),
  .UNSPECIFIED.,.F.,.F.,(5,5),(0.,1.),.PIECEWISE_BEZIER_KNOTS.);
#836 = CARTESIAN_POINT('',(1.516737539912E+03,246.20508689987,
    29.378004519487));
#837 = CARTESIAN_POINT('',(1.517362744269E+03,246.14011793026,
    29.468010232361));
#838 = CARTESIAN_POINT('',(1.517987936009E+03,246.07499280801,
    29.558012852845));
#839 = CARTESIAN_POINT('',(1.518613115113E+03,246.00971187968,
    29.648012383911));
#840 = CARTESIAN_POINT('',(1.519238281565E+03,245.9442754918,
    29.73800882862));
#841 = ORIENTED_EDGE('',*,*,#842,.T.);
#842 = EDGE_CURVE('',#833,#843,#845,.T.);
#843 = VERTEX_POINT('',#844);
#844 = CARTESIAN_POINT('',(1.516739509144E+03,246.0787947833,
    30.100860870822));
#845 = B_SPLINE_CURVE_WITH_KNOTS('',4,(#846,#847,#848,#849,#850),
  .UNSPECIFIED.,.F.,.F.,(5,5),(0.,1.),.PIECEWISE_BEZIER_KNOTS.);
#846 = CARTESIAN_POINT('',(1.519238281565E+03,245.9442754918,
    29.73800882862));
#847 = CARTESIAN_POINT('',(1.5186135983E+03,245.97813986862,
    29.828721521478));
#848 = CARTESIAN_POINT('',(1.517988908453E+03,246.01184808842,
    29.919434430727));
#849 = CARTESIAN_POINT('',(1.517364212057E+03,246.04539983275,
    30.010147549492));
#850 = CARTESIAN_POINT('',(1.516739509144E+03,246.0787947833,
    30.100860870822));
#851 = ORIENTED_EDGE('',*,*,#852,.T.);
#852 = EDGE_CURVE('',#843,#853,#855,.T.);
#853 = VERTEX_POINT('',#854);
#854 = CARTESIAN_POINT('',(1.509286268002E+03,246.47086242094,
    31.171313155866));
#855 = B_SPLINE_CURVE_WITH_KNOTS('',4,(#856,#857,#858,#859,#860),
  .UNSPECIFIED.,.F.,.F.,(5,5),(0.,1.),.PIECEWISE_BEZIER_KNOTS.);
#856 = CARTESIAN_POINT('',(1.516739509144E+03,246.0787947833,
    30.100860870822));
#857 = CARTESIAN_POINT('',(1.514876306257E+03,246.17891117018,
    30.368468544741));
#858 = CARTESIAN_POINT('',(1.513013031059E+03,246.27763357363,
    30.636079958186));
#859 = CARTESIAN_POINT('',(1.511149684604E+03,246.37495348743,
    30.903694901072));
#860 = CARTESIAN_POINT('',(1.509286268002E+03,246.47086242094,
    31.171313155866));
#861 = ORIENTED_EDGE('',*,*,#862,.T.);
#862 = EDGE_CURVE('',#853,#863,#865,.T.);
#863 = VERTEX_POINT('',#864);
#864 = CARTESIAN_POINT('',(1.497007008307E+03,247.08624305057,
    32.897166684347));
#865 = B_SPLINE_CURVE_WITH_KNOTS('',4,(#866,#867,#868,#869,#870,#871,
    #872,#873),.UNSPECIFIED.,.F.,.F.,(5,3,5),(0.,0.75473757676,1.),
  .UNSPECIFIED.);
#866 = CARTESIAN_POINT('',(1.509286268002E+03,246.47086242094,
    31.171313155866));
#867 = CARTESIAN_POINT('',(1.506969581125E+03,246.59133690896,
    31.49694531638));
#868 = CARTESIAN_POINT('',(1.504652782691E+03,246.70963070045,
    31.822582614388));
#869 = CARTESIAN_POINT('',(1.502335874859E+03,246.82572745241,
    32.148224633145));
#870 = CARTESIAN_POINT('',(1.499265913849E+03,246.97661885221,
    32.579694212723));
#871 = CARTESIAN_POINT('',(1.498512956461E+03,247.01339309519,
    32.685517940018));
#872 = CARTESIAN_POINT('',(1.497759987902E+03,247.04993426835,
    32.79134210284));
#873 = CARTESIAN_POINT('',(1.497007008307E+03,247.08624305057,
    32.897166684347));
#874 = ORIENTED_EDGE('',*,*,#875,.T.);
#875 = EDGE_CURVE('',#863,#876,#878,.T.);
#876 = VERTEX_POINT('',#877);
#877 = CARTESIAN_POINT('',(1.480113214084E+03,247.87017955911,
    35.197917439454));
#878 = B_SPLINE_CURVE_WITH_KNOTS('',4,(#879,#880,#881,#882,#883),
  .UNSPECIFIED.,.F.,.F.,(5,5),(0.,1.),.PIECEWISE_BEZIER_KNOTS.);
#879 = CARTESIAN_POINT('',(1.497007008307E+03,247.08624305057,
    32.897166684347));
#880 = CARTESIAN_POINT('',(1.492784067575E+03,247.2930711443,
    33.472338819001));
#881 = CARTESIAN_POINT('',(1.488560772354E+03,247.49259026141,
    34.047523205292));
#882 = CARTESIAN_POINT('',(1.484337147005E+03,247.68491989226,
    34.622716951869));
#883 = CARTESIAN_POINT('',(1.480113214084E+03,247.87017955911,
    35.197917439454));
#884 = ORIENTED_EDGE('',*,*,#885,.T.);
#885 = EDGE_CURVE('',#876,#886,#888,.T.);
#886 = VERTEX_POINT('',#887);
#887 = CARTESIAN_POINT('',(1.458895518566E+03,248.75464192592,
    37.972735092304));
#888 = B_SPLINE_CURVE_WITH_KNOTS('',4,(#889,#890,#891,#892,#893,#894,
    #895,#896),.UNSPECIFIED.,.F.,.F.,(5,3,5),(0.,0.500882699792,1.),
  .UNSPECIFIED.);
#889 = CARTESIAN_POINT('',(1.480113214084E+03,247.87017955911,
    35.197917439454));
#890 = CARTESIAN_POINT('',(1.477456671065E+03,247.98918869373,
    35.545377791167));
#891 = CARTESIAN_POINT('',(1.474800003449E+03,248.10540140825,
    35.892840348723));
#892 = CARTESIAN_POINT('',(1.472143216892E+03,248.21884738647,
    36.240304485569));
#893 = CARTESIAN_POINT('',(1.466838781106E+03,248.43987503558,
    36.934010076905));
#894 = CARTESIAN_POINT('',(1.464191132677E+03,248.54747596616,
    37.280251524364));
#895 = CARTESIAN_POINT('',(1.46154337681E+03,248.65238847473,
    37.626493376893));
#896 = CARTESIAN_POINT('',(1.458895518566E+03,248.75464192592,
    37.972735092304));
#897 = ORIENTED_EDGE('',*,*,#898,.T.);
#898 = EDGE_CURVE('',#886,#899,#901,.T.);
#899 = VERTEX_POINT('',#900);
#900 = CARTESIAN_POINT('',(1.43371845771E+03,249.66542234373,
    41.108579250492));
#901 = B_SPLINE_CURVE_WITH_KNOTS('',4,(#902,#903,#904,#905,#906,#907,
    #908,#909),.UNSPECIFIED.,.F.,.F.,(5,3,5),(0.,0.462602888933,1.),
  .UNSPECIFIED.);
#902 = CARTESIAN_POINT('',(1.458895518566E+03,248.75464192592,
    37.972735092304));
#903 = CARTESIAN_POINT('',(1.455984155754E+03,248.87021589335,
    38.335403112191));
#904 = CARTESIAN_POINT('',(1.453072665514E+03,248.98257519929,
    38.698070419992));
#905 = CARTESIAN_POINT('',(1.450161054627E+03,249.09175881148,
    39.060736330715));
#906 = CARTESIAN_POINT('',(1.443866832943E+03,249.32099835086,
    39.844700049092));
#907 = CARTESIAN_POINT('',(1.440484182219E+03,249.43995797667,
    40.265997147209));
#908 = CARTESIAN_POINT('',(1.437101387353E+03,249.55474563157,
    40.687290514209));
#909 = CARTESIAN_POINT('',(1.43371845771E+03,249.66542234373,
    41.108579250492));
#910 = ORIENTED_EDGE('',*,*,#911,.T.);
#911 = EDGE_CURVE('',#899,#912,#914,.T.);
#912 = VERTEX_POINT('',#913);
#913 = CARTESIAN_POINT('',(1.40501397833E+03,250.52995437959,
    44.486545036143));
#914 = B_SPLINE_CURVE_WITH_KNOTS('',4,(#915,#916,#917,#918,#919,#920,
    #921,#922),.UNSPECIFIED.,.F.,.F.,(5,3,5),(0.,0.501319029563,1.),
  .UNSPECIFIED.);
#915 = CARTESIAN_POINT('',(1.43371845771E+03,249.66542234373,
    41.108579250492));
#916 = CARTESIAN_POINT('',(1.430121361616E+03,249.7873906855,
    41.531960525823));
#917 = CARTESIAN_POINT('',(1.426524107468E+03,249.90471076921,
    41.95533584632));
#918 = CARTESIAN_POINT('',(1.42292670663E+03,250.01745584548,
    42.378704196758));
#919 = CARTESIAN_POINT('',(1.415750563727E+03,250.23337275492,
    43.223197320756));
#920 = CARTESIAN_POINT('',(1.412171823094E+03,250.33659184196,
    43.644322176807));
#921 = CARTESIAN_POINT('',(1.408592958101E+03,250.43542839934,
    44.065438345564));
#922 = CARTESIAN_POINT('',(1.40501397833E+03,250.52995437959,
    44.486545036143));
#923 = ORIENTED_EDGE('',*,*,#924,.T.);
#924 = EDGE_CURVE('',#912,#925,#927,.T.);
#925 = VERTEX_POINT('',#926);
#926 = CARTESIAN_POINT('',(1.3732738616E+03,251.28515831272,
    47.985197381863));
#927 = B_SPLINE_CURVE_WITH_KNOTS('',4,(#928,#929,#930,#931,#932,#933,
    #934,#935),.UNSPECIFIED.,.F.,.F.,(5,3,5),(0.,0.501311625696,1.),
  .UNSPECIFIED.);
#928 = CARTESIAN_POINT('',(1.40501397833E+03,250.52995437959,
    44.486545036143));
#929 = CARTESIAN_POINT('',(1.401036450197E+03,250.64014313454,
    44.925064561415));
#930 = CARTESIAN_POINT('',(1.397058773381E+03,250.74500703723,
    45.363571706668));
#931 = CARTESIAN_POINT('',(1.393080961182E+03,250.84464470878,
    45.802065469948));
#932 = CARTESIAN_POINT('',(1.385145905951E+03,251.03316999633,
    46.676730045101));
#933 = CARTESIAN_POINT('',(1.381188664208E+03,251.12211113563,
    47.112901005348));
#934 = CARTESIAN_POINT('',(1.377231312469E+03,251.20607498488,
    47.549057023044));
#935 = CARTESIAN_POINT('',(1.3732738616E+03,251.28515831272,
    47.985197381863));
#936 = ORIENTED_EDGE('',*,*,#937,.T.);
#937 = EDGE_CURVE('',#925,#938,#940,.T.);
#938 = VERTEX_POINT('',#939);
#939 = CARTESIAN_POINT('',(1.339041233379E+03,251.88426133306,
    51.480716500385));
#940 = B_SPLINE_CURVE_WITH_KNOTS('',4,(#941,#942,#943,#944,#945,#946,
    #947,#948),.UNSPECIFIED.,.F.,.F.,(5,3,5),(0.,0.449232052704,1.),
  .UNSPECIFIED.);
#941 = CARTESIAN_POINT('',(1.3732738616E+03,251.28515831272,
    47.985197381863));
#942 = CARTESIAN_POINT('',(1.369429549438E+03,251.36738537063,
    48.377825543746));
#943 = CARTESIAN_POINT('',(1.365585137305E+03,251.44500585084,
    48.77043851424));
#944 = CARTESIAN_POINT('',(1.361740635304E+03,251.51810834141,
    49.163035704749));
#945 = CARTESIAN_POINT('',(1.35318251334E+03,251.67097572537,
    50.036929105746));
#946 = CARTESIAN_POINT('',(1.348468852781E+03,251.74851198244,
    50.518217132795));
#947 = CARTESIAN_POINT('',(1.343755087828E+03,251.81955300336,
    50.999479820538));
#948 = CARTESIAN_POINT('',(1.339041233379E+03,251.88426133306,
    51.480716500385));
#949 = ORIENTED_EDGE('',*,*,#950,.T.);
#950 = EDGE_CURVE('',#938,#951,#953,.T.);
#951 = VERTEX_POINT('',#952);
#952 = CARTESIAN_POINT('',(1.302901323169E+03,252.30174783835,
    54.844818838546));
#953 = B_SPLINE_CURVE_WITH_KNOTS('',4,(#954,#955,#956,#957,#958,#959,
    #960,#961),.UNSPECIFIED.,.F.,.F.,(5,3,5),(0.,0.467222067452,1.),
  .UNSPECIFIED.);
#954 = CARTESIAN_POINT('',(1.339041233379E+03,251.88426133306,
    51.480716500385));
#955 = CARTESIAN_POINT('',(1.33482010096E+03,251.94880146842,
    51.873731481246));
#956 = CARTESIAN_POINT('',(1.330598888987E+03,252.00826171775,
    52.266725363359));
#957 = CARTESIAN_POINT('',(1.326377608356E+03,252.06275866625,
    52.659697746034));
#958 = CARTESIAN_POINT('',(1.317342633536E+03,252.16902496019,
    53.500733807073));
#959 = CARTESIAN_POINT('',(1.312528921639E+03,252.21933872085,
    53.948790945575));
#960 = CARTESIAN_POINT('',(1.30771514739E+03,252.26352236519,
    54.396819359873));
#961 = CARTESIAN_POINT('',(1.302901323169E+03,252.30174783835,
    54.844818838546));
#962 = ORIENTED_EDGE('',*,*,#963,.T.);
#963 = EDGE_CURVE('',#951,#964,#966,.T.);
#964 = VERTEX_POINT('',#965);
#965 = CARTESIAN_POINT('',(1.265471617134E+03,252.5357755931,
    57.942291409144));
#966 = B_SPLINE_CURVE_WITH_KNOTS('',4,(#967,#968,#969,#970,#971,#972,
    #973,#974),.UNSPECIFIED.,.F.,.F.,(5,3,5),(0.,0.501212576388,1.),
  .UNSPECIFIED.);
#967 = CARTESIAN_POINT('',(1.302901323169E+03,252.30174783835,
    54.844818838546));
#968 = CARTESIAN_POINT('',(1.298211391222E+03,252.34737510282,
    55.233024196143));
#969 = CARTESIAN_POINT('',(1.293521402004E+03,252.38734390352,
    55.621202087816));
#970 = CARTESIAN_POINT('',(1.288831367267E+03,252.4218131061,
    56.009352412446));
#971 = CARTESIAN_POINT('',(1.279473920173E+03,252.47992818716,
    56.783720064617));
#972 = CARTESIAN_POINT('',(1.274806508163E+03,252.503625627,
    57.169937657318));
#973 = CARTESIAN_POINT('',(1.270139071014E+03,252.52218955138,
    57.556128044268));
#974 = CARTESIAN_POINT('',(1.265471617134E+03,252.5357755931,
    57.942291409144));
#975 = ORIENTED_EDGE('',*,*,#976,.T.);
#976 = EDGE_CURVE('',#964,#977,#979,.T.);
#977 = VERTEX_POINT('',#978);
#978 = CARTESIAN_POINT('',(1.227391533038E+03,252.60769232478,
    60.630306760217));
#979 = B_SPLINE_CURVE_WITH_KNOTS('',4,(#980,#981,#982,#983,#984,#985,
    #986,#987),.UNSPECIFIED.,.F.,.F.,(5,3,5),(0.,0.500404871806,1.),
  .UNSPECIFIED.);
#980 = CARTESIAN_POINT('',(1.265471617134E+03,252.5357755931,
    57.942291409144));
#981 = CARTESIAN_POINT('',(1.260707802029E+03,252.55966903626,
    58.278647602028));
#982 = CARTESIAN_POINT('',(1.255943958947E+03,252.57837295208,
    58.614975924294));
#983 = CARTESIAN_POINT('',(1.251180097194E+03,252.59205271308,
    58.951276654078));
#984 = CARTESIAN_POINT('',(1.241660060625E+03,252.60967939163,
    59.623279571921));
#985 = CARTESIAN_POINT('',(1.23690388585E+03,252.61364202208,
    59.958981847466));
#986 = CARTESIAN_POINT('',(1.232147707899E+03,252.61292515031,
    60.294657409378));
#987 = CARTESIAN_POINT('',(1.227391533038E+03,252.60769232478,
    60.630306760217));
#988 = ORIENTED_EDGE('',*,*,#989,.T.);
#989 = EDGE_CURVE('',#977,#990,#992,.T.);
#990 = VERTEX_POINT('',#991);
#991 = CARTESIAN_POINT('',(1.189541542771E+03,252.55956160343,
    62.748483205245));
#992 = B_SPLINE_CURVE_WITH_KNOTS('',4,(#993,#994,#995,#996,#997,#998,
    #999,#1000),.UNSPECIFIED.,.F.,.F.,(5,3,5),(0.,0.497401504705,1.),
  .UNSPECIFIED.);
#993 = CARTESIAN_POINT('',(1.227391533038E+03,252.60769232478,
    60.630306760217));
#994 = CARTESIAN_POINT('',(1.222684872239E+03,252.61441874515,
    60.89377635151));
#995 = CARTESIAN_POINT('',(1.217978203701E+03,252.61671794694,
    61.157220763849));
#996 = CARTESIAN_POINT('',(1.213271533908E+03,252.6147483917,
    61.420640547241));
#997 = CARTESIAN_POINT('',(1.203809025638E+03,252.6025242391,
    61.950184142922));
#998 = CARTESIAN_POINT('',(1.199053187249E+03,252.59218329177,
    62.216307450647));
#999 = CARTESIAN_POINT('',(1.194297358252E+03,252.57780824219,
    62.482406898409));
#1000 = CARTESIAN_POINT('',(1.189541542771E+03,252.55956160343,
    62.748483205245));
#1001 = ORIENTED_EDGE('',*,*,#1002,.T.);
#1002 = EDGE_CURVE('',#990,#483,#1003,.T.);
#1003 = ( BOUNDED_CURVE() B_SPLINE_CURVE(3,(#1004,#1005,#1006,#1007,
    #1008,#1009,#1010,#1011,#1012,#1013),.UNSPECIFIED.,.F.,.F.) 
B_SPLINE_CURVE_WITH_KNOTS((4,1,1,1,1,1,1,4),(0.,5.937462759188E-02,
    0.169261244735,0.329619903174,0.533683498435,0.722609230536,
0.888013402964,1.),.UNSPECIFIED.) CURVE() GEOMETRIC_REPRESENTATION_ITEM(
) RATIONAL_B_SPLINE_CURVE((1.,1.,1.,1.,1.,1.,1.,1.,1.,1.)) 
REPRESENTATION_ITEM('') );
#1004 = CARTESIAN_POINT('',(0.,5.795554957734,1.552914270615));
#1005 = CARTESIAN_POINT('',(36.384885512757,45.438022904973,
    14.048643174197));
#1006 = CARTESIAN_POINT('',(164.1400044123,147.89980812304,
    45.255428269387));
#1007 = CARTESIAN_POINT('',(476.00449735354,248.66370842598,
    69.690817200386));
#1008 = CARTESIAN_POINT('',(943.3280351607,250.49708399009,
    59.171537108568));
#1009 = CARTESIAN_POINT('',(1.486434771408E+03,259.00799503994,
    66.542228402269));
#1010 = CARTESIAN_POINT('',(2.027682666396E+03,174.00906202621,
    58.273954605955));
#1011 = CARTESIAN_POINT('',(2.477449574318E+03,96.584230983562,
    51.981251082204));
#1012 = CARTESIAN_POINT('',(2.747888780157E+03,82.287300882043,
    49.48935114439));
#1013 = CARTESIAN_POINT('',(2.85E+03,33.807403920117,29.058666578588));
#1014 = ORIENTED_EDGE('',*,*,#482,.F.);
#1015 = ( BOUNDED_SURFACE() B_SPLINE_SURFACE(1,3,(
    (#1016,#1017,#1018,#1019,#1020,#1021,#1022,#1023,#1024,#1025)
    ,(#1026,#1027,#1028,#1029,#1030,#1031,#1032,#1033,#1034,#1035
)),.UNSPECIFIED.,.F.,.F.,.F.) B_SPLINE_SURFACE_WITH_KNOTS((2,2),(4,1,1,1
    ,1,1,1,4),(1.,2.),(0.,5.937462759188E-02,0.169261244735,
    0.329619903174,0.533683498435,0.722609230536,0.888013402964,1.),
.UNSPECIFIED.) GEOMETRIC_REPRESENTATION_ITEM() RATIONAL_B_SPLINE_SURFACE
((
    (1.,1.,1.,1.,1.,1.,1.,1.,1.,1.)
,(1.,1.,1.,1.,1.,1.,1.,1.,1.,1.))) REPRESENTATION_ITEM('') SURFACE() );
#1016 = CARTESIAN_POINT('',(0.,5.948669168243,0.78315715332));
#1017 = CARTESIAN_POINT('',(36.384885512757,46.638461353908,
    7.159471659984));
#1018 = CARTESIAN_POINT('',(164.1400044123,151.80721000608,
    23.090451002177));
#1019 = CARTESIAN_POINT('',(476.00449735354,255.23321689849,
    32.467402648436));
#1020 = CARTESIAN_POINT('',(943.3280351607,257.11502886845,
    20.259974308663));
#1021 = CARTESIAN_POINT('',(1.486434771408E+03,265.850791798,
    27.764021547156));
#1022 = CARTESIAN_POINT('',(2.027682666396E+03,178.60625079376,
    31.282241408916));
#1023 = CARTESIAN_POINT('',(2.477449574318E+03,99.135913847844,
    35.736050282757));
#1024 = CARTESIAN_POINT('',(2.747888780157E+03,84.461269587586,
    37.663215181655));
#1025 = CARTESIAN_POINT('',(2.85E+03,34.700570148083,24.568416727702));
#1026 = CARTESIAN_POINT('',(0.,5.795554957734,1.552914270615));
#1027 = CARTESIAN_POINT('',(36.384885512757,45.438022904973,
    14.048643174197));
#1028 = CARTESIAN_POINT('',(164.1400044123,147.89980812304,
    45.255428269387));
#1029 = CARTESIAN_POINT('',(476.00449735354,248.66370842598,
    69.690817200386));
#1030 = CARTESIAN_POINT('',(943.3280351607,250.49708399009,
    59.171537108568));
#1031 = CARTESIAN_POINT('',(1.486434771408E+03,259.00799503994,
    66.542228402269));
#1032 = CARTESIAN_POINT('',(2.027682666396E+03,174.00906202621,
    58.273954605955));
#1033 = CARTESIAN_POINT('',(2.477449574318E+03,96.584230983562,
    51.981251082204));
#1034 = CARTESIAN_POINT('',(2.747888780157E+03,82.287300882043,
    49.48935114439));
#1035 = CARTESIAN_POINT('',(2.85E+03,33.807403920117,29.058666578588));
#1036 = ADVANCED_FACE('',(#1037),#1064,.T.);
#1037 = FACE_BOUND('',#1038,.T.);
#1038 = EDGE_LOOP('',(#1039,#1048,#1049,#1050,#1059));
#1039 = ORIENTED_EDGE('',*,*,#1040,.F.);
#1040 = EDGE_CURVE('',#813,#1041,#1043,.T.);
#1041 = VERTEX_POINT('',#1042);
#1042 = CARTESIAN_POINT('',(1.374207390469E+03,2.1E+03,92.723055081253)
  );
#1043 = ( BOUNDED_CURVE() B_SPLINE_CURVE(3,(#1044,#1045,#1046,#1047),
.UNSPECIFIED.,.F.,.F.) B_SPLINE_CURVE_WITH_KNOTS((4,4),(0.,1.),
.PIECEWISE_BEZIER_KNOTS.) CURVE() GEOMETRIC_REPRESENTATION_ITEM() 
RATIONAL_B_SPLINE_CURVE((1.,1.,1.,1.)) REPRESENTATION_ITEM('') );
#1044 = CARTESIAN_POINT('',(1.374207390469E+03,-2.1E+03,92.723055081253)
  );
#1045 = CARTESIAN_POINT('',(1.556820251562E+03,-704.4156187208,
    5.646272124986));
#1046 = CARTESIAN_POINT('',(1.556820251562E+03,704.41561872084,
    5.646272124986));
#1047 = CARTESIAN_POINT('',(1.374207390469E+03,2.1E+03,92.723055081253)
  );
#1048 = ORIENTED_EDGE('',*,*,#812,.F.);
#1049 = ORIENTED_EDGE('',*,*,#372,.F.);
#1050 = ORIENTED_EDGE('',*,*,#1051,.T.);
#1051 = EDGE_CURVE('',#360,#1052,#1054,.T.);
#1052 = VERTEX_POINT('',#1053);
#1053 = CARTESIAN_POINT('',(1.367059520527E+03,2.1E+03,91.72021374033));
#1054 = ( BOUNDED_CURVE() B_SPLINE_CURVE(3,(#1055,#1056,#1057,#1058),
.UNSPECIFIED.,.F.,.F.) B_SPLINE_CURVE_WITH_KNOTS((4,4),(0.,1.),
.PIECEWISE_BEZIER_KNOTS.) CURVE() GEOMETRIC_REPRESENTATION_ITEM() 
RATIONAL_B_SPLINE_CURVE((1.,1.,1.,1.)) REPRESENTATION_ITEM('') );
#1055 = CARTESIAN_POINT('',(1.367059520527E+03,-2.1E+03,91.72021374033)
  );
#1056 = CARTESIAN_POINT('',(1.542747497113E+03,-704.4156187208,
    3.671874149529));
#1057 = CARTESIAN_POINT('',(1.542747497113E+03,704.41561872084,
    3.671874149529));
#1058 = CARTESIAN_POINT('',(1.367059520527E+03,2.1E+03,91.72021374033));
#1059 = ORIENTED_EDGE('',*,*,#1060,.F.);
#1060 = EDGE_CURVE('',#1041,#1052,#1061,.T.);
#1061 = B_SPLINE_CURVE_WITH_KNOTS('',1,(#1062,#1063),.UNSPECIFIED.,.F.,
  .F.,(2,2),(26.,27.),.PIECEWISE_BEZIER_KNOTS.);
#1062 = CARTESIAN_POINT('',(1.374207390469E+03,2.1E+03,92.723055081253)
  );
#1063 = CARTESIAN_POINT('',(1.367059520527E+03,2.1E+03,91.72021374033));
#1064 = ( BOUNDED_SURFACE() B_SPLINE_SURFACE(1,3,(
    (#1065,#1066,#1067,#1068)
    ,(#1069,#1070,#1071,#1072
)),.UNSPECIFIED.,.F.,.F.,.F.) B_SPLINE_SURFACE_WITH_KNOTS((2,2),(4,4),(
    26.,27.),(0.,1.),.PIECEWISE_BEZIER_KNOTS.) 
GEOMETRIC_REPRESENTATION_ITEM() RATIONAL_B_SPLINE_SURFACE((
    (1.,1.,1.,1.)
,(1.,1.,1.,1.))) REPRESENTATION_ITEM('') SURFACE() );
#1065 = CARTESIAN_POINT('',(1.374207390469E+03,-2.1E+03,92.723055081253)
  );
#1066 = CARTESIAN_POINT('',(1.556820251562E+03,-704.4156187208,
    5.646272124986));
#1067 = CARTESIAN_POINT('',(1.556820251562E+03,704.41561872084,
    5.646272124986));
#1068 = CARTESIAN_POINT('',(1.374207390469E+03,2.1E+03,92.723055081253)
  );
#1069 = CARTESIAN_POINT('',(1.367059520527E+03,-2.1E+03,91.72021374033)
  );
#1070 = CARTESIAN_POINT('',(1.542747497113E+03,-704.4156187208,
    3.671874149529));
#1071 = CARTESIAN_POINT('',(1.542747497113E+03,704.41561872084,
    3.671874149529));
#1072 = CARTESIAN_POINT('',(1.367059520527E+03,2.1E+03,91.72021374033));
#1073 = ADVANCED_FACE('',(#1074),#1092,.T.);
#1074 = FACE_BOUND('',#1075,.T.);
#1075 = EDGE_LOOP('',(#1076,#1077,#1078,#1087));
#1076 = ORIENTED_EDGE('',*,*,#1051,.F.);
#1077 = ORIENTED_EDGE('',*,*,#359,.F.);
#1078 = ORIENTED_EDGE('',*,*,#1079,.T.);
#1079 = EDGE_CURVE('',#347,#1080,#1082,.T.);
#1080 = VERTEX_POINT('',#1081);
#1081 = CARTESIAN_POINT('',(1.357224318643E+03,2.1E+03,90.38308758304));
#1082 = ( BOUNDED_CURVE() B_SPLINE_CURVE(3,(#1083,#1084,#1085,#1086),
.UNSPECIFIED.,.F.,.F.) B_SPLINE_CURVE_WITH_KNOTS((4,4),(0.,1.),
.PIECEWISE_BEZIER_KNOTS.) CURVE() GEOMETRIC_REPRESENTATION_ITEM() 
RATIONAL_B_SPLINE_CURVE((1.,1.,1.,1.)) REPRESENTATION_ITEM('') );
#1083 = CARTESIAN_POINT('',(1.357224318643E+03,-2.1E+03,90.38308758304)
  );
#1084 = CARTESIAN_POINT('',(1.52338391297E+03,-704.4156187208,
    1.039334913109));
#1085 = CARTESIAN_POINT('',(1.52338391297E+03,704.41561872084,
    1.039334913109));
#1086 = CARTESIAN_POINT('',(1.357224318643E+03,2.1E+03,90.38308758304));
#1087 = ORIENTED_EDGE('',*,*,#1088,.F.);
#1088 = EDGE_CURVE('',#1052,#1080,#1089,.T.);
#1089 = B_SPLINE_CURVE_WITH_KNOTS('',1,(#1090,#1091),.UNSPECIFIED.,.F.,
  .F.,(2,2),(27.,28.),.PIECEWISE_BEZIER_KNOTS.);
#1090 = CARTESIAN_POINT('',(1.367059520527E+03,2.1E+03,91.72021374033));
#1091 = CARTESIAN_POINT('',(1.357224318643E+03,2.1E+03,90.38308758304));
#1092 = ( BOUNDED_SURFACE() B_SPLINE_SURFACE(1,3,(
    (#1093,#1094,#1095,#1096)
    ,(#1097,#1098,#1099,#1100
)),.UNSPECIFIED.,.F.,.F.,.F.) B_SPLINE_SURFACE_WITH_KNOTS((2,2),(4,4),(
    27.,28.),(0.,1.),.PIECEWISE_BEZIER_KNOTS.) 
GEOMETRIC_REPRESENTATION_ITEM() RATIONAL_B_SPLINE_SURFACE((
    (1.,1.,1.,1.)
,(1.,1.,1.,1.))) REPRESENTATION_ITEM('') SURFACE() );
#1093 = CARTESIAN_POINT('',(1.367059520527E+03,-2.1E+03,91.72021374033)
  );
#1094 = CARTESIAN_POINT('',(1.542747497113E+03,-704.4156187208,
    3.671874149529));
#1095 = CARTESIAN_POINT('',(1.542747497113E+03,704.41561872084,
    3.671874149529));
#1096 = CARTESIAN_POINT('',(1.367059520527E+03,2.1E+03,91.72021374033));
#1097 = CARTESIAN_POINT('',(1.357224318643E+03,-2.1E+03,90.38308758304)
  );
#1098 = CARTESIAN_POINT('',(1.52338391297E+03,-704.4156187208,
    1.039334913109));
#1099 = CARTESIAN_POINT('',(1.52338391297E+03,704.41561872084,
    1.039334913109));
#1100 = CARTESIAN_POINT('',(1.357224318643E+03,2.1E+03,90.38308758304));
#1101 = ADVANCED_FACE('',(#1102),#1120,.T.);
#1102 = FACE_BOUND('',#1103,.T.);
#1103 = EDGE_LOOP('',(#1104,#1105,#1106,#1115));
#1104 = ORIENTED_EDGE('',*,*,#1079,.F.);
#1105 = ORIENTED_EDGE('',*,*,#346,.F.);
#1106 = ORIENTED_EDGE('',*,*,#1107,.T.);
#1107 = EDGE_CURVE('',#334,#1108,#1110,.T.);
#1108 = VERTEX_POINT('',#1109);
#1109 = CARTESIAN_POINT('',(1.34487006785E+03,2.1E+03,88.770084532677));
#1110 = ( BOUNDED_CURVE() B_SPLINE_CURVE(3,(#1111,#1112,#1113,#1114),
.UNSPECIFIED.,.F.,.F.) B_SPLINE_CURVE_WITH_KNOTS((4,4),(0.,1.),
.PIECEWISE_BEZIER_KNOTS.) CURVE() GEOMETRIC_REPRESENTATION_ITEM() 
RATIONAL_B_SPLINE_CURVE((1.,1.,1.,1.)) REPRESENTATION_ITEM('') );
#1111 = CARTESIAN_POINT('',(1.34487006785E+03,-2.1E+03,88.770084532677)
  );
#1112 = CARTESIAN_POINT('',(1.499060815426E+03,-704.4156187208,
    -2.136351835216));
#1113 = CARTESIAN_POINT('',(1.499060815426E+03,704.41561872084,
    -2.136351835216));
#1114 = CARTESIAN_POINT('',(1.34487006785E+03,2.1E+03,88.770084532677));
#1115 = ORIENTED_EDGE('',*,*,#1116,.F.);
#1116 = EDGE_CURVE('',#1080,#1108,#1117,.T.);
#1117 = B_SPLINE_CURVE_WITH_KNOTS('',1,(#1118,#1119),.UNSPECIFIED.,.F.,
  .F.,(2,2),(28.,29.),.PIECEWISE_BEZIER_KNOTS.);
#1118 = CARTESIAN_POINT('',(1.357224318643E+03,2.1E+03,90.38308758304));
#1119 = CARTESIAN_POINT('',(1.34487006785E+03,2.1E+03,88.770084532677));
#1120 = ( BOUNDED_SURFACE() B_SPLINE_SURFACE(1,3,(
    (#1121,#1122,#1123,#1124)
    ,(#1125,#1126,#1127,#1128
)),.UNSPECIFIED.,.F.,.F.,.F.) B_SPLINE_SURFACE_WITH_KNOTS((2,2),(4,4),(
    28.,29.),(0.,1.),.PIECEWISE_BEZIER_KNOTS.) 
GEOMETRIC_REPRESENTATION_ITEM() RATIONAL_B_SPLINE_SURFACE((
    (1.,1.,1.,1.)
,(1.,1.,1.,1.))) REPRESENTATION_ITEM('') SURFACE() );
#1121 = CARTESIAN_POINT('',(1.357224318643E+03,-2.1E+03,90.38308758304)
  );
#1122 = CARTESIAN_POINT('',(1.52338391297E+03,-704.4156187208,
    1.039334913109));
#1123 = CARTESIAN_POINT('',(1.52338391297E+03,704.41561872084,
    1.039334913109));
#1124 = CARTESIAN_POINT('',(1.357224318643E+03,2.1E+03,90.38308758304));
#1125 = CARTESIAN_POINT('',(1.34487006785E+03,-2.1E+03,88.770084532677)
  );
#1126 = CARTESIAN_POINT('',(1.499060815426E+03,-704.4156187208,
    -2.136351835216));
#1127 = CARTESIAN_POINT('',(1.499060815426E+03,704.41561872084,
    -2.136351835216));
#1128 = CARTESIAN_POINT('',(1.34487006785E+03,2.1E+03,88.770084532677));
#1129 = ADVANCED_FACE('',(#1130),#1148,.T.);
#1130 = FACE_BOUND('',#1131,.T.);
#1131 = EDGE_LOOP('',(#1132,#1133,#1134,#1143));
#1132 = ORIENTED_EDGE('',*,*,#1107,.F.);
#1133 = ORIENTED_EDGE('',*,*,#333,.F.);
#1134 = ORIENTED_EDGE('',*,*,#1135,.T.);
#1135 = EDGE_CURVE('',#321,#1136,#1138,.T.);
#1136 = VERTEX_POINT('',#1137);
#1137 = CARTESIAN_POINT('',(1.330208152802E+03,2.1E+03,86.946718485323)
  );
#1138 = ( BOUNDED_CURVE() B_SPLINE_CURVE(3,(#1139,#1140,#1141,#1142),
.UNSPECIFIED.,.F.,.F.) B_SPLINE_CURVE_WITH_KNOTS((4,4),(0.,1.),
.PIECEWISE_BEZIER_KNOTS.) CURVE() GEOMETRIC_REPRESENTATION_ITEM() 
RATIONAL_B_SPLINE_CURVE((1.,1.,1.,1.)) REPRESENTATION_ITEM('') );
#1139 = CARTESIAN_POINT('',(1.330208152802E+03,-2.1E+03,86.946718485323)
  );
#1140 = CARTESIAN_POINT('',(1.470194379426E+03,-704.4156187208,
    -5.726202079223));
#1141 = CARTESIAN_POINT('',(1.470194379426E+03,704.41561872084,
    -5.726202079223));
#1142 = CARTESIAN_POINT('',(1.330208152802E+03,2.1E+03,86.946718485323)
  );
#1143 = ORIENTED_EDGE('',*,*,#1144,.F.);
#1144 = EDGE_CURVE('',#1108,#1136,#1145,.T.);
#1145 = B_SPLINE_CURVE_WITH_KNOTS('',1,(#1146,#1147),.UNSPECIFIED.,.F.,
  .F.,(2,2),(29.,30.),.PIECEWISE_BEZIER_KNOTS.);
#1146 = CARTESIAN_POINT('',(1.34487006785E+03,2.1E+03,88.770084532677));
#1147 = CARTESIAN_POINT('',(1.330208152802E+03,2.1E+03,86.946718485323)
  );
#1148 = ( BOUNDED_SURFACE() B_SPLINE_SURFACE(1,3,(
    (#1149,#1150,#1151,#1152)
    ,(#1153,#1154,#1155,#1156
)),.UNSPECIFIED.,.F.,.F.,.F.) B_SPLINE_SURFACE_WITH_KNOTS((2,2),(4,4),(
    29.,30.),(0.,1.),.PIECEWISE_BEZIER_KNOTS.) 
GEOMETRIC_REPRESENTATION_ITEM() RATIONAL_B_SPLINE_SURFACE((
    (1.,1.,1.,1.)
,(1.,1.,1.,1.))) REPRESENTATION_ITEM('') SURFACE() );
#1149 = CARTESIAN_POINT('',(1.34487006785E+03,-2.1E+03,88.770084532677)
  );
#1150 = CARTESIAN_POINT('',(1.499060815426E+03,-704.4156187208,
    -2.136351835216));
#1151 = CARTESIAN_POINT('',(1.499060815426E+03,704.41561872084,
    -2.136351835216));
#1152 = CARTESIAN_POINT('',(1.34487006785E+03,2.1E+03,88.770084532677));
#1153 = CARTESIAN_POINT('',(1.330208152802E+03,-2.1E+03,86.946718485323)
  );
#1154 = CARTESIAN_POINT('',(1.470194379426E+03,-704.4156187208,
    -5.726202079223));
#1155 = CARTESIAN_POINT('',(1.470194379426E+03,704.41561872084,
    -5.726202079223));
#1156 = CARTESIAN_POINT('',(1.330208152802E+03,2.1E+03,86.946718485323)
  );
#1157 = ADVANCED_FACE('',(#1158),#1176,.T.);
#1158 = FACE_BOUND('',#1159,.T.);
#1159 = EDGE_LOOP('',(#1160,#1161,#1162,#1171));
#1160 = ORIENTED_EDGE('',*,*,#1135,.F.);
#1161 = ORIENTED_EDGE('',*,*,#320,.F.);
#1162 = ORIENTED_EDGE('',*,*,#1163,.T.);
#1163 = EDGE_CURVE('',#308,#1164,#1166,.T.);
#1164 = VERTEX_POINT('',#1165);
#1165 = CARTESIAN_POINT('',(1.313489442931E+03,2.1E+03,84.981955622402)
  );
#1166 = ( BOUNDED_CURVE() B_SPLINE_CURVE(3,(#1167,#1168,#1169,#1170),
.UNSPECIFIED.,.F.,.F.) B_SPLINE_CURVE_WITH_KNOTS((4,4),(0.,1.),
.PIECEWISE_BEZIER_KNOTS.) CURVE() GEOMETRIC_REPRESENTATION_ITEM() 
RATIONAL_B_SPLINE_CURVE((1.,1.,1.,1.)) REPRESENTATION_ITEM('') );
#1167 = CARTESIAN_POINT('',(1.313489442931E+03,-2.1E+03,84.981955622402)
  );
#1168 = CARTESIAN_POINT('',(1.437278517691E+03,-704.4156187208,
    -9.594434929729));
#1169 = CARTESIAN_POINT('',(1.437278517691E+03,704.41561872084,
    -9.594434929729));
#1170 = CARTESIAN_POINT('',(1.313489442931E+03,2.1E+03,84.981955622402)
  );
#1171 = ORIENTED_EDGE('',*,*,#1172,.F.);
#1172 = EDGE_CURVE('',#1136,#1164,#1173,.T.);
#1173 = B_SPLINE_CURVE_WITH_KNOTS('',1,(#1174,#1175),.UNSPECIFIED.,.F.,
  .F.,(2,2),(30.,31.),.PIECEWISE_BEZIER_KNOTS.);
#1174 = CARTESIAN_POINT('',(1.330208152802E+03,2.1E+03,86.946718485323)
  );
#1175 = CARTESIAN_POINT('',(1.313489442931E+03,2.1E+03,84.981955622402)
  );
#1176 = ( BOUNDED_SURFACE() B_SPLINE_SURFACE(1,3,(
    (#1177,#1178,#1179,#1180)
    ,(#1181,#1182,#1183,#1184
)),.UNSPECIFIED.,.F.,.F.,.F.) B_SPLINE_SURFACE_WITH_KNOTS((2,2),(4,4),(
    30.,31.),(0.,1.),.PIECEWISE_BEZIER_KNOTS.) 
GEOMETRIC_REPRESENTATION_ITEM() RATIONAL_B_SPLINE_SURFACE((
    (1.,1.,1.,1.)
,(1.,1.,1.,1.))) REPRESENTATION_ITEM('') SURFACE() );
#1177 = CARTESIAN_POINT('',(1.330208152802E+03,-2.1E+03,86.946718485323)
  );
#1178 = CARTESIAN_POINT('',(1.470194379426E+03,-704.4156187208,
    -5.726202079223));
#1179 = CARTESIAN_POINT('',(1.470194379426E+03,704.41561872084,
    -5.726202079223));
#1180 = CARTESIAN_POINT('',(1.330208152802E+03,2.1E+03,86.946718485323)
  );
#1181 = CARTESIAN_POINT('',(1.313489442931E+03,-2.1E+03,84.981955622402)
  );
#1182 = CARTESIAN_POINT('',(1.437278517691E+03,-704.4156187208,
    -9.594434929729));
#1183 = CARTESIAN_POINT('',(1.437278517691E+03,704.41561872084,
    -9.594434929729));
#1184 = CARTESIAN_POINT('',(1.313489442931E+03,2.1E+03,84.981955622402)
  );
#1185 = ADVANCED_FACE('',(#1186),#1204,.T.);
#1186 = FACE_BOUND('',#1187,.T.);
#1187 = EDGE_LOOP('',(#1188,#1189,#1190,#1199));
#1188 = ORIENTED_EDGE('',*,*,#1163,.F.);
#1189 = ORIENTED_EDGE('',*,*,#307,.F.);
#1190 = ORIENTED_EDGE('',*,*,#1191,.T.);
#1191 = EDGE_CURVE('',#295,#1192,#1194,.T.);
#1192 = VERTEX_POINT('',#1193);
#1193 = CARTESIAN_POINT('',(1.295E+03,2.1E+03,82.946307728726));
#1194 = ( BOUNDED_CURVE() B_SPLINE_CURVE(3,(#1195,#1196,#1197,#1198),
.UNSPECIFIED.,.F.,.F.) B_SPLINE_CURVE_WITH_KNOTS((4,4),(0.,1.),
.PIECEWISE_BEZIER_KNOTS.) CURVE() GEOMETRIC_REPRESENTATION_ITEM() 
RATIONAL_B_SPLINE_CURVE((1.,1.,1.,1.)) REPRESENTATION_ITEM('') );
#1195 = CARTESIAN_POINT('',(1.295E+03,-2.1E+03,82.946307728726));
#1196 = CARTESIAN_POINT('',(1.400876429741E+03,-704.4156187208,
    -13.60222650752));
#1197 = CARTESIAN_POINT('',(1.400876429741E+03,704.41561872084,
    -13.60222650752));
#1198 = CARTESIAN_POINT('',(1.295E+03,2.1E+03,82.946307728726));
#1199 = ORIENTED_EDGE('',*,*,#1200,.F.);
#1200 = EDGE_CURVE('',#1164,#1192,#1201,.T.);
#1201 = B_SPLINE_CURVE_WITH_KNOTS('',1,(#1202,#1203),.UNSPECIFIED.,.F.,
  .F.,(2,2),(31.,32.),.PIECEWISE_BEZIER_KNOTS.);
#1202 = CARTESIAN_POINT('',(1.313489442931E+03,2.1E+03,84.981955622402)
  );
#1203 = CARTESIAN_POINT('',(1.295E+03,2.1E+03,82.946307728726));
#1204 = ( BOUNDED_SURFACE() B_SPLINE_SURFACE(1,3,(
    (#1205,#1206,#1207,#1208)
    ,(#1209,#1210,#1211,#1212
)),.UNSPECIFIED.,.F.,.F.,.F.) B_SPLINE_SURFACE_WITH_KNOTS((2,2),(4,4),(
    31.,32.),(0.,1.),.PIECEWISE_BEZIER_KNOTS.) 
GEOMETRIC_REPRESENTATION_ITEM() RATIONAL_B_SPLINE_SURFACE((
    (1.,1.,1.,1.)
,(1.,1.,1.,1.))) REPRESENTATION_ITEM('') SURFACE() );
#1205 = CARTESIAN_POINT('',(1.313489442931E+03,-2.1E+03,84.981955622402)
  );
#1206 = CARTESIAN_POINT('',(1.437278517691E+03,-704.4156187208,
    -9.594434929729));
#1207 = CARTESIAN_POINT('',(1.437278517691E+03,704.41561872084,
    -9.594434929729));
#1208 = CARTESIAN_POINT('',(1.313489442931E+03,2.1E+03,84.981955622402)
  );
#1209 = CARTESIAN_POINT('',(1.295E+03,-2.1E+03,82.946307728726));
#1210 = CARTESIAN_POINT('',(1.400876429741E+03,-704.4156187208,
    -13.60222650752));
#1211 = CARTESIAN_POINT('',(1.400876429741E+03,704.41561872084,
    -13.60222650752));
#1212 = CARTESIAN_POINT('',(1.295E+03,2.1E+03,82.946307728726));
#1213 = ADVANCED_FACE('',(#1214),#1232,.T.);
#1214 = FACE_BOUND('',#1215,.T.);
#1215 = EDGE_LOOP('',(#1216,#1217,#1218,#1227));
#1216 = ORIENTED_EDGE('',*,*,#1191,.F.);
#1217 = ORIENTED_EDGE('',*,*,#294,.F.);
#1218 = ORIENTED_EDGE('',*,*,#1219,.T.);
#1219 = EDGE_CURVE('',#282,#1220,#1222,.T.);
#1220 = VERTEX_POINT('',#1221);
#1221 = CARTESIAN_POINT('',(1.275056183502E+03,2.1E+03,80.911770963356)
  );
#1222 = ( BOUNDED_CURVE() B_SPLINE_CURVE(3,(#1223,#1224,#1225,#1226),
.UNSPECIFIED.,.F.,.F.) B_SPLINE_CURVE_WITH_KNOTS((4,4),(0.,1.),
.PIECEWISE_BEZIER_KNOTS.) CURVE() GEOMETRIC_REPRESENTATION_ITEM() 
RATIONAL_B_SPLINE_CURVE((1.,1.,1.,1.)) REPRESENTATION_ITEM('') );
#1223 = CARTESIAN_POINT('',(1.275056183502E+03,-2.1E+03,80.911770963356)
  );
#1224 = CARTESIAN_POINT('',(1.361610965396E+03,-704.4156187208,
    -17.60783049154));
#1225 = CARTESIAN_POINT('',(1.361610965396E+03,704.41561872084,
    -17.60783049154));
#1226 = CARTESIAN_POINT('',(1.275056183502E+03,2.1E+03,80.911770963356)
  );
#1227 = ORIENTED_EDGE('',*,*,#1228,.F.);
#1228 = EDGE_CURVE('',#1192,#1220,#1229,.T.);
#1229 = B_SPLINE_CURVE_WITH_KNOTS('',1,(#1230,#1231),.UNSPECIFIED.,.F.,
  .F.,(2,2),(32.,33.),.PIECEWISE_BEZIER_KNOTS.);
#1230 = CARTESIAN_POINT('',(1.295E+03,2.1E+03,82.946307728726));
#1231 = CARTESIAN_POINT('',(1.275056183502E+03,2.1E+03,80.911770963356)
  );
#1232 = ( BOUNDED_SURFACE() B_SPLINE_SURFACE(1,3,(
    (#1233,#1234,#1235,#1236)
    ,(#1237,#1238,#1239,#1240
)),.UNSPECIFIED.,.F.,.F.,.F.) B_SPLINE_SURFACE_WITH_KNOTS((2,2),(4,4),(
    32.,33.),(0.,1.),.PIECEWISE_BEZIER_KNOTS.) 
GEOMETRIC_REPRESENTATION_ITEM() RATIONAL_B_SPLINE_SURFACE((
    (1.,1.,1.,1.)
,(1.,1.,1.,1.))) REPRESENTATION_ITEM('') SURFACE() );
#1233 = CARTESIAN_POINT('',(1.295E+03,-2.1E+03,82.946307728726));
#1234 = CARTESIAN_POINT('',(1.400876429741E+03,-704.4156187208,
    -13.60222650752));
#1235 = CARTESIAN_POINT('',(1.400876429741E+03,704.41561872084,
    -13.60222650752));
#1236 = CARTESIAN_POINT('',(1.295E+03,2.1E+03,82.946307728726));
#1237 = CARTESIAN_POINT('',(1.275056183502E+03,-2.1E+03,80.911770963356)
  );
#1238 = CARTESIAN_POINT('',(1.361610965396E+03,-704.4156187208,
    -17.60783049154));
#1239 = CARTESIAN_POINT('',(1.361610965396E+03,704.41561872084,
    -17.60783049154));
#1240 = CARTESIAN_POINT('',(1.275056183502E+03,2.1E+03,80.911770963356)
  );
#1241 = ADVANCED_FACE('',(#1242),#1260,.T.);
#1242 = FACE_BOUND('',#1243,.T.);
#1243 = EDGE_LOOP('',(#1244,#1245,#1246,#1255));
#1244 = ORIENTED_EDGE('',*,*,#1219,.F.);
#1245 = ORIENTED_EDGE('',*,*,#281,.F.);
#1246 = ORIENTED_EDGE('',*,*,#1247,.T.);
#1247 = EDGE_CURVE('',#269,#1248,#1250,.T.);
#1248 = VERTEX_POINT('',#1249);
#1249 = CARTESIAN_POINT('',(1.253999237667E+03,2.1E+03,78.953045959389)
  );
#1250 = ( BOUNDED_CURVE() B_SPLINE_CURVE(3,(#1251,#1252,#1253,#1254),
.UNSPECIFIED.,.F.,.F.) B_SPLINE_CURVE_WITH_KNOTS((4,4),(0.,1.),
.PIECEWISE_BEZIER_KNOTS.) CURVE() GEOMETRIC_REPRESENTATION_ITEM() 
RATIONAL_B_SPLINE_CURVE((1.,1.,1.,1.)) REPRESENTATION_ITEM('') );
#1251 = CARTESIAN_POINT('',(1.253999237667E+03,-2.1E+03,78.953045959389)
  );
#1252 = CARTESIAN_POINT('',(1.320153967635E+03,-704.4156187208,
    -21.46417598159));
#1253 = CARTESIAN_POINT('',(1.320153967635E+03,704.41561872084,
    -21.46417598159));
#1254 = CARTESIAN_POINT('',(1.253999237667E+03,2.1E+03,78.953045959389)
  );
#1255 = ORIENTED_EDGE('',*,*,#1256,.F.);
#1256 = EDGE_CURVE('',#1220,#1248,#1257,.T.);
#1257 = B_SPLINE_CURVE_WITH_KNOTS('',1,(#1258,#1259),.UNSPECIFIED.,.F.,
  .F.,(2,2),(33.,34.),.PIECEWISE_BEZIER_KNOTS.);
#1258 = CARTESIAN_POINT('',(1.275056183502E+03,2.1E+03,80.911770963356)
  );
#1259 = CARTESIAN_POINT('',(1.253999237667E+03,2.1E+03,78.953045959389)
  );
#1260 = ( BOUNDED_SURFACE() B_SPLINE_SURFACE(1,3,(
    (#1261,#1262,#1263,#1264)
    ,(#1265,#1266,#1267,#1268
)),.UNSPECIFIED.,.F.,.F.,.F.) B_SPLINE_SURFACE_WITH_KNOTS((2,2),(4,4),(
    33.,34.),(0.,1.),.PIECEWISE_BEZIER_KNOTS.) 
GEOMETRIC_REPRESENTATION_ITEM() RATIONAL_B_SPLINE_SURFACE((
    (1.,1.,1.,1.)
,(1.,1.,1.,1.))) REPRESENTATION_ITEM('') SURFACE() );
#1261 = CARTESIAN_POINT('',(1.275056183502E+03,-2.1E+03,80.911770963356)
  );
#1262 = CARTESIAN_POINT('',(1.361610965396E+03,-704.4156187208,
    -17.60783049154));
#1263 = CARTESIAN_POINT('',(1.361610965396E+03,704.41561872084,
    -17.60783049154));
#1264 = CARTESIAN_POINT('',(1.275056183502E+03,2.1E+03,80.911770963356)
  );
#1265 = CARTESIAN_POINT('',(1.253999237667E+03,-2.1E+03,78.953045959389)
  );
#1266 = CARTESIAN_POINT('',(1.320153967635E+03,-704.4156187208,
    -21.46417598159));
#1267 = CARTESIAN_POINT('',(1.320153967635E+03,704.41561872084,
    -21.46417598159));
#1268 = CARTESIAN_POINT('',(1.253999237667E+03,2.1E+03,78.953045959389)
  );
#1269 = ADVANCED_FACE('',(#1270),#1288,.T.);
#1270 = FACE_BOUND('',#1271,.T.);
#1271 = EDGE_LOOP('',(#1272,#1273,#1274,#1283));
#1272 = ORIENTED_EDGE('',*,*,#1247,.F.);
#1273 = ORIENTED_EDGE('',*,*,#268,.F.);
#1274 = ORIENTED_EDGE('',*,*,#1275,.T.);
#1275 = EDGE_CURVE('',#256,#1276,#1278,.T.);
#1276 = VERTEX_POINT('',#1277);
#1277 = CARTESIAN_POINT('',(1.232189452677E+03,2.1E+03,77.148968409241)
  );
#1278 = ( BOUNDED_CURVE() B_SPLINE_CURVE(3,(#1279,#1280,#1281,#1282),
.UNSPECIFIED.,.F.,.F.) B_SPLINE_CURVE_WITH_KNOTS((4,4),(0.,1.),
.PIECEWISE_BEZIER_KNOTS.) CURVE() GEOMETRIC_REPRESENTATION_ITEM() 
RATIONAL_B_SPLINE_CURVE((1.,1.,1.,1.)) REPRESENTATION_ITEM('') );
#1279 = CARTESIAN_POINT('',(1.232189452677E+03,-2.1E+03,77.148968409241)
  );
#1280 = CARTESIAN_POINT('',(1.277214777184E+03,-704.4156187208,
    -25.01605095645));
#1281 = CARTESIAN_POINT('',(1.277214777184E+03,704.41561872084,
    -25.01605095645));
#1282 = CARTESIAN_POINT('',(1.232189452677E+03,2.1E+03,77.148968409241)
  );
#1283 = ORIENTED_EDGE('',*,*,#1284,.F.);
#1284 = EDGE_CURVE('',#1248,#1276,#1285,.T.);
#1285 = B_SPLINE_CURVE_WITH_KNOTS('',1,(#1286,#1287),.UNSPECIFIED.,.F.,
  .F.,(2,2),(34.,35.),.PIECEWISE_BEZIER_KNOTS.);
#1286 = CARTESIAN_POINT('',(1.253999237667E+03,2.1E+03,78.953045959389)
  );
#1287 = CARTESIAN_POINT('',(1.232189452677E+03,2.1E+03,77.148968409241)
  );
#1288 = ( BOUNDED_SURFACE() B_SPLINE_SURFACE(1,3,(
    (#1289,#1290,#1291,#1292)
    ,(#1293,#1294,#1295,#1296
)),.UNSPECIFIED.,.F.,.F.,.F.) B_SPLINE_SURFACE_WITH_KNOTS((2,2),(4,4),(
    34.,35.),(0.,1.),.PIECEWISE_BEZIER_KNOTS.) 
GEOMETRIC_REPRESENTATION_ITEM() RATIONAL_B_SPLINE_SURFACE((
    (1.,1.,1.,1.)
,(1.,1.,1.,1.))) REPRESENTATION_ITEM('') SURFACE() );
#1289 = CARTESIAN_POINT('',(1.253999237667E+03,-2.1E+03,78.953045959389)
  );
#1290 = CARTESIAN_POINT('',(1.320153967635E+03,-704.4156187208,
    -21.46417598159));
#1291 = CARTESIAN_POINT('',(1.320153967635E+03,704.41561872084,
    -21.46417598159));
#1292 = CARTESIAN_POINT('',(1.253999237667E+03,2.1E+03,78.953045959389)
  );
#1293 = CARTESIAN_POINT('',(1.232189452677E+03,-2.1E+03,77.148968409241)
  );
#1294 = CARTESIAN_POINT('',(1.277214777184E+03,-704.4156187208,
    -25.01605095645));
#1295 = CARTESIAN_POINT('',(1.277214777184E+03,704.41561872084,
    -25.01605095645));
#1296 = CARTESIAN_POINT('',(1.232189452677E+03,2.1E+03,77.148968409241)
  );
#1297 = ADVANCED_FACE('',(#1298),#1316,.T.);
#1298 = FACE_BOUND('',#1299,.T.);
#1299 = EDGE_LOOP('',(#1300,#1301,#1302,#1311));
#1300 = ORIENTED_EDGE('',*,*,#1275,.F.);
#1301 = ORIENTED_EDGE('',*,*,#255,.F.);
#1302 = ORIENTED_EDGE('',*,*,#1303,.T.);
#1303 = EDGE_CURVE('',#237,#1304,#1306,.T.);
#1304 = VERTEX_POINT('',#1305);
#1305 = CARTESIAN_POINT('',(1.21E+03,2.1E+03,75.582889794787));
#1306 = ( BOUNDED_CURVE() B_SPLINE_CURVE(3,(#1307,#1308,#1309,#1310),
.UNSPECIFIED.,.F.,.F.) B_SPLINE_CURVE_WITH_KNOTS((4,4),(0.,1.),
.PIECEWISE_BEZIER_KNOTS.) CURVE() GEOMETRIC_REPRESENTATION_ITEM() 
RATIONAL_B_SPLINE_CURVE((1.,1.,1.,1.)) REPRESENTATION_ITEM('') );
#1307 = CARTESIAN_POINT('',(1.21E+03,-2.1E+03,75.582889794787));
#1308 = CARTESIAN_POINT('',(1.233528095498E+03,-704.4156187208,
    -28.09935269084));
#1309 = CARTESIAN_POINT('',(1.233528095498E+03,704.41561872084,
    -28.09935269084));
#1310 = CARTESIAN_POINT('',(1.21E+03,2.1E+03,75.582889794787));
#1311 = ORIENTED_EDGE('',*,*,#1312,.F.);
#1312 = EDGE_CURVE('',#1276,#1304,#1313,.T.);
#1313 = B_SPLINE_CURVE_WITH_KNOTS('',1,(#1314,#1315),.UNSPECIFIED.,.F.,
  .F.,(2,2),(35.,36.),.PIECEWISE_BEZIER_KNOTS.);
#1314 = CARTESIAN_POINT('',(1.232189452677E+03,2.1E+03,77.148968409241)
  );
#1315 = CARTESIAN_POINT('',(1.21E+03,2.1E+03,75.582889794787));
#1316 = ( BOUNDED_SURFACE() B_SPLINE_SURFACE(1,3,(
    (#1317,#1318,#1319,#1320)
    ,(#1321,#1322,#1323,#1324
)),.UNSPECIFIED.,.F.,.F.,.F.) B_SPLINE_SURFACE_WITH_KNOTS((2,2),(4,4),(
    35.,36.),(0.,1.),.PIECEWISE_BEZIER_KNOTS.) 
GEOMETRIC_REPRESENTATION_ITEM() RATIONAL_B_SPLINE_SURFACE((
    (1.,1.,1.,1.)
,(1.,1.,1.,1.))) REPRESENTATION_ITEM('') SURFACE() );
#1317 = CARTESIAN_POINT('',(1.232189452677E+03,-2.1E+03,77.148968409241)
  );
#1318 = CARTESIAN_POINT('',(1.277214777184E+03,-704.4156187208,
    -25.01605095645));
#1319 = CARTESIAN_POINT('',(1.277214777184E+03,704.41561872084,
    -25.01605095645));
#1320 = CARTESIAN_POINT('',(1.232189452677E+03,2.1E+03,77.148968409241)
  );
#1321 = CARTESIAN_POINT('',(1.21E+03,-2.1E+03,75.582889794787));
#1322 = CARTESIAN_POINT('',(1.233528095498E+03,-704.4156187208,
    -28.09935269084));
#1323 = CARTESIAN_POINT('',(1.233528095498E+03,704.41561872084,
    -28.09935269084));
#1324 = CARTESIAN_POINT('',(1.21E+03,2.1E+03,75.582889794787));
#1325 = ADVANCED_FACE('',(#1326),#1344,.T.);
#1326 = FACE_BOUND('',#1327,.T.);
#1327 = EDGE_LOOP('',(#1328,#1329,#1330,#1339));
#1328 = ORIENTED_EDGE('',*,*,#1303,.F.);
#1329 = ORIENTED_EDGE('',*,*,#236,.F.);
#1330 = ORIENTED_EDGE('',*,*,#1331,.T.);
#1331 = EDGE_CURVE('',#218,#1332,#1334,.T.);
#1332 = VERTEX_POINT('',#1333);
#1333 = CARTESIAN_POINT('',(1.187810547323E+03,2.1E+03,74.340951450935)
  );
#1334 = ( BOUNDED_CURVE() B_SPLINE_CURVE(3,(#1335,#1336,#1337,#1338),
.UNSPECIFIED.,.F.,.F.) B_SPLINE_CURVE_WITH_KNOTS((4,4),(0.,1.),
.PIECEWISE_BEZIER_KNOTS.) CURVE() GEOMETRIC_REPRESENTATION_ITEM() 
RATIONAL_B_SPLINE_CURVE((1.,1.,1.,1.)) REPRESENTATION_ITEM('') );
#1335 = CARTESIAN_POINT('',(1.187810547323E+03,-2.1E+03,74.340951450935)
  );
#1336 = CARTESIAN_POINT('',(1.189841413812E+03,-704.4156187208,
    -30.54448578586));
#1337 = CARTESIAN_POINT('',(1.189841413812E+03,704.41561872084,
    -30.54448578586));
#1338 = CARTESIAN_POINT('',(1.187810547323E+03,2.1E+03,74.340951450935)
  );
#1339 = ORIENTED_EDGE('',*,*,#1340,.F.);
#1340 = EDGE_CURVE('',#1304,#1332,#1341,.T.);
#1341 = B_SPLINE_CURVE_WITH_KNOTS('',1,(#1342,#1343),.UNSPECIFIED.,.F.,
  .F.,(2,2),(36.,37.),.PIECEWISE_BEZIER_KNOTS.);
#1342 = CARTESIAN_POINT('',(1.21E+03,2.1E+03,75.582889794787));
#1343 = CARTESIAN_POINT('',(1.187810547323E+03,2.1E+03,74.340951450935)
  );
#1344 = ( BOUNDED_SURFACE() B_SPLINE_SURFACE(1,3,(
    (#1345,#1346,#1347,#1348)
    ,(#1349,#1350,#1351,#1352
)),.UNSPECIFIED.,.F.,.F.,.F.) B_SPLINE_SURFACE_WITH_KNOTS((2,2),(4,4),(
    36.,37.),(0.,1.),.PIECEWISE_BEZIER_KNOTS.) 
GEOMETRIC_REPRESENTATION_ITEM() RATIONAL_B_SPLINE_SURFACE((
    (1.,1.,1.,1.)
,(1.,1.,1.,1.))) REPRESENTATION_ITEM('') SURFACE() );
#1345 = CARTESIAN_POINT('',(1.21E+03,-2.1E+03,75.582889794787));
#1346 = CARTESIAN_POINT('',(1.233528095498E+03,-704.4156187208,
    -28.09935269084));
#1347 = CARTESIAN_POINT('',(1.233528095498E+03,704.41561872084,
    -28.09935269084));
#1348 = CARTESIAN_POINT('',(1.21E+03,2.1E+03,75.582889794787));
#1349 = CARTESIAN_POINT('',(1.187810547323E+03,-2.1E+03,74.340951450935)
  );
#1350 = CARTESIAN_POINT('',(1.189841413812E+03,-704.4156187208,
    -30.54448578586));
#1351 = CARTESIAN_POINT('',(1.189841413812E+03,704.41561872084,
    -30.54448578586));
#1352 = CARTESIAN_POINT('',(1.187810547323E+03,2.1E+03,74.340951450935)
  );
#1353 = ADVANCED_FACE('',(#1354),#1372,.T.);
#1354 = FACE_BOUND('',#1355,.T.);
#1355 = EDGE_LOOP('',(#1356,#1357,#1358,#1367));
#1356 = ORIENTED_EDGE('',*,*,#1331,.F.);
#1357 = ORIENTED_EDGE('',*,*,#217,.F.);
#1358 = ORIENTED_EDGE('',*,*,#1359,.T.);
#1359 = EDGE_CURVE('',#187,#1360,#1362,.T.);
#1360 = VERTEX_POINT('',#1361);
#1361 = CARTESIAN_POINT('',(1.166000762333E+03,2.1E+03,73.507757373645)
  );
#1362 = ( BOUNDED_CURVE() B_SPLINE_CURVE(3,(#1363,#1364,#1365,#1366),
.UNSPECIFIED.,.F.,.F.) B_SPLINE_CURVE_WITH_KNOTS((4,4),(0.,1.),
.PIECEWISE_BEZIER_KNOTS.) CURVE() GEOMETRIC_REPRESENTATION_ITEM() 
RATIONAL_B_SPLINE_CURVE((1.,1.,1.,1.)) REPRESENTATION_ITEM('') );
#1363 = CARTESIAN_POINT('',(1.166000762333E+03,-2.1E+03,73.507757373645)
  );
#1364 = CARTESIAN_POINT('',(1.146902223361E+03,-704.4156187208,
    -32.18488156158));
#1365 = CARTESIAN_POINT('',(1.146902223361E+03,704.41561872084,
    -32.18488156158));
#1366 = CARTESIAN_POINT('',(1.166000762333E+03,2.1E+03,73.507757373645)
  );
#1367 = ORIENTED_EDGE('',*,*,#1368,.F.);
#1368 = EDGE_CURVE('',#1332,#1360,#1369,.T.);
#1369 = B_SPLINE_CURVE_WITH_KNOTS('',1,(#1370,#1371),.UNSPECIFIED.,.F.,
  .F.,(2,2),(37.,38.),.PIECEWISE_BEZIER_KNOTS.);
#1370 = CARTESIAN_POINT('',(1.187810547323E+03,2.1E+03,74.340951450935)
  );
#1371 = CARTESIAN_POINT('',(1.166000762333E+03,2.1E+03,73.507757373645)
  );
#1372 = ( BOUNDED_SURFACE() B_SPLINE_SURFACE(1,3,(
    (#1373,#1374,#1375,#1376)
    ,(#1377,#1378,#1379,#1380
)),.UNSPECIFIED.,.F.,.F.,.F.) B_SPLINE_SURFACE_WITH_KNOTS((2,2),(4,4),(
    37.,38.),(0.,1.),.PIECEWISE_BEZIER_KNOTS.) 
GEOMETRIC_REPRESENTATION_ITEM() RATIONAL_B_SPLINE_SURFACE((
    (1.,1.,1.,1.)
,(1.,1.,1.,1.))) REPRESENTATION_ITEM('') SURFACE() );
#1373 = CARTESIAN_POINT('',(1.187810547323E+03,-2.1E+03,74.340951450935)
  );
#1374 = CARTESIAN_POINT('',(1.189841413812E+03,-704.4156187208,
    -30.54448578586));
#1375 = CARTESIAN_POINT('',(1.189841413812E+03,704.41561872084,
    -30.54448578586));
#1376 = CARTESIAN_POINT('',(1.187810547323E+03,2.1E+03,74.340951450935)
  );
#1377 = CARTESIAN_POINT('',(1.166000762333E+03,-2.1E+03,73.507757373645)
  );
#1378 = CARTESIAN_POINT('',(1.146902223361E+03,-704.4156187208,
    -32.18488156158));
#1379 = CARTESIAN_POINT('',(1.146902223361E+03,704.41561872084,
    -32.18488156158));
#1380 = CARTESIAN_POINT('',(1.166000762333E+03,2.1E+03,73.507757373645)
  );
#1381 = ADVANCED_FACE('',(#1382),#1400,.T.);
#1382 = FACE_BOUND('',#1383,.T.);
#1383 = EDGE_LOOP('',(#1384,#1385,#1386,#1395));
#1384 = ORIENTED_EDGE('',*,*,#1359,.F.);
#1385 = ORIENTED_EDGE('',*,*,#186,.F.);
#1386 = ORIENTED_EDGE('',*,*,#1387,.T.);
#1387 = EDGE_CURVE('',#156,#1388,#1390,.T.);
#1388 = VERTEX_POINT('',#1389);
#1389 = CARTESIAN_POINT('',(1.144943816498E+03,2.1E+03,73.15973309135));
#1390 = ( BOUNDED_CURVE() B_SPLINE_CURVE(3,(#1391,#1392,#1393,#1394),
.UNSPECIFIED.,.F.,.F.) B_SPLINE_CURVE_WITH_KNOTS((4,4),(0.,1.),
.PIECEWISE_BEZIER_KNOTS.) CURVE() GEOMETRIC_REPRESENTATION_ITEM() 
RATIONAL_B_SPLINE_CURVE((1.,1.,1.,1.)) REPRESENTATION_ITEM('') );
#1391 = CARTESIAN_POINT('',(1.144943816498E+03,-2.1E+03,73.15973309135)
  );
#1392 = CARTESIAN_POINT('',(1.1054452256E+03,-704.4156187208,
    -32.87007313709));
#1393 = CARTESIAN_POINT('',(1.1054452256E+03,704.41561872084,
    -32.87007313709));
#1394 = CARTESIAN_POINT('',(1.144943816498E+03,2.1E+03,73.15973309135));
#1395 = ORIENTED_EDGE('',*,*,#1396,.F.);
#1396 = EDGE_CURVE('',#1360,#1388,#1397,.T.);
#1397 = B_SPLINE_CURVE_WITH_KNOTS('',1,(#1398,#1399),.UNSPECIFIED.,.F.,
  .F.,(2,2),(38.,39.),.PIECEWISE_BEZIER_KNOTS.);
#1398 = CARTESIAN_POINT('',(1.166000762333E+03,2.1E+03,73.507757373645)
  );
#1399 = CARTESIAN_POINT('',(1.144943816498E+03,2.1E+03,73.15973309135));
#1400 = ( BOUNDED_SURFACE() B_SPLINE_SURFACE(1,3,(
    (#1401,#1402,#1403,#1404)
    ,(#1405,#1406,#1407,#1408
)),.UNSPECIFIED.,.F.,.F.,.F.) B_SPLINE_SURFACE_WITH_KNOTS((2,2),(4,4),(
    38.,39.),(0.,1.),.PIECEWISE_BEZIER_KNOTS.) 
GEOMETRIC_REPRESENTATION_ITEM() RATIONAL_B_SPLINE_SURFACE((
    (1.,1.,1.,1.)
,(1.,1.,1.,1.))) REPRESENTATION_ITEM('') SURFACE() );
#1401 = CARTESIAN_POINT('',(1.166000762333E+03,-2.1E+03,73.507757373645)
  );
#1402 = CARTESIAN_POINT('',(1.146902223361E+03,-704.4156187208,
    -32.18488156158));
#1403 = CARTESIAN_POINT('',(1.146902223361E+03,704.41561872084,
    -32.18488156158));
#1404 = CARTESIAN_POINT('',(1.166000762333E+03,2.1E+03,73.507757373645)
  );
#1405 = CARTESIAN_POINT('',(1.144943816498E+03,-2.1E+03,73.15973309135)
  );
#1406 = CARTESIAN_POINT('',(1.1054452256E+03,-704.4156187208,
    -32.87007313709));
#1407 = CARTESIAN_POINT('',(1.1054452256E+03,704.41561872084,
    -32.87007313709));
#1408 = CARTESIAN_POINT('',(1.144943816498E+03,2.1E+03,73.15973309135));
#1409 = ADVANCED_FACE('',(#1410),#1428,.T.);
#1410 = FACE_BOUND('',#1411,.T.);
#1411 = EDGE_LOOP('',(#1412,#1413,#1414,#1423));
#1412 = ORIENTED_EDGE('',*,*,#1387,.F.);
#1413 = ORIENTED_EDGE('',*,*,#155,.F.);
#1414 = ORIENTED_EDGE('',*,*,#1415,.T.);
#1415 = EDGE_CURVE('',#137,#1416,#1418,.T.);
#1416 = VERTEX_POINT('',#1417);
#1417 = CARTESIAN_POINT('',(1.125E+03,2.1E+03,73.357250474981));
#1418 = ( BOUNDED_CURVE() B_SPLINE_CURVE(3,(#1419,#1420,#1421,#1422),
.UNSPECIFIED.,.F.,.F.) B_SPLINE_CURVE_WITH_KNOTS((4,4),(0.,1.),
.PIECEWISE_BEZIER_KNOTS.) CURVE() GEOMETRIC_REPRESENTATION_ITEM() 
RATIONAL_B_SPLINE_CURVE((1.,1.,1.,1.)) REPRESENTATION_ITEM('') );
#1419 = CARTESIAN_POINT('',(1.125E+03,-2.1E+03,73.357250474981));
#1420 = CARTESIAN_POINT('',(1.066179761255E+03,-704.4156187208,
    -32.4812001355));
#1421 = CARTESIAN_POINT('',(1.066179761255E+03,704.41561872084,
    -32.4812001355));
#1422 = CARTESIAN_POINT('',(1.125E+03,2.1E+03,73.357250474981));
#1423 = ORIENTED_EDGE('',*,*,#1424,.F.);
#1424 = EDGE_CURVE('',#1388,#1416,#1425,.T.);
#1425 = B_SPLINE_CURVE_WITH_KNOTS('',1,(#1426,#1427),.UNSPECIFIED.,.F.,
  .F.,(2,2),(39.,40.),.PIECEWISE_BEZIER_KNOTS.);
#1426 = CARTESIAN_POINT('',(1.144943816498E+03,2.1E+03,73.15973309135));
#1427 = CARTESIAN_POINT('',(1.125E+03,2.1E+03,73.357250474981));
#1428 = ( BOUNDED_SURFACE() B_SPLINE_SURFACE(1,3,(
    (#1429,#1430,#1431,#1432)
    ,(#1433,#1434,#1435,#1436
)),.UNSPECIFIED.,.F.,.F.,.F.) B_SPLINE_SURFACE_WITH_KNOTS((2,2),(4,4),(
    39.,40.),(0.,1.),.PIECEWISE_BEZIER_KNOTS.) 
GEOMETRIC_REPRESENTATION_ITEM() RATIONAL_B_SPLINE_SURFACE((
    (1.,1.,1.,1.)
,(1.,1.,1.,1.))) REPRESENTATION_ITEM('') SURFACE() );
#1429 = CARTESIAN_POINT('',(1.144943816498E+03,-2.1E+03,73.15973309135)
  );
#1430 = CARTESIAN_POINT('',(1.1054452256E+03,-704.4156187208,
    -32.87007313709));
#1431 = CARTESIAN_POINT('',(1.1054452256E+03,704.41561872084,
    -32.87007313709));
#1432 = CARTESIAN_POINT('',(1.144943816498E+03,2.1E+03,73.15973309135));
#1433 = CARTESIAN_POINT('',(1.125E+03,-2.1E+03,73.357250474981));
#1434 = CARTESIAN_POINT('',(1.066179761255E+03,-704.4156187208,
    -32.4812001355));
#1435 = CARTESIAN_POINT('',(1.066179761255E+03,704.41561872084,
    -32.4812001355));
#1436 = CARTESIAN_POINT('',(1.125E+03,2.1E+03,73.357250474981));
#1437 = ADVANCED_FACE('',(#1438),#1456,.T.);
#1438 = FACE_BOUND('',#1439,.T.);
#1439 = EDGE_LOOP('',(#1440,#1441,#1442,#1451));
#1440 = ORIENTED_EDGE('',*,*,#1415,.F.);
#1441 = ORIENTED_EDGE('',*,*,#136,.F.);
#1442 = ORIENTED_EDGE('',*,*,#1443,.T.);
#1443 = EDGE_CURVE('',#124,#1444,#1446,.T.);
#1444 = VERTEX_POINT('',#1445);
#1445 = CARTESIAN_POINT('',(1.106510557069E+03,2.1E+03,74.137177499922)
  );
#1446 = ( BOUNDED_CURVE() B_SPLINE_CURVE(3,(#1447,#1448,#1449,#1450),
.UNSPECIFIED.,.F.,.F.) B_SPLINE_CURVE_WITH_KNOTS((4,4),(0.,1.),
.PIECEWISE_BEZIER_KNOTS.) CURVE() GEOMETRIC_REPRESENTATION_ITEM() 
RATIONAL_B_SPLINE_CURVE((1.,1.,1.,1.)) REPRESENTATION_ITEM('') );
#1447 = CARTESIAN_POINT('',(1.106510557069E+03,-2.1E+03,74.137177499922)
  );
#1448 = CARTESIAN_POINT('',(1.029777673306E+03,-704.4156187208,
    -30.94567674191));
#1449 = CARTESIAN_POINT('',(1.029777673306E+03,704.41561872084,
    -30.94567674191));
#1450 = CARTESIAN_POINT('',(1.106510557069E+03,2.1E+03,74.137177499922)
  );
#1451 = ORIENTED_EDGE('',*,*,#1452,.F.);
#1452 = EDGE_CURVE('',#1416,#1444,#1453,.T.);
#1453 = B_SPLINE_CURVE_WITH_KNOTS('',1,(#1454,#1455),.UNSPECIFIED.,.F.,
  .F.,(2,2),(40.,41.),.PIECEWISE_BEZIER_KNOTS.);
#1454 = CARTESIAN_POINT('',(1.125E+03,2.1E+03,73.357250474981));
#1455 = CARTESIAN_POINT('',(1.106510557069E+03,2.1E+03,74.137177499922)
  );
#1456 = ( BOUNDED_SURFACE() B_SPLINE_SURFACE(1,3,(
    (#1457,#1458,#1459,#1460)
    ,(#1461,#1462,#1463,#1464
)),.UNSPECIFIED.,.F.,.F.,.F.) B_SPLINE_SURFACE_WITH_KNOTS((2,2),(4,4),(
    40.,41.),(0.,1.),.PIECEWISE_BEZIER_KNOTS.) 
GEOMETRIC_REPRESENTATION_ITEM() RATIONAL_B_SPLINE_SURFACE((
    (1.,1.,1.,1.)
,(1.,1.,1.,1.))) REPRESENTATION_ITEM('') SURFACE() );
#1457 = CARTESIAN_POINT('',(1.125E+03,-2.1E+03,73.357250474981));
#1458 = CARTESIAN_POINT('',(1.066179761255E+03,-704.4156187208,
    -32.4812001355));
#1459 = CARTESIAN_POINT('',(1.066179761255E+03,704.41561872084,
    -32.4812001355));
#1460 = CARTESIAN_POINT('',(1.125E+03,2.1E+03,73.357250474981));
#1461 = CARTESIAN_POINT('',(1.106510557069E+03,-2.1E+03,74.137177499922)
  );
#1462 = CARTESIAN_POINT('',(1.029777673306E+03,-704.4156187208,
    -30.94567674191));
#1463 = CARTESIAN_POINT('',(1.029777673306E+03,704.41561872084,
    -30.94567674191));
#1464 = CARTESIAN_POINT('',(1.106510557069E+03,2.1E+03,74.137177499922)
  );
#1465 = ADVANCED_FACE('',(#1466),#1484,.T.);
#1466 = FACE_BOUND('',#1467,.T.);
#1467 = EDGE_LOOP('',(#1468,#1469,#1470,#1479));
#1468 = ORIENTED_EDGE('',*,*,#1443,.F.);
#1469 = ORIENTED_EDGE('',*,*,#123,.F.);
#1470 = ORIENTED_EDGE('',*,*,#1471,.T.);
#1471 = EDGE_CURVE('',#111,#1472,#1474,.T.);
#1472 = VERTEX_POINT('',#1473);
#1473 = CARTESIAN_POINT('',(1.089791847198E+03,2.1E+03,75.507699433192)
  );
#1474 = ( BOUNDED_CURVE() B_SPLINE_CURVE(3,(#1475,#1476,#1477,#1478),
.UNSPECIFIED.,.F.,.F.) B_SPLINE_CURVE_WITH_KNOTS((4,4),(0.,1.),
.PIECEWISE_BEZIER_KNOTS.) CURVE() GEOMETRIC_REPRESENTATION_ITEM() 
RATIONAL_B_SPLINE_CURVE((1.,1.,1.,1.)) REPRESENTATION_ITEM('') );
#1475 = CARTESIAN_POINT('',(1.089791847198E+03,-2.1E+03,75.507699433192)
  );
#1476 = CARTESIAN_POINT('',(996.8618115706,-704.4156187208,
    -28.24738777042));
#1477 = CARTESIAN_POINT('',(996.86181157061,704.41561872084,
    -28.24738777042));
#1478 = CARTESIAN_POINT('',(1.089791847198E+03,2.1E+03,75.507699433192)
  );
#1479 = ORIENTED_EDGE('',*,*,#1480,.F.);
#1480 = EDGE_CURVE('',#1444,#1472,#1481,.T.);
#1481 = B_SPLINE_CURVE_WITH_KNOTS('',1,(#1482,#1483),.UNSPECIFIED.,.F.,
  .F.,(2,2),(41.,42.),.PIECEWISE_BEZIER_KNOTS.);
#1482 = CARTESIAN_POINT('',(1.106510557069E+03,2.1E+03,74.137177499922)
  );
#1483 = CARTESIAN_POINT('',(1.089791847198E+03,2.1E+03,75.507699433192)
  );
#1484 = ( BOUNDED_SURFACE() B_SPLINE_SURFACE(1,3,(
    (#1485,#1486,#1487,#1488)
    ,(#1489,#1490,#1491,#1492
)),.UNSPECIFIED.,.F.,.F.,.F.) B_SPLINE_SURFACE_WITH_KNOTS((2,2),(4,4),(
    41.,42.),(0.,1.),.PIECEWISE_BEZIER_KNOTS.) 
GEOMETRIC_REPRESENTATION_ITEM() RATIONAL_B_SPLINE_SURFACE((
    (1.,1.,1.,1.)
,(1.,1.,1.,1.))) REPRESENTATION_ITEM('') SURFACE() );
#1485 = CARTESIAN_POINT('',(1.106510557069E+03,-2.1E+03,74.137177499922)
  );
#1486 = CARTESIAN_POINT('',(1.029777673306E+03,-704.4156187208,
    -30.94567674191));
#1487 = CARTESIAN_POINT('',(1.029777673306E+03,704.41561872084,
    -30.94567674191));
#1488 = CARTESIAN_POINT('',(1.106510557069E+03,2.1E+03,74.137177499922)
  );
#1489 = CARTESIAN_POINT('',(1.089791847198E+03,-2.1E+03,75.507699433192)
  );
#1490 = CARTESIAN_POINT('',(996.8618115706,-704.4156187208,
    -28.24738777042));
#1491 = CARTESIAN_POINT('',(996.86181157061,704.41561872084,
    -28.24738777042));
#1492 = CARTESIAN_POINT('',(1.089791847198E+03,2.1E+03,75.507699433192)
  );
#1493 = ADVANCED_FACE('',(#1494),#1512,.T.);
#1494 = FACE_BOUND('',#1495,.T.);
#1495 = EDGE_LOOP('',(#1496,#1497,#1498,#1507));
#1496 = ORIENTED_EDGE('',*,*,#1471,.F.);
#1497 = ORIENTED_EDGE('',*,*,#110,.F.);
#1498 = ORIENTED_EDGE('',*,*,#1499,.T.);
#1499 = EDGE_CURVE('',#101,#1500,#1502,.T.);
#1500 = VERTEX_POINT('',#1501);
#1501 = CARTESIAN_POINT('',(1.07512993215E+03,2.1E+03,77.446971563325));
#1502 = ( BOUNDED_CURVE() B_SPLINE_CURVE(3,(#1503,#1504,#1505,#1506),
.UNSPECIFIED.,.F.,.F.) B_SPLINE_CURVE_WITH_KNOTS((4,4),(0.,1.),
.PIECEWISE_BEZIER_KNOTS.) CURVE() GEOMETRIC_REPRESENTATION_ITEM() 
RATIONAL_B_SPLINE_CURVE((1.,1.,1.,1.)) REPRESENTATION_ITEM('') );
#1503 = CARTESIAN_POINT('',(1.07512993215E+03,-2.1E+03,77.446971563325)
  );
#1504 = CARTESIAN_POINT('',(967.99537556983,-704.4156187208,
    -24.42934117486));
#1505 = CARTESIAN_POINT('',(967.99537556983,704.41561872084,
    -24.42934117486));
#1506 = CARTESIAN_POINT('',(1.07512993215E+03,2.1E+03,77.446971563325));
#1507 = ORIENTED_EDGE('',*,*,#1508,.F.);
#1508 = EDGE_CURVE('',#1472,#1500,#1509,.T.);
#1509 = B_SPLINE_CURVE_WITH_KNOTS('',1,(#1510,#1511),.UNSPECIFIED.,.F.,
  .F.,(2,2),(42.,43.),.PIECEWISE_BEZIER_KNOTS.);
#1510 = CARTESIAN_POINT('',(1.089791847198E+03,2.1E+03,75.507699433192)
  );
#1511 = CARTESIAN_POINT('',(1.07512993215E+03,2.1E+03,77.446971563325));
#1512 = ( BOUNDED_SURFACE() B_SPLINE_SURFACE(1,3,(
    (#1513,#1514,#1515,#1516)
    ,(#1517,#1518,#1519,#1520
)),.UNSPECIFIED.,.F.,.F.,.F.) B_SPLINE_SURFACE_WITH_KNOTS((2,2),(4,4),(
    42.,43.),(0.,1.),.PIECEWISE_BEZIER_KNOTS.) 
GEOMETRIC_REPRESENTATION_ITEM() RATIONAL_B_SPLINE_SURFACE((
    (1.,1.,1.,1.)
,(1.,1.,1.,1.))) REPRESENTATION_ITEM('') SURFACE() );
#1513 = CARTESIAN_POINT('',(1.089791847198E+03,-2.1E+03,75.507699433192)
  );
#1514 = CARTESIAN_POINT('',(996.8618115706,-704.4156187208,
    -28.24738777042));
#1515 = CARTESIAN_POINT('',(996.86181157061,704.41561872084,
    -28.24738777042));
#1516 = CARTESIAN_POINT('',(1.089791847198E+03,2.1E+03,75.507699433192)
  );
#1517 = CARTESIAN_POINT('',(1.07512993215E+03,-2.1E+03,77.446971563325)
  );
#1518 = CARTESIAN_POINT('',(967.99537556983,-704.4156187208,
    -24.42934117486));
#1519 = CARTESIAN_POINT('',(967.99537556983,704.41561872084,
    -24.42934117486));
#1520 = CARTESIAN_POINT('',(1.07512993215E+03,2.1E+03,77.446971563325));
#1521 = ADVANCED_FACE('',(#1522),#1540,.T.);
#1522 = FACE_BOUND('',#1523,.T.);
#1523 = EDGE_LOOP('',(#1524,#1525,#1526,#1535));
#1524 = ORIENTED_EDGE('',*,*,#1499,.F.);
#1525 = ORIENTED_EDGE('',*,*,#100,.F.);
#1526 = ORIENTED_EDGE('',*,*,#1527,.T.);
#1527 = EDGE_CURVE('',#91,#1528,#1530,.T.);
#1528 = VERTEX_POINT('',#1529);
#1529 = CARTESIAN_POINT('',(1.062775681357E+03,2.1E+03,79.906443394425)
  );
#1530 = ( BOUNDED_CURVE() B_SPLINE_CURVE(3,(#1531,#1532,#1533,#1534),
.UNSPECIFIED.,.F.,.F.) B_SPLINE_CURVE_WITH_KNOTS((4,4),(0.,1.),
.PIECEWISE_BEZIER_KNOTS.) CURVE() GEOMETRIC_REPRESENTATION_ITEM() 
RATIONAL_B_SPLINE_CURVE((1.,1.,1.,1.)) REPRESENTATION_ITEM('') );
#1531 = CARTESIAN_POINT('',(1.062775681357E+03,-2.1E+03,79.906443394425)
  );
#1532 = CARTESIAN_POINT('',(943.6722780266,-704.4156187208,
    -19.58712336247));
#1533 = CARTESIAN_POINT('',(943.6722780266,704.41561872084,
    -19.58712336247));
#1534 = CARTESIAN_POINT('',(1.062775681357E+03,2.1E+03,79.906443394425)
  );
#1535 = ORIENTED_EDGE('',*,*,#1536,.F.);
#1536 = EDGE_CURVE('',#1500,#1528,#1537,.T.);
#1537 = B_SPLINE_CURVE_WITH_KNOTS('',1,(#1538,#1539),.UNSPECIFIED.,.F.,
  .F.,(2,2),(43.,44.),.PIECEWISE_BEZIER_KNOTS.);
#1538 = CARTESIAN_POINT('',(1.07512993215E+03,2.1E+03,77.446971563325));
#1539 = CARTESIAN_POINT('',(1.062775681357E+03,2.1E+03,79.906443394425)
  );
#1540 = ( BOUNDED_SURFACE() B_SPLINE_SURFACE(1,3,(
    (#1541,#1542,#1543,#1544)
    ,(#1545,#1546,#1547,#1548
)),.UNSPECIFIED.,.F.,.F.,.F.) B_SPLINE_SURFACE_WITH_KNOTS((2,2),(4,4),(
    43.,44.),(0.,1.),.PIECEWISE_BEZIER_KNOTS.) 
GEOMETRIC_REPRESENTATION_ITEM() RATIONAL_B_SPLINE_SURFACE((
    (1.,1.,1.,1.)
,(1.,1.,1.,1.))) REPRESENTATION_ITEM('') SURFACE() );
#1541 = CARTESIAN_POINT('',(1.07512993215E+03,-2.1E+03,77.446971563325)
  );
#1542 = CARTESIAN_POINT('',(967.99537556983,-704.4156187208,
    -24.42934117486));
#1543 = CARTESIAN_POINT('',(967.99537556983,704.41561872084,
    -24.42934117486));
#1544 = CARTESIAN_POINT('',(1.07512993215E+03,2.1E+03,77.446971563325));
#1545 = CARTESIAN_POINT('',(1.062775681357E+03,-2.1E+03,79.906443394425)
  );
#1546 = CARTESIAN_POINT('',(943.6722780266,-704.4156187208,
    -19.58712336247));
#1547 = CARTESIAN_POINT('',(943.6722780266,704.41561872084,
    -19.58712336247));
#1548 = CARTESIAN_POINT('',(1.062775681357E+03,2.1E+03,79.906443394425)
  );
#1549 = ADVANCED_FACE('',(#1550),#1568,.T.);
#1550 = FACE_BOUND('',#1551,.T.);
#1551 = EDGE_LOOP('',(#1552,#1553,#1554,#1563));
#1552 = ORIENTED_EDGE('',*,*,#1527,.F.);
#1553 = ORIENTED_EDGE('',*,*,#90,.F.);
#1554 = ORIENTED_EDGE('',*,*,#1555,.T.);
#1555 = EDGE_CURVE('',#81,#1556,#1558,.T.);
#1556 = VERTEX_POINT('',#1557);
#1557 = CARTESIAN_POINT('',(1.052940479473E+03,2.1E+03,82.81869643226));
#1558 = ( BOUNDED_CURVE() B_SPLINE_CURVE(3,(#1559,#1560,#1561,#1562),
.UNSPECIFIED.,.F.,.F.) B_SPLINE_CURVE_WITH_KNOTS((4,4),(0.,1.),
.PIECEWISE_BEZIER_KNOTS.) CURVE() GEOMETRIC_REPRESENTATION_ITEM() 
RATIONAL_B_SPLINE_CURVE((1.,1.,1.,1.)) REPRESENTATION_ITEM('') );
#1559 = CARTESIAN_POINT('',(1.052940479473E+03,-2.1E+03,82.81869643226)
  );
#1560 = CARTESIAN_POINT('',(924.30869388352,-704.4156187208,
    -13.85346812981));
#1561 = CARTESIAN_POINT('',(924.30869388352,704.41561872084,
    -13.85346812981));
#1562 = CARTESIAN_POINT('',(1.052940479473E+03,2.1E+03,82.81869643226));
#1563 = ORIENTED_EDGE('',*,*,#1564,.F.);
#1564 = EDGE_CURVE('',#1528,#1556,#1565,.T.);
#1565 = B_SPLINE_CURVE_WITH_KNOTS('',1,(#1566,#1567),.UNSPECIFIED.,.F.,
  .F.,(2,2),(44.,45.),.PIECEWISE_BEZIER_KNOTS.);
#1566 = CARTESIAN_POINT('',(1.062775681357E+03,2.1E+03,79.906443394425)
  );
#1567 = CARTESIAN_POINT('',(1.052940479473E+03,2.1E+03,82.81869643226));
#1568 = ( BOUNDED_SURFACE() B_SPLINE_SURFACE(1,3,(
    (#1569,#1570,#1571,#1572)
    ,(#1573,#1574,#1575,#1576
)),.UNSPECIFIED.,.F.,.F.,.F.) B_SPLINE_SURFACE_WITH_KNOTS((2,2),(4,4),(
    44.,45.),(0.,1.),.PIECEWISE_BEZIER_KNOTS.) 
GEOMETRIC_REPRESENTATION_ITEM() RATIONAL_B_SPLINE_SURFACE((
    (1.,1.,1.,1.)
,(1.,1.,1.,1.))) REPRESENTATION_ITEM('') SURFACE() );
#1569 = CARTESIAN_POINT('',(1.062775681357E+03,-2.1E+03,79.906443394425)
  );
#1570 = CARTESIAN_POINT('',(943.6722780266,-704.4156187208,
    -19.58712336247));
#1571 = CARTESIAN_POINT('',(943.6722780266,704.41561872084,
    -19.58712336247));
#1572 = CARTESIAN_POINT('',(1.062775681357E+03,2.1E+03,79.906443394425)
  );
#1573 = CARTESIAN_POINT('',(1.052940479473E+03,-2.1E+03,82.81869643226)
  );
#1574 = CARTESIAN_POINT('',(924.30869388352,-704.4156187208,
    -13.85346812981));
#1575 = CARTESIAN_POINT('',(924.30869388352,704.41561872084,
    -13.85346812981));
#1576 = CARTESIAN_POINT('',(1.052940479473E+03,2.1E+03,82.81869643226));
#1577 = ADVANCED_FACE('',(#1578),#1596,.T.);
#1578 = FACE_BOUND('',#1579,.T.);
#1579 = EDGE_LOOP('',(#1580,#1581,#1582,#1591));
#1580 = ORIENTED_EDGE('',*,*,#1555,.F.);
#1581 = ORIENTED_EDGE('',*,*,#80,.F.);
#1582 = ORIENTED_EDGE('',*,*,#1583,.T.);
#1583 = EDGE_CURVE('',#71,#1584,#1586,.T.);
#1584 = VERTEX_POINT('',#1585);
#1585 = CARTESIAN_POINT('',(1.045792609531E+03,2.1E+03,86.108597998933)
  );
#1586 = ( BOUNDED_CURVE() B_SPLINE_CURVE(3,(#1587,#1588,#1589,#1590),
.UNSPECIFIED.,.F.,.F.) B_SPLINE_CURVE_WITH_KNOTS((4,4),(0.,1.),
.PIECEWISE_BEZIER_KNOTS.) CURVE() GEOMETRIC_REPRESENTATION_ITEM() 
RATIONAL_B_SPLINE_CURVE((1.,1.,1.,1.)) REPRESENTATION_ITEM('') );
#1587 = CARTESIAN_POINT('',(1.045792609531E+03,-2.1E+03,86.108597998933)
  );
#1588 = CARTESIAN_POINT('',(910.23593943388,-704.4156187208,
    -7.376296988549));
#1589 = CARTESIAN_POINT('',(910.23593943389,704.41561872084,
    -7.376296988549));
#1590 = CARTESIAN_POINT('',(1.045792609531E+03,2.1E+03,86.108597998933)
  );
#1591 = ORIENTED_EDGE('',*,*,#1592,.F.);
#1592 = EDGE_CURVE('',#1556,#1584,#1593,.T.);
#1593 = B_SPLINE_CURVE_WITH_KNOTS('',1,(#1594,#1595),.UNSPECIFIED.,.F.,
  .F.,(2,2),(45.,46.),.PIECEWISE_BEZIER_KNOTS.);
#1594 = CARTESIAN_POINT('',(1.052940479473E+03,2.1E+03,82.81869643226));
#1595 = CARTESIAN_POINT('',(1.045792609531E+03,2.1E+03,86.108597998933)
  );
#1596 = ( BOUNDED_SURFACE() B_SPLINE_SURFACE(1,3,(
    (#1597,#1598,#1599,#1600)
    ,(#1601,#1602,#1603,#1604
)),.UNSPECIFIED.,.F.,.F.,.F.) B_SPLINE_SURFACE_WITH_KNOTS((2,2),(4,4),(
    45.,46.),(0.,1.),.PIECEWISE_BEZIER_KNOTS.) 
GEOMETRIC_REPRESENTATION_ITEM() RATIONAL_B_SPLINE_SURFACE((
    (1.,1.,1.,1.)
,(1.,1.,1.,1.))) REPRESENTATION_ITEM('') SURFACE() );
#1597 = CARTESIAN_POINT('',(1.052940479473E+03,-2.1E+03,82.81869643226)
  );
#1598 = CARTESIAN_POINT('',(924.30869388352,-704.4156187208,
    -13.85346812981));
#1599 = CARTESIAN_POINT('',(924.30869388352,704.41561872084,
    -13.85346812981));
#1600 = CARTESIAN_POINT('',(1.052940479473E+03,2.1E+03,82.81869643226));
#1601 = CARTESIAN_POINT('',(1.045792609531E+03,-2.1E+03,86.108597998933)
  );
#1602 = CARTESIAN_POINT('',(910.23593943388,-704.4156187208,
    -7.376296988549));
#1603 = CARTESIAN_POINT('',(910.23593943389,704.41561872084,
    -7.376296988549));
#1604 = CARTESIAN_POINT('',(1.045792609531E+03,2.1E+03,86.108597998933)
  );
#1605 = ADVANCED_FACE('',(#1606),#1624,.T.);
#1606 = FACE_BOUND('',#1607,.T.);
#1607 = EDGE_LOOP('',(#1608,#1609,#1610,#1619));
#1608 = ORIENTED_EDGE('',*,*,#1583,.F.);
#1609 = ORIENTED_EDGE('',*,*,#70,.F.);
#1610 = ORIENTED_EDGE('',*,*,#1611,.T.);
#1611 = EDGE_CURVE('',#61,#1612,#1614,.T.);
#1612 = VERTEX_POINT('',#1613);
#1613 = CARTESIAN_POINT('',(1.041454373566E+03,2.1E+03,89.705748435245)
  );
#1614 = ( BOUNDED_CURVE() B_SPLINE_CURVE(3,(#1615,#1616,#1617,#1618),
.UNSPECIFIED.,.F.,.F.) B_SPLINE_CURVE_WITH_KNOTS((4,4),(0.,1.),
.PIECEWISE_BEZIER_KNOTS.) CURVE() GEOMETRIC_REPRESENTATION_ITEM() 
RATIONAL_B_SPLINE_CURVE((1.,1.,1.,1.)) REPRESENTATION_ITEM('') );
#1615 = CARTESIAN_POINT('',(1.041454373566E+03,-2.1E+03,89.705748435245)
  );
#1616 = CARTESIAN_POINT('',(901.69480340802,-704.4156187208,
    -0.294213064553));
#1617 = CARTESIAN_POINT('',(901.69480340803,704.41561872084,
    -0.294213064553));
#1618 = CARTESIAN_POINT('',(1.041454373566E+03,2.1E+03,89.705748435245)
  );
#1619 = ORIENTED_EDGE('',*,*,#1620,.F.);
#1620 = EDGE_CURVE('',#1584,#1612,#1621,.T.);
#1621 = B_SPLINE_CURVE_WITH_KNOTS('',1,(#1622,#1623),.UNSPECIFIED.,.F.,
  .F.,(2,2),(46.,47.),.PIECEWISE_BEZIER_KNOTS.);
#1622 = CARTESIAN_POINT('',(1.045792609531E+03,2.1E+03,86.108597998933)
  );
#1623 = CARTESIAN_POINT('',(1.041454373566E+03,2.1E+03,89.705748435245)
  );
#1624 = ( BOUNDED_SURFACE() B_SPLINE_SURFACE(1,3,(
    (#1625,#1626,#1627,#1628)
    ,(#1629,#1630,#1631,#1632
)),.UNSPECIFIED.,.F.,.F.,.F.) B_SPLINE_SURFACE_WITH_KNOTS((2,2),(4,4),(
    46.,47.),(0.,1.),.PIECEWISE_BEZIER_KNOTS.) 
GEOMETRIC_REPRESENTATION_ITEM() RATIONAL_B_SPLINE_SURFACE((
    (1.,1.,1.,1.)
,(1.,1.,1.,1.))) REPRESENTATION_ITEM('') SURFACE() );
#1625 = CARTESIAN_POINT('',(1.045792609531E+03,-2.1E+03,86.108597998933)
  );
#1626 = CARTESIAN_POINT('',(910.23593943388,-704.4156187208,
    -7.376296988549));
#1627 = CARTESIAN_POINT('',(910.23593943389,704.41561872084,
    -7.376296988549));
#1628 = CARTESIAN_POINT('',(1.045792609531E+03,2.1E+03,86.108597998933)
  );
#1629 = CARTESIAN_POINT('',(1.041454373566E+03,-2.1E+03,89.705748435245)
  );
#1630 = CARTESIAN_POINT('',(901.69480340802,-704.4156187208,
    -0.294213064553));
#1631 = CARTESIAN_POINT('',(901.69480340803,704.41561872084,
    -0.294213064553));
#1632 = CARTESIAN_POINT('',(1.041454373566E+03,2.1E+03,89.705748435245)
  );
#1633 = ADVANCED_FACE('',(#1634),#1662,.T.);
#1634 = FACE_BOUND('',#1635,.T.);
#1635 = EDGE_LOOP('',(#1636,#1637,#1638,#1648,#1657));
#1636 = ORIENTED_EDGE('',*,*,#1611,.F.);
#1637 = ORIENTED_EDGE('',*,*,#60,.F.);
#1638 = ORIENTED_EDGE('',*,*,#1639,.F.);
#1639 = EDGE_CURVE('',#1640,#46,#1642,.T.);
#1640 = VERTEX_POINT('',#1641);
#1641 = CARTESIAN_POINT('',(935.70558294816,257.09803675446,
    29.82007777497));
#1642 = B_SPLINE_CURVE_WITH_KNOTS('',4,(#1643,#1644,#1645,#1646,#1647),
  .UNSPECIFIED.,.F.,.F.,(5,5),(0.,1.),.PIECEWISE_BEZIER_KNOTS.);
#1643 = CARTESIAN_POINT('',(935.70558294816,257.09803675446,
    29.82007777497));
#1644 = CARTESIAN_POINT('',(936.27011657753,257.35871842219,
    28.336084678186));
#1645 = CARTESIAN_POINT('',(936.83465432835,257.61940416572,
    26.852094969614));
#1646 = CARTESIAN_POINT('',(937.39919620427,257.88009387671,
    25.368108636238));
#1647 = CARTESIAN_POINT('',(937.96374220899,258.14078744517,
    23.884125664782));
#1648 = ORIENTED_EDGE('',*,*,#1649,.T.);
#1649 = EDGE_CURVE('',#1640,#1650,#1652,.T.);
#1650 = VERTEX_POINT('',#1651);
#1651 = CARTESIAN_POINT('',(1.04E+03,2.1E+03,93.555800474981));
#1652 = ( BOUNDED_CURVE() B_SPLINE_CURVE(3,(#1653,#1654,#1655,#1656),
.UNSPECIFIED.,.F.,.F.) B_SPLINE_CURVE_WITH_KNOTS((4,4),(0.,1.),
.PIECEWISE_BEZIER_KNOTS.) CURVE() GEOMETRIC_REPRESENTATION_ITEM() 
RATIONAL_B_SPLINE_CURVE((1.,1.,1.,1.)) REPRESENTATION_ITEM('') );
#1653 = CARTESIAN_POINT('',(1.04E+03,-2.1E+03,93.555800474981));
#1654 = CARTESIAN_POINT('',(898.8314270114,-704.4156187208,
    7.285784530741));
#1655 = CARTESIAN_POINT('',(898.8314270114,704.41561872084,
    7.285784530741));
#1656 = CARTESIAN_POINT('',(1.04E+03,2.1E+03,93.555800474981));
#1657 = ORIENTED_EDGE('',*,*,#1658,.F.);
#1658 = EDGE_CURVE('',#1612,#1650,#1659,.T.);
#1659 = B_SPLINE_CURVE_WITH_KNOTS('',1,(#1660,#1661),.UNSPECIFIED.,.F.,
  .F.,(2,2),(47.,48.),.PIECEWISE_BEZIER_KNOTS.);
#1660 = CARTESIAN_POINT('',(1.041454373566E+03,2.1E+03,89.705748435245)
  );
#1661 = CARTESIAN_POINT('',(1.04E+03,2.1E+03,93.555800474981));
#1662 = ( BOUNDED_SURFACE() B_SPLINE_SURFACE(1,3,(
    (#1663,#1664,#1665,#1666)
    ,(#1667,#1668,#1669,#1670
)),.UNSPECIFIED.,.F.,.F.,.F.) B_SPLINE_SURFACE_WITH_KNOTS((2,2),(4,4),(
    47.,48.),(0.,1.),.PIECEWISE_BEZIER_KNOTS.) 
GEOMETRIC_REPRESENTATION_ITEM() RATIONAL_B_SPLINE_SURFACE((
    (1.,1.,1.,1.)
,(1.,1.,1.,1.))) REPRESENTATION_ITEM('') SURFACE() );
#1663 = CARTESIAN_POINT('',(1.041454373566E+03,-2.1E+03,89.705748435245)
  );
#1664 = CARTESIAN_POINT('',(901.69480340802,-704.4156187208,
    -0.294213064553));
#1665 = CARTESIAN_POINT('',(901.69480340803,704.41561872084,
    -0.294213064553));
#1666 = CARTESIAN_POINT('',(1.041454373566E+03,2.1E+03,89.705748435245)
  );
#1667 = CARTESIAN_POINT('',(1.04E+03,-2.1E+03,93.555800474981));
#1668 = CARTESIAN_POINT('',(898.8314270114,-704.4156187208,
    7.285784530741));
#1669 = CARTESIAN_POINT('',(898.8314270114,704.41561872084,
    7.285784530741));
#1670 = CARTESIAN_POINT('',(1.04E+03,2.1E+03,93.555800474981));
#1671 = ADVANCED_FACE('',(#1672),#1775,.T.);
#1672 = FACE_BOUND('',#1673,.T.);
#1673 = EDGE_LOOP('',(#1674,#1675,#1682,#1697,#1710,#1723,#1733,#1746,
    #1756,#1766,#1774));
#1674 = ORIENTED_EDGE('',*,*,#45,.F.);
#1675 = ORIENTED_EDGE('',*,*,#1676,.T.);
#1676 = EDGE_CURVE('',#39,#1677,#1679,.T.);
#1677 = VERTEX_POINT('',#1678);
#1678 = CARTESIAN_POINT('',(0.,5.795554957734,1.552914270615));
#1679 = B_SPLINE_CURVE_WITH_KNOTS('',1,(#1680,#1681),.UNSPECIFIED.,.F.,
  .F.,(2,2),(1.,2.),.PIECEWISE_BEZIER_KNOTS.);
#1680 = CARTESIAN_POINT('',(0.,5.948669168243,0.78315715332));
#1681 = CARTESIAN_POINT('',(0.,5.795554957734,1.552914270615));
#1682 = ORIENTED_EDGE('',*,*,#1683,.T.);
#1683 = EDGE_CURVE('',#1677,#1684,#1686,.T.);
#1684 = VERTEX_POINT('',#1685);
#1685 = CARTESIAN_POINT('',(1.039682607608E+03,252.38410582109,
    62.281513155675));
#1686 = ( BOUNDED_CURVE() B_SPLINE_CURVE(3,(#1687,#1688,#1689,#1690,
    #1691,#1692,#1693,#1694,#1695,#1696),.UNSPECIFIED.,.F.,.F.) 
B_SPLINE_CURVE_WITH_KNOTS((4,1,1,1,1,1,1,4),(0.,5.937462759188E-02,
    0.169261244735,0.329619903174,0.533683498435,0.722609230536,
0.888013402964,1.),.UNSPECIFIED.) CURVE() GEOMETRIC_REPRESENTATION_ITEM(
) RATIONAL_B_SPLINE_CURVE((1.,1.,1.,1.,1.,1.,1.,1.,1.,1.)) 
REPRESENTATION_ITEM('') );
#1687 = CARTESIAN_POINT('',(0.,5.795554957734,1.552914270615));
#1688 = CARTESIAN_POINT('',(36.384885512757,45.438022904973,
    14.048643174197));
#1689 = CARTESIAN_POINT('',(164.1400044123,147.89980812304,
    45.255428269387));
#1690 = CARTESIAN_POINT('',(476.00449735354,248.66370842598,
    69.690817200386));
#1691 = CARTESIAN_POINT('',(943.3280351607,250.49708399009,
    59.171537108568));
#1692 = CARTESIAN_POINT('',(1.486434771408E+03,259.00799503994,
    66.542228402269));
#1693 = CARTESIAN_POINT('',(2.027682666396E+03,174.00906202621,
    58.273954605955));
#1694 = CARTESIAN_POINT('',(2.477449574318E+03,96.584230983562,
    51.981251082204));
#1695 = CARTESIAN_POINT('',(2.747888780157E+03,82.287300882043,
    49.48935114439));
#1696 = CARTESIAN_POINT('',(2.85E+03,33.807403920117,29.058666578588));
#1697 = ORIENTED_EDGE('',*,*,#1698,.T.);
#1698 = EDGE_CURVE('',#1684,#1699,#1701,.T.);
#1699 = VERTEX_POINT('',#1700);
#1700 = CARTESIAN_POINT('',(1.0210988787E+03,252.50655546379,
    60.758746810096));
#1701 = B_SPLINE_CURVE_WITH_KNOTS('',4,(#1702,#1703,#1704,#1705,#1706,
    #1707,#1708,#1709),.UNSPECIFIED.,.F.,.F.,(5,3,5),(0.,0.505836233973,
    1.),.UNSPECIFIED.);
#1702 = CARTESIAN_POINT('',(1.039682607608E+03,252.38410582109,
    62.281513155675));
#1703 = CARTESIAN_POINT('',(1.037332532349E+03,252.40049728511,
    62.088950742726));
#1704 = CARTESIAN_POINT('',(1.034982454956E+03,252.41655717588,
    61.896386426559));
#1705 = CARTESIAN_POINT('',(1.032632375626E+03,252.43230510254,
    61.703820325289));
#1706 = CARTESIAN_POINT('',(1.027986442941E+03,252.46285960797,
    61.323128399676));
#1707 = CARTESIAN_POINT('',(1.025690589666E+03,252.47767952342,
    61.135002651462));
#1708 = CARTESIAN_POINT('',(1.023394734871E+03,252.4922387116,
    60.946875419219));
#1709 = CARTESIAN_POINT('',(1.0210988787E+03,252.50655546379,
    60.758746810096));
#1710 = ORIENTED_EDGE('',*,*,#1711,.T.);
#1711 = EDGE_CURVE('',#1699,#1712,#1714,.T.);
#1712 = VERTEX_POINT('',#1713);
#1713 = CARTESIAN_POINT('',(995.94047558711,252.8719327865,
    57.432915392044));
#1714 = B_SPLINE_CURVE_WITH_KNOTS('',4,(#1715,#1716,#1717,#1718,#1719,
    #1720,#1721,#1722),.UNSPECIFIED.,.F.,.F.,(5,3,5),(0.,0.501274860128,
    1.),.UNSPECIFIED.);
#1715 = CARTESIAN_POINT('',(1.0210988787E+03,252.50655546379,
    60.758746810096));
#1716 = CARTESIAN_POINT('',(1.017946076049E+03,252.55353116681,
    60.341965601642));
#1717 = CARTESIAN_POINT('',(1.014793267031E+03,252.60004664292,
    59.925181381287));
#1718 = CARTESIAN_POINT('',(1.011640452415E+03,252.64614963014,
    59.508394479091));
#1719 = CARTESIAN_POINT('',(1.005350850142E+03,252.73739355751,
    58.676935945361));
#1720 = CARTESIAN_POINT('',(1.002214062534E+03,252.7825381984,
    58.262264337836));
#1721 = CARTESIAN_POINT('',(999.07727079481,252.8273689028,
    57.847590715243));
#1722 = CARTESIAN_POINT('',(995.94047558711,252.8719327865,
    57.432915392044));
#1723 = ORIENTED_EDGE('',*,*,#1724,.T.);
#1724 = EDGE_CURVE('',#1712,#1725,#1727,.T.);
#1725 = VERTEX_POINT('',#1726);
#1726 = CARTESIAN_POINT('',(974.74488053863,253.41330087705,
    53.21561029937));
#1727 = B_SPLINE_CURVE_WITH_KNOTS('',4,(#1728,#1729,#1730,#1731,#1732),
  .UNSPECIFIED.,.F.,.F.,(5,5),(0.,1.),.PIECEWISE_BEZIER_KNOTS.);
#1728 = CARTESIAN_POINT('',(995.94047558711,252.8719327865,
    57.432915392044));
#1729 = CARTESIAN_POINT('',(990.64159814643,253.00819805183,
    56.378596656235));
#1730 = CARTESIAN_POINT('',(985.34270275522,253.14369456002,
    55.324271508941));
#1731 = CARTESIAN_POINT('',(980.04379506369,253.27865200551,
    54.269942036213));
#1732 = CARTESIAN_POINT('',(974.74488053863,253.41330087705,
    53.21561029937));
#1733 = ORIENTED_EDGE('',*,*,#1734,.T.);
#1734 = EDGE_CURVE('',#1725,#1735,#1737,.T.);
#1735 = VERTEX_POINT('',#1736);
#1736 = CARTESIAN_POINT('',(957.87499178015,254.12325380749,
    48.222658936094));
#1737 = B_SPLINE_CURVE_WITH_KNOTS('',4,(#1738,#1739,#1740,#1741,#1742,
    #1743,#1744,#1745),.UNSPECIFIED.,.F.,.F.,(5,3,5),(0.,0.642078182744,
    1.),.UNSPECIFIED.);
#1738 = CARTESIAN_POINT('',(974.74488053863,253.41330087705,
    53.21561029937));
#1739 = CARTESIAN_POINT('',(972.03693753224,253.52737777581,
    52.414145018562));
#1740 = CARTESIAN_POINT('',(969.32899163401,253.64137267034,
    51.612678837569));
#1741 = CARTESIAN_POINT('',(966.62104403301,253.75531685757,
    50.811212209368));
#1742 = CARTESIAN_POINT('',(962.40356991683,253.93274831147,
    49.562973843036));
#1743 = CARTESIAN_POINT('',(960.89404375687,253.9962488958,
    49.11620210057));
#1744 = CARTESIAN_POINT('',(959.38451764262,254.05974891271,
    48.669430438665));
#1745 = CARTESIAN_POINT('',(957.87499178015,254.12325380749,
    48.222658936094));
#1746 = ORIENTED_EDGE('',*,*,#1747,.T.);
#1747 = EDGE_CURVE('',#1735,#1748,#1750,.T.);
#1748 = VERTEX_POINT('',#1749);
#1749 = CARTESIAN_POINT('',(945.61937114746,254.98592400515,
    42.583088471345));
#1750 = B_SPLINE_CURVE_WITH_KNOTS('',4,(#1751,#1752,#1753,#1754,#1755),
  .UNSPECIFIED.,.F.,.F.,(5,5),(0.,1.),.PIECEWISE_BEZIER_KNOTS.);
#1751 = CARTESIAN_POINT('',(957.87499178015,254.12325380749,
    48.222658936094));
#1752 = CARTESIAN_POINT('',(954.81108127249,254.33884521573,
    46.812763222666));
#1753 = CARTESIAN_POINT('',(951.7471725298,254.55445607965,
    45.402868699769));
#1754 = CARTESIAN_POINT('',(948.68326824887,254.77013329771,
    43.992976676117));
#1755 = CARTESIAN_POINT('',(945.61937114746,254.98592400515,
    42.583088471345));
#1756 = ORIENTED_EDGE('',*,*,#1757,.T.);
#1757 = EDGE_CURVE('',#1748,#1758,#1760,.T.);
#1758 = VERTEX_POINT('',#1759);
#1759 = CARTESIAN_POINT('',(938.18735925644,255.98277733242,
    36.417781212583));
#1760 = B_SPLINE_CURVE_WITH_KNOTS('',4,(#1761,#1762,#1763,#1764,#1765),
  .UNSPECIFIED.,.F.,.F.,(5,5),(0.,1.),.PIECEWISE_BEZIER_KNOTS.);
#1761 = CARTESIAN_POINT('',(945.61937114746,254.98592400515,
    42.583088471345));
#1762 = CARTESIAN_POINT('',(943.76136013949,255.23506206392,
    41.041756615867));
#1763 = CARTESIAN_POINT('',(941.90335388316,255.4842428206,
    39.50042764127));
#1764 = CARTESIAN_POINT('',(940.04535328454,255.7334774867,
    37.959102265792));
#1765 = CARTESIAN_POINT('',(938.18735925644,255.98277733242,
    36.417781212583));
#1766 = ORIENTED_EDGE('',*,*,#1767,.T.);
#1767 = EDGE_CURVE('',#1758,#1640,#1768,.T.);
#1768 = B_SPLINE_CURVE_WITH_KNOTS('',4,(#1769,#1770,#1771,#1772,#1773),
  .UNSPECIFIED.,.F.,.F.,(5,5),(0.,1.),.PIECEWISE_BEZIER_KNOTS.);
#1769 = CARTESIAN_POINT('',(938.18735925644,255.98277733242,
    36.417781212583));
#1770 = CARTESIAN_POINT('',(937.56690856801,256.26157903525,
    34.768353336385));
#1771 = CARTESIAN_POINT('',(936.94646226219,256.54038913579,
    33.118926748833));
#1772 = CARTESIAN_POINT('',(936.32602037636,256.81920818957,
    31.46950153367));
#1773 = CARTESIAN_POINT('',(935.70558294816,257.09803675446,
    29.82007777497));
#1774 = ORIENTED_EDGE('',*,*,#1639,.T.);
#1775 = ( BOUNDED_SURFACE() B_SPLINE_SURFACE(1,3,(
    (#1776,#1777,#1778,#1779,#1780,#1781,#1782,#1783,#1784,#1785)
    ,(#1786,#1787,#1788,#1789,#1790,#1791,#1792,#1793,#1794,#1795
)),.UNSPECIFIED.,.F.,.F.,.F.) B_SPLINE_SURFACE_WITH_KNOTS((2,2),(4,1,1,1
    ,1,1,1,4),(1.,2.),(0.,5.937462759188E-02,0.169261244735,
    0.329619903174,0.533683498435,0.722609230536,0.888013402964,1.),
.UNSPECIFIED.) GEOMETRIC_REPRESENTATION_ITEM() RATIONAL_B_SPLINE_SURFACE
((
    (1.,1.,1.,1.,1.,1.,1.,1.,1.,1.)
,(1.,1.,1.,1.,1.,1.,1.,1.,1.,1.))) REPRESENTATION_ITEM('') SURFACE() );
#1776 = CARTESIAN_POINT('',(0.,5.948669168243,0.78315715332));
#1777 = CARTESIAN_POINT('',(36.384885512757,46.638461353908,
    7.159471659984));
#1778 = CARTESIAN_POINT('',(164.1400044123,151.80721000608,
    23.090451002177));
#1779 = CARTESIAN_POINT('',(476.00449735354,255.23321689849,
    32.467402648436));
#1780 = CARTESIAN_POINT('',(943.3280351607,257.11502886845,
    20.259974308663));
#1781 = CARTESIAN_POINT('',(1.486434771408E+03,265.850791798,
    27.764021547156));
#1782 = CARTESIAN_POINT('',(2.027682666396E+03,178.60625079376,
    31.282241408916));
#1783 = CARTESIAN_POINT('',(2.477449574318E+03,99.135913847844,
    35.736050282757));
#1784 = CARTESIAN_POINT('',(2.747888780157E+03,84.461269587586,
    37.663215181655));
#1785 = CARTESIAN_POINT('',(2.85E+03,34.700570148083,24.568416727702));
#1786 = CARTESIAN_POINT('',(0.,5.795554957734,1.552914270615));
#1787 = CARTESIAN_POINT('',(36.384885512757,45.438022904973,
    14.048643174197));
#1788 = CARTESIAN_POINT('',(164.1400044123,147.89980812304,
    45.255428269387));
#1789 = CARTESIAN_POINT('',(476.00449735354,248.66370842598,
    69.690817200386));
#1790 = CARTESIAN_POINT('',(943.3280351607,250.49708399009,
    59.171537108568));
#1791 = CARTESIAN_POINT('',(1.486434771408E+03,259.00799503994,
    66.542228402269));
#1792 = CARTESIAN_POINT('',(2.027682666396E+03,174.00906202621,
    58.273954605955));
#1793 = CARTESIAN_POINT('',(2.477449574318E+03,96.584230983562,
    51.981251082204));
#1794 = CARTESIAN_POINT('',(2.747888780157E+03,82.287300882043,
    49.48935114439));
#1795 = CARTESIAN_POINT('',(2.85E+03,33.807403920117,29.058666578588));
#1796 = ADVANCED_FACE('',(#1797),#2115,.T.);
#1797 = FACE_BOUND('',#1798,.T.);
#1798 = EDGE_LOOP('',(#1799,#1800,#1801,#1808,#1815,#1822,#1829,#1836,
    #1843,#1850,#1857,#1864,#1871,#1878,#1885,#1892,#1899,#1906,#1913,
    #1920,#1927,#1934,#1941,#1948,#1955,#1962,#1969,#1976,#1983,#1990,
    #1997,#2004,#2011,#2018,#2025,#2032,#2039,#2046,#2053,#2060,#2067,
    #2074,#2081,#2088,#2095,#2102,#2109,#2114));
#1799 = ORIENTED_EDGE('',*,*,#38,.F.);
#1800 = ORIENTED_EDGE('',*,*,#429,.F.);
#1801 = ORIENTED_EDGE('',*,*,#1802,.F.);
#1802 = EDGE_CURVE('',#1803,#430,#1805,.T.);
#1803 = VERTEX_POINT('',#1804);
#1804 = CARTESIAN_POINT('',(0.,5.795554957734,-1.552914270615));
#1805 = B_SPLINE_CURVE_WITH_KNOTS('',1,(#1806,#1807),.UNSPECIFIED.,.F.,
  .F.,(2,2),(46.,47.),.PIECEWISE_BEZIER_KNOTS.);
#1806 = CARTESIAN_POINT('',(0.,5.795554957734,-1.552914270615));
#1807 = CARTESIAN_POINT('',(0.,5.948669168243,-0.78315715332));
#1808 = ORIENTED_EDGE('',*,*,#1809,.F.);
#1809 = EDGE_CURVE('',#1810,#1803,#1812,.T.);
#1810 = VERTEX_POINT('',#1811);
#1811 = CARTESIAN_POINT('',(0.,5.543277195068,-2.296100594191));
#1812 = B_SPLINE_CURVE_WITH_KNOTS('',1,(#1813,#1814),.UNSPECIFIED.,.F.,
  .F.,(2,2),(45.,46.),.PIECEWISE_BEZIER_KNOTS.);
#1813 = CARTESIAN_POINT('',(0.,5.543277195068,-2.296100594191));
#1814 = CARTESIAN_POINT('',(0.,5.795554957734,-1.552914270615));
#1815 = ORIENTED_EDGE('',*,*,#1816,.F.);
#1816 = EDGE_CURVE('',#1817,#1810,#1819,.T.);
#1817 = VERTEX_POINT('',#1818);
#1818 = CARTESIAN_POINT('',(0.,5.196152422707,-3.));
#1819 = B_SPLINE_CURVE_WITH_KNOTS('',1,(#1820,#1821),.UNSPECIFIED.,.F.,
  .F.,(2,2),(44.,45.),.PIECEWISE_BEZIER_KNOTS.);
#1820 = CARTESIAN_POINT('',(0.,5.196152422707,-3.));
#1821 = CARTESIAN_POINT('',(0.,5.543277195068,-2.296100594191));
#1822 = ORIENTED_EDGE('',*,*,#1823,.F.);
#1823 = EDGE_CURVE('',#1824,#1817,#1826,.T.);
#1824 = VERTEX_POINT('',#1825);
#1825 = CARTESIAN_POINT('',(0.,4.760120041747,-3.652568574052));
#1826 = B_SPLINE_CURVE_WITH_KNOTS('',1,(#1827,#1828),.UNSPECIFIED.,.F.,
  .F.,(2,2),(43.,44.),.PIECEWISE_BEZIER_KNOTS.);
#1827 = CARTESIAN_POINT('',(0.,4.760120041747,-3.652568574052));
#1828 = CARTESIAN_POINT('',(0.,5.196152422707,-3.));
#1829 = ORIENTED_EDGE('',*,*,#1830,.F.);
#1830 = EDGE_CURVE('',#1831,#1824,#1833,.T.);
#1831 = VERTEX_POINT('',#1832);
#1832 = CARTESIAN_POINT('',(0.,4.242640687119,-4.242640687119));
#1833 = B_SPLINE_CURVE_WITH_KNOTS('',1,(#1834,#1835),.UNSPECIFIED.,.F.,
  .F.,(2,2),(42.,43.),.PIECEWISE_BEZIER_KNOTS.);
#1834 = CARTESIAN_POINT('',(0.,4.242640687119,-4.242640687119));
#1835 = CARTESIAN_POINT('',(0.,4.760120041747,-3.652568574052));
#1836 = ORIENTED_EDGE('',*,*,#1837,.F.);
#1837 = EDGE_CURVE('',#1838,#1831,#1840,.T.);
#1838 = VERTEX_POINT('',#1839);
#1839 = CARTESIAN_POINT('',(0.,3.652568574052,-4.760120041747));
#1840 = B_SPLINE_CURVE_WITH_KNOTS('',1,(#1841,#1842),.UNSPECIFIED.,.F.,
  .F.,(2,2),(41.,42.),.PIECEWISE_BEZIER_KNOTS.);
#1841 = CARTESIAN_POINT('',(0.,3.652568574052,-4.760120041747));
#1842 = CARTESIAN_POINT('',(0.,4.242640687119,-4.242640687119));
#1843 = ORIENTED_EDGE('',*,*,#1844,.F.);
#1844 = EDGE_CURVE('',#1845,#1838,#1847,.T.);
#1845 = VERTEX_POINT('',#1846);
#1846 = CARTESIAN_POINT('',(0.,3.,-5.196152422707));
#1847 = B_SPLINE_CURVE_WITH_KNOTS('',1,(#1848,#1849),.UNSPECIFIED.,.F.,
  .F.,(2,2),(40.,41.),.PIECEWISE_BEZIER_KNOTS.);
#1848 = CARTESIAN_POINT('',(0.,3.,-5.196152422707));
#1849 = CARTESIAN_POINT('',(0.,3.652568574052,-4.760120041747));
#1850 = ORIENTED_EDGE('',*,*,#1851,.F.);
#1851 = EDGE_CURVE('',#1852,#1845,#1854,.T.);
#1852 = VERTEX_POINT('',#1853);
#1853 = CARTESIAN_POINT('',(0.,2.296100594191,-5.543277195068));
#1854 = B_SPLINE_CURVE_WITH_KNOTS('',1,(#1855,#1856),.UNSPECIFIED.,.F.,
  .F.,(2,2),(39.,40.),.PIECEWISE_BEZIER_KNOTS.);
#1855 = CARTESIAN_POINT('',(0.,2.296100594191,-5.543277195068));
#1856 = CARTESIAN_POINT('',(0.,3.,-5.196152422707));
#1857 = ORIENTED_EDGE('',*,*,#1858,.F.);
#1858 = EDGE_CURVE('',#1859,#1852,#1861,.T.);
#1859 = VERTEX_POINT('',#1860);
#1860 = CARTESIAN_POINT('',(0.,1.552914270615,-5.795554957734));
#1861 = B_SPLINE_CURVE_WITH_KNOTS('',1,(#1862,#1863),.UNSPECIFIED.,.F.,
  .F.,(2,2),(38.,39.),.PIECEWISE_BEZIER_KNOTS.);
#1862 = CARTESIAN_POINT('',(0.,1.552914270615,-5.795554957734));
#1863 = CARTESIAN_POINT('',(0.,2.296100594191,-5.543277195068));
#1864 = ORIENTED_EDGE('',*,*,#1865,.F.);
#1865 = EDGE_CURVE('',#1866,#1859,#1868,.T.);
#1866 = VERTEX_POINT('',#1867);
#1867 = CARTESIAN_POINT('',(0.,0.78315715332,-5.948669168243));
#1868 = B_SPLINE_CURVE_WITH_KNOTS('',1,(#1869,#1870),.UNSPECIFIED.,.F.,
  .F.,(2,2),(37.,38.),.PIECEWISE_BEZIER_KNOTS.);
#1869 = CARTESIAN_POINT('',(0.,0.78315715332,-5.948669168243));
#1870 = CARTESIAN_POINT('',(0.,1.552914270615,-5.795554957734));
#1871 = ORIENTED_EDGE('',*,*,#1872,.F.);
#1872 = EDGE_CURVE('',#1873,#1866,#1875,.T.);
#1873 = VERTEX_POINT('',#1874);
#1874 = CARTESIAN_POINT('',(0.,-1.102182119233E-15,-6.));
#1875 = B_SPLINE_CURVE_WITH_KNOTS('',1,(#1876,#1877),.UNSPECIFIED.,.F.,
  .F.,(2,2),(36.,37.),.PIECEWISE_BEZIER_KNOTS.);
#1876 = CARTESIAN_POINT('',(0.,-1.102182119233E-15,-6.));
#1877 = CARTESIAN_POINT('',(0.,0.78315715332,-5.948669168243));
#1878 = ORIENTED_EDGE('',*,*,#1879,.F.);
#1879 = EDGE_CURVE('',#1880,#1873,#1882,.T.);
#1880 = VERTEX_POINT('',#1881);
#1881 = CARTESIAN_POINT('',(0.,-0.78315715332,-5.948669168243));
#1882 = B_SPLINE_CURVE_WITH_KNOTS('',1,(#1883,#1884),.UNSPECIFIED.,.F.,
  .F.,(2,2),(35.,36.),.PIECEWISE_BEZIER_KNOTS.);
#1883 = CARTESIAN_POINT('',(0.,-0.78315715332,-5.948669168243));
#1884 = CARTESIAN_POINT('',(0.,-1.102182119233E-15,-6.));
#1885 = ORIENTED_EDGE('',*,*,#1886,.F.);
#1886 = EDGE_CURVE('',#1887,#1880,#1889,.T.);
#1887 = VERTEX_POINT('',#1888);
#1888 = CARTESIAN_POINT('',(0.,-1.552914270615,-5.795554957734));
#1889 = B_SPLINE_CURVE_WITH_KNOTS('',1,(#1890,#1891),.UNSPECIFIED.,.F.,
  .F.,(2,2),(34.,35.),.PIECEWISE_BEZIER_KNOTS.);
#1890 = CARTESIAN_POINT('',(0.,-1.552914270615,-5.795554957734));
#1891 = CARTESIAN_POINT('',(0.,-0.78315715332,-5.948669168243));
#1892 = ORIENTED_EDGE('',*,*,#1893,.F.);
#1893 = EDGE_CURVE('',#1894,#1887,#1896,.T.);
#1894 = VERTEX_POINT('',#1895);
#1895 = CARTESIAN_POINT('',(0.,-2.296100594191,-5.543277195068));
#1896 = B_SPLINE_CURVE_WITH_KNOTS('',1,(#1897,#1898),.UNSPECIFIED.,.F.,
  .F.,(2,2),(33.,34.),.PIECEWISE_BEZIER_KNOTS.);
#1897 = CARTESIAN_POINT('',(0.,-2.296100594191,-5.543277195068));
#1898 = CARTESIAN_POINT('',(0.,-1.552914270615,-5.795554957734));
#1899 = ORIENTED_EDGE('',*,*,#1900,.F.);
#1900 = EDGE_CURVE('',#1901,#1894,#1903,.T.);
#1901 = VERTEX_POINT('',#1902);
#1902 = CARTESIAN_POINT('',(0.,-3.,-5.196152422707));
#1903 = B_SPLINE_CURVE_WITH_KNOTS('',1,(#1904,#1905),.UNSPECIFIED.,.F.,
  .F.,(2,2),(32.,33.),.PIECEWISE_BEZIER_KNOTS.);
#1904 = CARTESIAN_POINT('',(0.,-3.,-5.196152422707));
#1905 = CARTESIAN_POINT('',(0.,-2.296100594191,-5.543277195068));
#1906 = ORIENTED_EDGE('',*,*,#1907,.F.);
#1907 = EDGE_CURVE('',#1908,#1901,#1910,.T.);
#1908 = VERTEX_POINT('',#1909);
#1909 = CARTESIAN_POINT('',(0.,-3.652568574052,-4.760120041747));
#1910 = B_SPLINE_CURVE_WITH_KNOTS('',1,(#1911,#1912),.UNSPECIFIED.,.F.,
  .F.,(2,2),(31.,32.),.PIECEWISE_BEZIER_KNOTS.);
#1911 = CARTESIAN_POINT('',(0.,-3.652568574052,-4.760120041747));
#1912 = CARTESIAN_POINT('',(0.,-3.,-5.196152422707));
#1913 = ORIENTED_EDGE('',*,*,#1914,.F.);
#1914 = EDGE_CURVE('',#1915,#1908,#1917,.T.);
#1915 = VERTEX_POINT('',#1916);
#1916 = CARTESIAN_POINT('',(0.,-4.242640687119,-4.242640687119));
#1917 = B_SPLINE_CURVE_WITH_KNOTS('',1,(#1918,#1919),.UNSPECIFIED.,.F.,
  .F.,(2,2),(30.,31.),.PIECEWISE_BEZIER_KNOTS.);
#1918 = CARTESIAN_POINT('',(0.,-4.242640687119,-4.242640687119));
#1919 = CARTESIAN_POINT('',(0.,-3.652568574052,-4.760120041747));
#1920 = ORIENTED_EDGE('',*,*,#1921,.F.);
#1921 = EDGE_CURVE('',#1922,#1915,#1924,.T.);
#1922 = VERTEX_POINT('',#1923);
#1923 = CARTESIAN_POINT('',(0.,-4.760120041747,-3.652568574052));
#1924 = B_SPLINE_CURVE_WITH_KNOTS('',1,(#1925,#1926),.UNSPECIFIED.,.F.,
  .F.,(2,2),(29.,30.),.PIECEWISE_BEZIER_KNOTS.);
#1925 = CARTESIAN_POINT('',(0.,-4.760120041747,-3.652568574052));
#1926 = CARTESIAN_POINT('',(0.,-4.242640687119,-4.242640687119));
#1927 = ORIENTED_EDGE('',*,*,#1928,.F.);
#1928 = EDGE_CURVE('',#1929,#1922,#1931,.T.);
#1929 = VERTEX_POINT('',#1930);
#1930 = CARTESIAN_POINT('',(0.,-5.196152422707,-3.));
#1931 = B_SPLINE_CURVE_WITH_KNOTS('',1,(#1932,#1933),.UNSPECIFIED.,.F.,
  .F.,(2,2),(28.,29.),.PIECEWISE_BEZIER_KNOTS.);
#1932 = CARTESIAN_POINT('',(0.,-5.196152422707,-3.));
#1933 = CARTESIAN_POINT('',(0.,-4.760120041747,-3.652568574052));
#1934 = ORIENTED_EDGE('',*,*,#1935,.F.);
#1935 = EDGE_CURVE('',#1936,#1929,#1938,.T.);
#1936 = VERTEX_POINT('',#1937);
#1937 = CARTESIAN_POINT('',(0.,-5.543277195068,-2.296100594191));
#1938 = B_SPLINE_CURVE_WITH_KNOTS('',1,(#1939,#1940),.UNSPECIFIED.,.F.,
  .F.,(2,2),(27.,28.),.PIECEWISE_BEZIER_KNOTS.);
#1939 = CARTESIAN_POINT('',(0.,-5.543277195068,-2.296100594191));
#1940 = CARTESIAN_POINT('',(0.,-5.196152422707,-3.));
#1941 = ORIENTED_EDGE('',*,*,#1942,.F.);
#1942 = EDGE_CURVE('',#1943,#1936,#1945,.T.);
#1943 = VERTEX_POINT('',#1944);
#1944 = CARTESIAN_POINT('',(0.,-5.795554957734,-1.552914270615));
#1945 = B_SPLINE_CURVE_WITH_KNOTS('',1,(#1946,#1947),.UNSPECIFIED.,.F.,
  .F.,(2,2),(26.,27.),.PIECEWISE_BEZIER_KNOTS.);
#1946 = CARTESIAN_POINT('',(0.,-5.795554957734,-1.552914270615));
#1947 = CARTESIAN_POINT('',(0.,-5.543277195068,-2.296100594191));
#1948 = ORIENTED_EDGE('',*,*,#1949,.F.);
#1949 = EDGE_CURVE('',#1950,#1943,#1952,.T.);
#1950 = VERTEX_POINT('',#1951);
#1951 = CARTESIAN_POINT('',(0.,-5.948669168243,-0.78315715332));
#1952 = B_SPLINE_CURVE_WITH_KNOTS('',1,(#1953,#1954),.UNSPECIFIED.,.F.,
  .F.,(2,2),(25.,26.),.PIECEWISE_BEZIER_KNOTS.);
#1953 = CARTESIAN_POINT('',(0.,-5.948669168243,-0.78315715332));
#1954 = CARTESIAN_POINT('',(0.,-5.795554957734,-1.552914270615));
#1955 = ORIENTED_EDGE('',*,*,#1956,.F.);
#1956 = EDGE_CURVE('',#1957,#1950,#1959,.T.);
#1957 = VERTEX_POINT('',#1958);
#1958 = CARTESIAN_POINT('',(0.,-6.,7.347880794884E-16));
#1959 = B_SPLINE_CURVE_WITH_KNOTS('',1,(#1960,#1961),.UNSPECIFIED.,.F.,
  .F.,(2,2),(24.,25.),.PIECEWISE_BEZIER_KNOTS.);
#1960 = CARTESIAN_POINT('',(0.,-6.,7.347880794884E-16));
#1961 = CARTESIAN_POINT('',(0.,-5.948669168243,-0.78315715332));
#1962 = ORIENTED_EDGE('',*,*,#1963,.F.);
#1963 = EDGE_CURVE('',#1964,#1957,#1966,.T.);
#1964 = VERTEX_POINT('',#1965);
#1965 = CARTESIAN_POINT('',(0.,-5.948669168243,0.78315715332));
#1966 = B_SPLINE_CURVE_WITH_KNOTS('',1,(#1967,#1968),.UNSPECIFIED.,.F.,
  .F.,(2,2),(23.,24.),.PIECEWISE_BEZIER_KNOTS.);
#1967 = CARTESIAN_POINT('',(0.,-5.948669168243,0.78315715332));
#1968 = CARTESIAN_POINT('',(0.,-6.,7.347880794884E-16));
#1969 = ORIENTED_EDGE('',*,*,#1970,.F.);
#1970 = EDGE_CURVE('',#1971,#1964,#1973,.T.);
#1971 = VERTEX_POINT('',#1972);
#1972 = CARTESIAN_POINT('',(0.,-5.795554957734,1.552914270615));
#1973 = B_SPLINE_CURVE_WITH_KNOTS('',1,(#1974,#1975),.UNSPECIFIED.,.F.,
  .F.,(2,2),(22.,23.),.PIECEWISE_BEZIER_KNOTS.);
#1974 = CARTESIAN_POINT('',(0.,-5.795554957734,1.552914270615));
#1975 = CARTESIAN_POINT('',(0.,-5.948669168243,0.78315715332));
#1976 = ORIENTED_EDGE('',*,*,#1977,.F.);
#1977 = EDGE_CURVE('',#1978,#1971,#1980,.T.);
#1978 = VERTEX_POINT('',#1979);
#1979 = CARTESIAN_POINT('',(0.,-5.543277195068,2.296100594191));
#1980 = B_SPLINE_CURVE_WITH_KNOTS('',1,(#1981,#1982),.UNSPECIFIED.,.F.,
  .F.,(2,2),(21.,22.),.PIECEWISE_BEZIER_KNOTS.);
#1981 = CARTESIAN_POINT('',(0.,-5.543277195068,2.296100594191));
#1982 = CARTESIAN_POINT('',(0.,-5.795554957734,1.552914270615));
#1983 = ORIENTED_EDGE('',*,*,#1984,.F.);
#1984 = EDGE_CURVE('',#1985,#1978,#1987,.T.);
#1985 = VERTEX_POINT('',#1986);
#1986 = CARTESIAN_POINT('',(0.,-5.196152422707,3.));
#1987 = B_SPLINE_CURVE_WITH_KNOTS('',1,(#1988,#1989),.UNSPECIFIED.,.F.,
  .F.,(2,2),(20.,21.),.PIECEWISE_BEZIER_KNOTS.);
#1988 = CARTESIAN_POINT('',(0.,-5.196152422707,3.));
#1989 = CARTESIAN_POINT('',(0.,-5.543277195068,2.296100594191));
#1990 = ORIENTED_EDGE('',*,*,#1991,.F.);
#1991 = EDGE_CURVE('',#1992,#1985,#1994,.T.);
#1992 = VERTEX_POINT('',#1993);
#1993 = CARTESIAN_POINT('',(0.,-4.760120041747,3.652568574052));
#1994 = B_SPLINE_CURVE_WITH_KNOTS('',1,(#1995,#1996),.UNSPECIFIED.,.F.,
  .F.,(2,2),(19.,20.),.PIECEWISE_BEZIER_KNOTS.);
#1995 = CARTESIAN_POINT('',(0.,-4.760120041747,3.652568574052));
#1996 = CARTESIAN_POINT('',(0.,-5.196152422707,3.));
#1997 = ORIENTED_EDGE('',*,*,#1998,.F.);
#1998 = EDGE_CURVE('',#1999,#1992,#2001,.T.);
#1999 = VERTEX_POINT('',#2000);
#2000 = CARTESIAN_POINT('',(0.,-4.242640687119,4.242640687119));
#2001 = B_SPLINE_CURVE_WITH_KNOTS('',1,(#2002,#2003),.UNSPECIFIED.,.F.,
  .F.,(2,2),(18.,19.),.PIECEWISE_BEZIER_KNOTS.);
#2002 = CARTESIAN_POINT('',(0.,-4.242640687119,4.242640687119));
#2003 = CARTESIAN_POINT('',(0.,-4.760120041747,3.652568574052));
#2004 = ORIENTED_EDGE('',*,*,#2005,.F.);
#2005 = EDGE_CURVE('',#2006,#1999,#2008,.T.);
#2006 = VERTEX_POINT('',#2007);
#2007 = CARTESIAN_POINT('',(0.,-3.652568574052,4.760120041747));
#2008 = B_SPLINE_CURVE_WITH_KNOTS('',1,(#2009,#2010),.UNSPECIFIED.,.F.,
  .F.,(2,2),(17.,18.),.PIECEWISE_BEZIER_KNOTS.);
#2009 = CARTESIAN_POINT('',(0.,-3.652568574052,4.760120041747));
#2010 = CARTESIAN_POINT('',(0.,-4.242640687119,4.242640687119));
#2011 = ORIENTED_EDGE('',*,*,#2012,.F.);
#2012 = EDGE_CURVE('',#2013,#2006,#2015,.T.);
#2013 = VERTEX_POINT('',#2014);
#2014 = CARTESIAN_POINT('',(0.,-3.,5.196152422707));
#2015 = B_SPLINE_CURVE_WITH_KNOTS('',1,(#2016,#2017),.UNSPECIFIED.,.F.,
  .F.,(2,2),(16.,17.),.PIECEWISE_BEZIER_KNOTS.);
#2016 = CARTESIAN_POINT('',(0.,-3.,5.196152422707));
#2017 = CARTESIAN_POINT('',(0.,-3.652568574052,4.760120041747));
#2018 = ORIENTED_EDGE('',*,*,#2019,.F.);
#2019 = EDGE_CURVE('',#2020,#2013,#2022,.T.);
#2020 = VERTEX_POINT('',#2021);
#2021 = CARTESIAN_POINT('',(0.,-2.296100594191,5.543277195068));
#2022 = B_SPLINE_CURVE_WITH_KNOTS('',1,(#2023,#2024),.UNSPECIFIED.,.F.,
  .F.,(2,2),(15.,16.),.PIECEWISE_BEZIER_KNOTS.);
#2023 = CARTESIAN_POINT('',(0.,-2.296100594191,5.543277195068));
#2024 = CARTESIAN_POINT('',(0.,-3.,5.196152422707));
#2025 = ORIENTED_EDGE('',*,*,#2026,.F.);
#2026 = EDGE_CURVE('',#2027,#2020,#2029,.T.);
#2027 = VERTEX_POINT('',#2028);
#2028 = CARTESIAN_POINT('',(0.,-1.552914270615,5.795554957734));
#2029 = B_SPLINE_CURVE_WITH_KNOTS('',1,(#2030,#2031),.UNSPECIFIED.,.F.,
  .F.,(2,2),(14.,15.),.PIECEWISE_BEZIER_KNOTS.);
#2030 = CARTESIAN_POINT('',(0.,-1.552914270615,5.795554957734));
#2031 = CARTESIAN_POINT('',(0.,-2.296100594191,5.543277195068));
#2032 = ORIENTED_EDGE('',*,*,#2033,.F.);
#2033 = EDGE_CURVE('',#2034,#2027,#2036,.T.);
#2034 = VERTEX_POINT('',#2035);
#2035 = CARTESIAN_POINT('',(0.,-0.78315715332,5.948669168243));
#2036 = B_SPLINE_CURVE_WITH_KNOTS('',1,(#2037,#2038),.UNSPECIFIED.,.F.,
  .F.,(2,2),(13.,14.),.PIECEWISE_BEZIER_KNOTS.);
#2037 = CARTESIAN_POINT('',(0.,-0.78315715332,5.948669168243));
#2038 = CARTESIAN_POINT('',(0.,-1.552914270615,5.795554957734));
#2039 = ORIENTED_EDGE('',*,*,#2040,.F.);
#2040 = EDGE_CURVE('',#2041,#2034,#2043,.T.);
#2041 = VERTEX_POINT('',#2042);
#2042 = CARTESIAN_POINT('',(0.,3.673940397442E-16,6.));
#2043 = B_SPLINE_CURVE_WITH_KNOTS('',1,(#2044,#2045),.UNSPECIFIED.,.F.,
  .F.,(2,2),(12.,13.),.PIECEWISE_BEZIER_KNOTS.);
#2044 = CARTESIAN_POINT('',(0.,3.673940397442E-16,6.));
#2045 = CARTESIAN_POINT('',(0.,-0.78315715332,5.948669168243));
#2046 = ORIENTED_EDGE('',*,*,#2047,.F.);
#2047 = EDGE_CURVE('',#2048,#2041,#2050,.T.);
#2048 = VERTEX_POINT('',#2049);
#2049 = CARTESIAN_POINT('',(0.,0.78315715332,5.948669168243));
#2050 = B_SPLINE_CURVE_WITH_KNOTS('',1,(#2051,#2052),.UNSPECIFIED.,.F.,
  .F.,(2,2),(11.,12.),.PIECEWISE_BEZIER_KNOTS.);
#2051 = CARTESIAN_POINT('',(0.,0.78315715332,5.948669168243));
#2052 = CARTESIAN_POINT('',(0.,3.673940397442E-16,6.));
#2053 = ORIENTED_EDGE('',*,*,#2054,.F.);
#2054 = EDGE_CURVE('',#2055,#2048,#2057,.T.);
#2055 = VERTEX_POINT('',#2056);
#2056 = CARTESIAN_POINT('',(0.,1.552914270615,5.795554957734));
#2057 = B_SPLINE_CURVE_WITH_KNOTS('',1,(#2058,#2059),.UNSPECIFIED.,.F.,
  .F.,(2,2),(10.,11.),.PIECEWISE_BEZIER_KNOTS.);
#2058 = CARTESIAN_POINT('',(0.,1.552914270615,5.795554957734));
#2059 = CARTESIAN_POINT('',(0.,0.78315715332,5.948669168243));
#2060 = ORIENTED_EDGE('',*,*,#2061,.F.);
#2061 = EDGE_CURVE('',#2062,#2055,#2064,.T.);
#2062 = VERTEX_POINT('',#2063);
#2063 = CARTESIAN_POINT('',(0.,2.296100594191,5.543277195068));
#2064 = B_SPLINE_CURVE_WITH_KNOTS('',1,(#2065,#2066),.UNSPECIFIED.,.F.,
  .F.,(2,2),(9.,10.),.PIECEWISE_BEZIER_KNOTS.);
#2065 = CARTESIAN_POINT('',(0.,2.296100594191,5.543277195068));
#2066 = CARTESIAN_POINT('',(0.,1.552914270615,5.795554957734));
#2067 = ORIENTED_EDGE('',*,*,#2068,.F.);
#2068 = EDGE_CURVE('',#2069,#2062,#2071,.T.);
#2069 = VERTEX_POINT('',#2070);
#2070 = CARTESIAN_POINT('',(0.,3.,5.196152422707));
#2071 = B_SPLINE_CURVE_WITH_KNOTS('',1,(#2072,#2073),.UNSPECIFIED.,.F.,
  .F.,(2,2),(8.,9.),.PIECEWISE_BEZIER_KNOTS.);
#2072 = CARTESIAN_POINT('',(0.,3.,5.196152422707));
#2073 = CARTESIAN_POINT('',(0.,2.296100594191,5.543277195068));
#2074 = ORIENTED_EDGE('',*,*,#2075,.F.);
#2075 = EDGE_CURVE('',#2076,#2069,#2078,.T.);
#2076 = VERTEX_POINT('',#2077);
#2077 = CARTESIAN_POINT('',(0.,3.652568574052,4.760120041747));
#2078 = B_SPLINE_CURVE_WITH_KNOTS('',1,(#2079,#2080),.UNSPECIFIED.,.F.,
  .F.,(2,2),(7.,8.),.PIECEWISE_BEZIER_KNOTS.);
#2079 = CARTESIAN_POINT('',(0.,3.652568574052,4.760120041747));
#2080 = CARTESIAN_POINT('',(0.,3.,5.196152422707));
#2081 = ORIENTED_EDGE('',*,*,#2082,.F.);
#2082 = EDGE_CURVE('',#2083,#2076,#2085,.T.);
#2083 = VERTEX_POINT('',#2084);
#2084 = CARTESIAN_POINT('',(0.,4.242640687119,4.242640687119));
#2085 = B_SPLINE_CURVE_WITH_KNOTS('',1,(#2086,#2087),.UNSPECIFIED.,.F.,
  .F.,(2,2),(6.,7.),.PIECEWISE_BEZIER_KNOTS.);
#2086 = CARTESIAN_POINT('',(0.,4.242640687119,4.242640687119));
#2087 = CARTESIAN_POINT('',(0.,3.652568574052,4.760120041747));
#2088 = ORIENTED_EDGE('',*,*,#2089,.F.);
#2089 = EDGE_CURVE('',#2090,#2083,#2092,.T.);
#2090 = VERTEX_POINT('',#2091);
#2091 = CARTESIAN_POINT('',(0.,4.760120041747,3.652568574052));
#2092 = B_SPLINE_CURVE_WITH_KNOTS('',1,(#2093,#2094),.UNSPECIFIED.,.F.,
  .F.,(2,2),(5.,6.),.PIECEWISE_BEZIER_KNOTS.);
#2093 = CARTESIAN_POINT('',(0.,4.760120041747,3.652568574052));
#2094 = CARTESIAN_POINT('',(0.,4.242640687119,4.242640687119));
#2095 = ORIENTED_EDGE('',*,*,#2096,.F.);
#2096 = EDGE_CURVE('',#2097,#2090,#2099,.T.);
#2097 = VERTEX_POINT('',#2098);
#2098 = CARTESIAN_POINT('',(0.,5.196152422707,3.));
#2099 = B_SPLINE_CURVE_WITH_KNOTS('',1,(#2100,#2101),.UNSPECIFIED.,.F.,
  .F.,(2,2),(4.,5.),.PIECEWISE_BEZIER_KNOTS.);
#2100 = CARTESIAN_POINT('',(0.,5.196152422707,3.));
#2101 = CARTESIAN_POINT('',(0.,4.760120041747,3.652568574052));
#2102 = ORIENTED_EDGE('',*,*,#2103,.F.);
#2103 = EDGE_CURVE('',#2104,#2097,#2106,.T.);
#2104 = VERTEX_POINT('',#2105);
#2105 = CARTESIAN_POINT('',(0.,5.543277195068,2.296100594191));
#2106 = B_SPLINE_CURVE_WITH_KNOTS('',1,(#2107,#2108),.UNSPECIFIED.,.F.,
  .F.,(2,2),(3.,4.),.PIECEWISE_BEZIER_KNOTS.);
#2107 = CARTESIAN_POINT('',(0.,5.543277195068,2.296100594191));
#2108 = CARTESIAN_POINT('',(0.,5.196152422707,3.));
#2109 = ORIENTED_EDGE('',*,*,#2110,.F.);
#2110 = EDGE_CURVE('',#1677,#2104,#2111,.T.);
#2111 = B_SPLINE_CURVE_WITH_KNOTS('',1,(#2112,#2113),.UNSPECIFIED.,.F.,
  .F.,(2,2),(2.,3.),.PIECEWISE_BEZIER_KNOTS.);
#2112 = CARTESIAN_POINT('',(0.,5.795554957734,1.552914270615));
#2113 = CARTESIAN_POINT('',(0.,5.543277195068,2.296100594191));
#2114 = ORIENTED_EDGE('',*,*,#1676,.F.);
#2115 = PLANE('',#2116);
#2116 = AXIS2_PLACEMENT_3D('',#2117,#2118,#2119);
#2117 = CARTESIAN_POINT('',(0.,6.,0.));
#2118 = DIRECTION('',(-1.,0.,0.));
#2119 = DIRECTION('',(0.,-1.,6.123233995737E-17));
#2120 = ADVANCED_FACE('',(#2121),#2139,.T.);
#2121 = FACE_BOUND('',#2122,.T.);
#2122 = EDGE_LOOP('',(#2123,#2124,#2125,#2126));
#2123 = ORIENTED_EDGE('',*,*,#1802,.T.);
#2124 = ORIENTED_EDGE('',*,*,#444,.T.);
#2125 = ORIENTED_EDGE('',*,*,#797,.F.);
#2126 = ORIENTED_EDGE('',*,*,#2127,.F.);
#2127 = EDGE_CURVE('',#1803,#791,#2128,.T.);
#2128 = ( BOUNDED_CURVE() B_SPLINE_CURVE(3,(#2129,#2130,#2131,#2132,
    #2133,#2134,#2135,#2136,#2137,#2138),.UNSPECIFIED.,.F.,.F.) 
B_SPLINE_CURVE_WITH_KNOTS((4,1,1,1,1,1,1,4),(0.,5.937462759188E-02,
    0.169261244735,0.329619903174,0.533683498435,0.722609230536,
0.888013402964,1.),.UNSPECIFIED.) CURVE() GEOMETRIC_REPRESENTATION_ITEM(
) RATIONAL_B_SPLINE_CURVE((1.,1.,1.,1.,1.,1.,1.,1.,1.,1.)) 
REPRESENTATION_ITEM('') );
#2129 = CARTESIAN_POINT('',(0.,5.795554957734,-1.552914270615));
#2130 = CARTESIAN_POINT('',(36.384885512757,45.438022904974,
    -13.74789814193));
#2131 = CARTESIAN_POINT('',(164.1400044123,147.89980812304,
    -44.17618264464));
#2132 = CARTESIAN_POINT('',(476.00449735354,248.66370842598,
    -80.49882147912));
#2133 = CARTESIAN_POINT('',(943.3280351607,250.49708399009,
    -97.82946958889));
#2134 = CARTESIAN_POINT('',(1.486434771408E+03,259.00799503994,
    -89.92071155936));
#2135 = CARTESIAN_POINT('',(2.027682666396E+03,174.00906202621,
    -50.63264897138));
#2136 = CARTESIAN_POINT('',(2.477449574318E+03,96.584230983564,
    -13.5651494217));
#2137 = CARTESIAN_POINT('',(2.747888780157E+03,82.287300882041,
    1.773065344255));
#2138 = CARTESIAN_POINT('',(2.85E+03,33.807403920117,10.941333421412));
#2139 = ( BOUNDED_SURFACE() B_SPLINE_SURFACE(1,3,(
    (#2140,#2141,#2142,#2143,#2144,#2145,#2146,#2147,#2148,#2149)
    ,(#2150,#2151,#2152,#2153,#2154,#2155,#2156,#2157,#2158,#2159
)),.UNSPECIFIED.,.F.,.F.,.F.) B_SPLINE_SURFACE_WITH_KNOTS((2,2),(4,1,1,1
    ,1,1,1,4),(46.,47.),(0.,5.937462759188E-02,0.169261244735,
    0.329619903174,0.533683498435,0.722609230536,0.888013402964,1.),
.UNSPECIFIED.) GEOMETRIC_REPRESENTATION_ITEM() RATIONAL_B_SPLINE_SURFACE
((
    (1.,1.,1.,1.,1.,1.,1.,1.,1.,1.)
,(1.,1.,1.,1.,1.,1.,1.,1.,1.,1.))) REPRESENTATION_ITEM('') SURFACE() );
#2140 = CARTESIAN_POINT('',(0.,5.795554957734,-1.552914270615));
#2141 = CARTESIAN_POINT('',(36.384885512757,45.438022904974,
    -13.74789814193));
#2142 = CARTESIAN_POINT('',(164.1400044123,147.89980812304,
    -44.17618264464));
#2143 = CARTESIAN_POINT('',(476.00449735354,248.66370842598,
    -80.49882147912));
#2144 = CARTESIAN_POINT('',(943.3280351607,250.49708399009,
    -97.82946958889));
#2145 = CARTESIAN_POINT('',(1.486434771408E+03,259.00799503994,
    -89.92071155936));
#2146 = CARTESIAN_POINT('',(2.027682666396E+03,174.00906202621,
    -50.63264897138));
#2147 = CARTESIAN_POINT('',(2.477449574318E+03,96.584230983564,
    -13.5651494217));
#2148 = CARTESIAN_POINT('',(2.747888780157E+03,82.287300882041,
    1.773065344255));
#2149 = CARTESIAN_POINT('',(2.85E+03,33.807403920117,10.941333421412));
#2150 = CARTESIAN_POINT('',(0.,5.948669168243,-0.78315715332));
#2151 = CARTESIAN_POINT('',(36.384885512757,46.638461353908,
    -6.858726627725));
#2152 = CARTESIAN_POINT('',(164.1400044123,151.80721000608,
    -22.01120537743));
#2153 = CARTESIAN_POINT('',(476.00449735354,255.23321689849,
    -43.27540692717));
#2154 = CARTESIAN_POINT('',(943.3280351607,257.11502886845,
    -58.91790678898));
#2155 = CARTESIAN_POINT('',(1.486434771408E+03,265.850791798,
    -51.14250470425));
#2156 = CARTESIAN_POINT('',(2.027682666396E+03,178.60625079376,
    -23.64093577434));
#2157 = CARTESIAN_POINT('',(2.477449574318E+03,99.135913847844,
    2.680051377741));
#2158 = CARTESIAN_POINT('',(2.747888780157E+03,84.461269587586,
    13.599201306988));
#2159 = CARTESIAN_POINT('',(2.85E+03,34.700570148083,15.431583272298));
#2160 = ADVANCED_FACE('',(#2161),#2509,.T.);
#2161 = FACE_BOUND('',#2162,.T.);
#2162 = EDGE_LOOP('',(#2163,#2164,#2165,#2180,#2193,#2206,#2225,#2244,
    #2275,#2294,#2325,#2356,#2387,#2406,#2419,#2420,#2421,#2431,#2444,
    #2463,#2482,#2501));
#2163 = ORIENTED_EDGE('',*,*,#1683,.F.);
#2164 = ORIENTED_EDGE('',*,*,#2110,.T.);
#2165 = ORIENTED_EDGE('',*,*,#2166,.T.);
#2166 = EDGE_CURVE('',#2104,#2167,#2169,.T.);
#2167 = VERTEX_POINT('',#2168);
#2168 = CARTESIAN_POINT('',(2.19743898435E+03,138.44387254624,
    78.057706325745));
#2169 = ( BOUNDED_CURVE() B_SPLINE_CURVE(3,(#2170,#2171,#2172,#2173,
    #2174,#2175,#2176,#2177,#2178,#2179),.UNSPECIFIED.,.F.,.F.) 
B_SPLINE_CURVE_WITH_KNOTS((4,1,1,1,1,1,1,4),(0.,5.937462759188E-02,
    0.169261244735,0.329619903174,0.533683498435,0.722609230536,
0.888013402964,1.),.UNSPECIFIED.) CURVE() GEOMETRIC_REPRESENTATION_ITEM(
) RATIONAL_B_SPLINE_CURVE((1.,1.,1.,1.,1.,1.,1.,1.,1.,1.)) 
REPRESENTATION_ITEM('') );
#2170 = CARTESIAN_POINT('',(0.,5.543277195068,2.296100594191));
#2171 = CARTESIAN_POINT('',(36.384885512757,43.460127286338,
    20.700011424122));
#2172 = CARTESIAN_POINT('',(164.1400044123,141.46179951744,
    66.655305707664));
#2173 = CARTESIAN_POINT('',(476.00449735354,237.83949495969,
    105.62933857321));
#2174 = CARTESIAN_POINT('',(943.3280351607,239.59306455374,
    96.739934531726));
#2175 = CARTESIAN_POINT('',(1.486434771408E+03,247.73349967617,
    103.98187311614));
#2176 = CARTESIAN_POINT('',(2.027682666396E+03,166.43452996296,
    84.333956712082));
#2177 = CARTESIAN_POINT('',(2.477449574318E+03,92.37996514895,
    67.665693338893));
#2178 = CARTESIAN_POINT('',(2.747888780157E+03,78.70537364405,
    60.907267667376));
#2179 = CARTESIAN_POINT('',(2.85E+03,32.335783637895,33.393920132778));
#2180 = ORIENTED_EDGE('',*,*,#2181,.T.);
#2181 = EDGE_CURVE('',#2167,#2182,#2184,.T.);
#2182 = VERTEX_POINT('',#2183);
#2183 = CARTESIAN_POINT('',(2.206171922844E+03,138.24687935952,
    73.690414525678));
#2184 = B_SPLINE_CURVE_WITH_KNOTS('',4,(#2185,#2186,#2187,#2188,#2189,
    #2190,#2191,#2192),.UNSPECIFIED.,.F.,.F.,(5,3,5),(0.,0.50155828611,
    1.),.UNSPECIFIED.);
#2185 = CARTESIAN_POINT('',(2.19743898435E+03,138.44387254624,
    78.057706325745));
#2186 = CARTESIAN_POINT('',(2.19853400178E+03,138.4189694971,
    77.510090951473));
#2187 = CARTESIAN_POINT('',(2.199629019816E+03,138.3941306635,
    76.962476398794));
#2188 = CARTESIAN_POINT('',(2.200724038502E+03,138.36935857631,
    76.414862684794));
#2189 = CARTESIAN_POINT('',(2.202907273052E+03,138.3201065036,
    75.323039715217));
#2190 = CARTESIAN_POINT('',(2.203995488908E+03,138.29562565952,
    74.778830449009));
#2191 = CARTESIAN_POINT('',(2.205083705491E+03,138.27121576718,
    74.234622046386));
#2192 = CARTESIAN_POINT('',(2.206171922844E+03,138.24687935952,
    73.690414525678));
#2193 = ORIENTED_EDGE('',*,*,#2194,.T.);
#2194 = EDGE_CURVE('',#2182,#2195,#2197,.T.);
#2195 = VERTEX_POINT('',#2196);
#2196 = CARTESIAN_POINT('',(2.223697167621E+03,136.6927373924,
    69.045052518406));
#2197 = B_SPLINE_CURVE_WITH_KNOTS('',4,(#2198,#2199,#2200,#2201,#2202,
    #2203,#2204,#2205),.UNSPECIFIED.,.F.,.F.,(5,3,5),(0.,0.499866541064,
    1.),.UNSPECIFIED.);
#2198 = CARTESIAN_POINT('',(2.206171922844E+03,138.24687935952,
    73.690414525678));
#2199 = CARTESIAN_POINT('',(2.208361885949E+03,138.0514090221,
    73.109904987094));
#2200 = CARTESIAN_POINT('',(2.210551882922E+03,137.85633033276,
    72.529393872399));
#2201 = CARTESIAN_POINT('',(2.212741915305E+03,137.66166296985,
    71.948880932755));
#2202 = CARTESIAN_POINT('',(2.217123223388E+03,137.2730869655,
    70.787540927774));
#2203 = CARTESIAN_POINT('',(2.219314499128E+03,137.07917878506,
    70.206713860266));
#2204 = CARTESIAN_POINT('',(2.22150581337E+03,136.88572221041,
    69.62588447185));
#2205 = CARTESIAN_POINT('',(2.223697167621E+03,136.6927373924,
    69.045052518406));
#2206 = ORIENTED_EDGE('',*,*,#2207,.T.);
#2207 = EDGE_CURVE('',#2195,#2208,#2210,.T.);
#2208 = VERTEX_POINT('',#2209);
#2209 = CARTESIAN_POINT('',(2.247491309572E+03,133.88535089218,
    65.331104265585));
#2210 = B_SPLINE_CURVE_WITH_KNOTS('',4,(#2211,#2212,#2213,#2214,#2215,
    #2216,#2217,#2218,#2219,#2220,#2221,#2222,#2223,#2224),
  .UNSPECIFIED.,.F.,.F.,(5,3,3,3,5),(0.,0.250364704324,0.500250901984,
    0.75020660762,1.),.UNSPECIFIED.);
#2211 = CARTESIAN_POINT('',(2.223697167621E+03,136.6927373924,
    69.045052518406));
#2212 = CARTESIAN_POINT('',(2.225186292296E+03,136.51550533538,
    68.812596162932));
#2213 = CARTESIAN_POINT('',(2.226675445064E+03,136.33850967645,
    68.580139322676));
#2214 = CARTESIAN_POINT('',(2.22816462658E+03,136.16175653642,
    68.347681926582));
#2215 = CARTESIAN_POINT('',(2.231140202167E+03,135.80908493539,
    67.883210163835));
#2216 = CARTESIAN_POINT('',(2.232626596125E+03,135.63316552482,
    67.651195799578));
#2217 = CARTESIAN_POINT('',(2.23411302001E+03,135.45749994748,
    67.419180740675));
#2218 = CARTESIAN_POINT('',(2.237086342384E+03,135.10663995643,
    66.955084556245));
#2219 = CARTESIAN_POINT('',(2.238573240889E+03,134.9314456874,
    66.723003430295));
#2220 = CARTESIAN_POINT('',(2.240060170616E+03,134.75651768913,
    66.490921469063));
#2221 = CARTESIAN_POINT('',(2.243033128192E+03,134.40732000879,
    66.026906443757));
#2222 = CARTESIAN_POINT('',(2.244519156E+03,134.23304997301,
    65.794973380862));
#2223 = CARTESIAN_POINT('',(2.246005216252E+03,134.05905820121,
    65.563039344517));
#2224 = CARTESIAN_POINT('',(2.247491309572E+03,133.88535089218,
    65.331104265585));
#2225 = ORIENTED_EDGE('',*,*,#2226,.T.);
#2226 = EDGE_CURVE('',#2208,#2227,#2229,.T.);
#2227 = VERTEX_POINT('',#2228);
#2228 = CARTESIAN_POINT('',(2.276862567872E+03,129.93867096858,
    62.725619118227));
#2229 = B_SPLINE_CURVE_WITH_KNOTS('',4,(#2230,#2231,#2232,#2233,#2234,
    #2235,#2236,#2237,#2238,#2239,#2240,#2241,#2242,#2243),
  .UNSPECIFIED.,.F.,.F.,(5,3,3,3,5),(0.,0.242335422031,0.482210829427,
    0.722167032178,1.),.UNSPECIFIED.);
#2230 = CARTESIAN_POINT('',(2.247491309572E+03,133.88535089218,
    65.331104265585));
#2231 = CARTESIAN_POINT('',(2.24927035598E+03,133.64345523062,
    65.173250050839));
#2232 = CARTESIAN_POINT('',(2.251049460041E+03,133.40198184131,
    65.015396669616));
#2233 = CARTESIAN_POINT('',(2.252828622995E+03,133.16094106856,
    64.857544046475));
#2234 = CARTESIAN_POINT('',(2.256369007745E+03,132.68218789456,
    64.543442565063));
#2235 = CARTESIAN_POINT('',(2.258130228326E+03,132.44446654501,
    64.387193693005));
#2236 = CARTESIAN_POINT('',(2.259891508995E+03,132.20718931385,
    64.230945417028));
#2237 = CARTESIAN_POINT('',(2.263414786103E+03,131.73346353236,
    63.918397284188));
#2238 = CARTESIAN_POINT('',(2.265176782583E+03,131.49701528811,
    63.762097427684));
#2239 = CARTESIAN_POINT('',(2.266938841528E+03,131.26103168984,
    63.605798022202));
#2240 = CARTESIAN_POINT('',(2.270741235334E+03,130.75283934571,
    63.268528376674));
#2241 = CARTESIAN_POINT('',(2.272781591864E+03,130.48079232317,
    63.08755826551));
#2242 = CARTESIAN_POINT('',(2.274822035458E+03,130.20939758656,
    62.906588550007));
#2243 = CARTESIAN_POINT('',(2.276862567872E+03,129.93867096858,
    62.725619118227));
#2244 = ORIENTED_EDGE('',*,*,#2245,.T.);
#2245 = EDGE_CURVE('',#2227,#2246,#2248,.T.);
#2246 = VERTEX_POINT('',#2247);
#2247 = CARTESIAN_POINT('',(2.31095148095E+03,125.03371058679,
    61.329337165803));
#2248 = B_SPLINE_CURVE_WITH_KNOTS('',4,(#2249,#2250,#2251,#2252,#2253,
    #2254,#2255,#2256,#2257,#2258,#2259,#2260,#2261,#2262,#2263,#2264,
    #2265,#2266,#2267,#2268,#2269,#2270,#2271,#2272,#2273,#2274),
  .UNSPECIFIED.,.F.,.F.,(5,3,3,3,3,3,3,3,5),(0.,0.121358854698,
    0.242101353698,0.362826753774,0.483574488306,0.604344013158,
    0.72513478398,0.845986276747,1.),.UNSPECIFIED.);
#2249 = CARTESIAN_POINT('',(2.276862567872E+03,129.93867096858,
    62.725619118227));
#2250 = CARTESIAN_POINT('',(2.277896483016E+03,129.78756344055,
    62.683243011686));
#2251 = CARTESIAN_POINT('',(2.278930423754E+03,129.63663034068,
    62.640868014764));
#2252 = CARTESIAN_POINT('',(2.279964390334E+03,129.48587367464,
    62.598494121612));
#2253 = CARTESIAN_POINT('',(2.282027124238E+03,129.18548198061,
    62.513963733428));
#2254 = CARTESIAN_POINT('',(2.283055891298E+03,129.03584514469,
    62.471807227273));
#2255 = CARTESIAN_POINT('',(2.284084684419E+03,128.88638691998,
    62.429651802061));
#2256 = CARTESIAN_POINT('',(2.286142177566E+03,128.58785279219,
    62.345349071501));
#2257 = CARTESIAN_POINT('',(2.287170877583E+03,128.43877683796,
    62.303201765849));
#2258 = CARTESIAN_POINT('',(2.288199604131E+03,128.28988340224,
    62.261055529138));
#2259 = CARTESIAN_POINT('',(2.290257301076E+03,127.99243801838,
    62.176757384885));
#2260 = CARTESIAN_POINT('',(2.291286271484E+03,127.84388613852,
    62.134605477736));
#2261 = CARTESIAN_POINT('',(2.292315268902E+03,127.69552080859,
    62.092454628149));
#2262 = CARTESIAN_POINT('',(2.294373503919E+03,127.3991404772,
    62.008147425843));
#2263 = CARTESIAN_POINT('',(2.295402741528E+03,127.25112554378,
    61.965991073503));
#2264 = CARTESIAN_POINT('',(2.29643200662E+03,127.10330119823,
    61.92383576726));
#2265 = CARTESIAN_POINT('',(2.298490773304E+03,126.8080116868,
    61.839519819217));
#2266 = CARTESIAN_POINT('',(2.299520274905E+03,126.66054658869,
    61.797359177783));
#2267 = CARTESIAN_POINT('',(2.300549804457E+03,126.51327612283,
    61.755199570902));
#2268 = CARTESIAN_POINT('',(2.302609437477E+03,126.21905450346,
    61.670861221024));
#2269 = CARTESIAN_POINT('',(2.303639540974E+03,126.07210354768,
    61.628682479061));
#2270 = CARTESIAN_POINT('',(2.304669672902E+03,125.92535140728,
    61.586504760717));
#2271 = CARTESIAN_POINT('',(2.307012675083E+03,125.59203436146,
    61.490577869845));
#2272 = CARTESIAN_POINT('',(2.308325563221E+03,125.40559478417,
    61.43682933237));
#2273 = CARTESIAN_POINT('',(2.309638498356E+03,125.21948547999,
    61.383082435283));
#2274 = CARTESIAN_POINT('',(2.31095148095E+03,125.03371058679,
    61.329337165803));
#2275 = ORIENTED_EDGE('',*,*,#2276,.T.);
#2276 = EDGE_CURVE('',#2246,#2277,#2279,.T.);
#2277 = VERTEX_POINT('',#2278);
#2278 = CARTESIAN_POINT('',(2.348750128211E+03,119.41694147677,
    61.138486823888));
#2279 = B_SPLINE_CURVE_WITH_KNOTS('',4,(#2280,#2281,#2282,#2283,#2284,
    #2285,#2286,#2287,#2288,#2289,#2290,#2291,#2292,#2293),
  .UNSPECIFIED.,.F.,.F.,(5,3,3,3,5),(0.,0.242956028678,0.485273943479,
    0.727672870758,1.),.UNSPECIFIED.);
#2280 = CARTESIAN_POINT('',(2.31095148095E+03,125.03371058679,
    61.329337165803));
#2281 = CARTESIAN_POINT('',(2.313246326917E+03,124.68583493943,
    61.317678233303));
#2282 = CARTESIAN_POINT('',(2.315541329152E+03,124.33898848872,
    61.306030114545));
#2283 = CARTESIAN_POINT('',(2.317836490203E+03,123.99319274379,
    61.294392819509));
#2284 = CARTESIAN_POINT('',(2.322421106278E+03,123.30465109359,
    61.271170426231));
#2285 = CARTESIAN_POINT('',(2.324710560457E+03,122.96189956341,
    61.259585271178));
#2286 = CARTESIAN_POINT('',(2.327000177497E+03,122.62023597122,
    61.248010895911));
#2287 = CARTESIAN_POINT('',(2.331580507519E+03,121.93901350154,
    61.224879845075));
#2288 = CARTESIAN_POINT('',(2.33387122061E+03,121.59945536587,
    61.213323176721));
#2289 = CARTESIAN_POINT('',(2.336162101366E+03,121.26102862537,
    61.201777301474));
#2290 = CARTESIAN_POINT('',(2.341027071233E+03,120.54483856169,
    61.177282937967));
#2291 = CARTESIAN_POINT('',(2.343601204895E+03,120.16737746715,
    61.164337279358));
#2292 = CARTESIAN_POINT('',(2.346175556205E+03,119.79140167152,
    61.151405243099));
#2293 = CARTESIAN_POINT('',(2.348750128211E+03,119.41694147677,
    61.138486823888));
#2294 = ORIENTED_EDGE('',*,*,#2295,.T.);
#2295 = EDGE_CURVE('',#2277,#2296,#2298,.T.);
#2296 = VERTEX_POINT('',#2297);
#2297 = CARTESIAN_POINT('',(2.389127158446E+03,113.38324471513,
    62.045672716999));
#2298 = B_SPLINE_CURVE_WITH_KNOTS('',4,(#2299,#2300,#2301,#2302,#2303,
    #2304,#2305,#2306,#2307,#2308,#2309,#2310,#2311,#2312,#2313,#2314,
    #2315,#2316,#2317,#2318,#2319,#2320,#2321,#2322,#2323,#2324),
  .UNSPECIFIED.,.F.,.F.,(5,3,3,3,3,3,3,3,5),(0.,0.123404504346,
    0.244522515026,0.36569818128,0.486850698178,0.608019240049,
    0.729243008545,0.850441185659,1.),.UNSPECIFIED.);
#2299 = CARTESIAN_POINT('',(2.348750128211E+03,119.41694147677,
    61.138486823888));
#2300 = CARTESIAN_POINT('',(2.349995123075E+03,119.22625996876,
    61.166413671673));
#2301 = CARTESIAN_POINT('',(2.351240172243E+03,119.03593362037,
    61.194345490349));
#2302 = CARTESIAN_POINT('',(2.352485276067E+03,118.84596576339,
    61.222282287695));
#2303 = CARTESIAN_POINT('',(2.354952522858E+03,118.47026679203,
    61.277648136348));
#2304 = CARTESIAN_POINT('',(2.356174663806E+03,118.28452239398,
    61.305077004606));
#2305 = CARTESIAN_POINT('',(2.35739685806E+03,118.09912967669,
    61.332510682528));
#2306 = CARTESIAN_POINT('',(2.359841935639E+03,117.72896580312,
    61.387400731807));
#2307 = CARTESIAN_POINT('',(2.361064819014E+03,117.54419498471,
    61.414857107752));
#2308 = CARTESIAN_POINT('',(2.362287756379E+03,117.35978247214,
    61.442318310571));
#2309 = CARTESIAN_POINT('',(2.364733506066E+03,116.99171550223,
    61.497245134458));
#2310 = CARTESIAN_POINT('',(2.365956318367E+03,116.80806090679,
    61.52471075368));
#2311 = CARTESIAN_POINT('',(2.367179185253E+03,116.6247707598,
    61.552181209528));
#2312 = CARTESIAN_POINT('',(2.369625190548E+03,116.25890143671,
    61.607135439229));
#2313 = CARTESIAN_POINT('',(2.370848328971E+03,116.07632235786,
    61.634619214363));
#2314 = CARTESIAN_POINT('',(2.372071522591E+03,115.89411409531,
    61.662107837972));
#2315 = CARTESIAN_POINT('',(2.374518578336E+03,115.53036258764,
    61.717107322759));
#2316 = CARTESIAN_POINT('',(2.375742440512E+03,115.34881968347,
    61.744618188363));
#2317 = CARTESIAN_POINT('',(2.376966358514E+03,115.16765420274,
    61.772133916418));
#2318 = CARTESIAN_POINT('',(2.379414048334E+03,114.80612251355,
    61.827169296133));
#2319 = CARTESIAN_POINT('',(2.380637820129E+03,114.62575614441,
    61.854688945737));
#2320 = CARTESIAN_POINT('',(2.381861648284E+03,114.44577329619,
    61.882213464272));
#2321 = CARTESIAN_POINT('',(2.38459580956E+03,114.04455498417,
    61.943714184174));
#2322 = CARTESIAN_POINT('',(2.386106172287E+03,113.82352164233,
    61.977692932849));
#2323 = CARTESIAN_POINT('',(2.387616621749E+03,113.60308293514,
    62.011679108382));
#2324 = CARTESIAN_POINT('',(2.389127158446E+03,113.38324471513,
    62.045672716999));
#2325 = ORIENTED_EDGE('',*,*,#2326,.T.);
#2326 = EDGE_CURVE('',#2296,#2327,#2329,.T.);
#2327 = VERTEX_POINT('',#2328);
#2328 = CARTESIAN_POINT('',(2.430859680722E+03,107.24605473476,
    63.864976154384));
#2329 = B_SPLINE_CURVE_WITH_KNOTS('',4,(#2330,#2331,#2332,#2333,#2334,
    #2335,#2336,#2337,#2338,#2339,#2340,#2341,#2342,#2343,#2344,#2345,
    #2346,#2347,#2348,#2349,#2350,#2351,#2352,#2353,#2354,#2355),
  .UNSPECIFIED.,.F.,.F.,(5,3,3,3,3,3,3,3,5),(0.,0.125147393163,
    0.246724879208,0.368274371844,0.489875017587,0.611886041407,
    0.733466534912,0.855095715646,1.),.UNSPECIFIED.);
#2330 = CARTESIAN_POINT('',(2.389127158446E+03,113.38324471513,
    62.045672716999));
#2331 = CARTESIAN_POINT('',(2.390432010835E+03,113.18563397171,
    62.102503501739));
#2332 = CARTESIAN_POINT('',(2.391736930651E+03,112.98847084751,
    62.159341715053));
#2333 = CARTESIAN_POINT('',(2.393041918213E+03,112.79175900707,
    62.216187365942));
#2334 = CARTESIAN_POINT('',(2.395614801913E+03,112.40484354778,
    62.32827178899));
#2335 = CARTESIAN_POINT('',(2.396882694224E+03,112.21461434445,
    62.383510142428));
#2336 = CARTESIAN_POINT('',(2.398150651037E+03,112.02481784068,
    62.438755530064));
#2337 = CARTESIAN_POINT('',(2.400686402232E+03,111.64614050615,
    62.549247664685));
#2338 = CARTESIAN_POINT('',(2.401954196585E+03,111.45725947461,
    62.604494408428));
#2339 = CARTESIAN_POINT('',(2.403222055942E+03,111.2688176129,
    62.659748196035));
#2340 = CARTESIAN_POINT('',(2.405758438768E+03,110.89273975592,
    62.770293126184));
#2341 = CARTESIAN_POINT('',(2.407026962292E+03,110.70510413315,
    62.82558427466));
#2342 = CARTESIAN_POINT('',(2.408295551382E+03,110.51791470169,
    62.88088248408));
#2343 = CARTESIAN_POINT('',(2.410837142641E+03,110.14380463942,
    62.99167967853));
#2344 = CARTESIAN_POINT('',(2.412110145254E+03,109.95688704771,
    63.047178711332));
#2345 = CARTESIAN_POINT('',(2.413383214365E+03,109.77042534835,
    63.102684862279));
#2346 = CARTESIAN_POINT('',(2.415924993638E+03,109.39907673557,
    63.21351552301));
#2347 = CARTESIAN_POINT('',(2.41719370333E+03,109.21418658698,
    63.268839982622));
#2348 = CARTESIAN_POINT('',(2.41846247951E+03,109.02975572995,
    63.324171517855));
#2349 = CARTESIAN_POINT('',(2.421000673395E+03,108.661745501,
    63.434870905902));
#2350 = CARTESIAN_POINT('',(2.422270091152E+03,108.47816649963,
    63.490238764386));
#2351 = CARTESIAN_POINT('',(2.423539575885E+03,108.2950537369,
    63.545613710011));
#2352 = CARTESIAN_POINT('',(2.426321622663E+03,107.8948164142,
    63.666975751195));
#2353 = CARTESIAN_POINT('',(2.427834212882E+03,107.67788874102,
    63.732965819647));
#2354 = CARTESIAN_POINT('',(2.429346898791E+03,107.46163301129,
    63.798965953287));
#2355 = CARTESIAN_POINT('',(2.430859680722E+03,107.24605473476,
    63.864976154384));
#2356 = ORIENTED_EDGE('',*,*,#2357,.T.);
#2357 = EDGE_CURVE('',#2327,#2358,#2360,.T.);
#2358 = VERTEX_POINT('',#2359);
#2359 = CARTESIAN_POINT('',(2.472671620705E+03,101.30195779904,
    66.368416115976));
#2360 = B_SPLINE_CURVE_WITH_KNOTS('',4,(#2361,#2362,#2363,#2364,#2365,
    #2366,#2367,#2368,#2369,#2370,#2371,#2372,#2373,#2374,#2375,#2376,
    #2377,#2378,#2379,#2380,#2381,#2382,#2383,#2384,#2385,#2386),
  .UNSPECIFIED.,.F.,.F.,(5,3,3,3,3,3,3,3,5),(0.,0.126069072136,
    0.248462579574,0.370861853253,0.493266109278,0.615674577226,
    0.738086500383,0.860501135976,1.),.UNSPECIFIED.);
#2361 = CARTESIAN_POINT('',(2.430859680722E+03,107.24605473476,
    63.864976154384));
#2362 = CARTESIAN_POINT('',(2.432176579904E+03,107.05240358968,
    63.94376639737));
#2363 = CARTESIAN_POINT('',(2.433493553689E+03,106.85926432926,
    64.022565998197));
#2364 = CARTESIAN_POINT('',(2.434810602288E+03,106.66664047786,
    64.101374959561));
#2365 = CARTESIAN_POINT('',(2.437406448546E+03,106.28803144957,
    64.256713644793));
#2366 = CARTESIAN_POINT('',(2.438685241895E+03,106.10201645583,
    64.333242830725));
#2367 = CARTESIAN_POINT('',(2.439964106121E+03,105.91649376183,
    64.409780841858));
#2368 = CARTESIAN_POINT('',(2.442522036912E+03,105.54643062624,
    64.562878120947));
#2369 = CARTESIAN_POINT('',(2.443801103482E+03,105.36189023132,
    64.639437389735));
#2370 = CARTESIAN_POINT('',(2.445080241266E+03,105.17784855323,
    64.71600548468));
#2371 = CARTESIAN_POINT('',(2.447638711633E+03,104.81076148914,
    64.869162441766));
#2372 = CARTESIAN_POINT('',(2.448918044222E+03,104.62771614399,
    64.945751304625));
#2373 = CARTESIAN_POINT('',(2.450197448331E+03,104.44517588645,
    65.022348992124));
#2374 = CARTESIAN_POINT('',(2.452756443888E+03,104.0811055706,
    65.175564647833));
#2375 = CARTESIAN_POINT('',(2.454036035342E+03,103.89957554724,
    65.25218261665));
#2376 = CARTESIAN_POINT('',(2.455315698593E+03,103.7185569345,
    65.32880940612));
#2377 = CARTESIAN_POINT('',(2.457875205057E+03,103.35754367965,
    65.482082782605));
#2378 = CARTESIAN_POINT('',(2.459155048274E+03,103.17754906658,
    65.558729370116));
#2379 = CARTESIAN_POINT('',(2.460434963537E+03,102.99807213788,
    65.635384771831));
#2380 = CARTESIAN_POINT('',(2.462994966731E+03,102.64015588369,
    65.788714893119));
#2381 = CARTESIAN_POINT('',(2.464275054665E+03,102.46171658125,
    65.865389613082));
#2382 = CARTESIAN_POINT('',(2.465555214863E+03,102.28380118626,
    65.942073138342));
#2383 = CARTESIAN_POINT('',(2.468294349665E+03,101.90426797753,
    66.106160994902));
#2384 = CARTESIAN_POINT('',(2.469753345875E+03,101.70280751988,
    66.193567953796));
#2385 = CARTESIAN_POINT('',(2.471212436182E+03,101.50203595649,
    66.28098633086));
#2386 = CARTESIAN_POINT('',(2.472671620705E+03,101.30195779904,
    66.368416115976));
#2387 = ORIENTED_EDGE('',*,*,#2388,.T.);
#2388 = EDGE_CURVE('',#2358,#2389,#2391,.T.);
#2389 = VERTEX_POINT('',#2390);
#2390 = CARTESIAN_POINT('',(2.494518425411E+03,98.288313544419,
    67.955505639381));
#2391 = B_SPLINE_CURVE_WITH_KNOTS('',4,(#2392,#2393,#2394,#2395,#2396,
    #2397,#2398,#2399,#2400,#2401,#2402,#2403,#2404,#2405),
  .UNSPECIFIED.,.F.,.F.,(5,3,3,3,5),(0.,0.248305972497,0.494658020108,
    0.741009946202,1.),.UNSPECIFIED.);
#2392 = CARTESIAN_POINT('',(2.472671620705E+03,101.30195779904,
    66.368416115976));
#2393 = CARTESIAN_POINT('',(2.474027292232E+03,101.11122409108,
    66.46686811432));
#2394 = CARTESIAN_POINT('',(2.475383046589E+03,100.92108649981,
    66.565331557995));
#2395 = CARTESIAN_POINT('',(2.476738883864E+03,100.7315485233,
    66.663806437246));
#2396 = CARTESIAN_POINT('',(2.479440054624E+03,100.35516545644,
    66.860004053084));
#2397 = CARTESIAN_POINT('',(2.480785386808E+03,100.16831091214,
    66.957726610587));
#2398 = CARTESIAN_POINT('',(2.482130800747E+03,99.982053371562,
    67.055460401814));
#2399 = CARTESIAN_POINT('',(2.484821791571E+03,99.61073907934,
    67.25095037761));
#2400 = CARTESIAN_POINT('',(2.486167368455E+03,99.425682327058,
    67.348706562169));
#2401 = CARTESIAN_POINT('',(2.487513027193E+03,99.241229267781,
    67.446473954547));
#2402 = CARTESIAN_POINT('',(2.490273546431E+03,98.864105644035,
    67.647047275815));
#2403 = CARTESIAN_POINT('',(2.491688415548E+03,98.671498956631,
    67.749854382627));
#2404 = CARTESIAN_POINT('',(2.493103375203E+03,98.479566991069,
    67.852673843478));
#2405 = CARTESIAN_POINT('',(2.494518425411E+03,98.288313544419,
    67.955505639381));
#2406 = ORIENTED_EDGE('',*,*,#2407,.T.);
#2407 = EDGE_CURVE('',#2389,#490,#2408,.T.);
#2408 = ( BOUNDED_CURVE() B_SPLINE_CURVE(3,(#2409,#2410,#2411,#2412,
    #2413,#2414,#2415,#2416,#2417,#2418),.UNSPECIFIED.,.F.,.F.) 
B_SPLINE_CURVE_WITH_KNOTS((4,1,1,1,1,1,1,4),(0.,5.937462759188E-02,
    0.169261244735,0.329619903174,0.533683498435,0.722609230536,
0.888013402964,1.),.UNSPECIFIED.) CURVE() GEOMETRIC_REPRESENTATION_ITEM(
) RATIONAL_B_SPLINE_CURVE((1.,1.,1.,1.,1.,1.,1.,1.,1.,1.)) 
REPRESENTATION_ITEM('') );
#2409 = CARTESIAN_POINT('',(0.,5.543277195068,2.296100594191));
#2410 = CARTESIAN_POINT('',(36.384885512757,43.460127286338,
    20.700011424122));
#2411 = CARTESIAN_POINT('',(164.1400044123,141.46179951744,
    66.655305707664));
#2412 = CARTESIAN_POINT('',(476.00449735354,237.83949495969,
    105.62933857321));
#2413 = CARTESIAN_POINT('',(943.3280351607,239.59306455374,
    96.739934531726));
#2414 = CARTESIAN_POINT('',(1.486434771408E+03,247.73349967617,
    103.98187311614));
#2415 = CARTESIAN_POINT('',(2.027682666396E+03,166.43452996296,
    84.333956712082));
#2416 = CARTESIAN_POINT('',(2.477449574318E+03,92.37996514895,
    67.665693338893));
#2417 = CARTESIAN_POINT('',(2.747888780157E+03,78.70537364405,
    60.907267667376));
#2418 = CARTESIAN_POINT('',(2.85E+03,32.335783637895,33.393920132778));
#2419 = ORIENTED_EDGE('',*,*,#489,.F.);
#2420 = ORIENTED_EDGE('',*,*,#1002,.F.);
#2421 = ORIENTED_EDGE('',*,*,#2422,.T.);
#2422 = EDGE_CURVE('',#990,#2423,#2425,.T.);
#2423 = VERTEX_POINT('',#2424);
#2424 = CARTESIAN_POINT('',(1.189311735092E+03,252.55697528803,
    62.761330525827));
#2425 = B_SPLINE_CURVE_WITH_KNOTS('',4,(#2426,#2427,#2428,#2429,#2430),
  .UNSPECIFIED.,.F.,.F.,(5,5),(0.,1.),.PIECEWISE_BEZIER_KNOTS.);
#2426 = CARTESIAN_POINT('',(1.189541542771E+03,252.55956160343,
    62.748483205245));
#2427 = CARTESIAN_POINT('',(1.189484090842E+03,252.55891585902,
    62.751695040706));
#2428 = CARTESIAN_POINT('',(1.189426638919E+03,252.55826955812,
    62.754906872622));
#2429 = CARTESIAN_POINT('',(1.189369187003E+03,252.55762270103,
    62.758118700995));
#2430 = CARTESIAN_POINT('',(1.189311735092E+03,252.55697528803,
    62.761330525827));
#2431 = ORIENTED_EDGE('',*,*,#2432,.T.);
#2432 = EDGE_CURVE('',#2423,#2433,#2435,.T.);
#2433 = VERTEX_POINT('',#2434);
#2434 = CARTESIAN_POINT('',(1.151882887117E+03,252.24774414604,
    64.189427444975));
#2435 = B_SPLINE_CURVE_WITH_KNOTS('',4,(#2436,#2437,#2438,#2439,#2440,
    #2441,#2442,#2443),.UNSPECIFIED.,.F.,.F.,(5,3,5),(0.,0.500391543384,
    1.),.UNSPECIFIED.);
#2436 = CARTESIAN_POINT('',(1.189311735094E+03,252.55697528802,
    62.761330525836));
#2437 = CARTESIAN_POINT('',(1.184629389549E+03,252.52874582742,
    62.940045694963));
#2438 = CARTESIAN_POINT('',(1.179947065436E+03,252.49681405664,
    63.118738642771));
#2439 = CARTESIAN_POINT('',(1.175264766188E+03,252.46134137853,
    63.297410187269));
#2440 = CARTESIAN_POINT('',(1.165907549614E+03,252.38369674964,
    63.654432607938));
#2441 = CARTESIAN_POINT('',(1.161232632209E+03,252.34153536988,
    63.832783548214));
#2442 = CARTESIAN_POINT('',(1.15655774426E+03,252.29616463869,
    64.011114863445));
#2443 = CARTESIAN_POINT('',(1.151882887117E+03,252.24774414604,
    64.189427444975));
#2444 = ORIENTED_EDGE('',*,*,#2445,.T.);
#2445 = EDGE_CURVE('',#2433,#2446,#2448,.T.);
#2446 = VERTEX_POINT('',#2447);
#2447 = CARTESIAN_POINT('',(1.115745270766E+03,252.04020521154,
    64.78550973118));
#2448 = B_SPLINE_CURVE_WITH_KNOTS('',4,(#2449,#2450,#2451,#2452,#2453,
    #2454,#2455,#2456,#2457,#2458,#2459,#2460,#2461,#2462),
  .UNSPECIFIED.,.F.,.F.,(5,3,3,3,5),(0.,0.250395706739,0.499994031699,
    0.750395353494,1.),.UNSPECIFIED.);
#2449 = CARTESIAN_POINT('',(1.151882887117E+03,252.24774414604,
    64.189427444975));
#2450 = CARTESIAN_POINT('',(1.149620691E+03,252.2387575437,
    64.226764867023));
#2451 = CARTESIAN_POINT('',(1.147358497656E+03,252.22905418066,
    64.264098128008));
#2452 = CARTESIAN_POINT('',(1.145096307353E+03,252.21865217659,
    64.301427328457));
#2453 = CARTESIAN_POINT('',(1.140579137171E+03,252.19652237457,
    64.375958949279));
#2454 = CARTESIAN_POINT('',(1.138324157273E+03,252.1847989041,
    64.413161394823));
#2455 = CARTESIAN_POINT('',(1.136069180831E+03,252.17241714367,
    64.450360006767));
#2456 = CARTESIAN_POINT('',(1.131551980602E+03,252.1463309577,
    64.524869427495));
#2457 = CARTESIAN_POINT('',(1.129289756839E+03,252.1326224051,
    64.562180212223));
#2458 = CARTESIAN_POINT('',(1.127027536898E+03,252.1182874179,
    64.599487342574));
#2459 = CARTESIAN_POINT('',(1.122510302369E+03,252.08844823168,
    64.673975815324));
#2460 = CARTESIAN_POINT('',(1.120255287755E+03,252.07294789775,
    64.711157180283));
#2461 = CARTESIAN_POINT('',(1.118000277193E+03,252.05686093615,
    64.748335118085));
#2462 = CARTESIAN_POINT('',(1.115745270766E+03,252.04020521154,
    64.78550973118));
#2463 = ORIENTED_EDGE('',*,*,#2464,.T.);
#2464 = EDGE_CURVE('',#2446,#2465,#2467,.T.);
#2465 = VERTEX_POINT('',#2466);
#2466 = CARTESIAN_POINT('',(1.081518150369E+03,252.00817811279,
    64.446353956833));
#2467 = B_SPLINE_CURVE_WITH_KNOTS('',4,(#2468,#2469,#2470,#2471,#2472,
    #2473,#2474,#2475,#2476,#2477,#2478,#2479,#2480,#2481),
  .UNSPECIFIED.,.F.,.F.,(5,3,3,3,5),(0.,0.249998602679,0.500397969046,
    0.750798363952,1.),.UNSPECIFIED.);
#2468 = CARTESIAN_POINT('',(1.115745270766E+03,252.04020521154,
    64.78550973118));
#2469 = CARTESIAN_POINT('',(1.113606086198E+03,252.04104494223,
    64.764328654804));
#2470 = CARTESIAN_POINT('',(1.111466901456E+03,252.04137031374,
    64.743144670124));
#2471 = CARTESIAN_POINT('',(1.109327716731E+03,252.04119663299,
    64.721957865466));
#2472 = CARTESIAN_POINT('',(1.105045918381E+03,252.03988070729,
    64.679544824121));
#2473 = CARTESIAN_POINT('',(1.102903304757E+03,252.03873691014,
    64.658318578668));
#2474 = CARTESIAN_POINT('',(1.100760691467E+03,252.03712317647,
    64.637089681001));
#2475 = CARTESIAN_POINT('',(1.09647545701E+03,252.03298655023,
    64.594626670438));
#2476 = CARTESIAN_POINT('',(1.094332835844E+03,252.03046365396,
    64.573392557521));
#2477 = CARTESIAN_POINT('',(1.092190215269E+03,252.02750154029,
    64.55215596878));
#2478 = CARTESIAN_POINT('',(1.087915233012E+03,252.02074579298,
    64.509779694323));
#2479 = CARTESIAN_POINT('',(1.085782871323E+03,252.01695620802,
    64.488640031416));
#2480 = CARTESIAN_POINT('',(1.083650510418E+03,252.01276193979,
    64.467498090113));
#2481 = CARTESIAN_POINT('',(1.081518150369E+03,252.00817811279,
    64.446353956833));
#2482 = ORIENTED_EDGE('',*,*,#2483,.T.);
#2483 = EDGE_CURVE('',#2465,#2484,#2486,.T.);
#2484 = VERTEX_POINT('',#2485);
#2485 = CARTESIAN_POINT('',(1.049788427992E+03,252.21172494892,
    63.109039146183));
#2486 = B_SPLINE_CURVE_WITH_KNOTS('',4,(#2487,#2488,#2489,#2490,#2491,
    #2492,#2493,#2494,#2495,#2496,#2497,#2498,#2499,#2500),
  .UNSPECIFIED.,.F.,.F.,(5,3,3,3,5),(0.,0.250912000815,0.500832538542,
    0.75075181477,1.),.UNSPECIFIED.);
#2487 = CARTESIAN_POINT('',(1.081518150369E+03,252.00817811279,
    64.446353956833));
#2488 = CARTESIAN_POINT('',(1.079527820279E+03,252.02279206379,
    64.362477478557));
#2489 = CARTESIAN_POINT('',(1.077537487772E+03,252.03706437954,
    64.27859902968));
#2490 = CARTESIAN_POINT('',(1.075547153025E+03,252.05100743109,
    64.194718684838));
#2491 = CARTESIAN_POINT('',(1.071574344053E+03,252.07820590419,
    64.027285806295));
#2492 = CARTESIAN_POINT('',(1.069591869846E+03,252.09146382516,
    63.943733286967));
#2493 = CARTESIAN_POINT('',(1.067609393726E+03,252.10441957658,
    63.860179033103));
#2494 = CARTESIAN_POINT('',(1.063644447946E+03,252.1297511253,
    63.693067623016));
#2495 = CARTESIAN_POINT('',(1.061661978286E+03,252.14212692555,
    63.609510466812));
#2496 = CARTESIAN_POINT('',(1.059679506991E+03,252.15422500792,
    63.525951721045));
#2497 = CARTESIAN_POINT('',(1.055719884773E+03,252.17785841267,
    63.359055572822));
#2498 = CARTESIAN_POINT('',(1.053742733858E+03,252.18939515898,
    63.275718178508));
#2499 = CARTESIAN_POINT('',(1.051765581562E+03,252.20067996211,
    63.19237934602));
#2500 = CARTESIAN_POINT('',(1.049788427992E+03,252.21172494892,
    63.109039146183));
#2501 = ORIENTED_EDGE('',*,*,#2502,.T.);
#2502 = EDGE_CURVE('',#2484,#1684,#2503,.T.);
#2503 = B_SPLINE_CURVE_WITH_KNOTS('',4,(#2504,#2505,#2506,#2507,#2508),
  .UNSPECIFIED.,.F.,.F.,(5,5),(0.,1.),.PIECEWISE_BEZIER_KNOTS.);
#2504 = CARTESIAN_POINT('',(1.049788427992E+03,252.21172494892,
    63.109039146183));
#2505 = CARTESIAN_POINT('',(1.047261982252E+03,252.2553872949,
    62.902161305198));
#2506 = CARTESIAN_POINT('',(1.044735529934E+03,252.2986545387,
    62.695280910879));
#2507 = CARTESIAN_POINT('',(1.042209071557E+03,252.34155220054,
    62.488398137132));
#2508 = CARTESIAN_POINT('',(1.039682607608E+03,252.38410582109,
    62.281513155675));
#2509 = ( BOUNDED_SURFACE() B_SPLINE_SURFACE(1,3,(
    (#2510,#2511,#2512,#2513,#2514,#2515,#2516,#2517,#2518,#2519)
    ,(#2520,#2521,#2522,#2523,#2524,#2525,#2526,#2527,#2528,#2529
)),.UNSPECIFIED.,.F.,.F.,.F.) B_SPLINE_SURFACE_WITH_KNOTS((2,2),(4,1,1,1
    ,1,1,1,4),(2.,3.),(0.,5.937462759188E-02,0.169261244735,
    0.329619903174,0.533683498435,0.722609230536,0.888013402964,1.),
.UNSPECIFIED.) GEOMETRIC_REPRESENTATION_ITEM() RATIONAL_B_SPLINE_SURFACE
((
    (1.,1.,1.,1.,1.,1.,1.,1.,1.,1.)
,(1.,1.,1.,1.,1.,1.,1.,1.,1.,1.))) REPRESENTATION_ITEM('') SURFACE() );
#2510 = CARTESIAN_POINT('',(0.,5.795554957734,1.552914270615));
#2511 = CARTESIAN_POINT('',(36.384885512757,45.438022904973,
    14.048643174197));
#2512 = CARTESIAN_POINT('',(164.1400044123,147.89980812304,
    45.255428269387));
#2513 = CARTESIAN_POINT('',(476.00449735354,248.66370842598,
    69.690817200386));
#2514 = CARTESIAN_POINT('',(943.3280351607,250.49708399009,
    59.171537108568));
#2515 = CARTESIAN_POINT('',(1.486434771408E+03,259.00799503994,
    66.542228402269));
#2516 = CARTESIAN_POINT('',(2.027682666396E+03,174.00906202621,
    58.273954605955));
#2517 = CARTESIAN_POINT('',(2.477449574318E+03,96.584230983562,
    51.981251082204));
#2518 = CARTESIAN_POINT('',(2.747888780157E+03,82.287300882043,
    49.48935114439));
#2519 = CARTESIAN_POINT('',(2.85E+03,33.807403920117,29.058666578588));
#2520 = CARTESIAN_POINT('',(0.,5.543277195068,2.296100594191));
#2521 = CARTESIAN_POINT('',(36.384885512757,43.460127286338,
    20.700011424122));
#2522 = CARTESIAN_POINT('',(164.1400044123,141.46179951744,
    66.655305707664));
#2523 = CARTESIAN_POINT('',(476.00449735354,237.83949495969,
    105.62933857321));
#2524 = CARTESIAN_POINT('',(943.3280351607,239.59306455374,
    96.739934531726));
#2525 = CARTESIAN_POINT('',(1.486434771408E+03,247.73349967617,
    103.98187311614));
#2526 = CARTESIAN_POINT('',(2.027682666396E+03,166.43452996296,
    84.333956712082));
#2527 = CARTESIAN_POINT('',(2.477449574318E+03,92.37996514895,
    67.665693338893));
#2528 = CARTESIAN_POINT('',(2.747888780157E+03,78.70537364405,
    60.907267667376));
#2529 = CARTESIAN_POINT('',(2.85E+03,32.335783637895,33.393920132778));
#2530 = ADVANCED_FACE('',(#2531),#2645,.T.);
#2531 = FACE_BOUND('',#2532,.T.);
#2532 = EDGE_LOOP('',(#2533,#2534,#2553,#2587,#2612,#2631,#2644));
#2533 = ORIENTED_EDGE('',*,*,#2407,.F.);
#2534 = ORIENTED_EDGE('',*,*,#2535,.T.);
#2535 = EDGE_CURVE('',#2389,#2536,#2538,.T.);
#2536 = VERTEX_POINT('',#2537);
#2537 = CARTESIAN_POINT('',(2.51328400051E+03,95.550160417172,
    69.318408186446));
#2538 = B_SPLINE_CURVE_WITH_KNOTS('',4,(#2539,#2540,#2541,#2542,#2543,
    #2544,#2545,#2546,#2547,#2548,#2549,#2550,#2551,#2552),
  .UNSPECIFIED.,.F.,.F.,(5,3,3,3,5),(0.,0.25035414475,0.497706293443,
    0.745053666435,1.),.UNSPECIFIED.);
#2539 = CARTESIAN_POINT('',(2.494518425411E+03,98.288313544419,
    67.955505639381));
#2540 = CARTESIAN_POINT('',(2.495692527855E+03,98.114124106065,
    68.040752630457));
#2541 = CARTESIAN_POINT('',(2.496866698337E+03,97.940399124185,
    68.126008858037));
#2542 = CARTESIAN_POINT('',(2.498040936855E+03,97.767140489874,
    68.211274307113));
#2543 = CARTESIAN_POINT('',(2.500375468829E+03,97.423631562764,
    68.380801087901));
#2544 = CARTESIAN_POINT('',(2.501535760663E+03,97.253370108738,
    68.465062200173));
#2545 = CARTESIAN_POINT('',(2.502696118885E+03,97.083567491687,
    68.549332282931));
#2546 = CARTESIAN_POINT('',(2.505016945649E+03,96.744886721832,
    68.717888729214));
#2547 = CARTESIAN_POINT('',(2.506177414189E+03,96.576008551208,
    68.802175092393));
#2548 = CARTESIAN_POINT('',(2.507337949065E+03,96.407592720396,
    68.886470392708));
#2549 = CARTESIAN_POINT('',(2.509694807195E+03,96.0665294105,
    69.057668811379));
#2550 = CARTESIAN_POINT('',(2.510891134585E+03,95.893910883365,
    69.144572486211));
#2551 = CARTESIAN_POINT('',(2.512087532374E+03,95.721787267519,
    69.231485617989));
#2552 = CARTESIAN_POINT('',(2.51328400051E+03,95.550160417172,
    69.318408186446));
#2553 = ORIENTED_EDGE('',*,*,#2554,.T.);
#2554 = EDGE_CURVE('',#2536,#2555,#2557,.T.);
#2555 = VERTEX_POINT('',#2556);
#2556 = CARTESIAN_POINT('',(2.551449540804E+03,90.090716688982,
    72.488798033537));
#2557 = B_SPLINE_CURVE_WITH_KNOTS('',4,(#2558,#2559,#2560,#2561,#2562,
    #2563,#2564,#2565,#2566,#2567,#2568,#2569,#2570,#2571,#2572,#2573,
    #2574,#2575,#2576,#2577,#2578,#2579,#2580,#2581,#2582,#2583,#2584,
    #2585,#2586),.UNSPECIFIED.,.F.,.F.,(5,3,3,3,3,3,3,3,3,5),(0.,
    0.112324157025,0.220851902333,0.329416343918,0.437937142909,
    0.556254367733,0.674571109592,0.792891258626,0.91121869813,1.),
  .UNSPECIFIED.);
#2558 = CARTESIAN_POINT('',(2.51328400051E+03,95.550160417172,
    69.318408186446));
#2559 = CARTESIAN_POINT('',(2.514355031629E+03,95.391956246694,
    69.407330985199));
#2560 = CARTESIAN_POINT('',(2.515426120193E+03,95.234147276639,
    69.496262340792));
#2561 = CARTESIAN_POINT('',(2.516497266162E+03,95.076734749851,
    69.585202236277));
#2562 = CARTESIAN_POINT('',(2.518603467522E+03,94.768011914048,
    69.760092729606));
#2563 = CARTESIAN_POINT('',(2.5196385191E+03,94.616675178569,
    69.846042761115));
#2564 = CARTESIAN_POINT('',(2.520673624179E+03,94.465710771849,
    69.93200073236));
#2565 = CARTESIAN_POINT('',(2.522744291251E+03,94.164477841168,
    70.103961588309));
#2566 = CARTESIAN_POINT('',(2.52377985328E+03,94.014209569749,
    70.189964478373));
#2567 = CARTESIAN_POINT('',(2.524815468744E+03,93.864316025007,
    70.27597528002));
#2568 = CARTESIAN_POINT('',(2.526886390089E+03,93.56534059158,
    70.447978092272));
#2569 = CARTESIAN_POINT('',(2.527921695927E+03,93.41625840082,
    70.533970096531));
#2570 = CARTESIAN_POINT('',(2.52895705504E+03,93.267552730384,
    70.619969971109));
#2571 = CARTESIAN_POINT('',(2.531121348774E+03,92.957506547988,
    70.799749542861));
#2572 = CARTESIAN_POINT('',(2.532250293454E+03,92.796237406536,
    70.893530723834));
#2573 = CARTESIAN_POINT('',(2.533379295725E+03,92.635379094201,
    70.987320555658));
#2574 = CARTESIAN_POINT('',(2.535637399731E+03,92.314408565718,
    71.174915798695));
#2575 = CARTESIAN_POINT('',(2.536766501464E+03,92.154296346917,
    71.268721209748));
#2576 = CARTESIAN_POINT('',(2.537895649675E+03,91.99451873909,
    71.362533932083));
#2577 = CARTESIAN_POINT('',(2.540154060659E+03,91.675551899094,
    71.550175388513));
#2578 = CARTESIAN_POINT('',(2.541283323434E+03,91.516362684104,
    71.64400412289));
#2579 = CARTESIAN_POINT('',(2.542412621774E+03,91.357431840301,
    71.737838856246));
#2580 = CARTESIAN_POINT('',(2.544671348409E+03,91.04000081867,
    71.925524813187));
#2581 = CARTESIAN_POINT('',(2.545800776706E+03,90.881500668074,
    72.019376037332));
#2582 = CARTESIAN_POINT('',(2.546930229807E+03,90.723182611654,
    72.113231971074));
#2583 = CARTESIAN_POINT('',(2.548907147793E+03,90.446330123232,
    72.277515320262));
#2584 = CARTESIAN_POINT('',(2.549754604167E+03,90.327732790946,
    72.347940955156));
#2585 = CARTESIAN_POINT('',(2.550602069251E+03,90.209200355854,
    72.41836861494));
#2586 = CARTESIAN_POINT('',(2.551449540804E+03,90.090716688982,
    72.488798033537));
#2587 = ORIENTED_EDGE('',*,*,#2588,.T.);
#2588 = EDGE_CURVE('',#2555,#2589,#2591,.T.);
#2589 = VERTEX_POINT('',#2590);
#2590 = CARTESIAN_POINT('',(2.585990889033E+03,85.093576588602,
    75.668299114431));
#2591 = B_SPLINE_CURVE_WITH_KNOTS('',4,(#2592,#2593,#2594,#2595,#2596,
    #2597,#2598,#2599,#2600,#2601,#2602,#2603,#2604,#2605,#2606,#2607,
    #2608,#2609,#2610,#2611),.UNSPECIFIED.,.F.,.F.,(5,3,3,3,3,3,5),(0.,
    0.154957919808,0.317594145506,0.465392558478,0.613231515539,
    0.806902753914,1.),.UNSPECIFIED.);
#2592 = CARTESIAN_POINT('',(2.551449540804E+03,90.090716688982,
    72.488798033537));
#2593 = CARTESIAN_POINT('',(2.552787881245E+03,89.898648931159,
    72.611971806062));
#2594 = CARTESIAN_POINT('',(2.554126237441E+03,89.706698041076,
    72.735150388891));
#2595 = CARTESIAN_POINT('',(2.555464600339E+03,89.514800421354,
    72.858332613783));
#2596 = CARTESIAN_POINT('',(2.558207638453E+03,89.121475262395,
    73.110805950251));
#2597 = CARTESIAN_POINT('',(2.559612313428E+03,88.920046672044,
    73.240097314008));
#2598 = CARTESIAN_POINT('',(2.561016975384E+03,88.718533121157,
    73.369390079651));
#2599 = CARTESIAN_POINT('',(2.563698102696E+03,88.333588106196,
    73.616179967961));
#2600 = CARTESIAN_POINT('',(2.564974572145E+03,88.15018425184,
    73.733677077504));
#2601 = CARTESIAN_POINT('',(2.566251014293E+03,87.966594235546,
    73.851173251344));
#2602 = CARTESIAN_POINT('',(2.568804178215E+03,87.598880963927,
    74.086193968734));
#2603 = CARTESIAN_POINT('',(2.570080899968E+03,87.41475757632,
    74.203718511026));
#2604 = CARTESIAN_POINT('',(2.571357578477E+03,87.2303373625,
    74.321240125607));
#2605 = CARTESIAN_POINT('',(2.574306606294E+03,86.803510493825,
    74.592707739225));
#2606 = CARTESIAN_POINT('',(2.575978918835E+03,86.560851665794,
    74.746650926318));
#2607 = CARTESIAN_POINT('',(2.577651125103E+03,86.317464202956,
    74.900585132567));
#2608 = CARTESIAN_POINT('',(2.580990332098E+03,85.82970714457,
    75.207974868651));
#2609 = CARTESIAN_POINT('',(2.582657333555E+03,85.585342598601,
    75.361430464292));
#2610 = CARTESIAN_POINT('',(2.584324192265E+03,85.340006839821,
    75.514872638715));
#2611 = CARTESIAN_POINT('',(2.585990889033E+03,85.093576588602,
    75.668299114431));
#2612 = ORIENTED_EDGE('',*,*,#2613,.T.);
#2613 = EDGE_CURVE('',#2589,#2614,#2616,.T.);
#2614 = VERTEX_POINT('',#2615);
#2615 = CARTESIAN_POINT('',(2.604176256029E+03,82.283508435422,
    77.487017361232));
#2616 = B_SPLINE_CURVE_WITH_KNOTS('',4,(#2617,#2618,#2619,#2620,#2621,
    #2622,#2623,#2624,#2625,#2626,#2627,#2628,#2629,#2630),
  .UNSPECIFIED.,.F.,.F.,(5,3,3,3,5),(0.,0.248774516493,0.498627316868,
    0.749324204498,1.),.UNSPECIFIED.);
#2617 = CARTESIAN_POINT('',(2.585990889033E+03,85.093576588602,
    75.668299114431));
#2618 = CARTESIAN_POINT('',(2.58712246759E+03,84.922492770768,
    75.781472734869));
#2619 = CARTESIAN_POINT('',(2.588253969438E+03,84.750901296727,
    75.894638378493));
#2620 = CARTESIAN_POINT('',(2.589385388445E+03,84.578763567407,
    76.007795262647));
#2621 = CARTESIAN_POINT('',(2.591652951779E+03,84.232569764356,
    76.234580348961));
#2622 = CARTESIAN_POINT('',(2.592789095331E+03,84.05850860992,
    76.348208468015));
#2623 = CARTESIAN_POINT('',(2.593925142569E+03,83.88381842727,
    76.461826147278));
#2624 = CARTESIAN_POINT('',(2.596200868847E+03,83.532509407915,
    76.689422793085));
#2625 = CARTESIAN_POINT('',(2.597340547189E+03,83.355886049579,
    76.803401683327));
#2626 = CARTESIAN_POINT('',(2.598480115275E+03,83.178550565838,
    76.917368415116));
#2627 = CARTESIAN_POINT('',(2.600758921301E+03,82.822391386035,
    77.14526629232));
#2628 = CARTESIAN_POINT('',(2.60189815926E+03,82.64356781673,
    77.259197439811));
#2629 = CARTESIAN_POINT('',(2.603037273214E+03,82.463953313988,
    77.373114749046));
#2630 = CARTESIAN_POINT('',(2.604176256029E+03,82.283508435422,
    77.487017361232));
#2631 = ORIENTED_EDGE('',*,*,#2632,.T.);
#2632 = EDGE_CURVE('',#2614,#497,#2633,.T.);
#2633 = ( BOUNDED_CURVE() B_SPLINE_CURVE(3,(#2634,#2635,#2636,#2637,
    #2638,#2639,#2640,#2641,#2642,#2643),.UNSPECIFIED.,.F.,.F.) 
B_SPLINE_CURVE_WITH_KNOTS((4,1,1,1,1,1,1,4),(0.,5.937462759188E-02,
    0.169261244735,0.329619903174,0.533683498435,0.722609230536,
0.888013402964,1.),.UNSPECIFIED.) CURVE() GEOMETRIC_REPRESENTATION_ITEM(
) RATIONAL_B_SPLINE_CURVE((1.,1.,1.,1.,1.,1.,1.,1.,1.,1.)) 
REPRESENTATION_ITEM('') );
#2634 = CARTESIAN_POINT('',(0.,5.196152422707,3.));
#2635 = CARTESIAN_POINT('',(36.384885512757,40.73861684041,
    26.999769654897));
#2636 = CARTESIAN_POINT('',(164.1400044123,132.60334030148,
    86.923925480871));
#2637 = CARTESIAN_POINT('',(476.00449735354,222.94578179308,
    139.66804870219));
#2638 = CARTESIAN_POINT('',(943.3280351607,224.58954135513,
    132.32236088229));
#2639 = CARTESIAN_POINT('',(1.486434771408E+03,232.22021544824,
    139.44235298751));
#2640 = CARTESIAN_POINT('',(2.027682666396E+03,156.01225694767,
    109.01635386606));
#2641 = CARTESIAN_POINT('',(2.477449574318E+03,86.595052498075,
    82.521011897265));
#2642 = CARTESIAN_POINT('',(2.747888780157E+03,73.776775641753,
    71.72160103326));
#2643 = CARTESIAN_POINT('',(2.85E+03,30.310889132455,37.5));
#2644 = ORIENTED_EDGE('',*,*,#496,.F.);
#2645 = ( BOUNDED_SURFACE() B_SPLINE_SURFACE(1,3,(
    (#2646,#2647,#2648,#2649,#2650,#2651,#2652,#2653,#2654,#2655)
    ,(#2656,#2657,#2658,#2659,#2660,#2661,#2662,#2663,#2664,#2665
)),.UNSPECIFIED.,.F.,.F.,.F.) B_SPLINE_SURFACE_WITH_KNOTS((2,2),(4,1,1,1
    ,1,1,1,4),(3.,4.),(0.,5.937462759188E-02,0.169261244735,
    0.329619903174,0.533683498435,0.722609230536,0.888013402964,1.),
.UNSPECIFIED.) GEOMETRIC_REPRESENTATION_ITEM() RATIONAL_B_SPLINE_SURFACE
((
    (1.,1.,1.,1.,1.,1.,1.,1.,1.,1.)
,(1.,1.,1.,1.,1.,1.,1.,1.,1.,1.))) REPRESENTATION_ITEM('') SURFACE() );
#2646 = CARTESIAN_POINT('',(0.,5.543277195068,2.296100594191));
#2647 = CARTESIAN_POINT('',(36.384885512757,43.460127286338,
    20.700011424122));
#2648 = CARTESIAN_POINT('',(164.1400044123,141.46179951744,
    66.655305707664));
#2649 = CARTESIAN_POINT('',(476.00449735354,237.83949495969,
    105.62933857321));
#2650 = CARTESIAN_POINT('',(943.3280351607,239.59306455374,
    96.739934531726));
#2651 = CARTESIAN_POINT('',(1.486434771408E+03,247.73349967617,
    103.98187311614));
#2652 = CARTESIAN_POINT('',(2.027682666396E+03,166.43452996296,
    84.333956712082));
#2653 = CARTESIAN_POINT('',(2.477449574318E+03,92.37996514895,
    67.665693338893));
#2654 = CARTESIAN_POINT('',(2.747888780157E+03,78.70537364405,
    60.907267667376));
#2655 = CARTESIAN_POINT('',(2.85E+03,32.335783637895,33.393920132778));
#2656 = CARTESIAN_POINT('',(0.,5.196152422707,3.));
#2657 = CARTESIAN_POINT('',(36.384885512757,40.73861684041,
    26.999769654897));
#2658 = CARTESIAN_POINT('',(164.1400044123,132.60334030148,
    86.923925480871));
#2659 = CARTESIAN_POINT('',(476.00449735354,222.94578179308,
    139.66804870219));
#2660 = CARTESIAN_POINT('',(943.3280351607,224.58954135513,
    132.32236088229));
#2661 = CARTESIAN_POINT('',(1.486434771408E+03,232.22021544824,
    139.44235298751));
#2662 = CARTESIAN_POINT('',(2.027682666396E+03,156.01225694767,
    109.01635386606));
#2663 = CARTESIAN_POINT('',(2.477449574318E+03,86.595052498075,
    82.521011897265));
#2664 = CARTESIAN_POINT('',(2.747888780157E+03,73.776775641753,
    71.72160103326));
#2665 = CARTESIAN_POINT('',(2.85E+03,30.310889132455,37.5));
#2666 = ADVANCED_FACE('',(#2667),#2772,.T.);
#2667 = FACE_BOUND('',#2668,.T.);
#2668 = EDGE_LOOP('',(#2669,#2670,#2683,#2714,#2745,#2758,#2771));
#2669 = ORIENTED_EDGE('',*,*,#2632,.F.);
#2670 = ORIENTED_EDGE('',*,*,#2671,.T.);
#2671 = EDGE_CURVE('',#2614,#2672,#2674,.T.);
#2672 = VERTEX_POINT('',#2673);
#2673 = CARTESIAN_POINT('',(2.615863983106E+03,80.113439379039,
    78.654414913926));
#2674 = B_SPLINE_CURVE_WITH_KNOTS('',4,(#2675,#2676,#2677,#2678,#2679,
    #2680,#2681,#2682),.UNSPECIFIED.,.F.,.F.,(5,3,5),(0.,0.500335671744,
    1.),.UNSPECIFIED.);
#2675 = CARTESIAN_POINT('',(2.604176256029E+03,82.283508435422,
    77.487017361232));
#2676 = CARTESIAN_POINT('',(2.605639123648E+03,82.017077441864,
    77.633139823365));
#2677 = CARTESIAN_POINT('',(2.607101709835E+03,81.749095529585,
    77.779231965146));
#2678 = CARTESIAN_POINT('',(2.608563995727E+03,81.479472438621,
    77.925291590871));
#2679 = CARTESIAN_POINT('',(2.611485965716E+03,80.937127916081,
    78.2171453544));
#2680 = CARTESIAN_POINT('',(2.612945650667E+03,80.664411129685,
    78.362939585048));
#2681 = CARTESIAN_POINT('',(2.614404996698E+03,80.389878088559,
    78.508696879865));
#2682 = CARTESIAN_POINT('',(2.615863983106E+03,80.113439379039,
    78.654414913926));
#2683 = ORIENTED_EDGE('',*,*,#2684,.T.);
#2684 = EDGE_CURVE('',#2672,#2685,#2687,.T.);
#2685 = VERTEX_POINT('',#2686);
#2686 = CARTESIAN_POINT('',(2.640151519834E+03,75.179613651269,
    81.250951835711));
#2687 = B_SPLINE_CURVE_WITH_KNOTS('',4,(#2688,#2689,#2690,#2691,#2692,
    #2693,#2694,#2695,#2696,#2697,#2698,#2699,#2700,#2701,#2702,#2703,
    #2704,#2705,#2706,#2707,#2708,#2709,#2710,#2711,#2712,#2713),
  .UNSPECIFIED.,.F.,.F.,(5,3,3,3,3,3,3,3,5),(0.,0.125219849536,
    0.24996637421,0.374791680908,0.499699403588,0.624693275079,
    0.74977713088,0.874954912981,1.),.UNSPECIFIED.);
#2688 = CARTESIAN_POINT('',(2.615863983106E+03,80.113439379039,
    78.654414913926));
#2689 = CARTESIAN_POINT('',(2.616625705599E+03,79.966033679758,
    78.735862236659));
#2690 = CARTESIAN_POINT('',(2.617387327885E+03,79.818107053152,
    78.817297944386));
#2691 = CARTESIAN_POINT('',(2.618148846969E+03,79.669646784621,
    78.898721678787));
#2692 = CARTESIAN_POINT('',(2.619668794478E+03,79.372196821509,
    79.061236740695));
#2693 = CARTESIAN_POINT('',(2.620427223705E+03,79.223211249425,
    79.142328161283));
#2694 = CARTESIAN_POINT('',(2.621185544417E+03,79.073670921457,
    79.22340697657));
#2695 = CARTESIAN_POINT('',(2.622702441401E+03,78.773360915404,
    79.385589858688));
#2696 = CARTESIAN_POINT('',(2.623461017532E+03,78.622590520677,
    79.466693909111));
#2697 = CARTESIAN_POINT('',(2.624219478755E+03,78.471239589811,
    79.54778460321));
#2698 = CARTESIAN_POINT('',(2.625736665656E+03,78.167251305624,
    79.709992060917));
#2699 = CARTESIAN_POINT('',(2.626495391177E+03,78.014613169021,
    79.79110880637));
#2700 = CARTESIAN_POINT('',(2.627253995199E+03,77.861368659105,
    79.872211427646));
#2701 = CARTESIAN_POINT('',(2.628771476752E+03,77.553535758078,
    80.034443583558));
#2702 = CARTESIAN_POINT('',(2.629530354109E+03,77.398946513094,
    80.115573098159));
#2703 = CARTESIAN_POINT('',(2.630289103169E+03,77.243724999969,
    80.196687703025));
#2704 = CARTESIAN_POINT('',(2.631806884012E+03,76.931880230306,
    80.358944696221));
#2705 = CARTESIAN_POINT('',(2.632565915605E+03,76.775256045196,
    80.440087062497));
#2706 = CARTESIAN_POINT('',(2.633324811884E+03,76.617973638874,
    80.521213714891));
#2707 = CARTESIAN_POINT('',(2.634842896543E+03,76.301948799722,
    80.683495699863));
#2708 = CARTESIAN_POINT('',(2.635602084715E+03,76.143205359349,
    80.764651008217));
#2709 = CARTESIAN_POINT('',(2.636361130328E+03,75.98377768602,
    80.845789779067));
#2710 = CARTESIAN_POINT('',(2.637878124722E+03,75.663698663367,
    81.007947435855));
#2711 = CARTESIAN_POINT('',(2.638636073811E+03,75.503048790478,
    81.088966357685));
#2712 = CARTESIAN_POINT('',(2.639393873419E+03,75.341691250278,
    81.169967962726));
#2713 = CARTESIAN_POINT('',(2.640151519834E+03,75.179613651269,
    81.250951835711));
#2714 = ORIENTED_EDGE('',*,*,#2715,.T.);
#2715 = EDGE_CURVE('',#2685,#2716,#2718,.T.);
#2716 = VERTEX_POINT('',#2717);
#2717 = CARTESIAN_POINT('',(2.658074801307E+03,71.114261762604,
    83.272078991489));
#2718 = B_SPLINE_CURVE_WITH_KNOTS('',4,(#2719,#2720,#2721,#2722,#2723,
    #2724,#2725,#2726,#2727,#2728,#2729,#2730,#2731,#2732,#2733,#2734,
    #2735,#2736,#2737,#2738,#2739,#2740,#2741,#2742,#2743,#2744),
  .UNSPECIFIED.,.F.,.F.,(5,3,3,3,3,3,3,3,5),(0.,0.198564536595,
    0.312810498434,0.427124859014,0.541069411702,0.655525938019,
    0.770056577244,0.884663309895,1.),.UNSPECIFIED.);
#2719 = CARTESIAN_POINT('',(2.640151519834E+03,75.179613651269,
    81.250951835711));
#2720 = CARTESIAN_POINT('',(2.641043038899E+03,74.985855933643,
    81.351499238316));
#2721 = CARTESIAN_POINT('',(2.641934342777E+03,74.791099734148,
    81.45202048756));
#2722 = CARTESIAN_POINT('',(2.642825425362E+03,74.595324889583,
    81.552514864795));
#2723 = CARTESIAN_POINT('',(2.644228842083E+03,74.285272811677,
    81.710786128704));
#2724 = CARTESIAN_POINT('',(2.644741328478E+03,74.171690437804,
    81.768581484035));
#2725 = CARTESIAN_POINT('',(2.645253738326E+03,74.057760387748,
    81.826367559887));
#2726 = CARTESIAN_POINT('',(2.64627870921E+03,73.829128892957,
    81.941955459103));
#2727 = CARTESIAN_POINT('',(2.646791270154E+03,73.714427027245,
    81.999757271181));
#2728 = CARTESIAN_POINT('',(2.647303752006E+03,73.599369435251,
    82.057549507984));
#2729 = CARTESIAN_POINT('',(2.648326897406E+03,73.368908561393,
    82.172927615388));
#2730 = CARTESIAN_POINT('',(2.648837561471E+03,73.253507601968,
    82.230513548771));
#2731 = CARTESIAN_POINT('',(2.649348144476E+03,73.137745662874,
    82.28808968232));
#2732 = CARTESIAN_POINT('',(2.650371439615E+03,72.904970532155,
    82.403480715181));
#2733 = CARTESIAN_POINT('',(2.650884151007E+03,72.787954055526,
    82.461295524923));
#2734 = CARTESIAN_POINT('',(2.651396778058E+03,72.670565748463,
    82.519100153357));
#2735 = CARTESIAN_POINT('',(2.65242219275E+03,72.434961628012,
    82.634726172583));
#2736 = CARTESIAN_POINT('',(2.652934980281E+03,72.316745328038,
    82.69254754999));
#2737 = CARTESIAN_POINT('',(2.653447680751E+03,72.198149112729,
    82.750358434414));
#2738 = CARTESIAN_POINT('',(2.654473245484E+03,71.960110223206,
    82.865997316614));
#2739 = CARTESIAN_POINT('',(2.65498610963E+03,71.840667038983,
    82.923825300238));
#2740 = CARTESIAN_POINT('',(2.655498883934E+03,71.720835843121,
    82.981642473633));
#2741 = CARTESIAN_POINT('',(2.656527515544E+03,71.479624133787,
    83.097623073728));
#2742 = CARTESIAN_POINT('',(2.657043371684E+03,71.358238613581,
    83.155786360316));
#2743 = CARTESIAN_POINT('',(2.657559134075E+03,71.236452436657,
    83.213938385915));
#2744 = CARTESIAN_POINT('',(2.658074801307E+03,71.114261762604,
    83.272078991489));
#2745 = ORIENTED_EDGE('',*,*,#2746,.T.);
#2746 = EDGE_CURVE('',#2716,#2747,#2749,.T.);
#2747 = VERTEX_POINT('',#2748);
#2748 = CARTESIAN_POINT('',(2.664344642155E+03,69.588623106628,
    84.005932192354));
#2749 = B_SPLINE_CURVE_WITH_KNOTS('',4,(#2750,#2751,#2752,#2753,#2754,
    #2755,#2756,#2757),.UNSPECIFIED.,.F.,.F.,(5,3,5),(0.,0.498326337889,
    1.),.UNSPECIFIED.);
#2750 = CARTESIAN_POINT('',(2.658074801307E+03,71.114261762604,
    83.272078991489));
#2751 = CARTESIAN_POINT('',(2.658856589325E+03,70.927050323255,
    83.363588102291));
#2752 = CARTESIAN_POINT('',(2.659638157679E+03,70.738908223656,
    83.455069913379));
#2753 = CARTESIAN_POINT('',(2.660419501447E+03,70.549822089604,
    83.54652384936));
#2754 = CARTESIAN_POINT('',(2.661986976532E+03,70.168458627226,
    83.729988912658));
#2755 = CARTESIAN_POINT('',(2.662773104753E+03,69.976168395037,
    83.821999656306));
#2756 = CARTESIAN_POINT('',(2.663558995065E+03,69.782894376736,
    83.913980953736));
#2757 = CARTESIAN_POINT('',(2.664344642155E+03,69.588623106628,
    84.005932192354));
#2758 = ORIENTED_EDGE('',*,*,#2759,.T.);
#2759 = EDGE_CURVE('',#2747,#504,#2760,.T.);
#2760 = ( BOUNDED_CURVE() B_SPLINE_CURVE(3,(#2761,#2762,#2763,#2764,
    #2765,#2766,#2767,#2768,#2769,#2770),.UNSPECIFIED.,.F.,.F.) 
B_SPLINE_CURVE_WITH_KNOTS((4,1,1,1,1,1,1,4),(0.,5.937462759188E-02,
    0.169261244735,0.329619903174,0.533683498435,0.722609230536,
0.888013402964,1.),.UNSPECIFIED.) CURVE() GEOMETRIC_REPRESENTATION_ITEM(
) RATIONAL_B_SPLINE_CURVE((1.,1.,1.,1.,1.,1.,1.,1.,1.,1.)) 
REPRESENTATION_ITEM('') );
#2761 = CARTESIAN_POINT('',(0.,4.760120041747,3.652568574052));
#2762 = CARTESIAN_POINT('',(36.384885512757,37.320057365464,
    32.840127256565));
#2763 = CARTESIAN_POINT('',(164.1400044123,121.47600116837,
    105.71448588516));
#2764 = CARTESIAN_POINT('',(476.00449735354,204.23740448774,
    171.2245358197));
#2765 = CARTESIAN_POINT('',(943.3280351607,205.74322883595,
    165.30999098011));
#2766 = CARTESIAN_POINT('',(1.486434771408E+03,212.73357895038,
    172.31692937425));
#2767 = CARTESIAN_POINT('',(2.027682666396E+03,142.92057096123,
    131.89882340934));
#2768 = CARTESIAN_POINT('',(2.477449574318E+03,79.328474490275,
    96.293028138106));
#2769 = CARTESIAN_POINT('',(2.747888780157E+03,67.585836553438,
    81.747314999861));
#2770 = CARTESIAN_POINT('',(2.85E+03,27.767366910193,41.306650015305));
#2771 = ORIENTED_EDGE('',*,*,#503,.F.);
#2772 = ( BOUNDED_SURFACE() B_SPLINE_SURFACE(1,3,(
    (#2773,#2774,#2775,#2776,#2777,#2778,#2779,#2780,#2781,#2782)
    ,(#2783,#2784,#2785,#2786,#2787,#2788,#2789,#2790,#2791,#2792
)),.UNSPECIFIED.,.F.,.F.,.F.) B_SPLINE_SURFACE_WITH_KNOTS((2,2),(4,1,1,1
    ,1,1,1,4),(4.,5.),(0.,5.937462759188E-02,0.169261244735,
    0.329619903174,0.533683498435,0.722609230536,0.888013402964,1.),
.UNSPECIFIED.) GEOMETRIC_REPRESENTATION_ITEM() RATIONAL_B_SPLINE_SURFACE
((
    (1.,1.,1.,1.,1.,1.,1.,1.,1.,1.)
,(1.,1.,1.,1.,1.,1.,1.,1.,1.,1.))) REPRESENTATION_ITEM('') SURFACE() );
#2773 = CARTESIAN_POINT('',(0.,5.196152422707,3.));
#2774 = CARTESIAN_POINT('',(36.384885512757,40.73861684041,
    26.999769654897));
#2775 = CARTESIAN_POINT('',(164.1400044123,132.60334030148,
    86.923925480871));
#2776 = CARTESIAN_POINT('',(476.00449735354,222.94578179308,
    139.66804870219));
#2777 = CARTESIAN_POINT('',(943.3280351607,224.58954135513,
    132.32236088229));
#2778 = CARTESIAN_POINT('',(1.486434771408E+03,232.22021544824,
    139.44235298751));
#2779 = CARTESIAN_POINT('',(2.027682666396E+03,156.01225694767,
    109.01635386606));
#2780 = CARTESIAN_POINT('',(2.477449574318E+03,86.595052498075,
    82.521011897265));
#2781 = CARTESIAN_POINT('',(2.747888780157E+03,73.776775641753,
    71.72160103326));
#2782 = CARTESIAN_POINT('',(2.85E+03,30.310889132455,37.5));
#2783 = CARTESIAN_POINT('',(0.,4.760120041747,3.652568574052));
#2784 = CARTESIAN_POINT('',(36.384885512757,37.320057365464,
    32.840127256565));
#2785 = CARTESIAN_POINT('',(164.1400044123,121.47600116837,
    105.71448588516));
#2786 = CARTESIAN_POINT('',(476.00449735354,204.23740448774,
    171.2245358197));
#2787 = CARTESIAN_POINT('',(943.3280351607,205.74322883595,
    165.30999098011));
#2788 = CARTESIAN_POINT('',(1.486434771408E+03,212.73357895038,
    172.31692937425));
#2789 = CARTESIAN_POINT('',(2.027682666396E+03,142.92057096123,
    131.89882340934));
#2790 = CARTESIAN_POINT('',(2.477449574318E+03,79.328474490275,
    96.293028138106));
#2791 = CARTESIAN_POINT('',(2.747888780157E+03,67.585836553438,
    81.747314999861));
#2792 = CARTESIAN_POINT('',(2.85E+03,27.767366910193,41.306650015305));
#2793 = ADVANCED_FACE('',(#2794),#3331,.T.);
#2794 = FACE_BOUND('',#2795,.T.);
#2795 = EDGE_LOOP('',(#2796,#2811,#2812,#2825,#2826,#2827,#2840,#2850,
    #3025,#3056,#3087,#3118,#3149,#3186,#3214,#3245,#3276,#3295,#3314));
#2796 = ORIENTED_EDGE('',*,*,#2797,.F.);
#2797 = EDGE_CURVE('',#2090,#2798,#2800,.T.);
#2798 = VERTEX_POINT('',#2799);
#2799 = CARTESIAN_POINT('',(2.324533226476E+03,102.64426694279,
    108.83031884855));
#2800 = ( BOUNDED_CURVE() B_SPLINE_CURVE(3,(#2801,#2802,#2803,#2804,
    #2805,#2806,#2807,#2808,#2809,#2810),.UNSPECIFIED.,.F.,.F.) 
B_SPLINE_CURVE_WITH_KNOTS((4,1,1,1,1,1,1,4),(0.,5.937462759188E-02,
    0.169261244735,0.329619903174,0.533683498435,0.722609230536,
0.888013402964,1.),.UNSPECIFIED.) CURVE() GEOMETRIC_REPRESENTATION_ITEM(
) RATIONAL_B_SPLINE_CURVE((1.,1.,1.,1.,1.,1.,1.,1.,1.,1.)) 
REPRESENTATION_ITEM('') );
#2801 = CARTESIAN_POINT('',(0.,4.760120041747,3.652568574052));
#2802 = CARTESIAN_POINT('',(36.384885512757,37.320057365464,
    32.840127256565));
#2803 = CARTESIAN_POINT('',(164.1400044123,121.47600116837,
    105.71448588516));
#2804 = CARTESIAN_POINT('',(476.00449735354,204.23740448774,
    171.2245358197));
#2805 = CARTESIAN_POINT('',(943.3280351607,205.74322883595,
    165.30999098011));
#2806 = CARTESIAN_POINT('',(1.486434771408E+03,212.73357895038,
    172.31692937425));
#2807 = CARTESIAN_POINT('',(2.027682666396E+03,142.92057096123,
    131.89882340934));
#2808 = CARTESIAN_POINT('',(2.477449574318E+03,79.328474490275,
    96.293028138106));
#2809 = CARTESIAN_POINT('',(2.747888780157E+03,67.585836553438,
    81.747314999861));
#2810 = CARTESIAN_POINT('',(2.85E+03,27.767366910193,41.306650015305));
#2811 = ORIENTED_EDGE('',*,*,#2089,.T.);
#2812 = ORIENTED_EDGE('',*,*,#2813,.T.);
#2813 = EDGE_CURVE('',#2083,#511,#2814,.T.);
#2814 = ( BOUNDED_CURVE() B_SPLINE_CURVE(3,(#2815,#2816,#2817,#2818,
    #2819,#2820,#2821,#2822,#2823,#2824),.UNSPECIFIED.,.F.,.F.) 
B_SPLINE_CURVE_WITH_KNOTS((4,1,1,1,1,1,1,4),(0.,5.937462759188E-02,
    0.169261244735,0.329619903174,0.533683498435,0.722609230536,
0.888013402964,1.),.UNSPECIFIED.) CURVE() GEOMETRIC_REPRESENTATION_ITEM(
) RATIONAL_B_SPLINE_CURVE((1.,1.,1.,1.,1.,1.,1.,1.,1.,1.)) 
REPRESENTATION_ITEM('') );
#2815 = CARTESIAN_POINT('',(0.,4.242640687119,4.242640687119));
#2816 = CARTESIAN_POINT('',(36.384885512757,33.262941361917,
    38.121154091314));
#2817 = CARTESIAN_POINT('',(164.1400044123,108.27017397575,
    122.7054752223));
#2818 = CARTESIAN_POINT('',(476.00449735354,182.03446856631,
    199.75885968205));
#2819 = CARTESIAN_POINT('',(943.3280351607,183.37659262859,
    195.13839732829));
#2820 = CARTESIAN_POINT('',(1.486434771408E+03,189.60701193578,
    202.04310915984));
#2821 = CARTESIAN_POINT('',(2.027682666396E+03,127.38347438059,
    152.58983994381));
#2822 = CARTESIAN_POINT('',(2.477449574318E+03,70.704564289932,
    108.74609904522));
#2823 = CARTESIAN_POINT('',(2.747888780157E+03,60.238485063368,
    90.812866821546));
#2824 = CARTESIAN_POINT('',(2.85E+03,24.748737341529,44.748737341529));
#2825 = ORIENTED_EDGE('',*,*,#510,.F.);
#2826 = ORIENTED_EDGE('',*,*,#2759,.F.);
#2827 = ORIENTED_EDGE('',*,*,#2828,.T.);
#2828 = EDGE_CURVE('',#2747,#2829,#2831,.T.);
#2829 = VERTEX_POINT('',#2830);
#2830 = CARTESIAN_POINT('',(2.669071727641E+03,68.205497662796,
    84.558228526626));
#2831 = B_SPLINE_CURVE_WITH_KNOTS('',4,(#2832,#2833,#2834,#2835,#2836,
    #2837,#2838,#2839),.UNSPECIFIED.,.F.,.F.,(5,3,5),(0.,0.500502862909,
    1.),.UNSPECIFIED.);
#2832 = CARTESIAN_POINT('',(2.664344642155E+03,69.588623106628,
    84.005932192354));
#2833 = CARTESIAN_POINT('',(2.664936674632E+03,69.417480371183,
    84.075104942881));
#2834 = CARTESIAN_POINT('',(2.66552852657E+03,69.245704451768,
    84.144256008803));
#2835 = CARTESIAN_POINT('',(2.666120195129E+03,69.073289264138,
    84.213385069683));
#2836 = CARTESIAN_POINT('',(2.667301971152E+03,68.727516042851,
    84.351459666496));
#2837 = CARTESIAN_POINT('',(2.667892079365E+03,68.554160600059,
    84.420405292078));
#2838 = CARTESIAN_POINT('',(2.668481999172E+03,68.380156453548,
    84.489328354545));
#2839 = CARTESIAN_POINT('',(2.669071727641E+03,68.205497662796,
    84.558228526626));
#2840 = ORIENTED_EDGE('',*,*,#2841,.T.);
#2841 = EDGE_CURVE('',#2829,#2842,#2844,.T.);
#2842 = VERTEX_POINT('',#2843);
#2843 = CARTESIAN_POINT('',(2.67278071217E+03,67.089836765306,85.));
#2844 = B_SPLINE_CURVE_WITH_KNOTS('',4,(#2845,#2846,#2847,#2848,#2849),
  .UNSPECIFIED.,.F.,.F.,(5,5),(0.,1.),.PIECEWISE_BEZIER_KNOTS.);
#2845 = CARTESIAN_POINT('',(2.669071727641E+03,68.205497662796,
    84.558228526626));
#2846 = CARTESIAN_POINT('',(2.669999652975E+03,67.929051105679,
    84.668754146384));
#2847 = CARTESIAN_POINT('',(2.670927132859E+03,67.650974395787,
    84.779225431316));
#2848 = CARTESIAN_POINT('',(2.671854156349E+03,67.371244014012,
    84.889641139151));
#2849 = CARTESIAN_POINT('',(2.67278071217E+03,67.089836765306,85.));
#2850 = ORIENTED_EDGE('',*,*,#2851,.T.);
#2851 = EDGE_CURVE('',#2842,#2852,#2854,.T.);
#2852 = VERTEX_POINT('',#2853);
#2853 = CARTESIAN_POINT('',(2.669098395178E+03,67.520516947381,
    85.441805399469));
#2854 = B_SPLINE_CURVE_WITH_KNOTS('',4,(#2855,#2856,#2857,#2858,#2859,
    #2860,#2861,#2862,#2863,#2864,#2865,#2866,#2867,#2868,#2869,#2870,
    #2871,#2872,#2873,#2874,#2875,#2876,#2877,#2878,#2879,#2880,#2881,
    #2882,#2883,#2884,#2885,#2886,#2887,#2888,#2889,#2890,#2891,#2892,
    #2893,#2894,#2895,#2896,#2897,#2898,#2899,#2900,#2901,#2902,#2903,
    #2904,#2905,#2906,#2907,#2908,#2909,#2910,#2911,#2912,#2913,#2914,
    #2915,#2916,#2917,#2918,#2919,#2920,#2921,#2922,#2923,#2924,#2925,
    #2926,#2927,#2928,#2929,#2930,#2931,#2932,#2933,#2934,#2935,#2936,
    #2937,#2938,#2939,#2940,#2941,#2942,#2943,#2944,#2945,#2946,#2947,
    #2948,#2949,#2950,#2951,#2952,#2953,#2954,#2955,#2956,#2957,#2958,
    #2959,#2960,#2961,#2962,#2963,#2964,#2965,#2966,#2967,#2968,#2969,
    #2970,#2971,#2972,#2973,#2974,#2975,#2976,#2977,#2978,#2979,#2980,
    #2981,#2982,#2983,#2984,#2985,#2986,#2987,#2988,#2989,#2990,#2991,
    #2992,#2993,#2994,#2995,#2996,#2997,#2998,#2999,#3000,#3001,#3002,
    #3003,#3004,#3005,#3006,#3007,#3008,#3009,#3010,#3011,#3012,#3013,
    #3014,#3015,#3016,#3017,#3018,#3019,#3020,#3021,#3022,#3023,#3024),
  .UNSPECIFIED.,.F.,.F.,(5,3,3,3,3,3,3,3,3,3,3,3,3,3,3,3,3,3,3,3,3,3,3,3
    ,3,3,3,3,3,3,3,3,3,3,3,3,3,3,3,3,3,3,3,3,3,3,3,3,3,3,3,3,3,3,3,3,5),
  (0.,1.738236022035E-02,3.414875860322E-02,5.127505560684E-02,
    6.884126405212E-02,8.880801332266E-02,0.104333034469,0.119857858581,
    0.131661394504,0.143504827221,0.155348145376,0.166791242824,
    0.178594325903,0.190437304594,0.202280169073,0.213722828508,
    0.225525460132,0.236967902558,0.248810318748,0.259812461598,
    0.271654657985,0.283496740769,0.295338710039,0.307140559842,
    0.31898230204,0.330823930988,0.342665446776,0.354066799698,
    0.365908093076,0.377749273557,0.389590341226,0.40143129617,
    0.412832108953,0.424272819397,0.43611344427,0.447113923739,
    0.458954331504,0.47079462706,0.482594810099,0.494434881192,
    0.506274840337,0.518114687625,0.528714455974,0.540154105513,
    0.551953634901,0.563793050639,0.575632354942,0.587471547898,
    0.59887066602,0.610709640128,0.622548503147,0.634387255164,
    0.645385996366,0.657224534101,0.669062961089,0.680901277414,1.),
  .UNSPECIFIED.);
#2855 = CARTESIAN_POINT('',(2.67278071217E+03,67.089836765306,85.));
#2856 = CARTESIAN_POINT('',(2.672764714632E+03,67.091749564229,
    85.001919221483));
#2857 = CARTESIAN_POINT('',(2.672748717042E+03,67.093661879925,
    85.003838451058));
#2858 = CARTESIAN_POINT('',(2.672732719402E+03,67.095573712534,
    85.005757688723));
#2859 = CARTESIAN_POINT('',(2.672701290913E+03,67.099328681214,
    85.009528169769));
#2860 = CARTESIAN_POINT('',(2.672685860069E+03,67.101171850904,
    85.011379412589));
#2861 = CARTESIAN_POINT('',(2.672670429177E+03,67.103014571394,
    85.013230662925));
#2862 = CARTESIAN_POINT('',(2.672639236066E+03,67.106738659439,
    85.016972916744));
#2863 = CARTESIAN_POINT('',(2.672623473844E+03,67.108620007508,
    85.018863920553));
#2864 = CARTESIAN_POINT('',(2.672607711574E+03,67.110500887148,
    85.020754932196));
#2865 = CARTESIAN_POINT('',(2.672575782057E+03,67.114310010667,
    85.024585544463));
#2866 = CARTESIAN_POINT('',(2.672559614809E+03,67.116238230181,
    85.026525145495));
#2867 = CARTESIAN_POINT('',(2.672543447508E+03,67.118165957174,
    85.02846475476));
#2868 = CARTESIAN_POINT('',(2.672508903426E+03,67.122283796011,
    85.032609051555));
#2869 = CARTESIAN_POINT('',(2.672490526629E+03,67.124473764086,
    85.034813741488));
#2870 = CARTESIAN_POINT('',(2.672472149764E+03,67.126663096226,
    85.037018442046));
#2871 = CARTESIAN_POINT('',(2.672439483965E+03,67.130553599866,
    85.040937412621));
#2872 = CARTESIAN_POINT('',(2.672425195056E+03,67.132255022747,
    85.042651678439));
#2873 = CARTESIAN_POINT('',(2.672410906107E+03,67.133956061385,
    85.044365950674));
#2874 = CARTESIAN_POINT('',(2.672382328309E+03,67.137357348788,
    85.047794486212));
#2875 = CARTESIAN_POINT('',(2.67236803946E+03,67.139057597562,
    85.049508749516));
#2876 = CARTESIAN_POINT('',(2.672353750571E+03,67.140757462302,
    85.051223019229));
#2877 = CARTESIAN_POINT('',(2.672328597757E+03,67.14374905969,
    85.054240660822));
#2878 = CARTESIAN_POINT('',(2.672317733849E+03,67.145040954337,
    85.055544030001));
#2879 = CARTESIAN_POINT('',(2.672306869917E+03,67.146332627091,
    85.05684740288));
#2880 = CARTESIAN_POINT('',(2.672285105287E+03,67.148919894094,
    85.059458561547));
#2881 = CARTESIAN_POINT('',(2.672274204588E+03,67.150215486841,
    85.060766347358));
#2882 = CARTESIAN_POINT('',(2.672263303866E+03,67.15151085628,
    85.062074136894));
#2883 = CARTESIAN_POINT('',(2.672241502479E+03,67.1541011361,
    85.064689710759));
#2884 = CARTESIAN_POINT('',(2.672230601815E+03,67.155396046486,
    85.065997495089));
#2885 = CARTESIAN_POINT('',(2.672219701128E+03,67.156690733655,
    85.06730528314));
#2886 = CARTESIAN_POINT('',(2.672198268073E+03,67.159235917888,
    85.069876672534));
#2887 = CARTESIAN_POINT('',(2.672187735707E+03,67.160486429779,
    85.07114027363));
#2888 = CARTESIAN_POINT('',(2.67217720332E+03,67.161736733366,
    85.072403878197));
#2889 = CARTESIAN_POINT('',(2.672155807164E+03,67.164276250457,
    85.074970845811));
#2890 = CARTESIAN_POINT('',(2.672144943395E+03,67.165565450652,
    85.076274209078));
#2891 = CARTESIAN_POINT('',(2.672134079602E+03,67.166854429316,
    85.077577576037));
#2892 = CARTESIAN_POINT('',(2.67211231525E+03,67.169436299799,
    85.080188722855));
#2893 = CARTESIAN_POINT('',(2.67210141469E+03,67.170729190119,
    85.08149650274));
#2894 = CARTESIAN_POINT('',(2.672090514106E+03,67.172021857496,
    85.082804286338));
#2895 = CARTESIAN_POINT('',(2.672068712998E+03,67.174606733987,
    85.085419848343));
#2896 = CARTESIAN_POINT('',(2.672057812473E+03,67.175898943106,
    85.086727626751));
#2897 = CARTESIAN_POINT('',(2.672046911924E+03,67.177190929375,
    85.088035408868));
#2898 = CARTESIAN_POINT('',(2.672025479143E+03,67.179730803832,
    85.090606786609));
#2899 = CARTESIAN_POINT('',(2.672014946911E+03,67.180978706824,
    85.091870381986));
#2900 = CARTESIAN_POINT('',(2.672004414658E+03,67.182226401854,
    85.093133980824));
#2901 = CARTESIAN_POINT('',(2.671983018775E+03,67.184760620498,
    85.095700936813));
#2902 = CARTESIAN_POINT('',(2.671972155144E+03,67.186047130825,
    85.097004294186));
#2903 = CARTESIAN_POINT('',(2.67196129149E+03,67.187333419985,
    85.098307655238));
#2904 = CARTESIAN_POINT('',(2.67193989567E+03,67.189866308215,
    85.100874609));
#2905 = CARTESIAN_POINT('',(2.671929363505E+03,67.191112920576,
    85.102138201489));
#2906 = CARTESIAN_POINT('',(2.671918831319E+03,67.192359325143,
    85.103401797433));
#2907 = CARTESIAN_POINT('',(2.671897398746E+03,67.194895279926,
    85.105973165698));
#2908 = CARTESIAN_POINT('',(2.671886498359E+03,67.196184815364,
    85.107280938265));
#2909 = CARTESIAN_POINT('',(2.671875597948E+03,67.197474128314,
    85.10858871453));
#2910 = CARTESIAN_POINT('',(2.671854570514E+03,67.199960842485,
    85.111111481511));
#2911 = CARTESIAN_POINT('',(2.671844443495E+03,67.201158274153,
    85.112326471722));
#2912 = CARTESIAN_POINT('',(2.671834316456E+03,67.20235551386,
    85.113541465122));
#2913 = CARTESIAN_POINT('',(2.6718132891E+03,67.204841008362,
    85.116064227698));
#2914 = CARTESIAN_POINT('',(2.67180238878E+03,67.20612923273,
    85.11737199738));
#2915 = CARTESIAN_POINT('',(2.671791488437E+03,67.207417234787,
    85.118679770754));
#2916 = CARTESIAN_POINT('',(2.671769687808E+03,67.209992782017,
    85.12129531234));
#2917 = CARTESIAN_POINT('',(2.671758787523E+03,67.211280327192,
    85.122603080551));
#2918 = CARTESIAN_POINT('',(2.671747887214E+03,67.21256765015,
    85.123910852451));
#2919 = CARTESIAN_POINT('',(2.671726086655E+03,67.215141839379,
    85.126526391093));
#2920 = CARTESIAN_POINT('',(2.671715186405E+03,67.216428705655,
    85.127834157834));
#2921 = CARTESIAN_POINT('',(2.671704286131E+03,67.217715349805,
    85.129141928263));
#2922 = CARTESIAN_POINT('',(2.671682522466E+03,67.220283835666,
    85.131753045875));
#2923 = CARTESIAN_POINT('',(2.671671659075E+03,67.221565678878,
    85.133056393034));
#2924 = CARTESIAN_POINT('',(2.671660795661E+03,67.222847301555,
    85.134359743852));
#2925 = CARTESIAN_POINT('',(2.671639032067E+03,67.225414437295,
    85.136970858379));
#2926 = CARTESIAN_POINT('',(2.671628131887E+03,67.226699948865,
    85.138278622113));
#2927 = CARTESIAN_POINT('',(2.671617231683E+03,67.227985238494,
    85.139586389527));
#2928 = CARTESIAN_POINT('',(2.671595431334E+03,67.230555361665,
    85.142201919208));
#2929 = CARTESIAN_POINT('',(2.671584531188E+03,67.231840195213,
    85.143509681475));
#2930 = CARTESIAN_POINT('',(2.671573631019E+03,67.23312480691,
    85.144817447419));
#2931 = CARTESIAN_POINT('',(2.67155183074E+03,67.235693574421,
    85.147432974165));
#2932 = CARTESIAN_POINT('',(2.671540930629E+03,67.236977730238,
    85.148740734966));
#2933 = CARTESIAN_POINT('',(2.671530030495E+03,67.238261664297,
    85.150048499442));
#2934 = CARTESIAN_POINT('',(2.671508635352E+03,67.240781371914,
    85.152615424484));
#2935 = CARTESIAN_POINT('',(2.671498140345E+03,67.242017161647,
    85.153874584782));
#2936 = CARTESIAN_POINT('',(2.671487645316E+03,67.243252745882,
    85.155133748485));
#2937 = CARTESIAN_POINT('',(2.671466250247E+03,67.245771172612,
    85.157700669786));
#2938 = CARTESIAN_POINT('',(2.671455350205E+03,67.247053998945,
    85.159008427652));
#2939 = CARTESIAN_POINT('',(2.67144445014E+03,67.248336603701,
    85.160316189187));
#2940 = CARTESIAN_POINT('',(2.671422650067E+03,67.250901357921,
    85.162931707127));
#2941 = CARTESIAN_POINT('',(2.671411750059E+03,67.25218350739,
    85.16423946353));
#2942 = CARTESIAN_POINT('',(2.671400850029E+03,67.253465435374,
    85.165547223601));
#2943 = CARTESIAN_POINT('',(2.671379050025E+03,67.256028836251,
    85.168162738613));
#2944 = CARTESIAN_POINT('',(2.671368150052E+03,67.257310309148,
    85.169470493554));
#2945 = CARTESIAN_POINT('',(2.671357250056E+03,67.258591560653,
    85.17077825216));
#2946 = CARTESIAN_POINT('',(2.671335450122E+03,67.261153608771,
    85.173393764247));
#2947 = CARTESIAN_POINT('',(2.671324550184E+03,67.262434405388,
    85.174701517728));
#2948 = CARTESIAN_POINT('',(2.671313650223E+03,67.263714980705,
    85.176009274869));
#2949 = CARTESIAN_POINT('',(2.67129225542E+03,67.266228096567,
    85.178576185472));
#2950 = CARTESIAN_POINT('',(2.671281760579E+03,67.267460653255,
    85.179835338666));
#2951 = CARTESIAN_POINT('',(2.671271265718E+03,67.26869300487,
    85.181094495251));
#2952 = CARTESIAN_POINT('',(2.671250239224E+03,67.271161609982,
    85.183617221688));
#2953 = CARTESIAN_POINT('',(2.671239707593E+03,67.272397862042,
    85.184880791565));
#2954 = CARTESIAN_POINT('',(2.67122917594E+03,67.273633907669,
    85.186144364854));
#2955 = CARTESIAN_POINT('',(2.671207744452E+03,67.276148785374,
    85.188715687063));
#2956 = CARTESIAN_POINT('',(2.671196844615E+03,67.277427602769,
    85.190023436227));
#2957 = CARTESIAN_POINT('',(2.671185944756E+03,67.278706199135,
    85.191331189043));
#2958 = CARTESIAN_POINT('',(2.671164918387E+03,67.28117224343,
    85.193853910794));
#2959 = CARTESIAN_POINT('',(2.671154791881E+03,67.282359721608,
    85.19506887923));
#2960 = CARTESIAN_POINT('',(2.671144665354E+03,67.283547009082,
    85.196283850816));
#2961 = CARTESIAN_POINT('',(2.671123639062E+03,67.286011842032,
    85.198806568212));
#2962 = CARTESIAN_POINT('',(2.671112739293E+03,67.287289357281,
    85.200114314522));
#2963 = CARTESIAN_POINT('',(2.671101839501E+03,67.288566651677,
    85.201422064478));
#2964 = CARTESIAN_POINT('',(2.671080039974E+03,67.29112078675,
    85.204037559289));
#2965 = CARTESIAN_POINT('',(2.67106914024E+03,67.29239762743,
    85.205345304143));
#2966 = CARTESIAN_POINT('',(2.671058240482E+03,67.29367424735,
    85.206653052642));
#2967 = CARTESIAN_POINT('',(2.671036477848E+03,67.296222721576,
    85.209264126526));
#2968 = CARTESIAN_POINT('',(2.671025614971E+03,67.297494577375,
    85.210567451887));
#2969 = CARTESIAN_POINT('',(2.671014752072E+03,67.298766213994,
    85.211870780864));
#2970 = CARTESIAN_POINT('',(2.670992989508E+03,67.301313346719,
    85.214481851694));
#2971 = CARTESIAN_POINT('',(2.670982089843E+03,67.302588841342,
    85.215789593571));
#2972 = CARTESIAN_POINT('',(2.670971190155E+03,67.303864115388,
    85.217097339086));
#2973 = CARTESIAN_POINT('',(2.670949390837E+03,67.30641421036,
    85.219712825025));
#2974 = CARTESIAN_POINT('',(2.670938491207E+03,67.30768903129,
    85.22102056545));
#2975 = CARTESIAN_POINT('',(2.670927591554E+03,67.308963631735,
    85.22232830951));
#2976 = CARTESIAN_POINT('',(2.670905792305E+03,67.311512379704,
    85.224943792544));
#2977 = CARTESIAN_POINT('',(2.670894892709E+03,67.312786527233,
    85.226251531517));
#2978 = CARTESIAN_POINT('',(2.67088399309E+03,67.314060454369,
    85.227559274124));
#2979 = CARTESIAN_POINT('',(2.670863335412E+03,67.316474462764,
    85.230037796204));
#2980 = CARTESIAN_POINT('',(2.670853577356E+03,67.317614587763,
    85.231208574956));
#2981 = CARTESIAN_POINT('',(2.670843819282E+03,67.318754536186,
    85.232379356619));
#2982 = CARTESIAN_POINT('',(2.670823529907E+03,67.321124390684,
    85.23481369382));
#2983 = CARTESIAN_POINT('',(2.670812998603E+03,67.322354267674,
    85.236077249838));
#2984 = CARTESIAN_POINT('',(2.670802467278E+03,67.323583939074,
    85.237340809242));
#2985 = CARTESIAN_POINT('',(2.67078107328E+03,67.326081548526,
    85.239907685234));
#2986 = CARTESIAN_POINT('',(2.670770210606E+03,67.327349473443,
    85.241211002037));
#2987 = CARTESIAN_POINT('',(2.670759347909E+03,67.328617179715,
    85.242514322441));
#2988 = CARTESIAN_POINT('',(2.67073758575E+03,67.33115643959,
    85.245125376116));
#2989 = CARTESIAN_POINT('',(2.670726686289E+03,67.332427991712,
    85.246433109412));
#2990 = CARTESIAN_POINT('',(2.670715786804E+03,67.333699323796,
    85.24774084633));
#2991 = CARTESIAN_POINT('',(2.670693987892E+03,67.336241536015,
    85.250356315098));
#2992 = CARTESIAN_POINT('',(2.670683088465E+03,67.337512416153,
    85.251664046948));
#2993 = CARTESIAN_POINT('',(2.670672189015E+03,67.338783076346,
    85.252971782417));
#2994 = CARTESIAN_POINT('',(2.670650390172E+03,67.341323944981,
    85.25558724829));
#2995 = CARTESIAN_POINT('',(2.670639490779E+03,67.342594153427,
    85.256894978695));
#2996 = CARTESIAN_POINT('',(2.670628591363E+03,67.34386414202,
    85.258202712716));
#2997 = CARTESIAN_POINT('',(2.67060719763E+03,67.346356480991,
    85.260769578051));
#2998 = CARTESIAN_POINT('',(2.670596703314E+03,67.347578847407,
    85.2620287091));
#2999 = CARTESIAN_POINT('',(2.670586208977E+03,67.348801010089,
    85.2632878435));
#3000 = CARTESIAN_POINT('',(2.670564815317E+03,67.351292079608,
    85.265854705147));
#3001 = CARTESIAN_POINT('',(2.670553915992E+03,67.352560970421,
    85.267162432658));
#3002 = CARTESIAN_POINT('',(2.670543016644E+03,67.353829641562,
    85.268470163779));
#3003 = CARTESIAN_POINT('',(2.670521218007E+03,67.356366532683,
    85.271085620969));
#3004 = CARTESIAN_POINT('',(2.670510318716E+03,67.357634752668,
    85.272393347038));
#3005 = CARTESIAN_POINT('',(2.670499419403E+03,67.358902753072,
    85.273701076715));
#3006 = CARTESIAN_POINT('',(2.670477620834E+03,67.361438302921,
    85.276316531019));
#3007 = CARTESIAN_POINT('',(2.670466721578E+03,67.36270585237,
    85.277624255647));
#3008 = CARTESIAN_POINT('',(2.6704558223E+03,67.363973182329,
    85.278931983879));
#3009 = CARTESIAN_POINT('',(2.67043479705E+03,67.366417496372,
    85.281454658304));
#3010 = CARTESIAN_POINT('',(2.670424671082E+03,67.36759451049,
    85.282669604003));
#3011 = CARTESIAN_POINT('',(2.670414545095E+03,67.368771335235,
    85.283884552811));
#3012 = CARTESIAN_POINT('',(2.670393519922E+03,67.371214446726,
    85.286407222933));
#3013 = CARTESIAN_POINT('',(2.670382620732E+03,67.372480703454,
    85.287714944739));
#3014 = CARTESIAN_POINT('',(2.67037172152E+03,67.37374674087,
    85.289022670145));
#3015 = CARTESIAN_POINT('',(2.670349923154E+03,67.376278365328,
    85.291638115919));
#3016 = CARTESIAN_POINT('',(2.670339023999E+03,67.377543952372,
    85.292945836287));
#3017 = CARTESIAN_POINT('',(2.670328124822E+03,67.378809320198,
    85.294253560251));
#3018 = CARTESIAN_POINT('',(2.670306326524E+03,67.381339605673,
    85.296869003147));
#3019 = CARTESIAN_POINT('',(2.670295427403E+03,67.382604523326,
    85.298176722077));
#3020 = CARTESIAN_POINT('',(2.67028452826E+03,67.383869221852,
    85.299484444602));
#3021 = CARTESIAN_POINT('',(2.669979844937E+03,67.419217414195,
    85.336041586415));
#3022 = CARTESIAN_POINT('',(2.669686044445E+03,67.453141950382,
    85.371293612178));
#3023 = CARTESIAN_POINT('',(2.669392227828E+03,67.486908170279,
    85.406548220751));
#3024 = CARTESIAN_POINT('',(2.669098395178E+03,67.520516947381,
    85.441805399469));
#3025 = ORIENTED_EDGE('',*,*,#3026,.T.);
#3026 = EDGE_CURVE('',#2852,#3027,#3029,.T.);
#3027 = VERTEX_POINT('',#3028);
#3028 = CARTESIAN_POINT('',(2.658168195759E+03,68.71035153065,
    86.728400934338));
#3029 = B_SPLINE_CURVE_WITH_KNOTS('',4,(#3030,#3031,#3032,#3033,#3034,
    #3035,#3036,#3037,#3038,#3039,#3040,#3041,#3042,#3043,#3044,#3045,
    #3046,#3047,#3048,#3049,#3050,#3051,#3052,#3053,#3054,#3055),
  .UNSPECIFIED.,.F.,.F.,(5,3,3,3,3,3,3,3,5),(0.,0.112179106806,
    0.224062762041,0.335916807014,0.447701887376,0.559498657015,
    0.671267731016,0.783009725608,1.),.UNSPECIFIED.);
#3030 = CARTESIAN_POINT('',(2.669098395178E+03,67.520516947381,
    85.441805399469));
#3031 = CARTESIAN_POINT('',(2.668792098863E+03,67.556095401395,
    85.477850600291));
#3032 = CARTESIAN_POINT('',(2.668485783265E+03,67.59150284064,
    85.513898756555));
#3033 = CARTESIAN_POINT('',(2.668179448635E+03,67.626740232551,
    85.549949836507));
#3034 = CARTESIAN_POINT('',(2.667567548663E+03,67.696784496014,
    85.62196282419));
#3035 = CARTESIAN_POINT('',(2.667261983421E+03,67.731592257015,
    85.657924716704));
#3036 = CARTESIAN_POINT('',(2.666956399738E+03,67.766232787933,
    85.693889455438));
#3037 = CARTESIAN_POINT('',(2.666345276849E+03,67.835172186492,
    85.765815045431));
#3038 = CARTESIAN_POINT('',(2.666039737653E+03,67.869471142126,
    85.801775895199));
#3039 = CARTESIAN_POINT('',(2.665734180506E+03,67.903604875489,
    85.837739528701));
#3040 = CARTESIAN_POINT('',(2.665123219186E+03,67.971522872825,
    85.909650127774));
#3041 = CARTESIAN_POINT('',(2.664817815035E+03,68.005307339288,
    85.945597089951));
#3042 = CARTESIAN_POINT('',(2.664512393426E+03,68.03892870353,
    85.981546772525));
#3043 = CARTESIAN_POINT('',(2.663901483811E+03,68.105850642309,
    86.05345527905));
#3044 = CARTESIAN_POINT('',(2.663595995802E+03,68.139151182932,
    86.089414103566));
#3045 = CARTESIAN_POINT('',(2.663290490791E+03,68.172290503654,
    86.125375590107));
#3046 = CARTESIAN_POINT('',(2.662679522906E+03,68.238240451887,
    86.19729491979));
#3047 = CARTESIAN_POINT('',(2.66237406004E+03,68.27105115879,
    86.233252761627));
#3048 = CARTESIAN_POINT('',(2.662068580632E+03,68.303702641033,
    86.26921320622));
#3049 = CARTESIAN_POINT('',(2.66145766319E+03,68.36868119878,
    86.341130530795));
#3050 = CARTESIAN_POINT('',(2.661152225163E+03,68.401008350964,
    86.37708740953));
#3051 = CARTESIAN_POINT('',(2.660846771045E+03,68.433178269509,
    86.413046832793));
#3052 = CARTESIAN_POINT('',(2.659948112983E+03,68.527358770656,
    86.518842779098));
#3053 = CARTESIAN_POINT('',(2.659354865036E+03,68.588936323297,
    86.588686276875));
#3054 = CARTESIAN_POINT('',(2.658761558868E+03,68.649931567456,
    86.658539052002));
#3055 = CARTESIAN_POINT('',(2.658168195759E+03,68.71035153065,
    86.728400934338));
#3056 = ORIENTED_EDGE('',*,*,#3057,.T.);
#3057 = EDGE_CURVE('',#3027,#3058,#3060,.T.);
#3058 = VERTEX_POINT('',#3059);
#3059 = CARTESIAN_POINT('',(2.64033461153E+03,70.400917875654,
    88.751204456153));
#3060 = B_SPLINE_CURVE_WITH_KNOTS('',4,(#3061,#3062,#3063,#3064,#3065,
    #3066,#3067,#3068,#3069,#3070,#3071,#3072,#3073,#3074,#3075,#3076,
    #3077,#3078,#3079,#3080,#3081,#3082,#3083,#3084,#3085,#3086),
  .UNSPECIFIED.,.F.,.F.,(5,3,3,3,3,3,3,3,5),(0.,0.117102007444,
    0.234332969668,0.351480495424,0.46818628728,0.585292129498,
    0.701919698695,0.818910160831,1.),.UNSPECIFIED.);
#3061 = CARTESIAN_POINT('',(2.658168195759E+03,68.71035153065,
    86.728400934338));
#3062 = CARTESIAN_POINT('',(2.657646623622E+03,68.765199555251,
    86.787539316709));
#3063 = CARTESIAN_POINT('',(2.657125005692E+03,68.81960246805,
    86.846684670429));
#3064 = CARTESIAN_POINT('',(2.656603343025E+03,68.873565015747,
    86.905836863133));
#3065 = CARTESIAN_POINT('',(2.655559355749E+03,68.980677815725,
    87.024219815968));
#3066 = CARTESIAN_POINT('',(2.655037031044E+03,69.033827108028,
    87.083450590882));
#3067 = CARTESIAN_POINT('',(2.654514663553E+03,69.086544580941,
    87.142687961778));
#3068 = CARTESIAN_POINT('',(2.653470216788E+03,69.19108818794,
    87.26113347913));
#3069 = CARTESIAN_POINT('',(2.652948137575E+03,69.242914929685,
    87.320341616374));
#3070 = CARTESIAN_POINT('',(2.65242601761E+03,69.294319966006,
    87.37955608971));
#3071 = CARTESIAN_POINT('',(2.651383667014E+03,69.396103854378,
    87.497774158908));
#3072 = CARTESIAN_POINT('',(2.650863436683E+03,69.446485844983,
    87.55677770799));
#3073 = CARTESIAN_POINT('',(2.650343167792E+03,69.496458705048,
    87.615787304439));
#3074 = CARTESIAN_POINT('',(2.64930077117E+03,69.595765452647,
    87.734020654932));
#3075 = CARTESIAN_POINT('',(2.648778643181E+03,69.645096562663,
    87.793244449699));
#3076 = CARTESIAN_POINT('',(2.648256478197E+03,69.694025188264,
    87.85247409763));
#3077 = CARTESIAN_POINT('',(2.647214208731E+03,69.790888728321,
    87.970702946706));
#3078 = CARTESIAN_POINT('',(2.646694104543E+03,69.838826885052,
    88.02970210107));
#3079 = CARTESIAN_POINT('',(2.64617396541E+03,69.886375204961,
    88.088706833876));
#3080 = CARTESIAN_POINT('',(2.645132000384E+03,69.980848259399,
    88.206910849783));
#3081 = CARTESIAN_POINT('',(2.644610174279E+03,70.027770593238,
    88.266110166962));
#3082 = CARTESIAN_POINT('',(2.644088314703E+03,70.074310070864,
    88.325314875634));
#3083 = CARTESIAN_POINT('',(2.642758584136E+03,70.191924638745,
    88.476176168456));
#3084 = CARTESIAN_POINT('',(2.641950667538E+03,70.262471833415,
    88.56784013115));
#3085 = CARTESIAN_POINT('',(2.641142675795E+03,70.332130432303,
    88.659516345667));
#3086 = CARTESIAN_POINT('',(2.64033461153E+03,70.400917875654,
    88.751204456153));
#3087 = ORIENTED_EDGE('',*,*,#3088,.T.);
#3088 = EDGE_CURVE('',#3058,#3089,#3091,.T.);
#3089 = VERTEX_POINT('',#3090);
#3090 = CARTESIAN_POINT('',(2.616153569525E+03,72.303153566049,
    91.351834436513));
#3091 = B_SPLINE_CURVE_WITH_KNOTS('',4,(#3092,#3093,#3094,#3095,#3096,
    #3097,#3098,#3099,#3100,#3101,#3102,#3103,#3104,#3105,#3106,#3107,
    #3108,#3109,#3110,#3111,#3112,#3113,#3114,#3115,#3116,#3117),
  .UNSPECIFIED.,.F.,.F.,(5,3,3,3,3,3,3,3,5),(0.,0.119764101085,
    0.238628708801,0.357810033036,0.476550156936,0.595691556616,
    0.714356611199,0.833387102969,1.),.UNSPECIFIED.);
#3092 = CARTESIAN_POINT('',(2.64033461153E+03,70.400917875654,
    88.751204456153));
#3093 = CARTESIAN_POINT('',(2.639611245029E+03,70.465772591795,
    88.828969448991));
#3094 = CARTESIAN_POINT('',(2.63888781699E+03,70.529927383404,
    88.90674383259));
#3095 = CARTESIAN_POINT('',(2.638164329522E+03,70.593394731735,
    88.984527340848));
#3096 = CARTESIAN_POINT('',(2.636722673952E+03,70.718507853652,
    89.139527832659));
#3097 = CARTESIAN_POINT('',(2.636004506709E+03,70.780163728092,
    89.216744683467));
#3098 = CARTESIAN_POINT('',(2.635286284859E+03,70.84116689801,
    89.293970020836));
#3099 = CARTESIAN_POINT('',(2.633847821804E+03,70.962052976224,
    89.448642978876));
#3100 = CARTESIAN_POINT('',(2.633127580316E+03,71.021932466395,
    89.526090643531));
#3101 = CARTESIAN_POINT('',(2.632407287667E+03,71.081180241646,
    89.603546356954));
#3102 = CARTESIAN_POINT('',(2.630969270241E+03,71.198219776504,
    89.758186652712));
#3103 = CARTESIAN_POINT('',(2.630251545829E+03,71.256016114161,
    89.835371177264));
#3104 = CARTESIAN_POINT('',(2.629533774144E+03,71.313209631379,
    89.912563230934));
#3105 = CARTESIAN_POINT('',(2.62809571372E+03,71.426606435939,
    90.06722284652));
#3106 = CARTESIAN_POINT('',(2.627375424673E+03,71.482805723611,
    90.144690457898));
#3107 = CARTESIAN_POINT('',(2.626655091377E+03,71.53842243893,
    90.222165204583));
#3108 = CARTESIAN_POINT('',(2.625217219627E+03,71.648294952096,
    90.376818757552));
#3109 = CARTESIAN_POINT('',(2.624499681513E+03,71.702555302,
    90.453997508582));
#3110 = CARTESIAN_POINT('',(2.623782102641E+03,71.756261796929,
    90.531182914478));
#3111 = CARTESIAN_POINT('',(2.622344656385E+03,71.862754759442,
    90.685804347767));
#3112 = CARTESIAN_POINT('',(2.621624788759E+03,71.915537884357,
    90.76324041494));
#3113 = CARTESIAN_POINT('',(2.620904883104E+03,71.967787881138,
    90.840682769014));
#3114 = CARTESIAN_POINT('',(2.619177201841E+03,72.091924358027,
    91.02653965117));
#3115 = CARTESIAN_POINT('',(2.618169391088E+03,72.163310976975,
    91.134960023402));
#3116 = CARTESIAN_POINT('',(2.617161512508E+03,72.233709729368,
    91.243391783366));
#3117 = CARTESIAN_POINT('',(2.616153569525E+03,72.303153566049,
    91.351834436513));
#3118 = ORIENTED_EDGE('',*,*,#3119,.T.);
#3119 = EDGE_CURVE('',#3089,#3120,#3122,.T.);
#3120 = VERTEX_POINT('',#3121);
#3121 = CARTESIAN_POINT('',(2.586368697358E+03,74.252660225575,
    94.345046678644));
#3122 = B_SPLINE_CURVE_WITH_KNOTS('',4,(#3123,#3124,#3125,#3126,#3127,
    #3128,#3129,#3130,#3131,#3132,#3133,#3134,#3135,#3136,#3137,#3138,
    #3139,#3140,#3141,#3142,#3143,#3144,#3145,#3146,#3147,#3148),
  .UNSPECIFIED.,.F.,.F.,(5,3,3,3,3,3,3,3,5),(0.,0.121375005194,
    0.241411217559,0.361373811149,0.481345456191,0.601288638513,
    0.721205726938,0.841098965027,1.),.UNSPECIFIED.);
#3123 = CARTESIAN_POINT('',(2.616153569525E+03,72.303153566049,
    91.351834436513));
#3124 = CARTESIAN_POINT('',(2.615250318368E+03,72.370231803871,
    91.442575282157));
#3125 = CARTESIAN_POINT('',(2.61434701104E+03,72.436539665875,
    91.533324747073));
#3126 = CARTESIAN_POINT('',(2.613443650254E+03,72.502100856152,
    91.624082474456));
#3127 = CARTESIAN_POINT('',(2.61164679165E+03,72.631061963903,
    91.8046126088));
#3128 = CARTESIAN_POINT('',(2.610753294951E+03,72.694477744067,
    91.894384841901));
#3129 = CARTESIAN_POINT('',(2.609859750886E+03,72.75720919152,
    91.984164494332));
#3130 = CARTESIAN_POINT('',(2.608073120635E+03,72.881310901124,
    92.163682942787));
#3131 = CARTESIAN_POINT('',(2.607180034505E+03,72.94268197445,
    92.253421730047));
#3132 = CARTESIAN_POINT('',(2.606286905629E+03,73.003415032199,
    92.343167300024));
#3133 = CARTESIAN_POINT('',(2.604500499248E+03,73.123654959439,
    92.522678177774));
#3134 = CARTESIAN_POINT('',(2.603607221739E+03,73.183161736034,
    92.612443486473));
#3135 = CARTESIAN_POINT('',(2.602713905734E+03,73.242075716124,
    92.702214979111));
#3136 = CARTESIAN_POINT('',(2.600927412658E+03,73.358749400111,
    92.881748458846));
#3137 = CARTESIAN_POINT('',(2.600034235603E+03,73.416509374523,
    92.971510443094));
#3138 = CARTESIAN_POINT('',(2.599141024048E+03,73.473721965448,
    93.061278034488));
#3139 = CARTESIAN_POINT('',(2.59735472998E+03,73.587085015656,
    93.240804351132));
#3140 = CARTESIAN_POINT('',(2.596461647482E+03,73.643235703299,
    93.33056307401));
#3141 = CARTESIAN_POINT('',(2.595568534214E+03,73.698884188973,
    93.420326851696));
#3142 = CARTESIAN_POINT('',(2.593782427251E+03,73.809210564611,
    93.599846134372));
#3143 = CARTESIAN_POINT('',(2.592889433569E+03,73.863888645432,
    93.689601637407));
#3144 = CARTESIAN_POINT('',(2.591996412606E+03,73.918109482494,
    93.779361665229));
#3145 = CARTESIAN_POINT('',(2.589919762699E+03,74.04318074571,
    93.988095474803));
#3146 = CARTESIAN_POINT('',(2.588736114345E+03,74.113702108588,
    94.107072488021));
#3147 = CARTESIAN_POINT('',(2.587552424745E+03,74.183511375387,
    94.22605640951));
#3148 = CARTESIAN_POINT('',(2.586368697358E+03,74.252660225575,
    94.345046678644));
#3149 = ORIENTED_EDGE('',*,*,#3150,.T.);
#3150 = EDGE_CURVE('',#3120,#3151,#3153,.T.);
#3151 = VERTEX_POINT('',#3152);
#3152 = CARTESIAN_POINT('',(2.551884948971E+03,76.340044897112,
    97.53492468247));
#3153 = B_SPLINE_CURVE_WITH_KNOTS('',4,(#3154,#3155,#3156,#3157,#3158,
    #3159,#3160,#3161,#3162,#3163,#3164,#3165,#3166,#3167,#3168,#3169,
    #3170,#3171,#3172,#3173,#3174,#3175,#3176,#3177,#3178,#3179,#3180,
    #3181,#3182,#3183,#3184,#3185),.UNSPECIFIED.,.F.,.F.,(5,3,3,3,3,3,3,
    3,3,3,5),(0.,0.150273891131,0.298832072108,0.447763361417,
    0.596272160979,0.696614036243,0.796948854937,0.864688477361,
    0.890360135575,0.922989088576,1.),.UNSPECIFIED.);
#3154 = CARTESIAN_POINT('',(2.586368697358E+03,74.252660225575,
    94.345046678644));
#3155 = CARTESIAN_POINT('',(2.585073500272E+03,74.336071196818,
    94.464841088614));
#3156 = CARTESIAN_POINT('',(2.583778252625E+03,74.418683631558,
    94.584642990369));
#3157 = CARTESIAN_POINT('',(2.582482959438E+03,74.50056531519,
    94.704451658363));
#3158 = CARTESIAN_POINT('',(2.579907080422E+03,74.662074840813,
    94.942713183266));
#3159 = CARTESIAN_POINT('',(2.578626495524E+03,74.741717742218,
    95.061165902077));
#3160 = CARTESIAN_POINT('',(2.577345875181E+03,74.82077761596,
    95.179623880308));
#3161 = CARTESIAN_POINT('',(2.574781355651E+03,74.978058376392,
    95.416846577881));
#3162 = CARTESIAN_POINT('',(2.573497456308E+03,75.056276657656,
    95.535611320126));
#3163 = CARTESIAN_POINT('',(2.572213529838E+03,75.134039604212,
    95.654380039708));
#3164 = CARTESIAN_POINT('',(2.569649273014E+03,75.288565576493,
    95.891587224313));
#3165 = CARTESIAN_POINT('',(2.568368942794E+03,75.365330813486,
    96.010025670138));
#3166 = CARTESIAN_POINT('',(2.567088593599E+03,75.44177261458,
    96.128466804023));
#3167 = CARTESIAN_POINT('',(2.56494313467E+03,75.569429095724,
    96.326937673191));
#3168 = CARTESIAN_POINT('',(2.564078033168E+03,75.620784604214,
    96.406966284891));
#3169 = CARTESIAN_POINT('',(2.563212925936E+03,75.672041655534,
    96.486995648651));
#3170 = CARTESIAN_POINT('',(2.561482763169E+03,75.774394820146,
    96.647049871865));
#3171 = CARTESIAN_POINT('',(2.560617707636E+03,75.825490944582,
    96.727074731202));
#3172 = CARTESIAN_POINT('',(2.559752648692E+03,75.876528194256,
    96.807099962222));
#3173 = CARTESIAN_POINT('',(2.55830355374E+03,75.961956953062,
    96.941153392378));
#3174 = CARTESIAN_POINT('',(2.557719518964E+03,75.996369761092,
    96.995181492325));
#3175 = CARTESIAN_POINT('',(2.557135483508E+03,76.030770802995,
    97.049209617019));
#3176 = CARTESIAN_POINT('',(2.556330112461E+03,76.078201134575,
    97.123713031758));
#3177 = CARTESIAN_POINT('',(2.556108777151E+03,76.091235307278,
    97.144188350538));
#3178 = CARTESIAN_POINT('',(2.555887441814E+03,76.104268991125,
    97.164663661325));
#3179 = CARTESIAN_POINT('',(2.555384786867E+03,76.133868265939,
    97.211163286417));
#3180 = CARTESIAN_POINT('',(2.555103467252E+03,76.150433759064,
    97.237187593849));
#3181 = CARTESIAN_POINT('',(2.554822147661E+03,76.166999672718,
    97.263211876717));
#3182 = CARTESIAN_POINT('',(2.553876857298E+03,76.222668171946,
    97.350658612647));
#3183 = CARTESIAN_POINT('',(2.553212886815E+03,76.261775773221,
    97.412080923609));
#3184 = CARTESIAN_POINT('',(2.552548917201E+03,76.300898386677,
    97.473502975582));
#3185 = CARTESIAN_POINT('',(2.551884948971E+03,76.340044897112,
    97.53492468247));
#3186 = ORIENTED_EDGE('',*,*,#3187,.T.);
#3187 = EDGE_CURVE('',#3151,#3188,#3190,.T.);
#3188 = VERTEX_POINT('',#3189);
#3189 = CARTESIAN_POINT('',(2.513743525839E+03,78.966177430975,
    100.71922823705));
#3190 = B_SPLINE_CURVE_WITH_KNOTS('',4,(#3191,#3192,#3193,#3194,#3195,
    #3196,#3197,#3198,#3199,#3200,#3201,#3202,#3203,#3204,#3205,#3206,
    #3207,#3208,#3209,#3210,#3211,#3212,#3213),.UNSPECIFIED.,.F.,.F.,(5,
    3,3,3,3,3,3,5),(0.,0.175098844939,0.396203330441,0.574115621625,
    0.673236310212,0.772000965973,0.871129473939,1.),.UNSPECIFIED.);
#3191 = CARTESIAN_POINT('',(2.551884948971E+03,76.340044897112,
    97.53492468247));
#3192 = CARTESIAN_POINT('',(2.550214955441E+03,76.449594842069,
    97.674376785787));
#3193 = CARTESIAN_POINT('',(2.548544970845E+03,76.559282969775,
    97.81382674342));
#3194 = CARTESIAN_POINT('',(2.546875004347E+03,76.66925100897,
    97.953273213807));
#3195 = CARTESIAN_POINT('',(2.543096364816E+03,76.919033137418,
    98.268793470852));
#3196 = CARTESIAN_POINT('',(2.540987708124E+03,77.059097608938,
    98.444864368857));
#3197 = CARTESIAN_POINT('',(2.538879113987E+03,77.200117964501,
    98.620924772736));
#3198 = CARTESIAN_POINT('',(2.535073982919E+03,77.456847037636,
    98.938628509799));
#3199 = CARTESIAN_POINT('',(2.533377416946E+03,77.572118895964,
    99.080276553816));
#3200 = CARTESIAN_POINT('',(2.531680914721E+03,77.688340712476,
    99.221914444277));
#3201 = CARTESIAN_POINT('',(2.529039352782E+03,77.871021958003,
    99.442445124688));
#3202 = CARTESIAN_POINT('',(2.528094241454E+03,77.936724528206,
    99.521346002254));
#3203 = CARTESIAN_POINT('',(2.527149153407E+03,78.002765769628,
    99.600243236518));
#3204 = CARTESIAN_POINT('',(2.525262418595E+03,78.135283833857,
    99.757747028454));
#3205 = CARTESIAN_POINT('',(2.524320771661E+03,78.201758240032,
    99.836353612291));
#3206 = CARTESIAN_POINT('',(2.52337914797E+03,78.268565582489,
    99.914956567907));
#3207 = CARTESIAN_POINT('',(2.5214924783E+03,78.403090199397,
    100.07244477478));
#3208 = CARTESIAN_POINT('',(2.520547432494E+03,78.470809919341,
    100.15132999922));
#3209 = CARTESIAN_POINT('',(2.51960241022E+03,78.538861721365,
    100.2302115582));
#3210 = CARTESIAN_POINT('',(2.517428880198E+03,78.696143251366,
    100.41163345967));
#3211 = CARTESIAN_POINT('',(2.516200388725E+03,78.785601008,
    100.51417126957));
#3212 = CARTESIAN_POINT('',(2.514971937244E+03,78.875613600211,
    100.61670286461));
#3213 = CARTESIAN_POINT('',(2.513743525839E+03,78.966177430975,
    100.71922823705));
#3214 = ORIENTED_EDGE('',*,*,#3215,.T.);
#3215 = EDGE_CURVE('',#3188,#3216,#3218,.T.);
#3216 = VERTEX_POINT('',#3217);
#3217 = CARTESIAN_POINT('',(2.473104557537E+03,82.490822684844,
    103.68505498132));
#3218 = B_SPLINE_CURVE_WITH_KNOTS('',4,(#3219,#3220,#3221,#3222,#3223,
    #3224,#3225,#3226,#3227,#3228,#3229,#3230,#3231,#3232,#3233,#3234,
    #3235,#3236,#3237,#3238,#3239,#3240,#3241,#3242,#3243,#3244),
  .UNSPECIFIED.,.F.,.F.,(5,3,3,3,3,3,3,3,5),(0.,0.121509802426,
    0.243058555753,0.364652315813,0.485810719695,0.607413383351,
    0.729019938963,0.850589992701,1.),.UNSPECIFIED.);
#3219 = CARTESIAN_POINT('',(2.513743525839E+03,78.966177430975,
    100.71922823705));
#3220 = CARTESIAN_POINT('',(2.512508465152E+03,79.066674958947,
    100.80939788769));
#3221 = CARTESIAN_POINT('',(2.51127344884E+03,79.167723434162,
    100.89956147593));
#3222 = CARTESIAN_POINT('',(2.510038476996E+03,79.269319441503,
    100.98971899184));
#3223 = CARTESIAN_POINT('',(2.50756822654E+03,79.473632466191,
    101.17005075957));
#3224 = CARTESIAN_POINT('',(2.506332947957E+03,79.576349832417,
    101.26022500748));
#3225 = CARTESIAN_POINT('',(2.505097714032E+03,79.679608280325,
    101.35039316098));
#3226 = CARTESIAN_POINT('',(2.502626878273E+03,79.887239002777,
    101.53075064753));
#3227 = CARTESIAN_POINT('',(2.501391276474E+03,79.99161167556,
    101.62093997607));
#3228 = CARTESIAN_POINT('',(2.500155719503E+03,80.09651905443,
    101.7111231891));
#3229 = CARTESIAN_POINT('',(2.497689118983E+03,80.30701896327,
    101.89115449782));
#3230 = CARTESIAN_POINT('',(2.496458075113E+03,80.412607695242,
    101.98100263727));
#3231 = CARTESIAN_POINT('',(2.495227075865E+03,80.518720624726,
    102.07084469016));
#3232 = CARTESIAN_POINT('',(2.49276065308E+03,80.732379234593,
    102.2508460173));
#3233 = CARTESIAN_POINT('',(2.491525229871E+03,80.839928741806,
    102.3410052468));
#3234 = CARTESIAN_POINT('',(2.490289851704E+03,80.947999591117,
    102.43115833178));
#3235 = CARTESIAN_POINT('',(2.487819145986E+03,81.165180758246,
    102.61145508626));
#3236 = CARTESIAN_POINT('',(2.486583818437E+03,81.274291109197,
    102.70159875538));
#3237 = CARTESIAN_POINT('',(2.485348536002E+03,81.383916143925,
    102.79173626797));
#3238 = CARTESIAN_POINT('',(2.482878432177E+03,81.604155856533,
    102.97197191597));
#3239 = CARTESIAN_POINT('',(2.481643610761E+03,81.714770227456,
    103.06207005508));
#3240 = CARTESIAN_POINT('',(2.480408834478E+03,81.825892312742,
    103.1521620314));
#3241 = CARTESIAN_POINT('',(2.477656614592E+03,82.07470811951,
    103.35296360529));
#3242 = CARTESIAN_POINT('',(2.476139194029E+03,82.21265931043,
    103.46367005522));
#3243 = CARTESIAN_POINT('',(2.474621841687E+03,82.351366208617,
    103.57436718193));
#3244 = CARTESIAN_POINT('',(2.473104557537E+03,82.490822684844,
    103.68505498132));
#3245 = ORIENTED_EDGE('',*,*,#3246,.T.);
#3246 = EDGE_CURVE('',#3216,#3247,#3249,.T.);
#3247 = VERTEX_POINT('',#3248);
#3248 = CARTESIAN_POINT('',(2.43121702862E+03,86.937181624619,
    106.20428698324));
#3249 = B_SPLINE_CURVE_WITH_KNOTS('',4,(#3250,#3251,#3252,#3253,#3254,
    #3255,#3256,#3257,#3258,#3259,#3260,#3261,#3262,#3263,#3264,#3265,
    #3266,#3267,#3268,#3269,#3270,#3271,#3272,#3273,#3274,#3275),
  .UNSPECIFIED.,.F.,.F.,(5,3,3,3,3,3,3,3,5),(0.,9.831595418935E-02,
    0.195833836074,0.293352941755,0.390833019829,0.48835381683,
    0.615675513126,0.778437901199,1.),.UNSPECIFIED.);
#3250 = CARTESIAN_POINT('',(2.473104557537E+03,82.490822684844,
    103.68505498132));
#3251 = CARTESIAN_POINT('',(2.472074481928E+03,82.595072667168,
    103.74703715945));
#3252 = CARTESIAN_POINT('',(2.471044440708E+03,82.699664846782,
    103.80901528547));
#3253 = CARTESIAN_POINT('',(2.470014433869E+03,82.804597444208,
    103.87098935674));
#3254 = CARTESIAN_POINT('',(2.467962849648E+03,83.014285386774,
    103.99442634833));
#3255 = CARTESIAN_POINT('',(2.466941271711E+03,83.119035256462,
    104.05588933424));
#3256 = CARTESIAN_POINT('',(2.465919727574E+03,83.224116554841,
    104.11734832647));
#3257 = CARTESIAN_POINT('',(2.463876694044E+03,83.434939863044,
    104.24025909102));
#3258 = CARTESIAN_POINT('',(2.462855204651E+03,83.540681881138,
    104.30171086323));
#3259 = CARTESIAN_POINT('',(2.461833749024E+03,83.646751867339,
    104.36315863787));
#3260 = CARTESIAN_POINT('',(2.459791314032E+03,83.859501728372,
    104.4860215988));
#3261 = CARTESIAN_POINT('',(2.45877033464E+03,83.966181342128,
    104.54743678829));
#3262 = CARTESIAN_POINT('',(2.457749388942E+03,84.073185197681,
    104.60884798029));
#3263 = CARTESIAN_POINT('',(2.455707138425E+03,84.287882762381,
    104.73168801762));
#3264 = CARTESIAN_POINT('',(2.454685833635E+03,84.395576741015,
    104.7931168596));
#3265 = CARTESIAN_POINT('',(2.453664562512E+03,84.50359176689,
    104.85454169833));
#3266 = CARTESIAN_POINT('',(2.451310012607E+03,84.753365804612,
    104.99615265737));
#3267 = CARTESIAN_POINT('',(2.449976757522E+03,84.895349790325,
    105.07633595656));
#3268 = CARTESIAN_POINT('',(2.448643559697E+03,85.037874208736,
    105.15651242855));
#3269 = CARTESIAN_POINT('',(2.44560619139E+03,85.363818013449,
    105.33916737587));
#3270 = CARTESIAN_POINT('',(2.443902057168E+03,85.547577693487,
    105.44164152083));
#3271 = CARTESIAN_POINT('',(2.4421980162E+03,85.732206192128,
    105.54410450532));
#3272 = CARTESIAN_POINT('',(2.438174550329E+03,86.170194768833,
    105.78602000822));
#3273 = CARTESIAN_POINT('',(2.435855204786E+03,86.424289108413,
    105.92546300729));
#3274 = CARTESIAN_POINT('',(2.433536031114E+03,86.679958163936,
    106.06488532811));
#3275 = CARTESIAN_POINT('',(2.43121702862E+03,86.937181624619,
    106.20428698324));
#3276 = ORIENTED_EDGE('',*,*,#3277,.T.);
#3277 = EDGE_CURVE('',#3247,#3278,#3280,.T.);
#3278 = VERTEX_POINT('',#3279);
#3279 = CARTESIAN_POINT('',(2.389370445657E+03,92.25745342635,
    108.03729532881));
#3280 = B_SPLINE_CURVE_WITH_KNOTS('',4,(#3281,#3282,#3283,#3284,#3285,
    #3286,#3287,#3288,#3289,#3290,#3291,#3292,#3293,#3294),
  .UNSPECIFIED.,.F.,.F.,(5,3,3,3,5),(0.,0.244811972699,0.487983682449,
    0.731138634543,1.),.UNSPECIFIED.);
#3281 = CARTESIAN_POINT('',(2.43121702862E+03,86.937181624619,
    106.20428698324));
#3282 = CARTESIAN_POINT('',(2.42865450059E+03,87.251670143799,
    106.3166133916));
#3283 = CARTESIAN_POINT('',(2.426092202932E+03,87.568044140941,
    106.42891682727));
#3284 = CARTESIAN_POINT('',(2.42353013466E+03,87.886278359182,
    106.54119727479));
#3285 = CARTESIAN_POINT('',(2.418423619112E+03,88.524271863042,
    106.76496005102));
#3286 = CARTESIAN_POINT('',(2.415879168787E+03,88.844006644603,
    106.8764426868));
#3287 = CARTESIAN_POINT('',(2.413334942478E+03,89.165526768287,
    106.98790263445));
#3288 = CARTESIAN_POINT('',(2.408247110545E+03,89.812065193643,
    107.21076949056));
#3289 = CARTESIAN_POINT('',(2.405703504891E+03,90.13708325271,
    107.32217640216));
#3290 = CARTESIAN_POINT('',(2.403160120562E+03,90.463836188341,
    107.43356064529));
#3291 = CARTESIAN_POINT('',(2.397804927431E+03,91.155486388752,
    107.66805701572));
#3292 = CARTESIAN_POINT('',(2.39499316756E+03,91.52076423791,
    107.7911641013));
#3293 = CARTESIAN_POINT('',(2.392181674409E+03,91.888098068533,
    107.91424352359));
#3294 = CARTESIAN_POINT('',(2.389370445657E+03,92.25745342635,
    108.03729532881));
#3295 = ORIENTED_EDGE('',*,*,#3296,.T.);
#3296 = EDGE_CURVE('',#3278,#3297,#3299,.T.);
#3297 = VERTEX_POINT('',#3298);
#3298 = CARTESIAN_POINT('',(2.348853026095E+03,98.356658972291,
    108.95267997069));
#3299 = B_SPLINE_CURVE_WITH_KNOTS('',4,(#3300,#3301,#3302,#3303,#3304,
    #3305,#3306,#3307,#3308,#3309,#3310,#3311,#3312,#3313),
  .UNSPECIFIED.,.F.,.F.,(5,3,3,3,5),(0.,0.245921487455,0.487888474521,
    0.730614406892,1.),.UNSPECIFIED.);
#3300 = CARTESIAN_POINT('',(2.389370445657E+03,92.25745342635,
    108.03729532881));
#3301 = CARTESIAN_POINT('',(2.386878033896E+03,92.623128428935,
    108.09368735059));
#3302 = CARTESIAN_POINT('',(2.38438585435E+03,92.990389798991,
    108.15006074093));
#3303 = CARTESIAN_POINT('',(2.381893905343E+03,93.359215512572,
    108.20641547924));
#3304 = CARTESIAN_POINT('',(2.376950532401E+03,94.093995281846,
    108.31818172523));
#3305 = CARTESIAN_POINT('',(2.374499101172E+03,94.459900145172,
    108.37359382831));
#3306 = CARTESIAN_POINT('',(2.372047889568E+03,94.82727651335,
    108.42898785182));
#3307 = CARTESIAN_POINT('',(2.367138214057E+03,95.566085923974,
    108.53991342437));
#3308 = CARTESIAN_POINT('',(2.364679751517E+03,95.937528076513,
    108.5954448598));
#3309 = CARTESIAN_POINT('',(2.362221506101E+03,96.310407456956,
    108.65095809647));
#3310 = CARTESIAN_POINT('',(2.357035468972E+03,97.100106916959,
    108.76804344964));
#3311 = CARTESIAN_POINT('',(2.354307727085E+03,97.51725493125,
    108.82961135033));
#3312 = CARTESIAN_POINT('',(2.35158024717E+03,97.936115823313,
    108.8911568501));
#3313 = CARTESIAN_POINT('',(2.348853026095E+03,98.356658972291,
    108.95267997069));
#3314 = ORIENTED_EDGE('',*,*,#3315,.T.);
#3315 = EDGE_CURVE('',#3297,#2798,#3316,.T.);
#3316 = B_SPLINE_CURVE_WITH_KNOTS('',4,(#3317,#3318,#3319,#3320,#3321,
    #3322,#3323,#3324,#3325,#3326,#3327,#3328,#3329,#3330),
  .UNSPECIFIED.,.F.,.F.,(5,3,3,3,5),(0.,0.24668856214,0.487368257514,
    0.72806997093,1.),.UNSPECIFIED.);
#3317 = CARTESIAN_POINT('',(2.348853026095E+03,98.356658972291,
    108.95267997069));
#3318 = CARTESIAN_POINT('',(2.347352638986E+03,98.618047167458,
    108.94516566172));
#3319 = CARTESIAN_POINT('',(2.345852341061E+03,98.879947732751,
    108.93764613753));
#3320 = CARTESIAN_POINT('',(2.344352131782E+03,99.142356000289,
    108.93012138205));
#3321 = CARTESIAN_POINT('',(2.3413884295E+03,99.661774460071,
    108.91524479439));
#3322 = CARTESIAN_POINT('',(2.339924932259E+03,99.918760447893,
    108.9078932147));
#3323 = CARTESIAN_POINT('',(2.338461518336E+03,100.17622081154,
    108.90053662659));
#3324 = CARTESIAN_POINT('',(2.335534722161E+03,100.69210499309,
    108.88581273289));
#3325 = CARTESIAN_POINT('',(2.334071339925E+03,100.95052889703,
    108.87844542638));
#3326 = CARTESIAN_POINT('',(2.332608039927E+03,101.20941836804,
    108.87107308336));
#3327 = CARTESIAN_POINT('',(2.329491767297E+03,101.76176723099,
    108.85536116556));
#3328 = CARTESIAN_POINT('',(2.327838817229E+03,102.05535402007,
    108.84702019558));
#3329 = CARTESIAN_POINT('',(2.326185970576E+03,102.34952278174,
    108.83867276239));
#3330 = CARTESIAN_POINT('',(2.324533226476E+03,102.64426694279,
    108.83031884855));
#3331 = ( BOUNDED_SURFACE() B_SPLINE_SURFACE(1,3,(
    (#3332,#3333,#3334,#3335,#3336,#3337,#3338,#3339,#3340,#3341)
    ,(#3342,#3343,#3344,#3345,#3346,#3347,#3348,#3349,#3350,#3351
)),.UNSPECIFIED.,.F.,.F.,.F.) B_SPLINE_SURFACE_WITH_KNOTS((2,2),(4,1,1,1
    ,1,1,1,4),(5.,6.),(0.,5.937462759188E-02,0.169261244735,
    0.329619903174,0.533683498435,0.722609230536,0.888013402964,1.),
.UNSPECIFIED.) GEOMETRIC_REPRESENTATION_ITEM() RATIONAL_B_SPLINE_SURFACE
((
    (1.,1.,1.,1.,1.,1.,1.,1.,1.,1.)
,(1.,1.,1.,1.,1.,1.,1.,1.,1.,1.))) REPRESENTATION_ITEM('') SURFACE() );
#3332 = CARTESIAN_POINT('',(0.,4.760120041747,3.652568574052));
#3333 = CARTESIAN_POINT('',(36.384885512757,37.320057365464,
    32.840127256565));
#3334 = CARTESIAN_POINT('',(164.1400044123,121.47600116837,
    105.71448588516));
#3335 = CARTESIAN_POINT('',(476.00449735354,204.23740448774,
    171.2245358197));
#3336 = CARTESIAN_POINT('',(943.3280351607,205.74322883595,
    165.30999098011));
#3337 = CARTESIAN_POINT('',(1.486434771408E+03,212.73357895038,
    172.31692937425));
#3338 = CARTESIAN_POINT('',(2.027682666396E+03,142.92057096123,
    131.89882340934));
#3339 = CARTESIAN_POINT('',(2.477449574318E+03,79.328474490275,
    96.293028138106));
#3340 = CARTESIAN_POINT('',(2.747888780157E+03,67.585836553438,
    81.747314999861));
#3341 = CARTESIAN_POINT('',(2.85E+03,27.767366910193,41.306650015305));
#3342 = CARTESIAN_POINT('',(0.,4.242640687119,4.242640687119));
#3343 = CARTESIAN_POINT('',(36.384885512757,33.262941361917,
    38.121154091314));
#3344 = CARTESIAN_POINT('',(164.1400044123,108.27017397575,
    122.7054752223));
#3345 = CARTESIAN_POINT('',(476.00449735354,182.03446856631,
    199.75885968205));
#3346 = CARTESIAN_POINT('',(943.3280351607,183.37659262859,
    195.13839732829));
#3347 = CARTESIAN_POINT('',(1.486434771408E+03,189.60701193578,
    202.04310915984));
#3348 = CARTESIAN_POINT('',(2.027682666396E+03,127.38347438059,
    152.58983994381));
#3349 = CARTESIAN_POINT('',(2.477449574318E+03,70.704564289932,
    108.74609904522));
#3350 = CARTESIAN_POINT('',(2.747888780157E+03,60.238485063368,
    90.812866821546));
#3351 = CARTESIAN_POINT('',(2.85E+03,24.748737341529,44.748737341529));
#3352 = ADVANCED_FACE('',(#3353),#3371,.T.);
#3353 = FACE_BOUND('',#3354,.T.);
#3354 = EDGE_LOOP('',(#3355,#3356,#3369,#3370));
#3355 = ORIENTED_EDGE('',*,*,#2082,.T.);
#3356 = ORIENTED_EDGE('',*,*,#3357,.T.);
#3357 = EDGE_CURVE('',#2076,#518,#3358,.T.);
#3358 = ( BOUNDED_CURVE() B_SPLINE_CURVE(3,(#3359,#3360,#3361,#3362,
    #3363,#3364,#3365,#3366,#3367,#3368),.UNSPECIFIED.,.F.,.F.) 
B_SPLINE_CURVE_WITH_KNOTS((4,1,1,1,1,1,1,4),(0.,5.937462759188E-02,
    0.169261244735,0.329619903174,0.533683498435,0.722609230536,
0.888013402964,1.),.UNSPECIFIED.) CURVE() GEOMETRIC_REPRESENTATION_ITEM(
) RATIONAL_B_SPLINE_CURVE((1.,1.,1.,1.,1.,1.,1.,1.,1.,1.)) 
REPRESENTATION_ITEM('') );
#3359 = CARTESIAN_POINT('',(0.,3.652568574052,4.760120041747));
#3360 = CARTESIAN_POINT('',(36.384885512757,28.636687209443,
    42.752490325822));
#3361 = CARTESIAN_POINT('',(164.1400044123,93.211814088255,
    137.60617295393));
#3362 = CARTESIAN_POINT('',(476.00449735354,156.71687241822,
    224.78279009674));
#3363 = CARTESIAN_POINT('',(943.3280351607,157.87233207976,
    221.29720762424));
#3364 = CARTESIAN_POINT('',(1.486434771408E+03,163.23621637798,
    228.11226916649));
#3365 = CARTESIAN_POINT('',(2.027682666396E+03,109.66681123592,
    170.73537443994));
#3366 = CARTESIAN_POINT('',(2.477449574318E+03,60.870879391586,
    119.66714912274));
#3367 = CARTESIAN_POINT('',(2.747888780157E+03,51.860436392592,
    98.763142393202));
#3368 = CARTESIAN_POINT('',(2.85E+03,21.306650015305,47.767366910193));
#3369 = ORIENTED_EDGE('',*,*,#517,.F.);
#3370 = ORIENTED_EDGE('',*,*,#2813,.F.);
#3371 = ( BOUNDED_SURFACE() B_SPLINE_SURFACE(1,3,(
    (#3372,#3373,#3374,#3375,#3376,#3377,#3378,#3379,#3380,#3381)
    ,(#3382,#3383,#3384,#3385,#3386,#3387,#3388,#3389,#3390,#3391
)),.UNSPECIFIED.,.F.,.F.,.F.) B_SPLINE_SURFACE_WITH_KNOTS((2,2),(4,1,1,1
    ,1,1,1,4),(6.,7.),(0.,5.937462759188E-02,0.169261244735,
    0.329619903174,0.533683498435,0.722609230536,0.888013402964,1.),
.UNSPECIFIED.) GEOMETRIC_REPRESENTATION_ITEM() RATIONAL_B_SPLINE_SURFACE
((
    (1.,1.,1.,1.,1.,1.,1.,1.,1.,1.)
,(1.,1.,1.,1.,1.,1.,1.,1.,1.,1.))) REPRESENTATION_ITEM('') SURFACE() );
#3372 = CARTESIAN_POINT('',(0.,4.242640687119,4.242640687119));
#3373 = CARTESIAN_POINT('',(36.384885512757,33.262941361917,
    38.121154091314));
#3374 = CARTESIAN_POINT('',(164.1400044123,108.27017397575,
    122.7054752223));
#3375 = CARTESIAN_POINT('',(476.00449735354,182.03446856631,
    199.75885968205));
#3376 = CARTESIAN_POINT('',(943.3280351607,183.37659262859,
    195.13839732829));
#3377 = CARTESIAN_POINT('',(1.486434771408E+03,189.60701193578,
    202.04310915984));
#3378 = CARTESIAN_POINT('',(2.027682666396E+03,127.38347438059,
    152.58983994381));
#3379 = CARTESIAN_POINT('',(2.477449574318E+03,70.704564289932,
    108.74609904522));
#3380 = CARTESIAN_POINT('',(2.747888780157E+03,60.238485063368,
    90.812866821546));
#3381 = CARTESIAN_POINT('',(2.85E+03,24.748737341529,44.748737341529));
#3382 = CARTESIAN_POINT('',(0.,3.652568574052,4.760120041747));
#3383 = CARTESIAN_POINT('',(36.384885512757,28.636687209443,
    42.752490325822));
#3384 = CARTESIAN_POINT('',(164.1400044123,93.211814088255,
    137.60617295393));
#3385 = CARTESIAN_POINT('',(476.00449735354,156.71687241822,
    224.78279009674));
#3386 = CARTESIAN_POINT('',(943.3280351607,157.87233207976,
    221.29720762424));
#3387 = CARTESIAN_POINT('',(1.486434771408E+03,163.23621637798,
    228.11226916649));
#3388 = CARTESIAN_POINT('',(2.027682666396E+03,109.66681123592,
    170.73537443994));
#3389 = CARTESIAN_POINT('',(2.477449574318E+03,60.870879391586,
    119.66714912274));
#3390 = CARTESIAN_POINT('',(2.747888780157E+03,51.860436392592,
    98.763142393202));
#3391 = CARTESIAN_POINT('',(2.85E+03,21.306650015305,47.767366910193));
#3392 = ADVANCED_FACE('',(#3393),#3411,.T.);
#3393 = FACE_BOUND('',#3394,.T.);
#3394 = EDGE_LOOP('',(#3395,#3396,#3409,#3410));
#3395 = ORIENTED_EDGE('',*,*,#2075,.T.);
#3396 = ORIENTED_EDGE('',*,*,#3397,.T.);
#3397 = EDGE_CURVE('',#2069,#525,#3398,.T.);
#3398 = ( BOUNDED_CURVE() B_SPLINE_CURVE(3,(#3399,#3400,#3401,#3402,
    #3403,#3404,#3405,#3406,#3407,#3408),.UNSPECIFIED.,.F.,.F.) 
B_SPLINE_CURVE_WITH_KNOTS((4,1,1,1,1,1,1,4),(0.,5.937462759188E-02,
    0.169261244735,0.329619903174,0.533683498435,0.722609230536,
0.888013402964,1.),.UNSPECIFIED.) CURVE() GEOMETRIC_REPRESENTATION_ITEM(
) RATIONAL_B_SPLINE_CURVE((1.,1.,1.,1.,1.,1.,1.,1.,1.,1.)) 
REPRESENTATION_ITEM('') );
#3399 = CARTESIAN_POINT('',(0.,3.,5.196152422707));
#3400 = CARTESIAN_POINT('',(36.384885512757,23.520451399223,
    46.654892513068));
#3401 = CARTESIAN_POINT('',(164.1400044123,76.558574218506,
    150.16162401062));
#3402 = CARTESIAN_POINT('',(476.00449735354,128.71780713292,
    245.86816067643));
#3403 = CARTESIAN_POINT('',(943.3280351607,129.66683215856,
    243.33883737118));
#3404 = CARTESIAN_POINT('',(1.486434771408E+03,134.07240390031,
    250.07835883876));
#3405 = CARTESIAN_POINT('',(2.027682666396E+03,90.07371854562,
    186.02495177159));
#3406 = CARTESIAN_POINT('',(2.477449574318E+03,49.995676870251,
    128.86931617594));
#3407 = CARTESIAN_POINT('',(2.747888780157E+03,42.595041276713,
    105.46211029557));
#3408 = CARTESIAN_POINT('',(2.85E+03,17.5,50.310889132455));
#3409 = ORIENTED_EDGE('',*,*,#524,.F.);
#3410 = ORIENTED_EDGE('',*,*,#3357,.F.);
#3411 = ( BOUNDED_SURFACE() B_SPLINE_SURFACE(1,3,(
    (#3412,#3413,#3414,#3415,#3416,#3417,#3418,#3419,#3420,#3421)
    ,(#3422,#3423,#3424,#3425,#3426,#3427,#3428,#3429,#3430,#3431
)),.UNSPECIFIED.,.F.,.F.,.F.) B_SPLINE_SURFACE_WITH_KNOTS((2,2),(4,1,1,1
    ,1,1,1,4),(7.,8.),(0.,5.937462759188E-02,0.169261244735,
    0.329619903174,0.533683498435,0.722609230536,0.888013402964,1.),
.UNSPECIFIED.) GEOMETRIC_REPRESENTATION_ITEM() RATIONAL_B_SPLINE_SURFACE
((
    (1.,1.,1.,1.,1.,1.,1.,1.,1.,1.)
,(1.,1.,1.,1.,1.,1.,1.,1.,1.,1.))) REPRESENTATION_ITEM('') SURFACE() );
#3412 = CARTESIAN_POINT('',(0.,3.652568574052,4.760120041747));
#3413 = CARTESIAN_POINT('',(36.384885512757,28.636687209443,
    42.752490325822));
#3414 = CARTESIAN_POINT('',(164.1400044123,93.211814088255,
    137.60617295393));
#3415 = CARTESIAN_POINT('',(476.00449735354,156.71687241822,
    224.78279009674));
#3416 = CARTESIAN_POINT('',(943.3280351607,157.87233207976,
    221.29720762424));
#3417 = CARTESIAN_POINT('',(1.486434771408E+03,163.23621637798,
    228.11226916649));
#3418 = CARTESIAN_POINT('',(2.027682666396E+03,109.66681123592,
    170.73537443994));
#3419 = CARTESIAN_POINT('',(2.477449574318E+03,60.870879391586,
    119.66714912274));
#3420 = CARTESIAN_POINT('',(2.747888780157E+03,51.860436392592,
    98.763142393202));
#3421 = CARTESIAN_POINT('',(2.85E+03,21.306650015305,47.767366910193));
#3422 = CARTESIAN_POINT('',(0.,3.,5.196152422707));
#3423 = CARTESIAN_POINT('',(36.384885512757,23.520451399223,
    46.654892513068));
#3424 = CARTESIAN_POINT('',(164.1400044123,76.558574218506,
    150.16162401062));
#3425 = CARTESIAN_POINT('',(476.00449735354,128.71780713292,
    245.86816067643));
#3426 = CARTESIAN_POINT('',(943.3280351607,129.66683215856,
    243.33883737118));
#3427 = CARTESIAN_POINT('',(1.486434771408E+03,134.07240390031,
    250.07835883876));
#3428 = CARTESIAN_POINT('',(2.027682666396E+03,90.07371854562,
    186.02495177159));
#3429 = CARTESIAN_POINT('',(2.477449574318E+03,49.995676870251,
    128.86931617594));
#3430 = CARTESIAN_POINT('',(2.747888780157E+03,42.595041276713,
    105.46211029557));
#3431 = CARTESIAN_POINT('',(2.85E+03,17.5,50.310889132455));
#3432 = ADVANCED_FACE('',(#3433),#3486,.T.);
#3433 = FACE_BOUND('',#3434,.T.);
#3434 = EDGE_LOOP('',(#3435,#3436,#3437,#3452,#3462,#3472,#3485));
#3435 = ORIENTED_EDGE('',*,*,#3397,.F.);
#3436 = ORIENTED_EDGE('',*,*,#2068,.T.);
#3437 = ORIENTED_EDGE('',*,*,#3438,.T.);
#3438 = EDGE_CURVE('',#2062,#3439,#3441,.T.);
#3439 = VERTEX_POINT('',#3440);
#3440 = CARTESIAN_POINT('',(2.635764599541E+03,35.,120.24409638835));
#3441 = ( BOUNDED_CURVE() B_SPLINE_CURVE(3,(#3442,#3443,#3444,#3445,
    #3446,#3447,#3448,#3449,#3450,#3451),.UNSPECIFIED.,.F.,.F.) 
B_SPLINE_CURVE_WITH_KNOTS((4,1,1,1,1,1,1,4),(0.,5.937462759188E-02,
    0.169261244735,0.329619903174,0.533683498435,0.722609230536,
0.888013402964,1.),.UNSPECIFIED.) CURVE() GEOMETRIC_REPRESENTATION_ITEM(
) RATIONAL_B_SPLINE_CURVE((1.,1.,1.,1.,1.,1.,1.,1.,1.,1.)) 
REPRESENTATION_ITEM('') );
#3442 = CARTESIAN_POINT('',(0.,2.296100594191,5.543277195068));
#3443 = CARTESIAN_POINT('',(36.384885512757,18.001774144462,
    49.761589469677));
#3444 = CARTESIAN_POINT('',(164.1400044123,58.59539591783,
    160.15700114374));
#3445 = CARTESIAN_POINT('',(476.00449735354,98.516344480274,
    262.65419488454));
#3446 = CARTESIAN_POINT('',(943.3280351607,99.242696788695,
    260.88614817306));
#3447 = CARTESIAN_POINT('',(1.486434771408E+03,102.61457542002,
    267.5655322922));
#3448 = CARTESIAN_POINT('',(2.027682666396E+03,68.93943955785,
    198.19696303157));
#3449 = CARTESIAN_POINT('',(2.477449574318E+03,38.265034456248,
    136.19514857524));
#3450 = CARTESIAN_POINT('',(2.747888780157E+03,32.600833195009,
    110.79514933053));
#3451 = CARTESIAN_POINT('',(2.85E+03,13.393920132778,52.335783637895));
#3452 = ORIENTED_EDGE('',*,*,#3453,.T.);
#3453 = EDGE_CURVE('',#3439,#3454,#3456,.T.);
#3454 = VERTEX_POINT('',#3455);
#3455 = CARTESIAN_POINT('',(2.637146657485E+03,35.,120.));
#3456 = B_SPLINE_CURVE_WITH_KNOTS('',4,(#3457,#3458,#3459,#3460,#3461),
  .UNSPECIFIED.,.F.,.F.,(5,5),(0.,1.),.PIECEWISE_BEZIER_KNOTS.);
#3457 = CARTESIAN_POINT('',(2.635764599541E+03,35.,120.24409638835));
#3458 = CARTESIAN_POINT('',(2.636110153127E+03,35.,120.18329375484));
#3459 = CARTESIAN_POINT('',(2.636455680842E+03,35.,120.12234421672));
#3460 = CARTESIAN_POINT('',(2.636801182393E+03,35.,120.06124666671));
#3461 = CARTESIAN_POINT('',(2.637146657485E+03,35.,120.));
#3462 = ORIENTED_EDGE('',*,*,#3463,.F.);
#3463 = EDGE_CURVE('',#3464,#3454,#3466,.T.);
#3464 = VERTEX_POINT('',#3465);
#3465 = CARTESIAN_POINT('',(2.637388989081E+03,34.92455169204,120.));
#3466 = B_SPLINE_CURVE_WITH_KNOTS('',4,(#3467,#3468,#3469,#3470,#3471),
  .UNSPECIFIED.,.F.,.F.,(5,5),(0.,1.),.PIECEWISE_BEZIER_KNOTS.);
#3467 = CARTESIAN_POINT('',(2.637388989081E+03,34.92455169204,120.));
#3468 = CARTESIAN_POINT('',(2.637328214465E+03,34.943487780263,120.));
#3469 = CARTESIAN_POINT('',(2.637268154721E+03,34.962191779479,120.));
#3470 = CARTESIAN_POINT('',(2.637206420305E+03,34.981407318596,120.));
#3471 = CARTESIAN_POINT('',(2.637146657485E+03,35.,120.));
#3472 = ORIENTED_EDGE('',*,*,#3473,.T.);
#3473 = EDGE_CURVE('',#3464,#532,#3474,.T.);
#3474 = ( BOUNDED_CURVE() B_SPLINE_CURVE(3,(#3475,#3476,#3477,#3478,
    #3479,#3480,#3481,#3482,#3483,#3484),.UNSPECIFIED.,.F.,.F.) 
B_SPLINE_CURVE_WITH_KNOTS((4,1,1,1,1,1,1,4),(0.,5.937462759188E-02,
    0.169261244735,0.329619903174,0.533683498435,0.722609230536,
0.888013402964,1.),.UNSPECIFIED.) CURVE() GEOMETRIC_REPRESENTATION_ITEM(
) RATIONAL_B_SPLINE_CURVE((1.,1.,1.,1.,1.,1.,1.,1.,1.,1.)) 
REPRESENTATION_ITEM('') );
#3475 = CARTESIAN_POINT('',(0.,2.296100594191,5.543277195068));
#3476 = CARTESIAN_POINT('',(36.384885512757,18.001774144462,
    49.761589469677));
#3477 = CARTESIAN_POINT('',(164.1400044123,58.59539591783,
    160.15700114374));
#3478 = CARTESIAN_POINT('',(476.00449735354,98.516344480274,
    262.65419488454));
#3479 = CARTESIAN_POINT('',(943.3280351607,99.242696788695,
    260.88614817306));
#3480 = CARTESIAN_POINT('',(1.486434771408E+03,102.61457542002,
    267.5655322922));
#3481 = CARTESIAN_POINT('',(2.027682666396E+03,68.93943955785,
    198.19696303157));
#3482 = CARTESIAN_POINT('',(2.477449574318E+03,38.265034456248,
    136.19514857524));
#3483 = CARTESIAN_POINT('',(2.747888780157E+03,32.600833195009,
    110.79514933053));
#3484 = CARTESIAN_POINT('',(2.85E+03,13.393920132778,52.335783637895));
#3485 = ORIENTED_EDGE('',*,*,#531,.F.);
#3486 = ( BOUNDED_SURFACE() B_SPLINE_SURFACE(1,3,(
    (#3487,#3488,#3489,#3490,#3491,#3492,#3493,#3494,#3495,#3496)
    ,(#3497,#3498,#3499,#3500,#3501,#3502,#3503,#3504,#3505,#3506
)),.UNSPECIFIED.,.F.,.F.,.F.) B_SPLINE_SURFACE_WITH_KNOTS((2,2),(4,1,1,1
    ,1,1,1,4),(8.,9.),(0.,5.937462759188E-02,0.169261244735,
    0.329619903174,0.533683498435,0.722609230536,0.888013402964,1.),
.UNSPECIFIED.) GEOMETRIC_REPRESENTATION_ITEM() RATIONAL_B_SPLINE_SURFACE
((
    (1.,1.,1.,1.,1.,1.,1.,1.,1.,1.)
,(1.,1.,1.,1.,1.,1.,1.,1.,1.,1.))) REPRESENTATION_ITEM('') SURFACE() );
#3487 = CARTESIAN_POINT('',(0.,3.,5.196152422707));
#3488 = CARTESIAN_POINT('',(36.384885512757,23.520451399223,
    46.654892513068));
#3489 = CARTESIAN_POINT('',(164.1400044123,76.558574218506,
    150.16162401062));
#3490 = CARTESIAN_POINT('',(476.00449735354,128.71780713292,
    245.86816067643));
#3491 = CARTESIAN_POINT('',(943.3280351607,129.66683215856,
    243.33883737118));
#3492 = CARTESIAN_POINT('',(1.486434771408E+03,134.07240390031,
    250.07835883876));
#3493 = CARTESIAN_POINT('',(2.027682666396E+03,90.07371854562,
    186.02495177159));
#3494 = CARTESIAN_POINT('',(2.477449574318E+03,49.995676870251,
    128.86931617594));
#3495 = CARTESIAN_POINT('',(2.747888780157E+03,42.595041276713,
    105.46211029557));
#3496 = CARTESIAN_POINT('',(2.85E+03,17.5,50.310889132455));
#3497 = CARTESIAN_POINT('',(0.,2.296100594191,5.543277195068));
#3498 = CARTESIAN_POINT('',(36.384885512757,18.001774144462,
    49.761589469677));
#3499 = CARTESIAN_POINT('',(164.1400044123,58.59539591783,
    160.15700114374));
#3500 = CARTESIAN_POINT('',(476.00449735354,98.516344480274,
    262.65419488454));
#3501 = CARTESIAN_POINT('',(943.3280351607,99.242696788695,
    260.88614817306));
#3502 = CARTESIAN_POINT('',(1.486434771408E+03,102.61457542002,
    267.5655322922));
#3503 = CARTESIAN_POINT('',(2.027682666396E+03,68.93943955785,
    198.19696303157));
#3504 = CARTESIAN_POINT('',(2.477449574318E+03,38.265034456248,
    136.19514857524));
#3505 = CARTESIAN_POINT('',(2.747888780157E+03,32.600833195009,
    110.79514933053));
#3506 = CARTESIAN_POINT('',(2.85E+03,13.393920132778,52.335783637895));
#3507 = ADVANCED_FACE('',(#3508),#3544,.T.);
#3508 = FACE_BOUND('',#3509,.T.);
#3509 = EDGE_LOOP('',(#3510,#3511,#3530,#3543));
#3510 = ORIENTED_EDGE('',*,*,#3473,.F.);
#3511 = ORIENTED_EDGE('',*,*,#3512,.F.);
#3512 = EDGE_CURVE('',#3513,#3464,#3515,.T.);
#3513 = VERTEX_POINT('',#3514);
#3514 = CARTESIAN_POINT('',(2.663296188218E+03,22.740724113076,120.));
#3515 = B_SPLINE_CURVE_WITH_KNOTS('',4,(#3516,#3517,#3518,#3519,#3520,
    #3521,#3522,#3523,#3524,#3525,#3526,#3527,#3528,#3529),
  .UNSPECIFIED.,.F.,.F.,(5,3,3,3,5),(0.,0.230134305074,0.472641665522,
    0.728791860596,1.),.UNSPECIFIED.);
#3516 = CARTESIAN_POINT('',(2.663296188218E+03,22.740724113077,120.));
#3517 = CARTESIAN_POINT('',(2.661830389635E+03,23.492194572667,120.));
#3518 = CARTESIAN_POINT('',(2.660360415956E+03,24.235614886373,120.));
#3519 = CARTESIAN_POINT('',(2.658886397932E+03,24.971070697931,120.));
#3520 = CARTESIAN_POINT('',(2.655851076313E+03,26.465379167532,120.));
#3521 = CARTESIAN_POINT('',(2.654289340628E+03,27.223363805551,120.));
#3522 = CARTESIAN_POINT('',(2.652723414232E+03,27.972740641795,120.));
#3523 = CARTESIAN_POINT('',(2.649495165712E+03,29.496245620211,120.));
#3524 = CARTESIAN_POINT('',(2.647832376545E+03,30.269394475045,120.));
#3525 = CARTESIAN_POINT('',(2.646165264831E+03,31.033266865543,120.));
#3526 = CARTESIAN_POINT('',(2.642724509605E+03,32.587216426837,120.));
#3527 = CARTESIAN_POINT('',(2.640950364603E+03,33.376194254622,120.));
#3528 = CARTESIAN_POINT('',(2.639171788127E+03,34.155219449412,120.));
#3529 = CARTESIAN_POINT('',(2.637388989081E+03,34.92455169204,120.));
#3530 = ORIENTED_EDGE('',*,*,#3531,.T.);
#3531 = EDGE_CURVE('',#3513,#539,#3532,.T.);
#3532 = ( BOUNDED_CURVE() B_SPLINE_CURVE(3,(#3533,#3534,#3535,#3536,
    #3537,#3538,#3539,#3540,#3541,#3542),.UNSPECIFIED.,.F.,.F.) 
B_SPLINE_CURVE_WITH_KNOTS((4,1,1,1,1,1,1,4),(0.,5.937462759188E-02,
    0.169261244735,0.329619903174,0.533683498435,0.722609230536,
0.888013402964,1.),.UNSPECIFIED.) CURVE() GEOMETRIC_REPRESENTATION_ITEM(
) RATIONAL_B_SPLINE_CURVE((1.,1.,1.,1.,1.,1.,1.,1.,1.,1.)) 
REPRESENTATION_ITEM('') );
#3533 = CARTESIAN_POINT('',(0.,1.552914270615,5.795554957734));
#3534 = CARTESIAN_POINT('',(36.384885512757,12.175081543055,
    52.019424749378));
#3535 = CARTESIAN_POINT('',(164.1400044123,39.629634147288,
    167.42128067932));
#3536 = CARTESIAN_POINT('',(476.00449735354,66.62923985967,
    274.8536790218));
#3537 = CARTESIAN_POINT('',(943.3280351607,67.120491361497,
    273.63890067702));
#3538 = CARTESIAN_POINT('',(1.486434771408E+03,69.400983104158,
    280.27457914065));
#3539 = CARTESIAN_POINT('',(2.027682666396E+03,46.625587645621,
    207.04314173248));
#3540 = CARTESIAN_POINT('',(2.477449574318E+03,25.879666693626,
    141.51929929716));
#3541 = CARTESIAN_POINT('',(2.747888780157E+03,22.048815818681,
    114.67100972162));
#3542 = CARTESIAN_POINT('',(2.85E+03,9.058666578588,53.807403920117));
#3543 = ORIENTED_EDGE('',*,*,#538,.F.);
#3544 = ( BOUNDED_SURFACE() B_SPLINE_SURFACE(1,3,(
    (#3545,#3546,#3547,#3548,#3549,#3550,#3551,#3552,#3553,#3554)
    ,(#3555,#3556,#3557,#3558,#3559,#3560,#3561,#3562,#3563,#3564
)),.UNSPECIFIED.,.F.,.F.,.F.) B_SPLINE_SURFACE_WITH_KNOTS((2,2),(4,1,1,1
    ,1,1,1,4),(9.,10.),(0.,5.937462759188E-02,0.169261244735,
    0.329619903174,0.533683498435,0.722609230536,0.888013402964,1.),
.UNSPECIFIED.) GEOMETRIC_REPRESENTATION_ITEM() RATIONAL_B_SPLINE_SURFACE
((
    (1.,1.,1.,1.,1.,1.,1.,1.,1.,1.)
,(1.,1.,1.,1.,1.,1.,1.,1.,1.,1.))) REPRESENTATION_ITEM('') SURFACE() );
#3545 = CARTESIAN_POINT('',(0.,2.296100594191,5.543277195068));
#3546 = CARTESIAN_POINT('',(36.384885512757,18.001774144462,
    49.761589469677));
#3547 = CARTESIAN_POINT('',(164.1400044123,58.59539591783,
    160.15700114374));
#3548 = CARTESIAN_POINT('',(476.00449735354,98.516344480274,
    262.65419488454));
#3549 = CARTESIAN_POINT('',(943.3280351607,99.242696788695,
    260.88614817306));
#3550 = CARTESIAN_POINT('',(1.486434771408E+03,102.61457542002,
    267.5655322922));
#3551 = CARTESIAN_POINT('',(2.027682666396E+03,68.93943955785,
    198.19696303157));
#3552 = CARTESIAN_POINT('',(2.477449574318E+03,38.265034456248,
    136.19514857524));
#3553 = CARTESIAN_POINT('',(2.747888780157E+03,32.600833195009,
    110.79514933053));
#3554 = CARTESIAN_POINT('',(2.85E+03,13.393920132778,52.335783637895));
#3555 = CARTESIAN_POINT('',(0.,1.552914270615,5.795554957734));
#3556 = CARTESIAN_POINT('',(36.384885512757,12.175081543055,
    52.019424749378));
#3557 = CARTESIAN_POINT('',(164.1400044123,39.629634147288,
    167.42128067932));
#3558 = CARTESIAN_POINT('',(476.00449735354,66.62923985967,
    274.8536790218));
#3559 = CARTESIAN_POINT('',(943.3280351607,67.120491361497,
    273.63890067702));
#3560 = CARTESIAN_POINT('',(1.486434771408E+03,69.400983104158,
    280.27457914065));
#3561 = CARTESIAN_POINT('',(2.027682666396E+03,46.625587645621,
    207.04314173248));
#3562 = CARTESIAN_POINT('',(2.477449574318E+03,25.879666693626,
    141.51929929716));
#3563 = CARTESIAN_POINT('',(2.747888780157E+03,22.048815818681,
    114.67100972162));
#3564 = CARTESIAN_POINT('',(2.85E+03,9.058666578588,53.807403920117));
#3565 = ADVANCED_FACE('',(#3566),#3602,.T.);
#3566 = FACE_BOUND('',#3567,.T.);
#3567 = EDGE_LOOP('',(#3568,#3569,#3588,#3601));
#3568 = ORIENTED_EDGE('',*,*,#3531,.F.);
#3569 = ORIENTED_EDGE('',*,*,#3570,.F.);
#3570 = EDGE_CURVE('',#3571,#3513,#3573,.T.);
#3571 = VERTEX_POINT('',#3572);
#3572 = CARTESIAN_POINT('',(2.676258028584E+03,11.21895417357,120.));
#3573 = B_SPLINE_CURVE_WITH_KNOTS('',4,(#3574,#3575,#3576,#3577,#3578,
    #3579,#3580,#3581,#3582,#3583,#3584,#3585,#3586,#3587),
  .UNSPECIFIED.,.F.,.F.,(5,3,3,3,5),(0.,0.298987354404,0.605671810348,
    0.634001181906,1.),.UNSPECIFIED.);
#3574 = CARTESIAN_POINT('',(2.676258028584E+03,11.21895417357,120.));
#3575 = CARTESIAN_POINT('',(2.675309043027E+03,12.101872811584,120.));
#3576 = CARTESIAN_POINT('',(2.67435604267E+03,12.980541285554,120.));
#3577 = CARTESIAN_POINT('',(2.673399047886E+03,13.854921810189,120.));
#3578 = CARTESIAN_POINT('',(2.671452380418E+03,15.617438932113,120.));
#3579 = CARTESIAN_POINT('',(2.67046250072E+03,16.505350194317,120.));
#3580 = CARTESIAN_POINT('',(2.669468471488E+03,17.388678774393,120.));
#3581 = CARTESIAN_POINT('',(2.668378122975E+03,18.348563755489,120.));
#3582 = CARTESIAN_POINT('',(2.668285886011E+03,18.429693991934,120.));
#3583 = CARTESIAN_POINT('',(2.668193613939E+03,18.510784841092,120.));
#3584 = CARTESIAN_POINT('',(2.666908752644E+03,19.638973190233,120.));
#3585 = CARTESIAN_POINT('',(2.665710342858E+03,20.679532017473,120.));
#3586 = CARTESIAN_POINT('',(2.664506132783E+03,21.713461763963,120.));
#3587 = CARTESIAN_POINT('',(2.663296188218E+03,22.740724113077,120.));
#3588 = ORIENTED_EDGE('',*,*,#3589,.T.);
#3589 = EDGE_CURVE('',#3571,#546,#3590,.T.);
#3590 = ( BOUNDED_CURVE() B_SPLINE_CURVE(3,(#3591,#3592,#3593,#3594,
    #3595,#3596,#3597,#3598,#3599,#3600),.UNSPECIFIED.,.F.,.F.) 
B_SPLINE_CURVE_WITH_KNOTS((4,1,1,1,1,1,1,4),(0.,5.937462759188E-02,
    0.169261244735,0.329619903174,0.533683498435,0.722609230536,
0.888013402964,1.),.UNSPECIFIED.) CURVE() GEOMETRIC_REPRESENTATION_ITEM(
) RATIONAL_B_SPLINE_CURVE((1.,1.,1.,1.,1.,1.,1.,1.,1.,1.)) 
REPRESENTATION_ITEM('') );
#3591 = CARTESIAN_POINT('',(0.,0.78315715332,5.948669168243));
#3592 = CARTESIAN_POINT('',(36.384885512757,6.140069920875,
    53.389766164557));
#3593 = CARTESIAN_POINT('',(164.1400044123,19.985798349076,
    171.83016878046));
#3594 = CARTESIAN_POINT('',(476.00449735354,33.602090471952,
    282.25787653229));
#3595 = CARTESIAN_POINT('',(943.3280351607,33.849835717788,281.378891752
    ));
#3596 = CARTESIAN_POINT('',(1.486434771408E+03,34.999920725794,
    287.98804406894));
#3597 = CARTESIAN_POINT('',(2.027682666396E+03,23.513959001721,
    212.41212730414));
#3598 = CARTESIAN_POINT('',(2.477449574318E+03,13.051490658676,
    144.75067064674));
#3599 = CARTESIAN_POINT('',(2.747888780157E+03,11.119537090611,
    117.02337442291));
#3600 = CARTESIAN_POINT('',(2.85E+03,4.568416727702,54.700570148083));
#3601 = ORIENTED_EDGE('',*,*,#545,.F.);
#3602 = ( BOUNDED_SURFACE() B_SPLINE_SURFACE(1,3,(
    (#3603,#3604,#3605,#3606,#3607,#3608,#3609,#3610,#3611,#3612)
    ,(#3613,#3614,#3615,#3616,#3617,#3618,#3619,#3620,#3621,#3622
)),.UNSPECIFIED.,.F.,.F.,.F.) B_SPLINE_SURFACE_WITH_KNOTS((2,2),(4,1,1,1
    ,1,1,1,4),(10.,11.),(0.,5.937462759188E-02,0.169261244735,
    0.329619903174,0.533683498435,0.722609230536,0.888013402964,1.),
.UNSPECIFIED.) GEOMETRIC_REPRESENTATION_ITEM() RATIONAL_B_SPLINE_SURFACE
((
    (1.,1.,1.,1.,1.,1.,1.,1.,1.,1.)
,(1.,1.,1.,1.,1.,1.,1.,1.,1.,1.))) REPRESENTATION_ITEM('') SURFACE() );
#3603 = CARTESIAN_POINT('',(0.,1.552914270615,5.795554957734));
#3604 = CARTESIAN_POINT('',(36.384885512757,12.175081543055,
    52.019424749378));
#3605 = CARTESIAN_POINT('',(164.1400044123,39.629634147288,
    167.42128067932));
#3606 = CARTESIAN_POINT('',(476.00449735354,66.62923985967,
    274.8536790218));
#3607 = CARTESIAN_POINT('',(943.3280351607,67.120491361497,
    273.63890067702));
#3608 = CARTESIAN_POINT('',(1.486434771408E+03,69.400983104158,
    280.27457914065));
#3609 = CARTESIAN_POINT('',(2.027682666396E+03,46.625587645621,
    207.04314173248));
#3610 = CARTESIAN_POINT('',(2.477449574318E+03,25.879666693626,
    141.51929929716));
#3611 = CARTESIAN_POINT('',(2.747888780157E+03,22.048815818681,
    114.67100972162));
#3612 = CARTESIAN_POINT('',(2.85E+03,9.058666578588,53.807403920117));
#3613 = CARTESIAN_POINT('',(0.,0.78315715332,5.948669168243));
#3614 = CARTESIAN_POINT('',(36.384885512757,6.140069920875,
    53.389766164557));
#3615 = CARTESIAN_POINT('',(164.1400044123,19.985798349076,
    171.83016878046));
#3616 = CARTESIAN_POINT('',(476.00449735354,33.602090471952,
    282.25787653229));
#3617 = CARTESIAN_POINT('',(943.3280351607,33.849835717788,281.378891752
    ));
#3618 = CARTESIAN_POINT('',(1.486434771408E+03,34.999920725794,
    287.98804406894));
#3619 = CARTESIAN_POINT('',(2.027682666396E+03,23.513959001721,
    212.41212730414));
#3620 = CARTESIAN_POINT('',(2.477449574318E+03,13.051490658676,
    144.75067064674));
#3621 = CARTESIAN_POINT('',(2.747888780157E+03,11.119537090611,
    117.02337442291));
#3622 = CARTESIAN_POINT('',(2.85E+03,4.568416727702,54.700570148083));
#3623 = ADVANCED_FACE('',(#3624),#3654,.T.);
#3624 = FACE_BOUND('',#3625,.T.);
#3625 = EDGE_LOOP('',(#3626,#3627,#3640,#3653));
#3626 = ORIENTED_EDGE('',*,*,#3589,.F.);
#3627 = ORIENTED_EDGE('',*,*,#3628,.F.);
#3628 = EDGE_CURVE('',#3629,#3571,#3631,.T.);
#3629 = VERTEX_POINT('',#3630);
#3630 = CARTESIAN_POINT('',(2.680232498019E+03,5.22513010975E-15,120.));
#3631 = B_SPLINE_CURVE_WITH_KNOTS('',4,(#3632,#3633,#3634,#3635,#3636,
    #3637,#3638,#3639),.UNSPECIFIED.,.F.,.F.,(5,3,5),(0.,0.497809988104,
    1.),.UNSPECIFIED.);
#3632 = CARTESIAN_POINT('',(2.680232498019E+03,7.105427357601E-15,120.)
  );
#3633 = CARTESIAN_POINT('',(2.679744125872E+03,1.398336757733,120.));
#3634 = CARTESIAN_POINT('',(2.679253702639E+03,2.795989817673,120.));
#3635 = CARTESIAN_POINT('',(2.678761208552E+03,4.192947036918,120.));
#3636 = CARTESIAN_POINT('',(2.677767687085E+03,6.997729753715,120.));
#3637 = CARTESIAN_POINT('',(2.677266622752E+03,8.405542730911,120.));
#3638 = CARTESIAN_POINT('',(2.676763410143E+03,9.812621957932,120.));
#3639 = CARTESIAN_POINT('',(2.676258028584E+03,11.21895417357,120.));
#3640 = ORIENTED_EDGE('',*,*,#3641,.T.);
#3641 = EDGE_CURVE('',#3629,#553,#3642,.T.);
#3642 = ( BOUNDED_CURVE() B_SPLINE_CURVE(3,(#3643,#3644,#3645,#3646,
    #3647,#3648,#3649,#3650,#3651,#3652),.UNSPECIFIED.,.F.,.F.) 
B_SPLINE_CURVE_WITH_KNOTS((4,1,1,1,1,1,1,4),(0.,5.937462759188E-02,
    0.169261244735,0.329619903174,0.533683498435,0.722609230536,
0.888013402964,1.),.UNSPECIFIED.) CURVE() GEOMETRIC_REPRESENTATION_ITEM(
) RATIONAL_B_SPLINE_CURVE((1.,1.,1.,1.,1.,1.,1.,1.,1.,1.)) 
REPRESENTATION_ITEM('') );
#3643 = CARTESIAN_POINT('',(0.,3.673940397442E-16,6.));
#3644 = CARTESIAN_POINT('',(36.384885512757,2.880424552056E-15,
    53.849166793662));
#3645 = CARTESIAN_POINT('',(164.1400044123,9.375721286398E-15,
    173.30822814937));
#3646 = CARTESIAN_POINT('',(476.00449735354,1.576338504986E-14,
    284.74009954376));
#3647 = CARTESIAN_POINT('',(943.3280351607,1.587960709586E-14,
    283.97368800475));
#3648 = CARTESIAN_POINT('',(1.486434771408E+03,1.641913402905E-14,
    290.57394755356));
#3649 = CARTESIAN_POINT('',(2.027682666396E+03,1.103084911042E-14,
    214.21205491484));
#3650 = CARTESIAN_POINT('',(2.477449574318E+03,6.122704565036E-15,
    145.83397296428));
#3651 = CARTESIAN_POINT('',(2.747888780157E+03,5.216388095907E-15,
    117.8119938222));
#3652 = CARTESIAN_POINT('',(2.85E+03,2.143131898508E-15,55.));
#3653 = ORIENTED_EDGE('',*,*,#552,.F.);
#3654 = ( BOUNDED_SURFACE() B_SPLINE_SURFACE(1,3,(
    (#3655,#3656,#3657,#3658,#3659,#3660,#3661,#3662,#3663,#3664)
    ,(#3665,#3666,#3667,#3668,#3669,#3670,#3671,#3672,#3673,#3674
)),.UNSPECIFIED.,.F.,.F.,.F.) B_SPLINE_SURFACE_WITH_KNOTS((2,2),(4,1,1,1
    ,1,1,1,4),(11.,12.),(0.,5.937462759188E-02,0.169261244735,
    0.329619903174,0.533683498435,0.722609230536,0.888013402964,1.),
.UNSPECIFIED.) GEOMETRIC_REPRESENTATION_ITEM() RATIONAL_B_SPLINE_SURFACE
((
    (1.,1.,1.,1.,1.,1.,1.,1.,1.,1.)
,(1.,1.,1.,1.,1.,1.,1.,1.,1.,1.))) REPRESENTATION_ITEM('') SURFACE() );
#3655 = CARTESIAN_POINT('',(0.,0.78315715332,5.948669168243));
#3656 = CARTESIAN_POINT('',(36.384885512757,6.140069920875,
    53.389766164557));
#3657 = CARTESIAN_POINT('',(164.1400044123,19.985798349076,
    171.83016878046));
#3658 = CARTESIAN_POINT('',(476.00449735354,33.602090471952,
    282.25787653229));
#3659 = CARTESIAN_POINT('',(943.3280351607,33.849835717788,281.378891752
    ));
#3660 = CARTESIAN_POINT('',(1.486434771408E+03,34.999920725794,
    287.98804406894));
#3661 = CARTESIAN_POINT('',(2.027682666396E+03,23.513959001721,
    212.41212730414));
#3662 = CARTESIAN_POINT('',(2.477449574318E+03,13.051490658676,
    144.75067064674));
#3663 = CARTESIAN_POINT('',(2.747888780157E+03,11.119537090611,
    117.02337442291));
#3664 = CARTESIAN_POINT('',(2.85E+03,4.568416727702,54.700570148083));
#3665 = CARTESIAN_POINT('',(0.,3.673940397442E-16,6.));
#3666 = CARTESIAN_POINT('',(36.384885512757,2.880424552056E-15,
    53.849166793662));
#3667 = CARTESIAN_POINT('',(164.1400044123,9.375721286398E-15,
    173.30822814937));
#3668 = CARTESIAN_POINT('',(476.00449735354,1.576338504986E-14,
    284.74009954376));
#3669 = CARTESIAN_POINT('',(943.3280351607,1.587960709586E-14,
    283.97368800475));
#3670 = CARTESIAN_POINT('',(1.486434771408E+03,1.641913402905E-14,
    290.57394755356));
#3671 = CARTESIAN_POINT('',(2.027682666396E+03,1.103084911042E-14,
    214.21205491484));
#3672 = CARTESIAN_POINT('',(2.477449574318E+03,6.122704565036E-15,
    145.83397296428));
#3673 = CARTESIAN_POINT('',(2.747888780157E+03,5.216388095907E-15,
    117.8119938222));
#3674 = CARTESIAN_POINT('',(2.85E+03,2.143131898508E-15,55.));
#3675 = ADVANCED_FACE('',(#3676),#3706,.T.);
#3676 = FACE_BOUND('',#3677,.T.);
#3677 = EDGE_LOOP('',(#3678,#3679,#3692,#3705));
#3678 = ORIENTED_EDGE('',*,*,#3641,.F.);
#3679 = ORIENTED_EDGE('',*,*,#3680,.F.);
#3680 = EDGE_CURVE('',#3681,#3629,#3683,.T.);
#3681 = VERTEX_POINT('',#3682);
#3682 = CARTESIAN_POINT('',(2.676258028584E+03,-11.21895417357,120.));
#3683 = B_SPLINE_CURVE_WITH_KNOTS('',4,(#3684,#3685,#3686,#3687,#3688,
    #3689,#3690,#3691),.UNSPECIFIED.,.F.,.F.,(5,3,5),(0.,0.502190011896,
    1.),.UNSPECIFIED.);
#3684 = CARTESIAN_POINT('',(2.676258028584E+03,-11.21895417357,120.));
#3685 = CARTESIAN_POINT('',(2.676763410143E+03,-9.81262195793,120.));
#3686 = CARTESIAN_POINT('',(2.677266622752E+03,-8.405542730907,120.));
#3687 = CARTESIAN_POINT('',(2.677767687085E+03,-6.997729753709,120.));
#3688 = CARTESIAN_POINT('',(2.678761208552E+03,-4.192947036913,120.));
#3689 = CARTESIAN_POINT('',(2.679253702639E+03,-2.795989817669,120.));
#3690 = CARTESIAN_POINT('',(2.679744125872E+03,-1.398336757732,120.));
#3691 = CARTESIAN_POINT('',(2.680232498019E+03,7.105427357601E-15,120.)
  );
#3692 = ORIENTED_EDGE('',*,*,#3693,.T.);
#3693 = EDGE_CURVE('',#3681,#560,#3694,.T.);
#3694 = ( BOUNDED_CURVE() B_SPLINE_CURVE(3,(#3695,#3696,#3697,#3698,
    #3699,#3700,#3701,#3702,#3703,#3704),.UNSPECIFIED.,.F.,.F.) 
B_SPLINE_CURVE_WITH_KNOTS((4,1,1,1,1,1,1,4),(0.,5.937462759188E-02,
    0.169261244735,0.329619903174,0.533683498435,0.722609230536,
0.888013402964,1.),.UNSPECIFIED.) CURVE() GEOMETRIC_REPRESENTATION_ITEM(
) RATIONAL_B_SPLINE_CURVE((1.,1.,1.,1.,1.,1.,1.,1.,1.,1.)) 
REPRESENTATION_ITEM('') );
#3695 = CARTESIAN_POINT('',(0.,-0.78315715332,5.948669168243));
#3696 = CARTESIAN_POINT('',(36.384885512757,-6.140069920875,
    53.389766164557));
#3697 = CARTESIAN_POINT('',(164.1400044123,-19.98579834907,
    171.83016878046));
#3698 = CARTESIAN_POINT('',(476.00449735354,-33.60209047195,
    282.25787653229));
#3699 = CARTESIAN_POINT('',(943.3280351607,-33.84983571778,281.378891752
    ));
#3700 = CARTESIAN_POINT('',(1.486434771408E+03,-34.99992072579,
    287.98804406894));
#3701 = CARTESIAN_POINT('',(2.027682666396E+03,-23.51395900172,
    212.41212730414));
#3702 = CARTESIAN_POINT('',(2.477449574318E+03,-13.05149065867,
    144.75067064674));
#3703 = CARTESIAN_POINT('',(2.747888780157E+03,-11.11953709061,
    117.02337442291));
#3704 = CARTESIAN_POINT('',(2.85E+03,-4.568416727702,54.700570148083));
#3705 = ORIENTED_EDGE('',*,*,#559,.F.);
#3706 = ( BOUNDED_SURFACE() B_SPLINE_SURFACE(1,3,(
    (#3707,#3708,#3709,#3710,#3711,#3712,#3713,#3714,#3715,#3716)
    ,(#3717,#3718,#3719,#3720,#3721,#3722,#3723,#3724,#3725,#3726
)),.UNSPECIFIED.,.F.,.F.,.F.) B_SPLINE_SURFACE_WITH_KNOTS((2,2),(4,1,1,1
    ,1,1,1,4),(12.,13.),(0.,5.937462759188E-02,0.169261244735,
    0.329619903174,0.533683498435,0.722609230536,0.888013402964,1.),
.UNSPECIFIED.) GEOMETRIC_REPRESENTATION_ITEM() RATIONAL_B_SPLINE_SURFACE
((
    (1.,1.,1.,1.,1.,1.,1.,1.,1.,1.)
,(1.,1.,1.,1.,1.,1.,1.,1.,1.,1.))) REPRESENTATION_ITEM('') SURFACE() );
#3707 = CARTESIAN_POINT('',(0.,3.673940397442E-16,6.));
#3708 = CARTESIAN_POINT('',(36.384885512757,2.880424552056E-15,
    53.849166793662));
#3709 = CARTESIAN_POINT('',(164.1400044123,9.375721286398E-15,
    173.30822814937));
#3710 = CARTESIAN_POINT('',(476.00449735354,1.576338504986E-14,
    284.74009954376));
#3711 = CARTESIAN_POINT('',(943.3280351607,1.587960709586E-14,
    283.97368800475));
#3712 = CARTESIAN_POINT('',(1.486434771408E+03,1.641913402905E-14,
    290.57394755356));
#3713 = CARTESIAN_POINT('',(2.027682666396E+03,1.103084911042E-14,
    214.21205491484));
#3714 = CARTESIAN_POINT('',(2.477449574318E+03,6.122704565036E-15,
    145.83397296428));
#3715 = CARTESIAN_POINT('',(2.747888780157E+03,5.216388095907E-15,
    117.8119938222));
#3716 = CARTESIAN_POINT('',(2.85E+03,2.143131898508E-15,55.));
#3717 = CARTESIAN_POINT('',(0.,-0.78315715332,5.948669168243));
#3718 = CARTESIAN_POINT('',(36.384885512757,-6.140069920875,
    53.389766164557));
#3719 = CARTESIAN_POINT('',(164.1400044123,-19.98579834907,
    171.83016878046));
#3720 = CARTESIAN_POINT('',(476.00449735354,-33.60209047195,
    282.25787653229));
#3721 = CARTESIAN_POINT('',(943.3280351607,-33.84983571778,281.378891752
    ));
#3722 = CARTESIAN_POINT('',(1.486434771408E+03,-34.99992072579,
    287.98804406894));
#3723 = CARTESIAN_POINT('',(2.027682666396E+03,-23.51395900172,
    212.41212730414));
#3724 = CARTESIAN_POINT('',(2.477449574318E+03,-13.05149065867,
    144.75067064674));
#3725 = CARTESIAN_POINT('',(2.747888780157E+03,-11.11953709061,
    117.02337442291));
#3726 = CARTESIAN_POINT('',(2.85E+03,-4.568416727702,54.700570148083));
#3727 = ADVANCED_FACE('',(#3728),#3764,.T.);
#3728 = FACE_BOUND('',#3729,.T.);
#3729 = EDGE_LOOP('',(#3730,#3731,#3750,#3763));
#3730 = ORIENTED_EDGE('',*,*,#3693,.F.);
#3731 = ORIENTED_EDGE('',*,*,#3732,.F.);
#3732 = EDGE_CURVE('',#3733,#3681,#3735,.T.);
#3733 = VERTEX_POINT('',#3734);
#3734 = CARTESIAN_POINT('',(2.663296188218E+03,-22.74072411307,120.));
#3735 = B_SPLINE_CURVE_WITH_KNOTS('',4,(#3736,#3737,#3738,#3739,#3740,
    #3741,#3742,#3743,#3744,#3745,#3746,#3747,#3748,#3749),
  .UNSPECIFIED.,.F.,.F.,(5,3,3,3,5),(0.,0.356876659061,0.384219344642,
    0.697086398089,1.),.UNSPECIFIED.);
#3736 = CARTESIAN_POINT('',(2.663296188218E+03,-22.74072411307,120.));
#3737 = CARTESIAN_POINT('',(2.66447597611E+03,-21.73906526331,120.));
#3738 = CARTESIAN_POINT('',(2.665650311802E+03,-20.731067233,120.));
#3739 = CARTESIAN_POINT('',(2.666819134294E+03,-19.71676553757,120.));
#3740 = CARTESIAN_POINT('',(2.668071516908E+03,-18.61801543322,120.));
#3741 = CARTESIAN_POINT('',(2.668160609125E+03,-18.53978696694,120.));
#3742 = CARTESIAN_POINT('',(2.668249668653E+03,-18.46152179425,120.));
#3743 = CARTESIAN_POINT('',(2.669357379522E+03,-17.48725558761,120.));
#3744 = CARTESIAN_POINT('',(2.670371780645E+03,-16.58648808231,120.));
#3745 = CARTESIAN_POINT('',(2.671381864596E+03,-15.68094961904,120.));
#3746 = CARTESIAN_POINT('',(2.673361344576E+03,-13.88936620932,120.));
#3747 = CARTESIAN_POINT('',(2.674331012723E+03,-13.00361758206,120.));
#3748 = CARTESIAN_POINT('',(2.675296581121E+03,-12.11346713844,120.));
#3749 = CARTESIAN_POINT('',(2.676258028584E+03,-11.21895417357,120.));
#3750 = ORIENTED_EDGE('',*,*,#3751,.T.);
#3751 = EDGE_CURVE('',#3733,#567,#3752,.T.);
#3752 = ( BOUNDED_CURVE() B_SPLINE_CURVE(3,(#3753,#3754,#3755,#3756,
    #3757,#3758,#3759,#3760,#3761,#3762),.UNSPECIFIED.,.F.,.F.) 
B_SPLINE_CURVE_WITH_KNOTS((4,1,1,1,1,1,1,4),(0.,5.937462759188E-02,
    0.169261244735,0.329619903174,0.533683498435,0.722609230536,
0.888013402964,1.),.UNSPECIFIED.) CURVE() GEOMETRIC_REPRESENTATION_ITEM(
) RATIONAL_B_SPLINE_CURVE((1.,1.,1.,1.,1.,1.,1.,1.,1.,1.)) 
REPRESENTATION_ITEM('') );
#3753 = CARTESIAN_POINT('',(0.,-1.552914270615,5.795554957734));
#3754 = CARTESIAN_POINT('',(36.384885512757,-12.17508154305,
    52.019424749378));
#3755 = CARTESIAN_POINT('',(164.1400044123,-39.62963414728,
    167.42128067932));
#3756 = CARTESIAN_POINT('',(476.00449735354,-66.62923985967,
    274.8536790218));
#3757 = CARTESIAN_POINT('',(943.3280351607,-67.12049136149,
    273.63890067702));
#3758 = CARTESIAN_POINT('',(1.486434771408E+03,-69.40098310415,
    280.27457914065));
#3759 = CARTESIAN_POINT('',(2.027682666396E+03,-46.62558764562,
    207.04314173248));
#3760 = CARTESIAN_POINT('',(2.477449574318E+03,-25.87966669362,
    141.51929929716));
#3761 = CARTESIAN_POINT('',(2.747888780157E+03,-22.04881581868,
    114.67100972162));
#3762 = CARTESIAN_POINT('',(2.85E+03,-9.058666578588,53.807403920117));
#3763 = ORIENTED_EDGE('',*,*,#566,.F.);
#3764 = ( BOUNDED_SURFACE() B_SPLINE_SURFACE(1,3,(
    (#3765,#3766,#3767,#3768,#3769,#3770,#3771,#3772,#3773,#3774)
    ,(#3775,#3776,#3777,#3778,#3779,#3780,#3781,#3782,#3783,#3784
)),.UNSPECIFIED.,.F.,.F.,.F.) B_SPLINE_SURFACE_WITH_KNOTS((2,2),(4,1,1,1
    ,1,1,1,4),(13.,14.),(0.,5.937462759188E-02,0.169261244735,
    0.329619903174,0.533683498435,0.722609230536,0.888013402964,1.),
.UNSPECIFIED.) GEOMETRIC_REPRESENTATION_ITEM() RATIONAL_B_SPLINE_SURFACE
((
    (1.,1.,1.,1.,1.,1.,1.,1.,1.,1.)
,(1.,1.,1.,1.,1.,1.,1.,1.,1.,1.))) REPRESENTATION_ITEM('') SURFACE() );
#3765 = CARTESIAN_POINT('',(0.,-0.78315715332,5.948669168243));
#3766 = CARTESIAN_POINT('',(36.384885512757,-6.140069920875,
    53.389766164557));
#3767 = CARTESIAN_POINT('',(164.1400044123,-19.98579834907,
    171.83016878046));
#3768 = CARTESIAN_POINT('',(476.00449735354,-33.60209047195,
    282.25787653229));
#3769 = CARTESIAN_POINT('',(943.3280351607,-33.84983571778,281.378891752
    ));
#3770 = CARTESIAN_POINT('',(1.486434771408E+03,-34.99992072579,
    287.98804406894));
#3771 = CARTESIAN_POINT('',(2.027682666396E+03,-23.51395900172,
    212.41212730414));
#3772 = CARTESIAN_POINT('',(2.477449574318E+03,-13.05149065867,
    144.75067064674));
#3773 = CARTESIAN_POINT('',(2.747888780157E+03,-11.11953709061,
    117.02337442291));
#3774 = CARTESIAN_POINT('',(2.85E+03,-4.568416727702,54.700570148083));
#3775 = CARTESIAN_POINT('',(0.,-1.552914270615,5.795554957734));
#3776 = CARTESIAN_POINT('',(36.384885512757,-12.17508154305,
    52.019424749378));
#3777 = CARTESIAN_POINT('',(164.1400044123,-39.62963414728,
    167.42128067932));
#3778 = CARTESIAN_POINT('',(476.00449735354,-66.62923985967,
    274.8536790218));
#3779 = CARTESIAN_POINT('',(943.3280351607,-67.12049136149,
    273.63890067702));
#3780 = CARTESIAN_POINT('',(1.486434771408E+03,-69.40098310415,
    280.27457914065));
#3781 = CARTESIAN_POINT('',(2.027682666396E+03,-46.62558764562,
    207.04314173248));
#3782 = CARTESIAN_POINT('',(2.477449574318E+03,-25.87966669362,
    141.51929929716));
#3783 = CARTESIAN_POINT('',(2.747888780157E+03,-22.04881581868,
    114.67100972162));
#3784 = CARTESIAN_POINT('',(2.85E+03,-9.058666578588,53.807403920117));
#3785 = ADVANCED_FACE('',(#3786),#3822,.T.);
#3786 = FACE_BOUND('',#3787,.T.);
#3787 = EDGE_LOOP('',(#3788,#3789,#3808,#3821));
#3788 = ORIENTED_EDGE('',*,*,#3751,.F.);
#3789 = ORIENTED_EDGE('',*,*,#3790,.F.);
#3790 = EDGE_CURVE('',#3791,#3733,#3793,.T.);
#3791 = VERTEX_POINT('',#3792);
#3792 = CARTESIAN_POINT('',(2.637388989081E+03,-34.92455169203,120.));
#3793 = B_SPLINE_CURVE_WITH_KNOTS('',4,(#3794,#3795,#3796,#3797,#3798,
    #3799,#3800,#3801,#3802,#3803,#3804,#3805,#3806,#3807),
  .UNSPECIFIED.,.F.,.F.,(5,3,3,3,5),(0.,0.271208135446,0.52735833604,
    0.7698657007,1.),.UNSPECIFIED.);
#3794 = CARTESIAN_POINT('',(2.637388989081E+03,-34.92455169203,120.));
#3795 = CARTESIAN_POINT('',(2.639171788101E+03,-34.15521946064,120.));
#3796 = CARTESIAN_POINT('',(2.640950364551E+03,-33.37619427736,120.));
#3797 = CARTESIAN_POINT('',(2.642724509527E+03,-32.58721646138,120.));
#3798 = CARTESIAN_POINT('',(2.646165264764E+03,-31.03326689635,120.));
#3799 = CARTESIAN_POINT('',(2.647832376514E+03,-30.26939448962,120.));
#3800 = CARTESIAN_POINT('',(2.649495165717E+03,-29.49624561815,120.));
#3801 = CARTESIAN_POINT('',(2.6527234143E+03,-27.97274060967,120.));
#3802 = CARTESIAN_POINT('',(2.654289340723E+03,-27.2233637601,120.));
#3803 = CARTESIAN_POINT('',(2.655851076435E+03,-26.46537910845,120.));
#3804 = CARTESIAN_POINT('',(2.658886398043E+03,-24.97107064257,120.));
#3805 = CARTESIAN_POINT('',(2.66036041603E+03,-24.23561484906,120.));
#3806 = CARTESIAN_POINT('',(2.661830389671E+03,-23.49219455381,120.));
#3807 = CARTESIAN_POINT('',(2.663296188218E+03,-22.74072411307,120.));
#3808 = ORIENTED_EDGE('',*,*,#3809,.T.);
#3809 = EDGE_CURVE('',#3791,#574,#3810,.T.);
#3810 = ( BOUNDED_CURVE() B_SPLINE_CURVE(3,(#3811,#3812,#3813,#3814,
    #3815,#3816,#3817,#3818,#3819,#3820),.UNSPECIFIED.,.F.,.F.) 
B_SPLINE_CURVE_WITH_KNOTS((4,1,1,1,1,1,1,4),(0.,5.937462759188E-02,
    0.169261244735,0.329619903174,0.533683498435,0.722609230536,
0.888013402964,1.),.UNSPECIFIED.) CURVE() GEOMETRIC_REPRESENTATION_ITEM(
) RATIONAL_B_SPLINE_CURVE((1.,1.,1.,1.,1.,1.,1.,1.,1.,1.)) 
REPRESENTATION_ITEM('') );
#3811 = CARTESIAN_POINT('',(0.,-2.296100594191,5.543277195068));
#3812 = CARTESIAN_POINT('',(36.384885512757,-18.00177414446,
    49.761589469677));
#3813 = CARTESIAN_POINT('',(164.1400044123,-58.59539591783,
    160.15700114374));
#3814 = CARTESIAN_POINT('',(476.00449735354,-98.51634448027,
    262.65419488454));
#3815 = CARTESIAN_POINT('',(943.3280351607,-99.24269678869,
    260.88614817306));
#3816 = CARTESIAN_POINT('',(1.486434771408E+03,-102.61457542,
    267.5655322922));
#3817 = CARTESIAN_POINT('',(2.027682666396E+03,-68.93943955784,
    198.19696303157));
#3818 = CARTESIAN_POINT('',(2.477449574318E+03,-38.26503445624,
    136.19514857524));
#3819 = CARTESIAN_POINT('',(2.747888780157E+03,-32.600833195,
    110.79514933053));
#3820 = CARTESIAN_POINT('',(2.85E+03,-13.39392013277,52.335783637895));
#3821 = ORIENTED_EDGE('',*,*,#573,.F.);
#3822 = ( BOUNDED_SURFACE() B_SPLINE_SURFACE(1,3,(
    (#3823,#3824,#3825,#3826,#3827,#3828,#3829,#3830,#3831,#3832)
    ,(#3833,#3834,#3835,#3836,#3837,#3838,#3839,#3840,#3841,#3842
)),.UNSPECIFIED.,.F.,.F.,.F.) B_SPLINE_SURFACE_WITH_KNOTS((2,2),(4,1,1,1
    ,1,1,1,4),(14.,15.),(0.,5.937462759188E-02,0.169261244735,
    0.329619903174,0.533683498435,0.722609230536,0.888013402964,1.),
.UNSPECIFIED.) GEOMETRIC_REPRESENTATION_ITEM() RATIONAL_B_SPLINE_SURFACE
((
    (1.,1.,1.,1.,1.,1.,1.,1.,1.,1.)
,(1.,1.,1.,1.,1.,1.,1.,1.,1.,1.))) REPRESENTATION_ITEM('') SURFACE() );
#3823 = CARTESIAN_POINT('',(0.,-1.552914270615,5.795554957734));
#3824 = CARTESIAN_POINT('',(36.384885512757,-12.17508154305,
    52.019424749378));
#3825 = CARTESIAN_POINT('',(164.1400044123,-39.62963414728,
    167.42128067932));
#3826 = CARTESIAN_POINT('',(476.00449735354,-66.62923985967,
    274.8536790218));
#3827 = CARTESIAN_POINT('',(943.3280351607,-67.12049136149,
    273.63890067702));
#3828 = CARTESIAN_POINT('',(1.486434771408E+03,-69.40098310415,
    280.27457914065));
#3829 = CARTESIAN_POINT('',(2.027682666396E+03,-46.62558764562,
    207.04314173248));
#3830 = CARTESIAN_POINT('',(2.477449574318E+03,-25.87966669362,
    141.51929929716));
#3831 = CARTESIAN_POINT('',(2.747888780157E+03,-22.04881581868,
    114.67100972162));
#3832 = CARTESIAN_POINT('',(2.85E+03,-9.058666578588,53.807403920117));
#3833 = CARTESIAN_POINT('',(0.,-2.296100594191,5.543277195068));
#3834 = CARTESIAN_POINT('',(36.384885512757,-18.00177414446,
    49.761589469677));
#3835 = CARTESIAN_POINT('',(164.1400044123,-58.59539591783,
    160.15700114374));
#3836 = CARTESIAN_POINT('',(476.00449735354,-98.51634448027,
    262.65419488454));
#3837 = CARTESIAN_POINT('',(943.3280351607,-99.24269678869,
    260.88614817306));
#3838 = CARTESIAN_POINT('',(1.486434771408E+03,-102.61457542,
    267.5655322922));
#3839 = CARTESIAN_POINT('',(2.027682666396E+03,-68.93943955784,
    198.19696303157));
#3840 = CARTESIAN_POINT('',(2.477449574318E+03,-38.26503445624,
    136.19514857524));
#3841 = CARTESIAN_POINT('',(2.747888780157E+03,-32.600833195,
    110.79514933053));
#3842 = CARTESIAN_POINT('',(2.85E+03,-13.39392013277,52.335783637895));
#3843 = ADVANCED_FACE('',(#3844),#3895,.T.);
#3844 = FACE_BOUND('',#3845,.T.);
#3845 = EDGE_LOOP('',(#3846,#3861,#3862,#3875,#3876,#3877,#3887));
#3846 = ORIENTED_EDGE('',*,*,#3847,.F.);
#3847 = EDGE_CURVE('',#2020,#3848,#3850,.T.);
#3848 = VERTEX_POINT('',#3849);
#3849 = CARTESIAN_POINT('',(2.635764599541E+03,-35.,120.24409638835));
#3850 = ( BOUNDED_CURVE() B_SPLINE_CURVE(3,(#3851,#3852,#3853,#3854,
    #3855,#3856,#3857,#3858,#3859,#3860),.UNSPECIFIED.,.F.,.F.) 
B_SPLINE_CURVE_WITH_KNOTS((4,1,1,1,1,1,1,4),(0.,5.937462759188E-02,
    0.169261244735,0.329619903174,0.533683498435,0.722609230536,
0.888013402964,1.),.UNSPECIFIED.) CURVE() GEOMETRIC_REPRESENTATION_ITEM(
) RATIONAL_B_SPLINE_CURVE((1.,1.,1.,1.,1.,1.,1.,1.,1.,1.)) 
REPRESENTATION_ITEM('') );
#3851 = CARTESIAN_POINT('',(0.,-2.296100594191,5.543277195068));
#3852 = CARTESIAN_POINT('',(36.384885512757,-18.00177414446,
    49.761589469677));
#3853 = CARTESIAN_POINT('',(164.1400044123,-58.59539591783,
    160.15700114374));
#3854 = CARTESIAN_POINT('',(476.00449735354,-98.51634448027,
    262.65419488454));
#3855 = CARTESIAN_POINT('',(943.3280351607,-99.24269678869,
    260.88614817306));
#3856 = CARTESIAN_POINT('',(1.486434771408E+03,-102.61457542,
    267.5655322922));
#3857 = CARTESIAN_POINT('',(2.027682666396E+03,-68.93943955784,
    198.19696303157));
#3858 = CARTESIAN_POINT('',(2.477449574318E+03,-38.26503445624,
    136.19514857524));
#3859 = CARTESIAN_POINT('',(2.747888780157E+03,-32.600833195,
    110.79514933053));
#3860 = CARTESIAN_POINT('',(2.85E+03,-13.39392013277,52.335783637895));
#3861 = ORIENTED_EDGE('',*,*,#2019,.T.);
#3862 = ORIENTED_EDGE('',*,*,#3863,.T.);
#3863 = EDGE_CURVE('',#2013,#581,#3864,.T.);
#3864 = ( BOUNDED_CURVE() B_SPLINE_CURVE(3,(#3865,#3866,#3867,#3868,
    #3869,#3870,#3871,#3872,#3873,#3874),.UNSPECIFIED.,.F.,.F.) 
B_SPLINE_CURVE_WITH_KNOTS((4,1,1,1,1,1,1,4),(0.,5.937462759188E-02,
    0.169261244735,0.329619903174,0.533683498435,0.722609230536,
0.888013402964,1.),.UNSPECIFIED.) CURVE() GEOMETRIC_REPRESENTATION_ITEM(
) RATIONAL_B_SPLINE_CURVE((1.,1.,1.,1.,1.,1.,1.,1.,1.,1.)) 
REPRESENTATION_ITEM('') );
#3865 = CARTESIAN_POINT('',(0.,-3.,5.196152422707));
#3866 = CARTESIAN_POINT('',(36.384885512757,-23.52045139922,
    46.654892513068));
#3867 = CARTESIAN_POINT('',(164.1400044123,-76.5585742185,
    150.16162401062));
#3868 = CARTESIAN_POINT('',(476.00449735354,-128.7178071329,
    245.86816067643));
#3869 = CARTESIAN_POINT('',(943.3280351607,-129.6668321585,
    243.33883737118));
#3870 = CARTESIAN_POINT('',(1.486434771408E+03,-134.0724039003,
    250.07835883876));
#3871 = CARTESIAN_POINT('',(2.027682666396E+03,-90.07371854561,
    186.02495177159));
#3872 = CARTESIAN_POINT('',(2.477449574318E+03,-49.99567687025,
    128.86931617595));
#3873 = CARTESIAN_POINT('',(2.747888780157E+03,-42.5950412767,
    105.46211029556));
#3874 = CARTESIAN_POINT('',(2.85E+03,-17.5,50.310889132455));
#3875 = ORIENTED_EDGE('',*,*,#580,.F.);
#3876 = ORIENTED_EDGE('',*,*,#3809,.F.);
#3877 = ORIENTED_EDGE('',*,*,#3878,.F.);
#3878 = EDGE_CURVE('',#3879,#3791,#3881,.T.);
#3879 = VERTEX_POINT('',#3880);
#3880 = CARTESIAN_POINT('',(2.637146657485E+03,-35.,120.));
#3881 = B_SPLINE_CURVE_WITH_KNOTS('',4,(#3882,#3883,#3884,#3885,#3886),
  .UNSPECIFIED.,.F.,.F.,(5,5),(0.,1.),.PIECEWISE_BEZIER_KNOTS.);
#3882 = CARTESIAN_POINT('',(2.637146657485E+03,-35.,120.));
#3883 = CARTESIAN_POINT('',(2.637206426486E+03,-34.98140539577,120.));
#3884 = CARTESIAN_POINT('',(2.637268152104E+03,-34.9621925942,120.));
#3885 = CARTESIAN_POINT('',(2.637328220664E+03,-34.94348584876,120.));
#3886 = CARTESIAN_POINT('',(2.637388989081E+03,-34.92455169203,120.));
#3887 = ORIENTED_EDGE('',*,*,#3888,.T.);
#3888 = EDGE_CURVE('',#3879,#3848,#3889,.T.);
#3889 = B_SPLINE_CURVE_WITH_KNOTS('',4,(#3890,#3891,#3892,#3893,#3894),
  .UNSPECIFIED.,.F.,.F.,(5,5),(0.,1.),.PIECEWISE_BEZIER_KNOTS.);
#3890 = CARTESIAN_POINT('',(2.637146657485E+03,-35.,120.));
#3891 = CARTESIAN_POINT('',(2.636801182393E+03,-35.,120.06124666671));
#3892 = CARTESIAN_POINT('',(2.636455680842E+03,-35.,120.12234421672));
#3893 = CARTESIAN_POINT('',(2.636110153127E+03,-35.,120.18329375484));
#3894 = CARTESIAN_POINT('',(2.635764599541E+03,-35.,120.24409638835));
#3895 = ( BOUNDED_SURFACE() B_SPLINE_SURFACE(1,3,(
    (#3896,#3897,#3898,#3899,#3900,#3901,#3902,#3903,#3904,#3905)
    ,(#3906,#3907,#3908,#3909,#3910,#3911,#3912,#3913,#3914,#3915
)),.UNSPECIFIED.,.F.,.F.,.F.) B_SPLINE_SURFACE_WITH_KNOTS((2,2),(4,1,1,1
    ,1,1,1,4),(15.,16.),(0.,5.937462759188E-02,0.169261244735,
    0.329619903174,0.533683498435,0.722609230536,0.888013402964,1.),
.UNSPECIFIED.) GEOMETRIC_REPRESENTATION_ITEM() RATIONAL_B_SPLINE_SURFACE
((
    (1.,1.,1.,1.,1.,1.,1.,1.,1.,1.)
,(1.,1.,1.,1.,1.,1.,1.,1.,1.,1.))) REPRESENTATION_ITEM('') SURFACE() );
#3896 = CARTESIAN_POINT('',(0.,-2.296100594191,5.543277195068));
#3897 = CARTESIAN_POINT('',(36.384885512757,-18.00177414446,
    49.761589469677));
#3898 = CARTESIAN_POINT('',(164.1400044123,-58.59539591783,
    160.15700114374));
#3899 = CARTESIAN_POINT('',(476.00449735354,-98.51634448027,
    262.65419488454));
#3900 = CARTESIAN_POINT('',(943.3280351607,-99.24269678869,
    260.88614817306));
#3901 = CARTESIAN_POINT('',(1.486434771408E+03,-102.61457542,
    267.5655322922));
#3902 = CARTESIAN_POINT('',(2.027682666396E+03,-68.93943955784,
    198.19696303157));
#3903 = CARTESIAN_POINT('',(2.477449574318E+03,-38.26503445624,
    136.19514857524));
#3904 = CARTESIAN_POINT('',(2.747888780157E+03,-32.600833195,
    110.79514933053));
#3905 = CARTESIAN_POINT('',(2.85E+03,-13.39392013277,52.335783637895));
#3906 = CARTESIAN_POINT('',(0.,-3.,5.196152422707));
#3907 = CARTESIAN_POINT('',(36.384885512757,-23.52045139922,
    46.654892513068));
#3908 = CARTESIAN_POINT('',(164.1400044123,-76.5585742185,
    150.16162401062));
#3909 = CARTESIAN_POINT('',(476.00449735354,-128.7178071329,
    245.86816067643));
#3910 = CARTESIAN_POINT('',(943.3280351607,-129.6668321585,
    243.33883737118));
#3911 = CARTESIAN_POINT('',(1.486434771408E+03,-134.0724039003,
    250.07835883876));
#3912 = CARTESIAN_POINT('',(2.027682666396E+03,-90.07371854561,
    186.02495177159));
#3913 = CARTESIAN_POINT('',(2.477449574318E+03,-49.99567687025,
    128.86931617595));
#3914 = CARTESIAN_POINT('',(2.747888780157E+03,-42.5950412767,
    105.46211029556));
#3915 = CARTESIAN_POINT('',(2.85E+03,-17.5,50.310889132455));
#3916 = ADVANCED_FACE('',(#3917),#3935,.T.);
#3917 = FACE_BOUND('',#3918,.T.);
#3918 = EDGE_LOOP('',(#3919,#3920,#3933,#3934));
#3919 = ORIENTED_EDGE('',*,*,#2012,.T.);
#3920 = ORIENTED_EDGE('',*,*,#3921,.T.);
#3921 = EDGE_CURVE('',#2006,#588,#3922,.T.);
#3922 = ( BOUNDED_CURVE() B_SPLINE_CURVE(3,(#3923,#3924,#3925,#3926,
    #3927,#3928,#3929,#3930,#3931,#3932),.UNSPECIFIED.,.F.,.F.) 
B_SPLINE_CURVE_WITH_KNOTS((4,1,1,1,1,1,1,4),(0.,5.937462759188E-02,
    0.169261244735,0.329619903174,0.533683498435,0.722609230536,
0.888013402964,1.),.UNSPECIFIED.) CURVE() GEOMETRIC_REPRESENTATION_ITEM(
) RATIONAL_B_SPLINE_CURVE((1.,1.,1.,1.,1.,1.,1.,1.,1.,1.)) 
REPRESENTATION_ITEM('') );
#3923 = CARTESIAN_POINT('',(0.,-3.652568574052,4.760120041747));
#3924 = CARTESIAN_POINT('',(36.384885512757,-28.63668720944,
    42.752490325822));
#3925 = CARTESIAN_POINT('',(164.1400044123,-93.21181408825,
    137.60617295393));
#3926 = CARTESIAN_POINT('',(476.00449735354,-156.7168724182,
    224.78279009674));
#3927 = CARTESIAN_POINT('',(943.3280351607,-157.8723320797,
    221.29720762424));
#3928 = CARTESIAN_POINT('',(1.486434771408E+03,-163.2362163779,
    228.11226916649));
#3929 = CARTESIAN_POINT('',(2.027682666396E+03,-109.6668112359,
    170.73537443994));
#3930 = CARTESIAN_POINT('',(2.477449574318E+03,-60.87087939158,
    119.66714912274));
#3931 = CARTESIAN_POINT('',(2.747888780157E+03,-51.86043639259,
    98.763142393202));
#3932 = CARTESIAN_POINT('',(2.85E+03,-21.3066500153,47.767366910193));
#3933 = ORIENTED_EDGE('',*,*,#587,.F.);
#3934 = ORIENTED_EDGE('',*,*,#3863,.F.);
#3935 = ( BOUNDED_SURFACE() B_SPLINE_SURFACE(1,3,(
    (#3936,#3937,#3938,#3939,#3940,#3941,#3942,#3943,#3944,#3945)
    ,(#3946,#3947,#3948,#3949,#3950,#3951,#3952,#3953,#3954,#3955
)),.UNSPECIFIED.,.F.,.F.,.F.) B_SPLINE_SURFACE_WITH_KNOTS((2,2),(4,1,1,1
    ,1,1,1,4),(16.,17.),(0.,5.937462759188E-02,0.169261244735,
    0.329619903174,0.533683498435,0.722609230536,0.888013402964,1.),
.UNSPECIFIED.) GEOMETRIC_REPRESENTATION_ITEM() RATIONAL_B_SPLINE_SURFACE
((
    (1.,1.,1.,1.,1.,1.,1.,1.,1.,1.)
,(1.,1.,1.,1.,1.,1.,1.,1.,1.,1.))) REPRESENTATION_ITEM('') SURFACE() );
#3936 = CARTESIAN_POINT('',(0.,-3.,5.196152422707));
#3937 = CARTESIAN_POINT('',(36.384885512757,-23.52045139922,
    46.654892513068));
#3938 = CARTESIAN_POINT('',(164.1400044123,-76.5585742185,
    150.16162401062));
#3939 = CARTESIAN_POINT('',(476.00449735354,-128.7178071329,
    245.86816067643));
#3940 = CARTESIAN_POINT('',(943.3280351607,-129.6668321585,
    243.33883737118));
#3941 = CARTESIAN_POINT('',(1.486434771408E+03,-134.0724039003,
    250.07835883876));
#3942 = CARTESIAN_POINT('',(2.027682666396E+03,-90.07371854561,
    186.02495177159));
#3943 = CARTESIAN_POINT('',(2.477449574318E+03,-49.99567687025,
    128.86931617595));
#3944 = CARTESIAN_POINT('',(2.747888780157E+03,-42.5950412767,
    105.46211029556));
#3945 = CARTESIAN_POINT('',(2.85E+03,-17.5,50.310889132455));
#3946 = CARTESIAN_POINT('',(0.,-3.652568574052,4.760120041747));
#3947 = CARTESIAN_POINT('',(36.384885512757,-28.63668720944,
    42.752490325822));
#3948 = CARTESIAN_POINT('',(164.1400044123,-93.21181408825,
    137.60617295393));
#3949 = CARTESIAN_POINT('',(476.00449735354,-156.7168724182,
    224.78279009674));
#3950 = CARTESIAN_POINT('',(943.3280351607,-157.8723320797,
    221.29720762424));
#3951 = CARTESIAN_POINT('',(1.486434771408E+03,-163.2362163779,
    228.11226916649));
#3952 = CARTESIAN_POINT('',(2.027682666396E+03,-109.6668112359,
    170.73537443994));
#3953 = CARTESIAN_POINT('',(2.477449574318E+03,-60.87087939158,
    119.66714912274));
#3954 = CARTESIAN_POINT('',(2.747888780157E+03,-51.86043639259,
    98.763142393202));
#3955 = CARTESIAN_POINT('',(2.85E+03,-21.3066500153,47.767366910193));
#3956 = ADVANCED_FACE('',(#3957),#3975,.T.);
#3957 = FACE_BOUND('',#3958,.T.);
#3958 = EDGE_LOOP('',(#3959,#3960,#3973,#3974));
#3959 = ORIENTED_EDGE('',*,*,#2005,.T.);
#3960 = ORIENTED_EDGE('',*,*,#3961,.T.);
#3961 = EDGE_CURVE('',#1999,#595,#3962,.T.);
#3962 = ( BOUNDED_CURVE() B_SPLINE_CURVE(3,(#3963,#3964,#3965,#3966,
    #3967,#3968,#3969,#3970,#3971,#3972),.UNSPECIFIED.,.F.,.F.) 
B_SPLINE_CURVE_WITH_KNOTS((4,1,1,1,1,1,1,4),(0.,5.937462759188E-02,
    0.169261244735,0.329619903174,0.533683498435,0.722609230536,
0.888013402964,1.),.UNSPECIFIED.) CURVE() GEOMETRIC_REPRESENTATION_ITEM(
) RATIONAL_B_SPLINE_CURVE((1.,1.,1.,1.,1.,1.,1.,1.,1.,1.)) 
REPRESENTATION_ITEM('') );
#3963 = CARTESIAN_POINT('',(0.,-4.242640687119,4.242640687119));
#3964 = CARTESIAN_POINT('',(36.384885512757,-33.26294136191,
    38.121154091314));
#3965 = CARTESIAN_POINT('',(164.1400044123,-108.2701739757,
    122.7054752223));
#3966 = CARTESIAN_POINT('',(476.00449735354,-182.0344685663,
    199.75885968205));
#3967 = CARTESIAN_POINT('',(943.3280351607,-183.3765926285,
    195.13839732829));
#3968 = CARTESIAN_POINT('',(1.486434771408E+03,-189.6070119357,
    202.04310915984));
#3969 = CARTESIAN_POINT('',(2.027682666396E+03,-127.3834743805,
    152.58983994381));
#3970 = CARTESIAN_POINT('',(2.477449574318E+03,-70.70456428993,
    108.74609904522));
#3971 = CARTESIAN_POINT('',(2.747888780157E+03,-60.23848506336,
    90.812866821546));
#3972 = CARTESIAN_POINT('',(2.85E+03,-24.74873734152,44.748737341529));
#3973 = ORIENTED_EDGE('',*,*,#594,.F.);
#3974 = ORIENTED_EDGE('',*,*,#3921,.F.);
#3975 = ( BOUNDED_SURFACE() B_SPLINE_SURFACE(1,3,(
    (#3976,#3977,#3978,#3979,#3980,#3981,#3982,#3983,#3984,#3985)
    ,(#3986,#3987,#3988,#3989,#3990,#3991,#3992,#3993,#3994,#3995
)),.UNSPECIFIED.,.F.,.F.,.F.) B_SPLINE_SURFACE_WITH_KNOTS((2,2),(4,1,1,1
    ,1,1,1,4),(17.,18.),(0.,5.937462759188E-02,0.169261244735,
    0.329619903174,0.533683498435,0.722609230536,0.888013402964,1.),
.UNSPECIFIED.) GEOMETRIC_REPRESENTATION_ITEM() RATIONAL_B_SPLINE_SURFACE
((
    (1.,1.,1.,1.,1.,1.,1.,1.,1.,1.)
,(1.,1.,1.,1.,1.,1.,1.,1.,1.,1.))) REPRESENTATION_ITEM('') SURFACE() );
#3976 = CARTESIAN_POINT('',(0.,-3.652568574052,4.760120041747));
#3977 = CARTESIAN_POINT('',(36.384885512757,-28.63668720944,
    42.752490325822));
#3978 = CARTESIAN_POINT('',(164.1400044123,-93.21181408825,
    137.60617295393));
#3979 = CARTESIAN_POINT('',(476.00449735354,-156.7168724182,
    224.78279009674));
#3980 = CARTESIAN_POINT('',(943.3280351607,-157.8723320797,
    221.29720762424));
#3981 = CARTESIAN_POINT('',(1.486434771408E+03,-163.2362163779,
    228.11226916649));
#3982 = CARTESIAN_POINT('',(2.027682666396E+03,-109.6668112359,
    170.73537443994));
#3983 = CARTESIAN_POINT('',(2.477449574318E+03,-60.87087939158,
    119.66714912274));
#3984 = CARTESIAN_POINT('',(2.747888780157E+03,-51.86043639259,
    98.763142393202));
#3985 = CARTESIAN_POINT('',(2.85E+03,-21.3066500153,47.767366910193));
#3986 = CARTESIAN_POINT('',(0.,-4.242640687119,4.242640687119));
#3987 = CARTESIAN_POINT('',(36.384885512757,-33.26294136191,
    38.121154091314));
#3988 = CARTESIAN_POINT('',(164.1400044123,-108.2701739757,
    122.7054752223));
#3989 = CARTESIAN_POINT('',(476.00449735354,-182.0344685663,
    199.75885968205));
#3990 = CARTESIAN_POINT('',(943.3280351607,-183.3765926285,
    195.13839732829));
#3991 = CARTESIAN_POINT('',(1.486434771408E+03,-189.6070119357,
    202.04310915984));
#3992 = CARTESIAN_POINT('',(2.027682666396E+03,-127.3834743805,
    152.58983994381));
#3993 = CARTESIAN_POINT('',(2.477449574318E+03,-70.70456428993,
    108.74609904522));
#3994 = CARTESIAN_POINT('',(2.747888780157E+03,-60.23848506336,
    90.812866821546));
#3995 = CARTESIAN_POINT('',(2.85E+03,-24.74873734152,44.748737341529));
#3996 = ADVANCED_FACE('',(#3997),#4533,.T.);
#3997 = FACE_BOUND('',#3998,.T.);
#3998 = EDGE_LOOP('',(#3999,#4000,#4001,#4016,#4035,#4054,#4073,#4104,
    #4135,#4163,#4200,#4231,#4262,#4293,#4324,#4496,#4506,#4519,#4532));
#3999 = ORIENTED_EDGE('',*,*,#3961,.F.);
#4000 = ORIENTED_EDGE('',*,*,#1998,.T.);
#4001 = ORIENTED_EDGE('',*,*,#4002,.T.);
#4002 = EDGE_CURVE('',#1992,#4003,#4005,.T.);
#4003 = VERTEX_POINT('',#4004);
#4004 = CARTESIAN_POINT('',(2.324533226476E+03,-102.6442669427,
    108.83031884855));
#4005 = ( BOUNDED_CURVE() B_SPLINE_CURVE(3,(#4006,#4007,#4008,#4009,
    #4010,#4011,#4012,#4013,#4014,#4015),.UNSPECIFIED.,.F.,.F.) 
B_SPLINE_CURVE_WITH_KNOTS((4,1,1,1,1,1,1,4),(0.,5.937462759188E-02,
    0.169261244735,0.329619903174,0.533683498435,0.722609230536,
0.888013402964,1.),.UNSPECIFIED.) CURVE() GEOMETRIC_REPRESENTATION_ITEM(
) RATIONAL_B_SPLINE_CURVE((1.,1.,1.,1.,1.,1.,1.,1.,1.,1.)) 
REPRESENTATION_ITEM('') );
#4006 = CARTESIAN_POINT('',(0.,-4.760120041747,3.652568574052));
#4007 = CARTESIAN_POINT('',(36.384885512757,-37.32005736546,
    32.840127256566));
#4008 = CARTESIAN_POINT('',(164.1400044123,-121.4760011683,
    105.71448588516));
#4009 = CARTESIAN_POINT('',(476.00449735354,-204.2374044877,
    171.2245358197));
#4010 = CARTESIAN_POINT('',(943.3280351607,-205.7432288359,
    165.30999098011));
#4011 = CARTESIAN_POINT('',(1.486434771408E+03,-212.7335789503,
    172.31692937425));
#4012 = CARTESIAN_POINT('',(2.027682666396E+03,-142.9205709612,
    131.89882340934));
#4013 = CARTESIAN_POINT('',(2.477449574318E+03,-79.32847449027,
    96.293028138107));
#4014 = CARTESIAN_POINT('',(2.747888780157E+03,-67.58583655343,
    81.747314999859));
#4015 = CARTESIAN_POINT('',(2.85E+03,-27.76736691019,41.306650015305));
#4016 = ORIENTED_EDGE('',*,*,#4017,.T.);
#4017 = EDGE_CURVE('',#4003,#4018,#4020,.T.);
#4018 = VERTEX_POINT('',#4019);
#4019 = CARTESIAN_POINT('',(2.348853026095E+03,-98.35665897229,
    108.95267997069));
#4020 = B_SPLINE_CURVE_WITH_KNOTS('',4,(#4021,#4022,#4023,#4024,#4025,
    #4026,#4027,#4028,#4029,#4030,#4031,#4032,#4033,#4034),
  .UNSPECIFIED.,.F.,.F.,(5,3,3,3,5),(0.,0.246546937792,0.487896422487,
    0.729286640493,1.),.UNSPECIFIED.);
#4021 = CARTESIAN_POINT('',(2.324533226476E+03,-102.6442669427,
    108.83031884855));
#4022 = CARTESIAN_POINT('',(2.326031696498E+03,-102.3770354401,
    108.83789297298));
#4023 = CARTESIAN_POINT('',(2.327530250822E+03,-102.1102769297,
    108.84546177015));
#4024 = CARTESIAN_POINT('',(2.329028890088E+03,-101.8439963109,
    108.85302525306));
#4025 = CARTESIAN_POINT('',(2.331994745135E+03,-101.3180038246,
    108.867982284));
#4026 = CARTESIAN_POINT('',(2.333461957346E+03,-101.0582718186,
    108.87537605313));
#4027 = CARTESIAN_POINT('',(2.334929252122E+03,-100.7990069515,
    108.88276475585));
#4028 = CARTESIAN_POINT('',(2.337864255565E+03,-100.2813767973,
    108.89753330184));
#4029 = CARTESIAN_POINT('',(2.33933196426E+03,-100.0230116693,
    108.90491314341));
#4030 = CARTESIAN_POINT('',(2.340799756656E+03,-99.76512282097,
    108.91228794412));
#4031 = CARTESIAN_POINT('',(2.343913821837E+03,-99.21903762217,
    108.92792274383));
#4032 = CARTESIAN_POINT('',(2.34556011633E+03,-98.9309651563,
    108.93618144744));
#4033 = CARTESIAN_POINT('',(2.347206517511E+03,-98.64350355029,
    108.94443384931));
#4034 = CARTESIAN_POINT('',(2.348853026095E+03,-98.35665897229,
    108.95267997069));
#4035 = ORIENTED_EDGE('',*,*,#4036,.T.);
#4036 = EDGE_CURVE('',#4018,#4037,#4039,.T.);
#4037 = VERTEX_POINT('',#4038);
#4038 = CARTESIAN_POINT('',(2.389370445657E+03,-92.25745342635,
    108.03729532881));
#4039 = B_SPLINE_CURVE_WITH_KNOTS('',4,(#4040,#4041,#4042,#4043,#4044,
    #4045,#4046,#4047,#4048,#4049,#4050,#4051,#4052,#4053),
  .UNSPECIFIED.,.F.,.F.,(5,3,3,3,5),(0.,0.270185397762,0.51211152548,
    0.754078512546,1.),.UNSPECIFIED.);
#4040 = CARTESIAN_POINT('',(2.348853026095E+03,-98.35665897229,
    108.95267997069));
#4041 = CARTESIAN_POINT('',(2.351588344277E+03,-97.93486723253,
    108.89097418822));
#4042 = CARTESIAN_POINT('',(2.354323922839E+03,-97.51476775374,
    108.82924589349));
#4043 = CARTESIAN_POINT('',(2.357059764941E+03,-97.09639143034,
    108.76749506456));
#4044 = CARTESIAN_POINT('',(2.362245806554E+03,-96.30672148644,
    108.65040933195));
#4045 = CARTESIAN_POINT('',(2.364695953248E+03,-95.93508021906,
    108.59507889706));
#4046 = CARTESIAN_POINT('',(2.367146315643E+03,-95.56486679494,
    108.53973038313));
#4047 = CARTESIAN_POINT('',(2.372047889568E+03,-94.82727651334,
    108.42898785181));
#4048 = CARTESIAN_POINT('',(2.374499101172E+03,-94.45990014516,
    108.37359382831));
#4049 = CARTESIAN_POINT('',(2.376950532401E+03,-94.09399528184,
    108.31818172523));
#4050 = CARTESIAN_POINT('',(2.381893905343E+03,-93.35921551256,
    108.20641547924));
#4051 = CARTESIAN_POINT('',(2.38438585435E+03,-92.99038979898,
    108.15006074093));
#4052 = CARTESIAN_POINT('',(2.386878033896E+03,-92.62312842893,
    108.09368735059));
#4053 = CARTESIAN_POINT('',(2.389370445657E+03,-92.25745342635,
    108.03729532881));
#4054 = ORIENTED_EDGE('',*,*,#4055,.T.);
#4055 = EDGE_CURVE('',#4037,#4056,#4058,.T.);
#4056 = VERTEX_POINT('',#4057);
#4057 = CARTESIAN_POINT('',(2.43121702862E+03,-86.93718162461,
    106.20428698324));
#4058 = B_SPLINE_CURVE_WITH_KNOTS('',4,(#4059,#4060,#4061,#4062,#4063,
    #4064,#4065,#4066,#4067,#4068,#4069,#4070,#4071,#4072),
  .UNSPECIFIED.,.F.,.F.,(5,3,3,3,5),(0.,0.248788673104,0.498462098322,
    0.74899354779,1.),.UNSPECIFIED.);
#4059 = CARTESIAN_POINT('',(2.389370445657E+03,-92.25745342635,
    108.03729532881));
#4060 = CARTESIAN_POINT('',(2.391971793263E+03,-91.91567345727,
    107.92343034406));
#4061 = CARTESIAN_POINT('',(2.394573367273E+03,-91.57562443478,
    107.80954171156));
#4062 = CARTESIAN_POINT('',(2.397175169509E+03,-91.23733366024,
    107.6956293954));
#4063 = CARTESIAN_POINT('',(2.402388487145E+03,-90.56312612179,
    107.4673521666));
#4064 = CARTESIAN_POINT('',(2.405000004184E+03,-90.22722207872,
    107.35298708506));
#4065 = CARTESIAN_POINT('',(2.407611754367E+03,-89.89314350322,
    107.23859810534));
#4066 = CARTESIAN_POINT('',(2.412844700236E+03,-89.22754995192,
    107.00937914044));
#4067 = CARTESIAN_POINT('',(2.415465897536E+03,-88.89604773167,
    106.89454899067));
#4068 = CARTESIAN_POINT('',(2.418087332514E+03,-88.56643840336,
    106.77969475866));
#4069 = CARTESIAN_POINT('',(2.423335650992E+03,-87.9104387816,
    106.54972033016));
#4070 = CARTESIAN_POINT('',(2.425962535398E+03,-87.58405577629,
    106.43460004225));
#4071 = CARTESIAN_POINT('',(2.42858966092E+03,-87.25962764962,
    106.31945558773));
#4072 = CARTESIAN_POINT('',(2.43121702862E+03,-86.93718162461,
    106.20428698324));
#4073 = ORIENTED_EDGE('',*,*,#4074,.T.);
#4074 = EDGE_CURVE('',#4056,#4075,#4077,.T.);
#4075 = VERTEX_POINT('',#4076);
#4076 = CARTESIAN_POINT('',(2.473104557537E+03,-82.49082268484,
    103.68505498132));
#4077 = B_SPLINE_CURVE_WITH_KNOTS('',4,(#4078,#4079,#4080,#4081,#4082,
    #4083,#4084,#4085,#4086,#4087,#4088,#4089,#4090,#4091,#4092,#4093,
    #4094,#4095,#4096,#4097,#4098,#4099,#4100,#4101,#4102,#4103),
  .UNSPECIFIED.,.F.,.F.,(5,3,3,3,3,3,3,3,5),(0.,0.197379791172,
    0.366702222725,0.503384090887,0.602544946052,0.702105074311,
    0.801224207622,0.900382083266,1.),.UNSPECIFIED.);
#4078 = CARTESIAN_POINT('',(2.43121702862E+03,-86.93718162461,
    106.20428698324));
#4079 = CARTESIAN_POINT('',(2.433282924497E+03,-86.70803271755,
    106.08010026702));
#4080 = CARTESIAN_POINT('',(2.435348956237E+03,-86.48011742144,
    105.95589714937));
#4081 = CARTESIAN_POINT('',(2.43741512431E+03,-86.25345009811,
    105.83167762244));
#4082 = CARTESIAN_POINT('',(2.441254010547E+03,-85.83468123291,
    105.60086577284));
#4083 = CARTESIAN_POINT('',(2.443026692601E+03,-85.64224631942,
    105.49427778425));
#4084 = CARTESIAN_POINT('',(2.444799475524E+03,-85.45074943211,
    105.38767771723));
#4085 = CARTESIAN_POINT('',(2.448003481756E+03,-85.10638243942,
    105.19500522823));
#4086 = CARTESIAN_POINT('',(2.449434669853E+03,-84.95318238377,
    105.1089370135));
#4087 = CARTESIAN_POINT('',(2.45086592392E+03,-84.80060423919,
    105.02286093049));
#4088 = CARTESIAN_POINT('',(2.453335647529E+03,-84.53841403486,
    104.87432423552));
#4089 = CARTESIAN_POINT('',(2.45437408578E+03,-84.42850513551,
    104.81186734941));
#4090 = CARTESIAN_POINT('',(2.455412558834E+03,-84.31892789918,
    104.7494063241));
#4091 = CARTESIAN_POINT('',(2.457493756181E+03,-84.1000005245,
    104.62422448039));
#4092 = CARTESIAN_POINT('',(2.458536480755E+03,-83.99065307713,
    104.5615036286));
#4093 = CARTESIAN_POINT('',(2.459579240471E+03,-83.88164364983,
    104.49877860673));
#4094 = CARTESIAN_POINT('',(2.461660211249E+03,-83.66478586952,
    104.3735980809));
#4095 = CARTESIAN_POINT('',(2.462698422E+03,-83.55693451236,
    104.31114261378));
#4096 = CARTESIAN_POINT('',(2.46373666763E+03,-83.44942183627,
    104.2486830167));
#4097 = CARTESIAN_POINT('',(2.465813634519E+03,-83.23503559866,
    104.12373115159));
#4098 = CARTESIAN_POINT('',(2.466852355805E+03,-83.12816230339,
    104.06123888034));
#4099 = CARTESIAN_POINT('',(2.467891112035E+03,-83.02163159999,
    103.99874247986));
#4100 = CARTESIAN_POINT('',(2.469973513864E+03,-82.8087663764,
    103.87345145513));
#4101 = CARTESIAN_POINT('',(2.471017159789E+03,-82.70243505947,
    103.81065679249));
#4102 = CARTESIAN_POINT('',(2.47206084101E+03,-82.59645321191,
    103.74785796698));
#4103 = CARTESIAN_POINT('',(2.473104557537E+03,-82.49082268484,
    103.68505498132));
#4104 = ORIENTED_EDGE('',*,*,#4105,.T.);
#4105 = EDGE_CURVE('',#4075,#4106,#4108,.T.);
#4106 = VERTEX_POINT('',#4107);
#4107 = CARTESIAN_POINT('',(2.513743525839E+03,-78.96617743097,
    100.71922823705));
#4108 = B_SPLINE_CURVE_WITH_KNOTS('',4,(#4109,#4110,#4111,#4112,#4113,
    #4114,#4115,#4116,#4117,#4118,#4119,#4120,#4121,#4122,#4123,#4124,
    #4125,#4126,#4127,#4128,#4129,#4130,#4131,#4132,#4133,#4134),
  .UNSPECIFIED.,.F.,.F.,(5,3,3,3,3,3,3,3,5),(0.,0.149810045688,
    0.27142009131,0.392986632001,0.514189280304,0.635747671478,
    0.757341415651,0.878890151902,1.),.UNSPECIFIED.);
#4109 = CARTESIAN_POINT('',(2.473104557537E+03,-82.49082268484,
    103.68505498132));
#4110 = CARTESIAN_POINT('',(2.474625904145E+03,-82.35099282035,
    103.57407082047));
#4111 = CARTESIAN_POINT('',(2.476147319311E+03,-82.21191655318,
    103.46307728228));
#4112 = CARTESIAN_POINT('',(2.477668803064E+03,-82.07360006195,
    103.35207437088));
#4113 = CARTESIAN_POINT('',(2.48042549313E+03,-81.82439133343,
    103.15094658996));
#4114 = CARTESIAN_POINT('',(2.481660676068E+03,-81.71323786212,
    103.06082491393));
#4115 = CARTESIAN_POINT('',(2.482895904168E+03,-81.60259246225,
    102.97069707109));
#4116 = CARTESIAN_POINT('',(2.485366008738E+03,-81.38236387096,
    102.79046130642));
#4117 = CARTESIAN_POINT('',(2.486600885175E+03,-81.27278031374,
    102.70035338899));
#4118 = CARTESIAN_POINT('',(2.487835806697E+03,-81.16371112469,
    102.61023931911));
#4119 = CARTESIAN_POINT('',(2.490302043138E+03,-80.94693310182,
    102.43026864832));
#4120 = CARTESIAN_POINT('',(2.49153335779E+03,-80.83922117327,
    102.34041208414));
#4121 = CARTESIAN_POINT('',(2.492764717187E+03,-80.73202717351,
    102.25054941581));
#4122 = CARTESIAN_POINT('',(2.495231139687E+03,-80.51836858834,
    102.07054810947));
#4123 = CARTESIAN_POINT('',(2.496466203052E+03,-80.41190706733,
    101.98040943561));
#4124 = CARTESIAN_POINT('',(2.497701311335E+03,-80.30597322172,
    101.89026463495));
#4125 = CARTESIAN_POINT('',(2.500171976844E+03,-80.09513696774,
    101.70993657621));
#4126 = CARTESIAN_POINT('',(2.501407534095E+03,-79.99023486833,
    101.61975331458));
#4127 = CARTESIAN_POINT('',(2.502643136175E+03,-79.88586749711,
    101.52956393751));
#4128 = CARTESIAN_POINT('',(2.505113972482E+03,-79.67824742114,
    101.34920635489));
#4129 = CARTESIAN_POINT('',(2.506349206675E+03,-79.57499431812,
    101.25903815388));
#4130 = CARTESIAN_POINT('',(2.507584485525E+03,-79.47228231897,
    101.1688638585));
#4131 = CARTESIAN_POINT('',(2.510050671874E+03,-79.26831623745,
    100.98882872054));
#4132 = CARTESIAN_POINT('',(2.511281579051E+03,-79.16705823001,
    100.89896792181));
#4133 = CARTESIAN_POINT('',(2.512512530403E+03,-79.06634416735,
    100.80910109071));
#4134 = CARTESIAN_POINT('',(2.513743525839E+03,-78.96617743097,
    100.71922823705));
#4135 = ORIENTED_EDGE('',*,*,#4136,.T.);
#4136 = EDGE_CURVE('',#4106,#4137,#4139,.T.);
#4137 = VERTEX_POINT('',#4138);
#4138 = CARTESIAN_POINT('',(2.551884948971E+03,-76.34004489711,
    97.53492468247));
#4139 = B_SPLINE_CURVE_WITH_KNOTS('',4,(#4140,#4141,#4142,#4143,#4144,
    #4145,#4146,#4147,#4148,#4149,#4150,#4151,#4152,#4153,#4154,#4155,
    #4156,#4157,#4158,#4159,#4160,#4161,#4162),.UNSPECIFIED.,.F.,.F.,(5,
    3,3,3,3,3,3,5),(0.,0.106432665067,0.212922566451,0.319408060159,
    0.425888960658,0.608680932311,0.866503270441,1.),.UNSPECIFIED.);
#4140 = CARTESIAN_POINT('',(2.513743525839E+03,-78.96617743097,
    100.71922823705));
#4141 = CARTESIAN_POINT('',(2.514758056489E+03,-78.89138181954,
    100.63455372788));
#4142 = CARTESIAN_POINT('',(2.515772614486E+03,-78.81696220247,
    100.54987497342));
#4143 = CARTESIAN_POINT('',(2.516787199767E+03,-78.74292060715,
    100.46519197924));
#4144 = CARTESIAN_POINT('',(2.518816970396E+03,-78.59555792559,
    100.29577198111));
#4145 = CARTESIAN_POINT('',(2.519832155773E+03,-78.52223724824,
    100.21103497261));
#4146 = CARTESIAN_POINT('',(2.520847368331E+03,-78.44929908337,
    100.1262937318));
#4147 = CARTESIAN_POINT('',(2.522877805642E+03,-78.30419489141,
    99.956806306124));
#4148 = CARTESIAN_POINT('',(2.523893030393E+03,-78.23202883249,
    99.872060121593));
#4149 = CARTESIAN_POINT('',(2.524908282177E+03,-78.16024936373,
    99.78730971798));
#4150 = CARTESIAN_POINT('',(2.526938795862E+03,-78.01747082067,
    99.6178041422));
#4151 = CARTESIAN_POINT('',(2.52795405776E+03,-77.94647171285,
    99.533048970397));
#4152 = CARTESIAN_POINT('',(2.528969346532E+03,-77.8758632961,
    99.448289593632));
#4153 = CARTESIAN_POINT('',(2.531727618173E+03,-77.68511095147,
    99.218015408241));
#4154 = CARTESIAN_POINT('',(2.533470653242E+03,-77.56573246516,
    99.072492420378));
#4155 = CARTESIAN_POINT('',(2.535213755283E+03,-77.44735248988,
    98.926958759847));
#4156 = CARTESIAN_POINT('',(2.539415582421E+03,-77.16402221625,
    98.576132623896));
#4157 = CARTESIAN_POINT('',(2.541874362633E+03,-76.99990144449,
    98.370831197726));
#4158 = CARTESIAN_POINT('',(2.544333222293E+03,-76.83699937998,
    98.165516316705));
#4159 = CARTESIAN_POINT('',(2.548065320199E+03,-76.59091387502,
    97.853878471235));
#4160 = CARTESIAN_POINT('',(2.549338521888E+03,-76.50716868846,
    97.747562185307));
#4161 = CARTESIAN_POINT('',(2.550611732833E+03,-76.42356663251,
    97.641244057434));
#4162 = CARTESIAN_POINT('',(2.551884948971E+03,-76.34004489711,
    97.53492468247));
#4163 = ORIENTED_EDGE('',*,*,#4164,.T.);
#4164 = EDGE_CURVE('',#4137,#4165,#4167,.T.);
#4165 = VERTEX_POINT('',#4166);
#4166 = CARTESIAN_POINT('',(2.586368697358E+03,-74.25266022557,
    94.345046678644));
#4167 = B_SPLINE_CURVE_WITH_KNOTS('',4,(#4168,#4169,#4170,#4171,#4172,
    #4173,#4174,#4175,#4176,#4177,#4178,#4179,#4180,#4181,#4182,#4183,
    #4184,#4185,#4186,#4187,#4188,#4189,#4190,#4191,#4192,#4193,#4194,
    #4195,#4196,#4197,#4198,#4199),.UNSPECIFIED.,.F.,.F.,(5,3,3,3,3,3,3,
    3,3,3,5),(0.,7.00731340339E-02,9.618417467521E-02,0.128413545223,
    0.183876472316,0.346637026001,0.467380380622,0.588136945171,
    0.708909027054,0.829699039338,1.),.UNSPECIFIED.);
#4168 = CARTESIAN_POINT('',(2.551884948971E+03,-76.34004489711,
    97.53492468247));
#4169 = CARTESIAN_POINT('',(2.552489101473E+03,-76.30442502687,
    97.479036348999));
#4170 = CARTESIAN_POINT('',(2.55309325512E+03,-76.26882494187,
    97.423147729802));
#4171 = CARTESIAN_POINT('',(2.553697409525E+03,-76.23323794874,
    97.367258889764));
#4172 = CARTESIAN_POINT('',(2.554526687808E+03,-76.18439910174,
    97.290544225148));
#4173 = CARTESIAN_POINT('',(2.554751811369E+03,-76.17114174625,
    97.269718535076));
#4174 = CARTESIAN_POINT('',(2.554976934962E+03,-76.15788493101,
    97.248892826663));
#4175 = CARTESIAN_POINT('',(2.555479933052E+03,-76.12826539997,
    97.202361503615));
#4176 = CARTESIAN_POINT('',(2.555757807557E+03,-76.11190278535,
    97.176655881128));
#4177 = CARTESIAN_POINT('',(2.55603568204E+03,-76.09553981257,
    97.150950242074));
#4178 = CARTESIAN_POINT('',(2.556791745419E+03,-76.05101535153,
    97.08100821669));
#4179 = CARTESIAN_POINT('',(2.5572699342E+03,-76.02285187989,
    97.036771810188));
#4180 = CARTESIAN_POINT('',(2.557748122615E+03,-75.99468208565,
    96.992535405234));
#4181 = CARTESIAN_POINT('',(2.559629592346E+03,-75.88380770926,
    96.818483737737));
#4182 = CARTESIAN_POINT('',(2.561032869407E+03,-75.80102963656,
    96.688668730786));
#4183 = CARTESIAN_POINT('',(2.562436136784E+03,-75.71808421025,
    96.558854820869));
#4184 = CARTESIAN_POINT('',(2.564880387673E+03,-75.57316724913,
    96.332742237535));
#4185 = CARTESIAN_POINT('',(2.565921377779E+03,-75.51130898054,
    96.236442705328));
#4186 = CARTESIAN_POINT('',(2.566962357776E+03,-75.44927757188,
    96.14014455672));
#4187 = CARTESIAN_POINT('',(2.569044407256E+03,-75.3247924206,
    95.947541163505));
#4188 = CARTESIAN_POINT('',(2.570085476734E+03,-75.26233863234,
    95.851235919372));
#4189 = CARTESIAN_POINT('',(2.571126531914E+03,-75.19964240245,
    95.754932731536));
#4190 = CARTESIAN_POINT('',(2.573208743104E+03,-75.07368747222,
    95.562318777724));
#4191 = CARTESIAN_POINT('',(2.574249899108E+03,-75.01042870047,
    95.466008012462));
#4192 = CARTESIAN_POINT('',(2.57529103646E+03,-74.94685790721,
    95.369699988351));
#4193 = CARTESIAN_POINT('',(2.577373423881E+03,-74.81901302725,
    95.177075824397));
#4194 = CARTESIAN_POINT('',(2.578414673941E+03,-74.7547388374,
    95.08075968557));
#4195 = CARTESIAN_POINT('',(2.579455900791E+03,-74.6900827464,
    94.984446988922));
#4196 = CARTESIAN_POINT('',(2.581965084094E+03,-74.53326376601,
    94.752352883521));
#4197 = CARTESIAN_POINT('',(2.583433015246E+03,-74.44068904201,
    94.616575230763));
#4198 = CARTESIAN_POINT('',(2.58490088877E+03,-74.34718741473,
    94.48080614389));
#4199 = CARTESIAN_POINT('',(2.586368697358E+03,-74.25266022557,
    94.345046678644));
#4200 = ORIENTED_EDGE('',*,*,#4201,.T.);
#4201 = EDGE_CURVE('',#4165,#4202,#4204,.T.);
#4202 = VERTEX_POINT('',#4203);
#4203 = CARTESIAN_POINT('',(2.616153569525E+03,-72.30315356604,
    91.351834436513));
#4204 = B_SPLINE_CURVE_WITH_KNOTS('',4,(#4205,#4206,#4207,#4208,#4209,
    #4210,#4211,#4212,#4213,#4214,#4215,#4216,#4217,#4218,#4219,#4220,
    #4221,#4222,#4223,#4224,#4225,#4226,#4227,#4228,#4229,#4230),
  .UNSPECIFIED.,.F.,.F.,(5,3,3,3,3,3,3,3,5),(0.,0.124680018221,
    0.249444343304,0.374233924396,0.499051259884,0.624339078226,
    0.749220132027,0.874137357677,1.),.UNSPECIFIED.);
#4205 = CARTESIAN_POINT('',(2.586368697358E+03,-74.25266022557,
    94.345046678644));
#4206 = CARTESIAN_POINT('',(2.587297496533E+03,-74.19840331161,
    94.251682222443));
#4207 = CARTESIAN_POINT('',(2.58822627246E+03,-74.14373980526,
    94.158321672534));
#4208 = CARTESIAN_POINT('',(2.589155023448E+03,-74.08864474279,
    94.064965301913));
#4209 = CARTESIAN_POINT('',(2.591013099933E+03,-73.97750383629,
    93.878198361826));
#4210 = CARTESIAN_POINT('',(2.591942425393E+03,-73.92145737451,
    93.78478779846));
#4211 = CARTESIAN_POINT('',(2.592871722269E+03,-73.86492858186,
    93.691381986873));
#4212 = CARTESIAN_POINT('',(2.594730443113E+03,-73.75084439885,
    93.504561549448));
#4213 = CARTESIAN_POINT('',(2.595659867067E+03,-73.69328880296,
    93.411146925714));
#4214 = CARTESIAN_POINT('',(2.596589258568E+03,-73.63520026516,
    93.317737645322));
#4215 = CARTESIAN_POINT('',(2.598448179235E+03,-73.5178936567,
    93.130909611766));
#4216 = CARTESIAN_POINT('',(2.599377708385E+03,-73.45867533768,
    93.037490861177));
#4217 = CARTESIAN_POINT('',(2.600307200936E+03,-73.398873206,
    92.944078071112));
#4218 = CARTESIAN_POINT('',(2.602169611865E+03,-73.27782277931,
    92.756912970286));
#4219 = CARTESIAN_POINT('',(2.603102529951E+03,-73.21656988287,
    92.663160707032));
#4220 = CARTESIAN_POINT('',(2.604035406688E+03,-73.15467745864,
    92.569415097497));
#4221 = CARTESIAN_POINT('',(2.605898044085E+03,-73.0297650664,
    92.382242200954));
#4222 = CARTESIAN_POINT('',(2.606827805027E+03,-72.96674941154,
    92.288814868672));
#4223 = CARTESIAN_POINT('',(2.607757520119E+03,-72.90304720166,
    92.19539482101));
#4224 = CARTESIAN_POINT('',(2.609617122762E+03,-72.77419973949,
    92.008542943077));
#4225 = CARTESIAN_POINT('',(2.610547010286E+03,-72.70905407461,
    91.915111117294));
#4226 = CARTESIAN_POINT('',(2.611476846812E+03,-72.64317014505,
    91.82168728602));
#4227 = CARTESIAN_POINT('',(2.613343449286E+03,-72.50936984024,
    91.634149352431));
#4228 = CARTESIAN_POINT('',(2.614280214418E+03,-72.44144185664,
    91.540035377276));
#4229 = CARTESIAN_POINT('',(2.615216922171E+03,-72.37271190917,
    91.445930272686));
#4230 = CARTESIAN_POINT('',(2.616153569525E+03,-72.30315356604,
    91.351834436513));
#4231 = ORIENTED_EDGE('',*,*,#4232,.T.);
#4232 = EDGE_CURVE('',#4202,#4233,#4235,.T.);
#4233 = VERTEX_POINT('',#4234);
#4234 = CARTESIAN_POINT('',(2.64033461153E+03,-70.40091787565,
    88.751204456153));
#4235 = B_SPLINE_CURVE_WITH_KNOTS('',4,(#4236,#4237,#4238,#4239,#4240,
    #4241,#4242,#4243,#4244,#4245,#4246,#4247,#4248,#4249,#4250,#4251,
    #4252,#4253,#4254,#4255,#4256,#4257,#4258,#4259,#4260,#4261),
  .UNSPECIFIED.,.F.,.F.,(5,3,3,3,3,3,3,3,5),(0.,0.124637649127,
    0.249372463988,0.374544248122,0.499395893145,0.624649829815,
    0.749548652986,0.874495166702,1.),.UNSPECIFIED.);
#4236 = CARTESIAN_POINT('',(2.616153569525E+03,-72.30315356604,
    91.351834436513));
#4237 = CARTESIAN_POINT('',(2.616907578601E+03,-72.25120491016,
    91.270712045513));
#4238 = CARTESIAN_POINT('',(2.61766155169E+03,-72.1987218755,
    91.189595744818));
#4239 = CARTESIAN_POINT('',(2.618415487296E+03,-72.1456906723,
    91.108485747911));
#4240 = CARTESIAN_POINT('',(2.619923868099E+03,-72.038462488,
    90.94621557983));
#4241 = CARTESIAN_POINT('',(2.620678313234E+03,-71.98426463035,
    90.865055418861));
#4242 = CARTESIAN_POINT('',(2.621432717648E+03,-71.92949003491,
    90.783902017668));
#4243 = CARTESIAN_POINT('',(2.622944084331E+03,-71.81856560992,
    90.621324929458));
#4244 = CARTESIAN_POINT('',(2.6237010463E+03,-71.76241163493,
    90.539901291542));
#4245 = CARTESIAN_POINT('',(2.624457963856E+03,-71.70564882627,
    90.458484930554));
#4246 = CARTESIAN_POINT('',(2.625969770747E+03,-71.59102413711,
    90.295875464529));
#4247 = CARTESIAN_POINT('',(2.626724660317E+03,-71.53316543895,
    90.214682321087));
#4248 = CARTESIAN_POINT('',(2.627479502101E+03,-71.47467302313,
    90.133496905298));
#4249 = CARTESIAN_POINT('',(2.628991518344E+03,-71.35620216573,
    89.970880471046));
#4250 = CARTESIAN_POINT('',(2.629748692482E+03,-71.29621954329,
    89.889449504129));
#4251 = CARTESIAN_POINT('',(2.630505814682E+03,-71.23557085484,
    89.808026827363));
#4252 = CARTESIAN_POINT('',(2.632017804726E+03,-71.11308684897,
    89.645429411114));
#4253 = CARTESIAN_POINT('',(2.632772672876E+03,-71.0512553834,
    89.564254623198));
#4254 = CARTESIAN_POINT('',(2.633527485331E+03,-70.9887334504,
    89.483088610602));
#4255 = CARTESIAN_POINT('',(2.635037282759E+03,-70.86225630962,
    89.320743702068));
#4256 = CARTESIAN_POINT('',(2.635792267687E+03,-70.79830056377,
    89.23956481307));
#4257 = CARTESIAN_POINT('',(2.636547192591E+03,-70.73362559831,
    89.15839526111));
#4258 = CARTESIAN_POINT('',(2.638060290892E+03,-70.60251666269,
    88.995712749874));
#4259 = CARTESIAN_POINT('',(2.638818463732E+03,-70.53607612395,
    88.914199876848));
#4260 = CARTESIAN_POINT('',(2.639576571421E+03,-70.4688813161,
    88.832697010199));
#4261 = CARTESIAN_POINT('',(2.64033461153E+03,-70.40091787565,
    88.751204456153));
#4262 = ORIENTED_EDGE('',*,*,#4263,.T.);
#4263 = EDGE_CURVE('',#4233,#4264,#4266,.T.);
#4264 = VERTEX_POINT('',#4265);
#4265 = CARTESIAN_POINT('',(2.658168195759E+03,-68.71035153064,
    86.728400934338));
#4266 = B_SPLINE_CURVE_WITH_KNOTS('',4,(#4267,#4268,#4269,#4270,#4271,
    #4272,#4273,#4274,#4275,#4276,#4277,#4278,#4279,#4280,#4281,#4282,
    #4283,#4284,#4285,#4286,#4287,#4288,#4289,#4290,#4291,#4292),
  .UNSPECIFIED.,.F.,.F.,(5,3,3,3,3,3,3,3,5),(0.,0.125424514499,
    0.250152089743,0.375360855027,0.500173147117,0.625430664007,
    0.750375285766,0.875328981433,1.),.UNSPECIFIED.);
#4267 = CARTESIAN_POINT('',(2.64033461153E+03,-70.40091787565,
    88.751204456153));
#4268 = CARTESIAN_POINT('',(2.640894284318E+03,-70.35327505577,
    88.687700422275));
#4269 = CARTESIAN_POINT('',(2.641453922392E+03,-70.30521432953,
    88.624202086484));
#4270 = CARTESIAN_POINT('',(2.642013524805E+03,-70.25672990887,
    88.560709575623));
#4271 = CARTESIAN_POINT('',(2.643129547025E+03,-70.15917388284,
    88.434089237807));
#4272 = CARTESIAN_POINT('',(2.643685967239E+03,-70.11010703728,
    88.370961344853));
#4273 = CARTESIAN_POINT('',(2.644242350239E+03,-70.0606097602,
    88.307839470583));
#4274 = CARTESIAN_POINT('',(2.645357186129E+03,-69.96055028746,
    88.18136452934));
#4275 = CARTESIAN_POINT('',(2.645915638724E+03,-69.90998472015,
    88.118011509929));
#4276 = CARTESIAN_POINT('',(2.646474051775E+03,-69.85897386736,
    88.054664824168));
#4277 = CARTESIAN_POINT('',(2.647589028575E+03,-69.75621298242,
    87.928184964106));
#4278 = CARTESIAN_POINT('',(2.648145592581E+03,-69.70446580236,
    87.865051748887));
#4279 = CARTESIAN_POINT('',(2.64870211518E+03,-69.65226468125,
    87.801925102644));
#4280 = CARTESIAN_POINT('',(2.649817060418E+03,-69.54675524265,
    87.675460073158));
#4281 = CARTESIAN_POINT('',(2.650375482753E+03,-69.49344363991,
    87.612121737882));
#4282 = CARTESIAN_POINT('',(2.65093386117E+03,-69.43966328426,
    87.548790304717));
#4283 = CARTESIAN_POINT('',(2.65204913313E+03,-69.33128899811,
    87.422299723587));
#4284 = CARTESIAN_POINT('',(2.652606026898E+03,-69.27669743556,
    87.35914054045));
#4285 = CARTESIAN_POINT('',(2.653162874672E+03,-69.22162793281,
    87.295988518878));
#4286 = CARTESIAN_POINT('',(2.654276516282E+03,-69.11051749204,
    87.169694515757));
#4287 = CARTESIAN_POINT('',(2.654833310113E+03,-69.0544764838,
    87.106552535276));
#4288 = CARTESIAN_POINT('',(2.655390055558E+03,-68.99794594347,
    87.043418020138));
#4289 = CARTESIAN_POINT('',(2.656502187815E+03,-68.88402327616,
    86.91730704177));
#4290 = CARTESIAN_POINT('',(2.657057574851E+03,-68.82663338766,
    86.854330544102));
#4291 = CARTESIAN_POINT('',(2.657612911258E+03,-68.76874471512,
    86.791361788382));
#4292 = CARTESIAN_POINT('',(2.658168195759E+03,-68.71035153064,
    86.728400934338));
#4293 = ORIENTED_EDGE('',*,*,#4294,.T.);
#4294 = EDGE_CURVE('',#4264,#4295,#4297,.T.);
#4295 = VERTEX_POINT('',#4296);
#4296 = CARTESIAN_POINT('',(2.669098395178E+03,-67.52051694738,
    85.441805399469));
#4297 = B_SPLINE_CURVE_WITH_KNOTS('',4,(#4298,#4299,#4300,#4301,#4302,
    #4303,#4304,#4305,#4306,#4307,#4308,#4309,#4310,#4311,#4312,#4313,
    #4314,#4315,#4316,#4317,#4318,#4319,#4320,#4321,#4322,#4323),
  .UNSPECIFIED.,.F.,.F.,(5,3,3,3,3,3,3,3,5),(0.,0.217390018952,
    0.329132109715,0.440901282081,0.552698152322,0.664523347633,
    0.776337483711,0.88822124646,1.),.UNSPECIFIED.);
#4298 = CARTESIAN_POINT('',(2.658168195759E+03,-68.71035153064,
    86.728400934338));
#4299 = CARTESIAN_POINT('',(2.658762651975E+03,-68.64982026039,
    86.658410350824));
#4300 = CARTESIAN_POINT('',(2.659357051041E+03,-68.5887115876,
    86.588428908057));
#4301 = CARTESIAN_POINT('',(2.659951391669E+03,-68.5270184459,
    86.518456777221));
#4302 = CARTESIAN_POINT('',(2.660851142276E+03,-68.43271845175,
    86.412532229678));
#4303 = CARTESIAN_POINT('',(2.661156596485E+03,-68.40054682131,
    86.376572802678));
#4304 = CARTESIAN_POINT('',(2.661462034601E+03,-68.36821795011,
    86.340615920412));
#4305 = CARTESIAN_POINT('',(2.662072952225E+03,-68.30323593905,
    86.268698588493));
#4306 = CARTESIAN_POINT('',(2.662378431725E+03,-68.2705827225,
    86.232738140087));
#4307 = CARTESIAN_POINT('',(2.662683894682E+03,-68.23777027415,
    86.196780294647));
#4308 = CARTESIAN_POINT('',(2.66329486275E+03,-68.17181682768,
    86.124860957469));
#4309 = CARTESIAN_POINT('',(2.663600367854E+03,-68.13867575015,
    86.088899467037));
#4310 = CARTESIAN_POINT('',(2.663905855955E+03,-68.10537344557,
    86.052940638844));
#4311 = CARTESIAN_POINT('',(2.664516875084E+03,-68.03843598715,
    85.981019255969));
#4312 = CARTESIAN_POINT('',(2.664822406103E+03,-68.00480075112,
    85.94505670265));
#4313 = CARTESIAN_POINT('',(2.66512791965E+03,-67.97100228858,
    85.909096871903));
#4314 = CARTESIAN_POINT('',(2.665738881114E+03,-67.90308035145,
    85.837186271573));
#4315 = CARTESIAN_POINT('',(2.666044329035E+03,-67.86895690934,
    85.801235501446));
#4316 = CARTESIAN_POINT('',(2.666349759017E+03,-67.83466835563,
    85.765287513294));
#4317 = CARTESIAN_POINT('',(2.666960772801E+03,-67.76573765312,
    85.693374778783));
#4318 = CARTESIAN_POINT('',(2.667266356581E+03,-67.73109529744,
    85.657410035929));
#4319 = CARTESIAN_POINT('',(2.667571921918E+03,-67.69628570448,
    85.621448139522));
#4320 = CARTESIAN_POINT('',(2.668182728444E+03,-67.62636295245,
    85.54956385117));
#4321 = CARTESIAN_POINT('',(2.668487969669E+03,-67.59125010897,
    85.513641453828));
#4322 = CARTESIAN_POINT('',(2.668793191996E+03,-67.55596842632,
    85.477721959457));
#4323 = CARTESIAN_POINT('',(2.669098395178E+03,-67.52051694738,
    85.441805399469));
#4324 = ORIENTED_EDGE('',*,*,#4325,.T.);
#4325 = EDGE_CURVE('',#4295,#4326,#4328,.T.);
#4326 = VERTEX_POINT('',#4327);
#4327 = CARTESIAN_POINT('',(2.67278071217E+03,-67.0898367653,85.));
#4328 = B_SPLINE_CURVE_WITH_KNOTS('',4,(#4329,#4330,#4331,#4332,#4333,
    #4334,#4335,#4336,#4337,#4338,#4339,#4340,#4341,#4342,#4343,#4344,
    #4345,#4346,#4347,#4348,#4349,#4350,#4351,#4352,#4353,#4354,#4355,
    #4356,#4357,#4358,#4359,#4360,#4361,#4362,#4363,#4364,#4365,#4366,
    #4367,#4368,#4369,#4370,#4371,#4372,#4373,#4374,#4375,#4376,#4377,
    #4378,#4379,#4380,#4381,#4382,#4383,#4384,#4385,#4386,#4387,#4388,
    #4389,#4390,#4391,#4392,#4393,#4394,#4395,#4396,#4397,#4398,#4399,
    #4400,#4401,#4402,#4403,#4404,#4405,#4406,#4407,#4408,#4409,#4410,
    #4411,#4412,#4413,#4414,#4415,#4416,#4417,#4418,#4419,#4420,#4421,
    #4422,#4423,#4424,#4425,#4426,#4427,#4428,#4429,#4430,#4431,#4432,
    #4433,#4434,#4435,#4436,#4437,#4438,#4439,#4440,#4441,#4442,#4443,
    #4444,#4445,#4446,#4447,#4448,#4449,#4450,#4451,#4452,#4453,#4454,
    #4455,#4456,#4457,#4458,#4459,#4460,#4461,#4462,#4463,#4464,#4465,
    #4466,#4467,#4468,#4469,#4470,#4471,#4472,#4473,#4474,#4475,#4476,
    #4477,#4478,#4479,#4480,#4481,#4482,#4483,#4484,#4485,#4486,#4487,
    #4488,#4489,#4490,#4491,#4492,#4493,#4494,#4495),.UNSPECIFIED.,.F.,
  .F.,(5,3,3,3,3,3,3,3,3,3,3,3,3,3,3,3,3,3,3,3,3,3,3,3,3,3,3,3,3,3,3,3,3
    ,3,3,3,3,3,3,3,3,3,3,3,3,3,3,3,3,3,3,3,3,3,3,5),(0.,0.324817895413,
    0.336656265117,0.348494745525,0.360333336722,0.371332128031,
    0.383170933592,0.394169923807,0.40600894406,0.417848075522,
    0.429687318286,0.441486675149,0.453326141082,0.465165718573,
    0.477005407714,0.488845208587,0.500645122113,0.512485147029,
    0.524325283944,0.53532551159,0.546765851425,0.557366259847,
    0.568806801617,0.580647472856,0.592048226298,0.603489086849,
    0.615330088267,0.627131199215,0.63897242655,0.650813766821,
    0.662655220119,0.673656672078,0.685098285577,0.696940066868,
    0.708741955662,0.720583964087,0.732426086057,0.743868243985,
    0.755670581934,0.767112956436,0.778955525795,0.790798209135,
    0.80260099763,0.814043809265,0.825886831387,0.836889741967,
    0.848732985135,0.860576342807,0.872419815072,0.884223390441,
    0.898948009884,0.917314021204,0.935240155811,0.954847167754,
    0.977295584041,1.),.UNSPECIFIED.);
#4329 = CARTESIAN_POINT('',(2.669098395178E+03,-67.52051694738,
    85.441805399469));
#4330 = CARTESIAN_POINT('',(2.669397494159E+03,-67.48630580564,
    85.405916310692));
#4331 = CARTESIAN_POINT('',(2.669696576528E+03,-67.45193152297,
    85.370029883676));
#4332 = CARTESIAN_POINT('',(2.669995642187E+03,-67.41739318393,
    85.334146133857));
#4333 = CARTESIAN_POINT('',(2.670305590095E+03,-67.38142507657,
    85.296957362664));
#4334 = CARTESIAN_POINT('',(2.670316489255E+03,-67.38016005475,
    85.295649639452));
#4335 = CARTESIAN_POINT('',(2.670327388392E+03,-67.37889481375,
    85.294341919835));
#4336 = CARTESIAN_POINT('',(2.670349186723E+03,-67.37636388149,
    85.291726475565));
#4337 = CARTESIAN_POINT('',(2.670360085917E+03,-67.37509819022,
    85.290418750912));
#4338 = CARTESIAN_POINT('',(2.670370985088E+03,-67.37383227969,
    85.289111029857));
#4339 = CARTESIAN_POINT('',(2.670392783488E+03,-67.37130000817,
    85.286495582708));
#4340 = CARTESIAN_POINT('',(2.670403682716E+03,-67.37003364717,
    85.285187856614));
#4341 = CARTESIAN_POINT('',(2.670414581922E+03,-67.36876706682,
    85.28388013412));
#4342 = CARTESIAN_POINT('',(2.670435607128E+03,-67.3663233309,
    85.281357462627));
#4343 = CARTESIAN_POINT('',(2.670445733131E+03,-67.36514620536,
    85.280142513134));
#4344 = CARTESIAN_POINT('',(2.670455859115E+03,-67.3639688904,
    85.278927566752));
#4345 = CARTESIAN_POINT('',(2.670476884397E+03,-67.36152395168,
    85.276404890954));
#4346 = CARTESIAN_POINT('',(2.670487783692E+03,-67.36025629787,
    85.275097162032));
#4347 = CARTESIAN_POINT('',(2.670498682964E+03,-67.35898842452,
    85.273789436716));
#4348 = CARTESIAN_POINT('',(2.670519708299E+03,-67.35654219403,
    85.271266759816));
#4349 = CARTESIAN_POINT('',(2.670529834363E+03,-67.35536386692,
    85.270051807739));
#4350 = CARTESIAN_POINT('',(2.670539960409E+03,-67.35418535026,
    85.268836858776));
#4351 = CARTESIAN_POINT('',(2.670560985819E+03,-67.35173791594,
    85.266314177566));
#4352 = CARTESIAN_POINT('',(2.670571885181E+03,-67.35046896823,
    85.265006445812));
#4353 = CARTESIAN_POINT('',(2.67058278452E+03,-67.34919980081,
    85.263698717669));
#4354 = CARTESIAN_POINT('',(2.670604583256E+03,-67.34666101453,
    85.261083256326));
#4355 = CARTESIAN_POINT('',(2.670615482652E+03,-67.34539139567,
    85.259775523126));
#4356 = CARTESIAN_POINT('',(2.670626382026E+03,-67.344121557,
    85.25846779354));
#4357 = CARTESIAN_POINT('',(2.670648180831E+03,-67.34158142804,
    85.255852329306));
#4358 = CARTESIAN_POINT('',(2.670659080261E+03,-67.34031113774,
    85.254544594658));
#4359 = CARTESIAN_POINT('',(2.67066997967E+03,-67.33904062755,
    85.253236863628));
#4360 = CARTESIAN_POINT('',(2.670691741721E+03,-67.33650344832,
    85.250625814482));
#4361 = CARTESIAN_POINT('',(2.670702604365E+03,-67.33523678076,
    85.249322496342));
#4362 = CARTESIAN_POINT('',(2.670713466985E+03,-67.3339698947,
    85.248019181797));
#4363 = CARTESIAN_POINT('',(2.670735229107E+03,-67.33143137827,
    85.245408129612));
#4364 = CARTESIAN_POINT('',(2.670746128607E+03,-67.33015974641,
    85.244100391995));
#4365 = CARTESIAN_POINT('',(2.670757028085E+03,-67.32888789448,
    85.242792658002));
#4366 = CARTESIAN_POINT('',(2.670778827098E+03,-67.32634373838,
    85.240177184941));
#4367 = CARTESIAN_POINT('',(2.670789726632E+03,-67.32507143421,
    85.238869445874));
#4368 = CARTESIAN_POINT('',(2.670800626145E+03,-67.32379890987,
    85.237561710433));
#4369 = CARTESIAN_POINT('',(2.670822425226E+03,-67.32125340875,
    85.234946234474));
#4370 = CARTESIAN_POINT('',(2.670833324796E+03,-67.31998043198,
    85.233638493955));
#4371 = CARTESIAN_POINT('',(2.670844224342E+03,-67.31870723494,
    85.232330757066));
#4372 = CARTESIAN_POINT('',(2.670866023493E+03,-67.31616038823,
    85.229715278205));
#4373 = CARTESIAN_POINT('',(2.670876923097E+03,-67.31488673856,
    85.228407536235));
#4374 = CARTESIAN_POINT('',(2.670887822678E+03,-67.31361286853,
    85.227099797896));
#4375 = CARTESIAN_POINT('',(2.670909585075E+03,-67.31106897999,
    85.224488734138));
#4376 = CARTESIAN_POINT('',(2.670920447891E+03,-67.30979896296,
    85.223185408695));
#4377 = CARTESIAN_POINT('',(2.670931310685E+03,-67.30852872697,
    85.221882086862));
#4378 = CARTESIAN_POINT('',(2.670953073152E+03,-67.30598349833,
    85.219271020055));
#4379 = CARTESIAN_POINT('',(2.670963972826E+03,-67.30470850419,
    85.217963275105));
#4380 = CARTESIAN_POINT('',(2.670974872476E+03,-67.30343328951,
    85.216655533793));
#4381 = CARTESIAN_POINT('',(2.670996671836E+03,-67.30088240692,
    85.214040046076));
#4382 = CARTESIAN_POINT('',(2.671007571544E+03,-67.29960673901,
    85.212732299671));
#4383 = CARTESIAN_POINT('',(2.671018471229E+03,-67.29833085047,
    85.211424556906));
#4384 = CARTESIAN_POINT('',(2.67103949736E+03,-67.29586915598,
    85.208901846355));
#4385 = CARTESIAN_POINT('',(2.671049623808E+03,-67.29468338024,
    85.20768687807));
#4386 = CARTESIAN_POINT('',(2.671059750237E+03,-67.29349741399,
    85.20647191293));
#4387 = CARTESIAN_POINT('',(2.671080408206E+03,-67.29107764299,
    85.203993379074));
#4388 = CARTESIAN_POINT('',(2.671090939745E+03,-67.2898438227,
    85.202729810616));
#4389 = CARTESIAN_POINT('',(2.671101471262E+03,-67.28860979627,
    85.201466245562));
#4390 = CARTESIAN_POINT('',(2.671121761049E+03,-67.28623194644,
    85.199031890934));
#4391 = CARTESIAN_POINT('',(2.671131519321E+03,-67.28508815219,
    85.197861100878));
#4392 = CARTESIAN_POINT('',(2.671141277575E+03,-67.2839441809,
    85.196690313746));
#4393 = CARTESIAN_POINT('',(2.671161567432E+03,-67.2815652049,
    85.194255955054));
#4394 = CARTESIAN_POINT('',(2.671172099033E+03,-67.28033017101,
    85.192992383976));
#4395 = CARTESIAN_POINT('',(2.671182630613E+03,-67.27909493082,
    85.191728816307));
#4396 = CARTESIAN_POINT('',(2.671204062068E+03,-67.2765808284,
    85.189157495011));
#4397 = CARTESIAN_POINT('',(2.671214961941E+03,-67.27530195148,
    85.187849741628));
#4398 = CARTESIAN_POINT('',(2.671225861791E+03,-67.27402285349,
    85.186541991898));
#4399 = CARTESIAN_POINT('',(2.671247256483E+03,-67.27151174598,
    85.183975086587));
#4400 = CARTESIAN_POINT('',(2.671257751327E+03,-67.27027975258,
    85.182715930739));
#4401 = CARTESIAN_POINT('',(2.671268246149E+03,-67.26904755415,
    85.181456778281));
#4402 = CARTESIAN_POINT('',(2.671289272671E+03,-67.26657841165,
    85.178934050543));
#4403 = CARTESIAN_POINT('',(2.671299804371E+03,-67.26534146613,
    85.177670475286));
#4404 = CARTESIAN_POINT('',(2.671310336049E+03,-67.26410431406,
    85.176406903446));
#4405 = CARTESIAN_POINT('',(2.671331767704E+03,-67.26158632047,
    85.173835573652));
#4406 = CARTESIAN_POINT('',(2.671342667679E+03,-67.26030546424,
    85.172527815942));
#4407 = CARTESIAN_POINT('',(2.671353567631E+03,-67.25902438668,
    85.171220061894));
#4408 = CARTESIAN_POINT('',(2.67137533077E+03,-67.25646610528,
    85.168608966729));
#4409 = CARTESIAN_POINT('',(2.671386193956E+03,-67.25518890293,
    85.167305625589));
#4410 = CARTESIAN_POINT('',(2.671397057119E+03,-67.25391148065,
    85.166002288089));
#4411 = CARTESIAN_POINT('',(2.671418820328E+03,-67.25135185294,
    85.163391189853));
#4412 = CARTESIAN_POINT('',(2.671429720373E+03,-67.25006964601,
    85.162083429142));
#4413 = CARTESIAN_POINT('',(2.671440620395E+03,-67.24878721757,
    85.160775672099));
#4414 = CARTESIAN_POINT('',(2.671462420497E+03,-67.24622190531,
    85.158160152878));
#4415 = CARTESIAN_POINT('',(2.671473320577E+03,-67.24493902149,
    85.156852390701));
#4416 = CARTESIAN_POINT('',(2.671484220634E+03,-67.24365591606,
    85.155544632195));
#4417 = CARTESIAN_POINT('',(2.671506020806E+03,-67.24108924963,
    85.152929110045));
#4418 = CARTESIAN_POINT('',(2.67151692092E+03,-67.23980568863,
    85.1516213464));
#4419 = CARTESIAN_POINT('',(2.671527821012E+03,-67.23852190592,
    85.15031358643));
#4420 = CARTESIAN_POINT('',(2.671548847927E+03,-67.23604498087,
    85.147790842607));
#4421 = CARTESIAN_POINT('',(2.671558974753E+03,-67.23485186888,
    85.146575858252));
#4422 = CARTESIAN_POINT('',(2.67156910156E+03,-67.23365856545,
    85.14536087707));
#4423 = CARTESIAN_POINT('',(2.6715897603E+03,-67.23122382462,
    85.142882310509));
#4424 = CARTESIAN_POINT('',(2.671600292232E+03,-67.22998237159,
    85.14161872539));
#4425 = CARTESIAN_POINT('',(2.671610824142E+03,-67.22874071142,
    85.140355143704));
#4426 = CARTESIAN_POINT('',(2.671632256269E+03,-67.22621354267,
    85.137783793848));
#4427 = CARTESIAN_POINT('',(2.671643156485E+03,-67.22492801936,
    85.136476025922));
#4428 = CARTESIAN_POINT('',(2.671654056677E+03,-67.22364227407,
    85.135168261678));
#4429 = CARTESIAN_POINT('',(2.671675820295E+03,-67.22107467162,
    85.132557146129));
#4430 = CARTESIAN_POINT('',(2.671686683721E+03,-67.21979281595,
    85.1312537948));
#4431 = CARTESIAN_POINT('',(2.671697547124E+03,-67.21851073971,
    85.129950447131));
#4432 = CARTESIAN_POINT('',(2.671719310813E+03,-67.21594178694,
    85.127339328497));
#4433 = CARTESIAN_POINT('',(2.671730211098E+03,-67.2146549089,
    85.126031557556));
#4434 = CARTESIAN_POINT('',(2.671741111361E+03,-67.21336780871,
    85.124723790303));
#4435 = CARTESIAN_POINT('',(2.671762911944E+03,-67.21079315158,
    85.122108250637));
#4436 = CARTESIAN_POINT('',(2.671773812265E+03,-67.20950559463,
    85.120800478223));
#4437 = CARTESIAN_POINT('',(2.671784712562E+03,-67.20821781544,
    85.1194927095));
#4438 = CARTESIAN_POINT('',(2.671806144957E+03,-67.20568531432,
    85.116921348801));
#4439 = CARTESIAN_POINT('',(2.671816677056E+03,-67.20444060716,
    85.11565775658));
#4440 = CARTESIAN_POINT('',(2.671827209133E+03,-67.20319569242,
    85.114394167808));
#4441 = CARTESIAN_POINT('',(2.671848604776E+03,-67.20066625336,
    85.111827221606));
#4442 = CARTESIAN_POINT('',(2.67185946834E+03,-67.19938171575,
    85.110523864397));
#4443 = CARTESIAN_POINT('',(2.67187033188E+03,-67.19809695722,
    85.10922051086));
#4444 = CARTESIAN_POINT('',(2.671891727586E+03,-67.19556618922,
    85.106653562434));
#4445 = CARTESIAN_POINT('',(2.671902259752E+03,-67.19432019303,
    85.105389967325));
#4446 = CARTESIAN_POINT('',(2.671912791896E+03,-67.1930739891,
    85.104126375669));
#4447 = CARTESIAN_POINT('',(2.671934224499E+03,-67.19053757266,
    85.101555005511));
#4448 = CARTESIAN_POINT('',(2.671945124957E+03,-67.18924734537,
    85.100247227255));
#4449 = CARTESIAN_POINT('',(2.671956025392E+03,-67.18795689547,
    85.098939452702));
#4450 = CARTESIAN_POINT('',(2.671977826319E+03,-67.18537553793,
    85.096323898414));
#4451 = CARTESIAN_POINT('',(2.671988726812E+03,-67.18408463029,
    85.09501611868));
#4452 = CARTESIAN_POINT('',(2.671999627282E+03,-67.18279349995,
    85.093708342652));
#4453 = CARTESIAN_POINT('',(2.672021391453E+03,-67.18021514398,
    85.091097203543));
#4454 = CARTESIAN_POINT('',(2.672032255156E+03,-67.17892791986,
    85.089793840439));
#4455 = CARTESIAN_POINT('',(2.672043118835E+03,-67.17764047445,
    85.088490481017));
#4456 = CARTESIAN_POINT('',(2.672064514812E+03,-67.17510441389,
    85.085923520988));
#4457 = CARTESIAN_POINT('',(2.672075047112E+03,-67.17385581204,
    85.08465992016));
#4458 = CARTESIAN_POINT('',(2.67208557939E+03,-67.17260700211,
    85.083396322795));
#4459 = CARTESIAN_POINT('',(2.672107012267E+03,-67.1700652818,
    85.080824941005));
#4460 = CARTESIAN_POINT('',(2.672117912864E+03,-67.16877235661,
    85.079517156825));
#4461 = CARTESIAN_POINT('',(2.672128813437E+03,-67.16747920844,
    85.07820937636));
#4462 = CARTESIAN_POINT('',(2.672149841282E+03,-67.16498421427,
    85.075686592958));
#4463 = CARTESIAN_POINT('',(2.672159968557E+03,-67.16378239879,
    85.074471589513));
#4464 = CARTESIAN_POINT('',(2.672170095811E+03,-67.16258039077,
    85.073256589276));
#4465 = CARTESIAN_POINT('',(2.672191123733E+03,-67.16008417311,
    85.070733801447));
#4466 = CARTESIAN_POINT('',(2.672202024398E+03,-67.15878993294,
    85.069426014363));
#4467 = CARTESIAN_POINT('',(2.672212925039E+03,-67.15749546961,
    85.068118230997));
#4468 = CARTESIAN_POINT('',(2.67223472638E+03,-67.15490608404,
    85.065502659065));
#4469 = CARTESIAN_POINT('',(2.67224562708E+03,-67.15361116179,
    85.064194870497));
#4470 = CARTESIAN_POINT('',(2.672256527756E+03,-67.1523160163,
    85.062887085651));
#4471 = CARTESIAN_POINT('',(2.672278329167E+03,-67.14972526619,
    85.060271510753));
#4472 = CARTESIAN_POINT('',(2.672289229901E+03,-67.14842966157,
    85.0589637207));
#4473 = CARTESIAN_POINT('',(2.672300130612E+03,-67.14713383361,
    85.057655934373));
#4474 = CARTESIAN_POINT('',(2.672321895267E+03,-67.14454609691,
    85.055044774675));
#4475 = CARTESIAN_POINT('',(2.67233275921E+03,-67.14325418967,
    85.053741401279));
#4476 = CARTESIAN_POINT('',(2.67234362313E+03,-67.14196206051,
    85.052438031587));
#4477 = CARTESIAN_POINT('',(2.672368039423E+03,-67.13905753865,
    85.049508754162));
#4478 = CARTESIAN_POINT('',(2.672381591784E+03,-67.13744502251,
    85.04788284849));
#4479 = CARTESIAN_POINT('',(2.672395144109E+03,-67.13583216085,
    85.046256948585));
#4480 = CARTESIAN_POINT('',(2.672425600159E+03,-67.13220680091,
    85.042603077415));
#4481 = CARTESIAN_POINT('',(2.672442503866E+03,-67.13019411057,
    85.040575109356));
#4482 = CARTESIAN_POINT('',(2.672459407515E+03,-67.1281808824,
    85.038547150279));
#4483 = CARTESIAN_POINT('',(2.672492809849E+03,-67.12420158096,
    85.034539820688));
#4484 = CARTESIAN_POINT('',(2.672509308537E+03,-67.12223553315,
    85.03256044975));
#4485 = CARTESIAN_POINT('',(2.672525807171E+03,-67.12026897267,
    85.030581087379));
#4486 = CARTESIAN_POINT('',(2.672560351349E+03,-67.11615037975,
    85.02643678199));
#4487 = CARTESIAN_POINT('',(2.672578396884E+03,-67.11399824664,
    85.024271840656));
#4488 = CARTESIAN_POINT('',(2.672596442354E+03,-67.11184549981,
    85.022106909582));
#4489 = CARTESIAN_POINT('',(2.672635148263E+03,-67.10722671811,
    85.017463332486));
#4490 = CARTESIAN_POINT('',(2.672655808682E+03,-67.10476049241,
    85.014984689654));
#4491 = CARTESIAN_POINT('',(2.672676469017E+03,-67.10229346167,
    85.012506060291));
#4492 = CARTESIAN_POINT('',(2.672718025123E+03,-67.09732964655,
    85.007520562613));
#4493 = CARTESIAN_POINT('',(2.672738920892E+03,-67.09483284369,
    85.005013694608));
#4494 = CARTESIAN_POINT('',(2.672759816575E+03,-67.09233521671,
    85.002506840401));
#4495 = CARTESIAN_POINT('',(2.67278071217E+03,-67.0898367653,85.));
#4496 = ORIENTED_EDGE('',*,*,#4497,.T.);
#4497 = EDGE_CURVE('',#4326,#4498,#4500,.T.);
#4498 = VERTEX_POINT('',#4499);
#4499 = CARTESIAN_POINT('',(2.669071727642E+03,-68.20549766279,
    84.558228526626));
#4500 = B_SPLINE_CURVE_WITH_KNOTS('',4,(#4501,#4502,#4503,#4504,#4505),
  .UNSPECIFIED.,.F.,.F.,(5,5),(0.,1.),.PIECEWISE_BEZIER_KNOTS.);
#4501 = CARTESIAN_POINT('',(2.67278071217E+03,-67.0898367653,85.));
#4502 = CARTESIAN_POINT('',(2.671854156349E+03,-67.37124401408,
    84.889641139154));
#4503 = CARTESIAN_POINT('',(2.670927132859E+03,-67.65097439578,
    84.779225431315));
#4504 = CARTESIAN_POINT('',(2.669999652975E+03,-67.9290511056,
    84.668754146381));
#4505 = CARTESIAN_POINT('',(2.669071727642E+03,-68.20549766279,
    84.558228526626));
#4506 = ORIENTED_EDGE('',*,*,#4507,.T.);
#4507 = EDGE_CURVE('',#4498,#4508,#4510,.T.);
#4508 = VERTEX_POINT('',#4509);
#4509 = CARTESIAN_POINT('',(2.664344642155E+03,-69.58862310662,
    84.005932192354));
#4510 = B_SPLINE_CURVE_WITH_KNOTS('',4,(#4511,#4512,#4513,#4514,#4515,
    #4516,#4517,#4518),.UNSPECIFIED.,.F.,.F.,(5,3,5),(0.,0.499015950439,
    1.),.UNSPECIFIED.);
#4511 = CARTESIAN_POINT('',(2.669071727642E+03,-68.20549766279,
    84.558228526626));
#4512 = CARTESIAN_POINT('',(2.668482567282E+03,-68.37998819736,
    84.489394728986));
#4513 = CARTESIAN_POINT('',(2.667893215954E+03,-68.55382534838,
    84.420538085042));
#4514 = CARTESIAN_POINT('',(2.66730367658E+03,-68.72701503922,
    84.351658921119));
#4515 = CARTESIAN_POINT('',(2.66612190163E+03,-69.07279197916,
    84.213584452988));
#4516 = CARTESIAN_POINT('',(2.665529664591E+03,-69.24537415825,
    84.144388973336));
#4517 = CARTESIAN_POINT('',(2.664937243816E+03,-69.41731583345,
    84.075171446009));
#4518 = CARTESIAN_POINT('',(2.664344642155E+03,-69.58862310662,
    84.005932192354));
#4519 = ORIENTED_EDGE('',*,*,#4520,.T.);
#4520 = EDGE_CURVE('',#4508,#602,#4521,.T.);
#4521 = ( BOUNDED_CURVE() B_SPLINE_CURVE(3,(#4522,#4523,#4524,#4525,
    #4526,#4527,#4528,#4529,#4530,#4531),.UNSPECIFIED.,.F.,.F.) 
B_SPLINE_CURVE_WITH_KNOTS((4,1,1,1,1,1,1,4),(0.,5.937462759188E-02,
    0.169261244735,0.329619903174,0.533683498435,0.722609230536,
0.888013402964,1.),.UNSPECIFIED.) CURVE() GEOMETRIC_REPRESENTATION_ITEM(
) RATIONAL_B_SPLINE_CURVE((1.,1.,1.,1.,1.,1.,1.,1.,1.,1.)) 
REPRESENTATION_ITEM('') );
#4522 = CARTESIAN_POINT('',(0.,-4.760120041747,3.652568574052));
#4523 = CARTESIAN_POINT('',(36.384885512757,-37.32005736546,
    32.840127256566));
#4524 = CARTESIAN_POINT('',(164.1400044123,-121.4760011683,
    105.71448588516));
#4525 = CARTESIAN_POINT('',(476.00449735354,-204.2374044877,
    171.2245358197));
#4526 = CARTESIAN_POINT('',(943.3280351607,-205.7432288359,
    165.30999098011));
#4527 = CARTESIAN_POINT('',(1.486434771408E+03,-212.7335789503,
    172.31692937425));
#4528 = CARTESIAN_POINT('',(2.027682666396E+03,-142.9205709612,
    131.89882340934));
#4529 = CARTESIAN_POINT('',(2.477449574318E+03,-79.32847449027,
    96.293028138107));
#4530 = CARTESIAN_POINT('',(2.747888780157E+03,-67.58583655343,
    81.747314999859));
#4531 = CARTESIAN_POINT('',(2.85E+03,-27.76736691019,41.306650015305));
#4532 = ORIENTED_EDGE('',*,*,#601,.F.);
#4533 = ( BOUNDED_SURFACE() B_SPLINE_SURFACE(1,3,(
    (#4534,#4535,#4536,#4537,#4538,#4539,#4540,#4541,#4542,#4543)
    ,(#4544,#4545,#4546,#4547,#4548,#4549,#4550,#4551,#4552,#4553
)),.UNSPECIFIED.,.F.,.F.,.F.) B_SPLINE_SURFACE_WITH_KNOTS((2,2),(4,1,1,1
    ,1,1,1,4),(18.,19.),(0.,5.937462759188E-02,0.169261244735,
    0.329619903174,0.533683498435,0.722609230536,0.888013402964,1.),
.UNSPECIFIED.) GEOMETRIC_REPRESENTATION_ITEM() RATIONAL_B_SPLINE_SURFACE
((
    (1.,1.,1.,1.,1.,1.,1.,1.,1.,1.)
,(1.,1.,1.,1.,1.,1.,1.,1.,1.,1.))) REPRESENTATION_ITEM('') SURFACE() );
#4534 = CARTESIAN_POINT('',(0.,-4.242640687119,4.242640687119));
#4535 = CARTESIAN_POINT('',(36.384885512757,-33.26294136191,
    38.121154091314));
#4536 = CARTESIAN_POINT('',(164.1400044123,-108.2701739757,
    122.7054752223));
#4537 = CARTESIAN_POINT('',(476.00449735354,-182.0344685663,
    199.75885968205));
#4538 = CARTESIAN_POINT('',(943.3280351607,-183.3765926285,
    195.13839732829));
#4539 = CARTESIAN_POINT('',(1.486434771408E+03,-189.6070119357,
    202.04310915984));
#4540 = CARTESIAN_POINT('',(2.027682666396E+03,-127.3834743805,
    152.58983994381));
#4541 = CARTESIAN_POINT('',(2.477449574318E+03,-70.70456428993,
    108.74609904522));
#4542 = CARTESIAN_POINT('',(2.747888780157E+03,-60.23848506336,
    90.812866821546));
#4543 = CARTESIAN_POINT('',(2.85E+03,-24.74873734152,44.748737341529));
#4544 = CARTESIAN_POINT('',(0.,-4.760120041747,3.652568574052));
#4545 = CARTESIAN_POINT('',(36.384885512757,-37.32005736546,
    32.840127256566));
#4546 = CARTESIAN_POINT('',(164.1400044123,-121.4760011683,
    105.71448588516));
#4547 = CARTESIAN_POINT('',(476.00449735354,-204.2374044877,
    171.2245358197));
#4548 = CARTESIAN_POINT('',(943.3280351607,-205.7432288359,
    165.30999098011));
#4549 = CARTESIAN_POINT('',(1.486434771408E+03,-212.7335789503,
    172.31692937425));
#4550 = CARTESIAN_POINT('',(2.027682666396E+03,-142.9205709612,
    131.89882340934));
#4551 = CARTESIAN_POINT('',(2.477449574318E+03,-79.32847449027,
    96.293028138107));
#4552 = CARTESIAN_POINT('',(2.747888780157E+03,-67.58583655343,
    81.747314999859));
#4553 = CARTESIAN_POINT('',(2.85E+03,-27.76736691019,41.306650015305));
#4554 = ADVANCED_FACE('',(#4555),#4660,.T.);
#4555 = FACE_BOUND('',#4556,.T.);
#4556 = EDGE_LOOP('',(#4557,#4558,#4571,#4602,#4633,#4646,#4659));
#4557 = ORIENTED_EDGE('',*,*,#4520,.F.);
#4558 = ORIENTED_EDGE('',*,*,#4559,.T.);
#4559 = EDGE_CURVE('',#4508,#4560,#4562,.T.);
#4560 = VERTEX_POINT('',#4561);
#4561 = CARTESIAN_POINT('',(2.658074801307E+03,-71.1142617626,
    83.272078991489));
#4562 = B_SPLINE_CURVE_WITH_KNOTS('',4,(#4563,#4564,#4565,#4566,#4567,
    #4568,#4569,#4570),.UNSPECIFIED.,.F.,.F.,(5,3,5),(0.,0.500424889766,
    1.),.UNSPECIFIED.);
#4563 = CARTESIAN_POINT('',(2.664344642155E+03,-69.58862310662,
    84.005932192354));
#4564 = CARTESIAN_POINT('',(2.663560950708E+03,-69.78241079425,
    83.914209839914));
#4565 = CARTESIAN_POINT('',(2.662777017248E+03,-69.97520618866,
    83.822457578107));
#4566 = CARTESIAN_POINT('',(2.661992847048E+03,-70.16702265518,
    83.730676014991));
#4567 = CARTESIAN_POINT('',(2.660425375427E+03,-70.54840056034,
    83.547211381107));
#4568 = CARTESIAN_POINT('',(2.659642074793E+03,-70.73796527487,
    83.455528407762));
#4569 = CARTESIAN_POINT('',(2.658858548433E+03,-70.92658118395,
    83.36381741798));
#4570 = CARTESIAN_POINT('',(2.658074801307E+03,-71.1142617626,
    83.272078991489));
#4571 = ORIENTED_EDGE('',*,*,#4572,.T.);
#4572 = EDGE_CURVE('',#4560,#4573,#4575,.T.);
#4573 = VERTEX_POINT('',#4574);
#4574 = CARTESIAN_POINT('',(2.640151519834E+03,-75.17961365126,
    81.250951835711));
#4575 = B_SPLINE_CURVE_WITH_KNOTS('',4,(#4576,#4577,#4578,#4579,#4580,
    #4581,#4582,#4583,#4584,#4585,#4586,#4587,#4588,#4589,#4590,#4591,
    #4592,#4593,#4594,#4595,#4596,#4597,#4598,#4599,#4600,#4601),
  .UNSPECIFIED.,.F.,.F.,(5,3,3,3,3,3,3,3,5),(0.,0.116739883733,
    0.230905028426,0.345435037408,0.459450874357,0.573834907282,
    0.687709149841,0.801954804879,1.),.UNSPECIFIED.);
#4576 = CARTESIAN_POINT('',(2.658074801307E+03,-71.1142617626,
    83.272078991489));
#4577 = CARTESIAN_POINT('',(2.657552860434E+03,-71.23793901629,
    83.213231043549));
#4578 = CARTESIAN_POINT('',(2.657030822073E+03,-71.36120187071,
    83.15437139602));
#4579 = CARTESIAN_POINT('',(2.656508687685E+03,-71.48405430814,
    83.095500213814));
#4580 = CARTESIAN_POINT('',(2.655475747669E+03,-71.72624575554,
    82.979033780549));
#4581 = CARTESIAN_POINT('',(2.654964946167E+03,-71.8456024952,
    82.921439025592));
#4582 = CARTESIAN_POINT('',(2.654454055543E+03,-71.96457428516,
    82.863833546674));
#4583 = CARTESIAN_POINT('',(2.653430465629E+03,-72.20213448008,
    82.74841730367));
#4584 = CARTESIAN_POINT('',(2.652917765777E+03,-72.32072044455,
    82.690606471891));
#4585 = CARTESIAN_POINT('',(2.652404978887E+03,-72.43892656159,
    82.632785149768));
#4586 = CARTESIAN_POINT('',(2.651381536137E+03,-72.67405771925,
    82.517381453356));
#4587 = CARTESIAN_POINT('',(2.650870881044E+03,-72.79098612869,
    82.45979917171));
#4588 = CARTESIAN_POINT('',(2.650360142275E+03,-72.90754561433,
    82.402206788903));
#4589 = CARTESIAN_POINT('',(2.649336850293E+03,-73.14030949821,
    82.286816093863));
#4590 = CARTESIAN_POINT('',(2.648824296547E+03,-73.25651153416,
    82.229017717224));
#4591 = CARTESIAN_POINT('',(2.648311661132E+03,-73.37234984974,
    82.171209466898));
#4592 = CARTESIAN_POINT('',(2.647288514551E+03,-73.60279199913,
    82.055831193102));
#4593 = CARTESIAN_POINT('',(2.646778004102E+03,-73.71739903385,
    81.998261256161));
#4594 = CARTESIAN_POINT('',(2.646267415185E+03,-73.83165312513,
    81.940681819373));
#4595 = CARTESIAN_POINT('',(2.645244417252E+03,-74.0598344816,
    81.825316395826));
#4596 = CARTESIAN_POINT('',(2.64473200773E+03,-74.17375946534,
    81.76753034792));
#4597 = CARTESIAN_POINT('',(2.644219521673E+03,-74.28733680948,
    81.709735021868));
#4598 = CARTESIAN_POINT('',(2.642818433532E+03,-74.59686100397,
    81.551726341295));
#4599 = CARTESIAN_POINT('',(2.641929680402E+03,-74.79211848901,
    81.451494664848));
#4600 = CARTESIAN_POINT('',(2.64104070715E+03,-74.98636270295,
    81.351236258645));
#4601 = CARTESIAN_POINT('',(2.640151519834E+03,-75.17961365126,
    81.250951835711));
#4602 = ORIENTED_EDGE('',*,*,#4603,.T.);
#4603 = EDGE_CURVE('',#4573,#4604,#4606,.T.);
#4604 = VERTEX_POINT('',#4605);
#4605 = CARTESIAN_POINT('',(2.615863983106E+03,-80.11343937903,
    78.654414913926));
#4606 = B_SPLINE_CURVE_WITH_KNOTS('',4,(#4607,#4608,#4609,#4610,#4611,
    #4612,#4613,#4614,#4615,#4616,#4617,#4618,#4619,#4620,#4621,#4622,
    #4623,#4624,#4625,#4626,#4627,#4628,#4629,#4630,#4631,#4632),
  .UNSPECIFIED.,.F.,.F.,(5,3,3,3,3,3,3,3,5),(0.,0.124684515766,
    0.249862574112,0.375386970411,0.500380785396,0.625728121965,
    0.750553093238,0.875299297412,1.),.UNSPECIFIED.);
#4607 = CARTESIAN_POINT('',(2.640151519834E+03,-75.17961365126,
    81.250951835711));
#4608 = CARTESIAN_POINT('',(2.639396058116E+03,-75.34122389466,
    81.170201482149));
#4609 = CARTESIAN_POINT('',(2.638640444085E+03,-75.50211822589,
    81.089433498644));
#4610 = CARTESIAN_POINT('',(2.637884681425E+03,-75.66230892955,
    81.008648296885));
#4611 = CARTESIAN_POINT('',(2.636369873868E+03,-75.98193908958,
    80.846724422637));
#4612 = CARTESIAN_POINT('',(2.635610827821E+03,-76.1413730622,
    80.765585616784));
#4613 = CARTESIAN_POINT('',(2.634851639196E+03,-76.30012272689,
    80.684430271027));
#4614 = CARTESIAN_POINT('',(2.633330882951E+03,-76.61671583661,
    80.521862717837));
#4615 = CARTESIAN_POINT('',(2.632569314561E+03,-76.77455555901,
    80.440450420986));
#4616 = CARTESIAN_POINT('',(2.631807609895E+03,-76.93173238731,
    80.359022298493));
#4617 = CARTESIAN_POINT('',(2.630287155143E+03,-77.24412394785,
    80.196479448661));
#4618 = CARTESIAN_POINT('',(2.629528406176E+03,-77.39934416535,
    80.115364851505));
#4619 = CARTESIAN_POINT('',(2.628769528917E+03,-77.55393213134,
    80.034235345125));
#4620 = CARTESIAN_POINT('',(2.627249377752E+03,-77.86230409753,
    79.871717779529));
#4621 = CARTESIAN_POINT('',(2.626488103137E+03,-78.01608458715,
    79.790329638045));
#4622 = CARTESIAN_POINT('',(2.625726706184E+03,-78.16925448821,
    79.708927274635));
#4623 = CARTESIAN_POINT('',(2.624206847606E+03,-78.47376263813,
    79.546434151519));
#4624 = CARTESIAN_POINT('',(2.623448386973E+03,-78.62510585996,
    79.465343506965));
#4625 = CARTESIAN_POINT('',(2.622689811458E+03,-78.77586865309,
    79.384239509247));
#4626 = CARTESIAN_POINT('',(2.621172915671E+03,-79.07616369329,
    79.222056729203));
#4627 = CARTESIAN_POINT('',(2.62041459554E+03,-79.22569665673,
    79.140977963277));
#4628 = CARTESIAN_POINT('',(2.619656166918E+03,-79.37467497149,
    79.059886595142));
#4629 = CARTESIAN_POINT('',(2.618139375454E+03,-79.67149325417,
    78.897708958141));
#4630 = CARTESIAN_POINT('',(2.617381012689E+03,-79.81933361741,
    78.816622698221));
#4631 = CARTESIAN_POINT('',(2.616622547587E+03,-79.96664480666,
    78.735524565522));
#4632 = CARTESIAN_POINT('',(2.615863983106E+03,-80.11343937903,
    78.654414913926));
#4633 = ORIENTED_EDGE('',*,*,#4634,.T.);
#4634 = EDGE_CURVE('',#4604,#4635,#4637,.T.);
#4635 = VERTEX_POINT('',#4636);
#4636 = CARTESIAN_POINT('',(2.604176256029E+03,-82.28350843542,
    77.487017361232));
#4637 = B_SPLINE_CURVE_WITH_KNOTS('',4,(#4638,#4639,#4640,#4641,#4642,
    #4643,#4644,#4645),.UNSPECIFIED.,.F.,.F.,(5,3,5),(0.,0.499707226221,
    1.),.UNSPECIFIED.);
#4638 = CARTESIAN_POINT('',(2.615863983106E+03,-80.11343937903,
    78.654414913926));
#4639 = CARTESIAN_POINT('',(2.614404871439E+03,-80.3899018218,
    78.508684369452));
#4640 = CARTESIAN_POINT('',(2.612945400087E+03,-80.66445826895,
    78.362914557481));
#4641 = CARTESIAN_POINT('',(2.611485589758E+03,-80.93719815716,
    78.217107803535));
#4642 = CARTESIAN_POINT('',(2.608563619605E+03,-81.47954178971,
    77.925254022128));
#4643 = CARTESIAN_POINT('',(2.607101459036E+03,-81.74914148223,
    77.779206913741));
#4644 = CARTESIAN_POINT('',(2.605638998224E+03,-82.01710028522,
    77.633127295064));
#4645 = CARTESIAN_POINT('',(2.604176256029E+03,-82.28350843542,
    77.487017361232));
#4646 = ORIENTED_EDGE('',*,*,#4647,.T.);
#4647 = EDGE_CURVE('',#4635,#609,#4648,.T.);
#4648 = ( BOUNDED_CURVE() B_SPLINE_CURVE(3,(#4649,#4650,#4651,#4652,
    #4653,#4654,#4655,#4656,#4657,#4658),.UNSPECIFIED.,.F.,.F.) 
B_SPLINE_CURVE_WITH_KNOTS((4,1,1,1,1,1,1,4),(0.,5.937462759188E-02,
    0.169261244735,0.329619903174,0.533683498435,0.722609230536,
0.888013402964,1.),.UNSPECIFIED.) CURVE() GEOMETRIC_REPRESENTATION_ITEM(
) RATIONAL_B_SPLINE_CURVE((1.,1.,1.,1.,1.,1.,1.,1.,1.,1.)) 
REPRESENTATION_ITEM('') );
#4649 = CARTESIAN_POINT('',(0.,-5.196152422707,3.));
#4650 = CARTESIAN_POINT('',(36.384885512757,-40.73861684041,
    26.999769654897));
#4651 = CARTESIAN_POINT('',(164.1400044123,-132.6033403014,
    86.923925480871));
#4652 = CARTESIAN_POINT('',(476.00449735354,-222.945781793,
    139.66804870219));
#4653 = CARTESIAN_POINT('',(943.3280351607,-224.5895413551,
    132.32236088229));
#4654 = CARTESIAN_POINT('',(1.486434771408E+03,-232.2202154482,
    139.44235298751));
#4655 = CARTESIAN_POINT('',(2.027682666396E+03,-156.0122569476,
    109.01635386606));
#4656 = CARTESIAN_POINT('',(2.477449574318E+03,-86.59505249807,
    82.521011897265));
#4657 = CARTESIAN_POINT('',(2.747888780157E+03,-73.77677564175,
    71.72160103326));
#4658 = CARTESIAN_POINT('',(2.85E+03,-30.31088913245,37.5));
#4659 = ORIENTED_EDGE('',*,*,#608,.F.);
#4660 = ( BOUNDED_SURFACE() B_SPLINE_SURFACE(1,3,(
    (#4661,#4662,#4663,#4664,#4665,#4666,#4667,#4668,#4669,#4670)
    ,(#4671,#4672,#4673,#4674,#4675,#4676,#4677,#4678,#4679,#4680
)),.UNSPECIFIED.,.F.,.F.,.F.) B_SPLINE_SURFACE_WITH_KNOTS((2,2),(4,1,1,1
    ,1,1,1,4),(19.,20.),(0.,5.937462759188E-02,0.169261244735,
    0.329619903174,0.533683498435,0.722609230536,0.888013402964,1.),
.UNSPECIFIED.) GEOMETRIC_REPRESENTATION_ITEM() RATIONAL_B_SPLINE_SURFACE
((
    (1.,1.,1.,1.,1.,1.,1.,1.,1.,1.)
,(1.,1.,1.,1.,1.,1.,1.,1.,1.,1.))) REPRESENTATION_ITEM('') SURFACE() );
#4661 = CARTESIAN_POINT('',(0.,-4.760120041747,3.652568574052));
#4662 = CARTESIAN_POINT('',(36.384885512757,-37.32005736546,
    32.840127256566));
#4663 = CARTESIAN_POINT('',(164.1400044123,-121.4760011683,
    105.71448588516));
#4664 = CARTESIAN_POINT('',(476.00449735354,-204.2374044877,
    171.2245358197));
#4665 = CARTESIAN_POINT('',(943.3280351607,-205.7432288359,
    165.30999098011));
#4666 = CARTESIAN_POINT('',(1.486434771408E+03,-212.7335789503,
    172.31692937425));
#4667 = CARTESIAN_POINT('',(2.027682666396E+03,-142.9205709612,
    131.89882340934));
#4668 = CARTESIAN_POINT('',(2.477449574318E+03,-79.32847449027,
    96.293028138107));
#4669 = CARTESIAN_POINT('',(2.747888780157E+03,-67.58583655343,
    81.747314999859));
#4670 = CARTESIAN_POINT('',(2.85E+03,-27.76736691019,41.306650015305));
#4671 = CARTESIAN_POINT('',(0.,-5.196152422707,3.));
#4672 = CARTESIAN_POINT('',(36.384885512757,-40.73861684041,
    26.999769654897));
#4673 = CARTESIAN_POINT('',(164.1400044123,-132.6033403014,
    86.923925480871));
#4674 = CARTESIAN_POINT('',(476.00449735354,-222.945781793,
    139.66804870219));
#4675 = CARTESIAN_POINT('',(943.3280351607,-224.5895413551,
    132.32236088229));
#4676 = CARTESIAN_POINT('',(1.486434771408E+03,-232.2202154482,
    139.44235298751));
#4677 = CARTESIAN_POINT('',(2.027682666396E+03,-156.0122569476,
    109.01635386606));
#4678 = CARTESIAN_POINT('',(2.477449574318E+03,-86.59505249807,
    82.521011897265));
#4679 = CARTESIAN_POINT('',(2.747888780157E+03,-73.77677564175,
    71.72160103326));
#4680 = CARTESIAN_POINT('',(2.85E+03,-30.31088913245,37.5));
#4681 = ADVANCED_FACE('',(#4682),#4800,.T.);
#4682 = FACE_BOUND('',#4683,.T.);
#4683 = EDGE_LOOP('',(#4684,#4685,#4704,#4732,#4767,#4786,#4799));
#4684 = ORIENTED_EDGE('',*,*,#4647,.F.);
#4685 = ORIENTED_EDGE('',*,*,#4686,.T.);
#4686 = EDGE_CURVE('',#4635,#4687,#4689,.T.);
#4687 = VERTEX_POINT('',#4688);
#4688 = CARTESIAN_POINT('',(2.585990889033E+03,-85.0935765886,
    75.668299114431));
#4689 = B_SPLINE_CURVE_WITH_KNOTS('',4,(#4690,#4691,#4692,#4693,#4694,
    #4695,#4696,#4697,#4698,#4699,#4700,#4701,#4702,#4703),
  .UNSPECIFIED.,.F.,.F.,(5,3,3,3,5),(0.,0.250583845108,0.500558490608,
    0.750411669376,1.),.UNSPECIFIED.);
#4690 = CARTESIAN_POINT('',(2.604176256029E+03,-82.28350843542,
    77.487017361232));
#4691 = CARTESIAN_POINT('',(2.603037691004E+03,-82.46388712499,
    77.373156529667));
#4692 = CARTESIAN_POINT('',(2.601898994936E+03,-82.64343604781,
    77.259281011831));
#4693 = CARTESIAN_POINT('',(2.600760174953E+03,-82.82219460288,
    77.145391665576));
#4694 = CARTESIAN_POINT('',(2.598485069799E+03,-83.17777705755,
    76.917863906397));
#4695 = CARTESIAN_POINT('',(2.597348785197E+03,-83.35460460373,
    76.804225556661));
#4696 = CARTESIAN_POINT('',(2.59621239095E+03,-83.5307239799,
    76.69057511541));
#4697 = CARTESIAN_POINT('',(2.593939948605E+03,-83.88153943056,
    76.463306916491));
#4698 = CARTESIAN_POINT('',(2.592803900609E+03,-84.05623615482,
    76.349689169887));
#4699 = CARTESIAN_POINT('',(2.591667756257E+03,-84.23030359423,
    76.236060978183));
#4700 = CARTESIAN_POINT('',(2.589396492049E+03,-84.57707421144,
    76.008905770057));
#4701 = CARTESIAN_POINT('',(2.588261372384E+03,-84.7497786396,
    75.895378774177));
#4702 = CARTESIAN_POINT('',(2.587126169314E+03,-84.92193310561,
    75.781842958849));
#4703 = CARTESIAN_POINT('',(2.585990889033E+03,-85.0935765886,
    75.668299114431));
#4704 = ORIENTED_EDGE('',*,*,#4705,.T.);
#4705 = EDGE_CURVE('',#4687,#4706,#4708,.T.);
#4706 = VERTEX_POINT('',#4707);
#4707 = CARTESIAN_POINT('',(2.551449540804E+03,-90.09071668898,
    72.488798033537));
#4708 = B_SPLINE_CURVE_WITH_KNOTS('',4,(#4709,#4710,#4711,#4712,#4713,
    #4714,#4715,#4716,#4717,#4718,#4719,#4720,#4721,#4722,#4723,#4724,
    #4725,#4726,#4727,#4728,#4729,#4730,#4731),.UNSPECIFIED.,.F.,.F.,(5,
    3,3,3,3,3,3,5),(0.,0.146066156641,0.292665149239,0.439653385521,
    0.586157397086,0.696999995009,0.821815505374,1.),.UNSPECIFIED.);
#4709 = CARTESIAN_POINT('',(2.585990889033E+03,-85.0935765886,
    75.668299114431));
#4710 = CARTESIAN_POINT('',(2.584730135728E+03,-85.27998587408,
    75.552241448739));
#4711 = CARTESIAN_POINT('',(2.583469289759E+03,-85.46576889232,
    75.436174800144));
#4712 = CARTESIAN_POINT('',(2.582208359437E+03,-85.65097900246,
    75.320100154712));
#4713 = CARTESIAN_POINT('',(2.579681746217E+03,-86.02103384943,
    75.087513363317));
#4714 = CARTESIAN_POINT('',(2.578416062764E+03,-86.20587478854,
    74.97100116621));
#4715 = CARTESIAN_POINT('',(2.577150310659E+03,-86.39024631646,
    74.854482880249));
#4716 = CARTESIAN_POINT('',(2.57461532418E+03,-86.75864684489,
    74.621126695564));
#4717 = CARTESIAN_POINT('',(2.573346089484E+03,-86.94267363594,
    74.504288769843));
#4718 = CARTESIAN_POINT('',(2.572076801849E+03,-87.12633709938,
    74.3874466892));
#4719 = CARTESIAN_POINT('',(2.569542318074E+03,-87.49244204334,
    74.154141101867));
#4720 = CARTESIAN_POINT('',(2.568277122233E+03,-87.67488555605,
    74.037677616253));
#4721 = CARTESIAN_POINT('',(2.567011889473E+03,-87.85707593662,
    73.921211946525));
#4722 = CARTESIAN_POINT('',(2.564789350499E+03,-88.1767585071,
    73.716628074982));
#4723 = CARTESIAN_POINT('',(2.563832056771E+03,-88.31433592794,
    73.628510392723));
#4724 = CARTESIAN_POINT('',(2.562874749674E+03,-88.45182254591,
    73.540392434911));
#4725 = CARTESIAN_POINT('',(2.560839435165E+03,-88.74398393392,
    73.353048602795));
#4726 = CARTESIAN_POINT('',(2.559761425062E+03,-88.89864061063,
    73.253822767439));
#4727 = CARTESIAN_POINT('',(2.558683406961E+03,-89.05324494535,
    73.15459771667));
#4728 = CARTESIAN_POINT('',(2.556066420649E+03,-89.42851344694,
    72.913724044707));
#4729 = CARTESIAN_POINT('',(2.554527449043E+03,-89.64915779694,
    72.772076864644));
#4730 = CARTESIAN_POINT('',(2.552988484508E+03,-89.86985997897,
    72.630434268931));
#4731 = CARTESIAN_POINT('',(2.551449540804E+03,-90.09071668898,
    72.488798033537));
#4732 = ORIENTED_EDGE('',*,*,#4733,.T.);
#4733 = EDGE_CURVE('',#4706,#4734,#4736,.T.);
#4734 = VERTEX_POINT('',#4735);
#4735 = CARTESIAN_POINT('',(2.51328400051E+03,-95.55016041717,
    69.318408186446));
#4736 = B_SPLINE_CURVE_WITH_KNOTS('',5,(#4737,#4738,#4739,#4740,#4741,
    #4742,#4743,#4744,#4745,#4746,#4747,#4748,#4749,#4750,#4751,#4752,
    #4753,#4754,#4755,#4756,#4757,#4758,#4759,#4760,#4761,#4762,#4763,
    #4764,#4765,#4766),.UNSPECIFIED.,.F.,.F.,(6,4,4,4,4,4,4,6),(0.,
    0.15851489835,0.316837150688,0.486952466213,0.571830880935,
    0.656671452252,0.826839224236,1.),.UNSPECIFIED.);
#4737 = CARTESIAN_POINT('',(2.551449540804E+03,-90.09071668898,
    72.488798033537));
#4738 = CARTESIAN_POINT('',(2.550239043871E+03,-90.25995436413,
    72.388199264266));
#4739 = CARTESIAN_POINT('',(2.549028559312E+03,-90.42928531853,
    72.287603859181));
#4740 = CARTESIAN_POINT('',(2.547818092227E+03,-90.59874627308,
    72.187012423833));
#4741 = CARTESIAN_POINT('',(2.546607647744E+03,-90.76837393782,
    72.086425569089));
#4742 = CARTESIAN_POINT('',(2.544188285321E+03,-91.1078296872,
    71.885384491865));
#4743 = CARTESIAN_POINT('',(2.542979367317E+03,-91.27765727752,
    71.784930257016));
#4744 = CARTESIAN_POINT('',(2.541770482134E+03,-91.4477243484,
    71.684481820512));
#4745 = CARTESIAN_POINT('',(2.540561634946E+03,-91.61806745374,
    71.584039803292));
#4746 = CARTESIAN_POINT('',(2.53805398596E+03,-91.97209056997,
    71.375688691645));
#4747 = CARTESIAN_POINT('',(2.536755190844E+03,-92.15581888107,
    71.267780686514));
#4748 = CARTESIAN_POINT('',(2.535456452104E+03,-92.33995340063,
    71.159881596806));
#4749 = CARTESIAN_POINT('',(2.534157776306E+03,-92.52453944295,
    71.051992213153));
#4750 = CARTESIAN_POINT('',(2.532211235284E+03,-92.8019687225,
    70.890287567529));
#4751 = CARTESIAN_POINT('',(2.531563317824E+03,-92.89443904755,
    70.836464417048));
#4752 = CARTESIAN_POINT('',(2.530915418383E+03,-92.98703774622,
    70.782643966586));
#4753 = CARTESIAN_POINT('',(2.530267538153E+03,-93.07977295791,
    70.72882635916));
#4754 = CARTESIAN_POINT('',(2.528972105812E+03,-93.26548038436,
    70.621220927715));
#4755 = CARTESIAN_POINT('',(2.528324553585E+03,-93.35845177748,
    70.567433089482));
#4756 = CARTESIAN_POINT('',(2.527677020887E+03,-93.45156135894,
    70.513648135436));
#4757 = CARTESIAN_POINT('',(2.527029507731E+03,-93.54480893106,
    70.459866068982));
#4758 = CARTESIAN_POINT('',(2.525083313022E+03,-93.82550066147,
    70.298220075345));
#4759 = CARTESIAN_POINT('',(2.523784690576E+03,-94.01336135909,
    70.190364887415));
#4760 = CARTESIAN_POINT('',(2.522486146882E+03,-94.20177477692,
    70.08252135673));
#4761 = CARTESIAN_POINT('',(2.521187682021E+03,-94.39073927494,
    69.974689509488));
#4762 = CARTESIAN_POINT('',(2.518568073394E+03,-94.77310036592,
    69.757152833055));
#4763 = CARTESIAN_POINT('',(2.517246932427E+03,-94.9665164556,
    69.647448419364));
#4764 = CARTESIAN_POINT('',(2.515925873247E+03,-95.16049969287,
    69.537756156669));
#4765 = CARTESIAN_POINT('',(2.514604895921E+03,-95.35504828724,
    69.428076070747));
#4766 = CARTESIAN_POINT('',(2.51328400051E+03,-95.55016041717,
    69.318408186446));
#4767 = ORIENTED_EDGE('',*,*,#4768,.T.);
#4768 = EDGE_CURVE('',#4734,#4769,#4771,.T.);
#4769 = VERTEX_POINT('',#4770);
#4770 = CARTESIAN_POINT('',(2.494518425411E+03,-98.28831354441,
    67.955505639381));
#4771 = B_SPLINE_CURVE_WITH_KNOTS('',4,(#4772,#4773,#4774,#4775,#4776,
    #4777,#4778,#4779,#4780,#4781,#4782,#4783,#4784,#4785),
  .UNSPECIFIED.,.F.,.F.,(5,3,3,3,5),(0.,0.246523641,0.4903564136,
    0.734193935392,1.),.UNSPECIFIED.);
#4772 = CARTESIAN_POINT('',(2.51328400051E+03,-95.55016041717,
    69.318408186446));
#4773 = CARTESIAN_POINT('',(2.512127060235E+03,-95.71611721069,
    69.234357289301));
#4774 = CARTESIAN_POINT('',(2.510970185736E+03,-95.88253848851,
    69.15031521561));
#4775 = CARTESIAN_POINT('',(2.50981337706E+03,-96.04942257418,
    69.066281983703));
#4776 = CARTESIAN_POINT('',(2.507512517564E+03,-96.38228632714,
    68.89915038563));
#4777 = CARTESIAN_POINT('',(2.506368465315E+03,-96.54825598339,
    68.816051827118));
#4778 = CARTESIAN_POINT('',(2.505224477528E+03,-96.71467507311,
    68.732961952199));
#4779 = CARTESIAN_POINT('',(2.502936608645E+03,-97.04841199996,
    68.566797983066));
#4780 = CARTESIAN_POINT('',(2.501792727552E+03,-97.21572985457,
    68.483723889189));
#4781 = CARTESIAN_POINT('',(2.50064891097E+03,-97.3834937904,
    68.400658510955));
#4782 = CARTESIAN_POINT('',(2.49825836051E+03,-97.7350651222,
    68.227062226474));
#4783 = CARTESIAN_POINT('',(2.497011638782E+03,-97.91895619559,
    68.136532964218));
#4784 = CARTESIAN_POINT('',(2.495764993749E+03,-98.10337309066,
    68.046014095919));
#4785 = CARTESIAN_POINT('',(2.494518425411E+03,-98.28831354441,
    67.955505639381));
#4786 = ORIENTED_EDGE('',*,*,#4787,.T.);
#4787 = EDGE_CURVE('',#4769,#616,#4788,.T.);
#4788 = ( BOUNDED_CURVE() B_SPLINE_CURVE(3,(#4789,#4790,#4791,#4792,
    #4793,#4794,#4795,#4796,#4797,#4798),.UNSPECIFIED.,.F.,.F.) 
B_SPLINE_CURVE_WITH_KNOTS((4,1,1,1,1,1,1,4),(0.,5.937462759188E-02,
    0.169261244735,0.329619903174,0.533683498435,0.722609230536,
0.888013402964,1.),.UNSPECIFIED.) CURVE() GEOMETRIC_REPRESENTATION_ITEM(
) RATIONAL_B_SPLINE_CURVE((1.,1.,1.,1.,1.,1.,1.,1.,1.,1.)) 
REPRESENTATION_ITEM('') );
#4789 = CARTESIAN_POINT('',(0.,-5.543277195068,2.296100594191));
#4790 = CARTESIAN_POINT('',(36.384885512757,-43.46012728633,
    20.700011424122));
#4791 = CARTESIAN_POINT('',(164.1400044123,-141.4617995174,
    66.655305707664));
#4792 = CARTESIAN_POINT('',(476.00449735354,-237.8394949596,
    105.62933857321));
#4793 = CARTESIAN_POINT('',(943.3280351607,-239.5930645537,
    96.739934531726));
#4794 = CARTESIAN_POINT('',(1.486434771408E+03,-247.7334996761,
    103.98187311614));
#4795 = CARTESIAN_POINT('',(2.027682666396E+03,-166.4345299629,
    84.333956712082));
#4796 = CARTESIAN_POINT('',(2.477449574318E+03,-92.37996514895,
    67.665693338894));
#4797 = CARTESIAN_POINT('',(2.747888780157E+03,-78.70537364405,
    60.907267667375));
#4798 = CARTESIAN_POINT('',(2.85E+03,-32.33578363789,33.393920132778));
#4799 = ORIENTED_EDGE('',*,*,#615,.F.);
#4800 = ( BOUNDED_SURFACE() B_SPLINE_SURFACE(1,3,(
    (#4801,#4802,#4803,#4804,#4805,#4806,#4807,#4808,#4809,#4810)
    ,(#4811,#4812,#4813,#4814,#4815,#4816,#4817,#4818,#4819,#4820
)),.UNSPECIFIED.,.F.,.F.,.F.) B_SPLINE_SURFACE_WITH_KNOTS((2,2),(4,1,1,1
    ,1,1,1,4),(20.,21.),(0.,5.937462759188E-02,0.169261244735,
    0.329619903174,0.533683498435,0.722609230536,0.888013402964,1.),
.UNSPECIFIED.) GEOMETRIC_REPRESENTATION_ITEM() RATIONAL_B_SPLINE_SURFACE
((
    (1.,1.,1.,1.,1.,1.,1.,1.,1.,1.)
,(1.,1.,1.,1.,1.,1.,1.,1.,1.,1.))) REPRESENTATION_ITEM('') SURFACE() );
#4801 = CARTESIAN_POINT('',(0.,-5.196152422707,3.));
#4802 = CARTESIAN_POINT('',(36.384885512757,-40.73861684041,
    26.999769654897));
#4803 = CARTESIAN_POINT('',(164.1400044123,-132.6033403014,
    86.923925480871));
#4804 = CARTESIAN_POINT('',(476.00449735354,-222.945781793,
    139.66804870219));
#4805 = CARTESIAN_POINT('',(943.3280351607,-224.5895413551,
    132.32236088229));
#4806 = CARTESIAN_POINT('',(1.486434771408E+03,-232.2202154482,
    139.44235298751));
#4807 = CARTESIAN_POINT('',(2.027682666396E+03,-156.0122569476,
    109.01635386606));
#4808 = CARTESIAN_POINT('',(2.477449574318E+03,-86.59505249807,
    82.521011897265));
#4809 = CARTESIAN_POINT('',(2.747888780157E+03,-73.77677564175,
    71.72160103326));
#4810 = CARTESIAN_POINT('',(2.85E+03,-30.31088913245,37.5));
#4811 = CARTESIAN_POINT('',(0.,-5.543277195068,2.296100594191));
#4812 = CARTESIAN_POINT('',(36.384885512757,-43.46012728633,
    20.700011424122));
#4813 = CARTESIAN_POINT('',(164.1400044123,-141.4617995174,
    66.655305707664));
#4814 = CARTESIAN_POINT('',(476.00449735354,-237.8394949596,
    105.62933857321));
#4815 = CARTESIAN_POINT('',(943.3280351607,-239.5930645537,
    96.739934531726));
#4816 = CARTESIAN_POINT('',(1.486434771408E+03,-247.7334996761,
    103.98187311614));
#4817 = CARTESIAN_POINT('',(2.027682666396E+03,-166.4345299629,
    84.333956712082));
#4818 = CARTESIAN_POINT('',(2.477449574318E+03,-92.37996514895,
    67.665693338894));
#4819 = CARTESIAN_POINT('',(2.747888780157E+03,-78.70537364405,
    60.907267667375));
#4820 = CARTESIAN_POINT('',(2.85E+03,-32.33578363789,33.393920132778));
#4821 = ADVANCED_FACE('',(#4822),#5178,.T.);
#4822 = FACE_BOUND('',#4823,.T.);
#4823 = EDGE_LOOP('',(#4824,#4839,#4840,#4855,#4865,#4878,#4897,#4916,
    #4929,#4939,#4952,#4953,#4954,#4973,#5004,#5035,#5066,#5085,#5116,
    #5135,#5154,#5167));
#4824 = ORIENTED_EDGE('',*,*,#4825,.F.);
#4825 = EDGE_CURVE('',#1978,#4826,#4828,.T.);
#4826 = VERTEX_POINT('',#4827);
#4827 = CARTESIAN_POINT('',(2.19743898435E+03,-138.4438725462,
    78.057706325746));
#4828 = ( BOUNDED_CURVE() B_SPLINE_CURVE(3,(#4829,#4830,#4831,#4832,
    #4833,#4834,#4835,#4836,#4837,#4838),.UNSPECIFIED.,.F.,.F.) 
B_SPLINE_CURVE_WITH_KNOTS((4,1,1,1,1,1,1,4),(0.,5.937462759188E-02,
    0.169261244735,0.329619903174,0.533683498435,0.722609230536,
0.888013402964,1.),.UNSPECIFIED.) CURVE() GEOMETRIC_REPRESENTATION_ITEM(
) RATIONAL_B_SPLINE_CURVE((1.,1.,1.,1.,1.,1.,1.,1.,1.,1.)) 
REPRESENTATION_ITEM('') );
#4829 = CARTESIAN_POINT('',(0.,-5.543277195068,2.296100594191));
#4830 = CARTESIAN_POINT('',(36.384885512757,-43.46012728633,
    20.700011424122));
#4831 = CARTESIAN_POINT('',(164.1400044123,-141.4617995174,
    66.655305707664));
#4832 = CARTESIAN_POINT('',(476.00449735354,-237.8394949596,
    105.62933857321));
#4833 = CARTESIAN_POINT('',(943.3280351607,-239.5930645537,
    96.739934531726));
#4834 = CARTESIAN_POINT('',(1.486434771408E+03,-247.7334996761,
    103.98187311614));
#4835 = CARTESIAN_POINT('',(2.027682666396E+03,-166.4345299629,
    84.333956712082));
#4836 = CARTESIAN_POINT('',(2.477449574318E+03,-92.37996514895,
    67.665693338894));
#4837 = CARTESIAN_POINT('',(2.747888780157E+03,-78.70537364405,
    60.907267667375));
#4838 = CARTESIAN_POINT('',(2.85E+03,-32.33578363789,33.393920132778));
#4839 = ORIENTED_EDGE('',*,*,#1977,.T.);
#4840 = ORIENTED_EDGE('',*,*,#4841,.T.);
#4841 = EDGE_CURVE('',#1971,#4842,#4844,.T.);
#4842 = VERTEX_POINT('',#4843);
#4843 = CARTESIAN_POINT('',(1.039682607608E+03,-252.384105821,
    62.281513155675));
#4844 = ( BOUNDED_CURVE() B_SPLINE_CURVE(3,(#4845,#4846,#4847,#4848,
    #4849,#4850,#4851,#4852,#4853,#4854),.UNSPECIFIED.,.F.,.F.) 
B_SPLINE_CURVE_WITH_KNOTS((4,1,1,1,1,1,1,4),(0.,5.937462759188E-02,
    0.169261244735,0.329619903174,0.533683498435,0.722609230536,
0.888013402964,1.),.UNSPECIFIED.) CURVE() GEOMETRIC_REPRESENTATION_ITEM(
) RATIONAL_B_SPLINE_CURVE((1.,1.,1.,1.,1.,1.,1.,1.,1.,1.)) 
REPRESENTATION_ITEM('') );
#4845 = CARTESIAN_POINT('',(0.,-5.795554957734,1.552914270615));
#4846 = CARTESIAN_POINT('',(36.384885512757,-45.43802290497,
    14.048643174198));
#4847 = CARTESIAN_POINT('',(164.1400044123,-147.899808123,
    45.255428269387));
#4848 = CARTESIAN_POINT('',(476.00449735354,-248.6637084259,
    69.690817200386));
#4849 = CARTESIAN_POINT('',(943.3280351607,-250.49708399,59.171537108568
    ));
#4850 = CARTESIAN_POINT('',(1.486434771408E+03,-259.0079950399,
    66.542228402269));
#4851 = CARTESIAN_POINT('',(2.027682666396E+03,-174.0090620262,
    58.273954605954));
#4852 = CARTESIAN_POINT('',(2.477449574318E+03,-96.58423098356,
    51.981251082205));
#4853 = CARTESIAN_POINT('',(2.747888780157E+03,-82.28730088203,
    49.489351144388));
#4854 = CARTESIAN_POINT('',(2.85E+03,-33.80740392011,29.058666578588));
#4855 = ORIENTED_EDGE('',*,*,#4856,.T.);
#4856 = EDGE_CURVE('',#4842,#4857,#4859,.T.);
#4857 = VERTEX_POINT('',#4858);
#4858 = CARTESIAN_POINT('',(1.049788427992E+03,-252.2117249489,
    63.109039146183));
#4859 = B_SPLINE_CURVE_WITH_KNOTS('',4,(#4860,#4861,#4862,#4863,#4864),
  .UNSPECIFIED.,.F.,.F.,(5,5),(0.,1.),.PIECEWISE_BEZIER_KNOTS.);
#4860 = CARTESIAN_POINT('',(1.039682607608E+03,-252.384105821,
    62.281513155675));
#4861 = CARTESIAN_POINT('',(1.042209071557E+03,-252.3415522005,
    62.488398137137));
#4862 = CARTESIAN_POINT('',(1.044735529934E+03,-252.2986545387,
    62.695280910877));
#4863 = CARTESIAN_POINT('',(1.047261982252E+03,-252.2553872949,
    62.902161305199));
#4864 = CARTESIAN_POINT('',(1.049788427992E+03,-252.2117249489,
    63.109039146183));
#4865 = ORIENTED_EDGE('',*,*,#4866,.T.);
#4866 = EDGE_CURVE('',#4857,#4867,#4869,.T.);
#4867 = VERTEX_POINT('',#4868);
#4868 = CARTESIAN_POINT('',(1.081518150369E+03,-252.0081781127,
    64.446353956833));
#4869 = B_SPLINE_CURVE_WITH_KNOTS('',4,(#4870,#4871,#4872,#4873,#4874,
    #4875,#4876,#4877),.UNSPECIFIED.,.F.,.F.,(5,3,5),(0.,0.465597684516,
    1.),.UNSPECIFIED.);
#4870 = CARTESIAN_POINT('',(1.049788427992E+03,-252.2117249489,
    63.109039146183));
#4871 = CARTESIAN_POINT('',(1.053481767317E+03,-252.1910928216,
    63.264719333129));
#4872 = CARTESIAN_POINT('',(1.057175102196E+03,-252.1696238659,
    63.420394748751));
#4873 = CARTESIAN_POINT('',(1.060868431928E+03,-252.1472390356,
    63.576064931465));
#4874 = CARTESIAN_POINT('',(1.068800867648E+03,-252.0970245543,
    63.910397525799));
#4875 = CARTESIAN_POINT('',(1.073039971722E+03,-252.0688791245,
    64.089058127889));
#4876 = CARTESIAN_POINT('',(1.077279066525E+03,-252.0393034843,
    64.267710511873));
#4877 = CARTESIAN_POINT('',(1.081518150369E+03,-252.0081781127,
    64.446353956833));
#4878 = ORIENTED_EDGE('',*,*,#4879,.T.);
#4879 = EDGE_CURVE('',#4867,#4880,#4882,.T.);
#4880 = VERTEX_POINT('',#4881);
#4881 = CARTESIAN_POINT('',(1.115745270766E+03,-252.0402052115,
    64.78550973118));
#4882 = B_SPLINE_CURVE_WITH_KNOTS('',4,(#4883,#4884,#4885,#4886,#4887,
    #4888,#4889,#4890,#4891,#4892,#4893,#4894,#4895,#4896),
  .UNSPECIFIED.,.F.,.F.,(5,3,3,3,5),(0.,0.249601832936,0.50000222601,
    0.750401590932,1.),.UNSPECIFIED.);
#4883 = CARTESIAN_POINT('',(1.081518150369E+03,-252.0081781127,
    64.446353956833));
#4884 = CARTESIAN_POINT('',(1.083653934809E+03,-252.012769301,
    64.467532045814));
#4885 = CARTESIAN_POINT('',(1.085789720108E+03,-252.0169696783,
    64.488707935773));
#4886 = CARTESIAN_POINT('',(1.087925506193E+03,-252.0207640471,
    64.509881539873));
#4887 = CARTESIAN_POINT('',(1.092203912836E+03,-252.0275211476,
    64.552291736035));
#4888 = CARTESIAN_POINT('',(1.094346533398E+03,-252.0304811797,
    64.57352831289));
#4889 = CARTESIAN_POINT('',(1.096489154551E+03,-252.0330019454,
    64.594762413639));
#4890 = CARTESIAN_POINT('',(1.100774388984E+03,-252.0371342123,
    64.637225399336));
#4891 = CARTESIAN_POINT('',(1.102917002264E+03,-252.0387457172,
    64.658454284304));
#4892 = CARTESIAN_POINT('',(1.105059615877E+03,-252.0398872365,
    64.679680516776));
#4893 = CARTESIAN_POINT('',(1.109337989845E+03,-252.0411974632,
    64.722059611899));
#4894 = CARTESIAN_POINT('',(1.111473750199E+03,-252.0413692707,
    64.743212492058));
#4895 = CARTESIAN_POINT('',(1.113609510569E+03,-252.041043598,
    64.764362561119));
#4896 = CARTESIAN_POINT('',(1.115745270766E+03,-252.0402052115,
    64.78550973118));
#4897 = ORIENTED_EDGE('',*,*,#4898,.T.);
#4898 = EDGE_CURVE('',#4880,#4899,#4901,.T.);
#4899 = VERTEX_POINT('',#4900);
#4900 = CARTESIAN_POINT('',(1.151882887117E+03,-252.247744146,
    64.189427444974));
#4901 = B_SPLINE_CURVE_WITH_KNOTS('',4,(#4902,#4903,#4904,#4905,#4906,
    #4907,#4908,#4909,#4910,#4911,#4912,#4913,#4914,#4915),
  .UNSPECIFIED.,.F.,.F.,(5,3,3,3,5),(0.,0.250404851203,0.500006163613,
    0.7504044788,1.),.UNSPECIFIED.);
#4902 = CARTESIAN_POINT('',(1.115745270766E+03,-252.0402052115,
    64.78550973118));
#4903 = CARTESIAN_POINT('',(1.118007506492E+03,-252.0569143325,
    64.748215940416));
#4904 = CARTESIAN_POINT('',(1.120269746381E+03,-252.0730510379,
    64.710918803593));
#4905 = CARTESIAN_POINT('',(1.122531990346E+03,-252.0885972906,
    64.673618217273));
#4906 = CARTESIAN_POINT('',(1.127049226715E+03,-252.1184248408,
    64.59912964743));
#4907 = CARTESIAN_POINT('',(1.129304219094E+03,-252.1327100374,
    64.561941686673));
#4908 = CARTESIAN_POINT('',(1.13155921527E+03,-252.1463727383,
    64.524750094527));
#4909 = CARTESIAN_POINT('',(1.136076415326E+03,-252.1724589203,
    64.450240676636));
#4910 = CARTESIAN_POINT('',(1.138338619228E+03,-252.184878305,
    64.412922827019));
#4911 = CARTESIAN_POINT('',(1.140600826609E+03,-252.1966351154,
    64.375601118859));
#4912 = CARTESIAN_POINT('',(1.145117995088E+03,-252.2187518797,
    64.301069451353));
#4913 = CARTESIAN_POINT('',(1.147372956166E+03,-252.2291161911,
    64.26385951736));
#4914 = CARTESIAN_POINT('',(1.149627920264E+03,-252.238786262,
    64.226645548422));
#4915 = CARTESIAN_POINT('',(1.151882887117E+03,-252.247744146,
    64.189427444975));
#4916 = ORIENTED_EDGE('',*,*,#4917,.T.);
#4917 = EDGE_CURVE('',#4899,#4918,#4920,.T.);
#4918 = VERTEX_POINT('',#4919);
#4919 = CARTESIAN_POINT('',(1.189311735092E+03,-252.556975288,
    62.761330525827));
#4920 = B_SPLINE_CURVE_WITH_KNOTS('',4,(#4921,#4922,#4923,#4924,#4925,
    #4926,#4927,#4928),.UNSPECIFIED.,.F.,.F.,(5,3,5),(0.,0.500408650766,
    1.),.UNSPECIFIED.);
#4921 = CARTESIAN_POINT('',(1.151882887117E+03,-252.247744146,
    64.189427444975));
#4922 = CARTESIAN_POINT('',(1.15656523171E+03,-252.296242191,
    64.010829270432));
#4923 = CARTESIAN_POINT('',(1.161247607208E+03,-252.3416806974,
    63.832212302131));
#4924 = CARTESIAN_POINT('',(1.165930012254E+03,-252.3838993073,
    63.653575644437));
#4925 = CARTESIAN_POINT('',(1.175287229088E+03,-252.4615115282,
    63.296553026789));
#4926 = CARTESIAN_POINT('',(1.179962040783E+03,-252.4969161736,
    63.118167134049));
#4927 = CARTESIAN_POINT('',(1.184636877256E+03,-252.5287909701,
    62.939759905096));
#4928 = CARTESIAN_POINT('',(1.189311735094E+03,-252.556975288,
    62.761330525836));
#4929 = ORIENTED_EDGE('',*,*,#4930,.T.);
#4930 = EDGE_CURVE('',#4918,#4931,#4933,.T.);
#4931 = VERTEX_POINT('',#4932);
#4932 = CARTESIAN_POINT('',(1.189541542771E+03,-252.5595616034,
    62.748483205245));
#4933 = B_SPLINE_CURVE_WITH_KNOTS('',3,(#4934,#4935,#4936,#4937,#4938),
  .UNSPECIFIED.,.F.,.F.,(4,1,4),(0.,3.236387445436E-05,1.),
  .UNSPECIFIED.);
#4934 = CARTESIAN_POINT('',(1.189311735092E+03,-252.556975288,
    62.761330525827));
#4935 = CARTESIAN_POINT('',(1.189311737571E+03,-252.5569753159,
    62.761330387231));
#4936 = CARTESIAN_POINT('',(1.189388340119E+03,-252.5578385322,
    62.757047954082));
#4937 = CARTESIAN_POINT('',(1.189464942678E+03,-252.5587006387,
    62.752765513931));
#4938 = CARTESIAN_POINT('',(1.189541542771E+03,-252.5595616034,
    62.748483205245));
#4939 = ORIENTED_EDGE('',*,*,#4940,.T.);
#4940 = EDGE_CURVE('',#4931,#623,#4941,.T.);
#4941 = ( BOUNDED_CURVE() B_SPLINE_CURVE(3,(#4942,#4943,#4944,#4945,
    #4946,#4947,#4948,#4949,#4950,#4951),.UNSPECIFIED.,.F.,.F.) 
B_SPLINE_CURVE_WITH_KNOTS((4,1,1,1,1,1,1,4),(0.,5.937462759188E-02,
    0.169261244735,0.329619903174,0.533683498435,0.722609230536,
0.888013402964,1.),.UNSPECIFIED.) CURVE() GEOMETRIC_REPRESENTATION_ITEM(
) RATIONAL_B_SPLINE_CURVE((1.,1.,1.,1.,1.,1.,1.,1.,1.,1.)) 
REPRESENTATION_ITEM('') );
#4942 = CARTESIAN_POINT('',(0.,-5.795554957734,1.552914270615));
#4943 = CARTESIAN_POINT('',(36.384885512757,-45.43802290497,
    14.048643174198));
#4944 = CARTESIAN_POINT('',(164.1400044123,-147.899808123,
    45.255428269387));
#4945 = CARTESIAN_POINT('',(476.00449735354,-248.6637084259,
    69.690817200386));
#4946 = CARTESIAN_POINT('',(943.3280351607,-250.49708399,59.171537108568
    ));
#4947 = CARTESIAN_POINT('',(1.486434771408E+03,-259.0079950399,
    66.542228402269));
#4948 = CARTESIAN_POINT('',(2.027682666396E+03,-174.0090620262,
    58.273954605954));
#4949 = CARTESIAN_POINT('',(2.477449574318E+03,-96.58423098356,
    51.981251082205));
#4950 = CARTESIAN_POINT('',(2.747888780157E+03,-82.28730088203,
    49.489351144388));
#4951 = CARTESIAN_POINT('',(2.85E+03,-33.80740392011,29.058666578588));
#4952 = ORIENTED_EDGE('',*,*,#622,.F.);
#4953 = ORIENTED_EDGE('',*,*,#4787,.F.);
#4954 = ORIENTED_EDGE('',*,*,#4955,.T.);
#4955 = EDGE_CURVE('',#4769,#4956,#4958,.T.);
#4956 = VERTEX_POINT('',#4957);
#4957 = CARTESIAN_POINT('',(2.472671620705E+03,-101.301957799,
    66.368416115976));
#4958 = B_SPLINE_CURVE_WITH_KNOTS('',4,(#4959,#4960,#4961,#4962,#4963,
    #4964,#4965,#4966,#4967,#4968,#4969,#4970,#4971,#4972),
  .UNSPECIFIED.,.F.,.F.,(5,3,3,3,5),(0.,0.251027923956,0.498903304291,
    0.74685322029,1.),.UNSPECIFIED.);
#4959 = CARTESIAN_POINT('',(2.494518425411E+03,-98.28831354441,
    67.955505639381));
#4960 = CARTESIAN_POINT('',(2.493146878084E+03,-98.47368728734,
    67.855835200852));
#4961 = CARTESIAN_POINT('',(2.491775415828E+03,-98.65969847112,
    67.756176350561));
#4962 = CARTESIAN_POINT('',(2.490404038629E+03,-98.84634363813,
    67.656529105868));
#4963 = CARTESIAN_POINT('',(2.487678675707E+03,-99.2185430329,
    67.458509136497));
#4964 = CARTESIAN_POINT('',(2.486324687862E+03,-99.40408152423,
    67.360136121762));
#4965 = CARTESIAN_POINT('',(2.484970782889E+03,-99.59023139516,
    67.261774453082));
#4966 = CARTESIAN_POINT('',(2.482262731494E+03,-99.96380324107,
    67.065044260547));
#4967 = CARTESIAN_POINT('',(2.480908585122E+03,-100.1512255817,
    66.966675743524));
#4968 = CARTESIAN_POINT('',(2.479554521572E+03,-100.3392528519,
    66.868318605869));
#4969 = CARTESIAN_POINT('',(2.476818181449E+03,-100.72046389,
    66.669565851497));
#4970 = CARTESIAN_POINT('',(2.475435908381E+03,-100.9136731356,
    66.569170717271));
#4971 = CARTESIAN_POINT('',(2.474053721498E+03,-101.1075056742,
    66.468787468654));
#4972 = CARTESIAN_POINT('',(2.472671620705E+03,-101.301957799,
    66.368416115976));
#4973 = ORIENTED_EDGE('',*,*,#4974,.T.);
#4974 = EDGE_CURVE('',#4956,#4975,#4977,.T.);
#4975 = VERTEX_POINT('',#4976);
#4976 = CARTESIAN_POINT('',(2.430859680722E+03,-107.2460547347,
    63.864976154384));
#4977 = B_SPLINE_CURVE_WITH_KNOTS('',4,(#4978,#4979,#4980,#4981,#4982,
    #4983,#4984,#4985,#4986,#4987,#4988,#4989,#4990,#4991,#4992,#4993,
    #4994,#4995,#4996,#4997,#4998,#4999,#5000,#5001,#5002,#5003),
  .UNSPECIFIED.,.F.,.F.,(5,3,3,3,3,3,3,3,5),(0.,0.125451366298,
    0.249906494378,0.374358893331,0.498807783953,0.623252372122,
    0.747691849055,0.872125391566,1.),.UNSPECIFIED.);
#4978 = CARTESIAN_POINT('',(2.472671620705E+03,-101.301957799,
    66.368416115976));
#4979 = CARTESIAN_POINT('',(2.471359375669E+03,-101.48188814,
    66.289790486611));
#4980 = CARTESIAN_POINT('',(2.470047206827E+03,-101.6623792673,
    66.211174083194));
#4981 = CARTESIAN_POINT('',(2.468735114096E+03,-101.8434278988,
    66.13256691342));
#4982 = CARTESIAN_POINT('',(2.466121499686E+03,-102.2051914029,
    65.975995218248));
#4983 = CARTESIAN_POINT('',(2.464819976805E+03,-102.3858975086,
    65.89803054668));
#4984 = CARTESIAN_POINT('',(2.463518528639E+03,-102.5671458124,
    65.820074975246));
#4985 = CARTESIAN_POINT('',(2.460915810051E+03,-102.930716319,
    65.664183751916));
#4986 = CARTESIAN_POINT('',(2.459614539625E+03,-103.1130384983,
    65.58624809962));
#4987 = CARTESIAN_POINT('',(2.458313343689E+03,-103.2958963416,
    65.50832155707));
#4988 = CARTESIAN_POINT('',(2.455711137218E+03,-103.6626716277,
    65.35248889547));
#4989 = CARTESIAN_POINT('',(2.454410126679E+03,-103.8465890404,
    65.274582775905));
#4990 = CARTESIAN_POINT('',(2.453109190371E+03,-104.0310355287,
    65.196685773075));
#4991 = CARTESIAN_POINT('',(2.450507510907E+03,-104.4009736564,
    65.040912698613));
#4992 = CARTESIAN_POINT('',(2.449206767744E+03,-104.5864652595,
    64.963036626352));
#4993 = CARTESIAN_POINT('',(2.447906098523E+03,-104.7724792969,
    64.885169675181));
#4994 = CARTESIAN_POINT('',(2.445304961067E+03,-105.1455379292,
    64.729457215299));
#4995 = CARTESIAN_POINT('',(2.444004492826E+03,-105.3325824813,
    64.651611705838));
#4996 = CARTESIAN_POINT('',(2.442704098205E+03,-105.5201427757,
    64.573775319187));
#4997 = CARTESIAN_POINT('',(2.44010351787E+03,-105.896279186,
    64.418124502976));
#4998 = CARTESIAN_POINT('',(2.438803332148E+03,-106.0848552532,
    64.340310072545));
#4999 = CARTESIAN_POINT('',(2.437503219695E+03,-106.2739403208,
    64.262504764001));
#5000 = CARTESIAN_POINT('',(2.434867189862E+03,-106.6583646329,
    64.104761024371));
#5001 = CARTESIAN_POINT('',(2.433531276581E+03,-106.8537322297,
    64.024823104697));
#5002 = CARTESIAN_POINT('',(2.432195440274E+03,-107.0496301563,
    63.944894815639));
#5003 = CARTESIAN_POINT('',(2.430859680722E+03,-107.2460547347,
    63.864976154384));
#5004 = ORIENTED_EDGE('',*,*,#5005,.T.);
#5005 = EDGE_CURVE('',#4975,#5006,#5008,.T.);
#5006 = VERTEX_POINT('',#5007);
#5007 = CARTESIAN_POINT('',(2.389127158446E+03,-113.3832447151,
    62.045672716999));
#5008 = B_SPLINE_CURVE_WITH_KNOTS('',4,(#5009,#5010,#5011,#5012,#5013,
    #5014,#5015,#5016,#5017,#5018,#5019,#5020,#5021,#5022,#5023,#5024,
    #5025,#5026,#5027,#5028,#5029,#5030,#5031,#5032,#5033,#5034),
  .UNSPECIFIED.,.F.,.F.,(5,3,3,3,3,3,3,3,5),(0.,0.123395578269,
    0.248266915621,0.373129227,0.497581611883,0.62242326052,
    0.747253214268,0.872110549691,1.),.UNSPECIFIED.);
#5009 = CARTESIAN_POINT('',(2.430859680722E+03,-107.2460547347,
    63.864976154384));
#5010 = CARTESIAN_POINT('',(2.429571446896E+03,-107.4296338893,
    63.808764104146));
#5011 = CARTESIAN_POINT('',(2.428283282696E+03,-107.6137043099,
    63.752559354227));
#5012 = CARTESIAN_POINT('',(2.426995187926E+03,-107.798262593,
    63.696361903585));
#5013 = CARTESIAN_POINT('',(2.424403732581E+03,-108.1705610797,
    63.583309586372));
#5014 = CARTESIAN_POINT('',(2.423100373671E+03,-108.35831294,
    63.526454895391));
#5015 = CARTESIAN_POINT('',(2.421797085428E+03,-108.5465573581,
    63.46960767526));
#5016 = CARTESIAN_POINT('',(2.41919074401E+03,-108.924010551,
    63.355932279157));
#5017 = CARTESIAN_POINT('',(2.417887690824E+03,-109.1132192552,
    63.299104102105));
#5018 = CARTESIAN_POINT('',(2.41658470783E+03,-109.3029133306,
    63.242283388779));
#5019 = CARTESIAN_POINT('',(2.413983159232E+03,-109.6826407268,
    63.128843401091));
#5020 = CARTESIAN_POINT('',(2.412684593169E+03,-109.8726708891,
    63.072224077829));
#5021 = CARTESIAN_POINT('',(2.411386096349E+03,-110.0631761549,
    63.015612161425));
#5022 = CARTESIAN_POINT('',(2.408785179437E+03,-110.4457271301,
    62.902226084152));
#5023 = CARTESIAN_POINT('',(2.407482759778E+03,-110.6377757941,
    62.845451969658));
#5024 = CARTESIAN_POINT('',(2.406180409275E+03,-110.8302953796,
    62.788685298488));
#5025 = CARTESIAN_POINT('',(2.403575968027E+03,-111.2162511179,
    62.675172147956));
#5026 = CARTESIAN_POINT('',(2.402273877269E+03,-111.4096871831,
    62.6184256672));
#5027 = CARTESIAN_POINT('',(2.400971855106E+03,-111.603586886,
    62.561686616456));
#5028 = CARTESIAN_POINT('',(2.398367661808E+03,-111.9923489781,
    62.448210916926));
#5029 = CARTESIAN_POINT('',(2.397065490703E+03,-112.1872115692,
    62.391474271396));
#5030 = CARTESIAN_POINT('',(2.395763387646E+03,-112.3825307752,
    62.33474504525));
#5031 = CARTESIAN_POINT('',(2.393127697576E+03,-112.778829421,
    62.219923947267));
#5032 = CARTESIAN_POINT('',(2.391794113891E+03,-112.9798311292,
    62.161832439771));
#5033 = CARTESIAN_POINT('',(2.390460600961E+03,-113.1813041975,
    62.10374869955));
#5034 = CARTESIAN_POINT('',(2.389127158446E+03,-113.3832447151,
    62.045672716999));
#5035 = ORIENTED_EDGE('',*,*,#5036,.T.);
#5036 = EDGE_CURVE('',#5006,#5037,#5039,.T.);
#5037 = VERTEX_POINT('',#5038);
#5038 = CARTESIAN_POINT('',(2.348750128211E+03,-119.4169414767,
    61.138486823888));
#5039 = B_SPLINE_CURVE_WITH_KNOTS('',4,(#5040,#5041,#5042,#5043,#5044,
    #5045,#5046,#5047,#5048,#5049,#5050,#5051,#5052,#5053,#5054,#5055,
    #5056,#5057,#5058,#5059,#5060,#5061,#5062,#5063,#5064,#5065),
  .UNSPECIFIED.,.F.,.F.,(5,3,3,3,3,3,3,3,5),(0.,0.124434698947,
    0.249316792461,0.374183732928,0.499034644136,0.623868642466,
    0.748724826695,0.87352231449,1.),.UNSPECIFIED.);
#5040 = CARTESIAN_POINT('',(2.389127158446E+03,-113.3832447151,
    62.045672716999));
#5041 = CARTESIAN_POINT('',(2.387870374088E+03,-113.5661527085,
    62.017389633464));
#5042 = CARTESIAN_POINT('',(2.386613650111E+03,-113.7494763862,
    61.989111695292));
#5043 = CARTESIAN_POINT('',(2.385356986237E+03,-113.9332123763,
    61.960838899094));
#5044 = CARTESIAN_POINT('',(2.3828392601E+03,-114.3021643019,
    61.904201948741));
#5045 = CARTESIAN_POINT('',(2.381578198267E+03,-114.4873831834,
    61.875837831598));
#5046 = CARTESIAN_POINT('',(2.380317196386E+03,-114.6730105297,
    61.847478885498));
#5047 = CARTESIAN_POINT('',(2.377795464916E+03,-115.0450527371,
    61.790774766662));
#5048 = CARTESIAN_POINT('',(2.376534735315E+03,-115.2314674998,
    61.762429592673));
#5049 = CARTESIAN_POINT('',(2.375274065041E+03,-115.4182837883,
    61.73408957934));
#5050 = CARTESIAN_POINT('',(2.372753004347E+03,-115.7926885325,
    61.677423501071));
#5051 = CARTESIAN_POINT('',(2.371492613911E+03,-115.9802768861,
    61.649097434811));
#5052 = CARTESIAN_POINT('',(2.370232282158E+03,-116.1682598131,
    61.620776517605));
#5053 = CARTESIAN_POINT('',(2.367711906094E+03,-116.5449824363,
    61.56414880565));
#5054 = CARTESIAN_POINT('',(2.366451861765E+03,-116.7337220264,
    61.535842009509));
#5055 = CARTESIAN_POINT('',(2.365191875455E+03,-116.9228492255,
    61.507540349597));
#5056 = CARTESIAN_POINT('',(2.36267179428E+03,-117.3019056541,
    61.450942260694));
#5057 = CARTESIAN_POINT('',(2.361411699436E+03,-117.4918350203,
    61.422645833527));
#5058 = CARTESIAN_POINT('',(2.360151661959E+03,-117.6821452622,
    61.394354531824));
#5059 = CARTESIAN_POINT('',(2.35763229338E+03,-118.0634309707,
    61.337795463269));
#5060 = CARTESIAN_POINT('',(2.356372962224E+03,-118.2544060825,
    61.309527691606));
#5061 = CARTESIAN_POINT('',(2.35511368769E+03,-118.4457548382,
    61.281265026847));
#5062 = CARTESIAN_POINT('',(2.352578297805E+03,-118.8317739425,
    61.224369453506));
#5063 = CARTESIAN_POINT('',(2.351302183979E+03,-119.0264543268,
    61.195736683159));
#5064 = CARTESIAN_POINT('',(2.350026127574E+03,-119.2215113672,
    61.167109142745));
#5065 = CARTESIAN_POINT('',(2.348750128211E+03,-119.4169414767,
    61.138486823888));
#5066 = ORIENTED_EDGE('',*,*,#5067,.T.);
#5067 = EDGE_CURVE('',#5037,#5068,#5070,.T.);
#5068 = VERTEX_POINT('',#5069);
#5069 = CARTESIAN_POINT('',(2.31095148095E+03,-125.0337105867,
    61.329337165803));
#5070 = B_SPLINE_CURVE_WITH_KNOTS('',4,(#5071,#5072,#5073,#5074,#5075,
    #5076,#5077,#5078,#5079,#5080,#5081,#5082,#5083,#5084),
  .UNSPECIFIED.,.F.,.F.,(5,3,3,3,5),(0.,0.248943974677,0.499470608773,
    0.749951080869,1.),.UNSPECIFIED.);
#5071 = CARTESIAN_POINT('',(2.348750128211E+03,-119.4169414767,
    61.138486823888));
#5072 = CARTESIAN_POINT('',(2.346396619808E+03,-119.759248941,
    61.150296013181));
#5073 = CARTESIAN_POINT('',(2.344043295821E+03,-120.1028229095,
    61.16211658152));
#5074 = CARTESIAN_POINT('',(2.341690153933E+03,-120.447640233,
    61.173948532892));
#5075 = CARTESIAN_POINT('',(2.336969270561E+03,-121.1419152239,
    61.197710496681));
#5076 = CARTESIAN_POINT('',(2.334601531369E+03,-121.4913884555,
    61.209640654297));
#5077 = CARTESIAN_POINT('',(2.332233971666E+03,-121.8420738648,
    61.221582341223));
#5078 = CARTESIAN_POINT('',(2.327499642283E+03,-122.5457570209,
    61.245486564916));
#5079 = CARTESIAN_POINT('',(2.325132872537E+03,-122.8987543297,
    61.257449097432));
#5080 = CARTESIAN_POINT('',(2.322766277048E+03,-123.2529162095,
    61.269423148724));
#5081 = CARTESIAN_POINT('',(2.318037506316E+03,-123.9629098105,
    61.293373624986));
#5082 = CARTESIAN_POINT('',(2.315675330484E+03,-124.3187376034,
    61.305350010318));
#5083 = CARTESIAN_POINT('',(2.313313322954E+03,-124.6756790117,
    61.317337860884));
#5084 = CARTESIAN_POINT('',(2.31095148095E+03,-125.0337105867,
    61.329337165803));
#5085 = ORIENTED_EDGE('',*,*,#5086,.T.);
#5086 = EDGE_CURVE('',#5068,#5087,#5089,.T.);
#5087 = VERTEX_POINT('',#5088);
#5088 = CARTESIAN_POINT('',(2.276862567872E+03,-129.9386709685,
    62.725619118227));
#5089 = B_SPLINE_CURVE_WITH_KNOTS('',4,(#5090,#5091,#5092,#5093,#5094,
    #5095,#5096,#5097,#5098,#5099,#5100,#5101,#5102,#5103,#5104,#5105,
    #5106,#5107,#5108,#5109,#5110,#5111,#5112,#5113,#5114,#5115),
  .UNSPECIFIED.,.F.,.F.,(5,3,3,3,3,3,3,3,5),(0.,0.124857854099,
    0.249755796197,0.375031814361,0.499925076009,0.625155051783,
    0.749961210795,0.874742957759,1.),.UNSPECIFIED.);
#5090 = CARTESIAN_POINT('',(2.31095148095E+03,-125.0337105867,
    61.329337165803));
#5091 = CARTESIAN_POINT('',(2.309887055097E+03,-125.1843170001,
    61.37290808182));
#5092 = CARTESIAN_POINT('',(2.308822660431E+03,-125.3351431965,
    61.416480067662));
#5093 = CARTESIAN_POINT('',(2.307758296712E+03,-125.4861869707,
    61.460053129974));
#5094 = CARTESIAN_POINT('',(2.305629288951E+03,-125.7887538346,
    61.547215411115));
#5095 = CARTESIAN_POINT('',(2.304564644929E+03,-125.9402770626,
    61.590804630639));
#5096 = CARTESIAN_POINT('',(2.303500031381E+03,-126.0920135997,
    61.634394940598));
#5097 = CARTESIAN_POINT('',(2.30136764216E+03,-126.3963688462,
    61.7217097093));
#5098 = CARTESIAN_POINT('',(2.300299866669E+03,-126.5489888356,
    61.765434174693));
#5099 = CARTESIAN_POINT('',(2.299232121336E+03,-126.7018189904,
    61.809159750466));
#5100 = CARTESIAN_POINT('',(2.297099952673E+03,-127.0074276144,
    61.896479537666));
#5101 = CARTESIAN_POINT('',(2.29603552916E+03,-127.1602048148,
    61.940073742275));
#5102 = CARTESIAN_POINT('',(2.294971135115E+03,-127.3131864938,
    61.983669063689));
#5103 = CARTESIAN_POINT('',(2.292839535904E+03,-127.619967403,
    62.070979489911));
#5104 = CARTESIAN_POINT('',(2.291772330896E+03,-127.7737677253,
    62.114694600784));
#5105 = CARTESIAN_POINT('',(2.290705155E+03,-127.9277692081,
    62.158410847693));
#5106 = CARTESIAN_POINT('',(2.288574472459E+03,-128.2356482104,
    62.245697673631));
#5107 = CARTESIAN_POINT('',(2.28751096562E+03,-128.3895243855,
    62.289268244939));
#5108 = CARTESIAN_POINT('',(2.286447487177E+03,-128.5435959763,
    62.332839957638));
#5109 = CARTESIAN_POINT('',(2.284320794567E+03,-128.8520954425,
    62.419977155908));
#5110 = CARTESIAN_POINT('',(2.28325758039E+03,-129.0065232422,
    62.463542641029));
#5111 = CARTESIAN_POINT('',(2.282194394072E+03,-129.1611420104,
    62.507109280014));
#5112 = CARTESIAN_POINT('',(2.280064027042E+03,-129.4713467825,
    62.594410828844));
#5113 = CARTESIAN_POINT('',(2.278996846539E+03,-129.6269342272,
    62.638145747544));
#5114 = CARTESIAN_POINT('',(2.277929693573E+03,-129.782709691,
    62.681881841861));
#5115 = CARTESIAN_POINT('',(2.276862567872E+03,-129.9386709685,
    62.725619118227));
#5116 = ORIENTED_EDGE('',*,*,#5117,.T.);
#5117 = EDGE_CURVE('',#5087,#5118,#5120,.T.);
#5118 = VERTEX_POINT('',#5119);
#5119 = CARTESIAN_POINT('',(2.247491309572E+03,-133.8853508921,
    65.331104265585));
#5120 = B_SPLINE_CURVE_WITH_KNOTS('',4,(#5121,#5122,#5123,#5124,#5125,
    #5126,#5127,#5128,#5129,#5130,#5131,#5132,#5133,#5134),
  .UNSPECIFIED.,.F.,.F.,(5,3,3,3,5),(0.,0.248947955128,0.498673868543,
    0.748312522303,1.),.UNSPECIFIED.);
#5121 = CARTESIAN_POINT('',(2.276862567872E+03,-129.9386709685,
    62.725619118227));
#5122 = CARTESIAN_POINT('',(2.275034180207E+03,-130.181251388,
    62.887773992386));
#5123 = CARTESIAN_POINT('',(2.273205863851E+03,-130.4243682256,
    63.049929094623));
#5124 = CARTESIAN_POINT('',(2.271377617544E+03,-130.6680100907,
    63.212084505023));
#5125 = CARTESIAN_POINT('',(2.267715549446E+03,-131.1570841686,
    63.536902837794));
#5126 = CARTESIAN_POINT('',(2.265881728084E+03,-131.402519597,
    63.699565762592));
#5127 = CARTESIAN_POINT('',(2.264047974629E+03,-131.6484604727,
    63.862229160162));
#5128 = CARTESIAN_POINT('',(2.260381241631E+03,-132.1412441973,
    64.187500226463));
#5129 = CARTESIAN_POINT('',(2.258548262042E+03,-132.3880867009,
    64.3501078948));
#5130 = CARTESIAN_POINT('',(2.256715347683E+03,-132.6354115068,
    64.51271619936));
#5131 = CARTESIAN_POINT('',(2.25303460426E+03,-133.1330367218,
    64.839268803396));
#5132 = CARTESIAN_POINT('',(2.251186776249E+03,-133.3833448928,
    65.003213114705));
#5133 = CARTESIAN_POINT('',(2.249339011816E+03,-133.6341201459,
    65.167158240596));
#5134 = CARTESIAN_POINT('',(2.247491309572E+03,-133.8853508921,
    65.331104265585));
#5135 = ORIENTED_EDGE('',*,*,#5136,.T.);
#5136 = EDGE_CURVE('',#5118,#5137,#5139,.T.);
#5137 = VERTEX_POINT('',#5138);
#5138 = CARTESIAN_POINT('',(2.223697167621E+03,-136.6927373924,
    69.045052518406));
#5139 = B_SPLINE_CURVE_WITH_KNOTS('',4,(#5140,#5141,#5142,#5143,#5144,
    #5145,#5146,#5147,#5148,#5149,#5150,#5151,#5152,#5153),
  .UNSPECIFIED.,.F.,.F.,(5,3,3,3,5),(0.,0.249703562573,0.50013929517,
    0.750505249904,1.),.UNSPECIFIED.);
#5140 = CARTESIAN_POINT('',(2.247491309572E+03,-133.8853508921,
    65.331104265585));
#5141 = CARTESIAN_POINT('',(2.246005750676E+03,-134.0589957332,
    65.562955936852));
#5142 = CARTESIAN_POINT('',(2.244520224824E+03,-134.2329248324,
    65.794806566283));
#5143 = CARTESIAN_POINT('',(2.243034731392E+03,-134.4071319977,
    66.026656222939));
#5144 = CARTESIAN_POINT('',(2.240059452503E+03,-134.756601739,
    66.491033546683));
#5145 = CARTESIAN_POINT('',(2.238569667232E+03,-134.9318659118,
    66.723561208463));
#5146 = CARTESIAN_POINT('',(2.237079913302E+03,-135.1073973716,
    66.956088031834));
#5147 = CARTESIAN_POINT('',(2.234100881916E+03,-135.458933516,
    67.421075355078));
#5148 = CARTESIAN_POINT('',(2.232611604442E+03,-135.634938055,
    67.653535855374));
#5149 = CARTESIAN_POINT('',(2.231122357007E+03,-135.8111973719,
    67.885995658711));
#5150 = CARTESIAN_POINT('',(2.22814910299E+03,-136.163599063,
    68.350105119101));
#5151 = CARTESIAN_POINT('',(2.226665096204E+03,-136.3397397098,
    68.581754780499));
#5152 = CARTESIAN_POINT('',(2.225181117963E+03,-136.5161211721,
    68.813403890162));
#5153 = CARTESIAN_POINT('',(2.223697167621E+03,-136.6927373924,
    69.045052518406));
#5154 = ORIENTED_EDGE('',*,*,#5155,.T.);
#5155 = EDGE_CURVE('',#5137,#5156,#5158,.T.);
#5156 = VERTEX_POINT('',#5157);
#5157 = CARTESIAN_POINT('',(2.206171922844E+03,-138.2468793595,
    73.690414525678));
#5158 = B_SPLINE_CURVE_WITH_KNOTS('',4,(#5159,#5160,#5161,#5162,#5163,
    #5164,#5165,#5166),.UNSPECIFIED.,.F.,.F.,(5,3,5),(0.,0.500483654754,
    1.),.UNSPECIFIED.);
#5159 = CARTESIAN_POINT('',(2.223697167621E+03,-136.6927373924,
    69.045052518406));
#5160 = CARTESIAN_POINT('',(2.221504278973E+03,-136.8858573392,
    69.626291173137));
#5161 = CARTESIAN_POINT('',(2.219311430391E+03,-137.0794497037,
    70.207527259246));
#5162 = CARTESIAN_POINT('',(2.217118620363E+03,-137.2734942924,
    70.788761021366));
#5163 = CARTESIAN_POINT('',(2.212737312435E+03,-137.6620721098,
    71.950101017638));
#5164 = CARTESIAN_POINT('',(2.210548814392E+03,-137.8566036688,
    72.530207259765));
#5165 = CARTESIAN_POINT('',(2.208360351708E+03,-138.0515459644,
    73.110311679673));
#5166 = CARTESIAN_POINT('',(2.206171922844E+03,-138.2468793595,
    73.690414525678));
#5167 = ORIENTED_EDGE('',*,*,#5168,.T.);
#5168 = EDGE_CURVE('',#5156,#4826,#5169,.T.);
#5169 = B_SPLINE_CURVE_WITH_KNOTS('',4,(#5170,#5171,#5172,#5173,#5174,
    #5175,#5176,#5177),.UNSPECIFIED.,.F.,.F.,(5,3,5),(0.,0.499958527675,
    1.),.UNSPECIFIED.);
#5170 = CARTESIAN_POINT('',(2.206171922844E+03,-138.2468793595,
    73.690414525678));
#5171 = CARTESIAN_POINT('',(2.205080393924E+03,-138.2712898255,
    74.236278130633));
#5172 = CARTESIAN_POINT('',(2.203988865779E+03,-138.2957742242,
    74.78214262288));
#5173 = CARTESIAN_POINT('',(2.202897338365E+03,-138.3203299993,
    75.328007983918));
#5174 = CARTESIAN_POINT('',(2.200714103827E+03,-138.3695833255,
    76.419830968994));
#5175 = CARTESIAN_POINT('',(2.199622396704E+03,-138.3942808994,
    76.965788593316));
#5176 = CARTESIAN_POINT('',(2.198530690226E+03,-138.4190448089,
    77.511747051233));
#5177 = CARTESIAN_POINT('',(2.19743898435E+03,-138.4438725462,
    78.057706325746));
#5178 = ( BOUNDED_SURFACE() B_SPLINE_SURFACE(1,3,(
    (#5179,#5180,#5181,#5182,#5183,#5184,#5185,#5186,#5187,#5188)
    ,(#5189,#5190,#5191,#5192,#5193,#5194,#5195,#5196,#5197,#5198
)),.UNSPECIFIED.,.F.,.F.,.F.) B_SPLINE_SURFACE_WITH_KNOTS((2,2),(4,1,1,1
    ,1,1,1,4),(21.,22.),(0.,5.937462759188E-02,0.169261244735,
    0.329619903174,0.533683498435,0.722609230536,0.888013402964,1.),
.UNSPECIFIED.) GEOMETRIC_REPRESENTATION_ITEM() RATIONAL_B_SPLINE_SURFACE
((
    (1.,1.,1.,1.,1.,1.,1.,1.,1.,1.)
,(1.,1.,1.,1.,1.,1.,1.,1.,1.,1.))) REPRESENTATION_ITEM('') SURFACE() );
#5179 = CARTESIAN_POINT('',(0.,-5.543277195068,2.296100594191));
#5180 = CARTESIAN_POINT('',(36.384885512757,-43.46012728633,
    20.700011424122));
#5181 = CARTESIAN_POINT('',(164.1400044123,-141.4617995174,
    66.655305707664));
#5182 = CARTESIAN_POINT('',(476.00449735354,-237.8394949596,
    105.62933857321));
#5183 = CARTESIAN_POINT('',(943.3280351607,-239.5930645537,
    96.739934531726));
#5184 = CARTESIAN_POINT('',(1.486434771408E+03,-247.7334996761,
    103.98187311614));
#5185 = CARTESIAN_POINT('',(2.027682666396E+03,-166.4345299629,
    84.333956712082));
#5186 = CARTESIAN_POINT('',(2.477449574318E+03,-92.37996514895,
    67.665693338894));
#5187 = CARTESIAN_POINT('',(2.747888780157E+03,-78.70537364405,
    60.907267667375));
#5188 = CARTESIAN_POINT('',(2.85E+03,-32.33578363789,33.393920132778));
#5189 = CARTESIAN_POINT('',(0.,-5.795554957734,1.552914270615));
#5190 = CARTESIAN_POINT('',(36.384885512757,-45.43802290497,
    14.048643174198));
#5191 = CARTESIAN_POINT('',(164.1400044123,-147.899808123,
    45.255428269387));
#5192 = CARTESIAN_POINT('',(476.00449735354,-248.6637084259,
    69.690817200386));
#5193 = CARTESIAN_POINT('',(943.3280351607,-250.49708399,59.171537108568
    ));
#5194 = CARTESIAN_POINT('',(1.486434771408E+03,-259.0079950399,
    66.542228402269));
#5195 = CARTESIAN_POINT('',(2.027682666396E+03,-174.0090620262,
    58.273954605954));
#5196 = CARTESIAN_POINT('',(2.477449574318E+03,-96.58423098356,
    51.981251082205));
#5197 = CARTESIAN_POINT('',(2.747888780157E+03,-82.28730088203,
    49.489351144388));
#5198 = CARTESIAN_POINT('',(2.85E+03,-33.80740392011,29.058666578588));
#5199 = ADVANCED_FACE('',(#5200),#5407,.T.);
#5200 = FACE_BOUND('',#5201,.T.);
#5201 = EDGE_LOOP('',(#5202,#5203,#5216,#5229,#5242,#5255,#5268,#5281,
    #5294,#5307,#5320,#5330,#5343,#5353,#5363,#5373,#5383,#5393,#5406));
#5202 = ORIENTED_EDGE('',*,*,#4940,.F.);
#5203 = ORIENTED_EDGE('',*,*,#5204,.T.);
#5204 = EDGE_CURVE('',#4931,#5205,#5207,.T.);
#5205 = VERTEX_POINT('',#5206);
#5206 = CARTESIAN_POINT('',(1.227391533038E+03,-252.6076923247,
    60.630306760217));
#5207 = B_SPLINE_CURVE_WITH_KNOTS('',4,(#5208,#5209,#5210,#5211,#5212,
    #5213,#5214,#5215),.UNSPECIFIED.,.F.,.F.,(5,3,5),(0.,0.499012145004,
    1.),.UNSPECIFIED.);
#5208 = CARTESIAN_POINT('',(1.189541542771E+03,-252.5595616034,
    62.748483205245));
#5209 = CARTESIAN_POINT('',(1.194263422574E+03,-252.5776780411,
    62.484305516992));
#5210 = CARTESIAN_POINT('',(1.198985315703E+03,-252.5919779449,
    62.220105016871));
#5211 = CARTESIAN_POINT('',(1.203707218118E+03,-252.6023022558,
    61.955881001157));
#5212 = CARTESIAN_POINT('',(1.213169726215E+03,-252.6147051235,
    61.426338449066));
#5213 = CARTESIAN_POINT('',(1.217910331924E+03,-252.616750872,
    61.161019721471));
#5214 = CARTESIAN_POINT('',(1.222650936406E+03,-252.6144672438,
    60.895676012522));
#5215 = CARTESIAN_POINT('',(1.227391533038E+03,-252.6076923247,
    60.630306760217));
#5216 = ORIENTED_EDGE('',*,*,#5217,.T.);
#5217 = EDGE_CURVE('',#5205,#5218,#5220,.T.);
#5218 = VERTEX_POINT('',#5219);
#5219 = CARTESIAN_POINT('',(1.265471617134E+03,-252.5357755931,
    57.942291409144));
#5220 = B_SPLINE_CURVE_WITH_KNOTS('',4,(#5221,#5222,#5223,#5224,#5225,
    #5226,#5227,#5228),.UNSPECIFIED.,.F.,.F.,(5,3,5),(0.,0.499195324769,
    1.),.UNSPECIFIED.);
#5221 = CARTESIAN_POINT('',(1.227391533038E+03,-252.6076923247,
    60.630306760217));
#5222 = CARTESIAN_POINT('',(1.232143901747E+03,-252.6129209627,
    60.294926014399));
#5223 = CARTESIAN_POINT('',(1.236896273541E+03,-252.6136408718,
    59.959519099442));
#5224 = CARTESIAN_POINT('',(1.241648642169E+03,-252.6096888959,
    59.624085513993));
#5225 = CARTESIAN_POINT('',(1.25116867879E+03,-252.5920854922,
    58.952082726415));
#5226 = CARTESIAN_POINT('',(1.255936346708E+03,-252.5784028361,
    58.615513349959));
#5227 = CARTESIAN_POINT('',(1.260703995932E+03,-252.5596881261,
    58.278916337138));
#5228 = CARTESIAN_POINT('',(1.265471617134E+03,-252.5357755931,
    57.942291409144));
#5229 = ORIENTED_EDGE('',*,*,#5230,.T.);
#5230 = EDGE_CURVE('',#5218,#5231,#5233,.T.);
#5231 = VERTEX_POINT('',#5232);
#5232 = CARTESIAN_POINT('',(1.302901323169E+03,-252.3017478383,
    54.844818838546));
#5233 = B_SPLINE_CURVE_WITH_KNOTS('',4,(#5234,#5235,#5236,#5237,#5238,
    #5239,#5240,#5241),.UNSPECIFIED.,.F.,.F.,(5,3,5),(0.,0.495987630409,
    1.),.UNSPECIFIED.);
#5234 = CARTESIAN_POINT('',(1.265471617134E+03,-252.5357755931,
    57.942291409144));
#5235 = CARTESIAN_POINT('',(1.270112871665E+03,-252.5222658125,
    57.558295656186));
#5236 = CARTESIAN_POINT('',(1.274754109653E+03,-252.5038338761,
    57.174273183659));
#5237 = CARTESIAN_POINT('',(1.27939532283E+03,-252.4803267573,
    56.790223810975));
#5238 = CARTESIAN_POINT('',(1.288752771106E+03,-252.4223902302,
    56.015857078892));
#5239 = CARTESIAN_POINT('',(1.293469005073E+03,-252.3877902615,
    55.625538840953));
#5240 = CARTESIAN_POINT('',(1.298185193078E+03,-252.3476299785,
    55.235192726568));
#5241 = CARTESIAN_POINT('',(1.302901323169E+03,-252.3017478383,
    54.844818838546));
#5242 = ORIENTED_EDGE('',*,*,#5243,.T.);
#5243 = EDGE_CURVE('',#5231,#5244,#5246,.T.);
#5244 = VERTEX_POINT('',#5245);
#5245 = CARTESIAN_POINT('',(1.339041233379E+03,-251.884261333,
    51.480716500385));
#5246 = B_SPLINE_CURVE_WITH_KNOTS('',4,(#5247,#5248,#5249,#5250,#5251,
    #5252,#5253,#5254),.UNSPECIFIED.,.F.,.F.,(5,3,5),(0.,0.529978124591,
    1.),.UNSPECIFIED.);
#5247 = CARTESIAN_POINT('',(1.302901323169E+03,-252.3017478383,
    54.844818838546));
#5248 = CARTESIAN_POINT('',(1.307689850203E+03,-252.2637232443,
    54.39917364752));
#5249 = CARTESIAN_POINT('',(1.312478327788E+03,-252.2198029363,
    53.953499824185));
#5250 = CARTESIAN_POINT('',(1.317266743739E+03,-252.1698176657,
    53.507797576661));
#5251 = CARTESIAN_POINT('',(1.326301720826E+03,-252.0637378433,
    52.666762353549));
#5252 = CARTESIAN_POINT('',(1.330548298125E+03,-252.0089741612,
    52.271435360154));
#5253 = CARTESIAN_POINT('',(1.334794806008E+03,-251.9491882223,
    51.876086606457));
#5254 = CARTESIAN_POINT('',(1.339041233379E+03,-251.884261333,
    51.480716500385));
#5255 = ORIENTED_EDGE('',*,*,#5256,.T.);
#5256 = EDGE_CURVE('',#5244,#5257,#5259,.T.);
#5257 = VERTEX_POINT('',#5258);
#5258 = CARTESIAN_POINT('',(1.3732738616E+03,-251.2851583127,
    47.985197381863));
#5259 = B_SPLINE_CURVE_WITH_KNOTS('',4,(#5260,#5261,#5262,#5263,#5264,
    #5265,#5266,#5267),.UNSPECIFIED.,.F.,.F.,(5,3,5),(0.,0.549968135916,
    1.),.UNSPECIFIED.);
#5260 = CARTESIAN_POINT('',(1.339041233379E+03,-251.884261333,
    51.480716500385));
#5261 = CARTESIAN_POINT('',(1.343748242487E+03,-251.8196469711,
    51.000178660358));
#5262 = CARTESIAN_POINT('',(1.348455162358E+03,-251.748718297,
    50.519614887915));
#5263 = CARTESIAN_POINT('',(1.353161978161E+03,-251.6713134729,
    50.039025848741));
#5264 = CARTESIAN_POINT('',(1.361720101084E+03,-251.5184987528,
    49.165132641131));
#5265 = CARTESIAN_POINT('',(1.365571448145E+03,-251.4452822267,
    48.771836528068));
#5266 = CARTESIAN_POINT('',(1.369422705036E+03,-251.3675317674,
    48.378524577731));
#5267 = CARTESIAN_POINT('',(1.3732738616E+03,-251.2851583127,
    47.985197381863));
#5268 = ORIENTED_EDGE('',*,*,#5269,.T.);
#5269 = EDGE_CURVE('',#5257,#5270,#5272,.T.);
#5270 = VERTEX_POINT('',#5271);
#5271 = CARTESIAN_POINT('',(1.40501397833E+03,-250.5299543795,
    44.486545036143));
#5272 = B_SPLINE_CURVE_WITH_KNOTS('',4,(#5273,#5274,#5275,#5276,#5277,
    #5278,#5279,#5280),.UNSPECIFIED.,.F.,.F.,(5,3,5),(0.,0.552358775457,
    1.),.UNSPECIFIED.);
#5273 = CARTESIAN_POINT('',(1.3732738616E+03,-251.2851583127,
    47.985197381863));
#5274 = CARTESIAN_POINT('',(1.377657225698E+03,-251.19756379,
    47.502118234766));
#5275 = CARTESIAN_POINT('',(1.38204046818E+03,-251.1039817024,
    47.019019876971));
#5276 = CARTESIAN_POINT('',(1.386423574282E+03,-251.0042805535,
    46.535903281654));
#5277 = CARTESIAN_POINT('',(1.394358549721E+03,-250.8124632665,
    45.661229640553));
#5278 = CARTESIAN_POINT('',(1.397910471495E+03,-250.7224925549,
    45.26967845247));
#5279 = CARTESIAN_POINT('',(1.401462284188E+03,-250.6283463311,
    44.878116679843));
#5280 = CARTESIAN_POINT('',(1.40501397833E+03,-250.5299543795,
    44.486545036143));
#5281 = ORIENTED_EDGE('',*,*,#5282,.T.);
#5282 = EDGE_CURVE('',#5270,#5283,#5285,.T.);
#5283 = VERTEX_POINT('',#5284);
#5284 = CARTESIAN_POINT('',(1.43371845771E+03,-249.6654223437,
    41.108579250492));
#5285 = B_SPLINE_CURVE_WITH_KNOTS('',4,(#5286,#5287,#5288,#5289,#5290,
    #5291,#5292,#5293),.UNSPECIFIED.,.F.,.F.,(5,3,5),(0.,0.497001174515,
    1.),.UNSPECIFIED.);
#5286 = CARTESIAN_POINT('',(1.40501397833E+03,-250.5299543795,
    44.486545036143));
#5287 = CARTESIAN_POINT('',(1.408580902386E+03,-250.435746808,
    44.066856834225));
#5288 = CARTESIAN_POINT('',(1.412147712436E+03,-250.3372576506,
    43.647159217873));
#5289 = CARTESIAN_POINT('',(1.415714398995E+03,-250.2344156794,
    43.227452970012));
#5290 = CARTESIAN_POINT('',(1.422890544627E+03,-250.0185890338,
    42.382960004024));
#5291 = CARTESIAN_POINT('',(1.426500000451E+03,-249.9054969381,
    41.958173097963));
#5292 = CARTESIAN_POINT('',(1.430109308638E+03,-249.7877993712,
    41.533379171631));
#5293 = CARTESIAN_POINT('',(1.43371845771E+03,-249.6654223437,
    41.108579250492));
#5294 = ORIENTED_EDGE('',*,*,#5295,.T.);
#5295 = EDGE_CURVE('',#5283,#5296,#5298,.T.);
#5296 = VERTEX_POINT('',#5297);
#5297 = CARTESIAN_POINT('',(1.458895518566E+03,-248.7546419259,
    37.972735092304));
#5298 = B_SPLINE_CURVE_WITH_KNOTS('',4,(#5299,#5300,#5301,#5302,#5303,
    #5304,#5305,#5306),.UNSPECIFIED.,.F.,.F.,(5,3,5),(0.,0.538357318281,
    1.),.UNSPECIFIED.);
#5299 = CARTESIAN_POINT('',(1.43371845771E+03,-249.6654223437,
    41.108579250492));
#5300 = CARTESIAN_POINT('',(1.437107431884E+03,-249.5545478772,
    40.686537766427));
#5301 = CARTESIAN_POINT('',(1.440496270798E+03,-249.4395477643,
    40.264491635082));
#5302 = CARTESIAN_POINT('',(1.44388496504E+03,-249.3203606489,
    39.842441760886));
#5303 = CARTESIAN_POINT('',(1.450179185185E+03,-249.0910788856,
    39.058478015204));
#5304 = CARTESIAN_POINT('',(1.453084752053E+03,-248.9821087455,
    38.696564870528));
#5305 = CARTESIAN_POINT('',(1.455990198759E+03,-248.8699760008,
    38.334650335982));
#5306 = CARTESIAN_POINT('',(1.458895518566E+03,-248.7546419259,
    37.972735092304));
#5307 = ORIENTED_EDGE('',*,*,#5308,.T.);
#5308 = EDGE_CURVE('',#5296,#5309,#5311,.T.);
#5309 = VERTEX_POINT('',#5310);
#5310 = CARTESIAN_POINT('',(1.480113214084E+03,-247.8701795591,
    35.197917439454));
#5311 = B_SPLINE_CURVE_WITH_KNOTS('',4,(#5312,#5313,#5314,#5315,#5316,
    #5317,#5318,#5319),.UNSPECIFIED.,.F.,.F.,(5,3,5),(0.,0.499637493881,
    1.),.UNSPECIFIED.);
#5312 = CARTESIAN_POINT('',(1.458895518566E+03,-248.7546419259,
    37.972735092304));
#5313 = CARTESIAN_POINT('',(1.46154613648E+03,-248.6522819033,
    37.626132514328));
#5314 = CARTESIAN_POINT('',(1.464196651803E+03,-248.5472572779,
    37.279529798946));
#5315 = CARTESIAN_POINT('',(1.46684705946E+03,-248.4395385929,
    36.932927490046));
#5316 = CARTESIAN_POINT('',(1.472151494539E+03,-248.2184939182,
    36.239221904888));
#5317 = CARTESIAN_POINT('',(1.474805521634E+03,-248.1051600189,
    35.892118631549));
#5318 = CARTESIAN_POINT('',(1.477459430028E+03,-247.9890650963,
    35.545016934869));
#5319 = CARTESIAN_POINT('',(1.480113214084E+03,-247.8701795591,
    35.197917439454));
#5320 = ORIENTED_EDGE('',*,*,#5321,.T.);
#5321 = EDGE_CURVE('',#5309,#5322,#5324,.T.);
#5322 = VERTEX_POINT('',#5323);
#5323 = CARTESIAN_POINT('',(1.497007008307E+03,-247.0862430505,
    32.897166684347));
#5324 = B_SPLINE_CURVE_WITH_KNOTS('',4,(#5325,#5326,#5327,#5328,#5329),
  .UNSPECIFIED.,.F.,.F.,(5,5),(0.,1.),.PIECEWISE_BEZIER_KNOTS.);
#5325 = CARTESIAN_POINT('',(1.480113214084E+03,-247.8701795591,
    35.197917439454));
#5326 = CARTESIAN_POINT('',(1.484337147005E+03,-247.6849198922,
    34.622716951869));
#5327 = CARTESIAN_POINT('',(1.488560772354E+03,-247.4925902614,
    34.047523205292));
#5328 = CARTESIAN_POINT('',(1.492784067575E+03,-247.2930711443,
    33.472338819001));
#5329 = CARTESIAN_POINT('',(1.497007008307E+03,-247.0862430505,
    32.897166684347));
#5330 = ORIENTED_EDGE('',*,*,#5331,.T.);
#5331 = EDGE_CURVE('',#5322,#5332,#5334,.T.);
#5332 = VERTEX_POINT('',#5333);
#5333 = CARTESIAN_POINT('',(1.509286268002E+03,-246.4708624209,
    31.171313155866));
#5334 = B_SPLINE_CURVE_WITH_KNOTS('',4,(#5335,#5336,#5337,#5338,#5339,
    #5340,#5341,#5342),.UNSPECIFIED.,.F.,.F.,(5,3,5),(0.,0.242702815187,
    1.),.UNSPECIFIED.);
#5335 = CARTESIAN_POINT('',(1.497007008307E+03,-247.0862430505,
    32.897166684347));
#5336 = CARTESIAN_POINT('',(1.497752129655E+03,-247.0503131941,
    32.792446509489));
#5337 = CARTESIAN_POINT('',(1.498497240197E+03,-247.0141557718,
    32.687726744623));
#5338 = CARTESIAN_POINT('',(1.4992423398E+03,-246.9777701264,
    32.583007406069));
#5339 = CARTESIAN_POINT('',(1.502312302254E+03,-246.826908564,
    32.151537768732));
#5340 = CARTESIAN_POINT('',(1.504637068364E+03,-246.7104330356,
    31.824791339376));
#5341 = CARTESIAN_POINT('',(1.506961724341E+03,-246.5917454846,
    31.498049661421));
#5342 = CARTESIAN_POINT('',(1.509286268002E+03,-246.4708624209,
    31.171313155866));
#5343 = ORIENTED_EDGE('',*,*,#5344,.T.);
#5344 = EDGE_CURVE('',#5332,#5345,#5347,.T.);
#5345 = VERTEX_POINT('',#5346);
#5346 = CARTESIAN_POINT('',(1.516739509144E+03,-246.0787947833,
    30.100860870822));
#5347 = B_SPLINE_CURVE_WITH_KNOTS('',4,(#5348,#5349,#5350,#5351,#5352),
  .UNSPECIFIED.,.F.,.F.,(5,5),(0.,1.),.PIECEWISE_BEZIER_KNOTS.);
#5348 = CARTESIAN_POINT('',(1.509286268002E+03,-246.4708624209,
    31.171313155866));
#5349 = CARTESIAN_POINT('',(1.511149684604E+03,-246.3749534874,
    30.903694901072));
#5350 = CARTESIAN_POINT('',(1.513013031059E+03,-246.2776335736,
    30.636079958187));
#5351 = CARTESIAN_POINT('',(1.514876306257E+03,-246.1789111701,
    30.368468544741));
#5352 = CARTESIAN_POINT('',(1.516739509144E+03,-246.0787947833,
    30.100860870822));
#5353 = ORIENTED_EDGE('',*,*,#5354,.T.);
#5354 = EDGE_CURVE('',#5345,#5355,#5357,.T.);
#5355 = VERTEX_POINT('',#5356);
#5356 = CARTESIAN_POINT('',(1.519238281565E+03,-245.9442754918,
    29.73800882862));
#5357 = B_SPLINE_CURVE_WITH_KNOTS('',4,(#5358,#5359,#5360,#5361,#5362),
  .UNSPECIFIED.,.F.,.F.,(5,5),(0.,1.),.PIECEWISE_BEZIER_KNOTS.);
#5358 = CARTESIAN_POINT('',(1.516739509144E+03,-246.0787947833,
    30.100860870822));
#5359 = CARTESIAN_POINT('',(1.517364212057E+03,-246.0453998327,
    30.010147549492));
#5360 = CARTESIAN_POINT('',(1.517988908453E+03,-246.0118480884,
    29.919434430727));
#5361 = CARTESIAN_POINT('',(1.5186135983E+03,-245.9781398686,
    29.828721521478));
#5362 = CARTESIAN_POINT('',(1.519238281565E+03,-245.9442754918,
    29.73800882862));
#5363 = ORIENTED_EDGE('',*,*,#5364,.T.);
#5364 = EDGE_CURVE('',#5355,#5365,#5367,.T.);
#5365 = VERTEX_POINT('',#5366);
#5366 = CARTESIAN_POINT('',(1.516737539912E+03,-246.2050868998,
    29.378004519487));
#5367 = B_SPLINE_CURVE_WITH_KNOTS('',4,(#5368,#5369,#5370,#5371,#5372),
  .UNSPECIFIED.,.F.,.F.,(5,5),(0.,1.),.PIECEWISE_BEZIER_KNOTS.);
#5368 = CARTESIAN_POINT('',(1.519238281565E+03,-245.9442754918,
    29.73800882862));
#5369 = CARTESIAN_POINT('',(1.518613115113E+03,-246.0097118796,
    29.648012383911));
#5370 = CARTESIAN_POINT('',(1.517987936009E+03,-246.074992808,
    29.558012852845));
#5371 = CARTESIAN_POINT('',(1.517362744269E+03,-246.1401179302,
    29.468010232361));
#5372 = CARTESIAN_POINT('',(1.516737539912E+03,-246.2050868998,
    29.378004519487));
#5373 = ORIENTED_EDGE('',*,*,#5374,.T.);
#5374 = EDGE_CURVE('',#5365,#5375,#5377,.T.);
#5375 = VERTEX_POINT('',#5376);
#5376 = CARTESIAN_POINT('',(1.509278647039E+03,-246.9696918229,
    28.315923943015));
#5377 = B_SPLINE_CURVE_WITH_KNOTS('',4,(#5378,#5379,#5380,#5381,#5382),
  .UNSPECIFIED.,.F.,.F.,(5,5),(0.,1.),.PIECEWISE_BEZIER_KNOTS.);
#5378 = CARTESIAN_POINT('',(1.516737539912E+03,-246.2050868998,
    29.378004519486));
#5379 = CARTESIAN_POINT('',(1.514873019748E+03,-246.3983269873,
    29.112530429577));
#5380 = CARTESIAN_POINT('',(1.513008363808E+03,-246.5901806903,
    28.847025678348));
#5381 = CARTESIAN_POINT('',(1.511143572688E+03,-246.7806387293,
    28.581490201391));
#5382 = CARTESIAN_POINT('',(1.509278647039E+03,-246.9696918229,
    28.315923943015));
#5383 = ORIENTED_EDGE('',*,*,#5384,.T.);
#5384 = EDGE_CURVE('',#5375,#5385,#5387,.T.);
#5385 = VERTEX_POINT('',#5386);
#5386 = CARTESIAN_POINT('',(1.501369336263E+03,-247.757658995,
    27.21370164302));
#5387 = B_SPLINE_CURVE_WITH_KNOTS('',4,(#5388,#5389,#5390,#5391,#5392),
  .UNSPECIFIED.,.F.,.F.,(5,5),(0.,1.),.PIECEWISE_BEZIER_KNOTS.);
#5388 = CARTESIAN_POINT('',(1.509278647039E+03,-246.9696918229,
    28.315923943015));
#5389 = CARTESIAN_POINT('',(1.507301548026E+03,-247.1690630605,
    28.040419942429));
#5390 = CARTESIAN_POINT('',(1.505324296014E+03,-247.3668553755,
    27.764881600226));
#5391 = CARTESIAN_POINT('',(1.503346891803E+03,-247.5630577075,
    27.489308851679));
#5392 = CARTESIAN_POINT('',(1.501369336263E+03,-247.757658995,
    27.21370164302));
#5393 = ORIENTED_EDGE('',*,*,#5394,.T.);
#5394 = EDGE_CURVE('',#5385,#630,#5395,.T.);
#5395 = ( BOUNDED_CURVE() B_SPLINE_CURVE(3,(#5396,#5397,#5398,#5399,
    #5400,#5401,#5402,#5403,#5404,#5405),.UNSPECIFIED.,.F.,.F.) 
B_SPLINE_CURVE_WITH_KNOTS((4,1,1,1,1,1,1,4),(0.,5.937462759188E-02,
    0.169261244735,0.329619903174,0.533683498435,0.722609230536,
0.888013402964,1.),.UNSPECIFIED.) CURVE() GEOMETRIC_REPRESENTATION_ITEM(
) RATIONAL_B_SPLINE_CURVE((1.,1.,1.,1.,1.,1.,1.,1.,1.,1.)) 
REPRESENTATION_ITEM('') );
#5396 = CARTESIAN_POINT('',(0.,-5.948669168243,0.78315715332));
#5397 = CARTESIAN_POINT('',(36.384885512757,-46.6384613539,
    7.159471659984));
#5398 = CARTESIAN_POINT('',(164.1400044123,-151.807210006,
    23.090451002177));
#5399 = CARTESIAN_POINT('',(476.00449735354,-255.2332168984,
    32.467402648436));
#5400 = CARTESIAN_POINT('',(943.3280351607,-257.1150288684,
    20.259974308663));
#5401 = CARTESIAN_POINT('',(1.486434771408E+03,-265.850791798,
    27.764021547156));
#5402 = CARTESIAN_POINT('',(2.027682666396E+03,-178.6062507937,
    31.282241408916));
#5403 = CARTESIAN_POINT('',(2.477449574318E+03,-99.13591384784,
    35.736050282756));
#5404 = CARTESIAN_POINT('',(2.747888780157E+03,-84.46126958758,
    37.663215181655));
#5405 = CARTESIAN_POINT('',(2.85E+03,-34.70057014808,24.568416727702));
#5406 = ORIENTED_EDGE('',*,*,#629,.F.);
#5407 = ( BOUNDED_SURFACE() B_SPLINE_SURFACE(1,3,(
    (#5408,#5409,#5410,#5411,#5412,#5413,#5414,#5415,#5416,#5417)
    ,(#5418,#5419,#5420,#5421,#5422,#5423,#5424,#5425,#5426,#5427
)),.UNSPECIFIED.,.F.,.F.,.F.) B_SPLINE_SURFACE_WITH_KNOTS((2,2),(4,1,1,1
    ,1,1,1,4),(22.,23.),(0.,5.937462759188E-02,0.169261244735,
    0.329619903174,0.533683498435,0.722609230536,0.888013402964,1.),
.UNSPECIFIED.) GEOMETRIC_REPRESENTATION_ITEM() RATIONAL_B_SPLINE_SURFACE
((
    (1.,1.,1.,1.,1.,1.,1.,1.,1.,1.)
,(1.,1.,1.,1.,1.,1.,1.,1.,1.,1.))) REPRESENTATION_ITEM('') SURFACE() );
#5408 = CARTESIAN_POINT('',(0.,-5.795554957734,1.552914270615));
#5409 = CARTESIAN_POINT('',(36.384885512757,-45.43802290497,
    14.048643174198));
#5410 = CARTESIAN_POINT('',(164.1400044123,-147.899808123,
    45.255428269387));
#5411 = CARTESIAN_POINT('',(476.00449735354,-248.6637084259,
    69.690817200386));
#5412 = CARTESIAN_POINT('',(943.3280351607,-250.49708399,59.171537108568
    ));
#5413 = CARTESIAN_POINT('',(1.486434771408E+03,-259.0079950399,
    66.542228402269));
#5414 = CARTESIAN_POINT('',(2.027682666396E+03,-174.0090620262,
    58.273954605954));
#5415 = CARTESIAN_POINT('',(2.477449574318E+03,-96.58423098356,
    51.981251082205));
#5416 = CARTESIAN_POINT('',(2.747888780157E+03,-82.28730088203,
    49.489351144388));
#5417 = CARTESIAN_POINT('',(2.85E+03,-33.80740392011,29.058666578588));
#5418 = CARTESIAN_POINT('',(0.,-5.948669168243,0.78315715332));
#5419 = CARTESIAN_POINT('',(36.384885512757,-46.6384613539,
    7.159471659984));
#5420 = CARTESIAN_POINT('',(164.1400044123,-151.807210006,
    23.090451002177));
#5421 = CARTESIAN_POINT('',(476.00449735354,-255.2332168984,
    32.467402648436));
#5422 = CARTESIAN_POINT('',(943.3280351607,-257.1150288684,
    20.259974308663));
#5423 = CARTESIAN_POINT('',(1.486434771408E+03,-265.850791798,
    27.764021547156));
#5424 = CARTESIAN_POINT('',(2.027682666396E+03,-178.6062507937,
    31.282241408916));
#5425 = CARTESIAN_POINT('',(2.477449574318E+03,-99.13591384784,
    35.736050282756));
#5426 = CARTESIAN_POINT('',(2.747888780157E+03,-84.46126958758,
    37.663215181655));
#5427 = CARTESIAN_POINT('',(2.85E+03,-34.70057014808,24.568416727702));
#5428 = ADVANCED_FACE('',(#5429),#5788,.T.);
#5429 = FACE_BOUND('',#5430,.T.);
#5430 = EDGE_LOOP('',(#5431,#5446,#5447,#5460,#5461,#5462,#5475,#5488,
    #5501,#5514,#5527,#5540,#5553,#5566,#5579,#5592,#5611,#5630,#5661,
    #5692,#5711,#5724,#5737,#5747,#5757,#5770,#5780));
#5431 = ORIENTED_EDGE('',*,*,#5432,.F.);
#5432 = EDGE_CURVE('',#1964,#5433,#5435,.T.);
#5433 = VERTEX_POINT('',#5434);
#5434 = CARTESIAN_POINT('',(937.96374220899,-258.1407874451,
    23.884125664782));
#5435 = ( BOUNDED_CURVE() B_SPLINE_CURVE(3,(#5436,#5437,#5438,#5439,
    #5440,#5441,#5442,#5443,#5444,#5445),.UNSPECIFIED.,.F.,.F.) 
B_SPLINE_CURVE_WITH_KNOTS((4,1,1,1,1,1,1,4),(0.,5.937462759188E-02,
    0.169261244735,0.329619903174,0.533683498435,0.722609230536,
0.888013402964,1.),.UNSPECIFIED.) CURVE() GEOMETRIC_REPRESENTATION_ITEM(
) RATIONAL_B_SPLINE_CURVE((1.,1.,1.,1.,1.,1.,1.,1.,1.,1.)) 
REPRESENTATION_ITEM('') );
#5436 = CARTESIAN_POINT('',(0.,-5.948669168243,0.78315715332));
#5437 = CARTESIAN_POINT('',(36.384885512757,-46.6384613539,
    7.159471659984));
#5438 = CARTESIAN_POINT('',(164.1400044123,-151.807210006,
    23.090451002177));
#5439 = CARTESIAN_POINT('',(476.00449735354,-255.2332168984,
    32.467402648436));
#5440 = CARTESIAN_POINT('',(943.3280351607,-257.1150288684,
    20.259974308663));
#5441 = CARTESIAN_POINT('',(1.486434771408E+03,-265.850791798,
    27.764021547156));
#5442 = CARTESIAN_POINT('',(2.027682666396E+03,-178.6062507937,
    31.282241408916));
#5443 = CARTESIAN_POINT('',(2.477449574318E+03,-99.13591384784,
    35.736050282756));
#5444 = CARTESIAN_POINT('',(2.747888780157E+03,-84.46126958758,
    37.663215181655));
#5445 = CARTESIAN_POINT('',(2.85E+03,-34.70057014808,24.568416727702));
#5446 = ORIENTED_EDGE('',*,*,#1963,.T.);
#5447 = ORIENTED_EDGE('',*,*,#5448,.T.);
#5448 = EDGE_CURVE('',#1957,#637,#5449,.T.);
#5449 = ( BOUNDED_CURVE() B_SPLINE_CURVE(3,(#5450,#5451,#5452,#5453,
    #5454,#5455,#5456,#5457,#5458,#5459),.UNSPECIFIED.,.F.,.F.) 
B_SPLINE_CURVE_WITH_KNOTS((4,1,1,1,1,1,1,4),(0.,5.937462759188E-02,
    0.169261244735,0.329619903174,0.533683498435,0.722609230536,
0.888013402964,1.),.UNSPECIFIED.) CURVE() GEOMETRIC_REPRESENTATION_ITEM(
) RATIONAL_B_SPLINE_CURVE((1.,1.,1.,1.,1.,1.,1.,1.,1.,1.)) 
REPRESENTATION_ITEM('') );
#5450 = CARTESIAN_POINT('',(0.,-6.,7.347880794884E-16));
#5451 = CARTESIAN_POINT('',(36.384885512757,-47.04090279844,
    0.15037251613));
#5452 = CARTESIAN_POINT('',(164.1400044123,-153.117148437,0.539622812369
    ));
#5453 = CARTESIAN_POINT('',(476.00449735354,-257.4356142658,
    -5.404002139371));
#5454 = CARTESIAN_POINT('',(943.3280351607,-259.3336643171,
    -19.32896624016));
#5455 = CARTESIAN_POINT('',(1.486434771408E+03,-268.1448078006,
    -11.68924157854));
#5456 = CARTESIAN_POINT('',(2.027682666396E+03,-180.1474370912,
    3.820652817283));
#5457 = CARTESIAN_POINT('',(2.477449574318E+03,-99.99135374051,
    19.208050830248));
#5458 = CARTESIAN_POINT('',(2.747888780157E+03,-85.19008255341,
    25.631208244322));
#5459 = CARTESIAN_POINT('',(2.85E+03,-35.,20.));
#5460 = ORIENTED_EDGE('',*,*,#636,.F.);
#5461 = ORIENTED_EDGE('',*,*,#5394,.F.);
#5462 = ORIENTED_EDGE('',*,*,#5463,.T.);
#5463 = EDGE_CURVE('',#5385,#5464,#5466,.T.);
#5464 = VERTEX_POINT('',#5465);
#5465 = CARTESIAN_POINT('',(1.496991770215E+03,-248.1192689184,
    26.602958327299));
#5466 = B_SPLINE_CURVE_WITH_KNOTS('',4,(#5467,#5468,#5469,#5470,#5471,
    #5472,#5473,#5474),.UNSPECIFIED.,.F.,.F.,(5,3,5),(0.,0.310751363271,
    1.),.UNSPECIFIED.);
#5467 = CARTESIAN_POINT('',(1.501369336263E+03,-247.757658995,
    27.21370164302));
#5468 = CARTESIAN_POINT('',(1.501029270717E+03,-247.7859799994,
    27.166258821692));
#5469 = CARTESIAN_POINT('',(1.500689201403E+03,-247.8142537446,
    27.118815064964));
#5470 = CARTESIAN_POINT('',(1.500349128324E+03,-247.842480176,
    27.071370372764));
#5471 = CARTESIAN_POINT('',(1.499254758749E+03,-247.933160593,
    26.9186900201));
#5472 = CARTESIAN_POINT('',(1.498500447522E+03,-247.9954289091,
    26.813450692605));
#5473 = CARTESIAN_POINT('',(1.497746117959E+03,-248.0574648098,
    26.70820678693));
#5474 = CARTESIAN_POINT('',(1.496991770215E+03,-248.1192689184,
    26.602958327299));
#5475 = ORIENTED_EDGE('',*,*,#5476,.T.);
#5476 = EDGE_CURVE('',#5464,#5477,#5479,.T.);
#5477 = VERTEX_POINT('',#5478);
#5478 = CARTESIAN_POINT('',(1.480090991516E+03,-249.456295879,
    24.317870723275));
#5479 = B_SPLINE_CURVE_WITH_KNOTS('',4,(#5480,#5481,#5482,#5483,#5484,
    #5485,#5486,#5487),.UNSPECIFIED.,.F.,.F.,(5,3,5),(0.,0.499762970003,
    1.),.UNSPECIFIED.);
#5480 = CARTESIAN_POINT('',(1.496991770215E+03,-248.1192689184,
    26.602958327299));
#5481 = CARTESIAN_POINT('',(1.494880589786E+03,-248.2917124306,
    26.317560824584));
#5482 = CARTESIAN_POINT('',(1.492769266499E+03,-248.4623404173,
    26.032128307165));
#5483 = CARTESIAN_POINT('',(1.490657803745E+03,-248.631166541,
    25.74666129315));
#5484 = CARTESIAN_POINT('',(1.486432602874E+03,-248.9654009217,
    25.175388470901));
#5485 = CARTESIAN_POINT('',(1.4843188645E+03,-249.1308057846,
    24.889582598159));
#5486 = CARTESIAN_POINT('',(1.482204992982E+03,-249.2944328416,
    24.603743182322));
#5487 = CARTESIAN_POINT('',(1.480090991516E+03,-249.456295879,
    24.317870723275));
#5488 = ORIENTED_EDGE('',*,*,#5489,.T.);
#5489 = EDGE_CURVE('',#5477,#5490,#5492,.T.);
#5490 = VERTEX_POINT('',#5491);
#5491 = CARTESIAN_POINT('',(1.458866068619E+03,-251.0087212024,
    21.561316477402));
#5492 = B_SPLINE_CURVE_WITH_KNOTS('',4,(#5493,#5494,#5495,#5496,#5497,
    #5498,#5499,#5500),.UNSPECIFIED.,.F.,.F.,(5,3,5),(0.,0.46017247081,
    1.),.UNSPECIFIED.);
#5493 = CARTESIAN_POINT('',(1.480090991516E+03,-249.456295879,
    24.317870723275));
#5494 = CARTESIAN_POINT('',(1.477649752209E+03,-249.6424593341,
    24.000884752471));
#5495 = CARTESIAN_POINT('',(1.475208339626E+03,-249.8262703642,
    23.683855802908));
#5496 = CARTESIAN_POINT('',(1.472766758697E+03,-250.0077502081,
    23.366784618805));
#5497 = CARTESIAN_POINT('',(1.467460607895E+03,-250.3971041477,
    22.677667578646));
#5498 = CARTESIAN_POINT('',(1.464595976486E+03,-250.6041093598,
    22.30560610937));
#5499 = CARTESIAN_POINT('',(1.461731127615E+03,-250.8079702062,
    21.933488694533));
#5500 = CARTESIAN_POINT('',(1.458866068619E+03,-251.0087212024,
    21.561316477402));
#5501 = ORIENTED_EDGE('',*,*,#5502,.T.);
#5502 = EDGE_CURVE('',#5490,#5503,#5505,.T.);
#5503 = VERTEX_POINT('',#5504);
#5504 = CARTESIAN_POINT('',(1.433682571221E+03,-252.6753375107,
    18.445146652782));
#5505 = B_SPLINE_CURVE_WITH_KNOTS('',4,(#5506,#5507,#5508,#5509,#5510,
    #5511,#5512,#5513),.UNSPECIFIED.,.F.,.F.,(5,3,5),(0.,0.499336402078,
    1.),.UNSPECIFIED.);
#5506 = CARTESIAN_POINT('',(1.458866068619E+03,-251.0087212024,
    21.561316477402));
#5507 = CARTESIAN_POINT('',(1.455723029725E+03,-251.227831287,
    21.172498955776));
#5508 = CARTESIAN_POINT('',(1.452579738402E+03,-251.4431987836,
    20.783617364699));
#5509 = CARTESIAN_POINT('',(1.449436204346E+03,-251.6548692816,
    20.3946731537));
#5510 = CARTESIAN_POINT('',(1.443140313338E+03,-252.0714606646,
    19.615628360933));
#5511 = CARTESIAN_POINT('',(1.439987955143E+03,-252.2763621137,
    19.225527453371));
#5512 = CARTESIAN_POINT('',(1.436835371495E+03,-252.4776389799,
    18.835366425421));
#5513 = CARTESIAN_POINT('',(1.433682571221E+03,-252.6753375107,
    18.445146652782));
#5514 = ORIENTED_EDGE('',*,*,#5515,.T.);
#5515 = EDGE_CURVE('',#5503,#5516,#5518,.T.);
#5516 = VERTEX_POINT('',#5517);
#5517 = CARTESIAN_POINT('',(1.404973447077E+03,-254.3548713671,
    15.087040241961));
#5518 = B_SPLINE_CURVE_WITH_KNOTS('',4,(#5519,#5520,#5521,#5522,#5523,
    #5524,#5525,#5526),.UNSPECIFIED.,.F.,.F.,(5,3,5),(0.,0.485253914893,
    1.),.UNSPECIFIED.);
#5519 = CARTESIAN_POINT('',(1.433682571221E+03,-252.6753375107,
    18.445146652782));
#5520 = CARTESIAN_POINT('',(1.430200532698E+03,-252.8923143534,
    18.037970343312));
#5521 = CARTESIAN_POINT('',(1.426718230769E+03,-253.1049265487,
    17.630724592943));
#5522 = CARTESIAN_POINT('',(1.423235677331E+03,-253.313236428,
    17.223411172426));
#5523 = CARTESIAN_POINT('',(1.416058416879E+03,-253.7337792988,
    16.383893208877));
#5524 = CARTESIAN_POINT('',(1.412363679769E+03,-253.945481265,
    15.951680404863));
#5525 = CARTESIAN_POINT('',(1.408668685655E+03,-254.1524870168,
    15.519395425707));
#5526 = CARTESIAN_POINT('',(1.404973447077E+03,-254.3548713671,
    15.087040241961));
#5527 = ORIENTED_EDGE('',*,*,#5528,.T.);
#5528 = EDGE_CURVE('',#5516,#5529,#5531,.T.);
#5529 = VERTEX_POINT('',#5530);
#5530 = CARTESIAN_POINT('',(1.373231343292E+03,-255.9546498603,
    11.607280292163));
#5531 = B_SPLINE_CURVE_WITH_KNOTS('',4,(#5532,#5533,#5534,#5535,#5536,
    #5537,#5538,#5539),.UNSPECIFIED.,.F.,.F.,(5,3,5),(0.,0.470286293766,
    1.),.UNSPECIFIED.);
#5532 = CARTESIAN_POINT('',(1.404973447077E+03,-254.3548713671,
    15.087040241961));
#5533 = CARTESIAN_POINT('',(1.401242212986E+03,-254.5576392487,
    14.678131789692));
#5534 = CARTESIAN_POINT('',(1.397510730796E+03,-254.7556954232,
    14.269154060568));
#5535 = CARTESIAN_POINT('',(1.393779013417E+03,-254.9491169458,
    13.860108984847));
#5536 = CARTESIAN_POINT('',(1.385843548232E+03,-255.3507108227,
    12.990190880369));
#5537 = CARTESIAN_POINT('',(1.381639740473E+03,-255.5576586105,
    12.529300256009));
#5538 = CARTESIAN_POINT('',(1.37743566686E+03,-255.7589347622,
    12.068329209959));
#5539 = CARTESIAN_POINT('',(1.373231343292E+03,-255.9546498603,
    11.607280292163));
#5540 = ORIENTED_EDGE('',*,*,#5541,.T.);
#5541 = EDGE_CURVE('',#5529,#5542,#5544,.T.);
#5542 = VERTEX_POINT('',#5543);
#5543 = CARTESIAN_POINT('',(1.339000027822E+03,-257.397571981,
    8.128708953093));
#5544 = B_SPLINE_CURVE_WITH_KNOTS('',4,(#5545,#5546,#5547,#5548,#5549,
    #5550,#5551,#5552),.UNSPECIFIED.,.F.,.F.,(5,3,5),(0.,0.484065297082,
    1.),.UNSPECIFIED.);
#5545 = CARTESIAN_POINT('',(1.373231343292E+03,-255.9546498603,
    11.607280292163));
#5546 = CARTESIAN_POINT('',(1.36908947987E+03,-256.1455383146,
    11.186533225319));
#5547 = CARTESIAN_POINT('',(1.364947375471E+03,-256.3310300652,
    10.765713062149));
#5548 = CARTESIAN_POINT('',(1.360805045286E+03,-256.511230882,
    10.344822112948));
#5549 = CARTESIAN_POINT('',(1.352247228783E+03,-256.8727850276,
    9.475188368402));
#5550 = CARTESIAN_POINT('',(1.347831713661E+03,-257.0534331506,
    9.02643624745));
#5551 = CARTESIAN_POINT('',(1.343415974862E+03,-257.2283193284,
    8.577608919068));
#5552 = CARTESIAN_POINT('',(1.339000027822E+03,-257.397571981,
    8.128708953093));
#5553 = ORIENTED_EDGE('',*,*,#5554,.T.);
#5554 = EDGE_CURVE('',#5542,#5555,#5557,.T.);
#5555 = VERTEX_POINT('',#5556);
#5556 = CARTESIAN_POINT('',(1.302865075854E+03,-258.6267470927,
    4.778883039618));
#5557 = B_SPLINE_CURVE_WITH_KNOTS('',4,(#5558,#5559,#5560,#5561,#5562,
    #5563,#5564,#5565),.UNSPECIFIED.,.F.,.F.,(5,3,5),(0.,0.490052156284,
    1.),.UNSPECIFIED.);
#5558 = CARTESIAN_POINT('',(1.339000027822E+03,-257.397571981,
    8.128708953093));
#5559 = CARTESIAN_POINT('',(1.334573597713E+03,-257.5649468499,
    7.718517655298));
#5560 = CARTESIAN_POINT('',(1.330146960404E+03,-257.7266619911,
    7.308255787893));
#5561 = CARTESIAN_POINT('',(1.32572013141E+03,-257.8828467875,
    6.897925792506));
#5562 = CARTESIAN_POINT('',(1.316686385607E+03,-258.1905363534,
    6.060472516678));
#5563 = CARTESIAN_POINT('',(1.312079454087E+03,-258.3415936786,
    5.633343786142));
#5564 = CARTESIAN_POINT('',(1.307472346091E+03,-258.4869486016,
    5.206146453685));
#5565 = CARTESIAN_POINT('',(1.302865075854E+03,-258.6267470927,
    4.778883039618));
#5566 = ORIENTED_EDGE('',*,*,#5567,.T.);
#5567 = EDGE_CURVE('',#5555,#5568,#5570,.T.);
#5568 = VERTEX_POINT('',#5569);
#5569 = CARTESIAN_POINT('',(1.265443968713E+03,-259.6075343323,
    1.69258220851));
#5570 = B_SPLINE_CURVE_WITH_KNOTS('',4,(#5571,#5572,#5573,#5574,#5575,
    #5576,#5577,#5578),.UNSPECIFIED.,.F.,.F.,(5,3,5),(0.,0.499238505084,
    1.),.UNSPECIFIED.);
#5571 = CARTESIAN_POINT('',(1.302865075854E+03,-258.6267470927,
    4.778883039618));
#5572 = CARTESIAN_POINT('',(1.298194998776E+03,-258.7656990024,
    4.393870605411));
#5573 = CARTESIAN_POINT('',(1.293524757498E+03,-258.898942833,
    4.008792505364));
#5574 = CARTESIAN_POINT('',(1.288854366796E+03,-259.0266306509,
    3.623651203141));
#5575 = CARTESIAN_POINT('',(1.279499064812E+03,-259.2715714566,
    2.852071808615));
#5576 = CARTESIAN_POINT('',(1.274814152703E+03,-259.3887914219,
    2.465633344779));
#5577 = CARTESIAN_POINT('',(1.270129116764E+03,-259.5007279005,
    2.079136050724));
#5578 = CARTESIAN_POINT('',(1.265443968713E+03,-259.6075343323,
    1.69258220851));
#5579 = ORIENTED_EDGE('',*,*,#5580,.T.);
#5580 = EDGE_CURVE('',#5568,#5581,#5583,.T.);
#5581 = VERTEX_POINT('',#5582);
#5582 = CARTESIAN_POINT('',(1.227375737783E+03,-260.3270835911,
    -0.987500627456));
#5583 = B_SPLINE_CURVE_WITH_KNOTS('',4,(#5584,#5585,#5586,#5587,#5588,
    #5589,#5590,#5591),.UNSPECIFIED.,.F.,.F.,(5,3,5),(0.,0.500425710805,
    1.),.UNSPECIFIED.);
#5584 = CARTESIAN_POINT('',(1.265443968713E+03,-259.6075343323,
    1.69258220851));
#5585 = CARTESIAN_POINT('',(1.260681681216E+03,-259.7127951151,
    1.357447467395));
#5586 = CARTESIAN_POINT('',(1.255919280746E+03,-259.8127567293,
    1.022256138334));
#5587 = CARTESIAN_POINT('',(1.251156779535E+03,-259.9075803527,
    0.687010460156));
#5588 = CARTESIAN_POINT('',(1.24163970002E+03,-260.087120935,
    1.698518711801E-02));
#5589 = CARTESIAN_POINT('',(1.236885122028E+03,-260.1718548137,
    -0.317794230057));
#5590 = CARTESIAN_POINT('',(1.232130464894E+03,-260.2517889817,
    -0.652623522105));
#5591 = CARTESIAN_POINT('',(1.227375737783E+03,-260.3270835911,
    -0.987500627456));
#5592 = ORIENTED_EDGE('',*,*,#5593,.T.);
#5593 = EDGE_CURVE('',#5581,#5594,#5596,.T.);
#5594 = VERTEX_POINT('',#5595);
#5595 = CARTESIAN_POINT('',(1.189310279492E+03,-260.791785121,
    -3.113704054117));
#5596 = B_SPLINE_CURVE_WITH_KNOTS('',4,(#5597,#5598,#5599,#5600,#5601,
    #5602,#5603,#5604,#5605,#5606,#5607,#5608,#5609,#5610),
  .UNSPECIFIED.,.F.,.F.,(5,3,3,3,5),(0.,0.250411646736,0.500014697802,
    0.750410515747,1.),.UNSPECIFIED.);
#5597 = CARTESIAN_POINT('',(1.227375737783E+03,-260.3270835911,
    -0.987500627456));
#5598 = CARTESIAN_POINT('',(1.224992813018E+03,-260.3628320618,
    -1.12054100395));
#5599 = CARTESIAN_POINT('',(1.222609871458E+03,-260.3974155903,
    -1.253593057572));
#5600 = CARTESIAN_POINT('',(1.220226914246E+03,-260.4308543379,
    -1.38665654642));
#5601 = CARTESIAN_POINT('',(1.215468665397E+03,-260.4953782297,
    -1.652376211323));
#5602 = CARTESIAN_POINT('',(1.213093373855E+03,-260.5264706252,
    -1.785032315177));
#5603 = CARTESIAN_POINT('',(1.210718068854E+03,-260.5564655994,
    -1.917699308021));
#5604 = CARTESIAN_POINT('',(1.205959889587E+03,-260.6143924437,
    -2.183476006055));
#5605 = CARTESIAN_POINT('',(1.203577015241E+03,-260.6423174586,
    -2.316585779042));
#5606 = CARTESIAN_POINT('',(1.20119412929E+03,-260.6691782809,
    -2.449706042085));
#5607 = CARTESIAN_POINT('',(1.196436009447E+03,-260.7207286573,
    -2.715538374763));
#5608 = CARTESIAN_POINT('',(1.194060775625E+03,-260.7454249248,
    -2.848250378426));
#5609 = CARTESIAN_POINT('',(1.191685532038E+03,-260.7691037723,
    -2.980972346614));
#5610 = CARTESIAN_POINT('',(1.189310279492E+03,-260.791785121,
    -3.113704054117));
#5611 = ORIENTED_EDGE('',*,*,#5612,.T.);
#5612 = EDGE_CURVE('',#5594,#5613,#5615,.T.);
#5613 = VERTEX_POINT('',#5614);
#5614 = CARTESIAN_POINT('',(1.151897472351E+03,-261.0232434211,
    -4.540827288083));
#5615 = B_SPLINE_CURVE_WITH_KNOTS('',4,(#5616,#5617,#5618,#5619,#5620,
    #5621,#5622,#5623,#5624,#5625,#5626,#5627,#5628,#5629),
  .UNSPECIFIED.,.F.,.F.,(5,3,3,3,5),(0.,0.248804924287,0.49920598445,
    0.749604155164,1.),.UNSPECIFIED.);
#5616 = CARTESIAN_POINT('',(1.189310279492E+03,-260.791785121,
    -3.113704054117));
#5617 = CARTESIAN_POINT('',(1.186983192979E+03,-260.8116493591,
    -3.202420805785));
#5618 = CARTESIAN_POINT('',(1.184656098662E+03,-260.830556586,
    -3.291146720111));
#5619 = CARTESIAN_POINT('',(1.182328997284E+03,-260.8485255336,
    -3.379881598941));
#5620 = CARTESIAN_POINT('',(1.177659852867E+03,-260.8827336855,
    -3.557938202335));
#5621 = CARTESIAN_POINT('',(1.175317809745E+03,-260.8989610536,
    -3.647260039757));
#5622 = CARTESIAN_POINT('',(1.17297576084E+03,-260.9142761087,
    -3.736590558324));
#5623 = CARTESIAN_POINT('',(1.168291679729E+03,-260.9431195664,
    -3.915267530745));
#5624 = CARTESIAN_POINT('',(1.165949647524E+03,-260.9566479897,
    -4.0046139844));
#5625 = CARTESIAN_POINT('',(1.163607610775E+03,-260.96930226,
    -4.093968722918));
#5626 = CARTESIAN_POINT('',(1.158923551057E+03,-260.9929004984,
    -4.272693547392));
#5627 = CARTESIAN_POINT('',(1.156581528088E+03,-261.0038444824,
    -4.362063633195));
#5628 = CARTESIAN_POINT('',(1.154239501688E+03,-261.0139524422,
    -4.451441611496));
#5629 = CARTESIAN_POINT('',(1.151897472351E+03,-261.0232434211,
    -4.540827288083));
#5630 = ORIENTED_EDGE('',*,*,#5631,.T.);
#5631 = EDGE_CURVE('',#5613,#5632,#5634,.T.);
#5632 = VERTEX_POINT('',#5633);
#5633 = CARTESIAN_POINT('',(1.11577624181E+03,-261.0534855862,
    -5.137548458399));
#5634 = B_SPLINE_CURVE_WITH_KNOTS('',4,(#5635,#5636,#5637,#5638,#5639,
    #5640,#5641,#5642,#5643,#5644,#5645,#5646,#5647,#5648,#5649,#5650,
    #5651,#5652,#5653,#5654,#5655,#5656,#5657,#5658,#5659,#5660),
  .UNSPECIFIED.,.F.,.F.,(5,3,3,3,3,3,3,3,5),(0.,0.125200206453,
    0.250000081658,0.375199890844,0.499999702337,0.625199579045,
    0.749999582385,0.875199770091,1.),.UNSPECIFIED.);
#5635 = CARTESIAN_POINT('',(1.151897472351E+03,-261.0232434211,
    -4.540827288083));
#5636 = CARTESIAN_POINT('',(1.150766878822E+03,-261.026333026,
    -4.559484656503));
#5637 = CARTESIAN_POINT('',(1.149636284803E+03,-261.0292323646,
    -4.578143807208));
#5638 = CARTESIAN_POINT('',(1.148505690349E+03,-261.0319435785,
    -4.596804719466));
#5639 = CARTESIAN_POINT('',(1.146248115778E+03,-261.0369859637,
    -4.634070351327));
#5640 = CARTESIAN_POINT('',(1.145121135663E+03,-261.0393183225,
    -4.652675059813));
#5641 = CARTESIAN_POINT('',(1.143994155216E+03,-261.0414680052,
    -4.67128147754));
#5642 = CARTESIAN_POINT('',(1.141736582221E+03,-261.0454125672,
    -4.708557322124));
#5643 = CARTESIAN_POINT('',(1.140605989673E+03,-261.0472062875,
    -4.727226759823));
#5644 = CARTESIAN_POINT('',(1.139475396883E+03,-261.048820432,
    -4.745897876474));
#5645 = CARTESIAN_POINT('',(1.137217823011E+03,-261.0516892575,
    -4.783183769246));
#5646 = CARTESIAN_POINT('',(1.13609084193E+03,-261.0529450705,
    -4.801798534788));
#5647 = CARTESIAN_POINT('',(1.134963860696E+03,-261.0540266975,
    -4.820414927642));
#5648 = CARTESIAN_POINT('',(1.132706285292E+03,-261.0558487312,
    -4.857710610077));
#5649 = CARTESIAN_POINT('',(1.13157569112E+03,-261.056588033,
    -4.876389909976));
#5650 = CARTESIAN_POINT('',(1.130445096877E+03,-261.0571563003,
    -4.895070806517));
#5651 = CARTESIAN_POINT('',(1.128187519306E+03,-261.0579537653,
    -4.932376082191));
#5652 = CARTESIAN_POINT('',(1.127060535979E+03,-261.0581840403,
    -4.951000451274));
#5653 = CARTESIAN_POINT('',(1.125933552657E+03,-261.0582486128,
    -4.969626366026));
#5654 = CARTESIAN_POINT('',(1.123675972301E+03,-261.0580502679,
    -5.006940977071));
#5655 = CARTESIAN_POINT('',(1.122545375268E+03,-261.0577862998,
    -5.02562968316));
#5656 = CARTESIAN_POINT('',(1.12141477831E+03,-261.0573598317,
    -5.044319903871));
#5657 = CARTESIAN_POINT('',(1.119157196355E+03,-261.0561880423,
    -5.081643622012));
#5658 = CARTESIAN_POINT('',(1.118030211357E+03,-261.0554437439,
    -5.100277109912));
#5659 = CARTESIAN_POINT('',(1.116903226499E+03,-261.0545422202,
    -5.118912062125));
#5660 = CARTESIAN_POINT('',(1.11577624181E+03,-261.0534855862,
    -5.137548458399));
#5661 = ORIENTED_EDGE('',*,*,#5662,.T.);
#5662 = EDGE_CURVE('',#5632,#5663,#5665,.T.);
#5663 = VERTEX_POINT('',#5664);
#5664 = CARTESIAN_POINT('',(1.081563738245E+03,-260.9200977356,
    -4.799974700922));
#5665 = B_SPLINE_CURVE_WITH_KNOTS('',4,(#5666,#5667,#5668,#5669,#5670,
    #5671,#5672,#5673,#5674,#5675,#5676,#5677,#5678,#5679,#5680,#5681,
    #5682,#5683,#5684,#5685,#5686,#5687,#5688,#5689,#5690,#5691),
  .UNSPECIFIED.,.F.,.F.,(5,3,3,3,3,3,3,3,5),(0.,0.125198338907,
    0.249996945008,0.37519604402,0.49999567839,0.625195880163,
    0.749996679885,0.875198112274,1.),.UNSPECIFIED.);
#5666 = CARTESIAN_POINT('',(1.11577624181E+03,-261.0534855862,
    -5.137548458399));
#5667 = CARTESIAN_POINT('',(1.114705399527E+03,-261.0508713965,
    -5.126967795458));
#5668 = CARTESIAN_POINT('',(1.11363455757E+03,-261.0481172875,
    -5.116388453561));
#5669 = CARTESIAN_POINT('',(1.112563715963E+03,-261.045225072,
    -5.105810415778));
#5670 = CARTESIAN_POINT('',(1.110425452469E+03,-261.0391777224,
    -5.084690683944));
#5671 = CARTESIAN_POINT('',(1.109358030579E+03,-261.0360234572,
    -5.074148981686));
#5672 = CARTESIAN_POINT('',(1.108290609079E+03,-261.0327355619,
    -5.06360854159));
#5673 = CARTESIAN_POINT('',(1.106152341419E+03,-261.0258851254,
    -5.042496330621));
#5674 = CARTESIAN_POINT('',(1.105081495262E+03,-261.0223217367,
    -5.031924567752));
#5675 = CARTESIAN_POINT('',(1.104010649534E+03,-261.0186274764,
    -5.021354041262));
#5676 = CARTESIAN_POINT('',(1.101872375649E+03,-261.0109930333,
    -5.000249149843));
#5677 = CARTESIAN_POINT('',(1.100804947488E+03,-261.0070536729,
    -4.989714777147));
#5678 = CARTESIAN_POINT('',(1.099737519789E+03,-261.0029878677,
    -4.979181599227));
#5679 = CARTESIAN_POINT('',(1.097599239236E+03,-260.9945935042,
    -4.958083794842));
#5680 = CARTESIAN_POINT('',(1.096528386386E+03,-260.9902641443,
    -4.94751917595));
#5681 = CARTESIAN_POINT('',(1.095457534029E+03,-260.9858111418,
    -4.936955725538));
#5682 = CARTESIAN_POINT('',(1.093319246463E+03,-260.9766760648,
    -4.915864822473));
#5683 = CARTESIAN_POINT('',(1.092251811249E+03,-260.9719947664,
    -4.905337362485));
#5684 = CARTESIAN_POINT('',(1.091184376552E+03,-260.9671942036,
    -4.894811029738));
#5685 = CARTESIAN_POINT('',(1.089046081562E+03,-260.9573423446,
    -4.873726797121));
#5686 = CARTESIAN_POINT('',(1.087975221271E+03,-260.952290293,
    -4.863168904392));
#5687 = CARTESIAN_POINT('',(1.086904361524E+03,-260.9471218224,
    -4.852612112106));
#5688 = CARTESIAN_POINT('',(1.084766060475E+03,-260.9365725192,
    -4.831534379823));
#5689 = CARTESIAN_POINT('',(1.083698619171E+03,-260.931192417,
    -4.821013432923));
#5690 = CARTESIAN_POINT('',(1.082631178424E+03,-260.9257002256,
    -4.810493545595));
#5691 = CARTESIAN_POINT('',(1.081563738245E+03,-260.9200977356,
    -4.799974700922));
#5692 = ORIENTED_EDGE('',*,*,#5693,.T.);
#5693 = EDGE_CURVE('',#5663,#5694,#5696,.T.);
#5694 = VERTEX_POINT('',#5695);
#5695 = CARTESIAN_POINT('',(1.049844811341E+03,-260.6618735288,
    -3.464471321342));
#5696 = B_SPLINE_CURVE_WITH_KNOTS('',4,(#5697,#5698,#5699,#5700,#5701,
    #5702,#5703,#5704,#5705,#5706,#5707,#5708,#5709,#5710),
  .UNSPECIFIED.,.F.,.F.,(5,3,3,3,5),(0.,0.248795258529,0.499193524308,
    0.749595142801,1.),.UNSPECIFIED.);
#5697 = CARTESIAN_POINT('',(1.081563738245E+03,-260.9200977356,
    -4.799974700922));
#5698 = CARTESIAN_POINT('',(1.079590843341E+03,-260.9061232321,
    -4.71688740772));
#5699 = CARTESIAN_POINT('',(1.077617950929E+03,-260.8917723828,
    -4.633803816942));
#5700 = CARTESIAN_POINT('',(1.075645061043E+03,-260.8770564787,
    -4.550723820565));
#5701 = CARTESIAN_POINT('',(1.071686574878E+03,-260.8468200309,
    -4.384035530734));
#5702 = CARTESIAN_POINT('',(1.069700978633E+03,-260.8312949137,
    -4.300427282344));
#5703 = CARTESIAN_POINT('',(1.067715384972E+03,-260.8154229527,
    -4.216822453862));
#5704 = CARTESIAN_POINT('',(1.063744176224E+03,-260.783008113,
    -4.049618294359));
#5705 = CARTESIAN_POINT('',(1.061758561137E+03,-260.7664652254,
    -3.966018963429));
#5706 = CARTESIAN_POINT('',(1.059772948625E+03,-260.7495984724,
    -3.882422829524));
#5707 = CARTESIAN_POINT('',(1.05580170303E+03,-260.7152399847,
    -3.715235650418));
#5708 = CARTESIAN_POINT('',(1.053816069945E+03,-260.6977482419,
    -3.631644605301));
#5709 = CARTESIAN_POINT('',(1.051830439395E+03,-260.6799555973,
    -3.548056533141));
#5710 = CARTESIAN_POINT('',(1.049844811341E+03,-260.6618735288,
    -3.464471321342));
#5711 = ORIENTED_EDGE('',*,*,#5712,.T.);
#5712 = EDGE_CURVE('',#5694,#5713,#5715,.T.);
#5713 = VERTEX_POINT('',#5714);
#5714 = CARTESIAN_POINT('',(1.021161974907E+03,-260.3153843203,
    -1.116594706876));
#5715 = B_SPLINE_CURVE_WITH_KNOTS('',4,(#5716,#5717,#5718,#5719,#5720,
    #5721,#5722,#5723),.UNSPECIFIED.,.F.,.F.,(5,3,5),(0.,0.499192752401,
    1.),.UNSPECIFIED.);
#5716 = CARTESIAN_POINT('',(1.049844811341E+03,-260.6618735288,
    -3.464471321342));
#5717 = CARTESIAN_POINT('',(1.046265217642E+03,-260.621185182,
    -3.17143345648));
#5718 = CARTESIAN_POINT('',(1.042685633704E+03,-260.5795576748,
    -2.878405553697));
#5719 = CARTESIAN_POINT('',(1.039106059188E+03,-260.5370581278,
    -2.585386915789));
#5720 = CARTESIAN_POINT('',(1.031935350957E+03,-260.4503089469,
    -1.998419099123));
#5721 = CARTESIAN_POINT('',(1.028344217302E+03,-260.4060540975,
    -1.704469975911));
#5722 = CARTESIAN_POINT('',(1.024753092156E+03,-260.3610566941,
    -1.410528752362));
#5723 = CARTESIAN_POINT('',(1.021161974907E+03,-260.3153843203,
    -1.116594706876));
#5724 = ORIENTED_EDGE('',*,*,#5725,.T.);
#5725 = EDGE_CURVE('',#5713,#5726,#5728,.T.);
#5726 = VERTEX_POINT('',#5727);
#5727 = CARTESIAN_POINT('',(996.00605652568,-259.9126748451,
    2.206554694264));
#5728 = B_SPLINE_CURVE_WITH_KNOTS('',4,(#5729,#5730,#5731,#5732,#5733,
    #5734,#5735,#5736),.UNSPECIFIED.,.F.,.F.,(5,3,5),(0.,0.497992870527,
    1.),.UNSPECIFIED.);
#5729 = CARTESIAN_POINT('',(1.021161974907E+03,-260.3153843203,
    -1.116594706876));
#5730 = CARTESIAN_POINT('',(1.018030088771E+03,-260.2666107657,
    -0.702852433176));
#5731 = CARTESIAN_POINT('',(1.014898209696E+03,-260.2173248758,
    -0.289116216839));
#5732 = CARTESIAN_POINT('',(1.011766337182E+03,-260.1675713563,
    0.124614472222));
#5733 = CARTESIAN_POINT('',(1.005477358569E+03,-260.0668138802,
    0.955400859292));
#5734 = CARTESIAN_POINT('',(1.002320252567E+03,-260.0158030769,
    1.372456476428));
#5735 = CARTESIAN_POINT('',(999.16315209329,-259.9644081745,
    1.789507570294));
#5736 = CARTESIAN_POINT('',(996.00605652568,-259.9126748451,
    2.206554694264));
#5737 = ORIENTED_EDGE('',*,*,#5738,.T.);
#5738 = EDGE_CURVE('',#5726,#5739,#5741,.T.);
#5739 = VERTEX_POINT('',#5740);
#5740 = CARTESIAN_POINT('',(974.80771595843,-259.4800857889,
    6.422005560497));
#5741 = B_SPLINE_CURVE_WITH_KNOTS('',4,(#5742,#5743,#5744,#5745,#5746),
  .UNSPECIFIED.,.F.,.F.,(5,5),(0.,1.),.PIECEWISE_BEZIER_KNOTS.);
#5742 = CARTESIAN_POINT('',(996.00605652568,-259.9126748451,
    2.206554694264));
#5743 = CARTESIAN_POINT('',(990.70645072703,-259.8057391114,
    3.260433701419));
#5744 = CARTESIAN_POINT('',(985.40686106193,-259.6978523663,
    4.31429980703));
#5745 = CARTESIAN_POINT('',(980.10728404946,-259.5892297363,
    5.36815606566));
#5746 = CARTESIAN_POINT('',(974.80771595843,-259.4800857889,
    6.422005560497));
#5747 = ORIENTED_EDGE('',*,*,#5748,.T.);
#5748 = EDGE_CURVE('',#5739,#5749,#5751,.T.);
#5749 = VERTEX_POINT('',#5750);
#5750 = CARTESIAN_POINT('',(957.92999664448,-259.0380353563,
    11.414346496267));
#5751 = B_SPLINE_CURVE_WITH_KNOTS('',4,(#5752,#5753,#5754,#5755,#5756),
  .UNSPECIFIED.,.F.,.F.,(5,5),(0.,1.),.PIECEWISE_BEZIER_KNOTS.);
#5752 = CARTESIAN_POINT('',(974.80771595843,-259.4800857889,
    6.422005560497));
#5753 = CARTESIAN_POINT('',(970.58827841745,-259.3699595382,
    7.670096542964));
#5754 = CARTESIAN_POINT('',(966.36884748322,-259.259504047,
    8.918182404251));
#5755 = CARTESIAN_POINT('',(962.14942096889,-259.1488268869,
    10.16626507738));
#5756 = CARTESIAN_POINT('',(957.92999664448,-259.0380353563,
    11.414346496267));
#5757 = ORIENTED_EDGE('',*,*,#5758,.T.);
#5758 = EDGE_CURVE('',#5749,#5759,#5761,.T.);
#5759 = VERTEX_POINT('',#5760);
#5760 = CARTESIAN_POINT('',(945.66204921967,-258.6014774156,
    17.054859005253));
#5761 = B_SPLINE_CURVE_WITH_KNOTS('',4,(#5762,#5763,#5764,#5765,#5766,
    #5767,#5768,#5769),.UNSPECIFIED.,.F.,.F.,(5,3,5),(0.,0.369597097208,
    1.),.UNSPECIFIED.);
#5762 = CARTESIAN_POINT('',(957.92999664448,-259.0380353563,
    11.414346496267));
#5763 = CARTESIAN_POINT('',(956.7964467796,-258.9977160808,
    11.935525740613));
#5764 = CARTESIAN_POINT('',(955.66289710792,-258.9573885764,
    12.456704897961));
#5765 = CARTESIAN_POINT('',(954.52934758051,-258.9170548983,
    12.977884019074));
#5766 = CARTESIAN_POINT('',(951.46236074349,-258.8079149754,
    14.38801180284));
#5767 = CARTESIAN_POINT('',(949.52892361583,-258.7391008637,
    15.276960493092));
#5768 = CARTESIAN_POINT('',(947.59548652224,-258.670284953,
    16.165909476986));
#5769 = CARTESIAN_POINT('',(945.66204921967,-258.6014774156,
    17.054859005253));
#5770 = ORIENTED_EDGE('',*,*,#5771,.T.);
#5771 = EDGE_CURVE('',#5759,#5772,#5774,.T.);
#5772 = VERTEX_POINT('',#5773);
#5773 = CARTESIAN_POINT('',(938.21413803322,-258.1807035167,
    23.222879228589));
#5774 = B_SPLINE_CURVE_WITH_KNOTS('',4,(#5775,#5776,#5777,#5778,#5779),
  .UNSPECIFIED.,.F.,.F.,(5,5),(0.,1.),.PIECEWISE_BEZIER_KNOTS.);
#5775 = CARTESIAN_POINT('',(945.66204921967,-258.6014774156,
    17.054859005253));
#5776 = CARTESIAN_POINT('',(943.80007155713,-258.4962641123,
    18.596862046531));
#5777 = CARTESIAN_POINT('',(941.93809394592,-258.3910581487,
    20.138866208416));
#5778 = CARTESIAN_POINT('',(940.07611617486,-258.2858683495,
    21.680871825001));
#5779 = CARTESIAN_POINT('',(938.21413803322,-258.1807035167,
    23.22287922859));
#5780 = ORIENTED_EDGE('',*,*,#5781,.T.);
#5781 = EDGE_CURVE('',#5772,#5433,#5782,.T.);
#5782 = B_SPLINE_CURVE_WITH_KNOTS('',4,(#5783,#5784,#5785,#5786,#5787),
  .UNSPECIFIED.,.F.,.F.,(5,5),(0.,1.),.PIECEWISE_BEZIER_KNOTS.);
#5783 = CARTESIAN_POINT('',(938.21413803322,-258.1807035167,
    23.22287922859));
#5784 = CARTESIAN_POINT('',(938.15153906931,-258.1707244627,
    23.388190825903));
#5785 = CARTESIAN_POINT('',(938.08894011063,-258.1607454326,
    23.55350243103));
#5786 = CARTESIAN_POINT('',(938.02634115719,-258.1507664267,
    23.718814043985));
#5787 = CARTESIAN_POINT('',(937.96374220899,-258.1407874451,
    23.884125664782));
#5788 = ( BOUNDED_SURFACE() B_SPLINE_SURFACE(1,3,(
    (#5789,#5790,#5791,#5792,#5793,#5794,#5795,#5796,#5797,#5798)
    ,(#5799,#5800,#5801,#5802,#5803,#5804,#5805,#5806,#5807,#5808
)),.UNSPECIFIED.,.F.,.F.,.F.) B_SPLINE_SURFACE_WITH_KNOTS((2,2),(4,1,1,1
    ,1,1,1,4),(23.,24.),(0.,5.937462759188E-02,0.169261244735,
    0.329619903174,0.533683498435,0.722609230536,0.888013402964,1.),
.UNSPECIFIED.) GEOMETRIC_REPRESENTATION_ITEM() RATIONAL_B_SPLINE_SURFACE
((
    (1.,1.,1.,1.,1.,1.,1.,1.,1.,1.)
,(1.,1.,1.,1.,1.,1.,1.,1.,1.,1.))) REPRESENTATION_ITEM('') SURFACE() );
#5789 = CARTESIAN_POINT('',(0.,-5.948669168243,0.78315715332));
#5790 = CARTESIAN_POINT('',(36.384885512757,-46.6384613539,
    7.159471659984));
#5791 = CARTESIAN_POINT('',(164.1400044123,-151.807210006,
    23.090451002177));
#5792 = CARTESIAN_POINT('',(476.00449735354,-255.2332168984,
    32.467402648436));
#5793 = CARTESIAN_POINT('',(943.3280351607,-257.1150288684,
    20.259974308663));
#5794 = CARTESIAN_POINT('',(1.486434771408E+03,-265.850791798,
    27.764021547156));
#5795 = CARTESIAN_POINT('',(2.027682666396E+03,-178.6062507937,
    31.282241408916));
#5796 = CARTESIAN_POINT('',(2.477449574318E+03,-99.13591384784,
    35.736050282756));
#5797 = CARTESIAN_POINT('',(2.747888780157E+03,-84.46126958758,
    37.663215181655));
#5798 = CARTESIAN_POINT('',(2.85E+03,-34.70057014808,24.568416727702));
#5799 = CARTESIAN_POINT('',(0.,-6.,7.347880794884E-16));
#5800 = CARTESIAN_POINT('',(36.384885512757,-47.04090279844,
    0.15037251613));
#5801 = CARTESIAN_POINT('',(164.1400044123,-153.117148437,0.539622812369
    ));
#5802 = CARTESIAN_POINT('',(476.00449735354,-257.4356142658,
    -5.404002139371));
#5803 = CARTESIAN_POINT('',(943.3280351607,-259.3336643171,
    -19.32896624016));
#5804 = CARTESIAN_POINT('',(1.486434771408E+03,-268.1448078006,
    -11.68924157854));
#5805 = CARTESIAN_POINT('',(2.027682666396E+03,-180.1474370912,
    3.820652817283));
#5806 = CARTESIAN_POINT('',(2.477449574318E+03,-99.99135374051,
    19.208050830248));
#5807 = CARTESIAN_POINT('',(2.747888780157E+03,-85.19008255341,
    25.631208244322));
#5808 = CARTESIAN_POINT('',(2.85E+03,-35.,20.));
#5809 = ADVANCED_FACE('',(#5810),#5828,.T.);
#5810 = FACE_BOUND('',#5811,.T.);
#5811 = EDGE_LOOP('',(#5812,#5813,#5826,#5827));
#5812 = ORIENTED_EDGE('',*,*,#1956,.T.);
#5813 = ORIENTED_EDGE('',*,*,#5814,.T.);
#5814 = EDGE_CURVE('',#1950,#644,#5815,.T.);
#5815 = ( BOUNDED_CURVE() B_SPLINE_CURVE(3,(#5816,#5817,#5818,#5819,
    #5820,#5821,#5822,#5823,#5824,#5825),.UNSPECIFIED.,.F.,.F.) 
B_SPLINE_CURVE_WITH_KNOTS((4,1,1,1,1,1,1,4),(0.,5.937462759188E-02,
    0.169261244735,0.329619903174,0.533683498435,0.722609230536,
0.888013402964,1.),.UNSPECIFIED.) CURVE() GEOMETRIC_REPRESENTATION_ITEM(
) RATIONAL_B_SPLINE_CURVE((1.,1.,1.,1.,1.,1.,1.,1.,1.,1.)) 
REPRESENTATION_ITEM('') );
#5816 = CARTESIAN_POINT('',(0.,-5.948669168243,-0.78315715332));
#5817 = CARTESIAN_POINT('',(36.384885512757,-46.6384613539,
    -6.858726627725));
#5818 = CARTESIAN_POINT('',(164.1400044123,-151.807210006,
    -22.01120537743));
#5819 = CARTESIAN_POINT('',(476.00449735354,-255.2332168984,
    -43.27540692717));
#5820 = CARTESIAN_POINT('',(943.3280351607,-257.1150288684,
    -58.91790678898));
#5821 = CARTESIAN_POINT('',(1.486434771408E+03,-265.850791798,
    -51.14250470425));
#5822 = CARTESIAN_POINT('',(2.027682666396E+03,-178.6062507937,
    -23.64093577434));
#5823 = CARTESIAN_POINT('',(2.477449574318E+03,-99.13591384784,
    2.68005137774));
#5824 = CARTESIAN_POINT('',(2.747888780157E+03,-84.46126958758,
    13.599201306988));
#5825 = CARTESIAN_POINT('',(2.85E+03,-34.70057014808,15.431583272298));
#5826 = ORIENTED_EDGE('',*,*,#643,.F.);
#5827 = ORIENTED_EDGE('',*,*,#5448,.F.);
#5828 = ( BOUNDED_SURFACE() B_SPLINE_SURFACE(1,3,(
    (#5829,#5830,#5831,#5832,#5833,#5834,#5835,#5836,#5837,#5838)
    ,(#5839,#5840,#5841,#5842,#5843,#5844,#5845,#5846,#5847,#5848
)),.UNSPECIFIED.,.F.,.F.,.F.) B_SPLINE_SURFACE_WITH_KNOTS((2,2),(4,1,1,1
    ,1,1,1,4),(24.,25.),(0.,5.937462759188E-02,0.169261244735,
    0.329619903174,0.533683498435,0.722609230536,0.888013402964,1.),
.UNSPECIFIED.) GEOMETRIC_REPRESENTATION_ITEM() RATIONAL_B_SPLINE_SURFACE
((
    (1.,1.,1.,1.,1.,1.,1.,1.,1.,1.)
,(1.,1.,1.,1.,1.,1.,1.,1.,1.,1.))) REPRESENTATION_ITEM('') SURFACE() );
#5829 = CARTESIAN_POINT('',(0.,-6.,7.347880794884E-16));
#5830 = CARTESIAN_POINT('',(36.384885512757,-47.04090279844,
    0.15037251613));
#5831 = CARTESIAN_POINT('',(164.1400044123,-153.117148437,0.539622812369
    ));
#5832 = CARTESIAN_POINT('',(476.00449735354,-257.4356142658,
    -5.404002139371));
#5833 = CARTESIAN_POINT('',(943.3280351607,-259.3336643171,
    -19.32896624016));
#5834 = CARTESIAN_POINT('',(1.486434771408E+03,-268.1448078006,
    -11.68924157854));
#5835 = CARTESIAN_POINT('',(2.027682666396E+03,-180.1474370912,
    3.820652817283));
#5836 = CARTESIAN_POINT('',(2.477449574318E+03,-99.99135374051,
    19.208050830248));
#5837 = CARTESIAN_POINT('',(2.747888780157E+03,-85.19008255341,
    25.631208244322));
#5838 = CARTESIAN_POINT('',(2.85E+03,-35.,20.));
#5839 = CARTESIAN_POINT('',(0.,-5.948669168243,-0.78315715332));
#5840 = CARTESIAN_POINT('',(36.384885512757,-46.6384613539,
    -6.858726627725));
#5841 = CARTESIAN_POINT('',(164.1400044123,-151.807210006,
    -22.01120537743));
#5842 = CARTESIAN_POINT('',(476.00449735354,-255.2332168984,
    -43.27540692717));
#5843 = CARTESIAN_POINT('',(943.3280351607,-257.1150288684,
    -58.91790678898));
#5844 = CARTESIAN_POINT('',(1.486434771408E+03,-265.850791798,
    -51.14250470425));
#5845 = CARTESIAN_POINT('',(2.027682666396E+03,-178.6062507937,
    -23.64093577434));
#5846 = CARTESIAN_POINT('',(2.477449574318E+03,-99.13591384784,
    2.68005137774));
#5847 = CARTESIAN_POINT('',(2.747888780157E+03,-84.46126958758,
    13.599201306988));
#5848 = CARTESIAN_POINT('',(2.85E+03,-34.70057014808,15.431583272298));
#5849 = ADVANCED_FACE('',(#5850),#5868,.T.);
#5850 = FACE_BOUND('',#5851,.T.);
#5851 = EDGE_LOOP('',(#5852,#5853,#5866,#5867));
#5852 = ORIENTED_EDGE('',*,*,#1949,.T.);
#5853 = ORIENTED_EDGE('',*,*,#5854,.T.);
#5854 = EDGE_CURVE('',#1943,#651,#5855,.T.);
#5855 = ( BOUNDED_CURVE() B_SPLINE_CURVE(3,(#5856,#5857,#5858,#5859,
    #5860,#5861,#5862,#5863,#5864,#5865),.UNSPECIFIED.,.F.,.F.) 
B_SPLINE_CURVE_WITH_KNOTS((4,1,1,1,1,1,1,4),(0.,5.937462759188E-02,
    0.169261244735,0.329619903174,0.533683498435,0.722609230536,
0.888013402964,1.),.UNSPECIFIED.) CURVE() GEOMETRIC_REPRESENTATION_ITEM(
) RATIONAL_B_SPLINE_CURVE((1.,1.,1.,1.,1.,1.,1.,1.,1.,1.)) 
REPRESENTATION_ITEM('') );
#5856 = CARTESIAN_POINT('',(0.,-5.795554957734,-1.552914270615));
#5857 = CARTESIAN_POINT('',(36.384885512757,-45.43802290497,
    -13.74789814193));
#5858 = CARTESIAN_POINT('',(164.1400044123,-147.899808123,
    -44.17618264464));
#5859 = CARTESIAN_POINT('',(476.00449735354,-248.6637084259,
    -80.49882147912));
#5860 = CARTESIAN_POINT('',(943.3280351607,-250.49708399,-97.82946958889
    ));
#5861 = CARTESIAN_POINT('',(1.486434771408E+03,-259.0079950399,
    -89.92071155936));
#5862 = CARTESIAN_POINT('',(2.027682666396E+03,-174.0090620262,
    -50.63264897138));
#5863 = CARTESIAN_POINT('',(2.477449574318E+03,-96.58423098356,
    -13.5651494217));
#5864 = CARTESIAN_POINT('',(2.747888780157E+03,-82.28730088204,
    1.773065344255));
#5865 = CARTESIAN_POINT('',(2.85E+03,-33.80740392011,10.941333421412));
#5866 = ORIENTED_EDGE('',*,*,#650,.F.);
#5867 = ORIENTED_EDGE('',*,*,#5814,.F.);
#5868 = ( BOUNDED_SURFACE() B_SPLINE_SURFACE(1,3,(
    (#5869,#5870,#5871,#5872,#5873,#5874,#5875,#5876,#5877,#5878)
    ,(#5879,#5880,#5881,#5882,#5883,#5884,#5885,#5886,#5887,#5888
)),.UNSPECIFIED.,.F.,.F.,.F.) B_SPLINE_SURFACE_WITH_KNOTS((2,2),(4,1,1,1
    ,1,1,1,4),(25.,26.),(0.,5.937462759188E-02,0.169261244735,
    0.329619903174,0.533683498435,0.722609230536,0.888013402964,1.),
.UNSPECIFIED.) GEOMETRIC_REPRESENTATION_ITEM() RATIONAL_B_SPLINE_SURFACE
((
    (1.,1.,1.,1.,1.,1.,1.,1.,1.,1.)
,(1.,1.,1.,1.,1.,1.,1.,1.,1.,1.))) REPRESENTATION_ITEM('') SURFACE() );
#5869 = CARTESIAN_POINT('',(0.,-5.948669168243,-0.78315715332));
#5870 = CARTESIAN_POINT('',(36.384885512757,-46.6384613539,
    -6.858726627725));
#5871 = CARTESIAN_POINT('',(164.1400044123,-151.807210006,
    -22.01120537743));
#5872 = CARTESIAN_POINT('',(476.00449735354,-255.2332168984,
    -43.27540692717));
#5873 = CARTESIAN_POINT('',(943.3280351607,-257.1150288684,
    -58.91790678898));
#5874 = CARTESIAN_POINT('',(1.486434771408E+03,-265.850791798,
    -51.14250470425));
#5875 = CARTESIAN_POINT('',(2.027682666396E+03,-178.6062507937,
    -23.64093577434));
#5876 = CARTESIAN_POINT('',(2.477449574318E+03,-99.13591384784,
    2.68005137774));
#5877 = CARTESIAN_POINT('',(2.747888780157E+03,-84.46126958758,
    13.599201306988));
#5878 = CARTESIAN_POINT('',(2.85E+03,-34.70057014808,15.431583272298));
#5879 = CARTESIAN_POINT('',(0.,-5.795554957734,-1.552914270615));
#5880 = CARTESIAN_POINT('',(36.384885512757,-45.43802290497,
    -13.74789814193));
#5881 = CARTESIAN_POINT('',(164.1400044123,-147.899808123,
    -44.17618264464));
#5882 = CARTESIAN_POINT('',(476.00449735354,-248.6637084259,
    -80.49882147912));
#5883 = CARTESIAN_POINT('',(943.3280351607,-250.49708399,-97.82946958889
    ));
#5884 = CARTESIAN_POINT('',(1.486434771408E+03,-259.0079950399,
    -89.92071155936));
#5885 = CARTESIAN_POINT('',(2.027682666396E+03,-174.0090620262,
    -50.63264897138));
#5886 = CARTESIAN_POINT('',(2.477449574318E+03,-96.58423098356,
    -13.5651494217));
#5887 = CARTESIAN_POINT('',(2.747888780157E+03,-82.28730088204,
    1.773065344255));
#5888 = CARTESIAN_POINT('',(2.85E+03,-33.80740392011,10.941333421412));
#5889 = ADVANCED_FACE('',(#5890),#5908,.T.);
#5890 = FACE_BOUND('',#5891,.T.);
#5891 = EDGE_LOOP('',(#5892,#5893,#5906,#5907));
#5892 = ORIENTED_EDGE('',*,*,#1942,.T.);
#5893 = ORIENTED_EDGE('',*,*,#5894,.T.);
#5894 = EDGE_CURVE('',#1936,#658,#5895,.T.);
#5895 = ( BOUNDED_CURVE() B_SPLINE_CURVE(3,(#5896,#5897,#5898,#5899,
    #5900,#5901,#5902,#5903,#5904,#5905),.UNSPECIFIED.,.F.,.F.) 
B_SPLINE_CURVE_WITH_KNOTS((4,1,1,1,1,1,1,4),(0.,5.937462759188E-02,
    0.169261244735,0.329619903174,0.533683498435,0.722609230536,
0.888013402964,1.),.UNSPECIFIED.) CURVE() GEOMETRIC_REPRESENTATION_ITEM(
) RATIONAL_B_SPLINE_CURVE((1.,1.,1.,1.,1.,1.,1.,1.,1.,1.)) 
REPRESENTATION_ITEM('') );
#5896 = CARTESIAN_POINT('',(0.,-5.543277195068,-2.296100594191));
#5897 = CARTESIAN_POINT('',(36.384885512757,-43.46012728633,
    -20.39926639186));
#5898 = CARTESIAN_POINT('',(164.1400044123,-141.4617995174,
    -65.57606008292));
#5899 = CARTESIAN_POINT('',(476.00449735354,-237.8394949596,
    -116.4373428519));
#5900 = CARTESIAN_POINT('',(943.3280351607,-239.5930645537,
    -135.397867012));
#5901 = CARTESIAN_POINT('',(1.486434771408E+03,-247.7334996761,
    -127.3603562732));
#5902 = CARTESIAN_POINT('',(2.027682666396E+03,-166.4345299629,
    -76.69265107751));
#5903 = CARTESIAN_POINT('',(2.477449574318E+03,-92.37996514894,
    -29.24959167839));
#5904 = CARTESIAN_POINT('',(2.747888780157E+03,-78.70537364405,
    -9.644851178735));
#5905 = CARTESIAN_POINT('',(2.85E+03,-32.33578363789,6.606079867222));
#5906 = ORIENTED_EDGE('',*,*,#657,.F.);
#5907 = ORIENTED_EDGE('',*,*,#5854,.F.);
#5908 = ( BOUNDED_SURFACE() B_SPLINE_SURFACE(1,3,(
    (#5909,#5910,#5911,#5912,#5913,#5914,#5915,#5916,#5917,#5918)
    ,(#5919,#5920,#5921,#5922,#5923,#5924,#5925,#5926,#5927,#5928
)),.UNSPECIFIED.,.F.,.F.,.F.) B_SPLINE_SURFACE_WITH_KNOTS((2,2),(4,1,1,1
    ,1,1,1,4),(26.,27.),(0.,5.937462759188E-02,0.169261244735,
    0.329619903174,0.533683498435,0.722609230536,0.888013402964,1.),
.UNSPECIFIED.) GEOMETRIC_REPRESENTATION_ITEM() RATIONAL_B_SPLINE_SURFACE
((
    (1.,1.,1.,1.,1.,1.,1.,1.,1.,1.)
,(1.,1.,1.,1.,1.,1.,1.,1.,1.,1.))) REPRESENTATION_ITEM('') SURFACE() );
#5909 = CARTESIAN_POINT('',(0.,-5.795554957734,-1.552914270615));
#5910 = CARTESIAN_POINT('',(36.384885512757,-45.43802290497,
    -13.74789814193));
#5911 = CARTESIAN_POINT('',(164.1400044123,-147.899808123,
    -44.17618264464));
#5912 = CARTESIAN_POINT('',(476.00449735354,-248.6637084259,
    -80.49882147912));
#5913 = CARTESIAN_POINT('',(943.3280351607,-250.49708399,-97.82946958889
    ));
#5914 = CARTESIAN_POINT('',(1.486434771408E+03,-259.0079950399,
    -89.92071155936));
#5915 = CARTESIAN_POINT('',(2.027682666396E+03,-174.0090620262,
    -50.63264897138));
#5916 = CARTESIAN_POINT('',(2.477449574318E+03,-96.58423098356,
    -13.5651494217));
#5917 = CARTESIAN_POINT('',(2.747888780157E+03,-82.28730088204,
    1.773065344255));
#5918 = CARTESIAN_POINT('',(2.85E+03,-33.80740392011,10.941333421412));
#5919 = CARTESIAN_POINT('',(0.,-5.543277195068,-2.296100594191));
#5920 = CARTESIAN_POINT('',(36.384885512757,-43.46012728633,
    -20.39926639186));
#5921 = CARTESIAN_POINT('',(164.1400044123,-141.4617995174,
    -65.57606008292));
#5922 = CARTESIAN_POINT('',(476.00449735354,-237.8394949596,
    -116.4373428519));
#5923 = CARTESIAN_POINT('',(943.3280351607,-239.5930645537,
    -135.397867012));
#5924 = CARTESIAN_POINT('',(1.486434771408E+03,-247.7334996761,
    -127.3603562732));
#5925 = CARTESIAN_POINT('',(2.027682666396E+03,-166.4345299629,
    -76.69265107751));
#5926 = CARTESIAN_POINT('',(2.477449574318E+03,-92.37996514894,
    -29.24959167839));
#5927 = CARTESIAN_POINT('',(2.747888780157E+03,-78.70537364405,
    -9.644851178735));
#5928 = CARTESIAN_POINT('',(2.85E+03,-32.33578363789,6.606079867222));
#5929 = ADVANCED_FACE('',(#5930),#5948,.T.);
#5930 = FACE_BOUND('',#5931,.T.);
#5931 = EDGE_LOOP('',(#5932,#5933,#5946,#5947));
#5932 = ORIENTED_EDGE('',*,*,#1935,.T.);
#5933 = ORIENTED_EDGE('',*,*,#5934,.T.);
#5934 = EDGE_CURVE('',#1929,#665,#5935,.T.);
#5935 = ( BOUNDED_CURVE() B_SPLINE_CURVE(3,(#5936,#5937,#5938,#5939,
    #5940,#5941,#5942,#5943,#5944,#5945),.UNSPECIFIED.,.F.,.F.) 
B_SPLINE_CURVE_WITH_KNOTS((4,1,1,1,1,1,1,4),(0.,5.937462759188E-02,
    0.169261244735,0.329619903174,0.533683498435,0.722609230536,
0.888013402964,1.),.UNSPECIFIED.) CURVE() GEOMETRIC_REPRESENTATION_ITEM(
) RATIONAL_B_SPLINE_CURVE((1.,1.,1.,1.,1.,1.,1.,1.,1.,1.)) 
REPRESENTATION_ITEM('') );
#5936 = CARTESIAN_POINT('',(0.,-5.196152422707,-3.));
#5937 = CARTESIAN_POINT('',(36.384885512757,-40.73861684041,
    -26.69902462263));
#5938 = CARTESIAN_POINT('',(164.1400044123,-132.6033403014,
    -85.84467985613));
#5939 = CARTESIAN_POINT('',(476.00449735354,-222.945781793,
    -150.4760529809));
#5940 = CARTESIAN_POINT('',(943.3280351607,-224.5895413551,
    -170.9802933626));
#5941 = CARTESIAN_POINT('',(1.486434771408E+03,-232.2202154482,
    -162.8208361446));
#5942 = CARTESIAN_POINT('',(2.027682666396E+03,-156.0122569476,
    -101.3750482314));
#5943 = CARTESIAN_POINT('',(2.477449574318E+03,-86.59505249808,
    -44.10491023676));
#5944 = CARTESIAN_POINT('',(2.747888780157E+03,-73.77677564174,
    -20.45918454461));
#5945 = CARTESIAN_POINT('',(2.85E+03,-30.31088913245,2.5));
#5946 = ORIENTED_EDGE('',*,*,#664,.F.);
#5947 = ORIENTED_EDGE('',*,*,#5894,.F.);
#5948 = ( BOUNDED_SURFACE() B_SPLINE_SURFACE(1,3,(
    (#5949,#5950,#5951,#5952,#5953,#5954,#5955,#5956,#5957,#5958)
    ,(#5959,#5960,#5961,#5962,#5963,#5964,#5965,#5966,#5967,#5968
)),.UNSPECIFIED.,.F.,.F.,.F.) B_SPLINE_SURFACE_WITH_KNOTS((2,2),(4,1,1,1
    ,1,1,1,4),(27.,28.),(0.,5.937462759188E-02,0.169261244735,
    0.329619903174,0.533683498435,0.722609230536,0.888013402964,1.),
.UNSPECIFIED.) GEOMETRIC_REPRESENTATION_ITEM() RATIONAL_B_SPLINE_SURFACE
((
    (1.,1.,1.,1.,1.,1.,1.,1.,1.,1.)
,(1.,1.,1.,1.,1.,1.,1.,1.,1.,1.))) REPRESENTATION_ITEM('') SURFACE() );
#5949 = CARTESIAN_POINT('',(0.,-5.543277195068,-2.296100594191));
#5950 = CARTESIAN_POINT('',(36.384885512757,-43.46012728633,
    -20.39926639186));
#5951 = CARTESIAN_POINT('',(164.1400044123,-141.4617995174,
    -65.57606008292));
#5952 = CARTESIAN_POINT('',(476.00449735354,-237.8394949596,
    -116.4373428519));
#5953 = CARTESIAN_POINT('',(943.3280351607,-239.5930645537,
    -135.397867012));
#5954 = CARTESIAN_POINT('',(1.486434771408E+03,-247.7334996761,
    -127.3603562732));
#5955 = CARTESIAN_POINT('',(2.027682666396E+03,-166.4345299629,
    -76.69265107751));
#5956 = CARTESIAN_POINT('',(2.477449574318E+03,-92.37996514894,
    -29.24959167839));
#5957 = CARTESIAN_POINT('',(2.747888780157E+03,-78.70537364405,
    -9.644851178735));
#5958 = CARTESIAN_POINT('',(2.85E+03,-32.33578363789,6.606079867222));
#5959 = CARTESIAN_POINT('',(0.,-5.196152422707,-3.));
#5960 = CARTESIAN_POINT('',(36.384885512757,-40.73861684041,
    -26.69902462263));
#5961 = CARTESIAN_POINT('',(164.1400044123,-132.6033403014,
    -85.84467985613));
#5962 = CARTESIAN_POINT('',(476.00449735354,-222.945781793,
    -150.4760529809));
#5963 = CARTESIAN_POINT('',(943.3280351607,-224.5895413551,
    -170.9802933626));
#5964 = CARTESIAN_POINT('',(1.486434771408E+03,-232.2202154482,
    -162.8208361446));
#5965 = CARTESIAN_POINT('',(2.027682666396E+03,-156.0122569476,
    -101.3750482314));
#5966 = CARTESIAN_POINT('',(2.477449574318E+03,-86.59505249808,
    -44.10491023676));
#5967 = CARTESIAN_POINT('',(2.747888780157E+03,-73.77677564174,
    -20.45918454461));
#5968 = CARTESIAN_POINT('',(2.85E+03,-30.31088913245,2.5));
#5969 = ADVANCED_FACE('',(#5970),#5988,.T.);
#5970 = FACE_BOUND('',#5971,.T.);
#5971 = EDGE_LOOP('',(#5972,#5973,#5986,#5987));
#5972 = ORIENTED_EDGE('',*,*,#1928,.T.);
#5973 = ORIENTED_EDGE('',*,*,#5974,.T.);
#5974 = EDGE_CURVE('',#1922,#672,#5975,.T.);
#5975 = ( BOUNDED_CURVE() B_SPLINE_CURVE(3,(#5976,#5977,#5978,#5979,
    #5980,#5981,#5982,#5983,#5984,#5985),.UNSPECIFIED.,.F.,.F.) 
B_SPLINE_CURVE_WITH_KNOTS((4,1,1,1,1,1,1,4),(0.,5.937462759188E-02,
    0.169261244735,0.329619903174,0.533683498435,0.722609230536,
0.888013402964,1.),.UNSPECIFIED.) CURVE() GEOMETRIC_REPRESENTATION_ITEM(
) RATIONAL_B_SPLINE_CURVE((1.,1.,1.,1.,1.,1.,1.,1.,1.,1.)) 
REPRESENTATION_ITEM('') );
#5976 = CARTESIAN_POINT('',(0.,-4.760120041747,-3.652568574052));
#5977 = CARTESIAN_POINT('',(36.384885512757,-37.32005736546,
    -32.5393822243));
#5978 = CARTESIAN_POINT('',(164.1400044123,-121.4760011683,
    -104.6352402604));
#5979 = CARTESIAN_POINT('',(476.00449735354,-204.2374044877,
    -182.0325400984));
#5980 = CARTESIAN_POINT('',(943.3280351607,-205.7432288359,
    -203.9679234604));
#5981 = CARTESIAN_POINT('',(1.486434771408E+03,-212.7335789503,
    -195.6954125313));
#5982 = CARTESIAN_POINT('',(2.027682666396E+03,-142.9205709612,
    -124.2575177747));
#5983 = CARTESIAN_POINT('',(2.477449574318E+03,-79.32847449027,
    -57.87692647761));
#5984 = CARTESIAN_POINT('',(2.747888780157E+03,-67.58583655343,
    -30.48489851121));
#5985 = CARTESIAN_POINT('',(2.85E+03,-27.76736691019,-1.306650015305));
#5986 = ORIENTED_EDGE('',*,*,#671,.F.);
#5987 = ORIENTED_EDGE('',*,*,#5934,.F.);
#5988 = ( BOUNDED_SURFACE() B_SPLINE_SURFACE(1,3,(
    (#5989,#5990,#5991,#5992,#5993,#5994,#5995,#5996,#5997,#5998)
    ,(#5999,#6000,#6001,#6002,#6003,#6004,#6005,#6006,#6007,#6008
)),.UNSPECIFIED.,.F.,.F.,.F.) B_SPLINE_SURFACE_WITH_KNOTS((2,2),(4,1,1,1
    ,1,1,1,4),(28.,29.),(0.,5.937462759188E-02,0.169261244735,
    0.329619903174,0.533683498435,0.722609230536,0.888013402964,1.),
.UNSPECIFIED.) GEOMETRIC_REPRESENTATION_ITEM() RATIONAL_B_SPLINE_SURFACE
((
    (1.,1.,1.,1.,1.,1.,1.,1.,1.,1.)
,(1.,1.,1.,1.,1.,1.,1.,1.,1.,1.))) REPRESENTATION_ITEM('') SURFACE() );
#5989 = CARTESIAN_POINT('',(0.,-5.196152422707,-3.));
#5990 = CARTESIAN_POINT('',(36.384885512757,-40.73861684041,
    -26.69902462263));
#5991 = CARTESIAN_POINT('',(164.1400044123,-132.6033403014,
    -85.84467985613));
#5992 = CARTESIAN_POINT('',(476.00449735354,-222.945781793,
    -150.4760529809));
#5993 = CARTESIAN_POINT('',(943.3280351607,-224.5895413551,
    -170.9802933626));
#5994 = CARTESIAN_POINT('',(1.486434771408E+03,-232.2202154482,
    -162.8208361446));
#5995 = CARTESIAN_POINT('',(2.027682666396E+03,-156.0122569476,
    -101.3750482314));
#5996 = CARTESIAN_POINT('',(2.477449574318E+03,-86.59505249808,
    -44.10491023676));
#5997 = CARTESIAN_POINT('',(2.747888780157E+03,-73.77677564174,
    -20.45918454461));
#5998 = CARTESIAN_POINT('',(2.85E+03,-30.31088913245,2.5));
#5999 = CARTESIAN_POINT('',(0.,-4.760120041747,-3.652568574052));
#6000 = CARTESIAN_POINT('',(36.384885512757,-37.32005736546,
    -32.5393822243));
#6001 = CARTESIAN_POINT('',(164.1400044123,-121.4760011683,
    -104.6352402604));
#6002 = CARTESIAN_POINT('',(476.00449735354,-204.2374044877,
    -182.0325400984));
#6003 = CARTESIAN_POINT('',(943.3280351607,-205.7432288359,
    -203.9679234604));
#6004 = CARTESIAN_POINT('',(1.486434771408E+03,-212.7335789503,
    -195.6954125313));
#6005 = CARTESIAN_POINT('',(2.027682666396E+03,-142.9205709612,
    -124.2575177747));
#6006 = CARTESIAN_POINT('',(2.477449574318E+03,-79.32847449027,
    -57.87692647761));
#6007 = CARTESIAN_POINT('',(2.747888780157E+03,-67.58583655343,
    -30.48489851121));
#6008 = CARTESIAN_POINT('',(2.85E+03,-27.76736691019,-1.306650015305));
#6009 = ADVANCED_FACE('',(#6010),#6028,.T.);
#6010 = FACE_BOUND('',#6011,.T.);
#6011 = EDGE_LOOP('',(#6012,#6013,#6026,#6027));
#6012 = ORIENTED_EDGE('',*,*,#1921,.T.);
#6013 = ORIENTED_EDGE('',*,*,#6014,.T.);
#6014 = EDGE_CURVE('',#1915,#679,#6015,.T.);
#6015 = ( BOUNDED_CURVE() B_SPLINE_CURVE(3,(#6016,#6017,#6018,#6019,
    #6020,#6021,#6022,#6023,#6024,#6025),.UNSPECIFIED.,.F.,.F.) 
B_SPLINE_CURVE_WITH_KNOTS((4,1,1,1,1,1,1,4),(0.,5.937462759188E-02,
    0.169261244735,0.329619903174,0.533683498435,0.722609230536,
0.888013402964,1.),.UNSPECIFIED.) CURVE() GEOMETRIC_REPRESENTATION_ITEM(
) RATIONAL_B_SPLINE_CURVE((1.,1.,1.,1.,1.,1.,1.,1.,1.,1.)) 
REPRESENTATION_ITEM('') );
#6016 = CARTESIAN_POINT('',(0.,-4.242640687119,-4.242640687119));
#6017 = CARTESIAN_POINT('',(36.384885512757,-33.26294136192,
    -37.82040905905));
#6018 = CARTESIAN_POINT('',(164.1400044123,-108.2701739757,
    -121.6262295975));
#6019 = CARTESIAN_POINT('',(476.00449735354,-182.0344685663,
    -210.5668639607));
#6020 = CARTESIAN_POINT('',(943.3280351607,-183.3765926285,
    -233.7963298086));
#6021 = CARTESIAN_POINT('',(1.486434771408E+03,-189.6070119357,
    -225.4215923169));
#6022 = CARTESIAN_POINT('',(2.027682666396E+03,-127.3834743805,
    -144.9485343092));
#6023 = CARTESIAN_POINT('',(2.477449574318E+03,-70.70456428993,
    -70.32999738472));
#6024 = CARTESIAN_POINT('',(2.747888780157E+03,-60.23848506336,
    -39.5504503329));
#6025 = CARTESIAN_POINT('',(2.85E+03,-24.74873734152,-4.748737341529));
#6026 = ORIENTED_EDGE('',*,*,#678,.F.);
#6027 = ORIENTED_EDGE('',*,*,#5974,.F.);
#6028 = ( BOUNDED_SURFACE() B_SPLINE_SURFACE(1,3,(
    (#6029,#6030,#6031,#6032,#6033,#6034,#6035,#6036,#6037,#6038)
    ,(#6039,#6040,#6041,#6042,#6043,#6044,#6045,#6046,#6047,#6048
)),.UNSPECIFIED.,.F.,.F.,.F.) B_SPLINE_SURFACE_WITH_KNOTS((2,2),(4,1,1,1
    ,1,1,1,4),(29.,30.),(0.,5.937462759188E-02,0.169261244735,
    0.329619903174,0.533683498435,0.722609230536,0.888013402964,1.),
.UNSPECIFIED.) GEOMETRIC_REPRESENTATION_ITEM() RATIONAL_B_SPLINE_SURFACE
((
    (1.,1.,1.,1.,1.,1.,1.,1.,1.,1.)
,(1.,1.,1.,1.,1.,1.,1.,1.,1.,1.))) REPRESENTATION_ITEM('') SURFACE() );
#6029 = CARTESIAN_POINT('',(0.,-4.760120041747,-3.652568574052));
#6030 = CARTESIAN_POINT('',(36.384885512757,-37.32005736546,
    -32.5393822243));
#6031 = CARTESIAN_POINT('',(164.1400044123,-121.4760011683,
    -104.6352402604));
#6032 = CARTESIAN_POINT('',(476.00449735354,-204.2374044877,
    -182.0325400984));
#6033 = CARTESIAN_POINT('',(943.3280351607,-205.7432288359,
    -203.9679234604));
#6034 = CARTESIAN_POINT('',(1.486434771408E+03,-212.7335789503,
    -195.6954125313));
#6035 = CARTESIAN_POINT('',(2.027682666396E+03,-142.9205709612,
    -124.2575177747));
#6036 = CARTESIAN_POINT('',(2.477449574318E+03,-79.32847449027,
    -57.87692647761));
#6037 = CARTESIAN_POINT('',(2.747888780157E+03,-67.58583655343,
    -30.48489851121));
#6038 = CARTESIAN_POINT('',(2.85E+03,-27.76736691019,-1.306650015305));
#6039 = CARTESIAN_POINT('',(0.,-4.242640687119,-4.242640687119));
#6040 = CARTESIAN_POINT('',(36.384885512757,-33.26294136192,
    -37.82040905905));
#6041 = CARTESIAN_POINT('',(164.1400044123,-108.2701739757,
    -121.6262295975));
#6042 = CARTESIAN_POINT('',(476.00449735354,-182.0344685663,
    -210.5668639607));
#6043 = CARTESIAN_POINT('',(943.3280351607,-183.3765926285,
    -233.7963298086));
#6044 = CARTESIAN_POINT('',(1.486434771408E+03,-189.6070119357,
    -225.4215923169));
#6045 = CARTESIAN_POINT('',(2.027682666396E+03,-127.3834743805,
    -144.9485343092));
#6046 = CARTESIAN_POINT('',(2.477449574318E+03,-70.70456428993,
    -70.32999738472));
#6047 = CARTESIAN_POINT('',(2.747888780157E+03,-60.23848506336,
    -39.5504503329));
#6048 = CARTESIAN_POINT('',(2.85E+03,-24.74873734152,-4.748737341529));
#6049 = ADVANCED_FACE('',(#6050),#6068,.T.);
#6050 = FACE_BOUND('',#6051,.T.);
#6051 = EDGE_LOOP('',(#6052,#6053,#6066,#6067));
#6052 = ORIENTED_EDGE('',*,*,#1914,.T.);
#6053 = ORIENTED_EDGE('',*,*,#6054,.T.);
#6054 = EDGE_CURVE('',#1908,#686,#6055,.T.);
#6055 = ( BOUNDED_CURVE() B_SPLINE_CURVE(3,(#6056,#6057,#6058,#6059,
    #6060,#6061,#6062,#6063,#6064,#6065),.UNSPECIFIED.,.F.,.F.) 
B_SPLINE_CURVE_WITH_KNOTS((4,1,1,1,1,1,1,4),(0.,5.937462759188E-02,
    0.169261244735,0.329619903174,0.533683498435,0.722609230536,
0.888013402964,1.),.UNSPECIFIED.) CURVE() GEOMETRIC_REPRESENTATION_ITEM(
) RATIONAL_B_SPLINE_CURVE((1.,1.,1.,1.,1.,1.,1.,1.,1.,1.)) 
REPRESENTATION_ITEM('') );
#6056 = CARTESIAN_POINT('',(0.,-3.652568574052,-4.760120041747));
#6057 = CARTESIAN_POINT('',(36.384885512757,-28.63668720944,
    -42.45174529356));
#6058 = CARTESIAN_POINT('',(164.1400044123,-93.21181408825,
    -136.5269273292));
#6059 = CARTESIAN_POINT('',(476.00449735354,-156.7168724182,
    -235.5907943754));
#6060 = CARTESIAN_POINT('',(943.3280351607,-157.8723320797,
    -259.9551401045));
#6061 = CARTESIAN_POINT('',(1.486434771408E+03,-163.2362163779,
    -251.4907523235));
#6062 = CARTESIAN_POINT('',(2.027682666396E+03,-109.6668112359,
    -163.0940688053));
#6063 = CARTESIAN_POINT('',(2.477449574318E+03,-60.87087939158,
    -81.25104746224));
#6064 = CARTESIAN_POINT('',(2.747888780157E+03,-51.86043639259,
    -47.50072590456));
#6065 = CARTESIAN_POINT('',(2.85E+03,-21.3066500153,-7.767366910193));
#6066 = ORIENTED_EDGE('',*,*,#685,.F.);
#6067 = ORIENTED_EDGE('',*,*,#6014,.F.);
#6068 = ( BOUNDED_SURFACE() B_SPLINE_SURFACE(1,3,(
    (#6069,#6070,#6071,#6072,#6073,#6074,#6075,#6076,#6077,#6078)
    ,(#6079,#6080,#6081,#6082,#6083,#6084,#6085,#6086,#6087,#6088
)),.UNSPECIFIED.,.F.,.F.,.F.) B_SPLINE_SURFACE_WITH_KNOTS((2,2),(4,1,1,1
    ,1,1,1,4),(30.,31.),(0.,5.937462759188E-02,0.169261244735,
    0.329619903174,0.533683498435,0.722609230536,0.888013402964,1.),
.UNSPECIFIED.) GEOMETRIC_REPRESENTATION_ITEM() RATIONAL_B_SPLINE_SURFACE
((
    (1.,1.,1.,1.,1.,1.,1.,1.,1.,1.)
,(1.,1.,1.,1.,1.,1.,1.,1.,1.,1.))) REPRESENTATION_ITEM('') SURFACE() );
#6069 = CARTESIAN_POINT('',(0.,-4.242640687119,-4.242640687119));
#6070 = CARTESIAN_POINT('',(36.384885512757,-33.26294136192,
    -37.82040905905));
#6071 = CARTESIAN_POINT('',(164.1400044123,-108.2701739757,
    -121.6262295975));
#6072 = CARTESIAN_POINT('',(476.00449735354,-182.0344685663,
    -210.5668639607));
#6073 = CARTESIAN_POINT('',(943.3280351607,-183.3765926285,
    -233.7963298086));
#6074 = CARTESIAN_POINT('',(1.486434771408E+03,-189.6070119357,
    -225.4215923169));
#6075 = CARTESIAN_POINT('',(2.027682666396E+03,-127.3834743805,
    -144.9485343092));
#6076 = CARTESIAN_POINT('',(2.477449574318E+03,-70.70456428993,
    -70.32999738472));
#6077 = CARTESIAN_POINT('',(2.747888780157E+03,-60.23848506336,
    -39.5504503329));
#6078 = CARTESIAN_POINT('',(2.85E+03,-24.74873734152,-4.748737341529));
#6079 = CARTESIAN_POINT('',(0.,-3.652568574052,-4.760120041747));
#6080 = CARTESIAN_POINT('',(36.384885512757,-28.63668720944,
    -42.45174529356));
#6081 = CARTESIAN_POINT('',(164.1400044123,-93.21181408825,
    -136.5269273292));
#6082 = CARTESIAN_POINT('',(476.00449735354,-156.7168724182,
    -235.5907943754));
#6083 = CARTESIAN_POINT('',(943.3280351607,-157.8723320797,
    -259.9551401045));
#6084 = CARTESIAN_POINT('',(1.486434771408E+03,-163.2362163779,
    -251.4907523235));
#6085 = CARTESIAN_POINT('',(2.027682666396E+03,-109.6668112359,
    -163.0940688053));
#6086 = CARTESIAN_POINT('',(2.477449574318E+03,-60.87087939158,
    -81.25104746224));
#6087 = CARTESIAN_POINT('',(2.747888780157E+03,-51.86043639259,
    -47.50072590456));
#6088 = CARTESIAN_POINT('',(2.85E+03,-21.3066500153,-7.767366910193));
#6089 = ADVANCED_FACE('',(#6090),#6108,.T.);
#6090 = FACE_BOUND('',#6091,.T.);
#6091 = EDGE_LOOP('',(#6092,#6093,#6106,#6107));
#6092 = ORIENTED_EDGE('',*,*,#1907,.T.);
#6093 = ORIENTED_EDGE('',*,*,#6094,.T.);
#6094 = EDGE_CURVE('',#1901,#693,#6095,.T.);
#6095 = ( BOUNDED_CURVE() B_SPLINE_CURVE(3,(#6096,#6097,#6098,#6099,
    #6100,#6101,#6102,#6103,#6104,#6105),.UNSPECIFIED.,.F.,.F.) 
B_SPLINE_CURVE_WITH_KNOTS((4,1,1,1,1,1,1,4),(0.,5.937462759188E-02,
    0.169261244735,0.329619903174,0.533683498435,0.722609230536,
0.888013402964,1.),.UNSPECIFIED.) CURVE() GEOMETRIC_REPRESENTATION_ITEM(
) RATIONAL_B_SPLINE_CURVE((1.,1.,1.,1.,1.,1.,1.,1.,1.,1.)) 
REPRESENTATION_ITEM('') );
#6096 = CARTESIAN_POINT('',(0.,-3.,-5.196152422707));
#6097 = CARTESIAN_POINT('',(36.384885512757,-23.52045139922,
    -46.3541474808));
#6098 = CARTESIAN_POINT('',(164.1400044123,-76.5585742185,
    -149.0823783858));
#6099 = CARTESIAN_POINT('',(476.00449735354,-128.7178071329,
    -256.6761649551));
#6100 = CARTESIAN_POINT('',(943.3280351607,-129.6668321585,
    -281.9967698515));
#6101 = CARTESIAN_POINT('',(1.486434771408E+03,-134.0724039003,
    -273.4568419958));
#6102 = CARTESIAN_POINT('',(2.027682666396E+03,-90.07371854561,
    -178.383646137));
#6103 = CARTESIAN_POINT('',(2.477449574318E+03,-49.99567687025,
    -90.45321451545));
#6104 = CARTESIAN_POINT('',(2.747888780157E+03,-42.5950412767,
    -54.19969380692));
#6105 = CARTESIAN_POINT('',(2.85E+03,-17.5,-10.31088913245));
#6106 = ORIENTED_EDGE('',*,*,#692,.F.);
#6107 = ORIENTED_EDGE('',*,*,#6054,.F.);
#6108 = ( BOUNDED_SURFACE() B_SPLINE_SURFACE(1,3,(
    (#6109,#6110,#6111,#6112,#6113,#6114,#6115,#6116,#6117,#6118)
    ,(#6119,#6120,#6121,#6122,#6123,#6124,#6125,#6126,#6127,#6128
)),.UNSPECIFIED.,.F.,.F.,.F.) B_SPLINE_SURFACE_WITH_KNOTS((2,2),(4,1,1,1
    ,1,1,1,4),(31.,32.),(0.,5.937462759188E-02,0.169261244735,
    0.329619903174,0.533683498435,0.722609230536,0.888013402964,1.),
.UNSPECIFIED.) GEOMETRIC_REPRESENTATION_ITEM() RATIONAL_B_SPLINE_SURFACE
((
    (1.,1.,1.,1.,1.,1.,1.,1.,1.,1.)
,(1.,1.,1.,1.,1.,1.,1.,1.,1.,1.))) REPRESENTATION_ITEM('') SURFACE() );
#6109 = CARTESIAN_POINT('',(0.,-3.652568574052,-4.760120041747));
#6110 = CARTESIAN_POINT('',(36.384885512757,-28.63668720944,
    -42.45174529356));
#6111 = CARTESIAN_POINT('',(164.1400044123,-93.21181408825,
    -136.5269273292));
#6112 = CARTESIAN_POINT('',(476.00449735354,-156.7168724182,
    -235.5907943754));
#6113 = CARTESIAN_POINT('',(943.3280351607,-157.8723320797,
    -259.9551401045));
#6114 = CARTESIAN_POINT('',(1.486434771408E+03,-163.2362163779,
    -251.4907523235));
#6115 = CARTESIAN_POINT('',(2.027682666396E+03,-109.6668112359,
    -163.0940688053));
#6116 = CARTESIAN_POINT('',(2.477449574318E+03,-60.87087939158,
    -81.25104746224));
#6117 = CARTESIAN_POINT('',(2.747888780157E+03,-51.86043639259,
    -47.50072590456));
#6118 = CARTESIAN_POINT('',(2.85E+03,-21.3066500153,-7.767366910193));
#6119 = CARTESIAN_POINT('',(0.,-3.,-5.196152422707));
#6120 = CARTESIAN_POINT('',(36.384885512757,-23.52045139922,
    -46.3541474808));
#6121 = CARTESIAN_POINT('',(164.1400044123,-76.5585742185,
    -149.0823783858));
#6122 = CARTESIAN_POINT('',(476.00449735354,-128.7178071329,
    -256.6761649551));
#6123 = CARTESIAN_POINT('',(943.3280351607,-129.6668321585,
    -281.9967698515));
#6124 = CARTESIAN_POINT('',(1.486434771408E+03,-134.0724039003,
    -273.4568419958));
#6125 = CARTESIAN_POINT('',(2.027682666396E+03,-90.07371854561,
    -178.383646137));
#6126 = CARTESIAN_POINT('',(2.477449574318E+03,-49.99567687025,
    -90.45321451545));
#6127 = CARTESIAN_POINT('',(2.747888780157E+03,-42.5950412767,
    -54.19969380692));
#6128 = CARTESIAN_POINT('',(2.85E+03,-17.5,-10.31088913245));
#6129 = ADVANCED_FACE('',(#6130),#6148,.T.);
#6130 = FACE_BOUND('',#6131,.T.);
#6131 = EDGE_LOOP('',(#6132,#6133,#6146,#6147));
#6132 = ORIENTED_EDGE('',*,*,#1900,.T.);
#6133 = ORIENTED_EDGE('',*,*,#6134,.T.);
#6134 = EDGE_CURVE('',#1894,#700,#6135,.T.);
#6135 = ( BOUNDED_CURVE() B_SPLINE_CURVE(3,(#6136,#6137,#6138,#6139,
    #6140,#6141,#6142,#6143,#6144,#6145),.UNSPECIFIED.,.F.,.F.) 
B_SPLINE_CURVE_WITH_KNOTS((4,1,1,1,1,1,1,4),(0.,5.937462759188E-02,
    0.169261244735,0.329619903174,0.533683498435,0.722609230536,
0.888013402964,1.),.UNSPECIFIED.) CURVE() GEOMETRIC_REPRESENTATION_ITEM(
) RATIONAL_B_SPLINE_CURVE((1.,1.,1.,1.,1.,1.,1.,1.,1.,1.)) 
REPRESENTATION_ITEM('') );
#6136 = CARTESIAN_POINT('',(0.,-2.296100594191,-5.543277195068));
#6137 = CARTESIAN_POINT('',(36.384885512757,-18.00177414446,
    -49.46084443741));
#6138 = CARTESIAN_POINT('',(164.1400044123,-58.59539591783,
    -159.077755519));
#6139 = CARTESIAN_POINT('',(476.00449735354,-98.51634448027,
    -273.4621991632));
#6140 = CARTESIAN_POINT('',(943.3280351607,-99.24269678869,
    -299.5440806533));
#6141 = CARTESIAN_POINT('',(1.486434771408E+03,-102.61457542,
    -290.9440154492));
#6142 = CARTESIAN_POINT('',(2.027682666396E+03,-68.93943955784,
    -190.555657397));
#6143 = CARTESIAN_POINT('',(2.477449574318E+03,-38.26503445624,
    -97.77904691475));
#6144 = CARTESIAN_POINT('',(2.747888780157E+03,-32.600833195,
    -59.53273284189));
#6145 = CARTESIAN_POINT('',(2.85E+03,-13.39392013277,-12.33578363789));
#6146 = ORIENTED_EDGE('',*,*,#699,.F.);
#6147 = ORIENTED_EDGE('',*,*,#6094,.F.);
#6148 = ( BOUNDED_SURFACE() B_SPLINE_SURFACE(1,3,(
    (#6149,#6150,#6151,#6152,#6153,#6154,#6155,#6156,#6157,#6158)
    ,(#6159,#6160,#6161,#6162,#6163,#6164,#6165,#6166,#6167,#6168
)),.UNSPECIFIED.,.F.,.F.,.F.) B_SPLINE_SURFACE_WITH_KNOTS((2,2),(4,1,1,1
    ,1,1,1,4),(32.,33.),(0.,5.937462759188E-02,0.169261244735,
    0.329619903174,0.533683498435,0.722609230536,0.888013402964,1.),
.UNSPECIFIED.) GEOMETRIC_REPRESENTATION_ITEM() RATIONAL_B_SPLINE_SURFACE
((
    (1.,1.,1.,1.,1.,1.,1.,1.,1.,1.)
,(1.,1.,1.,1.,1.,1.,1.,1.,1.,1.))) REPRESENTATION_ITEM('') SURFACE() );
#6149 = CARTESIAN_POINT('',(0.,-3.,-5.196152422707));
#6150 = CARTESIAN_POINT('',(36.384885512757,-23.52045139922,
    -46.3541474808));
#6151 = CARTESIAN_POINT('',(164.1400044123,-76.5585742185,
    -149.0823783858));
#6152 = CARTESIAN_POINT('',(476.00449735354,-128.7178071329,
    -256.6761649551));
#6153 = CARTESIAN_POINT('',(943.3280351607,-129.6668321585,
    -281.9967698515));
#6154 = CARTESIAN_POINT('',(1.486434771408E+03,-134.0724039003,
    -273.4568419958));
#6155 = CARTESIAN_POINT('',(2.027682666396E+03,-90.07371854561,
    -178.383646137));
#6156 = CARTESIAN_POINT('',(2.477449574318E+03,-49.99567687025,
    -90.45321451545));
#6157 = CARTESIAN_POINT('',(2.747888780157E+03,-42.5950412767,
    -54.19969380692));
#6158 = CARTESIAN_POINT('',(2.85E+03,-17.5,-10.31088913245));
#6159 = CARTESIAN_POINT('',(0.,-2.296100594191,-5.543277195068));
#6160 = CARTESIAN_POINT('',(36.384885512757,-18.00177414446,
    -49.46084443741));
#6161 = CARTESIAN_POINT('',(164.1400044123,-58.59539591783,
    -159.077755519));
#6162 = CARTESIAN_POINT('',(476.00449735354,-98.51634448027,
    -273.4621991632));
#6163 = CARTESIAN_POINT('',(943.3280351607,-99.24269678869,
    -299.5440806533));
#6164 = CARTESIAN_POINT('',(1.486434771408E+03,-102.61457542,
    -290.9440154492));
#6165 = CARTESIAN_POINT('',(2.027682666396E+03,-68.93943955784,
    -190.555657397));
#6166 = CARTESIAN_POINT('',(2.477449574318E+03,-38.26503445624,
    -97.77904691475));
#6167 = CARTESIAN_POINT('',(2.747888780157E+03,-32.600833195,
    -59.53273284189));
#6168 = CARTESIAN_POINT('',(2.85E+03,-13.39392013277,-12.33578363789));
#6169 = ADVANCED_FACE('',(#6170),#6188,.T.);
#6170 = FACE_BOUND('',#6171,.T.);
#6171 = EDGE_LOOP('',(#6172,#6173,#6186,#6187));
#6172 = ORIENTED_EDGE('',*,*,#1893,.T.);
#6173 = ORIENTED_EDGE('',*,*,#6174,.T.);
#6174 = EDGE_CURVE('',#1887,#707,#6175,.T.);
#6175 = ( BOUNDED_CURVE() B_SPLINE_CURVE(3,(#6176,#6177,#6178,#6179,
    #6180,#6181,#6182,#6183,#6184,#6185),.UNSPECIFIED.,.F.,.F.) 
B_SPLINE_CURVE_WITH_KNOTS((4,1,1,1,1,1,1,4),(0.,5.937462759188E-02,
    0.169261244735,0.329619903174,0.533683498435,0.722609230536,
0.888013402964,1.),.UNSPECIFIED.) CURVE() GEOMETRIC_REPRESENTATION_ITEM(
) RATIONAL_B_SPLINE_CURVE((1.,1.,1.,1.,1.,1.,1.,1.,1.,1.)) 
REPRESENTATION_ITEM('') );
#6176 = CARTESIAN_POINT('',(0.,-1.552914270615,-5.795554957734));
#6177 = CARTESIAN_POINT('',(36.384885512757,-12.17508154305,
    -51.71867971712));
#6178 = CARTESIAN_POINT('',(164.1400044123,-39.62963414728,
    -166.3420350545));
#6179 = CARTESIAN_POINT('',(476.00449735354,-66.62923985967,
    -285.6616833005));
#6180 = CARTESIAN_POINT('',(943.3280351607,-67.12049136149,
    -312.2968331573));
#6181 = CARTESIAN_POINT('',(1.486434771408E+03,-69.40098310415,
    -303.6530622977));
#6182 = CARTESIAN_POINT('',(2.027682666396E+03,-46.62558764562,
    -199.4018360979));
#6183 = CARTESIAN_POINT('',(2.477449574318E+03,-25.87966669362,
    -103.1031976366));
#6184 = CARTESIAN_POINT('',(2.747888780157E+03,-22.04881581868,
    -63.40859323296));
#6185 = CARTESIAN_POINT('',(2.85E+03,-9.058666578588,-13.80740392011));
#6186 = ORIENTED_EDGE('',*,*,#706,.F.);
#6187 = ORIENTED_EDGE('',*,*,#6134,.F.);
#6188 = ( BOUNDED_SURFACE() B_SPLINE_SURFACE(1,3,(
    (#6189,#6190,#6191,#6192,#6193,#6194,#6195,#6196,#6197,#6198)
    ,(#6199,#6200,#6201,#6202,#6203,#6204,#6205,#6206,#6207,#6208
)),.UNSPECIFIED.,.F.,.F.,.F.) B_SPLINE_SURFACE_WITH_KNOTS((2,2),(4,1,1,1
    ,1,1,1,4),(33.,34.),(0.,5.937462759188E-02,0.169261244735,
    0.329619903174,0.533683498435,0.722609230536,0.888013402964,1.),
.UNSPECIFIED.) GEOMETRIC_REPRESENTATION_ITEM() RATIONAL_B_SPLINE_SURFACE
((
    (1.,1.,1.,1.,1.,1.,1.,1.,1.,1.)
,(1.,1.,1.,1.,1.,1.,1.,1.,1.,1.))) REPRESENTATION_ITEM('') SURFACE() );
#6189 = CARTESIAN_POINT('',(0.,-2.296100594191,-5.543277195068));
#6190 = CARTESIAN_POINT('',(36.384885512757,-18.00177414446,
    -49.46084443741));
#6191 = CARTESIAN_POINT('',(164.1400044123,-58.59539591783,
    -159.077755519));
#6192 = CARTESIAN_POINT('',(476.00449735354,-98.51634448027,
    -273.4621991632));
#6193 = CARTESIAN_POINT('',(943.3280351607,-99.24269678869,
    -299.5440806533));
#6194 = CARTESIAN_POINT('',(1.486434771408E+03,-102.61457542,
    -290.9440154492));
#6195 = CARTESIAN_POINT('',(2.027682666396E+03,-68.93943955784,
    -190.555657397));
#6196 = CARTESIAN_POINT('',(2.477449574318E+03,-38.26503445624,
    -97.77904691475));
#6197 = CARTESIAN_POINT('',(2.747888780157E+03,-32.600833195,
    -59.53273284189));
#6198 = CARTESIAN_POINT('',(2.85E+03,-13.39392013277,-12.33578363789));
#6199 = CARTESIAN_POINT('',(0.,-1.552914270615,-5.795554957734));
#6200 = CARTESIAN_POINT('',(36.384885512757,-12.17508154305,
    -51.71867971712));
#6201 = CARTESIAN_POINT('',(164.1400044123,-39.62963414728,
    -166.3420350545));
#6202 = CARTESIAN_POINT('',(476.00449735354,-66.62923985967,
    -285.6616833005));
#6203 = CARTESIAN_POINT('',(943.3280351607,-67.12049136149,
    -312.2968331573));
#6204 = CARTESIAN_POINT('',(1.486434771408E+03,-69.40098310415,
    -303.6530622977));
#6205 = CARTESIAN_POINT('',(2.027682666396E+03,-46.62558764562,
    -199.4018360979));
#6206 = CARTESIAN_POINT('',(2.477449574318E+03,-25.87966669362,
    -103.1031976366));
#6207 = CARTESIAN_POINT('',(2.747888780157E+03,-22.04881581868,
    -63.40859323296));
#6208 = CARTESIAN_POINT('',(2.85E+03,-9.058666578588,-13.80740392011));
#6209 = ADVANCED_FACE('',(#6210),#6228,.T.);
#6210 = FACE_BOUND('',#6211,.T.);
#6211 = EDGE_LOOP('',(#6212,#6213,#6226,#6227));
#6212 = ORIENTED_EDGE('',*,*,#1886,.T.);
#6213 = ORIENTED_EDGE('',*,*,#6214,.T.);
#6214 = EDGE_CURVE('',#1880,#714,#6215,.T.);
#6215 = ( BOUNDED_CURVE() B_SPLINE_CURVE(3,(#6216,#6217,#6218,#6219,
    #6220,#6221,#6222,#6223,#6224,#6225),.UNSPECIFIED.,.F.,.F.) 
B_SPLINE_CURVE_WITH_KNOTS((4,1,1,1,1,1,1,4),(0.,5.937462759188E-02,
    0.169261244735,0.329619903174,0.533683498435,0.722609230536,
0.888013402964,1.),.UNSPECIFIED.) CURVE() GEOMETRIC_REPRESENTATION_ITEM(
) RATIONAL_B_SPLINE_CURVE((1.,1.,1.,1.,1.,1.,1.,1.,1.,1.)) 
REPRESENTATION_ITEM('') );
#6216 = CARTESIAN_POINT('',(0.,-0.78315715332,-5.948669168243));
#6217 = CARTESIAN_POINT('',(36.384885512757,-6.140069920875,
    -53.0890211323));
#6218 = CARTESIAN_POINT('',(164.1400044123,-19.98579834907,
    -170.7509231557));
#6219 = CARTESIAN_POINT('',(476.00449735354,-33.60209047195,
    -293.065880811));
#6220 = CARTESIAN_POINT('',(943.3280351607,-33.84983571778,
    -320.0368242323));
#6221 = CARTESIAN_POINT('',(1.486434771408E+03,-34.99992072579,
    -311.366527226));
#6222 = CARTESIAN_POINT('',(2.027682666396E+03,-23.51395900172,
    -204.7708216695));
#6223 = CARTESIAN_POINT('',(2.477449574318E+03,-13.05149065867,
    -106.3345689862));
#6224 = CARTESIAN_POINT('',(2.747888780157E+03,-11.1195370906,
    -65.76095793427));
#6225 = CARTESIAN_POINT('',(2.85E+03,-4.568416727702,-14.70057014808));
#6226 = ORIENTED_EDGE('',*,*,#713,.F.);
#6227 = ORIENTED_EDGE('',*,*,#6174,.F.);
#6228 = ( BOUNDED_SURFACE() B_SPLINE_SURFACE(1,3,(
    (#6229,#6230,#6231,#6232,#6233,#6234,#6235,#6236,#6237,#6238)
    ,(#6239,#6240,#6241,#6242,#6243,#6244,#6245,#6246,#6247,#6248
)),.UNSPECIFIED.,.F.,.F.,.F.) B_SPLINE_SURFACE_WITH_KNOTS((2,2),(4,1,1,1
    ,1,1,1,4),(34.,35.),(0.,5.937462759188E-02,0.169261244735,
    0.329619903174,0.533683498435,0.722609230536,0.888013402964,1.),
.UNSPECIFIED.) GEOMETRIC_REPRESENTATION_ITEM() RATIONAL_B_SPLINE_SURFACE
((
    (1.,1.,1.,1.,1.,1.,1.,1.,1.,1.)
,(1.,1.,1.,1.,1.,1.,1.,1.,1.,1.))) REPRESENTATION_ITEM('') SURFACE() );
#6229 = CARTESIAN_POINT('',(0.,-1.552914270615,-5.795554957734));
#6230 = CARTESIAN_POINT('',(36.384885512757,-12.17508154305,
    -51.71867971712));
#6231 = CARTESIAN_POINT('',(164.1400044123,-39.62963414728,
    -166.3420350545));
#6232 = CARTESIAN_POINT('',(476.00449735354,-66.62923985967,
    -285.6616833005));
#6233 = CARTESIAN_POINT('',(943.3280351607,-67.12049136149,
    -312.2968331573));
#6234 = CARTESIAN_POINT('',(1.486434771408E+03,-69.40098310415,
    -303.6530622977));
#6235 = CARTESIAN_POINT('',(2.027682666396E+03,-46.62558764562,
    -199.4018360979));
#6236 = CARTESIAN_POINT('',(2.477449574318E+03,-25.87966669362,
    -103.1031976366));
#6237 = CARTESIAN_POINT('',(2.747888780157E+03,-22.04881581868,
    -63.40859323296));
#6238 = CARTESIAN_POINT('',(2.85E+03,-9.058666578588,-13.80740392011));
#6239 = CARTESIAN_POINT('',(0.,-0.78315715332,-5.948669168243));
#6240 = CARTESIAN_POINT('',(36.384885512757,-6.140069920875,
    -53.0890211323));
#6241 = CARTESIAN_POINT('',(164.1400044123,-19.98579834907,
    -170.7509231557));
#6242 = CARTESIAN_POINT('',(476.00449735354,-33.60209047195,
    -293.065880811));
#6243 = CARTESIAN_POINT('',(943.3280351607,-33.84983571778,
    -320.0368242323));
#6244 = CARTESIAN_POINT('',(1.486434771408E+03,-34.99992072579,
    -311.366527226));
#6245 = CARTESIAN_POINT('',(2.027682666396E+03,-23.51395900172,
    -204.7708216695));
#6246 = CARTESIAN_POINT('',(2.477449574318E+03,-13.05149065867,
    -106.3345689862));
#6247 = CARTESIAN_POINT('',(2.747888780157E+03,-11.1195370906,
    -65.76095793427));
#6248 = CARTESIAN_POINT('',(2.85E+03,-4.568416727702,-14.70057014808));
#6249 = ADVANCED_FACE('',(#6250),#6268,.T.);
#6250 = FACE_BOUND('',#6251,.T.);
#6251 = EDGE_LOOP('',(#6252,#6253,#6266,#6267));
#6252 = ORIENTED_EDGE('',*,*,#1879,.T.);
#6253 = ORIENTED_EDGE('',*,*,#6254,.T.);
#6254 = EDGE_CURVE('',#1873,#721,#6255,.T.);
#6255 = ( BOUNDED_CURVE() B_SPLINE_CURVE(3,(#6256,#6257,#6258,#6259,
    #6260,#6261,#6262,#6263,#6264,#6265),.UNSPECIFIED.,.F.,.F.) 
B_SPLINE_CURVE_WITH_KNOTS((4,1,1,1,1,1,1,4),(0.,5.937462759188E-02,
    0.169261244735,0.329619903174,0.533683498435,0.722609230536,
0.888013402964,1.),.UNSPECIFIED.) CURVE() GEOMETRIC_REPRESENTATION_ITEM(
) RATIONAL_B_SPLINE_CURVE((1.,1.,1.,1.,1.,1.,1.,1.,1.,1.)) 
REPRESENTATION_ITEM('') );
#6256 = CARTESIAN_POINT('',(0.,-1.102182119233E-15,-6.));
#6257 = CARTESIAN_POINT('',(36.384885512757,-8.641273656168E-15,
    -53.5484217614));
#6258 = CARTESIAN_POINT('',(164.1400044123,-2.812716385919E-14,
    -172.2289825246));
#6259 = CARTESIAN_POINT('',(476.00449735354,-4.729015514958E-14,
    -295.5481038225));
#6260 = CARTESIAN_POINT('',(943.3280351607,-4.763882128757E-14,
    -322.631620485));
#6261 = CARTESIAN_POINT('',(1.486434771408E+03,-4.925740208715E-14,
    -313.9524307106));
#6262 = CARTESIAN_POINT('',(2.027682666396E+03,-3.309254733126E-14,
    -206.5707492802));
#6263 = CARTESIAN_POINT('',(2.477449574318E+03,-1.836811369511E-14,
    -107.4178713037));
#6264 = CARTESIAN_POINT('',(2.747888780157E+03,-1.564916428772E-14,
    -66.54957733355));
#6265 = CARTESIAN_POINT('',(2.85E+03,-6.429395695524E-15,-15.));
#6266 = ORIENTED_EDGE('',*,*,#720,.F.);
#6267 = ORIENTED_EDGE('',*,*,#6214,.F.);
#6268 = ( BOUNDED_SURFACE() B_SPLINE_SURFACE(1,3,(
    (#6269,#6270,#6271,#6272,#6273,#6274,#6275,#6276,#6277,#6278)
    ,(#6279,#6280,#6281,#6282,#6283,#6284,#6285,#6286,#6287,#6288
)),.UNSPECIFIED.,.F.,.F.,.F.) B_SPLINE_SURFACE_WITH_KNOTS((2,2),(4,1,1,1
    ,1,1,1,4),(35.,36.),(0.,5.937462759188E-02,0.169261244735,
    0.329619903174,0.533683498435,0.722609230536,0.888013402964,1.),
.UNSPECIFIED.) GEOMETRIC_REPRESENTATION_ITEM() RATIONAL_B_SPLINE_SURFACE
((
    (1.,1.,1.,1.,1.,1.,1.,1.,1.,1.)
,(1.,1.,1.,1.,1.,1.,1.,1.,1.,1.))) REPRESENTATION_ITEM('') SURFACE() );
#6269 = CARTESIAN_POINT('',(0.,-0.78315715332,-5.948669168243));
#6270 = CARTESIAN_POINT('',(36.384885512757,-6.140069920875,
    -53.0890211323));
#6271 = CARTESIAN_POINT('',(164.1400044123,-19.98579834907,
    -170.7509231557));
#6272 = CARTESIAN_POINT('',(476.00449735354,-33.60209047195,
    -293.065880811));
#6273 = CARTESIAN_POINT('',(943.3280351607,-33.84983571778,
    -320.0368242323));
#6274 = CARTESIAN_POINT('',(1.486434771408E+03,-34.99992072579,
    -311.366527226));
#6275 = CARTESIAN_POINT('',(2.027682666396E+03,-23.51395900172,
    -204.7708216695));
#6276 = CARTESIAN_POINT('',(2.477449574318E+03,-13.05149065867,
    -106.3345689862));
#6277 = CARTESIAN_POINT('',(2.747888780157E+03,-11.1195370906,
    -65.76095793427));
#6278 = CARTESIAN_POINT('',(2.85E+03,-4.568416727702,-14.70057014808));
#6279 = CARTESIAN_POINT('',(0.,-1.102182119233E-15,-6.));
#6280 = CARTESIAN_POINT('',(36.384885512757,-8.641273656168E-15,
    -53.5484217614));
#6281 = CARTESIAN_POINT('',(164.1400044123,-2.812716385919E-14,
    -172.2289825246));
#6282 = CARTESIAN_POINT('',(476.00449735354,-4.729015514958E-14,
    -295.5481038225));
#6283 = CARTESIAN_POINT('',(943.3280351607,-4.763882128757E-14,
    -322.631620485));
#6284 = CARTESIAN_POINT('',(1.486434771408E+03,-4.925740208715E-14,
    -313.9524307106));
#6285 = CARTESIAN_POINT('',(2.027682666396E+03,-3.309254733126E-14,
    -206.5707492802));
#6286 = CARTESIAN_POINT('',(2.477449574318E+03,-1.836811369511E-14,
    -107.4178713037));
#6287 = CARTESIAN_POINT('',(2.747888780157E+03,-1.564916428772E-14,
    -66.54957733355));
#6288 = CARTESIAN_POINT('',(2.85E+03,-6.429395695524E-15,-15.));
#6289 = ADVANCED_FACE('',(#6290),#6308,.T.);
#6290 = FACE_BOUND('',#6291,.T.);
#6291 = EDGE_LOOP('',(#6292,#6293,#6306,#6307));
#6292 = ORIENTED_EDGE('',*,*,#1872,.T.);
#6293 = ORIENTED_EDGE('',*,*,#6294,.T.);
#6294 = EDGE_CURVE('',#1866,#728,#6295,.T.);
#6295 = ( BOUNDED_CURVE() B_SPLINE_CURVE(3,(#6296,#6297,#6298,#6299,
    #6300,#6301,#6302,#6303,#6304,#6305),.UNSPECIFIED.,.F.,.F.) 
B_SPLINE_CURVE_WITH_KNOTS((4,1,1,1,1,1,1,4),(0.,5.937462759188E-02,
    0.169261244735,0.329619903174,0.533683498435,0.722609230536,
0.888013402964,1.),.UNSPECIFIED.) CURVE() GEOMETRIC_REPRESENTATION_ITEM(
) RATIONAL_B_SPLINE_CURVE((1.,1.,1.,1.,1.,1.,1.,1.,1.,1.)) 
REPRESENTATION_ITEM('') );
#6296 = CARTESIAN_POINT('',(0.,0.78315715332,-5.948669168243));
#6297 = CARTESIAN_POINT('',(36.384885512757,6.140069920875,
    -53.0890211323));
#6298 = CARTESIAN_POINT('',(164.1400044123,19.985798349075,
    -170.7509231557));
#6299 = CARTESIAN_POINT('',(476.00449735354,33.602090471952,
    -293.065880811));
#6300 = CARTESIAN_POINT('',(943.3280351607,33.849835717788,
    -320.0368242323));
#6301 = CARTESIAN_POINT('',(1.486434771408E+03,34.999920725794,
    -311.366527226));
#6302 = CARTESIAN_POINT('',(2.027682666396E+03,23.513959001721,
    -204.7708216695));
#6303 = CARTESIAN_POINT('',(2.477449574318E+03,13.051490658676,
    -106.3345689862));
#6304 = CARTESIAN_POINT('',(2.747888780157E+03,11.11953709061,
    -65.76095793426));
#6305 = CARTESIAN_POINT('',(2.85E+03,4.568416727702,-14.70057014808));
#6306 = ORIENTED_EDGE('',*,*,#727,.F.);
#6307 = ORIENTED_EDGE('',*,*,#6254,.F.);
#6308 = ( BOUNDED_SURFACE() B_SPLINE_SURFACE(1,3,(
    (#6309,#6310,#6311,#6312,#6313,#6314,#6315,#6316,#6317,#6318)
    ,(#6319,#6320,#6321,#6322,#6323,#6324,#6325,#6326,#6327,#6328
)),.UNSPECIFIED.,.F.,.F.,.F.) B_SPLINE_SURFACE_WITH_KNOTS((2,2),(4,1,1,1
    ,1,1,1,4),(36.,37.),(0.,5.937462759188E-02,0.169261244735,
    0.329619903174,0.533683498435,0.722609230536,0.888013402964,1.),
.UNSPECIFIED.) GEOMETRIC_REPRESENTATION_ITEM() RATIONAL_B_SPLINE_SURFACE
((
    (1.,1.,1.,1.,1.,1.,1.,1.,1.,1.)
,(1.,1.,1.,1.,1.,1.,1.,1.,1.,1.))) REPRESENTATION_ITEM('') SURFACE() );
#6309 = CARTESIAN_POINT('',(0.,-1.102182119233E-15,-6.));
#6310 = CARTESIAN_POINT('',(36.384885512757,-8.641273656168E-15,
    -53.5484217614));
#6311 = CARTESIAN_POINT('',(164.1400044123,-2.812716385919E-14,
    -172.2289825246));
#6312 = CARTESIAN_POINT('',(476.00449735354,-4.729015514958E-14,
    -295.5481038225));
#6313 = CARTESIAN_POINT('',(943.3280351607,-4.763882128757E-14,
    -322.631620485));
#6314 = CARTESIAN_POINT('',(1.486434771408E+03,-4.925740208715E-14,
    -313.9524307106));
#6315 = CARTESIAN_POINT('',(2.027682666396E+03,-3.309254733126E-14,
    -206.5707492802));
#6316 = CARTESIAN_POINT('',(2.477449574318E+03,-1.836811369511E-14,
    -107.4178713037));
#6317 = CARTESIAN_POINT('',(2.747888780157E+03,-1.564916428772E-14,
    -66.54957733355));
#6318 = CARTESIAN_POINT('',(2.85E+03,-6.429395695524E-15,-15.));
#6319 = CARTESIAN_POINT('',(0.,0.78315715332,-5.948669168243));
#6320 = CARTESIAN_POINT('',(36.384885512757,6.140069920875,
    -53.0890211323));
#6321 = CARTESIAN_POINT('',(164.1400044123,19.985798349075,
    -170.7509231557));
#6322 = CARTESIAN_POINT('',(476.00449735354,33.602090471952,
    -293.065880811));
#6323 = CARTESIAN_POINT('',(943.3280351607,33.849835717788,
    -320.0368242323));
#6324 = CARTESIAN_POINT('',(1.486434771408E+03,34.999920725794,
    -311.366527226));
#6325 = CARTESIAN_POINT('',(2.027682666396E+03,23.513959001721,
    -204.7708216695));
#6326 = CARTESIAN_POINT('',(2.477449574318E+03,13.051490658676,
    -106.3345689862));
#6327 = CARTESIAN_POINT('',(2.747888780157E+03,11.11953709061,
    -65.76095793426));
#6328 = CARTESIAN_POINT('',(2.85E+03,4.568416727702,-14.70057014808));
#6329 = ADVANCED_FACE('',(#6330),#6348,.T.);
#6330 = FACE_BOUND('',#6331,.T.);
#6331 = EDGE_LOOP('',(#6332,#6333,#6346,#6347));
#6332 = ORIENTED_EDGE('',*,*,#1865,.T.);
#6333 = ORIENTED_EDGE('',*,*,#6334,.T.);
#6334 = EDGE_CURVE('',#1859,#735,#6335,.T.);
#6335 = ( BOUNDED_CURVE() B_SPLINE_CURVE(3,(#6336,#6337,#6338,#6339,
    #6340,#6341,#6342,#6343,#6344,#6345),.UNSPECIFIED.,.F.,.F.) 
B_SPLINE_CURVE_WITH_KNOTS((4,1,1,1,1,1,1,4),(0.,5.937462759188E-02,
    0.169261244735,0.329619903174,0.533683498435,0.722609230536,
0.888013402964,1.),.UNSPECIFIED.) CURVE() GEOMETRIC_REPRESENTATION_ITEM(
) RATIONAL_B_SPLINE_CURVE((1.,1.,1.,1.,1.,1.,1.,1.,1.,1.)) 
REPRESENTATION_ITEM('') );
#6336 = CARTESIAN_POINT('',(0.,1.552914270615,-5.795554957734));
#6337 = CARTESIAN_POINT('',(36.384885512757,12.175081543055,
    -51.71867971712));
#6338 = CARTESIAN_POINT('',(164.1400044123,39.629634147287,
    -166.3420350545));
#6339 = CARTESIAN_POINT('',(476.00449735354,66.629239859671,
    -285.6616833005));
#6340 = CARTESIAN_POINT('',(943.3280351607,67.120491361496,
    -312.2968331573));
#6341 = CARTESIAN_POINT('',(1.486434771408E+03,69.400983104158,
    -303.6530622977));
#6342 = CARTESIAN_POINT('',(2.027682666396E+03,46.62558764562,
    -199.4018360979));
#6343 = CARTESIAN_POINT('',(2.477449574318E+03,25.879666693628,
    -103.1031976366));
#6344 = CARTESIAN_POINT('',(2.747888780157E+03,22.048815818679,
    -63.40859323296));
#6345 = CARTESIAN_POINT('',(2.85E+03,9.058666578588,-13.80740392011));
#6346 = ORIENTED_EDGE('',*,*,#734,.F.);
#6347 = ORIENTED_EDGE('',*,*,#6294,.F.);
#6348 = ( BOUNDED_SURFACE() B_SPLINE_SURFACE(1,3,(
    (#6349,#6350,#6351,#6352,#6353,#6354,#6355,#6356,#6357,#6358)
    ,(#6359,#6360,#6361,#6362,#6363,#6364,#6365,#6366,#6367,#6368
)),.UNSPECIFIED.,.F.,.F.,.F.) B_SPLINE_SURFACE_WITH_KNOTS((2,2),(4,1,1,1
    ,1,1,1,4),(37.,38.),(0.,5.937462759188E-02,0.169261244735,
    0.329619903174,0.533683498435,0.722609230536,0.888013402964,1.),
.UNSPECIFIED.) GEOMETRIC_REPRESENTATION_ITEM() RATIONAL_B_SPLINE_SURFACE
((
    (1.,1.,1.,1.,1.,1.,1.,1.,1.,1.)
,(1.,1.,1.,1.,1.,1.,1.,1.,1.,1.))) REPRESENTATION_ITEM('') SURFACE() );
#6349 = CARTESIAN_POINT('',(0.,0.78315715332,-5.948669168243));
#6350 = CARTESIAN_POINT('',(36.384885512757,6.140069920875,
    -53.0890211323));
#6351 = CARTESIAN_POINT('',(164.1400044123,19.985798349075,
    -170.7509231557));
#6352 = CARTESIAN_POINT('',(476.00449735354,33.602090471952,
    -293.065880811));
#6353 = CARTESIAN_POINT('',(943.3280351607,33.849835717788,
    -320.0368242323));
#6354 = CARTESIAN_POINT('',(1.486434771408E+03,34.999920725794,
    -311.366527226));
#6355 = CARTESIAN_POINT('',(2.027682666396E+03,23.513959001721,
    -204.7708216695));
#6356 = CARTESIAN_POINT('',(2.477449574318E+03,13.051490658676,
    -106.3345689862));
#6357 = CARTESIAN_POINT('',(2.747888780157E+03,11.11953709061,
    -65.76095793426));
#6358 = CARTESIAN_POINT('',(2.85E+03,4.568416727702,-14.70057014808));
#6359 = CARTESIAN_POINT('',(0.,1.552914270615,-5.795554957734));
#6360 = CARTESIAN_POINT('',(36.384885512757,12.175081543055,
    -51.71867971712));
#6361 = CARTESIAN_POINT('',(164.1400044123,39.629634147287,
    -166.3420350545));
#6362 = CARTESIAN_POINT('',(476.00449735354,66.629239859671,
    -285.6616833005));
#6363 = CARTESIAN_POINT('',(943.3280351607,67.120491361496,
    -312.2968331573));
#6364 = CARTESIAN_POINT('',(1.486434771408E+03,69.400983104158,
    -303.6530622977));
#6365 = CARTESIAN_POINT('',(2.027682666396E+03,46.62558764562,
    -199.4018360979));
#6366 = CARTESIAN_POINT('',(2.477449574318E+03,25.879666693628,
    -103.1031976366));
#6367 = CARTESIAN_POINT('',(2.747888780157E+03,22.048815818679,
    -63.40859323296));
#6368 = CARTESIAN_POINT('',(2.85E+03,9.058666578588,-13.80740392011));
#6369 = ADVANCED_FACE('',(#6370),#6388,.T.);
#6370 = FACE_BOUND('',#6371,.T.);
#6371 = EDGE_LOOP('',(#6372,#6373,#6386,#6387));
#6372 = ORIENTED_EDGE('',*,*,#1858,.T.);
#6373 = ORIENTED_EDGE('',*,*,#6374,.T.);
#6374 = EDGE_CURVE('',#1852,#742,#6375,.T.);
#6375 = ( BOUNDED_CURVE() B_SPLINE_CURVE(3,(#6376,#6377,#6378,#6379,
    #6380,#6381,#6382,#6383,#6384,#6385),.UNSPECIFIED.,.F.,.F.) 
B_SPLINE_CURVE_WITH_KNOTS((4,1,1,1,1,1,1,4),(0.,5.937462759188E-02,
    0.169261244735,0.329619903174,0.533683498435,0.722609230536,
0.888013402964,1.),.UNSPECIFIED.) CURVE() GEOMETRIC_REPRESENTATION_ITEM(
) RATIONAL_B_SPLINE_CURVE((1.,1.,1.,1.,1.,1.,1.,1.,1.,1.)) 
REPRESENTATION_ITEM('') );
#6376 = CARTESIAN_POINT('',(0.,2.296100594191,-5.543277195068));
#6377 = CARTESIAN_POINT('',(36.384885512757,18.001774144463,
    -49.46084443741));
#6378 = CARTESIAN_POINT('',(164.1400044123,58.59539591783,-159.077755519
    ));
#6379 = CARTESIAN_POINT('',(476.00449735354,98.516344480274,
    -273.4621991632));
#6380 = CARTESIAN_POINT('',(943.3280351607,99.242696788694,
    -299.5440806533));
#6381 = CARTESIAN_POINT('',(1.486434771408E+03,102.61457542002,
    -290.9440154492));
#6382 = CARTESIAN_POINT('',(2.027682666396E+03,68.939439557849,
    -190.555657397));
#6383 = CARTESIAN_POINT('',(2.477449574318E+03,38.265034456249,
    -97.77904691474));
#6384 = CARTESIAN_POINT('',(2.747888780157E+03,32.600833195007,
    -59.53273284189));
#6385 = CARTESIAN_POINT('',(2.85E+03,13.393920132778,-12.33578363789));
#6386 = ORIENTED_EDGE('',*,*,#741,.F.);
#6387 = ORIENTED_EDGE('',*,*,#6334,.F.);
#6388 = ( BOUNDED_SURFACE() B_SPLINE_SURFACE(1,3,(
    (#6389,#6390,#6391,#6392,#6393,#6394,#6395,#6396,#6397,#6398)
    ,(#6399,#6400,#6401,#6402,#6403,#6404,#6405,#6406,#6407,#6408
)),.UNSPECIFIED.,.F.,.F.,.F.) B_SPLINE_SURFACE_WITH_KNOTS((2,2),(4,1,1,1
    ,1,1,1,4),(38.,39.),(0.,5.937462759188E-02,0.169261244735,
    0.329619903174,0.533683498435,0.722609230536,0.888013402964,1.),
.UNSPECIFIED.) GEOMETRIC_REPRESENTATION_ITEM() RATIONAL_B_SPLINE_SURFACE
((
    (1.,1.,1.,1.,1.,1.,1.,1.,1.,1.)
,(1.,1.,1.,1.,1.,1.,1.,1.,1.,1.))) REPRESENTATION_ITEM('') SURFACE() );
#6389 = CARTESIAN_POINT('',(0.,1.552914270615,-5.795554957734));
#6390 = CARTESIAN_POINT('',(36.384885512757,12.175081543055,
    -51.71867971712));
#6391 = CARTESIAN_POINT('',(164.1400044123,39.629634147287,
    -166.3420350545));
#6392 = CARTESIAN_POINT('',(476.00449735354,66.629239859671,
    -285.6616833005));
#6393 = CARTESIAN_POINT('',(943.3280351607,67.120491361496,
    -312.2968331573));
#6394 = CARTESIAN_POINT('',(1.486434771408E+03,69.400983104158,
    -303.6530622977));
#6395 = CARTESIAN_POINT('',(2.027682666396E+03,46.62558764562,
    -199.4018360979));
#6396 = CARTESIAN_POINT('',(2.477449574318E+03,25.879666693628,
    -103.1031976366));
#6397 = CARTESIAN_POINT('',(2.747888780157E+03,22.048815818679,
    -63.40859323296));
#6398 = CARTESIAN_POINT('',(2.85E+03,9.058666578588,-13.80740392011));
#6399 = CARTESIAN_POINT('',(0.,2.296100594191,-5.543277195068));
#6400 = CARTESIAN_POINT('',(36.384885512757,18.001774144463,
    -49.46084443741));
#6401 = CARTESIAN_POINT('',(164.1400044123,58.59539591783,-159.077755519
    ));
#6402 = CARTESIAN_POINT('',(476.00449735354,98.516344480274,
    -273.4621991632));
#6403 = CARTESIAN_POINT('',(943.3280351607,99.242696788694,
    -299.5440806533));
#6404 = CARTESIAN_POINT('',(1.486434771408E+03,102.61457542002,
    -290.9440154492));
#6405 = CARTESIAN_POINT('',(2.027682666396E+03,68.939439557849,
    -190.555657397));
#6406 = CARTESIAN_POINT('',(2.477449574318E+03,38.265034456249,
    -97.77904691474));
#6407 = CARTESIAN_POINT('',(2.747888780157E+03,32.600833195007,
    -59.53273284189));
#6408 = CARTESIAN_POINT('',(2.85E+03,13.393920132778,-12.33578363789));
#6409 = ADVANCED_FACE('',(#6410),#6428,.T.);
#6410 = FACE_BOUND('',#6411,.T.);
#6411 = EDGE_LOOP('',(#6412,#6413,#6426,#6427));
#6412 = ORIENTED_EDGE('',*,*,#1851,.T.);
#6413 = ORIENTED_EDGE('',*,*,#6414,.T.);
#6414 = EDGE_CURVE('',#1845,#749,#6415,.T.);
#6415 = ( BOUNDED_CURVE() B_SPLINE_CURVE(3,(#6416,#6417,#6418,#6419,
    #6420,#6421,#6422,#6423,#6424,#6425),.UNSPECIFIED.,.F.,.F.) 
B_SPLINE_CURVE_WITH_KNOTS((4,1,1,1,1,1,1,4),(0.,5.937462759188E-02,
    0.169261244735,0.329619903174,0.533683498435,0.722609230536,
0.888013402964,1.),.UNSPECIFIED.) CURVE() GEOMETRIC_REPRESENTATION_ITEM(
) RATIONAL_B_SPLINE_CURVE((1.,1.,1.,1.,1.,1.,1.,1.,1.,1.)) 
REPRESENTATION_ITEM('') );
#6416 = CARTESIAN_POINT('',(0.,3.,-5.196152422707));
#6417 = CARTESIAN_POINT('',(36.384885512757,23.520451399223,
    -46.3541474808));
#6418 = CARTESIAN_POINT('',(164.1400044123,76.558574218506,
    -149.0823783858));
#6419 = CARTESIAN_POINT('',(476.00449735354,128.71780713292,
    -256.6761649551));
#6420 = CARTESIAN_POINT('',(943.3280351607,129.66683215856,
    -281.9967698515));
#6421 = CARTESIAN_POINT('',(1.486434771408E+03,134.07240390031,
    -273.4568419958));
#6422 = CARTESIAN_POINT('',(2.027682666396E+03,90.07371854562,
    -178.383646137));
#6423 = CARTESIAN_POINT('',(2.477449574318E+03,49.995676870251,
    -90.45321451545));
#6424 = CARTESIAN_POINT('',(2.747888780157E+03,42.595041276713,
    -54.19969380692));
#6425 = CARTESIAN_POINT('',(2.85E+03,17.5,-10.31088913245));
#6426 = ORIENTED_EDGE('',*,*,#748,.F.);
#6427 = ORIENTED_EDGE('',*,*,#6374,.F.);
#6428 = ( BOUNDED_SURFACE() B_SPLINE_SURFACE(1,3,(
    (#6429,#6430,#6431,#6432,#6433,#6434,#6435,#6436,#6437,#6438)
    ,(#6439,#6440,#6441,#6442,#6443,#6444,#6445,#6446,#6447,#6448
)),.UNSPECIFIED.,.F.,.F.,.F.) B_SPLINE_SURFACE_WITH_KNOTS((2,2),(4,1,1,1
    ,1,1,1,4),(39.,40.),(0.,5.937462759188E-02,0.169261244735,
    0.329619903174,0.533683498435,0.722609230536,0.888013402964,1.),
.UNSPECIFIED.) GEOMETRIC_REPRESENTATION_ITEM() RATIONAL_B_SPLINE_SURFACE
((
    (1.,1.,1.,1.,1.,1.,1.,1.,1.,1.)
,(1.,1.,1.,1.,1.,1.,1.,1.,1.,1.))) REPRESENTATION_ITEM('') SURFACE() );
#6429 = CARTESIAN_POINT('',(0.,2.296100594191,-5.543277195068));
#6430 = CARTESIAN_POINT('',(36.384885512757,18.001774144463,
    -49.46084443741));
#6431 = CARTESIAN_POINT('',(164.1400044123,58.59539591783,-159.077755519
    ));
#6432 = CARTESIAN_POINT('',(476.00449735354,98.516344480274,
    -273.4621991632));
#6433 = CARTESIAN_POINT('',(943.3280351607,99.242696788694,
    -299.5440806533));
#6434 = CARTESIAN_POINT('',(1.486434771408E+03,102.61457542002,
    -290.9440154492));
#6435 = CARTESIAN_POINT('',(2.027682666396E+03,68.939439557849,
    -190.555657397));
#6436 = CARTESIAN_POINT('',(2.477449574318E+03,38.265034456249,
    -97.77904691474));
#6437 = CARTESIAN_POINT('',(2.747888780157E+03,32.600833195007,
    -59.53273284189));
#6438 = CARTESIAN_POINT('',(2.85E+03,13.393920132778,-12.33578363789));
#6439 = CARTESIAN_POINT('',(0.,3.,-5.196152422707));
#6440 = CARTESIAN_POINT('',(36.384885512757,23.520451399223,
    -46.3541474808));
#6441 = CARTESIAN_POINT('',(164.1400044123,76.558574218506,
    -149.0823783858));
#6442 = CARTESIAN_POINT('',(476.00449735354,128.71780713292,
    -256.6761649551));
#6443 = CARTESIAN_POINT('',(943.3280351607,129.66683215856,
    -281.9967698515));
#6444 = CARTESIAN_POINT('',(1.486434771408E+03,134.07240390031,
    -273.4568419958));
#6445 = CARTESIAN_POINT('',(2.027682666396E+03,90.07371854562,
    -178.383646137));
#6446 = CARTESIAN_POINT('',(2.477449574318E+03,49.995676870251,
    -90.45321451545));
#6447 = CARTESIAN_POINT('',(2.747888780157E+03,42.595041276713,
    -54.19969380692));
#6448 = CARTESIAN_POINT('',(2.85E+03,17.5,-10.31088913245));
#6449 = ADVANCED_FACE('',(#6450),#6468,.T.);
#6450 = FACE_BOUND('',#6451,.T.);
#6451 = EDGE_LOOP('',(#6452,#6453,#6466,#6467));
#6452 = ORIENTED_EDGE('',*,*,#1844,.T.);
#6453 = ORIENTED_EDGE('',*,*,#6454,.T.);
#6454 = EDGE_CURVE('',#1838,#756,#6455,.T.);
#6455 = ( BOUNDED_CURVE() B_SPLINE_CURVE(3,(#6456,#6457,#6458,#6459,
    #6460,#6461,#6462,#6463,#6464,#6465),.UNSPECIFIED.,.F.,.F.) 
B_SPLINE_CURVE_WITH_KNOTS((4,1,1,1,1,1,1,4),(0.,5.937462759188E-02,
    0.169261244735,0.329619903174,0.533683498435,0.722609230536,
0.888013402964,1.),.UNSPECIFIED.) CURVE() GEOMETRIC_REPRESENTATION_ITEM(
) RATIONAL_B_SPLINE_CURVE((1.,1.,1.,1.,1.,1.,1.,1.,1.,1.)) 
REPRESENTATION_ITEM('') );
#6456 = CARTESIAN_POINT('',(0.,3.652568574052,-4.760120041747));
#6457 = CARTESIAN_POINT('',(36.384885512757,28.636687209442,
    -42.45174529356));
#6458 = CARTESIAN_POINT('',(164.1400044123,93.211814088256,
    -136.5269273292));
#6459 = CARTESIAN_POINT('',(476.00449735354,156.71687241822,
    -235.5907943754));
#6460 = CARTESIAN_POINT('',(943.3280351607,157.87233207976,
    -259.9551401045));
#6461 = CARTESIAN_POINT('',(1.486434771408E+03,163.23621637797,
    -251.4907523235));
#6462 = CARTESIAN_POINT('',(2.027682666396E+03,109.66681123592,
    -163.0940688053));
#6463 = CARTESIAN_POINT('',(2.477449574318E+03,60.870879391583,
    -81.25104746224));
#6464 = CARTESIAN_POINT('',(2.747888780157E+03,51.860436392596,
    -47.50072590456));
#6465 = CARTESIAN_POINT('',(2.85E+03,21.306650015305,-7.767366910193));
#6466 = ORIENTED_EDGE('',*,*,#755,.F.);
#6467 = ORIENTED_EDGE('',*,*,#6414,.F.);
#6468 = ( BOUNDED_SURFACE() B_SPLINE_SURFACE(1,3,(
    (#6469,#6470,#6471,#6472,#6473,#6474,#6475,#6476,#6477,#6478)
    ,(#6479,#6480,#6481,#6482,#6483,#6484,#6485,#6486,#6487,#6488
)),.UNSPECIFIED.,.F.,.F.,.F.) B_SPLINE_SURFACE_WITH_KNOTS((2,2),(4,1,1,1
    ,1,1,1,4),(40.,41.),(0.,5.937462759188E-02,0.169261244735,
    0.329619903174,0.533683498435,0.722609230536,0.888013402964,1.),
.UNSPECIFIED.) GEOMETRIC_REPRESENTATION_ITEM() RATIONAL_B_SPLINE_SURFACE
((
    (1.,1.,1.,1.,1.,1.,1.,1.,1.,1.)
,(1.,1.,1.,1.,1.,1.,1.,1.,1.,1.))) REPRESENTATION_ITEM('') SURFACE() );
#6469 = CARTESIAN_POINT('',(0.,3.,-5.196152422707));
#6470 = CARTESIAN_POINT('',(36.384885512757,23.520451399223,
    -46.3541474808));
#6471 = CARTESIAN_POINT('',(164.1400044123,76.558574218506,
    -149.0823783858));
#6472 = CARTESIAN_POINT('',(476.00449735354,128.71780713292,
    -256.6761649551));
#6473 = CARTESIAN_POINT('',(943.3280351607,129.66683215856,
    -281.9967698515));
#6474 = CARTESIAN_POINT('',(1.486434771408E+03,134.07240390031,
    -273.4568419958));
#6475 = CARTESIAN_POINT('',(2.027682666396E+03,90.07371854562,
    -178.383646137));
#6476 = CARTESIAN_POINT('',(2.477449574318E+03,49.995676870251,
    -90.45321451545));
#6477 = CARTESIAN_POINT('',(2.747888780157E+03,42.595041276713,
    -54.19969380692));
#6478 = CARTESIAN_POINT('',(2.85E+03,17.5,-10.31088913245));
#6479 = CARTESIAN_POINT('',(0.,3.652568574052,-4.760120041747));
#6480 = CARTESIAN_POINT('',(36.384885512757,28.636687209442,
    -42.45174529356));
#6481 = CARTESIAN_POINT('',(164.1400044123,93.211814088256,
    -136.5269273292));
#6482 = CARTESIAN_POINT('',(476.00449735354,156.71687241822,
    -235.5907943754));
#6483 = CARTESIAN_POINT('',(943.3280351607,157.87233207976,
    -259.9551401045));
#6484 = CARTESIAN_POINT('',(1.486434771408E+03,163.23621637797,
    -251.4907523235));
#6485 = CARTESIAN_POINT('',(2.027682666396E+03,109.66681123592,
    -163.0940688053));
#6486 = CARTESIAN_POINT('',(2.477449574318E+03,60.870879391583,
    -81.25104746224));
#6487 = CARTESIAN_POINT('',(2.747888780157E+03,51.860436392596,
    -47.50072590456));
#6488 = CARTESIAN_POINT('',(2.85E+03,21.306650015305,-7.767366910193));
#6489 = ADVANCED_FACE('',(#6490),#6508,.T.);
#6490 = FACE_BOUND('',#6491,.T.);
#6491 = EDGE_LOOP('',(#6492,#6493,#6506,#6507));
#6492 = ORIENTED_EDGE('',*,*,#1837,.T.);
#6493 = ORIENTED_EDGE('',*,*,#6494,.T.);
#6494 = EDGE_CURVE('',#1831,#763,#6495,.T.);
#6495 = ( BOUNDED_CURVE() B_SPLINE_CURVE(3,(#6496,#6497,#6498,#6499,
    #6500,#6501,#6502,#6503,#6504,#6505),.UNSPECIFIED.,.F.,.F.) 
B_SPLINE_CURVE_WITH_KNOTS((4,1,1,1,1,1,1,4),(0.,5.937462759188E-02,
    0.169261244735,0.329619903174,0.533683498435,0.722609230536,
0.888013402964,1.),.UNSPECIFIED.) CURVE() GEOMETRIC_REPRESENTATION_ITEM(
) RATIONAL_B_SPLINE_CURVE((1.,1.,1.,1.,1.,1.,1.,1.,1.,1.)) 
REPRESENTATION_ITEM('') );
#6496 = CARTESIAN_POINT('',(0.,4.242640687119,-4.242640687119));
#6497 = CARTESIAN_POINT('',(36.384885512757,33.262941361919,
    -37.82040905905));
#6498 = CARTESIAN_POINT('',(164.1400044123,108.27017397575,
    -121.6262295975));
#6499 = CARTESIAN_POINT('',(476.00449735354,182.03446856631,
    -210.5668639607));
#6500 = CARTESIAN_POINT('',(943.3280351607,183.37659262859,
    -233.7963298086));
#6501 = CARTESIAN_POINT('',(1.486434771408E+03,189.60701193578,
    -225.4215923169));
#6502 = CARTESIAN_POINT('',(2.027682666396E+03,127.38347438059,
    -144.9485343092));
#6503 = CARTESIAN_POINT('',(2.477449574318E+03,70.704564289933,
    -70.32999738472));
#6504 = CARTESIAN_POINT('',(2.747888780157E+03,60.238485063367,
    -39.5504503329));
#6505 = CARTESIAN_POINT('',(2.85E+03,24.748737341529,-4.748737341529));
#6506 = ORIENTED_EDGE('',*,*,#762,.F.);
#6507 = ORIENTED_EDGE('',*,*,#6454,.F.);
#6508 = ( BOUNDED_SURFACE() B_SPLINE_SURFACE(1,3,(
    (#6509,#6510,#6511,#6512,#6513,#6514,#6515,#6516,#6517,#6518)
    ,(#6519,#6520,#6521,#6522,#6523,#6524,#6525,#6526,#6527,#6528
)),.UNSPECIFIED.,.F.,.F.,.F.) B_SPLINE_SURFACE_WITH_KNOTS((2,2),(4,1,1,1
    ,1,1,1,4),(41.,42.),(0.,5.937462759188E-02,0.169261244735,
    0.329619903174,0.533683498435,0.722609230536,0.888013402964,1.),
.UNSPECIFIED.) GEOMETRIC_REPRESENTATION_ITEM() RATIONAL_B_SPLINE_SURFACE
((
    (1.,1.,1.,1.,1.,1.,1.,1.,1.,1.)
,(1.,1.,1.,1.,1.,1.,1.,1.,1.,1.))) REPRESENTATION_ITEM('') SURFACE() );
#6509 = CARTESIAN_POINT('',(0.,3.652568574052,-4.760120041747));
#6510 = CARTESIAN_POINT('',(36.384885512757,28.636687209442,
    -42.45174529356));
#6511 = CARTESIAN_POINT('',(164.1400044123,93.211814088256,
    -136.5269273292));
#6512 = CARTESIAN_POINT('',(476.00449735354,156.71687241822,
    -235.5907943754));
#6513 = CARTESIAN_POINT('',(943.3280351607,157.87233207976,
    -259.9551401045));
#6514 = CARTESIAN_POINT('',(1.486434771408E+03,163.23621637797,
    -251.4907523235));
#6515 = CARTESIAN_POINT('',(2.027682666396E+03,109.66681123592,
    -163.0940688053));
#6516 = CARTESIAN_POINT('',(2.477449574318E+03,60.870879391583,
    -81.25104746224));
#6517 = CARTESIAN_POINT('',(2.747888780157E+03,51.860436392596,
    -47.50072590456));
#6518 = CARTESIAN_POINT('',(2.85E+03,21.306650015305,-7.767366910193));
#6519 = CARTESIAN_POINT('',(0.,4.242640687119,-4.242640687119));
#6520 = CARTESIAN_POINT('',(36.384885512757,33.262941361919,
    -37.82040905905));
#6521 = CARTESIAN_POINT('',(164.1400044123,108.27017397575,
    -121.6262295975));
#6522 = CARTESIAN_POINT('',(476.00449735354,182.03446856631,
    -210.5668639607));
#6523 = CARTESIAN_POINT('',(943.3280351607,183.37659262859,
    -233.7963298086));
#6524 = CARTESIAN_POINT('',(1.486434771408E+03,189.60701193578,
    -225.4215923169));
#6525 = CARTESIAN_POINT('',(2.027682666396E+03,127.38347438059,
    -144.9485343092));
#6526 = CARTESIAN_POINT('',(2.477449574318E+03,70.704564289933,
    -70.32999738472));
#6527 = CARTESIAN_POINT('',(2.747888780157E+03,60.238485063367,
    -39.5504503329));
#6528 = CARTESIAN_POINT('',(2.85E+03,24.748737341529,-4.748737341529));
#6529 = ADVANCED_FACE('',(#6530),#6548,.T.);
#6530 = FACE_BOUND('',#6531,.T.);
#6531 = EDGE_LOOP('',(#6532,#6533,#6546,#6547));
#6532 = ORIENTED_EDGE('',*,*,#1830,.T.);
#6533 = ORIENTED_EDGE('',*,*,#6534,.T.);
#6534 = EDGE_CURVE('',#1824,#770,#6535,.T.);
#6535 = ( BOUNDED_CURVE() B_SPLINE_CURVE(3,(#6536,#6537,#6538,#6539,
    #6540,#6541,#6542,#6543,#6544,#6545),.UNSPECIFIED.,.F.,.F.) 
B_SPLINE_CURVE_WITH_KNOTS((4,1,1,1,1,1,1,4),(0.,5.937462759188E-02,
    0.169261244735,0.329619903174,0.533683498435,0.722609230536,
0.888013402964,1.),.UNSPECIFIED.) CURVE() GEOMETRIC_REPRESENTATION_ITEM(
) RATIONAL_B_SPLINE_CURVE((1.,1.,1.,1.,1.,1.,1.,1.,1.,1.)) 
REPRESENTATION_ITEM('') );
#6536 = CARTESIAN_POINT('',(0.,4.760120041747,-3.652568574052));
#6537 = CARTESIAN_POINT('',(36.384885512757,37.320057365463,
    -32.5393822243));
#6538 = CARTESIAN_POINT('',(164.1400044123,121.47600116837,
    -104.6352402604));
#6539 = CARTESIAN_POINT('',(476.00449735354,204.23740448774,
    -182.0325400984));
#6540 = CARTESIAN_POINT('',(943.3280351607,205.74322883595,
    -203.9679234604));
#6541 = CARTESIAN_POINT('',(1.486434771408E+03,212.73357895038,
    -195.6954125313));
#6542 = CARTESIAN_POINT('',(2.027682666396E+03,142.92057096124,
    -124.2575177747));
#6543 = CARTESIAN_POINT('',(2.477449574318E+03,79.328474490272,
    -57.87692647761));
#6544 = CARTESIAN_POINT('',(2.747888780157E+03,67.585836553442,
    -30.48489851121));
#6545 = CARTESIAN_POINT('',(2.85E+03,27.767366910193,-1.306650015305));
#6546 = ORIENTED_EDGE('',*,*,#769,.F.);
#6547 = ORIENTED_EDGE('',*,*,#6494,.F.);
#6548 = ( BOUNDED_SURFACE() B_SPLINE_SURFACE(1,3,(
    (#6549,#6550,#6551,#6552,#6553,#6554,#6555,#6556,#6557,#6558)
    ,(#6559,#6560,#6561,#6562,#6563,#6564,#6565,#6566,#6567,#6568
)),.UNSPECIFIED.,.F.,.F.,.F.) B_SPLINE_SURFACE_WITH_KNOTS((2,2),(4,1,1,1
    ,1,1,1,4),(42.,43.),(0.,5.937462759188E-02,0.169261244735,
    0.329619903174,0.533683498435,0.722609230536,0.888013402964,1.),
.UNSPECIFIED.) GEOMETRIC_REPRESENTATION_ITEM() RATIONAL_B_SPLINE_SURFACE
((
    (1.,1.,1.,1.,1.,1.,1.,1.,1.,1.)
,(1.,1.,1.,1.,1.,1.,1.,1.,1.,1.))) REPRESENTATION_ITEM('') SURFACE() );
#6549 = CARTESIAN_POINT('',(0.,4.242640687119,-4.242640687119));
#6550 = CARTESIAN_POINT('',(36.384885512757,33.262941361919,
    -37.82040905905));
#6551 = CARTESIAN_POINT('',(164.1400044123,108.27017397575,
    -121.6262295975));
#6552 = CARTESIAN_POINT('',(476.00449735354,182.03446856631,
    -210.5668639607));
#6553 = CARTESIAN_POINT('',(943.3280351607,183.37659262859,
    -233.7963298086));
#6554 = CARTESIAN_POINT('',(1.486434771408E+03,189.60701193578,
    -225.4215923169));
#6555 = CARTESIAN_POINT('',(2.027682666396E+03,127.38347438059,
    -144.9485343092));
#6556 = CARTESIAN_POINT('',(2.477449574318E+03,70.704564289933,
    -70.32999738472));
#6557 = CARTESIAN_POINT('',(2.747888780157E+03,60.238485063367,
    -39.5504503329));
#6558 = CARTESIAN_POINT('',(2.85E+03,24.748737341529,-4.748737341529));
#6559 = CARTESIAN_POINT('',(0.,4.760120041747,-3.652568574052));
#6560 = CARTESIAN_POINT('',(36.384885512757,37.320057365463,
    -32.5393822243));
#6561 = CARTESIAN_POINT('',(164.1400044123,121.47600116837,
    -104.6352402604));
#6562 = CARTESIAN_POINT('',(476.00449735354,204.23740448774,
    -182.0325400984));
#6563 = CARTESIAN_POINT('',(943.3280351607,205.74322883595,
    -203.9679234604));
#6564 = CARTESIAN_POINT('',(1.486434771408E+03,212.73357895038,
    -195.6954125313));
#6565 = CARTESIAN_POINT('',(2.027682666396E+03,142.92057096124,
    -124.2575177747));
#6566 = CARTESIAN_POINT('',(2.477449574318E+03,79.328474490272,
    -57.87692647761));
#6567 = CARTESIAN_POINT('',(2.747888780157E+03,67.585836553442,
    -30.48489851121));
#6568 = CARTESIAN_POINT('',(2.85E+03,27.767366910193,-1.306650015305));
#6569 = ADVANCED_FACE('',(#6570),#6588,.T.);
#6570 = FACE_BOUND('',#6571,.T.);
#6571 = EDGE_LOOP('',(#6572,#6573,#6586,#6587));
#6572 = ORIENTED_EDGE('',*,*,#1823,.T.);
#6573 = ORIENTED_EDGE('',*,*,#6574,.T.);
#6574 = EDGE_CURVE('',#1817,#777,#6575,.T.);
#6575 = ( BOUNDED_CURVE() B_SPLINE_CURVE(3,(#6576,#6577,#6578,#6579,
    #6580,#6581,#6582,#6583,#6584,#6585),.UNSPECIFIED.,.F.,.F.) 
B_SPLINE_CURVE_WITH_KNOTS((4,1,1,1,1,1,1,4),(0.,5.937462759188E-02,
    0.169261244735,0.329619903174,0.533683498435,0.722609230536,
0.888013402964,1.),.UNSPECIFIED.) CURVE() GEOMETRIC_REPRESENTATION_ITEM(
) RATIONAL_B_SPLINE_CURVE((1.,1.,1.,1.,1.,1.,1.,1.,1.,1.)) 
REPRESENTATION_ITEM('') );
#6576 = CARTESIAN_POINT('',(0.,5.196152422707,-3.));
#6577 = CARTESIAN_POINT('',(36.384885512757,40.73861684041,
    -26.69902462263));
#6578 = CARTESIAN_POINT('',(164.1400044123,132.60334030148,
    -85.84467985613));
#6579 = CARTESIAN_POINT('',(476.00449735354,222.94578179308,
    -150.4760529809));
#6580 = CARTESIAN_POINT('',(943.3280351607,224.58954135513,
    -170.9802933626));
#6581 = CARTESIAN_POINT('',(1.486434771408E+03,232.22021544824,
    -162.8208361446));
#6582 = CARTESIAN_POINT('',(2.027682666396E+03,156.01225694767,
    -101.3750482314));
#6583 = CARTESIAN_POINT('',(2.477449574318E+03,86.595052498074,
    -44.10491023676));
#6584 = CARTESIAN_POINT('',(2.747888780157E+03,73.776775641755,
    -20.45918454461));
#6585 = CARTESIAN_POINT('',(2.85E+03,30.310889132455,2.5));
#6586 = ORIENTED_EDGE('',*,*,#776,.F.);
#6587 = ORIENTED_EDGE('',*,*,#6534,.F.);
#6588 = ( BOUNDED_SURFACE() B_SPLINE_SURFACE(1,3,(
    (#6589,#6590,#6591,#6592,#6593,#6594,#6595,#6596,#6597,#6598)
    ,(#6599,#6600,#6601,#6602,#6603,#6604,#6605,#6606,#6607,#6608
)),.UNSPECIFIED.,.F.,.F.,.F.) B_SPLINE_SURFACE_WITH_KNOTS((2,2),(4,1,1,1
    ,1,1,1,4),(43.,44.),(0.,5.937462759188E-02,0.169261244735,
    0.329619903174,0.533683498435,0.722609230536,0.888013402964,1.),
.UNSPECIFIED.) GEOMETRIC_REPRESENTATION_ITEM() RATIONAL_B_SPLINE_SURFACE
((
    (1.,1.,1.,1.,1.,1.,1.,1.,1.,1.)
,(1.,1.,1.,1.,1.,1.,1.,1.,1.,1.))) REPRESENTATION_ITEM('') SURFACE() );
#6589 = CARTESIAN_POINT('',(0.,4.760120041747,-3.652568574052));
#6590 = CARTESIAN_POINT('',(36.384885512757,37.320057365463,
    -32.5393822243));
#6591 = CARTESIAN_POINT('',(164.1400044123,121.47600116837,
    -104.6352402604));
#6592 = CARTESIAN_POINT('',(476.00449735354,204.23740448774,
    -182.0325400984));
#6593 = CARTESIAN_POINT('',(943.3280351607,205.74322883595,
    -203.9679234604));
#6594 = CARTESIAN_POINT('',(1.486434771408E+03,212.73357895038,
    -195.6954125313));
#6595 = CARTESIAN_POINT('',(2.027682666396E+03,142.92057096124,
    -124.2575177747));
#6596 = CARTESIAN_POINT('',(2.477449574318E+03,79.328474490272,
    -57.87692647761));
#6597 = CARTESIAN_POINT('',(2.747888780157E+03,67.585836553442,
    -30.48489851121));
#6598 = CARTESIAN_POINT('',(2.85E+03,27.767366910193,-1.306650015305));
#6599 = CARTESIAN_POINT('',(0.,5.196152422707,-3.));
#6600 = CARTESIAN_POINT('',(36.384885512757,40.73861684041,
    -26.69902462263));
#6601 = CARTESIAN_POINT('',(164.1400044123,132.60334030148,
    -85.84467985613));
#6602 = CARTESIAN_POINT('',(476.00449735354,222.94578179308,
    -150.4760529809));
#6603 = CARTESIAN_POINT('',(943.3280351607,224.58954135513,
    -170.9802933626));
#6604 = CARTESIAN_POINT('',(1.486434771408E+03,232.22021544824,
    -162.8208361446));
#6605 = CARTESIAN_POINT('',(2.027682666396E+03,156.01225694767,
    -101.3750482314));
#6606 = CARTESIAN_POINT('',(2.477449574318E+03,86.595052498074,
    -44.10491023676));
#6607 = CARTESIAN_POINT('',(2.747888780157E+03,73.776775641755,
    -20.45918454461));
#6608 = CARTESIAN_POINT('',(2.85E+03,30.310889132455,2.5));
#6609 = ADVANCED_FACE('',(#6610),#6628,.T.);
#6610 = FACE_BOUND('',#6611,.T.);
#6611 = EDGE_LOOP('',(#6612,#6613,#6626,#6627));
#6612 = ORIENTED_EDGE('',*,*,#1816,.T.);
#6613 = ORIENTED_EDGE('',*,*,#6614,.T.);
#6614 = EDGE_CURVE('',#1810,#784,#6615,.T.);
#6615 = ( BOUNDED_CURVE() B_SPLINE_CURVE(3,(#6616,#6617,#6618,#6619,
    #6620,#6621,#6622,#6623,#6624,#6625),.UNSPECIFIED.,.F.,.F.) 
B_SPLINE_CURVE_WITH_KNOTS((4,1,1,1,1,1,1,4),(0.,5.937462759188E-02,
    0.169261244735,0.329619903174,0.533683498435,0.722609230536,
0.888013402964,1.),.UNSPECIFIED.) CURVE() GEOMETRIC_REPRESENTATION_ITEM(
) RATIONAL_B_SPLINE_CURVE((1.,1.,1.,1.,1.,1.,1.,1.,1.,1.)) 
REPRESENTATION_ITEM('') );
#6616 = CARTESIAN_POINT('',(0.,5.543277195068,-2.296100594191));
#6617 = CARTESIAN_POINT('',(36.384885512757,43.460127286338,
    -20.39926639186));
#6618 = CARTESIAN_POINT('',(164.1400044123,141.46179951744,
    -65.57606008292));
#6619 = CARTESIAN_POINT('',(476.00449735354,237.83949495969,
    -116.4373428519));
#6620 = CARTESIAN_POINT('',(943.3280351607,239.59306455374,
    -135.397867012));
#6621 = CARTESIAN_POINT('',(1.486434771408E+03,247.73349967617,
    -127.3603562732));
#6622 = CARTESIAN_POINT('',(2.027682666396E+03,166.43452996296,
    -76.69265107751));
#6623 = CARTESIAN_POINT('',(2.477449574318E+03,92.379965148949,
    -29.24959167839));
#6624 = CARTESIAN_POINT('',(2.747888780157E+03,78.705373644051,
    -9.644851178733));
#6625 = CARTESIAN_POINT('',(2.85E+03,32.335783637895,6.606079867222));
#6626 = ORIENTED_EDGE('',*,*,#783,.F.);
#6627 = ORIENTED_EDGE('',*,*,#6574,.F.);
#6628 = ( BOUNDED_SURFACE() B_SPLINE_SURFACE(1,3,(
    (#6629,#6630,#6631,#6632,#6633,#6634,#6635,#6636,#6637,#6638)
    ,(#6639,#6640,#6641,#6642,#6643,#6644,#6645,#6646,#6647,#6648
)),.UNSPECIFIED.,.F.,.F.,.F.) B_SPLINE_SURFACE_WITH_KNOTS((2,2),(4,1,1,1
    ,1,1,1,4),(44.,45.),(0.,5.937462759188E-02,0.169261244735,
    0.329619903174,0.533683498435,0.722609230536,0.888013402964,1.),
.UNSPECIFIED.) GEOMETRIC_REPRESENTATION_ITEM() RATIONAL_B_SPLINE_SURFACE
((
    (1.,1.,1.,1.,1.,1.,1.,1.,1.,1.)
,(1.,1.,1.,1.,1.,1.,1.,1.,1.,1.))) REPRESENTATION_ITEM('') SURFACE() );
#6629 = CARTESIAN_POINT('',(0.,5.196152422707,-3.));
#6630 = CARTESIAN_POINT('',(36.384885512757,40.73861684041,
    -26.69902462263));
#6631 = CARTESIAN_POINT('',(164.1400044123,132.60334030148,
    -85.84467985613));
#6632 = CARTESIAN_POINT('',(476.00449735354,222.94578179308,
    -150.4760529809));
#6633 = CARTESIAN_POINT('',(943.3280351607,224.58954135513,
    -170.9802933626));
#6634 = CARTESIAN_POINT('',(1.486434771408E+03,232.22021544824,
    -162.8208361446));
#6635 = CARTESIAN_POINT('',(2.027682666396E+03,156.01225694767,
    -101.3750482314));
#6636 = CARTESIAN_POINT('',(2.477449574318E+03,86.595052498074,
    -44.10491023676));
#6637 = CARTESIAN_POINT('',(2.747888780157E+03,73.776775641755,
    -20.45918454461));
#6638 = CARTESIAN_POINT('',(2.85E+03,30.310889132455,2.5));
#6639 = CARTESIAN_POINT('',(0.,5.543277195068,-2.296100594191));
#6640 = CARTESIAN_POINT('',(36.384885512757,43.460127286338,
    -20.39926639186));
#6641 = CARTESIAN_POINT('',(164.1400044123,141.46179951744,
    -65.57606008292));
#6642 = CARTESIAN_POINT('',(476.00449735354,237.83949495969,
    -116.4373428519));
#6643 = CARTESIAN_POINT('',(943.3280351607,239.59306455374,
    -135.397867012));
#6644 = CARTESIAN_POINT('',(1.486434771408E+03,247.73349967617,
    -127.3603562732));
#6645 = CARTESIAN_POINT('',(2.027682666396E+03,166.43452996296,
    -76.69265107751));
#6646 = CARTESIAN_POINT('',(2.477449574318E+03,92.379965148949,
    -29.24959167839));
#6647 = CARTESIAN_POINT('',(2.747888780157E+03,78.705373644051,
    -9.644851178733));
#6648 = CARTESIAN_POINT('',(2.85E+03,32.335783637895,6.606079867222));
#6649 = ADVANCED_FACE('',(#6650),#6656,.T.);
#6650 = FACE_BOUND('',#6651,.T.);
#6651 = EDGE_LOOP('',(#6652,#6653,#6654,#6655));
#6652 = ORIENTED_EDGE('',*,*,#1809,.T.);
#6653 = ORIENTED_EDGE('',*,*,#2127,.T.);
#6654 = ORIENTED_EDGE('',*,*,#790,.F.);
#6655 = ORIENTED_EDGE('',*,*,#6614,.F.);
#6656 = ( BOUNDED_SURFACE() B_SPLINE_SURFACE(1,3,(
    (#6657,#6658,#6659,#6660,#6661,#6662,#6663,#6664,#6665,#6666)
    ,(#6667,#6668,#6669,#6670,#6671,#6672,#6673,#6674,#6675,#6676
)),.UNSPECIFIED.,.F.,.F.,.F.) B_SPLINE_SURFACE_WITH_KNOTS((2,2),(4,1,1,1
    ,1,1,1,4),(45.,46.),(0.,5.937462759188E-02,0.169261244735,
    0.329619903174,0.533683498435,0.722609230536,0.888013402964,1.),
.UNSPECIFIED.) GEOMETRIC_REPRESENTATION_ITEM() RATIONAL_B_SPLINE_SURFACE
((
    (1.,1.,1.,1.,1.,1.,1.,1.,1.,1.)
,(1.,1.,1.,1.,1.,1.,1.,1.,1.,1.))) REPRESENTATION_ITEM('') SURFACE() );
#6657 = CARTESIAN_POINT('',(0.,5.543277195068,-2.296100594191));
#6658 = CARTESIAN_POINT('',(36.384885512757,43.460127286338,
    -20.39926639186));
#6659 = CARTESIAN_POINT('',(164.1400044123,141.46179951744,
    -65.57606008292));
#6660 = CARTESIAN_POINT('',(476.00449735354,237.83949495969,
    -116.4373428519));
#6661 = CARTESIAN_POINT('',(943.3280351607,239.59306455374,
    -135.397867012));
#6662 = CARTESIAN_POINT('',(1.486434771408E+03,247.73349967617,
    -127.3603562732));
#6663 = CARTESIAN_POINT('',(2.027682666396E+03,166.43452996296,
    -76.69265107751));
#6664 = CARTESIAN_POINT('',(2.477449574318E+03,92.379965148949,
    -29.24959167839));
#6665 = CARTESIAN_POINT('',(2.747888780157E+03,78.705373644051,
    -9.644851178733));
#6666 = CARTESIAN_POINT('',(2.85E+03,32.335783637895,6.606079867222));
#6667 = CARTESIAN_POINT('',(0.,5.795554957734,-1.552914270615));
#6668 = CARTESIAN_POINT('',(36.384885512757,45.438022904974,
    -13.74789814193));
#6669 = CARTESIAN_POINT('',(164.1400044123,147.89980812304,
    -44.17618264464));
#6670 = CARTESIAN_POINT('',(476.00449735354,248.66370842598,
    -80.49882147912));
#6671 = CARTESIAN_POINT('',(943.3280351607,250.49708399009,
    -97.82946958889));
#6672 = CARTESIAN_POINT('',(1.486434771408E+03,259.00799503994,
    -89.92071155936));
#6673 = CARTESIAN_POINT('',(2.027682666396E+03,174.00906202621,
    -50.63264897138));
#6674 = CARTESIAN_POINT('',(2.477449574318E+03,96.584230983564,
    -13.5651494217));
#6675 = CARTESIAN_POINT('',(2.747888780157E+03,82.287300882041,
    1.773065344255));
#6676 = CARTESIAN_POINT('',(2.85E+03,33.807403920117,10.941333421412));
#6677 = ADVANCED_FACE('',(#6678),#6705,.T.);
#6678 = FACE_BOUND('',#6679,.T.);
#6679 = EDGE_LOOP('',(#6680,#6689,#6690,#6691,#6700));
#6680 = ORIENTED_EDGE('',*,*,#6681,.F.);
#6681 = EDGE_CURVE('',#2423,#6682,#6684,.T.);
#6682 = VERTEX_POINT('',#6683);
#6683 = CARTESIAN_POINT('',(1.187810547323E+03,2.1E+03,112.77064949902)
  );
#6684 = ( BOUNDED_CURVE() B_SPLINE_CURVE(3,(#6685,#6686,#6687,#6688),
.UNSPECIFIED.,.F.,.F.) B_SPLINE_CURVE_WITH_KNOTS((4,4),(0.,1.),
.PIECEWISE_BEZIER_KNOTS.) CURVE() GEOMETRIC_REPRESENTATION_ITEM() 
RATIONAL_B_SPLINE_CURVE((1.,1.,1.,1.)) REPRESENTATION_ITEM('') );
#6685 = CARTESIAN_POINT('',(1.187810547323E+03,-2.1E+03,112.77064949902)
  );
#6686 = CARTESIAN_POINT('',(1.189841413812E+03,-704.4156187208,
    45.116054847347));
#6687 = CARTESIAN_POINT('',(1.189841413812E+03,704.41561872084,
    45.116054847347));
#6688 = CARTESIAN_POINT('',(1.187810547323E+03,2.1E+03,112.77064949902)
  );
#6689 = ORIENTED_EDGE('',*,*,#2422,.F.);
#6690 = ORIENTED_EDGE('',*,*,#989,.F.);
#6691 = ORIENTED_EDGE('',*,*,#6692,.T.);
#6692 = EDGE_CURVE('',#977,#6693,#6695,.T.);
#6693 = VERTEX_POINT('',#6694);
#6694 = CARTESIAN_POINT('',(1.21E+03,2.1E+03,111.52871115517));
#6695 = ( BOUNDED_CURVE() B_SPLINE_CURVE(3,(#6696,#6697,#6698,#6699),
.UNSPECIFIED.,.F.,.F.) B_SPLINE_CURVE_WITH_KNOTS((4,4),(0.,1.),
.PIECEWISE_BEZIER_KNOTS.) CURVE() GEOMETRIC_REPRESENTATION_ITEM() 
RATIONAL_B_SPLINE_CURVE((1.,1.,1.,1.)) REPRESENTATION_ITEM('') );
#6696 = CARTESIAN_POINT('',(1.21E+03,-2.1E+03,111.52871115517));
#6697 = CARTESIAN_POINT('',(1.233528095498E+03,-704.4156187208,
    42.670921752329));
#6698 = CARTESIAN_POINT('',(1.233528095498E+03,704.41561872084,
    42.670921752329));
#6699 = CARTESIAN_POINT('',(1.21E+03,2.1E+03,111.52871115517));
#6700 = ORIENTED_EDGE('',*,*,#6701,.F.);
#6701 = EDGE_CURVE('',#6682,#6693,#6702,.T.);
#6702 = B_SPLINE_CURVE_WITH_KNOTS('',1,(#6703,#6704),.UNSPECIFIED.,.F.,
  .F.,(2,2),(11.,12.),.PIECEWISE_BEZIER_KNOTS.);
#6703 = CARTESIAN_POINT('',(1.187810547323E+03,2.1E+03,112.77064949902)
  );
#6704 = CARTESIAN_POINT('',(1.21E+03,2.1E+03,111.52871115517));
#6705 = ( BOUNDED_SURFACE() B_SPLINE_SURFACE(1,3,(
    (#6706,#6707,#6708,#6709)
    ,(#6710,#6711,#6712,#6713
)),.UNSPECIFIED.,.F.,.F.,.F.) B_SPLINE_SURFACE_WITH_KNOTS((2,2),(4,4),(
    11.,12.),(0.,1.),.PIECEWISE_BEZIER_KNOTS.) 
GEOMETRIC_REPRESENTATION_ITEM() RATIONAL_B_SPLINE_SURFACE((
    (1.,1.,1.,1.)
,(1.,1.,1.,1.))) REPRESENTATION_ITEM('') SURFACE() );
#6706 = CARTESIAN_POINT('',(1.187810547323E+03,-2.1E+03,112.77064949902)
  );
#6707 = CARTESIAN_POINT('',(1.189841413812E+03,-704.4156187208,
    45.116054847347));
#6708 = CARTESIAN_POINT('',(1.189841413812E+03,704.41561872084,
    45.116054847347));
#6709 = CARTESIAN_POINT('',(1.187810547323E+03,2.1E+03,112.77064949902)
  );
#6710 = CARTESIAN_POINT('',(1.21E+03,-2.1E+03,111.52871115517));
#6711 = CARTESIAN_POINT('',(1.233528095498E+03,-704.4156187208,
    42.670921752329));
#6712 = CARTESIAN_POINT('',(1.233528095498E+03,704.41561872084,
    42.670921752329));
#6713 = CARTESIAN_POINT('',(1.21E+03,2.1E+03,111.52871115517));
#6714 = ADVANCED_FACE('',(#6715),#6733,.T.);
#6715 = FACE_BOUND('',#6716,.T.);
#6716 = EDGE_LOOP('',(#6717,#6718,#6719,#6728));
#6717 = ORIENTED_EDGE('',*,*,#6692,.F.);
#6718 = ORIENTED_EDGE('',*,*,#976,.F.);
#6719 = ORIENTED_EDGE('',*,*,#6720,.T.);
#6720 = EDGE_CURVE('',#964,#6721,#6723,.T.);
#6721 = VERTEX_POINT('',#6722);
#6722 = CARTESIAN_POINT('',(1.232189452677E+03,2.1E+03,109.96263254072)
  );
#6723 = ( BOUNDED_CURVE() B_SPLINE_CURVE(3,(#6724,#6725,#6726,#6727),
.UNSPECIFIED.,.F.,.F.) B_SPLINE_CURVE_WITH_KNOTS((4,4),(0.,1.),
.PIECEWISE_BEZIER_KNOTS.) CURVE() GEOMETRIC_REPRESENTATION_ITEM() 
RATIONAL_B_SPLINE_CURVE((1.,1.,1.,1.)) REPRESENTATION_ITEM('') );
#6724 = CARTESIAN_POINT('',(1.232189452677E+03,-2.1E+03,109.96263254072)
  );
#6725 = CARTESIAN_POINT('',(1.277214777184E+03,-704.4156187208,
    39.58762001794));
#6726 = CARTESIAN_POINT('',(1.277214777184E+03,704.41561872084,
    39.58762001794));
#6727 = CARTESIAN_POINT('',(1.232189452677E+03,2.1E+03,109.96263254072)
  );
#6728 = ORIENTED_EDGE('',*,*,#6729,.F.);
#6729 = EDGE_CURVE('',#6693,#6721,#6730,.T.);
#6730 = B_SPLINE_CURVE_WITH_KNOTS('',1,(#6731,#6732),.UNSPECIFIED.,.F.,
  .F.,(2,2),(12.,13.),.PIECEWISE_BEZIER_KNOTS.);
#6731 = CARTESIAN_POINT('',(1.21E+03,2.1E+03,111.52871115517));
#6732 = CARTESIAN_POINT('',(1.232189452677E+03,2.1E+03,109.96263254072)
  );
#6733 = ( BOUNDED_SURFACE() B_SPLINE_SURFACE(1,3,(
    (#6734,#6735,#6736,#6737)
    ,(#6738,#6739,#6740,#6741
)),.UNSPECIFIED.,.F.,.F.,.F.) B_SPLINE_SURFACE_WITH_KNOTS((2,2),(4,4),(
    12.,13.),(0.,1.),.PIECEWISE_BEZIER_KNOTS.) 
GEOMETRIC_REPRESENTATION_ITEM() RATIONAL_B_SPLINE_SURFACE((
    (1.,1.,1.,1.)
,(1.,1.,1.,1.))) REPRESENTATION_ITEM('') SURFACE() );
#6734 = CARTESIAN_POINT('',(1.21E+03,-2.1E+03,111.52871115517));
#6735 = CARTESIAN_POINT('',(1.233528095498E+03,-704.4156187208,
    42.670921752329));
#6736 = CARTESIAN_POINT('',(1.233528095498E+03,704.41561872084,
    42.670921752329));
#6737 = CARTESIAN_POINT('',(1.21E+03,2.1E+03,111.52871115517));
#6738 = CARTESIAN_POINT('',(1.232189452677E+03,-2.1E+03,109.96263254072)
  );
#6739 = CARTESIAN_POINT('',(1.277214777184E+03,-704.4156187208,
    39.58762001794));
#6740 = CARTESIAN_POINT('',(1.277214777184E+03,704.41561872084,
    39.58762001794));
#6741 = CARTESIAN_POINT('',(1.232189452677E+03,2.1E+03,109.96263254072)
  );
#6742 = ADVANCED_FACE('',(#6743),#6761,.T.);
#6743 = FACE_BOUND('',#6744,.T.);
#6744 = EDGE_LOOP('',(#6745,#6746,#6747,#6756));
#6745 = ORIENTED_EDGE('',*,*,#6720,.F.);
#6746 = ORIENTED_EDGE('',*,*,#963,.F.);
#6747 = ORIENTED_EDGE('',*,*,#6748,.T.);
#6748 = EDGE_CURVE('',#951,#6749,#6751,.T.);
#6749 = VERTEX_POINT('',#6750);
#6750 = CARTESIAN_POINT('',(1.253999237667E+03,2.1E+03,108.15855499057)
  );
#6751 = ( BOUNDED_CURVE() B_SPLINE_CURVE(3,(#6752,#6753,#6754,#6755),
.UNSPECIFIED.,.F.,.F.) B_SPLINE_CURVE_WITH_KNOTS((4,4),(0.,1.),
.PIECEWISE_BEZIER_KNOTS.) CURVE() GEOMETRIC_REPRESENTATION_ITEM() 
RATIONAL_B_SPLINE_CURVE((1.,1.,1.,1.)) REPRESENTATION_ITEM('') );
#6752 = CARTESIAN_POINT('',(1.253999237667E+03,-2.1E+03,108.15855499057)
  );
#6753 = CARTESIAN_POINT('',(1.320153967635E+03,-704.4156187208,
    36.03574504308));
#6754 = CARTESIAN_POINT('',(1.320153967635E+03,704.41561872084,
    36.035745043079));
#6755 = CARTESIAN_POINT('',(1.253999237667E+03,2.1E+03,108.15855499057)
  );
#6756 = ORIENTED_EDGE('',*,*,#6757,.F.);
#6757 = EDGE_CURVE('',#6721,#6749,#6758,.T.);
#6758 = B_SPLINE_CURVE_WITH_KNOTS('',1,(#6759,#6760),.UNSPECIFIED.,.F.,
  .F.,(2,2),(13.,14.),.PIECEWISE_BEZIER_KNOTS.);
#6759 = CARTESIAN_POINT('',(1.232189452677E+03,2.1E+03,109.96263254072)
  );
#6760 = CARTESIAN_POINT('',(1.253999237667E+03,2.1E+03,108.15855499057)
  );
#6761 = ( BOUNDED_SURFACE() B_SPLINE_SURFACE(1,3,(
    (#6762,#6763,#6764,#6765)
    ,(#6766,#6767,#6768,#6769
)),.UNSPECIFIED.,.F.,.F.,.F.) B_SPLINE_SURFACE_WITH_KNOTS((2,2),(4,4),(
    13.,14.),(0.,1.),.PIECEWISE_BEZIER_KNOTS.) 
GEOMETRIC_REPRESENTATION_ITEM() RATIONAL_B_SPLINE_SURFACE((
    (1.,1.,1.,1.)
,(1.,1.,1.,1.))) REPRESENTATION_ITEM('') SURFACE() );
#6762 = CARTESIAN_POINT('',(1.232189452677E+03,-2.1E+03,109.96263254072)
  );
#6763 = CARTESIAN_POINT('',(1.277214777184E+03,-704.4156187208,
    39.58762001794));
#6764 = CARTESIAN_POINT('',(1.277214777184E+03,704.41561872084,
    39.58762001794));
#6765 = CARTESIAN_POINT('',(1.232189452677E+03,2.1E+03,109.96263254072)
  );
#6766 = CARTESIAN_POINT('',(1.253999237667E+03,-2.1E+03,108.15855499057)
  );
#6767 = CARTESIAN_POINT('',(1.320153967635E+03,-704.4156187208,
    36.03574504308));
#6768 = CARTESIAN_POINT('',(1.320153967635E+03,704.41561872084,
    36.035745043079));
#6769 = CARTESIAN_POINT('',(1.253999237667E+03,2.1E+03,108.15855499057)
  );
#6770 = ADVANCED_FACE('',(#6771),#6789,.T.);
#6771 = FACE_BOUND('',#6772,.T.);
#6772 = EDGE_LOOP('',(#6773,#6774,#6775,#6784));
#6773 = ORIENTED_EDGE('',*,*,#6748,.F.);
#6774 = ORIENTED_EDGE('',*,*,#950,.F.);
#6775 = ORIENTED_EDGE('',*,*,#6776,.T.);
#6776 = EDGE_CURVE('',#938,#6777,#6779,.T.);
#6777 = VERTEX_POINT('',#6778);
#6778 = CARTESIAN_POINT('',(1.275056183502E+03,2.1E+03,106.1998299866));
#6779 = ( BOUNDED_CURVE() B_SPLINE_CURVE(3,(#6780,#6781,#6782,#6783),
.UNSPECIFIED.,.F.,.F.) B_SPLINE_CURVE_WITH_KNOTS((4,4),(0.,1.),
.PIECEWISE_BEZIER_KNOTS.) CURVE() GEOMETRIC_REPRESENTATION_ITEM() 
RATIONAL_B_SPLINE_CURVE((1.,1.,1.,1.)) REPRESENTATION_ITEM('') );
#6780 = CARTESIAN_POINT('',(1.275056183502E+03,-2.1E+03,106.1998299866)
  );
#6781 = CARTESIAN_POINT('',(1.361610965396E+03,-704.4156187208,
    32.179399553026));
#6782 = CARTESIAN_POINT('',(1.361610965396E+03,704.41561872084,
    32.179399553026));
#6783 = CARTESIAN_POINT('',(1.275056183502E+03,2.1E+03,106.1998299866));
#6784 = ORIENTED_EDGE('',*,*,#6785,.F.);
#6785 = EDGE_CURVE('',#6749,#6777,#6786,.T.);
#6786 = B_SPLINE_CURVE_WITH_KNOTS('',1,(#6787,#6788),.UNSPECIFIED.,.F.,
  .F.,(2,2),(14.,15.),.PIECEWISE_BEZIER_KNOTS.);
#6787 = CARTESIAN_POINT('',(1.253999237667E+03,2.1E+03,108.15855499057)
  );
#6788 = CARTESIAN_POINT('',(1.275056183502E+03,2.1E+03,106.1998299866));
#6789 = ( BOUNDED_SURFACE() B_SPLINE_SURFACE(1,3,(
    (#6790,#6791,#6792,#6793)
    ,(#6794,#6795,#6796,#6797
)),.UNSPECIFIED.,.F.,.F.,.F.) B_SPLINE_SURFACE_WITH_KNOTS((2,2),(4,4),(
    14.,15.),(0.,1.),.PIECEWISE_BEZIER_KNOTS.) 
GEOMETRIC_REPRESENTATION_ITEM() RATIONAL_B_SPLINE_SURFACE((
    (1.,1.,1.,1.)
,(1.,1.,1.,1.))) REPRESENTATION_ITEM('') SURFACE() );
#6790 = CARTESIAN_POINT('',(1.253999237667E+03,-2.1E+03,108.15855499057)
  );
#6791 = CARTESIAN_POINT('',(1.320153967635E+03,-704.4156187208,
    36.03574504308));
#6792 = CARTESIAN_POINT('',(1.320153967635E+03,704.41561872084,
    36.035745043079));
#6793 = CARTESIAN_POINT('',(1.253999237667E+03,2.1E+03,108.15855499057)
  );
#6794 = CARTESIAN_POINT('',(1.275056183502E+03,-2.1E+03,106.1998299866)
  );
#6795 = CARTESIAN_POINT('',(1.361610965396E+03,-704.4156187208,
    32.179399553026));
#6796 = CARTESIAN_POINT('',(1.361610965396E+03,704.41561872084,
    32.179399553026));
#6797 = CARTESIAN_POINT('',(1.275056183502E+03,2.1E+03,106.1998299866));
#6798 = ADVANCED_FACE('',(#6799),#6817,.T.);
#6799 = FACE_BOUND('',#6800,.T.);
#6800 = EDGE_LOOP('',(#6801,#6802,#6803,#6812));
#6801 = ORIENTED_EDGE('',*,*,#6776,.F.);
#6802 = ORIENTED_EDGE('',*,*,#937,.F.);
#6803 = ORIENTED_EDGE('',*,*,#6804,.T.);
#6804 = EDGE_CURVE('',#925,#6805,#6807,.T.);
#6805 = VERTEX_POINT('',#6806);
#6806 = CARTESIAN_POINT('',(1.295E+03,2.1E+03,104.16529322123));
#6807 = ( BOUNDED_CURVE() B_SPLINE_CURVE(3,(#6808,#6809,#6810,#6811),
.UNSPECIFIED.,.F.,.F.) B_SPLINE_CURVE_WITH_KNOTS((4,4),(0.,1.),
.PIECEWISE_BEZIER_KNOTS.) CURVE() GEOMETRIC_REPRESENTATION_ITEM() 
RATIONAL_B_SPLINE_CURVE((1.,1.,1.,1.)) REPRESENTATION_ITEM('') );
#6808 = CARTESIAN_POINT('',(1.295E+03,-2.1E+03,104.16529322123));
#6809 = CARTESIAN_POINT('',(1.400876429741E+03,-704.4156187208,
    28.173795569006));
#6810 = CARTESIAN_POINT('',(1.400876429741E+03,704.41561872084,
    28.173795569006));
#6811 = CARTESIAN_POINT('',(1.295E+03,2.1E+03,104.16529322123));
#6812 = ORIENTED_EDGE('',*,*,#6813,.F.);
#6813 = EDGE_CURVE('',#6777,#6805,#6814,.T.);
#6814 = B_SPLINE_CURVE_WITH_KNOTS('',1,(#6815,#6816),.UNSPECIFIED.,.F.,
  .F.,(2,2),(15.,16.),.PIECEWISE_BEZIER_KNOTS.);
#6815 = CARTESIAN_POINT('',(1.275056183502E+03,2.1E+03,106.1998299866));
#6816 = CARTESIAN_POINT('',(1.295E+03,2.1E+03,104.16529322123));
#6817 = ( BOUNDED_SURFACE() B_SPLINE_SURFACE(1,3,(
    (#6818,#6819,#6820,#6821)
    ,(#6822,#6823,#6824,#6825
)),.UNSPECIFIED.,.F.,.F.,.F.) B_SPLINE_SURFACE_WITH_KNOTS((2,2),(4,4),(
    15.,16.),(0.,1.),.PIECEWISE_BEZIER_KNOTS.) 
GEOMETRIC_REPRESENTATION_ITEM() RATIONAL_B_SPLINE_SURFACE((
    (1.,1.,1.,1.)
,(1.,1.,1.,1.))) REPRESENTATION_ITEM('') SURFACE() );
#6818 = CARTESIAN_POINT('',(1.275056183502E+03,-2.1E+03,106.1998299866)
  );
#6819 = CARTESIAN_POINT('',(1.361610965396E+03,-704.4156187208,
    32.179399553026));
#6820 = CARTESIAN_POINT('',(1.361610965396E+03,704.41561872084,
    32.179399553026));
#6821 = CARTESIAN_POINT('',(1.275056183502E+03,2.1E+03,106.1998299866));
#6822 = CARTESIAN_POINT('',(1.295E+03,-2.1E+03,104.16529322123));
#6823 = CARTESIAN_POINT('',(1.400876429741E+03,-704.4156187208,
    28.173795569006));
#6824 = CARTESIAN_POINT('',(1.400876429741E+03,704.41561872084,
    28.173795569006));
#6825 = CARTESIAN_POINT('',(1.295E+03,2.1E+03,104.16529322123));
#6826 = ADVANCED_FACE('',(#6827),#6845,.T.);
#6827 = FACE_BOUND('',#6828,.T.);
#6828 = EDGE_LOOP('',(#6829,#6830,#6831,#6840));
#6829 = ORIENTED_EDGE('',*,*,#6804,.F.);
#6830 = ORIENTED_EDGE('',*,*,#924,.F.);
#6831 = ORIENTED_EDGE('',*,*,#6832,.T.);
#6832 = EDGE_CURVE('',#912,#6833,#6835,.T.);
#6833 = VERTEX_POINT('',#6834);
#6834 = CARTESIAN_POINT('',(1.313489442931E+03,2.1E+03,102.12964532756)
  );
#6835 = ( BOUNDED_CURVE() B_SPLINE_CURVE(3,(#6836,#6837,#6838,#6839),
.UNSPECIFIED.,.F.,.F.) B_SPLINE_CURVE_WITH_KNOTS((4,4),(0.,1.),
.PIECEWISE_BEZIER_KNOTS.) CURVE() GEOMETRIC_REPRESENTATION_ITEM() 
RATIONAL_B_SPLINE_CURVE((1.,1.,1.,1.)) REPRESENTATION_ITEM('') );
#6836 = CARTESIAN_POINT('',(1.313489442931E+03,-2.1E+03,102.12964532756)
  );
#6837 = CARTESIAN_POINT('',(1.437278517691E+03,-704.4156187208,
    24.166003991211));
#6838 = CARTESIAN_POINT('',(1.437278517691E+03,704.41561872084,
    24.166003991211));
#6839 = CARTESIAN_POINT('',(1.313489442931E+03,2.1E+03,102.12964532756)
  );
#6840 = ORIENTED_EDGE('',*,*,#6841,.F.);
#6841 = EDGE_CURVE('',#6805,#6833,#6842,.T.);
#6842 = B_SPLINE_CURVE_WITH_KNOTS('',1,(#6843,#6844),.UNSPECIFIED.,.F.,
  .F.,(2,2),(16.,17.),.PIECEWISE_BEZIER_KNOTS.);
#6843 = CARTESIAN_POINT('',(1.295E+03,2.1E+03,104.16529322123));
#6844 = CARTESIAN_POINT('',(1.313489442931E+03,2.1E+03,102.12964532756)
  );
#6845 = ( BOUNDED_SURFACE() B_SPLINE_SURFACE(1,3,(
    (#6846,#6847,#6848,#6849)
    ,(#6850,#6851,#6852,#6853
)),.UNSPECIFIED.,.F.,.F.,.F.) B_SPLINE_SURFACE_WITH_KNOTS((2,2),(4,4),(
    16.,17.),(0.,1.),.PIECEWISE_BEZIER_KNOTS.) 
GEOMETRIC_REPRESENTATION_ITEM() RATIONAL_B_SPLINE_SURFACE((
    (1.,1.,1.,1.)
,(1.,1.,1.,1.))) REPRESENTATION_ITEM('') SURFACE() );
#6846 = CARTESIAN_POINT('',(1.295E+03,-2.1E+03,104.16529322123));
#6847 = CARTESIAN_POINT('',(1.400876429741E+03,-704.4156187208,
    28.173795569006));
#6848 = CARTESIAN_POINT('',(1.400876429741E+03,704.41561872084,
    28.173795569006));
#6849 = CARTESIAN_POINT('',(1.295E+03,2.1E+03,104.16529322123));
#6850 = CARTESIAN_POINT('',(1.313489442931E+03,-2.1E+03,102.12964532756)
  );
#6851 = CARTESIAN_POINT('',(1.437278517691E+03,-704.4156187208,
    24.166003991211));
#6852 = CARTESIAN_POINT('',(1.437278517691E+03,704.41561872084,
    24.166003991211));
#6853 = CARTESIAN_POINT('',(1.313489442931E+03,2.1E+03,102.12964532756)
  );
#6854 = ADVANCED_FACE('',(#6855),#6873,.T.);
#6855 = FACE_BOUND('',#6856,.T.);
#6856 = EDGE_LOOP('',(#6857,#6858,#6859,#6868));
#6857 = ORIENTED_EDGE('',*,*,#6832,.F.);
#6858 = ORIENTED_EDGE('',*,*,#911,.F.);
#6859 = ORIENTED_EDGE('',*,*,#6860,.T.);
#6860 = EDGE_CURVE('',#899,#6861,#6863,.T.);
#6861 = VERTEX_POINT('',#6862);
#6862 = CARTESIAN_POINT('',(1.330208152802E+03,2.1E+03,100.16488246463)
  );
#6863 = ( BOUNDED_CURVE() B_SPLINE_CURVE(3,(#6864,#6865,#6866,#6867),
.UNSPECIFIED.,.F.,.F.) B_SPLINE_CURVE_WITH_KNOTS((4,4),(0.,1.),
.PIECEWISE_BEZIER_KNOTS.) CURVE() GEOMETRIC_REPRESENTATION_ITEM() 
RATIONAL_B_SPLINE_CURVE((1.,1.,1.,1.)) REPRESENTATION_ITEM('') );
#6864 = CARTESIAN_POINT('',(1.330208152802E+03,-2.1E+03,100.16488246463)
  );
#6865 = CARTESIAN_POINT('',(1.470194379426E+03,-704.4156187208,
    20.297771140704));
#6866 = CARTESIAN_POINT('',(1.470194379426E+03,704.41561872084,
    20.297771140705));
#6867 = CARTESIAN_POINT('',(1.330208152802E+03,2.1E+03,100.16488246463)
  );
#6868 = ORIENTED_EDGE('',*,*,#6869,.F.);
#6869 = EDGE_CURVE('',#6833,#6861,#6870,.T.);
#6870 = B_SPLINE_CURVE_WITH_KNOTS('',1,(#6871,#6872),.UNSPECIFIED.,.F.,
  .F.,(2,2),(17.,18.),.PIECEWISE_BEZIER_KNOTS.);
#6871 = CARTESIAN_POINT('',(1.313489442931E+03,2.1E+03,102.12964532756)
  );
#6872 = CARTESIAN_POINT('',(1.330208152802E+03,2.1E+03,100.16488246463)
  );
#6873 = ( BOUNDED_SURFACE() B_SPLINE_SURFACE(1,3,(
    (#6874,#6875,#6876,#6877)
    ,(#6878,#6879,#6880,#6881
)),.UNSPECIFIED.,.F.,.F.,.F.) B_SPLINE_SURFACE_WITH_KNOTS((2,2),(4,4),(
    17.,18.),(0.,1.),.PIECEWISE_BEZIER_KNOTS.) 
GEOMETRIC_REPRESENTATION_ITEM() RATIONAL_B_SPLINE_SURFACE((
    (1.,1.,1.,1.)
,(1.,1.,1.,1.))) REPRESENTATION_ITEM('') SURFACE() );
#6874 = CARTESIAN_POINT('',(1.313489442931E+03,-2.1E+03,102.12964532756)
  );
#6875 = CARTESIAN_POINT('',(1.437278517691E+03,-704.4156187208,
    24.166003991211));
#6876 = CARTESIAN_POINT('',(1.437278517691E+03,704.41561872084,
    24.166003991211));
#6877 = CARTESIAN_POINT('',(1.313489442931E+03,2.1E+03,102.12964532756)
  );
#6878 = CARTESIAN_POINT('',(1.330208152802E+03,-2.1E+03,100.16488246463)
  );
#6879 = CARTESIAN_POINT('',(1.470194379426E+03,-704.4156187208,
    20.297771140704));
#6880 = CARTESIAN_POINT('',(1.470194379426E+03,704.41561872084,
    20.297771140705));
#6881 = CARTESIAN_POINT('',(1.330208152802E+03,2.1E+03,100.16488246463)
  );
#6882 = ADVANCED_FACE('',(#6883),#6901,.T.);
#6883 = FACE_BOUND('',#6884,.T.);
#6884 = EDGE_LOOP('',(#6885,#6886,#6887,#6896));
#6885 = ORIENTED_EDGE('',*,*,#6860,.F.);
#6886 = ORIENTED_EDGE('',*,*,#898,.F.);
#6887 = ORIENTED_EDGE('',*,*,#6888,.T.);
#6888 = EDGE_CURVE('',#886,#6889,#6891,.T.);
#6889 = VERTEX_POINT('',#6890);
#6890 = CARTESIAN_POINT('',(1.34487006785E+03,2.1E+03,98.341516417284));
#6891 = ( BOUNDED_CURVE() B_SPLINE_CURVE(3,(#6892,#6893,#6894,#6895),
.UNSPECIFIED.,.F.,.F.) B_SPLINE_CURVE_WITH_KNOTS((4,4),(0.,1.),
.PIECEWISE_BEZIER_KNOTS.) CURVE() GEOMETRIC_REPRESENTATION_ITEM() 
RATIONAL_B_SPLINE_CURVE((1.,1.,1.,1.)) REPRESENTATION_ITEM('') );
#6892 = CARTESIAN_POINT('',(1.34487006785E+03,-2.1E+03,98.341516417284)
  );
#6893 = CARTESIAN_POINT('',(1.499060815426E+03,-704.4156187208,
    16.707920896698));
#6894 = CARTESIAN_POINT('',(1.499060815426E+03,704.41561872084,
    16.707920896698));
#6895 = CARTESIAN_POINT('',(1.34487006785E+03,2.1E+03,98.341516417284));
#6896 = ORIENTED_EDGE('',*,*,#6897,.F.);
#6897 = EDGE_CURVE('',#6861,#6889,#6898,.T.);
#6898 = B_SPLINE_CURVE_WITH_KNOTS('',1,(#6899,#6900),.UNSPECIFIED.,.F.,
  .F.,(2,2),(18.,19.),.PIECEWISE_BEZIER_KNOTS.);
#6899 = CARTESIAN_POINT('',(1.330208152802E+03,2.1E+03,100.16488246463)
  );
#6900 = CARTESIAN_POINT('',(1.34487006785E+03,2.1E+03,98.341516417284));
#6901 = ( BOUNDED_SURFACE() B_SPLINE_SURFACE(1,3,(
    (#6902,#6903,#6904,#6905)
    ,(#6906,#6907,#6908,#6909
)),.UNSPECIFIED.,.F.,.F.,.F.) B_SPLINE_SURFACE_WITH_KNOTS((2,2),(4,4),(
    18.,19.),(0.,1.),.PIECEWISE_BEZIER_KNOTS.) 
GEOMETRIC_REPRESENTATION_ITEM() RATIONAL_B_SPLINE_SURFACE((
    (1.,1.,1.,1.)
,(1.,1.,1.,1.))) REPRESENTATION_ITEM('') SURFACE() );
#6902 = CARTESIAN_POINT('',(1.330208152802E+03,-2.1E+03,100.16488246463)
  );
#6903 = CARTESIAN_POINT('',(1.470194379426E+03,-704.4156187208,
    20.297771140704));
#6904 = CARTESIAN_POINT('',(1.470194379426E+03,704.41561872084,
    20.297771140705));
#6905 = CARTESIAN_POINT('',(1.330208152802E+03,2.1E+03,100.16488246463)
  );
#6906 = CARTESIAN_POINT('',(1.34487006785E+03,-2.1E+03,98.341516417284)
  );
#6907 = CARTESIAN_POINT('',(1.499060815426E+03,-704.4156187208,
    16.707920896698));
#6908 = CARTESIAN_POINT('',(1.499060815426E+03,704.41561872084,
    16.707920896698));
#6909 = CARTESIAN_POINT('',(1.34487006785E+03,2.1E+03,98.341516417284));
#6910 = ADVANCED_FACE('',(#6911),#6929,.T.);
#6911 = FACE_BOUND('',#6912,.T.);
#6912 = EDGE_LOOP('',(#6913,#6914,#6915,#6924));
#6913 = ORIENTED_EDGE('',*,*,#6888,.F.);
#6914 = ORIENTED_EDGE('',*,*,#885,.F.);
#6915 = ORIENTED_EDGE('',*,*,#6916,.T.);
#6916 = EDGE_CURVE('',#876,#6917,#6919,.T.);
#6917 = VERTEX_POINT('',#6918);
#6918 = CARTESIAN_POINT('',(1.357224318643E+03,2.1E+03,96.728513366922)
  );
#6919 = ( BOUNDED_CURVE() B_SPLINE_CURVE(3,(#6920,#6921,#6922,#6923),
.UNSPECIFIED.,.F.,.F.) B_SPLINE_CURVE_WITH_KNOTS((4,4),(0.,1.),
.PIECEWISE_BEZIER_KNOTS.) CURVE() GEOMETRIC_REPRESENTATION_ITEM() 
RATIONAL_B_SPLINE_CURVE((1.,1.,1.,1.)) REPRESENTATION_ITEM('') );
#6920 = CARTESIAN_POINT('',(1.357224318643E+03,-2.1E+03,96.728513366922)
  );
#6921 = CARTESIAN_POINT('',(1.52338391297E+03,-704.4156187208,
    13.532234148373));
#6922 = CARTESIAN_POINT('',(1.52338391297E+03,704.41561872084,
    13.532234148373));
#6923 = CARTESIAN_POINT('',(1.357224318643E+03,2.1E+03,96.728513366922)
  );
#6924 = ORIENTED_EDGE('',*,*,#6925,.F.);
#6925 = EDGE_CURVE('',#6889,#6917,#6926,.T.);
#6926 = B_SPLINE_CURVE_WITH_KNOTS('',1,(#6927,#6928),.UNSPECIFIED.,.F.,
  .F.,(2,2),(19.,20.),.PIECEWISE_BEZIER_KNOTS.);
#6927 = CARTESIAN_POINT('',(1.34487006785E+03,2.1E+03,98.341516417284));
#6928 = CARTESIAN_POINT('',(1.357224318643E+03,2.1E+03,96.728513366922)
  );
#6929 = ( BOUNDED_SURFACE() B_SPLINE_SURFACE(1,3,(
    (#6930,#6931,#6932,#6933)
    ,(#6934,#6935,#6936,#6937
)),.UNSPECIFIED.,.F.,.F.,.F.) B_SPLINE_SURFACE_WITH_KNOTS((2,2),(4,4),(
    19.,20.),(0.,1.),.PIECEWISE_BEZIER_KNOTS.) 
GEOMETRIC_REPRESENTATION_ITEM() RATIONAL_B_SPLINE_SURFACE((
    (1.,1.,1.,1.)
,(1.,1.,1.,1.))) REPRESENTATION_ITEM('') SURFACE() );
#6930 = CARTESIAN_POINT('',(1.34487006785E+03,-2.1E+03,98.341516417284)
  );
#6931 = CARTESIAN_POINT('',(1.499060815426E+03,-704.4156187208,
    16.707920896698));
#6932 = CARTESIAN_POINT('',(1.499060815426E+03,704.41561872084,
    16.707920896698));
#6933 = CARTESIAN_POINT('',(1.34487006785E+03,2.1E+03,98.341516417284));
#6934 = CARTESIAN_POINT('',(1.357224318643E+03,-2.1E+03,96.728513366922)
  );
#6935 = CARTESIAN_POINT('',(1.52338391297E+03,-704.4156187208,
    13.532234148373));
#6936 = CARTESIAN_POINT('',(1.52338391297E+03,704.41561872084,
    13.532234148373));
#6937 = CARTESIAN_POINT('',(1.357224318643E+03,2.1E+03,96.728513366922)
  );
#6938 = ADVANCED_FACE('',(#6939),#6957,.T.);
#6939 = FACE_BOUND('',#6940,.T.);
#6940 = EDGE_LOOP('',(#6941,#6942,#6943,#6952));
#6941 = ORIENTED_EDGE('',*,*,#6916,.F.);
#6942 = ORIENTED_EDGE('',*,*,#875,.F.);
#6943 = ORIENTED_EDGE('',*,*,#6944,.T.);
#6944 = EDGE_CURVE('',#863,#6945,#6947,.T.);
#6945 = VERTEX_POINT('',#6946);
#6946 = CARTESIAN_POINT('',(1.367059520527E+03,2.1E+03,95.391387209632)
  );
#6947 = ( BOUNDED_CURVE() B_SPLINE_CURVE(3,(#6948,#6949,#6950,#6951),
.UNSPECIFIED.,.F.,.F.) B_SPLINE_CURVE_WITH_KNOTS((4,4),(0.,1.),
.PIECEWISE_BEZIER_KNOTS.) CURVE() GEOMETRIC_REPRESENTATION_ITEM() 
RATIONAL_B_SPLINE_CURVE((1.,1.,1.,1.)) REPRESENTATION_ITEM('') );
#6948 = CARTESIAN_POINT('',(1.367059520527E+03,-2.1E+03,95.391387209632)
  );
#6949 = CARTESIAN_POINT('',(1.542747497113E+03,-704.4156187208,
    10.899694911953));
#6950 = CARTESIAN_POINT('',(1.542747497113E+03,704.41561872084,
    10.899694911953));
#6951 = CARTESIAN_POINT('',(1.367059520527E+03,2.1E+03,95.391387209632)
  );
#6952 = ORIENTED_EDGE('',*,*,#6953,.F.);
#6953 = EDGE_CURVE('',#6917,#6945,#6954,.T.);
#6954 = B_SPLINE_CURVE_WITH_KNOTS('',1,(#6955,#6956),.UNSPECIFIED.,.F.,
  .F.,(2,2),(20.,21.),.PIECEWISE_BEZIER_KNOTS.);
#6955 = CARTESIAN_POINT('',(1.357224318643E+03,2.1E+03,96.728513366922)
  );
#6956 = CARTESIAN_POINT('',(1.367059520527E+03,2.1E+03,95.391387209632)
  );
#6957 = ( BOUNDED_SURFACE() B_SPLINE_SURFACE(1,3,(
    (#6958,#6959,#6960,#6961)
    ,(#6962,#6963,#6964,#6965
)),.UNSPECIFIED.,.F.,.F.,.F.) B_SPLINE_SURFACE_WITH_KNOTS((2,2),(4,4),(
    20.,21.),(0.,1.),.PIECEWISE_BEZIER_KNOTS.) 
GEOMETRIC_REPRESENTATION_ITEM() RATIONAL_B_SPLINE_SURFACE((
    (1.,1.,1.,1.)
,(1.,1.,1.,1.))) REPRESENTATION_ITEM('') SURFACE() );
#6958 = CARTESIAN_POINT('',(1.357224318643E+03,-2.1E+03,96.728513366922)
  );
#6959 = CARTESIAN_POINT('',(1.52338391297E+03,-704.4156187208,
    13.532234148373));
#6960 = CARTESIAN_POINT('',(1.52338391297E+03,704.41561872084,
    13.532234148373));
#6961 = CARTESIAN_POINT('',(1.357224318643E+03,2.1E+03,96.728513366922)
  );
#6962 = CARTESIAN_POINT('',(1.367059520527E+03,-2.1E+03,95.391387209632)
  );
#6963 = CARTESIAN_POINT('',(1.542747497113E+03,-704.4156187208,
    10.899694911953));
#6964 = CARTESIAN_POINT('',(1.542747497113E+03,704.41561872084,
    10.899694911953));
#6965 = CARTESIAN_POINT('',(1.367059520527E+03,2.1E+03,95.391387209632)
  );
#6966 = ADVANCED_FACE('',(#6967),#6985,.T.);
#6967 = FACE_BOUND('',#6968,.T.);
#6968 = EDGE_LOOP('',(#6969,#6970,#6971,#6980));
#6969 = ORIENTED_EDGE('',*,*,#6944,.F.);
#6970 = ORIENTED_EDGE('',*,*,#862,.F.);
#6971 = ORIENTED_EDGE('',*,*,#6972,.T.);
#6972 = EDGE_CURVE('',#853,#6973,#6975,.T.);
#6973 = VERTEX_POINT('',#6974);
#6974 = CARTESIAN_POINT('',(1.374207390469E+03,2.1E+03,94.388545868709)
  );
#6975 = ( BOUNDED_CURVE() B_SPLINE_CURVE(3,(#6976,#6977,#6978,#6979),
.UNSPECIFIED.,.F.,.F.) B_SPLINE_CURVE_WITH_KNOTS((4,4),(0.,1.),
.PIECEWISE_BEZIER_KNOTS.) CURVE() GEOMETRIC_REPRESENTATION_ITEM() 
RATIONAL_B_SPLINE_CURVE((1.,1.,1.,1.)) REPRESENTATION_ITEM('') );
#6976 = CARTESIAN_POINT('',(1.374207390469E+03,-2.1E+03,94.388545868709)
  );
#6977 = CARTESIAN_POINT('',(1.556820251562E+03,-704.4156187208,
    8.925296936496));
#6978 = CARTESIAN_POINT('',(1.556820251562E+03,704.41561872084,
    8.925296936496));
#6979 = CARTESIAN_POINT('',(1.374207390469E+03,2.1E+03,94.388545868709)
  );
#6980 = ORIENTED_EDGE('',*,*,#6981,.F.);
#6981 = EDGE_CURVE('',#6945,#6973,#6982,.T.);
#6982 = B_SPLINE_CURVE_WITH_KNOTS('',1,(#6983,#6984),.UNSPECIFIED.,.F.,
  .F.,(2,2),(21.,22.),.PIECEWISE_BEZIER_KNOTS.);
#6983 = CARTESIAN_POINT('',(1.367059520527E+03,2.1E+03,95.391387209632)
  );
#6984 = CARTESIAN_POINT('',(1.374207390469E+03,2.1E+03,94.388545868709)
  );
#6985 = ( BOUNDED_SURFACE() B_SPLINE_SURFACE(1,3,(
    (#6986,#6987,#6988,#6989)
    ,(#6990,#6991,#6992,#6993
)),.UNSPECIFIED.,.F.,.F.,.F.) B_SPLINE_SURFACE_WITH_KNOTS((2,2),(4,4),(
    21.,22.),(0.,1.),.PIECEWISE_BEZIER_KNOTS.) 
GEOMETRIC_REPRESENTATION_ITEM() RATIONAL_B_SPLINE_SURFACE((
    (1.,1.,1.,1.)
,(1.,1.,1.,1.))) REPRESENTATION_ITEM('') SURFACE() );
#6986 = CARTESIAN_POINT('',(1.367059520527E+03,-2.1E+03,95.391387209632)
  );
#6987 = CARTESIAN_POINT('',(1.542747497113E+03,-704.4156187208,
    10.899694911953));
#6988 = CARTESIAN_POINT('',(1.542747497113E+03,704.41561872084,
    10.899694911953));
#6989 = CARTESIAN_POINT('',(1.367059520527E+03,2.1E+03,95.391387209632)
  );
#6990 = CARTESIAN_POINT('',(1.374207390469E+03,-2.1E+03,94.388545868709)
  );
#6991 = CARTESIAN_POINT('',(1.556820251562E+03,-704.4156187208,
    8.925296936496));
#6992 = CARTESIAN_POINT('',(1.556820251562E+03,704.41561872084,
    8.925296936496));
#6993 = CARTESIAN_POINT('',(1.374207390469E+03,2.1E+03,94.388545868709)
  );
#6994 = ADVANCED_FACE('',(#6995),#7013,.T.);
#6995 = FACE_BOUND('',#6996,.T.);
#6996 = EDGE_LOOP('',(#6997,#6998,#6999,#7008));
#6997 = ORIENTED_EDGE('',*,*,#6972,.F.);
#6998 = ORIENTED_EDGE('',*,*,#852,.F.);
#6999 = ORIENTED_EDGE('',*,*,#7000,.T.);
#7000 = EDGE_CURVE('',#843,#7001,#7003,.T.);
#7001 = VERTEX_POINT('',#7002);
#7002 = CARTESIAN_POINT('',(1.378545626434E+03,2.1E+03,93.766607870754)
  );
#7003 = ( BOUNDED_CURVE() B_SPLINE_CURVE(3,(#7004,#7005,#7006,#7007),
.UNSPECIFIED.,.F.,.F.) B_SPLINE_CURVE_WITH_KNOTS((4,4),(0.,1.),
.PIECEWISE_BEZIER_KNOTS.) CURVE() GEOMETRIC_REPRESENTATION_ITEM() 
RATIONAL_B_SPLINE_CURVE((1.,1.,1.,1.)) REPRESENTATION_ITEM('') );
#7004 = CARTESIAN_POINT('',(1.378545626434E+03,-2.1E+03,93.766607870754)
  );
#7005 = CARTESIAN_POINT('',(1.565361387588E+03,-704.4156187208,
    7.700822960492));
#7006 = CARTESIAN_POINT('',(1.565361387588E+03,704.41561872084,
    7.700822960492));
#7007 = CARTESIAN_POINT('',(1.378545626434E+03,2.1E+03,93.766607870754)
  );
#7008 = ORIENTED_EDGE('',*,*,#7009,.F.);
#7009 = EDGE_CURVE('',#6973,#7001,#7010,.T.);
#7010 = B_SPLINE_CURVE_WITH_KNOTS('',1,(#7011,#7012),.UNSPECIFIED.,.F.,
  .F.,(2,2),(22.,23.),.PIECEWISE_BEZIER_KNOTS.);
#7011 = CARTESIAN_POINT('',(1.374207390469E+03,2.1E+03,94.388545868709)
  );
#7012 = CARTESIAN_POINT('',(1.378545626434E+03,2.1E+03,93.766607870754)
  );
#7013 = ( BOUNDED_SURFACE() B_SPLINE_SURFACE(1,3,(
    (#7014,#7015,#7016,#7017)
    ,(#7018,#7019,#7020,#7021
)),.UNSPECIFIED.,.F.,.F.,.F.) B_SPLINE_SURFACE_WITH_KNOTS((2,2),(4,4),(
    22.,23.),(0.,1.),.PIECEWISE_BEZIER_KNOTS.) 
GEOMETRIC_REPRESENTATION_ITEM() RATIONAL_B_SPLINE_SURFACE((
    (1.,1.,1.,1.)
,(1.,1.,1.,1.))) REPRESENTATION_ITEM('') SURFACE() );
#7014 = CARTESIAN_POINT('',(1.374207390469E+03,-2.1E+03,94.388545868709)
  );
#7015 = CARTESIAN_POINT('',(1.556820251562E+03,-704.4156187208,
    8.925296936496));
#7016 = CARTESIAN_POINT('',(1.556820251562E+03,704.41561872084,
    8.925296936496));
#7017 = CARTESIAN_POINT('',(1.374207390469E+03,2.1E+03,94.388545868709)
  );
#7018 = CARTESIAN_POINT('',(1.378545626434E+03,-2.1E+03,93.766607870754)
  );
#7019 = CARTESIAN_POINT('',(1.565361387588E+03,-704.4156187208,
    7.700822960492));
#7020 = CARTESIAN_POINT('',(1.565361387588E+03,704.41561872084,
    7.700822960492));
#7021 = CARTESIAN_POINT('',(1.378545626434E+03,2.1E+03,93.766607870754)
  );
#7022 = ADVANCED_FACE('',(#7023),#7041,.T.);
#7023 = FACE_BOUND('',#7024,.T.);
#7024 = EDGE_LOOP('',(#7025,#7026,#7027,#7036));
#7025 = ORIENTED_EDGE('',*,*,#7000,.F.);
#7026 = ORIENTED_EDGE('',*,*,#842,.F.);
#7027 = ORIENTED_EDGE('',*,*,#7028,.T.);
#7028 = EDGE_CURVE('',#833,#7029,#7031,.T.);
#7029 = VERTEX_POINT('',#7030);
#7030 = CARTESIAN_POINT('',(1.38E+03,2.1E+03,93.555800474981));
#7031 = ( BOUNDED_CURVE() B_SPLINE_CURVE(3,(#7032,#7033,#7034,#7035),
.UNSPECIFIED.,.F.,.F.) B_SPLINE_CURVE_WITH_KNOTS((4,4),(0.,1.),
.PIECEWISE_BEZIER_KNOTS.) CURVE() GEOMETRIC_REPRESENTATION_ITEM() 
RATIONAL_B_SPLINE_CURVE((1.,1.,1.,1.)) REPRESENTATION_ITEM('') );
#7032 = CARTESIAN_POINT('',(1.38E+03,-2.1E+03,93.555800474981));
#7033 = CARTESIAN_POINT('',(1.568224763985E+03,-704.4156187208,
    7.285784530741));
#7034 = CARTESIAN_POINT('',(1.568224763985E+03,704.41561872084,
    7.285784530741));
#7035 = CARTESIAN_POINT('',(1.38E+03,2.1E+03,93.555800474981));
#7036 = ORIENTED_EDGE('',*,*,#7037,.F.);
#7037 = EDGE_CURVE('',#7001,#7029,#7038,.T.);
#7038 = B_SPLINE_CURVE_WITH_KNOTS('',1,(#7039,#7040),.UNSPECIFIED.,.F.,
  .F.,(2,2),(23.,24.),.PIECEWISE_BEZIER_KNOTS.);
#7039 = CARTESIAN_POINT('',(1.378545626434E+03,2.1E+03,93.766607870754)
  );
#7040 = CARTESIAN_POINT('',(1.38E+03,2.1E+03,93.555800474981));
#7041 = ( BOUNDED_SURFACE() B_SPLINE_SURFACE(1,3,(
    (#7042,#7043,#7044,#7045)
    ,(#7046,#7047,#7048,#7049
)),.UNSPECIFIED.,.F.,.F.,.F.) B_SPLINE_SURFACE_WITH_KNOTS((2,2),(4,4),(
    23.,24.),(0.,1.),.PIECEWISE_BEZIER_KNOTS.) 
GEOMETRIC_REPRESENTATION_ITEM() RATIONAL_B_SPLINE_SURFACE((
    (1.,1.,1.,1.)
,(1.,1.,1.,1.))) REPRESENTATION_ITEM('') SURFACE() );
#7042 = CARTESIAN_POINT('',(1.378545626434E+03,-2.1E+03,93.766607870754)
  );
#7043 = CARTESIAN_POINT('',(1.565361387588E+03,-704.4156187208,
    7.700822960492));
#7044 = CARTESIAN_POINT('',(1.565361387588E+03,704.41561872084,
    7.700822960492));
#7045 = CARTESIAN_POINT('',(1.378545626434E+03,2.1E+03,93.766607870754)
  );
#7046 = CARTESIAN_POINT('',(1.38E+03,-2.1E+03,93.555800474981));
#7047 = CARTESIAN_POINT('',(1.568224763985E+03,-704.4156187208,
    7.285784530741));
#7048 = CARTESIAN_POINT('',(1.568224763985E+03,704.41561872084,
    7.285784530741));
#7049 = CARTESIAN_POINT('',(1.38E+03,2.1E+03,93.555800474981));
#7050 = ADVANCED_FACE('',(#7051),#7069,.T.);
#7051 = FACE_BOUND('',#7052,.T.);
#7052 = EDGE_LOOP('',(#7053,#7054,#7055,#7064));
#7053 = ORIENTED_EDGE('',*,*,#7028,.F.);
#7054 = ORIENTED_EDGE('',*,*,#832,.F.);
#7055 = ORIENTED_EDGE('',*,*,#7056,.T.);
#7056 = EDGE_CURVE('',#823,#7057,#7059,.T.);
#7057 = VERTEX_POINT('',#7058);
#7058 = CARTESIAN_POINT('',(1.378545626434E+03,2.1E+03,93.344993079208)
  );
#7059 = ( BOUNDED_CURVE() B_SPLINE_CURVE(3,(#7060,#7061,#7062,#7063),
.UNSPECIFIED.,.F.,.F.) B_SPLINE_CURVE_WITH_KNOTS((4,4),(0.,1.),
.PIECEWISE_BEZIER_KNOTS.) CURVE() GEOMETRIC_REPRESENTATION_ITEM() 
RATIONAL_B_SPLINE_CURVE((1.,1.,1.,1.)) REPRESENTATION_ITEM('') );
#7060 = CARTESIAN_POINT('',(1.378545626434E+03,-2.1E+03,93.344993079208)
  );
#7061 = CARTESIAN_POINT('',(1.565361387588E+03,-704.4156187208,
    6.87074610099));
#7062 = CARTESIAN_POINT('',(1.565361387588E+03,704.41561872084,
    6.87074610099));
#7063 = CARTESIAN_POINT('',(1.378545626434E+03,2.1E+03,93.344993079208)
  );
#7064 = ORIENTED_EDGE('',*,*,#7065,.F.);
#7065 = EDGE_CURVE('',#7029,#7057,#7066,.T.);
#7066 = B_SPLINE_CURVE_WITH_KNOTS('',1,(#7067,#7068),.UNSPECIFIED.,.F.,
  .F.,(2,2),(24.,25.),.PIECEWISE_BEZIER_KNOTS.);
#7067 = CARTESIAN_POINT('',(1.38E+03,2.1E+03,93.555800474981));
#7068 = CARTESIAN_POINT('',(1.378545626434E+03,2.1E+03,93.344993079208)
  );
#7069 = ( BOUNDED_SURFACE() B_SPLINE_SURFACE(1,3,(
    (#7070,#7071,#7072,#7073)
    ,(#7074,#7075,#7076,#7077
)),.UNSPECIFIED.,.F.,.F.,.F.) B_SPLINE_SURFACE_WITH_KNOTS((2,2),(4,4),(
    24.,25.),(0.,1.),.PIECEWISE_BEZIER_KNOTS.) 
GEOMETRIC_REPRESENTATION_ITEM() RATIONAL_B_SPLINE_SURFACE((
    (1.,1.,1.,1.)
,(1.,1.,1.,1.))) REPRESENTATION_ITEM('') SURFACE() );
#7070 = CARTESIAN_POINT('',(1.38E+03,-2.1E+03,93.555800474981));
#7071 = CARTESIAN_POINT('',(1.568224763985E+03,-704.4156187208,
    7.285784530741));
#7072 = CARTESIAN_POINT('',(1.568224763985E+03,704.41561872084,
    7.285784530741));
#7073 = CARTESIAN_POINT('',(1.38E+03,2.1E+03,93.555800474981));
#7074 = CARTESIAN_POINT('',(1.378545626434E+03,-2.1E+03,93.344993079208)
  );
#7075 = CARTESIAN_POINT('',(1.565361387588E+03,-704.4156187208,
    6.87074610099));
#7076 = CARTESIAN_POINT('',(1.565361387588E+03,704.41561872084,
    6.87074610099));
#7077 = CARTESIAN_POINT('',(1.378545626434E+03,2.1E+03,93.344993079208)
  );
#7078 = ADVANCED_FACE('',(#7079),#7089,.T.);
#7079 = FACE_BOUND('',#7080,.T.);
#7080 = EDGE_LOOP('',(#7081,#7082,#7083,#7084));
#7081 = ORIENTED_EDGE('',*,*,#7056,.F.);
#7082 = ORIENTED_EDGE('',*,*,#822,.F.);
#7083 = ORIENTED_EDGE('',*,*,#1040,.T.);
#7084 = ORIENTED_EDGE('',*,*,#7085,.F.);
#7085 = EDGE_CURVE('',#7057,#1041,#7086,.T.);
#7086 = B_SPLINE_CURVE_WITH_KNOTS('',1,(#7087,#7088),.UNSPECIFIED.,.F.,
  .F.,(2,2),(25.,26.),.PIECEWISE_BEZIER_KNOTS.);
#7087 = CARTESIAN_POINT('',(1.378545626434E+03,2.1E+03,93.344993079208)
  );
#7088 = CARTESIAN_POINT('',(1.374207390469E+03,2.1E+03,92.723055081253)
  );
#7089 = ( BOUNDED_SURFACE() B_SPLINE_SURFACE(1,3,(
    (#7090,#7091,#7092,#7093)
    ,(#7094,#7095,#7096,#7097
)),.UNSPECIFIED.,.F.,.F.,.F.) B_SPLINE_SURFACE_WITH_KNOTS((2,2),(4,4),(
    25.,26.),(0.,1.),.PIECEWISE_BEZIER_KNOTS.) 
GEOMETRIC_REPRESENTATION_ITEM() RATIONAL_B_SPLINE_SURFACE((
    (1.,1.,1.,1.)
,(1.,1.,1.,1.))) REPRESENTATION_ITEM('') SURFACE() );
#7090 = CARTESIAN_POINT('',(1.378545626434E+03,-2.1E+03,93.344993079208)
  );
#7091 = CARTESIAN_POINT('',(1.565361387588E+03,-704.4156187208,
    6.87074610099));
#7092 = CARTESIAN_POINT('',(1.565361387588E+03,704.41561872084,
    6.87074610099));
#7093 = CARTESIAN_POINT('',(1.378545626434E+03,2.1E+03,93.344993079208)
  );
#7094 = CARTESIAN_POINT('',(1.374207390469E+03,-2.1E+03,92.723055081253)
  );
#7095 = CARTESIAN_POINT('',(1.556820251562E+03,-704.4156187208,
    5.646272124986));
#7096 = CARTESIAN_POINT('',(1.556820251562E+03,704.41561872084,
    5.646272124986));
#7097 = CARTESIAN_POINT('',(1.374207390469E+03,2.1E+03,92.723055081253)
  );
#7098 = ADVANCED_FACE('',(#7099),#7213,.F.);
#7099 = FACE_BOUND('',#7100,.T.);
#7100 = EDGE_LOOP('',(#7101,#7108,#7115,#7122,#7129,#7136,#7143,#7150,
    #7157,#7164,#7171,#7176,#7177,#7178,#7179,#7180,#7181,#7182,#7183,
    #7184,#7185,#7186,#7187,#7188,#7189,#7190,#7191,#7192,#7193,#7194,
    #7195,#7196,#7197,#7198,#7199,#7200,#7201,#7202,#7203,#7204,#7205,
    #7206,#7207,#7208,#7209,#7210,#7211,#7212));
#7101 = ORIENTED_EDGE('',*,*,#7102,.T.);
#7102 = EDGE_CURVE('',#1650,#7103,#7105,.T.);
#7103 = VERTEX_POINT('',#7104);
#7104 = CARTESIAN_POINT('',(1.041454373566E+03,2.1E+03,97.405852514717)
  );
#7105 = B_SPLINE_CURVE_WITH_KNOTS('',1,(#7106,#7107),.UNSPECIFIED.,.F.,
  .F.,(2,2),(0.,1.),.PIECEWISE_BEZIER_KNOTS.);
#7106 = CARTESIAN_POINT('',(1.04E+03,2.1E+03,93.555800474981));
#7107 = CARTESIAN_POINT('',(1.041454373566E+03,2.1E+03,97.405852514717)
  );
#7108 = ORIENTED_EDGE('',*,*,#7109,.T.);
#7109 = EDGE_CURVE('',#7103,#7110,#7112,.T.);
#7110 = VERTEX_POINT('',#7111);
#7111 = CARTESIAN_POINT('',(1.045792609531E+03,2.1E+03,101.00300295102)
  );
#7112 = B_SPLINE_CURVE_WITH_KNOTS('',1,(#7113,#7114),.UNSPECIFIED.,.F.,
  .F.,(2,2),(1.,2.),.PIECEWISE_BEZIER_KNOTS.);
#7113 = CARTESIAN_POINT('',(1.041454373566E+03,2.1E+03,97.405852514717)
  );
#7114 = CARTESIAN_POINT('',(1.045792609531E+03,2.1E+03,101.00300295102)
  );
#7115 = ORIENTED_EDGE('',*,*,#7116,.T.);
#7116 = EDGE_CURVE('',#7110,#7117,#7119,.T.);
#7117 = VERTEX_POINT('',#7118);
#7118 = CARTESIAN_POINT('',(1.052940479473E+03,2.1E+03,104.2929045177));
#7119 = B_SPLINE_CURVE_WITH_KNOTS('',1,(#7120,#7121),.UNSPECIFIED.,.F.,
  .F.,(2,2),(2.,3.),.PIECEWISE_BEZIER_KNOTS.);
#7120 = CARTESIAN_POINT('',(1.045792609531E+03,2.1E+03,101.00300295102)
  );
#7121 = CARTESIAN_POINT('',(1.052940479473E+03,2.1E+03,104.2929045177));
#7122 = ORIENTED_EDGE('',*,*,#7123,.T.);
#7123 = EDGE_CURVE('',#7117,#7124,#7126,.T.);
#7124 = VERTEX_POINT('',#7125);
#7125 = CARTESIAN_POINT('',(1.062775681357E+03,2.1E+03,107.20515755553)
  );
#7126 = B_SPLINE_CURVE_WITH_KNOTS('',1,(#7127,#7128),.UNSPECIFIED.,.F.,
  .F.,(2,2),(3.,4.),.PIECEWISE_BEZIER_KNOTS.);
#7127 = CARTESIAN_POINT('',(1.052940479473E+03,2.1E+03,104.2929045177));
#7128 = CARTESIAN_POINT('',(1.062775681357E+03,2.1E+03,107.20515755553)
  );
#7129 = ORIENTED_EDGE('',*,*,#7130,.T.);
#7130 = EDGE_CURVE('',#7124,#7131,#7133,.T.);
#7131 = VERTEX_POINT('',#7132);
#7132 = CARTESIAN_POINT('',(1.07512993215E+03,2.1E+03,109.66462938663));
#7133 = B_SPLINE_CURVE_WITH_KNOTS('',1,(#7134,#7135),.UNSPECIFIED.,.F.,
  .F.,(2,2),(4.,5.),.PIECEWISE_BEZIER_KNOTS.);
#7134 = CARTESIAN_POINT('',(1.062775681357E+03,2.1E+03,107.20515755553)
  );
#7135 = CARTESIAN_POINT('',(1.07512993215E+03,2.1E+03,109.66462938663));
#7136 = ORIENTED_EDGE('',*,*,#7137,.T.);
#7137 = EDGE_CURVE('',#7131,#7138,#7140,.T.);
#7138 = VERTEX_POINT('',#7139);
#7139 = CARTESIAN_POINT('',(1.089791847198E+03,2.1E+03,111.60390151677)
  );
#7140 = B_SPLINE_CURVE_WITH_KNOTS('',1,(#7141,#7142),.UNSPECIFIED.,.F.,
  .F.,(2,2),(5.,6.),.PIECEWISE_BEZIER_KNOTS.);
#7141 = CARTESIAN_POINT('',(1.07512993215E+03,2.1E+03,109.66462938663));
#7142 = CARTESIAN_POINT('',(1.089791847198E+03,2.1E+03,111.60390151677)
  );
#7143 = ORIENTED_EDGE('',*,*,#7144,.T.);
#7144 = EDGE_CURVE('',#7138,#7145,#7147,.T.);
#7145 = VERTEX_POINT('',#7146);
#7146 = CARTESIAN_POINT('',(1.106510557069E+03,2.1E+03,112.97442345004)
  );
#7147 = B_SPLINE_CURVE_WITH_KNOTS('',1,(#7148,#7149),.UNSPECIFIED.,.F.,
  .F.,(2,2),(6.,7.),.PIECEWISE_BEZIER_KNOTS.);
#7148 = CARTESIAN_POINT('',(1.089791847198E+03,2.1E+03,111.60390151677)
  );
#7149 = CARTESIAN_POINT('',(1.106510557069E+03,2.1E+03,112.97442345004)
  );
#7150 = ORIENTED_EDGE('',*,*,#7151,.T.);
#7151 = EDGE_CURVE('',#7145,#7152,#7154,.T.);
#7152 = VERTEX_POINT('',#7153);
#7153 = CARTESIAN_POINT('',(1.125E+03,2.1E+03,113.75435047498));
#7154 = B_SPLINE_CURVE_WITH_KNOTS('',1,(#7155,#7156),.UNSPECIFIED.,.F.,
  .F.,(2,2),(7.,8.),.PIECEWISE_BEZIER_KNOTS.);
#7155 = CARTESIAN_POINT('',(1.106510557069E+03,2.1E+03,112.97442345004)
  );
#7156 = CARTESIAN_POINT('',(1.125E+03,2.1E+03,113.75435047498));
#7157 = ORIENTED_EDGE('',*,*,#7158,.T.);
#7158 = EDGE_CURVE('',#7152,#7159,#7161,.T.);
#7159 = VERTEX_POINT('',#7160);
#7160 = CARTESIAN_POINT('',(1.144943816498E+03,2.1E+03,113.95186785861)
  );
#7161 = B_SPLINE_CURVE_WITH_KNOTS('',1,(#7162,#7163),.UNSPECIFIED.,.F.,
  .F.,(2,2),(8.,9.),.PIECEWISE_BEZIER_KNOTS.);
#7162 = CARTESIAN_POINT('',(1.125E+03,2.1E+03,113.75435047498));
#7163 = CARTESIAN_POINT('',(1.144943816498E+03,2.1E+03,113.95186785861)
  );
#7164 = ORIENTED_EDGE('',*,*,#7165,.T.);
#7165 = EDGE_CURVE('',#7159,#7166,#7168,.T.);
#7166 = VERTEX_POINT('',#7167);
#7167 = CARTESIAN_POINT('',(1.166000762333E+03,2.1E+03,113.60384357631)
  );
#7168 = B_SPLINE_CURVE_WITH_KNOTS('',1,(#7169,#7170),.UNSPECIFIED.,.F.,
  .F.,(2,2),(9.,10.),.PIECEWISE_BEZIER_KNOTS.);
#7169 = CARTESIAN_POINT('',(1.144943816498E+03,2.1E+03,113.95186785861)
  );
#7170 = CARTESIAN_POINT('',(1.166000762333E+03,2.1E+03,113.60384357631)
  );
#7171 = ORIENTED_EDGE('',*,*,#7172,.T.);
#7172 = EDGE_CURVE('',#7166,#6682,#7173,.T.);
#7173 = B_SPLINE_CURVE_WITH_KNOTS('',1,(#7174,#7175),.UNSPECIFIED.,.F.,
  .F.,(2,2),(10.,11.),.PIECEWISE_BEZIER_KNOTS.);
#7174 = CARTESIAN_POINT('',(1.166000762333E+03,2.1E+03,113.60384357631)
  );
#7175 = CARTESIAN_POINT('',(1.187810547323E+03,2.1E+03,112.77064949902)
  );
#7176 = ORIENTED_EDGE('',*,*,#6701,.T.);
#7177 = ORIENTED_EDGE('',*,*,#6729,.T.);
#7178 = ORIENTED_EDGE('',*,*,#6757,.T.);
#7179 = ORIENTED_EDGE('',*,*,#6785,.T.);
#7180 = ORIENTED_EDGE('',*,*,#6813,.T.);
#7181 = ORIENTED_EDGE('',*,*,#6841,.T.);
#7182 = ORIENTED_EDGE('',*,*,#6869,.T.);
#7183 = ORIENTED_EDGE('',*,*,#6897,.T.);
#7184 = ORIENTED_EDGE('',*,*,#6925,.T.);
#7185 = ORIENTED_EDGE('',*,*,#6953,.T.);
#7186 = ORIENTED_EDGE('',*,*,#6981,.T.);
#7187 = ORIENTED_EDGE('',*,*,#7009,.T.);
#7188 = ORIENTED_EDGE('',*,*,#7037,.T.);
#7189 = ORIENTED_EDGE('',*,*,#7065,.T.);
#7190 = ORIENTED_EDGE('',*,*,#7085,.T.);
#7191 = ORIENTED_EDGE('',*,*,#1060,.T.);
#7192 = ORIENTED_EDGE('',*,*,#1088,.T.);
#7193 = ORIENTED_EDGE('',*,*,#1116,.T.);
#7194 = ORIENTED_EDGE('',*,*,#1144,.T.);
#7195 = ORIENTED_EDGE('',*,*,#1172,.T.);
#7196 = ORIENTED_EDGE('',*,*,#1200,.T.);
#7197 = ORIENTED_EDGE('',*,*,#1228,.T.);
#7198 = ORIENTED_EDGE('',*,*,#1256,.T.);
#7199 = ORIENTED_EDGE('',*,*,#1284,.T.);
#7200 = ORIENTED_EDGE('',*,*,#1312,.T.);
#7201 = ORIENTED_EDGE('',*,*,#1340,.T.);
#7202 = ORIENTED_EDGE('',*,*,#1368,.T.);
#7203 = ORIENTED_EDGE('',*,*,#1396,.T.);
#7204 = ORIENTED_EDGE('',*,*,#1424,.T.);
#7205 = ORIENTED_EDGE('',*,*,#1452,.T.);
#7206 = ORIENTED_EDGE('',*,*,#1480,.T.);
#7207 = ORIENTED_EDGE('',*,*,#1508,.T.);
#7208 = ORIENTED_EDGE('',*,*,#1536,.T.);
#7209 = ORIENTED_EDGE('',*,*,#1564,.T.);
#7210 = ORIENTED_EDGE('',*,*,#1592,.T.);
#7211 = ORIENTED_EDGE('',*,*,#1620,.T.);
#7212 = ORIENTED_EDGE('',*,*,#1658,.T.);
#7213 = PLANE('',#7214);
#7214 = AXIS2_PLACEMENT_3D('',#7215,#7216,#7217);
#7215 = CARTESIAN_POINT('',(1.04E+03,2.1E+03,93.555800474981));
#7216 = DIRECTION('',(0.,-1.,0.));
#7217 = DIRECTION('',(1.,0.,0.));
#7218 = ADVANCED_FACE('',(#7219),#7231,.T.);
#7219 = FACE_BOUND('',#7220,.T.);
#7220 = EDGE_LOOP('',(#7221,#7222,#7223,#7230));
#7221 = ORIENTED_EDGE('',*,*,#1649,.F.);
#7222 = ORIENTED_EDGE('',*,*,#1767,.F.);
#7223 = ORIENTED_EDGE('',*,*,#7224,.T.);
#7224 = EDGE_CURVE('',#1758,#7103,#7225,.T.);
#7225 = ( BOUNDED_CURVE() B_SPLINE_CURVE(3,(#7226,#7227,#7228,#7229),
.UNSPECIFIED.,.F.,.F.) B_SPLINE_CURVE_WITH_KNOTS((4,4),(0.,1.),
.PIECEWISE_BEZIER_KNOTS.) CURVE() GEOMETRIC_REPRESENTATION_ITEM() 
RATIONAL_B_SPLINE_CURVE((1.,1.,1.,1.)) REPRESENTATION_ITEM('') );
#7226 = CARTESIAN_POINT('',(1.041454373566E+03,-2.1E+03,97.405852514717)
  );
#7227 = CARTESIAN_POINT('',(901.69480340802,-704.4156187208,
    14.865782126035));
#7228 = CARTESIAN_POINT('',(901.69480340803,704.41561872084,
    14.865782126035));
#7229 = CARTESIAN_POINT('',(1.041454373566E+03,2.1E+03,97.405852514717)
  );
#7230 = ORIENTED_EDGE('',*,*,#7102,.F.);
#7231 = ( BOUNDED_SURFACE() B_SPLINE_SURFACE(1,3,(
    (#7232,#7233,#7234,#7235)
    ,(#7236,#7237,#7238,#7239
)),.UNSPECIFIED.,.F.,.F.,.F.) B_SPLINE_SURFACE_WITH_KNOTS((2,2),(4,4),(
    0.,1.),(0.,1.),.PIECEWISE_BEZIER_KNOTS.) 
GEOMETRIC_REPRESENTATION_ITEM() RATIONAL_B_SPLINE_SURFACE((
    (1.,1.,1.,1.)
,(1.,1.,1.,1.))) REPRESENTATION_ITEM('') SURFACE() );
#7232 = CARTESIAN_POINT('',(1.04E+03,-2.1E+03,93.555800474981));
#7233 = CARTESIAN_POINT('',(898.8314270114,-704.4156187208,
    7.285784530741));
#7234 = CARTESIAN_POINT('',(898.8314270114,704.41561872084,
    7.285784530741));
#7235 = CARTESIAN_POINT('',(1.04E+03,2.1E+03,93.555800474981));
#7236 = CARTESIAN_POINT('',(1.041454373566E+03,-2.1E+03,97.405852514717)
  );
#7237 = CARTESIAN_POINT('',(901.69480340802,-704.4156187208,
    14.865782126035));
#7238 = CARTESIAN_POINT('',(901.69480340803,704.41561872084,
    14.865782126035));
#7239 = CARTESIAN_POINT('',(1.041454373566E+03,2.1E+03,97.405852514717)
  );
#7240 = ADVANCED_FACE('',(#7241),#7253,.T.);
#7241 = FACE_BOUND('',#7242,.T.);
#7242 = EDGE_LOOP('',(#7243,#7244,#7245,#7252));
#7243 = ORIENTED_EDGE('',*,*,#7224,.F.);
#7244 = ORIENTED_EDGE('',*,*,#1757,.F.);
#7245 = ORIENTED_EDGE('',*,*,#7246,.T.);
#7246 = EDGE_CURVE('',#1748,#7110,#7247,.T.);
#7247 = ( BOUNDED_CURVE() B_SPLINE_CURVE(3,(#7248,#7249,#7250,#7251),
.UNSPECIFIED.,.F.,.F.) B_SPLINE_CURVE_WITH_KNOTS((4,4),(0.,1.),
.PIECEWISE_BEZIER_KNOTS.) CURVE() GEOMETRIC_REPRESENTATION_ITEM() 
RATIONAL_B_SPLINE_CURVE((1.,1.,1.,1.)) REPRESENTATION_ITEM('') );
#7248 = CARTESIAN_POINT('',(1.045792609531E+03,-2.1E+03,101.00300295102)
  );
#7249 = CARTESIAN_POINT('',(910.23593943388,-704.4156187208,
    21.94786605003));
#7250 = CARTESIAN_POINT('',(910.23593943389,704.41561872084,
    21.947866050031));
#7251 = CARTESIAN_POINT('',(1.045792609531E+03,2.1E+03,101.00300295102)
  );
#7252 = ORIENTED_EDGE('',*,*,#7109,.F.);
#7253 = ( BOUNDED_SURFACE() B_SPLINE_SURFACE(1,3,(
    (#7254,#7255,#7256,#7257)
    ,(#7258,#7259,#7260,#7261
)),.UNSPECIFIED.,.F.,.F.,.F.) B_SPLINE_SURFACE_WITH_KNOTS((2,2),(4,4),(
    1.,2.),(0.,1.),.PIECEWISE_BEZIER_KNOTS.) 
GEOMETRIC_REPRESENTATION_ITEM() RATIONAL_B_SPLINE_SURFACE((
    (1.,1.,1.,1.)
,(1.,1.,1.,1.))) REPRESENTATION_ITEM('') SURFACE() );
#7254 = CARTESIAN_POINT('',(1.041454373566E+03,-2.1E+03,97.405852514717)
  );
#7255 = CARTESIAN_POINT('',(901.69480340802,-704.4156187208,
    14.865782126035));
#7256 = CARTESIAN_POINT('',(901.69480340803,704.41561872084,
    14.865782126035));
#7257 = CARTESIAN_POINT('',(1.041454373566E+03,2.1E+03,97.405852514717)
  );
#7258 = CARTESIAN_POINT('',(1.045792609531E+03,-2.1E+03,101.00300295102)
  );
#7259 = CARTESIAN_POINT('',(910.23593943388,-704.4156187208,
    21.94786605003));
#7260 = CARTESIAN_POINT('',(910.23593943389,704.41561872084,
    21.947866050031));
#7261 = CARTESIAN_POINT('',(1.045792609531E+03,2.1E+03,101.00300295102)
  );
#7262 = ADVANCED_FACE('',(#7263),#7275,.T.);
#7263 = FACE_BOUND('',#7264,.T.);
#7264 = EDGE_LOOP('',(#7265,#7266,#7267,#7274));
#7265 = ORIENTED_EDGE('',*,*,#7246,.F.);
#7266 = ORIENTED_EDGE('',*,*,#1747,.F.);
#7267 = ORIENTED_EDGE('',*,*,#7268,.T.);
#7268 = EDGE_CURVE('',#1735,#7117,#7269,.T.);
#7269 = ( BOUNDED_CURVE() B_SPLINE_CURVE(3,(#7270,#7271,#7272,#7273),
.UNSPECIFIED.,.F.,.F.) B_SPLINE_CURVE_WITH_KNOTS((4,4),(0.,1.),
.PIECEWISE_BEZIER_KNOTS.) CURVE() GEOMETRIC_REPRESENTATION_ITEM() 
RATIONAL_B_SPLINE_CURVE((1.,1.,1.,1.)) REPRESENTATION_ITEM('') );
#7270 = CARTESIAN_POINT('',(1.052940479473E+03,-2.1E+03,104.2929045177)
  );
#7271 = CARTESIAN_POINT('',(924.30869388352,-704.4156187208,
    28.425037191292));
#7272 = CARTESIAN_POINT('',(924.30869388352,704.41561872084,
    28.425037191293));
#7273 = CARTESIAN_POINT('',(1.052940479473E+03,2.1E+03,104.2929045177));
#7274 = ORIENTED_EDGE('',*,*,#7116,.F.);
#7275 = ( BOUNDED_SURFACE() B_SPLINE_SURFACE(1,3,(
    (#7276,#7277,#7278,#7279)
    ,(#7280,#7281,#7282,#7283
)),.UNSPECIFIED.,.F.,.F.,.F.) B_SPLINE_SURFACE_WITH_KNOTS((2,2),(4,4),(
    2.,3.),(0.,1.),.PIECEWISE_BEZIER_KNOTS.) 
GEOMETRIC_REPRESENTATION_ITEM() RATIONAL_B_SPLINE_SURFACE((
    (1.,1.,1.,1.)
,(1.,1.,1.,1.))) REPRESENTATION_ITEM('') SURFACE() );
#7276 = CARTESIAN_POINT('',(1.045792609531E+03,-2.1E+03,101.00300295102)
  );
#7277 = CARTESIAN_POINT('',(910.23593943388,-704.4156187208,
    21.94786605003));
#7278 = CARTESIAN_POINT('',(910.23593943389,704.41561872084,
    21.947866050031));
#7279 = CARTESIAN_POINT('',(1.045792609531E+03,2.1E+03,101.00300295102)
  );
#7280 = CARTESIAN_POINT('',(1.052940479473E+03,-2.1E+03,104.2929045177)
  );
#7281 = CARTESIAN_POINT('',(924.30869388352,-704.4156187208,
    28.425037191292));
#7282 = CARTESIAN_POINT('',(924.30869388352,704.41561872084,
    28.425037191293));
#7283 = CARTESIAN_POINT('',(1.052940479473E+03,2.1E+03,104.2929045177));
#7284 = ADVANCED_FACE('',(#7285),#7297,.T.);
#7285 = FACE_BOUND('',#7286,.T.);
#7286 = EDGE_LOOP('',(#7287,#7288,#7289,#7296));
#7287 = ORIENTED_EDGE('',*,*,#7268,.F.);
#7288 = ORIENTED_EDGE('',*,*,#1734,.F.);
#7289 = ORIENTED_EDGE('',*,*,#7290,.T.);
#7290 = EDGE_CURVE('',#1725,#7124,#7291,.T.);
#7291 = ( BOUNDED_CURVE() B_SPLINE_CURVE(3,(#7292,#7293,#7294,#7295),
.UNSPECIFIED.,.F.,.F.) B_SPLINE_CURVE_WITH_KNOTS((4,4),(0.,1.),
.PIECEWISE_BEZIER_KNOTS.) CURVE() GEOMETRIC_REPRESENTATION_ITEM() 
RATIONAL_B_SPLINE_CURVE((1.,1.,1.,1.)) REPRESENTATION_ITEM('') );
#7292 = CARTESIAN_POINT('',(1.062775681357E+03,-2.1E+03,107.20515755553)
  );
#7293 = CARTESIAN_POINT('',(943.6722780266,-704.4156187208,
    34.158692423961));
#7294 = CARTESIAN_POINT('',(943.6722780266,704.41561872084,
    34.158692423961));
#7295 = CARTESIAN_POINT('',(1.062775681357E+03,2.1E+03,107.20515755553)
  );
#7296 = ORIENTED_EDGE('',*,*,#7123,.F.);
#7297 = ( BOUNDED_SURFACE() B_SPLINE_SURFACE(1,3,(
    (#7298,#7299,#7300,#7301)
    ,(#7302,#7303,#7304,#7305
)),.UNSPECIFIED.,.F.,.F.,.F.) B_SPLINE_SURFACE_WITH_KNOTS((2,2),(4,4),(
    3.,4.),(0.,1.),.PIECEWISE_BEZIER_KNOTS.) 
GEOMETRIC_REPRESENTATION_ITEM() RATIONAL_B_SPLINE_SURFACE((
    (1.,1.,1.,1.)
,(1.,1.,1.,1.))) REPRESENTATION_ITEM('') SURFACE() );
#7298 = CARTESIAN_POINT('',(1.052940479473E+03,-2.1E+03,104.2929045177)
  );
#7299 = CARTESIAN_POINT('',(924.30869388352,-704.4156187208,
    28.425037191292));
#7300 = CARTESIAN_POINT('',(924.30869388352,704.41561872084,
    28.425037191293));
#7301 = CARTESIAN_POINT('',(1.052940479473E+03,2.1E+03,104.2929045177));
#7302 = CARTESIAN_POINT('',(1.062775681357E+03,-2.1E+03,107.20515755553)
  );
#7303 = CARTESIAN_POINT('',(943.6722780266,-704.4156187208,
    34.158692423961));
#7304 = CARTESIAN_POINT('',(943.6722780266,704.41561872084,
    34.158692423961));
#7305 = CARTESIAN_POINT('',(1.062775681357E+03,2.1E+03,107.20515755553)
  );
#7306 = ADVANCED_FACE('',(#7307),#7319,.T.);
#7307 = FACE_BOUND('',#7308,.T.);
#7308 = EDGE_LOOP('',(#7309,#7310,#7311,#7318));
#7309 = ORIENTED_EDGE('',*,*,#7290,.F.);
#7310 = ORIENTED_EDGE('',*,*,#1724,.F.);
#7311 = ORIENTED_EDGE('',*,*,#7312,.T.);
#7312 = EDGE_CURVE('',#1712,#7131,#7313,.T.);
#7313 = ( BOUNDED_CURVE() B_SPLINE_CURVE(3,(#7314,#7315,#7316,#7317),
.UNSPECIFIED.,.F.,.F.) B_SPLINE_CURVE_WITH_KNOTS((4,4),(0.,1.),
.PIECEWISE_BEZIER_KNOTS.) CURVE() GEOMETRIC_REPRESENTATION_ITEM() 
RATIONAL_B_SPLINE_CURVE((1.,1.,1.,1.)) REPRESENTATION_ITEM('') );
#7314 = CARTESIAN_POINT('',(1.07512993215E+03,-2.1E+03,109.66462938663)
  );
#7315 = CARTESIAN_POINT('',(967.99537556983,-704.4156187208,
    39.000910236348));
#7316 = CARTESIAN_POINT('',(967.99537556983,704.41561872084,
    39.000910236348));
#7317 = CARTESIAN_POINT('',(1.07512993215E+03,2.1E+03,109.66462938663));
#7318 = ORIENTED_EDGE('',*,*,#7130,.F.);
#7319 = ( BOUNDED_SURFACE() B_SPLINE_SURFACE(1,3,(
    (#7320,#7321,#7322,#7323)
    ,(#7324,#7325,#7326,#7327
)),.UNSPECIFIED.,.F.,.F.,.F.) B_SPLINE_SURFACE_WITH_KNOTS((2,2),(4,4),(
    4.,5.),(0.,1.),.PIECEWISE_BEZIER_KNOTS.) 
GEOMETRIC_REPRESENTATION_ITEM() RATIONAL_B_SPLINE_SURFACE((
    (1.,1.,1.,1.)
,(1.,1.,1.,1.))) REPRESENTATION_ITEM('') SURFACE() );
#7320 = CARTESIAN_POINT('',(1.062775681357E+03,-2.1E+03,107.20515755553)
  );
#7321 = CARTESIAN_POINT('',(943.6722780266,-704.4156187208,
    34.158692423961));
#7322 = CARTESIAN_POINT('',(943.6722780266,704.41561872084,
    34.158692423961));
#7323 = CARTESIAN_POINT('',(1.062775681357E+03,2.1E+03,107.20515755553)
  );
#7324 = CARTESIAN_POINT('',(1.07512993215E+03,-2.1E+03,109.66462938663)
  );
#7325 = CARTESIAN_POINT('',(967.99537556983,-704.4156187208,
    39.000910236348));
#7326 = CARTESIAN_POINT('',(967.99537556983,704.41561872084,
    39.000910236348));
#7327 = CARTESIAN_POINT('',(1.07512993215E+03,2.1E+03,109.66462938663));
#7328 = ADVANCED_FACE('',(#7329),#7341,.T.);
#7329 = FACE_BOUND('',#7330,.T.);
#7330 = EDGE_LOOP('',(#7331,#7332,#7333,#7340));
#7331 = ORIENTED_EDGE('',*,*,#7312,.F.);
#7332 = ORIENTED_EDGE('',*,*,#1711,.F.);
#7333 = ORIENTED_EDGE('',*,*,#7334,.T.);
#7334 = EDGE_CURVE('',#1699,#7138,#7335,.T.);
#7335 = ( BOUNDED_CURVE() B_SPLINE_CURVE(3,(#7336,#7337,#7338,#7339),
.UNSPECIFIED.,.F.,.F.) B_SPLINE_CURVE_WITH_KNOTS((4,4),(0.,1.),
.PIECEWISE_BEZIER_KNOTS.) CURVE() GEOMETRIC_REPRESENTATION_ITEM() 
RATIONAL_B_SPLINE_CURVE((1.,1.,1.,1.)) REPRESENTATION_ITEM('') );
#7336 = CARTESIAN_POINT('',(1.089791847198E+03,-2.1E+03,111.60390151677)
  );
#7337 = CARTESIAN_POINT('',(996.8618115706,-704.4156187208,
    42.818956831905));
#7338 = CARTESIAN_POINT('',(996.86181157061,704.41561872084,
    42.818956831906));
#7339 = CARTESIAN_POINT('',(1.089791847198E+03,2.1E+03,111.60390151677)
  );
#7340 = ORIENTED_EDGE('',*,*,#7137,.F.);
#7341 = ( BOUNDED_SURFACE() B_SPLINE_SURFACE(1,3,(
    (#7342,#7343,#7344,#7345)
    ,(#7346,#7347,#7348,#7349
)),.UNSPECIFIED.,.F.,.F.,.F.) B_SPLINE_SURFACE_WITH_KNOTS((2,2),(4,4),(
    5.,6.),(0.,1.),.PIECEWISE_BEZIER_KNOTS.) 
GEOMETRIC_REPRESENTATION_ITEM() RATIONAL_B_SPLINE_SURFACE((
    (1.,1.,1.,1.)
,(1.,1.,1.,1.))) REPRESENTATION_ITEM('') SURFACE() );
#7342 = CARTESIAN_POINT('',(1.07512993215E+03,-2.1E+03,109.66462938663)
  );
#7343 = CARTESIAN_POINT('',(967.99537556983,-704.4156187208,
    39.000910236348));
#7344 = CARTESIAN_POINT('',(967.99537556983,704.41561872084,
    39.000910236348));
#7345 = CARTESIAN_POINT('',(1.07512993215E+03,2.1E+03,109.66462938663));
#7346 = CARTESIAN_POINT('',(1.089791847198E+03,-2.1E+03,111.60390151677)
  );
#7347 = CARTESIAN_POINT('',(996.8618115706,-704.4156187208,
    42.818956831905));
#7348 = CARTESIAN_POINT('',(996.86181157061,704.41561872084,
    42.818956831906));
#7349 = CARTESIAN_POINT('',(1.089791847198E+03,2.1E+03,111.60390151677)
  );
#7350 = ADVANCED_FACE('',(#7351),#7364,.T.);
#7351 = FACE_BOUND('',#7352,.T.);
#7352 = EDGE_LOOP('',(#7353,#7354,#7355,#7356,#7363));
#7353 = ORIENTED_EDGE('',*,*,#7334,.F.);
#7354 = ORIENTED_EDGE('',*,*,#1698,.F.);
#7355 = ORIENTED_EDGE('',*,*,#2502,.F.);
#7356 = ORIENTED_EDGE('',*,*,#7357,.T.);
#7357 = EDGE_CURVE('',#2484,#7145,#7358,.T.);
#7358 = ( BOUNDED_CURVE() B_SPLINE_CURVE(3,(#7359,#7360,#7361,#7362),
.UNSPECIFIED.,.F.,.F.) B_SPLINE_CURVE_WITH_KNOTS((4,4),(0.,1.),
.PIECEWISE_BEZIER_KNOTS.) CURVE() GEOMETRIC_REPRESENTATION_ITEM() 
RATIONAL_B_SPLINE_CURVE((1.,1.,1.,1.)) REPRESENTATION_ITEM('') );
#7359 = CARTESIAN_POINT('',(1.106510557069E+03,-2.1E+03,112.97442345004)
  );
#7360 = CARTESIAN_POINT('',(1.029777673306E+03,-704.4156187208,
    45.517245803396));
#7361 = CARTESIAN_POINT('',(1.029777673306E+03,704.41561872084,
    45.517245803396));
#7362 = CARTESIAN_POINT('',(1.106510557069E+03,2.1E+03,112.97442345004)
  );
#7363 = ORIENTED_EDGE('',*,*,#7144,.F.);
#7364 = ( BOUNDED_SURFACE() B_SPLINE_SURFACE(1,3,(
    (#7365,#7366,#7367,#7368)
    ,(#7369,#7370,#7371,#7372
)),.UNSPECIFIED.,.F.,.F.,.F.) B_SPLINE_SURFACE_WITH_KNOTS((2,2),(4,4),(
    6.,7.),(0.,1.),.PIECEWISE_BEZIER_KNOTS.) 
GEOMETRIC_REPRESENTATION_ITEM() RATIONAL_B_SPLINE_SURFACE((
    (1.,1.,1.,1.)
,(1.,1.,1.,1.))) REPRESENTATION_ITEM('') SURFACE() );
#7365 = CARTESIAN_POINT('',(1.089791847198E+03,-2.1E+03,111.60390151677)
  );
#7366 = CARTESIAN_POINT('',(996.8618115706,-704.4156187208,
    42.818956831905));
#7367 = CARTESIAN_POINT('',(996.86181157061,704.41561872084,
    42.818956831906));
#7368 = CARTESIAN_POINT('',(1.089791847198E+03,2.1E+03,111.60390151677)
  );
#7369 = CARTESIAN_POINT('',(1.106510557069E+03,-2.1E+03,112.97442345004)
  );
#7370 = CARTESIAN_POINT('',(1.029777673306E+03,-704.4156187208,
    45.517245803396));
#7371 = CARTESIAN_POINT('',(1.029777673306E+03,704.41561872084,
    45.517245803396));
#7372 = CARTESIAN_POINT('',(1.106510557069E+03,2.1E+03,112.97442345004)
  );
#7373 = ADVANCED_FACE('',(#7374),#7444,.T.);
#7374 = FACE_BOUND('',#7375,.T.);
#7375 = EDGE_LOOP('',(#7376,#7377,#7378,#7393,#7403,#7416,#7426,#7436));
#7376 = ORIENTED_EDGE('',*,*,#2166,.F.);
#7377 = ORIENTED_EDGE('',*,*,#2103,.T.);
#7378 = ORIENTED_EDGE('',*,*,#7379,.T.);
#7379 = EDGE_CURVE('',#2097,#7380,#7382,.T.);
#7380 = VERTEX_POINT('',#7381);
#7381 = CARTESIAN_POINT('',(2.212688979167E+03,127.56769002669,
    98.130914456405));
#7382 = ( BOUNDED_CURVE() B_SPLINE_CURVE(3,(#7383,#7384,#7385,#7386,
    #7387,#7388,#7389,#7390,#7391,#7392),.UNSPECIFIED.,.F.,.F.) 
B_SPLINE_CURVE_WITH_KNOTS((4,1,1,1,1,1,1,4),(0.,5.937462759188E-02,
    0.169261244735,0.329619903174,0.533683498435,0.722609230536,
0.888013402964,1.),.UNSPECIFIED.) CURVE() GEOMETRIC_REPRESENTATION_ITEM(
) RATIONAL_B_SPLINE_CURVE((1.,1.,1.,1.,1.,1.,1.,1.,1.,1.)) 
REPRESENTATION_ITEM('') );
#7383 = CARTESIAN_POINT('',(0.,5.196152422707,3.));
#7384 = CARTESIAN_POINT('',(36.384885512757,40.73861684041,
    26.999769654897));
#7385 = CARTESIAN_POINT('',(164.1400044123,132.60334030148,
    86.923925480871));
#7386 = CARTESIAN_POINT('',(476.00449735354,222.94578179308,
    139.66804870219));
#7387 = CARTESIAN_POINT('',(943.3280351607,224.58954135513,
    132.32236088229));
#7388 = CARTESIAN_POINT('',(1.486434771408E+03,232.22021544824,
    139.44235298751));
#7389 = CARTESIAN_POINT('',(2.027682666396E+03,156.01225694767,
    109.01635386606));
#7390 = CARTESIAN_POINT('',(2.477449574318E+03,86.595052498075,
    82.521011897265));
#7391 = CARTESIAN_POINT('',(2.747888780157E+03,73.776775641753,
    71.72160103326));
#7392 = CARTESIAN_POINT('',(2.85E+03,30.310889132455,37.5));
#7393 = ORIENTED_EDGE('',*,*,#7394,.T.);
#7394 = EDGE_CURVE('',#7380,#7395,#7397,.T.);
#7395 = VERTEX_POINT('',#7396);
#7396 = CARTESIAN_POINT('',(2.205943915779E+03,129.44489813122,
    96.331883345526));
#7397 = B_SPLINE_CURVE_WITH_KNOTS('',4,(#7398,#7399,#7400,#7401,#7402),
  .UNSPECIFIED.,.F.,.F.,(5,5),(0.,1.),.PIECEWISE_BEZIER_KNOTS.);
#7398 = CARTESIAN_POINT('',(2.212688979167E+03,127.56769002669,
    98.130914456405));
#7399 = CARTESIAN_POINT('',(2.211002553425E+03,128.0364086456,
    97.681150571878));
#7400 = CARTESIAN_POINT('',(2.20931623539E+03,128.5055209664,
    97.231391061192));
#7401 = CARTESIAN_POINT('',(2.207630023409E+03,128.97501987547,
    96.781635472492));
#7402 = CARTESIAN_POINT('',(2.205943915779E+03,129.44489813122,
    96.331883345526));
#7403 = ORIENTED_EDGE('',*,*,#7404,.T.);
#7404 = EDGE_CURVE('',#7395,#7405,#7407,.T.);
#7405 = VERTEX_POINT('',#7406);
#7406 = CARTESIAN_POINT('',(2.195280562674E+03,133.47639969643,
    90.941764525819));
#7407 = B_SPLINE_CURVE_WITH_KNOTS('',4,(#7408,#7409,#7410,#7411,#7412,
    #7413,#7414,#7415),.UNSPECIFIED.,.F.,.F.,(5,3,5),(0.,0.501477743097,
    1.),.UNSPECIFIED.);
#7408 = CARTESIAN_POINT('',(2.205943915779E+03,129.44489813122,
    96.331883345526));
#7409 = CARTESIAN_POINT('',(2.204606752981E+03,129.94948968693,
    95.656105740871));
#7410 = CARTESIAN_POINT('',(2.203269692979E+03,130.45436496644,
    94.98033591675));
#7411 = CARTESIAN_POINT('',(2.201932734974E+03,130.95952070611,
    94.304573420676));
#7412 = CARTESIAN_POINT('',(2.199266900131E+03,131.96740761616,
    92.957044757681));
#7413 = CARTESIAN_POINT('',(2.197938022104E+03,132.47013552989,
    92.285278510111));
#7414 = CARTESIAN_POINT('',(2.196609243234E+03,132.97313401222,
    91.613518588804));
#7415 = CARTESIAN_POINT('',(2.195280562674E+03,133.47639969643,
    90.941764525819));
#7416 = ORIENTED_EDGE('',*,*,#7417,.T.);
#7417 = EDGE_CURVE('',#7405,#7418,#7420,.T.);
#7418 = VERTEX_POINT('',#7419);
#7419 = CARTESIAN_POINT('',(2.1917451163E+03,136.53698864686,85.));
#7420 = B_SPLINE_CURVE_WITH_KNOTS('',4,(#7421,#7422,#7423,#7424,#7425),
  .UNSPECIFIED.,.F.,.F.,(5,5),(0.,1.),.PIECEWISE_BEZIER_KNOTS.);
#7421 = CARTESIAN_POINT('',(2.195280562674E+03,133.47639969643,
    90.941764525819));
#7422 = CARTESIAN_POINT('',(2.194396427909E+03,134.24123414862,
    89.456309153737));
#7423 = CARTESIAN_POINT('',(2.193512475143E+03,135.00627772645,
    87.970863302011));
#7424 = CARTESIAN_POINT('',(2.192628704553E+03,135.77152953831,
    86.485426934246));
#7425 = CARTESIAN_POINT('',(2.1917451163E+03,136.53698864686,85.));
#7426 = ORIENTED_EDGE('',*,*,#7427,.T.);
#7427 = EDGE_CURVE('',#7418,#7428,#7430,.T.);
#7428 = VERTEX_POINT('',#7429);
#7429 = CARTESIAN_POINT('',(2.1954212664E+03,138.36986287622,
    79.064842429599));
#7430 = B_SPLINE_CURVE_WITH_KNOTS('',4,(#7431,#7432,#7433,#7434,#7435),
  .UNSPECIFIED.,.F.,.F.,(5,5),(0.,1.),.PIECEWISE_BEZIER_KNOTS.);
#7431 = CARTESIAN_POINT('',(2.1917451163E+03,136.53698864686,85.));
#7432 = CARTESIAN_POINT('',(2.192664081426E+03,136.99536908585,
    83.516187006704));
#7433 = CARTESIAN_POINT('',(2.193583095037E+03,137.4536404548,
    82.03238939954));
#7434 = CARTESIAN_POINT('',(2.194502156806E+03,137.911804463,
    80.548607696302));
#7435 = CARTESIAN_POINT('',(2.1954212664E+03,138.36986287622,
    79.064842429599));
#7436 = ORIENTED_EDGE('',*,*,#7437,.T.);
#7437 = EDGE_CURVE('',#7428,#2167,#7438,.T.);
#7438 = B_SPLINE_CURVE_WITH_KNOTS('',4,(#7439,#7440,#7441,#7442,#7443),
  .UNSPECIFIED.,.F.,.F.,(5,5),(0.,1.),.PIECEWISE_BEZIER_KNOTS.);
#7439 = CARTESIAN_POINT('',(2.1954212664E+03,138.36986287622,
    79.064842429599));
#7440 = CARTESIAN_POINT('',(2.195925696615E+03,138.38835184656,
    78.813057745361));
#7441 = CARTESIAN_POINT('',(2.19643012635E+03,138.40684961079,
    78.561273494729));
#7442 = CARTESIAN_POINT('',(2.196934555597E+03,138.42535642486,
    78.309489685551));
#7443 = CARTESIAN_POINT('',(2.19743898435E+03,138.44387254624,
    78.057706325746));
#7444 = ( BOUNDED_SURFACE() B_SPLINE_SURFACE(1,3,(
    (#7445,#7446,#7447,#7448,#7449,#7450,#7451,#7452,#7453,#7454)
    ,(#7455,#7456,#7457,#7458,#7459,#7460,#7461,#7462,#7463,#7464
)),.UNSPECIFIED.,.F.,.F.,.F.) B_SPLINE_SURFACE_WITH_KNOTS((2,2),(4,1,1,1
    ,1,1,1,4),(3.,4.),(0.,5.937462759188E-02,0.169261244735,
    0.329619903174,0.533683498435,0.722609230536,0.888013402964,1.),
.UNSPECIFIED.) GEOMETRIC_REPRESENTATION_ITEM() RATIONAL_B_SPLINE_SURFACE
((
    (1.,1.,1.,1.,1.,1.,1.,1.,1.,1.)
,(1.,1.,1.,1.,1.,1.,1.,1.,1.,1.))) REPRESENTATION_ITEM('') SURFACE() );
#7445 = CARTESIAN_POINT('',(0.,5.543277195068,2.296100594191));
#7446 = CARTESIAN_POINT('',(36.384885512757,43.460127286338,
    20.700011424122));
#7447 = CARTESIAN_POINT('',(164.1400044123,141.46179951744,
    66.655305707664));
#7448 = CARTESIAN_POINT('',(476.00449735354,237.83949495969,
    105.62933857321));
#7449 = CARTESIAN_POINT('',(943.3280351607,239.59306455374,
    96.739934531726));
#7450 = CARTESIAN_POINT('',(1.486434771408E+03,247.73349967617,
    103.98187311614));
#7451 = CARTESIAN_POINT('',(2.027682666396E+03,166.43452996296,
    84.333956712082));
#7452 = CARTESIAN_POINT('',(2.477449574318E+03,92.37996514895,
    67.665693338893));
#7453 = CARTESIAN_POINT('',(2.747888780157E+03,78.70537364405,
    60.907267667376));
#7454 = CARTESIAN_POINT('',(2.85E+03,32.335783637895,33.393920132778));
#7455 = CARTESIAN_POINT('',(0.,5.196152422707,3.));
#7456 = CARTESIAN_POINT('',(36.384885512757,40.73861684041,
    26.999769654897));
#7457 = CARTESIAN_POINT('',(164.1400044123,132.60334030148,
    86.923925480871));
#7458 = CARTESIAN_POINT('',(476.00449735354,222.94578179308,
    139.66804870219));
#7459 = CARTESIAN_POINT('',(943.3280351607,224.58954135513,
    132.32236088229));
#7460 = CARTESIAN_POINT('',(1.486434771408E+03,232.22021544824,
    139.44235298751));
#7461 = CARTESIAN_POINT('',(2.027682666396E+03,156.01225694767,
    109.01635386606));
#7462 = CARTESIAN_POINT('',(2.477449574318E+03,86.595052498075,
    82.521011897265));
#7463 = CARTESIAN_POINT('',(2.747888780157E+03,73.776775641753,
    71.72160103326));
#7464 = CARTESIAN_POINT('',(2.85E+03,30.310889132455,37.5));
#7465 = ADVANCED_FACE('',(#7466),#7552,.T.);
#7466 = FACE_BOUND('',#7467,.T.);
#7467 = EDGE_LOOP('',(#7468,#7469,#7470,#7471,#7484,#7503,#7522,#7541));
#7468 = ORIENTED_EDGE('',*,*,#7379,.F.);
#7469 = ORIENTED_EDGE('',*,*,#2096,.T.);
#7470 = ORIENTED_EDGE('',*,*,#2797,.T.);
#7471 = ORIENTED_EDGE('',*,*,#7472,.T.);
#7472 = EDGE_CURVE('',#2798,#7473,#7475,.T.);
#7473 = VERTEX_POINT('',#7474);
#7474 = CARTESIAN_POINT('',(2.310909524744E+03,104.90169970391,
    108.76205498873));
#7475 = B_SPLINE_CURVE_WITH_KNOTS('',4,(#7476,#7477,#7478,#7479,#7480,
    #7481,#7482,#7483),.UNSPECIFIED.,.F.,.F.,(5,3,5),(0.,0.473333654094,
    1.),.UNSPECIFIED.);
#7476 = CARTESIAN_POINT('',(2.324533226476E+03,102.64426694279,
    108.83031884855));
#7477 = CARTESIAN_POINT('',(2.322920817829E+03,102.90976616444,
    108.82225835046));
#7478 = CARTESIAN_POINT('',(2.321308495299E+03,103.17578857929,
    108.81419237789));
#7479 = CARTESIAN_POINT('',(2.31969625814E+03,103.442328055,
    108.80612091939));
#7480 = CARTESIAN_POINT('',(2.316290304338E+03,104.00651854912,
    108.78905694177));
#7481 = CARTESIAN_POINT('',(2.314496607832E+03,104.30429117837,
    108.78006311426));
#7482 = CARTESIAN_POINT('',(2.312703015004E+03,104.60268776567,
    108.77106246756));
#7483 = CARTESIAN_POINT('',(2.310909524744E+03,104.90169970391,
    108.76205498873));
#7484 = ORIENTED_EDGE('',*,*,#7485,.T.);
#7485 = EDGE_CURVE('',#7473,#7486,#7488,.T.);
#7486 = VERTEX_POINT('',#7487);
#7487 = CARTESIAN_POINT('',(2.276694393207E+03,111.37343913388,
    107.35770721631));
#7488 = B_SPLINE_CURVE_WITH_KNOTS('',4,(#7489,#7490,#7491,#7492,#7493,
    #7494,#7495,#7496,#7497,#7498,#7499,#7500,#7501,#7502),
  .UNSPECIFIED.,.F.,.F.,(5,3,3,3,5),(0.,0.247789289201,0.492619909715,
    0.737359410024,1.),.UNSPECIFIED.);
#7489 = CARTESIAN_POINT('',(2.310909524744E+03,104.90169970391,
    108.76205498873));
#7490 = CARTESIAN_POINT('',(2.308789035179E+03,105.29754056094,
    108.67509465399));
#7491 = CARTESIAN_POINT('',(2.306668708556E+03,105.6942547405,
    108.58812877664));
#7492 = CARTESIAN_POINT('',(2.304548542968E+03,106.09182892995,
    108.50115725235));
#7493 = CARTESIAN_POINT('',(2.300333843293E+03,106.88391298704,
    108.32824123265));
#7494 = CARTESIAN_POINT('',(2.298239305429E+03,107.27840276189,
    108.24229687377));
#7495 = CARTESIAN_POINT('',(2.296144920895E+03,107.67370583822,
    108.15634679962));
#7496 = CARTESIAN_POINT('',(2.291957233873E+03,108.46576460893,
    107.98446701087));
#7497 = CARTESIAN_POINT('',(2.289863931272E+03,108.86251970837,
    107.89853730061));
#7498 = CARTESIAN_POINT('',(2.287770777853E+03,109.26006096455,
    107.81260167885));
#7499 = CARTESIAN_POINT('',(2.283431675488E+03,110.08582289874,
    107.63443234582));
#7500 = CARTESIAN_POINT('',(2.281185748843E+03,110.51416074481,
    107.542197723));
#7501 = CARTESIAN_POINT('',(2.278939988986E+03,110.943371793,
    107.44995605404));
#7502 = CARTESIAN_POINT('',(2.276694393207E+03,111.37343913388,
    107.35770721631));
#7503 = ORIENTED_EDGE('',*,*,#7504,.T.);
#7504 = EDGE_CURVE('',#7486,#7505,#7507,.T.);
#7505 = VERTEX_POINT('',#7506);
#7506 = CARTESIAN_POINT('',(2.247240631487E+03,117.85645318948,
    104.73523191897));
#7507 = B_SPLINE_CURVE_WITH_KNOTS('',4,(#7508,#7509,#7510,#7511,#7512,
    #7513,#7514,#7515,#7516,#7517,#7518,#7519,#7520,#7521),
  .UNSPECIFIED.,.F.,.F.,(5,3,3,3,5),(0.,0.248811566044,0.494454390682,
    0.740025103779,1.),.UNSPECIFIED.);
#7508 = CARTESIAN_POINT('',(2.276694393207E+03,111.37343913388,
    107.35770721631));
#7509 = CARTESIAN_POINT('',(2.274861538935E+03,111.77329930553,
    107.19459008988));
#7510 = CARTESIAN_POINT('',(2.273028812567E+03,112.17374726202,
    107.03147199181));
#7511 = CARTESIAN_POINT('',(2.271196212557E+03,112.57477440085,
    106.86835276581));
#7512 = CARTESIAN_POINT('',(2.267554599539E+03,113.37285497068,
    106.54418916295));
#7513 = CARTESIAN_POINT('',(2.265745583373E+03,113.76989396532,
    106.38314481866));
#7514 = CARTESIAN_POINT('',(2.263936687252E+03,114.16748051245,
    106.2220990676));
#7515 = CARTESIAN_POINT('',(2.260319662883E+03,114.96361468284,
    105.90005171985));
#7516 = CARTESIAN_POINT('',(2.258511534566E+03,115.36216198998,
    105.73905012407));
#7517 = CARTESIAN_POINT('',(2.256703523019E+03,115.761239387,
    105.578046813));
#7518 = CARTESIAN_POINT('',(2.252981686273E+03,116.58387578782,
    105.24659253543));
#7519 = CARTESIAN_POINT('',(2.251067874973E+03,117.00749774997,
    105.07614134289));
#7520 = CARTESIAN_POINT('',(2.249154190722E+03,117.43169371773,
    104.90568786673));
#7521 = CARTESIAN_POINT('',(2.247240631487E+03,117.85645318948,
    104.73523191897));
#7522 = ORIENTED_EDGE('',*,*,#7523,.T.);
#7523 = EDGE_CURVE('',#7505,#7524,#7526,.T.);
#7524 = VERTEX_POINT('',#7525);
#7525 = CARTESIAN_POINT('',(2.223427198383E+03,124.07815097832,
    100.99884577435));
#7526 = B_SPLINE_CURVE_WITH_KNOTS('',4,(#7527,#7528,#7529,#7530,#7531,
    #7532,#7533,#7534,#7535,#7536,#7537,#7538,#7539,#7540),
  .UNSPECIFIED.,.F.,.F.,(5,3,3,3,5),(0.,0.249615730655,0.495267880698,
    0.74079476089,1.),.UNSPECIFIED.);
#7527 = CARTESIAN_POINT('',(2.247240631487E+03,117.85645318948,
    104.73523191897));
#7528 = CARTESIAN_POINT('',(2.245754040562E+03,118.24263066435,
    104.50205895789));
#7529 = CARTESIAN_POINT('',(2.244267542112E+03,118.62916690044,
    104.268887757));
#7530 = CARTESIAN_POINT('',(2.242781135131E+03,119.01605731169,
    104.03571814455));
#7531 = CARTESIAN_POINT('',(2.239832102849E+03,119.78438826524,
    103.5730841615));
#7532 = CARTESIAN_POINT('',(2.238369474699E+03,120.16581779643,
    103.34361974636));
#7533 = CARTESIAN_POINT('',(2.236906933143E+03,120.54758136917,
    103.1141565336));
#7534 = CARTESIAN_POINT('',(2.233982766954E+03,121.31157269302,
    102.65534918769));
#7535 = CARTESIAN_POINT('',(2.232521142235E+03,121.69380010827,
    102.4260050535));
#7536 = CARTESIAN_POINT('',(2.231059601985E+03,122.07635217906,
    102.19666178197));
#7537 = CARTESIAN_POINT('',(2.228055270238E+03,122.86342633467,
    101.72519989263));
#7538 = CARTESIAN_POINT('',(2.226512488295E+03,123.26798507421,
    101.48308135394));
#7539 = CARTESIAN_POINT('',(2.224969798098E+03,123.67289512086,
    101.24096338297));
#7540 = CARTESIAN_POINT('',(2.223427198383E+03,124.07815097832,
    100.99884577435));
#7541 = ORIENTED_EDGE('',*,*,#7542,.T.);
#7542 = EDGE_CURVE('',#7524,#7380,#7543,.T.);
#7543 = B_SPLINE_CURVE_WITH_KNOTS('',4,(#7544,#7545,#7546,#7547,#7548,
    #7549,#7550,#7551),.UNSPECIFIED.,.F.,.F.,(5,3,5),(0.,0.500462005136,
    1.),.UNSPECIFIED.);
#7544 = CARTESIAN_POINT('',(2.223427198383E+03,124.07815097832,
    100.99884577435));
#7545 = CARTESIAN_POINT('',(2.222083408136E+03,124.51389325605,
    100.64001198289));
#7546 = CARTESIAN_POINT('',(2.220739710009E+03,124.94992465783,
    100.28118224772));
#7547 = CARTESIAN_POINT('',(2.219396103132E+03,125.38624185854,
    99.922356313516));
#7548 = CARTESIAN_POINT('',(2.216711550626E+03,126.25863496064,
    99.205374024051));
#7549 = CARTESIAN_POINT('',(2.215370604664E+03,126.69470982033,
    98.847217655747));
#7550 = CARTESIAN_POINT('',(2.214029747819E+03,127.13106265906,
    98.489064554844));
#7551 = CARTESIAN_POINT('',(2.212688979167E+03,127.56769002669,
    98.130914456405));
#7552 = ( BOUNDED_SURFACE() B_SPLINE_SURFACE(1,3,(
    (#7553,#7554,#7555,#7556,#7557,#7558,#7559,#7560,#7561,#7562)
    ,(#7563,#7564,#7565,#7566,#7567,#7568,#7569,#7570,#7571,#7572
)),.UNSPECIFIED.,.F.,.F.,.F.) B_SPLINE_SURFACE_WITH_KNOTS((2,2),(4,1,1,1
    ,1,1,1,4),(4.,5.),(0.,5.937462759188E-02,0.169261244735,
    0.329619903174,0.533683498435,0.722609230536,0.888013402964,1.),
.UNSPECIFIED.) GEOMETRIC_REPRESENTATION_ITEM() RATIONAL_B_SPLINE_SURFACE
((
    (1.,1.,1.,1.,1.,1.,1.,1.,1.,1.)
,(1.,1.,1.,1.,1.,1.,1.,1.,1.,1.))) REPRESENTATION_ITEM('') SURFACE() );
#7553 = CARTESIAN_POINT('',(0.,5.196152422707,3.));
#7554 = CARTESIAN_POINT('',(36.384885512757,40.73861684041,
    26.999769654897));
#7555 = CARTESIAN_POINT('',(164.1400044123,132.60334030148,
    86.923925480871));
#7556 = CARTESIAN_POINT('',(476.00449735354,222.94578179308,
    139.66804870219));
#7557 = CARTESIAN_POINT('',(943.3280351607,224.58954135513,
    132.32236088229));
#7558 = CARTESIAN_POINT('',(1.486434771408E+03,232.22021544824,
    139.44235298751));
#7559 = CARTESIAN_POINT('',(2.027682666396E+03,156.01225694767,
    109.01635386606));
#7560 = CARTESIAN_POINT('',(2.477449574318E+03,86.595052498075,
    82.521011897265));
#7561 = CARTESIAN_POINT('',(2.747888780157E+03,73.776775641753,
    71.72160103326));
#7562 = CARTESIAN_POINT('',(2.85E+03,30.310889132455,37.5));
#7563 = CARTESIAN_POINT('',(0.,4.760120041747,3.652568574052));
#7564 = CARTESIAN_POINT('',(36.384885512757,37.320057365464,
    32.840127256565));
#7565 = CARTESIAN_POINT('',(164.1400044123,121.47600116837,
    105.71448588516));
#7566 = CARTESIAN_POINT('',(476.00449735354,204.23740448774,
    171.2245358197));
#7567 = CARTESIAN_POINT('',(943.3280351607,205.74322883595,
    165.30999098011));
#7568 = CARTESIAN_POINT('',(1.486434771408E+03,212.73357895038,
    172.31692937425));
#7569 = CARTESIAN_POINT('',(2.027682666396E+03,142.92057096123,
    131.89882340934));
#7570 = CARTESIAN_POINT('',(2.477449574318E+03,79.328474490275,
    96.293028138106));
#7571 = CARTESIAN_POINT('',(2.747888780157E+03,67.585836553438,
    81.747314999861));
#7572 = CARTESIAN_POINT('',(2.85E+03,27.767366910193,41.306650015305));
#7573 = ADVANCED_FACE('',(#7574),#7638,.T.);
#7574 = FACE_BOUND('',#7575,.T.);
#7575 = EDGE_LOOP('',(#7576,#7577,#7578,#7593));
#7576 = ORIENTED_EDGE('',*,*,#3438,.F.);
#7577 = ORIENTED_EDGE('',*,*,#2061,.T.);
#7578 = ORIENTED_EDGE('',*,*,#7579,.T.);
#7579 = EDGE_CURVE('',#2055,#7580,#7582,.T.);
#7580 = VERTEX_POINT('',#7581);
#7581 = CARTESIAN_POINT('',(2.286908012113E+03,35.,169.71570595336));
#7582 = ( BOUNDED_CURVE() B_SPLINE_CURVE(3,(#7583,#7584,#7585,#7586,
    #7587,#7588,#7589,#7590,#7591,#7592),.UNSPECIFIED.,.F.,.F.) 
B_SPLINE_CURVE_WITH_KNOTS((4,1,1,1,1,1,1,4),(0.,5.937462759188E-02,
    0.169261244735,0.329619903174,0.533683498435,0.722609230536,
0.888013402964,1.),.UNSPECIFIED.) CURVE() GEOMETRIC_REPRESENTATION_ITEM(
) RATIONAL_B_SPLINE_CURVE((1.,1.,1.,1.,1.,1.,1.,1.,1.,1.)) 
REPRESENTATION_ITEM('') );
#7583 = CARTESIAN_POINT('',(0.,1.552914270615,5.795554957734));
#7584 = CARTESIAN_POINT('',(36.384885512757,12.175081543055,
    52.019424749378));
#7585 = CARTESIAN_POINT('',(164.1400044123,39.629634147288,
    167.42128067932));
#7586 = CARTESIAN_POINT('',(476.00449735354,66.62923985967,
    274.8536790218));
#7587 = CARTESIAN_POINT('',(943.3280351607,67.120491361497,
    273.63890067702));
#7588 = CARTESIAN_POINT('',(1.486434771408E+03,69.400983104158,
    280.27457914065));
#7589 = CARTESIAN_POINT('',(2.027682666396E+03,46.625587645621,
    207.04314173248));
#7590 = CARTESIAN_POINT('',(2.477449574318E+03,25.879666693626,
    141.51929929716));
#7591 = CARTESIAN_POINT('',(2.747888780157E+03,22.048815818681,
    114.67100972162));
#7592 = CARTESIAN_POINT('',(2.85E+03,9.058666578588,53.807403920117));
#7593 = ORIENTED_EDGE('',*,*,#7594,.T.);
#7594 = EDGE_CURVE('',#7580,#3439,#7595,.T.);
#7595 = B_SPLINE_CURVE_WITH_KNOTS('',6,(#7596,#7597,#7598,#7599,#7600,
    #7601,#7602,#7603,#7604,#7605,#7606,#7607,#7608,#7609,#7610,#7611,
    #7612,#7613,#7614,#7615,#7616,#7617,#7618,#7619,#7620,#7621,#7622,
    #7623,#7624,#7625,#7626,#7627,#7628,#7629,#7630,#7631,#7632,#7633,
    #7634,#7635,#7636,#7637),.UNSPECIFIED.,.F.,.F.,(7,5,5,5,5,5,5,5,7),(
    0.,0.361104755578,0.695715617911,0.71104628114,0.727444945069,
    0.747948811302,0.796698729214,0.906277407875,1.),.UNSPECIFIED.);
#7596 = CARTESIAN_POINT('',(2.286908012113E+03,35.,169.71570595336));
#7597 = CARTESIAN_POINT('',(2.307866482392E+03,35.,166.48088946713));
#7598 = CARTESIAN_POINT('',(2.32882960393E+03,35.,163.27628815969));
#7599 = CARTESIAN_POINT('',(2.349798302357E+03,35.,160.10815543506));
#7600 = CARTESIAN_POINT('',(2.370773466244E+03,35.,156.98295812232));
#7601 = CARTESIAN_POINT('',(2.391755953643E+03,35.,153.90741955917));
#7602 = CARTESIAN_POINT('',(2.432197154639E+03,35.,148.09101812493));
#7603 = CARTESIAN_POINT('',(2.451654705338E+03,35.,145.34215757979));
#7604 = CARTESIAN_POINT('',(2.471119887991E+03,35.,142.64740271473));
#7605 = CARTESIAN_POINT('',(2.490593286639E+03,35.,140.01242020777));
#7606 = CARTESIAN_POINT('',(2.510075413564E+03,35.,137.44299290573));
#7607 = CARTESIAN_POINT('',(2.530459702275E+03,35.,134.83036644294));
#7608 = CARTESIAN_POINT('',(2.531352741303E+03,35.,134.71606033737));
#7609 = CARTESIAN_POINT('',(2.532245798955E+03,35.,134.60189972868));
#7610 = CARTESIAN_POINT('',(2.533138872539E+03,35.,134.48786384005));
#7611 = CARTESIAN_POINT('',(2.534031961135E+03,35.,134.37394557641));
#7612 = CARTESIAN_POINT('',(2.535880381867E+03,35.,134.13838563497));
#7613 = CARTESIAN_POINT('',(2.536835715947E+03,35.,134.01675920412));
#7614 = CARTESIAN_POINT('',(2.537791063069E+03,35.,133.8952352263));
#7615 = CARTESIAN_POINT('',(2.538746421244E+03,35.,133.77379817216));
#7616 = CARTESIAN_POINT('',(2.539701788489E+03,35.,133.65243251223));
#7617 = CARTESIAN_POINT('',(2.541851703297E+03,35.,133.37944451777));
#7618 = CARTESIAN_POINT('',(2.543046254852E+03,35.,133.22785365492));
#7619 = CARTESIAN_POINT('',(2.544240813637E+03,35.,133.07631977241));
#7620 = CARTESIAN_POINT('',(2.545435375795E+03,35.,132.92481251693));
#7621 = CARTESIAN_POINT('',(2.546629937475E+03,35.,132.77330153787));
#7622 = CARTESIAN_POINT('',(2.550664670053E+03,35.,132.26144352553));
#7623 = CARTESIAN_POINT('',(2.553504820632E+03,35.,131.90093799325));
#7624 = CARTESIAN_POINT('',(2.556344895155E+03,35.,131.53983193774));
#7625 = CARTESIAN_POINT('',(2.559184841507E+03,35.,131.17771766455));
#7626 = CARTESIAN_POINT('',(2.562024606868E+03,35.,130.81418773762));
#7627 = CARTESIAN_POINT('',(2.571246754378E+03,35.,129.62760544237));
#7628 = CARTESIAN_POINT('',(2.577628175227E+03,35.,128.79716744968));
#7629 = CARTESIAN_POINT('',(2.584007809925E+03,35.,127.95289538496));
#7630 = CARTESIAN_POINT('',(2.590385001828E+03,35.,127.09017625604));
#7631 = CARTESIAN_POINT('',(2.596759028883E+03,35.,126.20441636604));
#7632 = CARTESIAN_POINT('',(2.608577427208E+03,35.,124.50984443942));
#7633 = CARTESIAN_POINT('',(2.614022847798E+03,35.,123.70844589151));
#7634 = CARTESIAN_POINT('',(2.619464870367E+03,35.,122.88399577668));
#7635 = CARTESIAN_POINT('',(2.624902932379E+03,35.,122.03365580473));
#7636 = CARTESIAN_POINT('',(2.63033640602E+03,35.,121.15461460778));
#7637 = CARTESIAN_POINT('',(2.635764599541E+03,35.,120.24409638835));
#7638 = ( BOUNDED_SURFACE() B_SPLINE_SURFACE(1,3,(
    (#7639,#7640,#7641,#7642,#7643,#7644,#7645,#7646,#7647,#7648)
    ,(#7649,#7650,#7651,#7652,#7653,#7654,#7655,#7656,#7657,#7658
)),.UNSPECIFIED.,.F.,.F.,.F.) B_SPLINE_SURFACE_WITH_KNOTS((2,2),(4,1,1,1
    ,1,1,1,4),(9.,10.),(0.,5.937462759188E-02,0.169261244735,
    0.329619903174,0.533683498435,0.722609230536,0.888013402964,1.),
.UNSPECIFIED.) GEOMETRIC_REPRESENTATION_ITEM() RATIONAL_B_SPLINE_SURFACE
((
    (1.,1.,1.,1.,1.,1.,1.,1.,1.,1.)
,(1.,1.,1.,1.,1.,1.,1.,1.,1.,1.))) REPRESENTATION_ITEM('') SURFACE() );
#7639 = CARTESIAN_POINT('',(0.,2.296100594191,5.543277195068));
#7640 = CARTESIAN_POINT('',(36.384885512757,18.001774144462,
    49.761589469677));
#7641 = CARTESIAN_POINT('',(164.1400044123,58.59539591783,
    160.15700114374));
#7642 = CARTESIAN_POINT('',(476.00449735354,98.516344480274,
    262.65419488454));
#7643 = CARTESIAN_POINT('',(943.3280351607,99.242696788695,
    260.88614817306));
#7644 = CARTESIAN_POINT('',(1.486434771408E+03,102.61457542002,
    267.5655322922));
#7645 = CARTESIAN_POINT('',(2.027682666396E+03,68.93943955785,
    198.19696303157));
#7646 = CARTESIAN_POINT('',(2.477449574318E+03,38.265034456248,
    136.19514857524));
#7647 = CARTESIAN_POINT('',(2.747888780157E+03,32.600833195009,
    110.79514933053));
#7648 = CARTESIAN_POINT('',(2.85E+03,13.393920132778,52.335783637895));
#7649 = CARTESIAN_POINT('',(0.,1.552914270615,5.795554957734));
#7650 = CARTESIAN_POINT('',(36.384885512757,12.175081543055,
    52.019424749378));
#7651 = CARTESIAN_POINT('',(164.1400044123,39.629634147288,
    167.42128067932));
#7652 = CARTESIAN_POINT('',(476.00449735354,66.62923985967,
    274.8536790218));
#7653 = CARTESIAN_POINT('',(943.3280351607,67.120491361497,
    273.63890067702));
#7654 = CARTESIAN_POINT('',(1.486434771408E+03,69.400983104158,
    280.27457914065));
#7655 = CARTESIAN_POINT('',(2.027682666396E+03,46.625587645621,
    207.04314173248));
#7656 = CARTESIAN_POINT('',(2.477449574318E+03,25.879666693626,
    141.51929929716));
#7657 = CARTESIAN_POINT('',(2.747888780157E+03,22.048815818681,
    114.67100972162));
#7658 = CARTESIAN_POINT('',(2.85E+03,9.058666578588,53.807403920117));
#7659 = ADVANCED_FACE('',(#7660),#7734,.T.);
#7660 = FACE_BOUND('',#7661,.T.);
#7661 = EDGE_LOOP('',(#7662,#7663,#7664,#7679,#7689));
#7662 = ORIENTED_EDGE('',*,*,#7579,.F.);
#7663 = ORIENTED_EDGE('',*,*,#2054,.T.);
#7664 = ORIENTED_EDGE('',*,*,#7665,.T.);
#7665 = EDGE_CURVE('',#2048,#7666,#7668,.T.);
#7666 = VERTEX_POINT('',#7667);
#7667 = CARTESIAN_POINT('',(2.053843628608E+03,22.756315957977,
    207.68725721681));
#7668 = ( BOUNDED_CURVE() B_SPLINE_CURVE(3,(#7669,#7670,#7671,#7672,
    #7673,#7674,#7675,#7676,#7677,#7678),.UNSPECIFIED.,.F.,.F.) 
B_SPLINE_CURVE_WITH_KNOTS((4,1,1,1,1,1,1,4),(0.,5.937462759188E-02,
    0.169261244735,0.329619903174,0.533683498435,0.722609230536,
0.888013402964,1.),.UNSPECIFIED.) CURVE() GEOMETRIC_REPRESENTATION_ITEM(
) RATIONAL_B_SPLINE_CURVE((1.,1.,1.,1.,1.,1.,1.,1.,1.,1.)) 
REPRESENTATION_ITEM('') );
#7669 = CARTESIAN_POINT('',(0.,0.78315715332,5.948669168243));
#7670 = CARTESIAN_POINT('',(36.384885512757,6.140069920875,
    53.389766164557));
#7671 = CARTESIAN_POINT('',(164.1400044123,19.985798349076,
    171.83016878046));
#7672 = CARTESIAN_POINT('',(476.00449735354,33.602090471952,
    282.25787653229));
#7673 = CARTESIAN_POINT('',(943.3280351607,33.849835717788,281.378891752
    ));
#7674 = CARTESIAN_POINT('',(1.486434771408E+03,34.999920725794,
    287.98804406894));
#7675 = CARTESIAN_POINT('',(2.027682666396E+03,23.513959001721,
    212.41212730414));
#7676 = CARTESIAN_POINT('',(2.477449574318E+03,13.051490658676,
    144.75067064674));
#7677 = CARTESIAN_POINT('',(2.747888780157E+03,11.119537090611,
    117.02337442291));
#7678 = CARTESIAN_POINT('',(2.85E+03,4.568416727702,54.700570148083));
#7679 = ORIENTED_EDGE('',*,*,#7680,.T.);
#7680 = EDGE_CURVE('',#7666,#7681,#7683,.T.);
#7681 = VERTEX_POINT('',#7682);
#7682 = CARTESIAN_POINT('',(2.052516734168E+03,35.,205.03346833504));
#7683 = B_SPLINE_CURVE_WITH_KNOTS('',4,(#7684,#7685,#7686,#7687,#7688),
  .UNSPECIFIED.,.F.,.F.,(5,5),(0.,1.),.PIECEWISE_BEZIER_KNOTS.);
#7684 = CARTESIAN_POINT('',(2.053843628608E+03,22.756315957977,
    207.68725721681));
#7685 = CARTESIAN_POINT('',(2.053511863684E+03,25.817206737414,
    207.02372736795));
#7686 = CARTESIAN_POINT('',(2.053180126353E+03,28.878117712163,
    206.36025270605));
#7687 = CARTESIAN_POINT('',(2.05284841654E+03,31.939048820431,
    205.6968330794));
#7688 = CARTESIAN_POINT('',(2.052516734168E+03,35.,205.03346833504));
#7689 = ORIENTED_EDGE('',*,*,#7690,.F.);
#7690 = EDGE_CURVE('',#7580,#7681,#7691,.T.);
#7691 = B_SPLINE_CURVE_WITH_KNOTS('',6,(#7692,#7693,#7694,#7695,#7696,
    #7697,#7698,#7699,#7700,#7701,#7702,#7703,#7704,#7705,#7706,#7707,
    #7708,#7709,#7710,#7711,#7712,#7713,#7714,#7715,#7716,#7717,#7718,
    #7719,#7720,#7721,#7722,#7723,#7724,#7725,#7726,#7727,#7728,#7729,
    #7730,#7731,#7732,#7733),.UNSPECIFIED.,.F.,.F.,(7,5,5,5,5,5,5,5,7),(
    0.,0.391865896496,0.534723640397,0.586904807134,0.702499413727,
    0.807649087,0.863920716803,0.922122075262,1.),.UNSPECIFIED.);
#7692 = CARTESIAN_POINT('',(2.286908012113E+03,35.,169.71570595336));
#7693 = CARTESIAN_POINT('',(2.268814444633E+03,35.,172.38310939679));
#7694 = CARTESIAN_POINT('',(2.250723932585E+03,35.,175.07124562197));
#7695 = CARTESIAN_POINT('',(2.23263597215E+03,35.,177.77652401306));
#7696 = CARTESIAN_POINT('',(2.214550056235E+03,35.,180.49542197448));
#7697 = CARTESIAN_POINT('',(2.196465673027E+03,35.,183.22447543622));
#7698 = CARTESIAN_POINT('',(2.171789872678E+03,35.,186.95762419661));
#7699 = CARTESIAN_POINT('',(2.165197575968E+03,35.,187.9558747972));
#7700 = CARTESIAN_POINT('',(2.15860538952E+03,35.,188.95485570197));
#7701 = CARTESIAN_POINT('',(2.152013288483E+03,35.,189.9544022296));
#7702 = CARTESIAN_POINT('',(2.145421248055E+03,35.,190.95435047624));
#7703 = CARTESIAN_POINT('',(2.136421404176E+03,35.,192.31987219199));
#7704 = CARTESIAN_POINT('',(2.13401356966E+03,35.,192.68523889955));
#7705 = CARTESIAN_POINT('',(2.131605738724E+03,35.,193.05062948671));
#7706 = CARTESIAN_POINT('',(2.129197910162E+03,35.,193.41603601434));
#7707 = CARTESIAN_POINT('',(2.126790082773E+03,35.,193.78145055558));
#7708 = CARTESIAN_POINT('',(2.119048302888E+03,35.,194.95635191745));
#7709 = CARTESIAN_POINT('',(2.113714350285E+03,35.,195.7658391206));
#7710 = CARTESIAN_POINT('',(2.108380384486E+03,35.,196.57524077524));
#7711 = CARTESIAN_POINT('',(2.103046392486E+03,35.,197.38447111786));
#7712 = CARTESIAN_POINT('',(2.097712361332E+03,35.,198.1934446515));
#7713 = CARTESIAN_POINT('',(2.087526173671E+03,35.,199.73764106465));
#7714 = CARTESIAN_POINT('',(2.08267402615E+03,35.,200.47292295806));
#7715 = CARTESIAN_POINT('',(2.077821825858E+03,35.,201.20785767249));
#7716 = CARTESIAN_POINT('',(2.072969563143E+03,35.,201.94238121282));
#7717 = CARTESIAN_POINT('',(2.068117228401E+03,35.,202.67642974228));
#7718 = CARTESIAN_POINT('',(2.060668005391E+03,35.,203.80248282956));
#7719 = CARTESIAN_POINT('',(2.058071175303E+03,35.,204.19487155427));
#7720 = CARTESIAN_POINT('',(2.055474320573E+03,35.,204.58709746362));
#7721 = CARTESIAN_POINT('',(2.052877439152E+03,35.,204.97914688848));
#7722 = CARTESIAN_POINT('',(2.050280530509E+03,35.,205.37101621849));
#7723 = CARTESIAN_POINT('',(2.044997596963E+03,35.,206.16779458902));
#7724 = CARTESIAN_POINT('',(2.042311569988E+03,35.,206.57268991979));
#7725 = CARTESIAN_POINT('',(2.039625508963E+03,35.,206.97735962109));
#7726 = CARTESIAN_POINT('',(2.036939411513E+03,35.,207.3817877664));
#7727 = CARTESIAN_POINT('',(2.034253275272E+03,35.,207.78595843099));
#7728 = CARTESIAN_POINT('',(2.027972784516E+03,35.,208.73030150507));
#7729 = CARTESIAN_POINT('',(2.024378397475E+03,35.,209.2702578016));
#7730 = CARTESIAN_POINT('',(2.020783931109E+03,35.,209.80968643476));
#7731 = CARTESIAN_POINT('',(2.017189379796E+03,35.,210.3485492595));
#7732 = CARTESIAN_POINT('',(2.013594737946E+03,35.,210.88680813254));
#7733 = CARTESIAN_POINT('',(2.01E+03,35.,211.42442491241));
#7734 = ( BOUNDED_SURFACE() B_SPLINE_SURFACE(1,3,(
    (#7735,#7736,#7737,#7738,#7739,#7740,#7741,#7742,#7743,#7744)
    ,(#7745,#7746,#7747,#7748,#7749,#7750,#7751,#7752,#7753,#7754
)),.UNSPECIFIED.,.F.,.F.,.F.) B_SPLINE_SURFACE_WITH_KNOTS((2,2),(4,1,1,1
    ,1,1,1,4),(10.,11.),(0.,5.937462759188E-02,0.169261244735,
    0.329619903174,0.533683498435,0.722609230536,0.888013402964,1.),
.UNSPECIFIED.) GEOMETRIC_REPRESENTATION_ITEM() RATIONAL_B_SPLINE_SURFACE
((
    (1.,1.,1.,1.,1.,1.,1.,1.,1.,1.)
,(1.,1.,1.,1.,1.,1.,1.,1.,1.,1.))) REPRESENTATION_ITEM('') SURFACE() );
#7735 = CARTESIAN_POINT('',(0.,1.552914270615,5.795554957734));
#7736 = CARTESIAN_POINT('',(36.384885512757,12.175081543055,
    52.019424749378));
#7737 = CARTESIAN_POINT('',(164.1400044123,39.629634147288,
    167.42128067932));
#7738 = CARTESIAN_POINT('',(476.00449735354,66.62923985967,
    274.8536790218));
#7739 = CARTESIAN_POINT('',(943.3280351607,67.120491361497,
    273.63890067702));
#7740 = CARTESIAN_POINT('',(1.486434771408E+03,69.400983104158,
    280.27457914065));
#7741 = CARTESIAN_POINT('',(2.027682666396E+03,46.625587645621,
    207.04314173248));
#7742 = CARTESIAN_POINT('',(2.477449574318E+03,25.879666693626,
    141.51929929716));
#7743 = CARTESIAN_POINT('',(2.747888780157E+03,22.048815818681,
    114.67100972162));
#7744 = CARTESIAN_POINT('',(2.85E+03,9.058666578588,53.807403920117));
#7745 = CARTESIAN_POINT('',(0.,0.78315715332,5.948669168243));
#7746 = CARTESIAN_POINT('',(36.384885512757,6.140069920875,
    53.389766164557));
#7747 = CARTESIAN_POINT('',(164.1400044123,19.985798349076,
    171.83016878046));
#7748 = CARTESIAN_POINT('',(476.00449735354,33.602090471952,
    282.25787653229));
#7749 = CARTESIAN_POINT('',(943.3280351607,33.849835717788,281.378891752
    ));
#7750 = CARTESIAN_POINT('',(1.486434771408E+03,34.999920725794,
    287.98804406894));
#7751 = CARTESIAN_POINT('',(2.027682666396E+03,23.513959001721,
    212.41212730414));
#7752 = CARTESIAN_POINT('',(2.477449574318E+03,13.051490658676,
    144.75067064674));
#7753 = CARTESIAN_POINT('',(2.747888780157E+03,11.119537090611,
    117.02337442291));
#7754 = CARTESIAN_POINT('',(2.85E+03,4.568416727702,54.700570148083));
#7755 = ADVANCED_FACE('',(#7756),#7783,.T.);
#7756 = FACE_BOUND('',#7757,.T.);
#7757 = EDGE_LOOP('',(#7758,#7759,#7760,#7775));
#7758 = ORIENTED_EDGE('',*,*,#7665,.F.);
#7759 = ORIENTED_EDGE('',*,*,#2047,.T.);
#7760 = ORIENTED_EDGE('',*,*,#7761,.T.);
#7761 = EDGE_CURVE('',#2041,#7762,#7764,.T.);
#7762 = VERTEX_POINT('',#7763);
#7763 = CARTESIAN_POINT('',(2.054657757707E+03,1.066689859064E-14,
    209.315515414));
#7764 = ( BOUNDED_CURVE() B_SPLINE_CURVE(3,(#7765,#7766,#7767,#7768,
    #7769,#7770,#7771,#7772,#7773,#7774),.UNSPECIFIED.,.F.,.F.) 
B_SPLINE_CURVE_WITH_KNOTS((4,1,1,1,1,1,1,4),(0.,5.937462759188E-02,
    0.169261244735,0.329619903174,0.533683498435,0.722609230536,
0.888013402964,1.),.UNSPECIFIED.) CURVE() GEOMETRIC_REPRESENTATION_ITEM(
) RATIONAL_B_SPLINE_CURVE((1.,1.,1.,1.,1.,1.,1.,1.,1.,1.)) 
REPRESENTATION_ITEM('') );
#7765 = CARTESIAN_POINT('',(0.,3.673940397442E-16,6.));
#7766 = CARTESIAN_POINT('',(36.384885512757,2.880424552056E-15,
    53.849166793662));
#7767 = CARTESIAN_POINT('',(164.1400044123,9.375721286398E-15,
    173.30822814937));
#7768 = CARTESIAN_POINT('',(476.00449735354,1.576338504986E-14,
    284.74009954376));
#7769 = CARTESIAN_POINT('',(943.3280351607,1.587960709586E-14,
    283.97368800475));
#7770 = CARTESIAN_POINT('',(1.486434771408E+03,1.641913402905E-14,
    290.57394755356));
#7771 = CARTESIAN_POINT('',(2.027682666396E+03,1.103084911042E-14,
    214.21205491484));
#7772 = CARTESIAN_POINT('',(2.477449574318E+03,6.122704565036E-15,
    145.83397296428));
#7773 = CARTESIAN_POINT('',(2.747888780157E+03,5.216388095907E-15,
    117.8119938222));
#7774 = CARTESIAN_POINT('',(2.85E+03,2.143131898508E-15,55.));
#7775 = ORIENTED_EDGE('',*,*,#7776,.T.);
#7776 = EDGE_CURVE('',#7762,#7666,#7777,.T.);
#7777 = B_SPLINE_CURVE_WITH_KNOTS('',4,(#7778,#7779,#7780,#7781,#7782),
  .UNSPECIFIED.,.F.,.F.,(5,5),(0.,1.),.PIECEWISE_BEZIER_KNOTS.);
#7778 = CARTESIAN_POINT('',(2.054657757707E+03,7.105427357601E-15,
    209.315515414));
#7779 = CARTESIAN_POINT('',(2.054454208953E+03,5.689067281272,
    208.90841790647));
#7780 = CARTESIAN_POINT('',(2.054250671198E+03,11.378142378947,
    208.50134239566));
#7781 = CARTESIAN_POINT('',(2.054047144422E+03,17.067225276633,
    208.09428884477));
#7782 = CARTESIAN_POINT('',(2.053843628608E+03,22.756315957977,
    207.68725721681));
#7783 = ( BOUNDED_SURFACE() B_SPLINE_SURFACE(1,3,(
    (#7784,#7785,#7786,#7787,#7788,#7789,#7790,#7791,#7792,#7793)
    ,(#7794,#7795,#7796,#7797,#7798,#7799,#7800,#7801,#7802,#7803
)),.UNSPECIFIED.,.F.,.F.,.F.) B_SPLINE_SURFACE_WITH_KNOTS((2,2),(4,1,1,1
    ,1,1,1,4),(11.,12.),(0.,5.937462759188E-02,0.169261244735,
    0.329619903174,0.533683498435,0.722609230536,0.888013402964,1.),
.UNSPECIFIED.) GEOMETRIC_REPRESENTATION_ITEM() RATIONAL_B_SPLINE_SURFACE
((
    (1.,1.,1.,1.,1.,1.,1.,1.,1.,1.)
,(1.,1.,1.,1.,1.,1.,1.,1.,1.,1.))) REPRESENTATION_ITEM('') SURFACE() );
#7784 = CARTESIAN_POINT('',(0.,0.78315715332,5.948669168243));
#7785 = CARTESIAN_POINT('',(36.384885512757,6.140069920875,
    53.389766164557));
#7786 = CARTESIAN_POINT('',(164.1400044123,19.985798349076,
    171.83016878046));
#7787 = CARTESIAN_POINT('',(476.00449735354,33.602090471952,
    282.25787653229));
#7788 = CARTESIAN_POINT('',(943.3280351607,33.849835717788,281.378891752
    ));
#7789 = CARTESIAN_POINT('',(1.486434771408E+03,34.999920725794,
    287.98804406894));
#7790 = CARTESIAN_POINT('',(2.027682666396E+03,23.513959001721,
    212.41212730414));
#7791 = CARTESIAN_POINT('',(2.477449574318E+03,13.051490658676,
    144.75067064674));
#7792 = CARTESIAN_POINT('',(2.747888780157E+03,11.119537090611,
    117.02337442291));
#7793 = CARTESIAN_POINT('',(2.85E+03,4.568416727702,54.700570148083));
#7794 = CARTESIAN_POINT('',(0.,3.673940397442E-16,6.));
#7795 = CARTESIAN_POINT('',(36.384885512757,2.880424552056E-15,
    53.849166793662));
#7796 = CARTESIAN_POINT('',(164.1400044123,9.375721286398E-15,
    173.30822814937));
#7797 = CARTESIAN_POINT('',(476.00449735354,1.576338504986E-14,
    284.74009954376));
#7798 = CARTESIAN_POINT('',(943.3280351607,1.587960709586E-14,
    283.97368800475));
#7799 = CARTESIAN_POINT('',(1.486434771408E+03,1.641913402905E-14,
    290.57394755356));
#7800 = CARTESIAN_POINT('',(2.027682666396E+03,1.103084911042E-14,
    214.21205491484));
#7801 = CARTESIAN_POINT('',(2.477449574318E+03,6.122704565036E-15,
    145.83397296428));
#7802 = CARTESIAN_POINT('',(2.747888780157E+03,5.216388095907E-15,
    117.8119938222));
#7803 = CARTESIAN_POINT('',(2.85E+03,2.143131898508E-15,55.));
#7804 = ADVANCED_FACE('',(#7805),#7832,.T.);
#7805 = FACE_BOUND('',#7806,.T.);
#7806 = EDGE_LOOP('',(#7807,#7808,#7809,#7824));
#7807 = ORIENTED_EDGE('',*,*,#7761,.F.);
#7808 = ORIENTED_EDGE('',*,*,#2040,.T.);
#7809 = ORIENTED_EDGE('',*,*,#7810,.T.);
#7810 = EDGE_CURVE('',#2034,#7811,#7813,.T.);
#7811 = VERTEX_POINT('',#7812);
#7812 = CARTESIAN_POINT('',(2.053843628608E+03,-22.75631595797,
    207.68725721681));
#7813 = ( BOUNDED_CURVE() B_SPLINE_CURVE(3,(#7814,#7815,#7816,#7817,
    #7818,#7819,#7820,#7821,#7822,#7823),.UNSPECIFIED.,.F.,.F.) 
B_SPLINE_CURVE_WITH_KNOTS((4,1,1,1,1,1,1,4),(0.,5.937462759188E-02,
    0.169261244735,0.329619903174,0.533683498435,0.722609230536,
0.888013402964,1.),.UNSPECIFIED.) CURVE() GEOMETRIC_REPRESENTATION_ITEM(
) RATIONAL_B_SPLINE_CURVE((1.,1.,1.,1.,1.,1.,1.,1.,1.,1.)) 
REPRESENTATION_ITEM('') );
#7814 = CARTESIAN_POINT('',(0.,-0.78315715332,5.948669168243));
#7815 = CARTESIAN_POINT('',(36.384885512757,-6.140069920875,
    53.389766164557));
#7816 = CARTESIAN_POINT('',(164.1400044123,-19.98579834907,
    171.83016878046));
#7817 = CARTESIAN_POINT('',(476.00449735354,-33.60209047195,
    282.25787653229));
#7818 = CARTESIAN_POINT('',(943.3280351607,-33.84983571778,281.378891752
    ));
#7819 = CARTESIAN_POINT('',(1.486434771408E+03,-34.99992072579,
    287.98804406894));
#7820 = CARTESIAN_POINT('',(2.027682666396E+03,-23.51395900172,
    212.41212730414));
#7821 = CARTESIAN_POINT('',(2.477449574318E+03,-13.05149065867,
    144.75067064674));
#7822 = CARTESIAN_POINT('',(2.747888780157E+03,-11.11953709061,
    117.02337442291));
#7823 = CARTESIAN_POINT('',(2.85E+03,-4.568416727702,54.700570148083));
#7824 = ORIENTED_EDGE('',*,*,#7825,.T.);
#7825 = EDGE_CURVE('',#7811,#7762,#7826,.T.);
#7826 = B_SPLINE_CURVE_WITH_KNOTS('',4,(#7827,#7828,#7829,#7830,#7831),
  .UNSPECIFIED.,.F.,.F.,(5,5),(0.,1.),.PIECEWISE_BEZIER_KNOTS.);
#7827 = CARTESIAN_POINT('',(2.053843628608E+03,-22.75631595797,
    207.68725721681));
#7828 = CARTESIAN_POINT('',(2.054047144422E+03,-17.06722527663,
    208.09428884477));
#7829 = CARTESIAN_POINT('',(2.054250671198E+03,-11.37814237894,
    208.50134239566));
#7830 = CARTESIAN_POINT('',(2.054454208953E+03,-5.689067281272,
    208.90841790647));
#7831 = CARTESIAN_POINT('',(2.054657757707E+03,1.42108547152E-14,
    209.315515414));
#7832 = ( BOUNDED_SURFACE() B_SPLINE_SURFACE(1,3,(
    (#7833,#7834,#7835,#7836,#7837,#7838,#7839,#7840,#7841,#7842)
    ,(#7843,#7844,#7845,#7846,#7847,#7848,#7849,#7850,#7851,#7852
)),.UNSPECIFIED.,.F.,.F.,.F.) B_SPLINE_SURFACE_WITH_KNOTS((2,2),(4,1,1,1
    ,1,1,1,4),(12.,13.),(0.,5.937462759188E-02,0.169261244735,
    0.329619903174,0.533683498435,0.722609230536,0.888013402964,1.),
.UNSPECIFIED.) GEOMETRIC_REPRESENTATION_ITEM() RATIONAL_B_SPLINE_SURFACE
((
    (1.,1.,1.,1.,1.,1.,1.,1.,1.,1.)
,(1.,1.,1.,1.,1.,1.,1.,1.,1.,1.))) REPRESENTATION_ITEM('') SURFACE() );
#7833 = CARTESIAN_POINT('',(0.,3.673940397442E-16,6.));
#7834 = CARTESIAN_POINT('',(36.384885512757,2.880424552056E-15,
    53.849166793662));
#7835 = CARTESIAN_POINT('',(164.1400044123,9.375721286398E-15,
    173.30822814937));
#7836 = CARTESIAN_POINT('',(476.00449735354,1.576338504986E-14,
    284.74009954376));
#7837 = CARTESIAN_POINT('',(943.3280351607,1.587960709586E-14,
    283.97368800475));
#7838 = CARTESIAN_POINT('',(1.486434771408E+03,1.641913402905E-14,
    290.57394755356));
#7839 = CARTESIAN_POINT('',(2.027682666396E+03,1.103084911042E-14,
    214.21205491484));
#7840 = CARTESIAN_POINT('',(2.477449574318E+03,6.122704565036E-15,
    145.83397296428));
#7841 = CARTESIAN_POINT('',(2.747888780157E+03,5.216388095907E-15,
    117.8119938222));
#7842 = CARTESIAN_POINT('',(2.85E+03,2.143131898508E-15,55.));
#7843 = CARTESIAN_POINT('',(0.,-0.78315715332,5.948669168243));
#7844 = CARTESIAN_POINT('',(36.384885512757,-6.140069920875,
    53.389766164557));
#7845 = CARTESIAN_POINT('',(164.1400044123,-19.98579834907,
    171.83016878046));
#7846 = CARTESIAN_POINT('',(476.00449735354,-33.60209047195,
    282.25787653229));
#7847 = CARTESIAN_POINT('',(943.3280351607,-33.84983571778,281.378891752
    ));
#7848 = CARTESIAN_POINT('',(1.486434771408E+03,-34.99992072579,
    287.98804406894));
#7849 = CARTESIAN_POINT('',(2.027682666396E+03,-23.51395900172,
    212.41212730414));
#7850 = CARTESIAN_POINT('',(2.477449574318E+03,-13.05149065867,
    144.75067064674));
#7851 = CARTESIAN_POINT('',(2.747888780157E+03,-11.11953709061,
    117.02337442291));
#7852 = CARTESIAN_POINT('',(2.85E+03,-4.568416727702,54.700570148083));
#7853 = ADVANCED_FACE('',(#7854),#7937,.T.);
#7854 = FACE_BOUND('',#7855,.T.);
#7855 = EDGE_LOOP('',(#7856,#7857,#7858,#7873,#7929));
#7856 = ORIENTED_EDGE('',*,*,#7810,.F.);
#7857 = ORIENTED_EDGE('',*,*,#2033,.T.);
#7858 = ORIENTED_EDGE('',*,*,#7859,.T.);
#7859 = EDGE_CURVE('',#2027,#7860,#7862,.T.);
#7860 = VERTEX_POINT('',#7861);
#7861 = CARTESIAN_POINT('',(2.286908012113E+03,-35.,169.71570595336));
#7862 = ( BOUNDED_CURVE() B_SPLINE_CURVE(3,(#7863,#7864,#7865,#7866,
    #7867,#7868,#7869,#7870,#7871,#7872),.UNSPECIFIED.,.F.,.F.) 
B_SPLINE_CURVE_WITH_KNOTS((4,1,1,1,1,1,1,4),(0.,5.937462759188E-02,
    0.169261244735,0.329619903174,0.533683498435,0.722609230536,
0.888013402964,1.),.UNSPECIFIED.) CURVE() GEOMETRIC_REPRESENTATION_ITEM(
) RATIONAL_B_SPLINE_CURVE((1.,1.,1.,1.,1.,1.,1.,1.,1.,1.)) 
REPRESENTATION_ITEM('') );
#7863 = CARTESIAN_POINT('',(0.,-1.552914270615,5.795554957734));
#7864 = CARTESIAN_POINT('',(36.384885512757,-12.17508154305,
    52.019424749378));
#7865 = CARTESIAN_POINT('',(164.1400044123,-39.62963414728,
    167.42128067932));
#7866 = CARTESIAN_POINT('',(476.00449735354,-66.62923985967,
    274.8536790218));
#7867 = CARTESIAN_POINT('',(943.3280351607,-67.12049136149,
    273.63890067702));
#7868 = CARTESIAN_POINT('',(1.486434771408E+03,-69.40098310415,
    280.27457914065));
#7869 = CARTESIAN_POINT('',(2.027682666396E+03,-46.62558764562,
    207.04314173248));
#7870 = CARTESIAN_POINT('',(2.477449574318E+03,-25.87966669362,
    141.51929929716));
#7871 = CARTESIAN_POINT('',(2.747888780157E+03,-22.04881581868,
    114.67100972162));
#7872 = CARTESIAN_POINT('',(2.85E+03,-9.058666578588,53.807403920117));
#7873 = ORIENTED_EDGE('',*,*,#7874,.F.);
#7874 = EDGE_CURVE('',#7875,#7860,#7877,.T.);
#7875 = VERTEX_POINT('',#7876);
#7876 = CARTESIAN_POINT('',(2.052516734168E+03,-35.,205.03346833504));
#7877 = B_SPLINE_CURVE_WITH_KNOTS('',8,(#7878,#7879,#7880,#7881,#7882,
    #7883,#7884,#7885,#7886,#7887,#7888,#7889,#7890,#7891,#7892,#7893,
    #7894,#7895,#7896,#7897,#7898,#7899,#7900,#7901,#7902,#7903,#7904,
    #7905,#7906,#7907,#7908,#7909,#7910,#7911,#7912,#7913,#7914,#7915,
    #7916,#7917,#7918,#7919,#7920,#7921,#7922,#7923,#7924,#7925,#7926,
    #7927,#7928),.UNSPECIFIED.,.F.,.F.,(9,7,7,7,7,7,7,9),(0.,
    0.132375471674,0.25897848839,0.379095210065,0.411984863467,
    0.526508982215,0.769320098704,1.),.UNSPECIFIED.);
#7878 = CARTESIAN_POINT('',(2.01E+03,-35.,211.42442491241));
#7879 = CARTESIAN_POINT('',(2.014582702293E+03,-35.,210.73905154535));
#7880 = CARTESIAN_POINT('',(2.01916525584E+03,-35.,210.05268433897));
#7881 = CARTESIAN_POINT('',(2.023747670399E+03,-35.,209.36539018744));
#7882 = CARTESIAN_POINT('',(2.02832995578E+03,-35.,208.67723599102));
#7883 = CARTESIAN_POINT('',(2.032912121843E+03,-35.,207.98828865608));
#7884 = CARTESIAN_POINT('',(2.037494178498E+03,-35.,207.29861509511));
#7885 = CARTESIAN_POINT('',(2.042076135705E+03,-35.,206.60828222667));
#7886 = CARTESIAN_POINT('',(2.051040071201E+03,-35.,205.25656068124));
#7887 = CARTESIAN_POINT('',(2.05542205701E+03,-35.,204.59522186474));
#7888 = CARTESIAN_POINT('',(2.059803971501E+03,-35.,203.93341134998));
#7889 = CARTESIAN_POINT('',(2.064185814034E+03,-35.,203.27112523668));
#7890 = CARTESIAN_POINT('',(2.068567597137E+03,-35.,202.60844694151));
#7891 = CARTESIAN_POINT('',(2.072949322081E+03,-35.,201.94538499191));
#7892 = CARTESIAN_POINT('',(2.07733099713E+03,-35.,201.28199431071));
#7893 = CARTESIAN_POINT('',(2.085869772588E+03,-35.,199.98862903079));
#7894 = CARTESIAN_POINT('',(2.090026877519E+03,-35.,199.3586842778));
#7895 = CARTESIAN_POINT('',(2.09418394757E+03,-35.,198.72851009488));
#7896 = CARTESIAN_POINT('',(2.098340987896E+03,-35.,198.09814060213));
#7897 = CARTESIAN_POINT('',(2.102498003669E+03,-35.,197.46760998324));
#7898 = CARTESIAN_POINT('',(2.106655000075E+03,-35.,196.83695248549));
#7899 = CARTESIAN_POINT('',(2.110811982316E+03,-35.,196.20620241974));
#7900 = CARTESIAN_POINT('',(2.116107193557E+03,-35.,195.4026699575));
#7901 = CARTESIAN_POINT('',(2.117245430834E+03,-35.,195.22994139175));
#7902 = CARTESIAN_POINT('',(2.118383667548E+03,-35.,195.05720916895));
#7903 = CARTESIAN_POINT('',(2.119521903804E+03,-35.,194.88447399526));
#7904 = CARTESIAN_POINT('',(2.12066013971E+03,-35.,194.71173657725));
#7905 = CARTESIAN_POINT('',(2.121798375374E+03,-35.,194.53899762185));
#7906 = CARTESIAN_POINT('',(2.122936610903E+03,-35.,194.36625783641));
#7907 = CARTESIAN_POINT('',(2.128038263595E+03,-35.,193.59202525055));
#7908 = CARTESIAN_POINT('',(2.132001680448E+03,-35.,192.99053109189));
#7909 = CARTESIAN_POINT('',(2.135965101497E+03,-35.,192.38906532887));
#7910 = CARTESIAN_POINT('',(2.139928531285E+03,-35.,191.78765790109));
#7911 = CARTESIAN_POINT('',(2.143891974361E+03,-35.,191.18633881161));
#7912 = CARTESIAN_POINT('',(2.147855435281E+03,-35.,190.58513812694));
#7913 = CARTESIAN_POINT('',(2.151818918608E+03,-35.,189.98408597702));
#7914 = CARTESIAN_POINT('',(2.164185762394E+03,-35.,188.10925604715));
#7915 = CARTESIAN_POINT('',(2.172589217044E+03,-35.,186.83610306741));
#7916 = CARTESIAN_POINT('',(2.180992836498E+03,-35.,185.56404120672));
#7917 = CARTESIAN_POINT('',(2.189396664382E+03,-35.,184.29335963464));
#7918 = CARTESIAN_POINT('',(2.19780074431E+03,-35.,183.02434909967));
#7919 = CARTESIAN_POINT('',(2.20620511989E+03,-35.,181.75730192918));
#7920 = CARTESIAN_POINT('',(2.214609834714E+03,-35.,180.49251202946));
#7921 = CARTESIAN_POINT('',(2.231000098472E+03,-35.,178.03110104244));
#7922 = CARTESIAN_POINT('',(2.238985609958E+03,-35.,176.83423142895));
#7923 = CARTESIAN_POINT('',(2.246971504201E+03,-35.,175.63991944151));
#7924 = CARTESIAN_POINT('',(2.254957818393E+03,-35.,174.44842009337));
#7925 = CARTESIAN_POINT('',(2.262944589544E+03,-35.,173.25999001478));
#7926 = CARTESIAN_POINT('',(2.270931854481E+03,-35.,172.07488745296));
#7927 = CARTESIAN_POINT('',(2.27891964985E+03,-35.,170.8933722721));
#7928 = CARTESIAN_POINT('',(2.286908012113E+03,-35.,169.71570595336));
#7929 = ORIENTED_EDGE('',*,*,#7930,.T.);
#7930 = EDGE_CURVE('',#7875,#7811,#7931,.T.);
#7931 = B_SPLINE_CURVE_WITH_KNOTS('',4,(#7932,#7933,#7934,#7935,#7936),
  .UNSPECIFIED.,.F.,.F.,(5,5),(0.,1.),.PIECEWISE_BEZIER_KNOTS.);
#7932 = CARTESIAN_POINT('',(2.052516734168E+03,-35.,205.03346833504));
#7933 = CARTESIAN_POINT('',(2.05284841654E+03,-31.93904882043,
    205.6968330794));
#7934 = CARTESIAN_POINT('',(2.053180126353E+03,-28.87811771216,
    206.36025270605));
#7935 = CARTESIAN_POINT('',(2.053511863684E+03,-25.81720673741,
    207.02372736795));
#7936 = CARTESIAN_POINT('',(2.053843628608E+03,-22.75631595797,
    207.68725721681));
#7937 = ( BOUNDED_SURFACE() B_SPLINE_SURFACE(1,3,(
    (#7938,#7939,#7940,#7941,#7942,#7943,#7944,#7945,#7946,#7947)
    ,(#7948,#7949,#7950,#7951,#7952,#7953,#7954,#7955,#7956,#7957
)),.UNSPECIFIED.,.F.,.F.,.F.) B_SPLINE_SURFACE_WITH_KNOTS((2,2),(4,1,1,1
    ,1,1,1,4),(13.,14.),(0.,5.937462759188E-02,0.169261244735,
    0.329619903174,0.533683498435,0.722609230536,0.888013402964,1.),
.UNSPECIFIED.) GEOMETRIC_REPRESENTATION_ITEM() RATIONAL_B_SPLINE_SURFACE
((
    (1.,1.,1.,1.,1.,1.,1.,1.,1.,1.)
,(1.,1.,1.,1.,1.,1.,1.,1.,1.,1.))) REPRESENTATION_ITEM('') SURFACE() );
#7938 = CARTESIAN_POINT('',(0.,-0.78315715332,5.948669168243));
#7939 = CARTESIAN_POINT('',(36.384885512757,-6.140069920875,
    53.389766164557));
#7940 = CARTESIAN_POINT('',(164.1400044123,-19.98579834907,
    171.83016878046));
#7941 = CARTESIAN_POINT('',(476.00449735354,-33.60209047195,
    282.25787653229));
#7942 = CARTESIAN_POINT('',(943.3280351607,-33.84983571778,281.378891752
    ));
#7943 = CARTESIAN_POINT('',(1.486434771408E+03,-34.99992072579,
    287.98804406894));
#7944 = CARTESIAN_POINT('',(2.027682666396E+03,-23.51395900172,
    212.41212730414));
#7945 = CARTESIAN_POINT('',(2.477449574318E+03,-13.05149065867,
    144.75067064674));
#7946 = CARTESIAN_POINT('',(2.747888780157E+03,-11.11953709061,
    117.02337442291));
#7947 = CARTESIAN_POINT('',(2.85E+03,-4.568416727702,54.700570148083));
#7948 = CARTESIAN_POINT('',(0.,-1.552914270615,5.795554957734));
#7949 = CARTESIAN_POINT('',(36.384885512757,-12.17508154305,
    52.019424749378));
#7950 = CARTESIAN_POINT('',(164.1400044123,-39.62963414728,
    167.42128067932));
#7951 = CARTESIAN_POINT('',(476.00449735354,-66.62923985967,
    274.8536790218));
#7952 = CARTESIAN_POINT('',(943.3280351607,-67.12049136149,
    273.63890067702));
#7953 = CARTESIAN_POINT('',(1.486434771408E+03,-69.40098310415,
    280.27457914065));
#7954 = CARTESIAN_POINT('',(2.027682666396E+03,-46.62558764562,
    207.04314173248));
#7955 = CARTESIAN_POINT('',(2.477449574318E+03,-25.87966669362,
    141.51929929716));
#7956 = CARTESIAN_POINT('',(2.747888780157E+03,-22.04881581868,
    114.67100972162));
#7957 = CARTESIAN_POINT('',(2.85E+03,-9.058666578588,53.807403920117));
#7958 = ADVANCED_FACE('',(#7959),#8004,.T.);
#7959 = FACE_BOUND('',#7960,.T.);
#7960 = EDGE_LOOP('',(#7961,#7962,#7963,#7964));
#7961 = ORIENTED_EDGE('',*,*,#7859,.F.);
#7962 = ORIENTED_EDGE('',*,*,#2026,.T.);
#7963 = ORIENTED_EDGE('',*,*,#3847,.T.);
#7964 = ORIENTED_EDGE('',*,*,#7965,.T.);
#7965 = EDGE_CURVE('',#3848,#7860,#7966,.T.);
#7966 = B_SPLINE_CURVE_WITH_KNOTS('',6,(#7967,#7968,#7969,#7970,#7971,
    #7972,#7973,#7974,#7975,#7976,#7977,#7978,#7979,#7980,#7981,#7982,
    #7983,#7984,#7985,#7986,#7987,#7988,#7989,#7990,#7991,#7992,#7993,
    #7994,#7995,#7996,#7997,#7998,#7999,#8000,#8001,#8002,#8003),
  .UNSPECIFIED.,.F.,.F.,(7,5,5,5,5,5,5,7),(0.,0.173201286273,
    0.230121493945,0.258683736774,0.298557812024,0.308751137462,
    0.638565966275,1.),.UNSPECIFIED.);
#7967 = CARTESIAN_POINT('',(2.635764599541E+03,-35.,120.24409638835));
#7968 = CARTESIAN_POINT('',(2.62571226577E+03,-35.,121.93026196264));
#7969 = CARTESIAN_POINT('',(2.615641902866E+03,-35.,123.50846604592));
#7970 = CARTESIAN_POINT('',(2.605557760477E+03,-35.,124.99636242184));
#7971 = CARTESIAN_POINT('',(2.595463479645E+03,-35.,126.41200016073));
#7972 = CARTESIAN_POINT('',(2.585362061578E+03,-35.,127.77360772529));
#7973 = CARTESIAN_POINT('',(2.571934597152E+03,-35.,129.53529509525));
#7974 = CARTESIAN_POINT('',(2.568612828307E+03,-35.,129.96719183919));
#7975 = CARTESIAN_POINT('',(2.565290644176E+03,-35.,130.3958854648));
#7976 = CARTESIAN_POINT('',(2.561968132603E+03,-35.,130.82202758653));
#7977 = CARTESIAN_POINT('',(2.558645378971E+03,-35.,131.24627055695));
#7978 = CARTESIAN_POINT('',(2.553655047116E+03,-35.,131.88152495753));
#7979 = CARTESIAN_POINT('',(2.551987588061E+03,-35.,132.09346867217));
#7980 = CARTESIAN_POINT('',(2.550320099602E+03,-35.,132.30518111153));
#7981 = CARTESIAN_POINT('',(2.548652592261E+03,-35.,132.51674479696));
#7982 = CARTESIAN_POINT('',(2.546985076522E+03,-35.,132.72824227032));
#7983 = CARTESIAN_POINT('',(2.542989644594E+03,-35.,133.23503816163));
#7984 = CARTESIAN_POINT('',(2.540661730442E+03,-35.,133.53035207862));
#7985 = CARTESIAN_POINT('',(2.538333848748E+03,-35.,133.82592249433));
#7986 = CARTESIAN_POINT('',(2.536006028116E+03,-35.,134.12197405875));
#7987 = CARTESIAN_POINT('',(2.533678297382E+03,-35.,134.41873142247));
#7988 = CARTESIAN_POINT('',(2.530755659804E+03,-35.,134.7925195286));
#7989 = CARTESIAN_POINT('',(2.5301609732E+03,-35.,134.86863792499));
#7990 = CARTESIAN_POINT('',(2.529566659538E+03,-35.,134.94477493498));
#7991 = CARTESIAN_POINT('',(2.528972731433E+03,-35.,135.02093320966));
#7992 = CARTESIAN_POINT('',(2.528379179223E+03,-35.,135.09710830893));
#7993 = CARTESIAN_POINT('',(2.508592222452E+03,-35.,137.63876022233));
#7994 = CARTESIAN_POINT('',(2.489407313359E+03,-35.,140.17298141416));
#7995 = CARTESIAN_POINT('',(2.470230845994E+03,-35.,142.77052018979));
#7996 = CARTESIAN_POINT('',(2.451062328863E+03,-35.,145.42585739775));
#7997 = CARTESIAN_POINT('',(2.431901203283E+03,-35.,148.13358348161));
#7998 = CARTESIAN_POINT('',(2.391756172693E+03,-35.,153.90738745158));
#7999 = CARTESIAN_POINT('',(2.370773641423E+03,-35.,156.98293202151));
#8000 = CARTESIAN_POINT('',(2.3497984337E+03,-35.,160.10813559052));
#8001 = CARTESIAN_POINT('',(2.328829691469E+03,-35.,163.2762747777));
#8002 = CARTESIAN_POINT('',(2.307866526151E+03,-35.,166.48088271304));
#8003 = CARTESIAN_POINT('',(2.286908012113E+03,-35.,169.71570595336));
#8004 = ( BOUNDED_SURFACE() B_SPLINE_SURFACE(1,3,(
    (#8005,#8006,#8007,#8008,#8009,#8010,#8011,#8012,#8013,#8014)
    ,(#8015,#8016,#8017,#8018,#8019,#8020,#8021,#8022,#8023,#8024
)),.UNSPECIFIED.,.F.,.F.,.F.) B_SPLINE_SURFACE_WITH_KNOTS((2,2),(4,1,1,1
    ,1,1,1,4),(14.,15.),(0.,5.937462759188E-02,0.169261244735,
    0.329619903174,0.533683498435,0.722609230536,0.888013402964,1.),
.UNSPECIFIED.) GEOMETRIC_REPRESENTATION_ITEM() RATIONAL_B_SPLINE_SURFACE
((
    (1.,1.,1.,1.,1.,1.,1.,1.,1.,1.)
,(1.,1.,1.,1.,1.,1.,1.,1.,1.,1.))) REPRESENTATION_ITEM('') SURFACE() );
#8005 = CARTESIAN_POINT('',(0.,-1.552914270615,5.795554957734));
#8006 = CARTESIAN_POINT('',(36.384885512757,-12.17508154305,
    52.019424749378));
#8007 = CARTESIAN_POINT('',(164.1400044123,-39.62963414728,
    167.42128067932));
#8008 = CARTESIAN_POINT('',(476.00449735354,-66.62923985967,
    274.8536790218));
#8009 = CARTESIAN_POINT('',(943.3280351607,-67.12049136149,
    273.63890067702));
#8010 = CARTESIAN_POINT('',(1.486434771408E+03,-69.40098310415,
    280.27457914065));
#8011 = CARTESIAN_POINT('',(2.027682666396E+03,-46.62558764562,
    207.04314173248));
#8012 = CARTESIAN_POINT('',(2.477449574318E+03,-25.87966669362,
    141.51929929716));
#8013 = CARTESIAN_POINT('',(2.747888780157E+03,-22.04881581868,
    114.67100972162));
#8014 = CARTESIAN_POINT('',(2.85E+03,-9.058666578588,53.807403920117));
#8015 = CARTESIAN_POINT('',(0.,-2.296100594191,5.543277195068));
#8016 = CARTESIAN_POINT('',(36.384885512757,-18.00177414446,
    49.761589469677));
#8017 = CARTESIAN_POINT('',(164.1400044123,-58.59539591783,
    160.15700114374));
#8018 = CARTESIAN_POINT('',(476.00449735354,-98.51634448027,
    262.65419488454));
#8019 = CARTESIAN_POINT('',(943.3280351607,-99.24269678869,
    260.88614817306));
#8020 = CARTESIAN_POINT('',(1.486434771408E+03,-102.61457542,
    267.5655322922));
#8021 = CARTESIAN_POINT('',(2.027682666396E+03,-68.93943955784,
    198.19696303157));
#8022 = CARTESIAN_POINT('',(2.477449574318E+03,-38.26503445624,
    136.19514857524));
#8023 = CARTESIAN_POINT('',(2.747888780157E+03,-32.600833195,
    110.79514933053));
#8024 = CARTESIAN_POINT('',(2.85E+03,-13.39392013277,52.335783637895));
#8025 = ADVANCED_FACE('',(#8026),#8126,.T.);
#8026 = FACE_BOUND('',#8027,.T.);
#8027 = EDGE_LOOP('',(#8028,#8029,#8030,#8045,#8058,#8077,#8096,#8115));
#8028 = ORIENTED_EDGE('',*,*,#4002,.F.);
#8029 = ORIENTED_EDGE('',*,*,#1991,.T.);
#8030 = ORIENTED_EDGE('',*,*,#8031,.T.);
#8031 = EDGE_CURVE('',#1985,#8032,#8034,.T.);
#8032 = VERTEX_POINT('',#8033);
#8033 = CARTESIAN_POINT('',(2.212688979167E+03,-127.5676900266,
    98.130914456405));
#8034 = ( BOUNDED_CURVE() B_SPLINE_CURVE(3,(#8035,#8036,#8037,#8038,
    #8039,#8040,#8041,#8042,#8043,#8044),.UNSPECIFIED.,.F.,.F.) 
B_SPLINE_CURVE_WITH_KNOTS((4,1,1,1,1,1,1,4),(0.,5.937462759188E-02,
    0.169261244735,0.329619903174,0.533683498435,0.722609230536,
0.888013402964,1.),.UNSPECIFIED.) CURVE() GEOMETRIC_REPRESENTATION_ITEM(
) RATIONAL_B_SPLINE_CURVE((1.,1.,1.,1.,1.,1.,1.,1.,1.,1.)) 
REPRESENTATION_ITEM('') );
#8035 = CARTESIAN_POINT('',(0.,-5.196152422707,3.));
#8036 = CARTESIAN_POINT('',(36.384885512757,-40.73861684041,
    26.999769654897));
#8037 = CARTESIAN_POINT('',(164.1400044123,-132.6033403014,
    86.923925480871));
#8038 = CARTESIAN_POINT('',(476.00449735354,-222.945781793,
    139.66804870219));
#8039 = CARTESIAN_POINT('',(943.3280351607,-224.5895413551,
    132.32236088229));
#8040 = CARTESIAN_POINT('',(1.486434771408E+03,-232.2202154482,
    139.44235298751));
#8041 = CARTESIAN_POINT('',(2.027682666396E+03,-156.0122569476,
    109.01635386606));
#8042 = CARTESIAN_POINT('',(2.477449574318E+03,-86.59505249807,
    82.521011897265));
#8043 = CARTESIAN_POINT('',(2.747888780157E+03,-73.77677564175,
    71.72160103326));
#8044 = CARTESIAN_POINT('',(2.85E+03,-30.31088913245,37.5));
#8045 = ORIENTED_EDGE('',*,*,#8046,.T.);
#8046 = EDGE_CURVE('',#8032,#8047,#8049,.T.);
#8047 = VERTEX_POINT('',#8048);
#8048 = CARTESIAN_POINT('',(2.223427198383E+03,-124.0781509783,
    100.99884577435));
#8049 = B_SPLINE_CURVE_WITH_KNOTS('',4,(#8050,#8051,#8052,#8053,#8054,
    #8055,#8056,#8057),.UNSPECIFIED.,.F.,.F.,(5,3,5),(0.,0.501572958457,
    1.),.UNSPECIFIED.);
#8050 = CARTESIAN_POINT('',(2.212688979167E+03,-127.5676900266,
    98.130914456405));
#8051 = CARTESIAN_POINT('',(2.214035209697E+03,-127.1292839739,
    98.490523547794));
#8052 = CARTESIAN_POINT('',(2.215381529139E+03,-126.6911546913,
    98.850135666151));
#8053 = CARTESIAN_POINT('',(2.21672793843E+03,-126.2533056713,
    99.20975107968));
#8054 = CARTESIAN_POINT('',(2.219412493138E+03,-125.3809194529,
    99.926733455455));
#8055 = CARTESIAN_POINT('',(2.220750637421E+03,-124.946378707,
    100.2841003732));
#8056 = CARTESIAN_POINT('',(2.222088872215E+03,-124.5121214538,
    100.64147106209));
#8057 = CARTESIAN_POINT('',(2.223427198383E+03,-124.0781509783,
    100.99884577435));
#8058 = ORIENTED_EDGE('',*,*,#8059,.T.);
#8059 = EDGE_CURVE('',#8047,#8060,#8062,.T.);
#8060 = VERTEX_POINT('',#8061);
#8061 = CARTESIAN_POINT('',(2.247240631487E+03,-117.8564531894,
    104.73523191897));
#8062 = B_SPLINE_CURVE_WITH_KNOTS('',4,(#8063,#8064,#8065,#8066,#8067,
    #8068,#8069,#8070,#8071,#8072,#8073,#8074,#8075,#8076),
  .UNSPECIFIED.,.F.,.F.,(5,3,3,3,5),(0.,0.248565970996,0.498167084704,
    0.747897788547,1.),.UNSPECIFIED.);
#8063 = CARTESIAN_POINT('',(2.223427198383E+03,-124.0781509783,
    100.99884577435));
#8064 = CARTESIAN_POINT('',(2.224906480968E+03,-123.6895291431,
    101.23102548911));
#8065 = CARTESIAN_POINT('',(2.226385846758E+03,-123.3012253132,
    101.46320553709));
#8066 = CARTESIAN_POINT('',(2.227865296871E+03,-122.9132443356,
    101.69538609938));
#8067 = CARTESIAN_POINT('',(2.230830529379E+03,-122.1363232617,
    102.1607155187));
#8068 = CARTESIAN_POINT('',(2.232316312487E+03,-121.7473858999,
    102.3938643815));
#8069 = CARTESIAN_POINT('',(2.233802182816E+03,-121.358783728,
    102.6270141235));
#8070 = CARTESIAN_POINT('',(2.236774871551E+03,-120.5820576877,
    103.09343677088));
#8071 = CARTESIAN_POINT('',(2.238261690048E+03,-120.1939341722,
    103.32670967735));
#8072 = CARTESIAN_POINT('',(2.239748598E+03,-119.8061557122,
    103.55998382008));
#8073 = CARTESIAN_POINT('',(2.242736715813E+03,-119.0276191353,
    104.02875017354));
#8074 = CARTESIAN_POINT('',(2.244237927403E+03,-118.6368676921,
    104.26424241121));
#8075 = CARTESIAN_POINT('',(2.245739232282E+03,-118.2464774687,
    104.49973626737));
#8076 = CARTESIAN_POINT('',(2.247240631487E+03,-117.8564531894,
    104.73523191897));
#8077 = ORIENTED_EDGE('',*,*,#8078,.T.);
#8078 = EDGE_CURVE('',#8060,#8079,#8081,.T.);
#8079 = VERTEX_POINT('',#8080);
#8080 = CARTESIAN_POINT('',(2.276694393207E+03,-111.3734391338,
    107.35770721631));
#8081 = B_SPLINE_CURVE_WITH_KNOTS('',4,(#8082,#8083,#8084,#8085,#8086,
    #8087,#8088,#8089,#8090,#8091,#8092,#8093,#8094,#8095),
  .UNSPECIFIED.,.F.,.F.,(5,3,3,3,5),(0.,0.246159653907,0.49660357478,
    0.7471642511,1.),.UNSPECIFIED.);
#8082 = CARTESIAN_POINT('',(2.247240631487E+03,-117.8564531894,
    104.73523191897));
#8083 = CARTESIAN_POINT('',(2.249052502887E+03,-117.4542657241,
    104.89662972204));
#8084 = CARTESIAN_POINT('',(2.250864486368E+03,-117.0525834641,
    105.05802530924));
#8085 = CARTESIAN_POINT('',(2.252676583657E+03,-116.6514153243,
    105.2194188401));
#8086 = CARTESIAN_POINT('',(2.256332549713E+03,-115.8431518445,
    105.54501103313));
#8087 = CARTESIAN_POINT('',(2.258176422534E+03,-115.4360748643,
    105.70920962863));
#8088 = CARTESIAN_POINT('',(2.260020416649E+03,-115.0295483898,
    105.8734064251));
#8089 = CARTESIAN_POINT('',(2.263709510587E+03,-114.2174253832,
    106.20187329503));
#8090 = CARTESIAN_POINT('',(2.265554610524E+03,-113.8118293729,
    106.36614336696));
#8091 = CARTESIAN_POINT('',(2.267399835276E+03,-113.4068025932,
    106.53041196681));
#8092 = CARTESIAN_POINT('',(2.271107293347E+03,-112.5942330327,
    106.86043808149));
#8093 = CARTESIAN_POINT('',(2.272969528973E+03,-112.1867007991,
    107.02619557242));
#8094 = CARTESIAN_POINT('',(2.274831895052E+03,-111.7797664906,
    107.19195189602));
#8095 = CARTESIAN_POINT('',(2.276694393207E+03,-111.3734391338,
    107.35770721631));
#8096 = ORIENTED_EDGE('',*,*,#8097,.T.);
#8097 = EDGE_CURVE('',#8079,#8098,#8100,.T.);
#8098 = VERTEX_POINT('',#8099);
#8099 = CARTESIAN_POINT('',(2.310909524744E+03,-104.9016997039,
    108.76205498873));
#8100 = B_SPLINE_CURVE_WITH_KNOTS('',4,(#8101,#8102,#8103,#8104,#8105,
    #8106,#8107,#8108,#8109,#8110,#8111,#8112,#8113,#8114),
  .UNSPECIFIED.,.F.,.F.,(5,3,3,3,5),(0.,0.263040403281,0.507780057155,
    0.752610821867,1.),.UNSPECIFIED.);
#8101 = CARTESIAN_POINT('',(2.276694393207E+03,-111.3734391338,
    107.35770721631));
#8102 = CARTESIAN_POINT('',(2.278943407419E+03,-110.9427171087,
    107.45009648288));
#8103 = CARTESIAN_POINT('',(2.281192586208E+03,-110.5128539854,
    107.54247855883));
#8104 = CARTESIAN_POINT('',(2.283441932297E+03,-110.0838667506,
    107.63485356736));
#8105 = CARTESIAN_POINT('',(2.287784456665E+03,-109.2574617266,
    107.81316328986));
#8106 = CARTESIAN_POINT('',(2.289877612125E+03,-108.8599240525,
    107.8990989364));
#8107 = CARTESIAN_POINT('',(2.291970916774E+03,-108.4631725797,
    107.98502867177));
#8108 = CARTESIAN_POINT('',(2.296158607826E+03,-107.6711211677,
    108.15690850807));
#8109 = CARTESIAN_POINT('',(2.298252994342E+03,-107.2758218234,
    108.24285860466));
#8110 = CARTESIAN_POINT('',(2.300347534194E+03,-106.8813358246,
    108.3288029863));
#8111 = CARTESIAN_POINT('',(2.30455881341E+03,-106.08990302,
    108.50157855707));
#8112 = CARTESIAN_POINT('',(2.306675556036E+03,-105.6929735757,
    108.58840962824));
#8113 = CARTESIAN_POINT('',(2.308792459182E+03,-105.2969013876,
    108.67523507084));
#8114 = CARTESIAN_POINT('',(2.310909524744E+03,-104.9016997039,
    108.76205498873));
#8115 = ORIENTED_EDGE('',*,*,#8116,.T.);
#8116 = EDGE_CURVE('',#8098,#4003,#8117,.T.);
#8117 = B_SPLINE_CURVE_WITH_KNOTS('',4,(#8118,#8119,#8120,#8121,#8122,
    #8123,#8124,#8125),.UNSPECIFIED.,.F.,.F.,(5,3,5),(0.,0.473637879954,
    1.),.UNSPECIFIED.);
#8118 = CARTESIAN_POINT('',(2.310909524744E+03,-104.9016997039,
    108.76205498873));
#8119 = CARTESIAN_POINT('',(2.312522433809E+03,-104.6327943875,
    108.77015553133));
#8120 = CARTESIAN_POINT('',(2.31413542583E+03,-104.3643867443,
    108.77825054837));
#8121 = CARTESIAN_POINT('',(2.31574850161E+03,-104.0964830351,
    108.78634004923));
#8122 = CARTESIAN_POINT('',(2.319154395403E+03,-103.5319302829,
    108.80340793045));
#8123 = CARTESIAN_POINT('',(2.320947233284E+03,-103.2354011362,
    108.8123850168));
#8124 = CARTESIAN_POINT('',(2.322740176633E+03,-102.9395105454,
    108.82135531759));
#8125 = CARTESIAN_POINT('',(2.324533226476E+03,-102.6442669427,
    108.83031884855));
#8126 = ( BOUNDED_SURFACE() B_SPLINE_SURFACE(1,3,(
    (#8127,#8128,#8129,#8130,#8131,#8132,#8133,#8134,#8135,#8136)
    ,(#8137,#8138,#8139,#8140,#8141,#8142,#8143,#8144,#8145,#8146
)),.UNSPECIFIED.,.F.,.F.,.F.) B_SPLINE_SURFACE_WITH_KNOTS((2,2),(4,1,1,1
    ,1,1,1,4),(19.,20.),(0.,5.937462759188E-02,0.169261244735,
    0.329619903174,0.533683498435,0.722609230536,0.888013402964,1.),
.UNSPECIFIED.) GEOMETRIC_REPRESENTATION_ITEM() RATIONAL_B_SPLINE_SURFACE
((
    (1.,1.,1.,1.,1.,1.,1.,1.,1.,1.)
,(1.,1.,1.,1.,1.,1.,1.,1.,1.,1.))) REPRESENTATION_ITEM('') SURFACE() );
#8127 = CARTESIAN_POINT('',(0.,-4.760120041747,3.652568574052));
#8128 = CARTESIAN_POINT('',(36.384885512757,-37.32005736546,
    32.840127256566));
#8129 = CARTESIAN_POINT('',(164.1400044123,-121.4760011683,
    105.71448588516));
#8130 = CARTESIAN_POINT('',(476.00449735354,-204.2374044877,
    171.2245358197));
#8131 = CARTESIAN_POINT('',(943.3280351607,-205.7432288359,
    165.30999098011));
#8132 = CARTESIAN_POINT('',(1.486434771408E+03,-212.7335789503,
    172.31692937425));
#8133 = CARTESIAN_POINT('',(2.027682666396E+03,-142.9205709612,
    131.89882340934));
#8134 = CARTESIAN_POINT('',(2.477449574318E+03,-79.32847449027,
    96.293028138107));
#8135 = CARTESIAN_POINT('',(2.747888780157E+03,-67.58583655343,
    81.747314999859));
#8136 = CARTESIAN_POINT('',(2.85E+03,-27.76736691019,41.306650015305));
#8137 = CARTESIAN_POINT('',(0.,-5.196152422707,3.));
#8138 = CARTESIAN_POINT('',(36.384885512757,-40.73861684041,
    26.999769654897));
#8139 = CARTESIAN_POINT('',(164.1400044123,-132.6033403014,
    86.923925480871));
#8140 = CARTESIAN_POINT('',(476.00449735354,-222.945781793,
    139.66804870219));
#8141 = CARTESIAN_POINT('',(943.3280351607,-224.5895413551,
    132.32236088229));
#8142 = CARTESIAN_POINT('',(1.486434771408E+03,-232.2202154482,
    139.44235298751));
#8143 = CARTESIAN_POINT('',(2.027682666396E+03,-156.0122569476,
    109.01635386606));
#8144 = CARTESIAN_POINT('',(2.477449574318E+03,-86.59505249807,
    82.521011897265));
#8145 = CARTESIAN_POINT('',(2.747888780157E+03,-73.77677564175,
    71.72160103326));
#8146 = CARTESIAN_POINT('',(2.85E+03,-30.31088913245,37.5));
#8147 = ADVANCED_FACE('',(#8148),#8204,.T.);
#8148 = FACE_BOUND('',#8149,.T.);
#8149 = EDGE_LOOP('',(#8150,#8151,#8152,#8153,#8163,#8173,#8183,#8196));
#8150 = ORIENTED_EDGE('',*,*,#8031,.F.);
#8151 = ORIENTED_EDGE('',*,*,#1984,.T.);
#8152 = ORIENTED_EDGE('',*,*,#4825,.T.);
#8153 = ORIENTED_EDGE('',*,*,#8154,.T.);
#8154 = EDGE_CURVE('',#4826,#8155,#8157,.T.);
#8155 = VERTEX_POINT('',#8156);
#8156 = CARTESIAN_POINT('',(2.1954212664E+03,-138.3698628762,
    79.064842429599));
#8157 = B_SPLINE_CURVE_WITH_KNOTS('',4,(#8158,#8159,#8160,#8161,#8162),
  .UNSPECIFIED.,.F.,.F.,(5,5),(0.,1.),.PIECEWISE_BEZIER_KNOTS.);
#8158 = CARTESIAN_POINT('',(2.19743898435E+03,-138.4438725462,
    78.057706325746));
#8159 = CARTESIAN_POINT('',(2.196934555597E+03,-138.4253564248,
    78.309489685566));
#8160 = CARTESIAN_POINT('',(2.19643012635E+03,-138.4068496107,
    78.561273494722));
#8161 = CARTESIAN_POINT('',(2.195925696615E+03,-138.3883518465,
    78.813057745366));
#8162 = CARTESIAN_POINT('',(2.1954212664E+03,-138.3698628762,
    79.064842429599));
#8163 = ORIENTED_EDGE('',*,*,#8164,.T.);
#8164 = EDGE_CURVE('',#8155,#8165,#8167,.T.);
#8165 = VERTEX_POINT('',#8166);
#8166 = CARTESIAN_POINT('',(2.1917451163E+03,-136.5369886468,85.));
#8167 = B_SPLINE_CURVE_WITH_KNOTS('',4,(#8168,#8169,#8170,#8171,#8172),
  .UNSPECIFIED.,.F.,.F.,(5,5),(0.,1.),.PIECEWISE_BEZIER_KNOTS.);
#8168 = CARTESIAN_POINT('',(2.1954212664E+03,-138.3698628762,
    79.064842429599));
#8169 = CARTESIAN_POINT('',(2.194502156806E+03,-137.911804463,
    80.548607696302));
#8170 = CARTESIAN_POINT('',(2.193583095037E+03,-137.4536404548,
    82.03238939954));
#8171 = CARTESIAN_POINT('',(2.192664081426E+03,-136.9953690858,
    83.516187006704));
#8172 = CARTESIAN_POINT('',(2.1917451163E+03,-136.5369886468,85.));
#8173 = ORIENTED_EDGE('',*,*,#8174,.T.);
#8174 = EDGE_CURVE('',#8165,#8175,#8177,.T.);
#8175 = VERTEX_POINT('',#8176);
#8176 = CARTESIAN_POINT('',(2.195280562674E+03,-133.4763996964,
    90.941764525819));
#8177 = B_SPLINE_CURVE_WITH_KNOTS('',4,(#8178,#8179,#8180,#8181,#8182),
  .UNSPECIFIED.,.F.,.F.,(5,5),(0.,1.),.PIECEWISE_BEZIER_KNOTS.);
#8178 = CARTESIAN_POINT('',(2.1917451163E+03,-136.5369886468,85.));
#8179 = CARTESIAN_POINT('',(2.192628704553E+03,-135.7715295383,
    86.485426934246));
#8180 = CARTESIAN_POINT('',(2.193512475143E+03,-135.0062777264,
    87.970863302012));
#8181 = CARTESIAN_POINT('',(2.194396427909E+03,-134.2412341486,
    89.456309153737));
#8182 = CARTESIAN_POINT('',(2.195280562674E+03,-133.4763996964,
    90.941764525819));
#8183 = ORIENTED_EDGE('',*,*,#8184,.T.);
#8184 = EDGE_CURVE('',#8175,#8185,#8187,.T.);
#8185 = VERTEX_POINT('',#8186);
#8186 = CARTESIAN_POINT('',(2.205943915779E+03,-129.4448981312,
    96.331883345526));
#8187 = B_SPLINE_CURVE_WITH_KNOTS('',4,(#8188,#8189,#8190,#8191,#8192,
    #8193,#8194,#8195),.UNSPECIFIED.,.F.,.F.,(5,3,5),(0.,0.498644405618,
    1.),.UNSPECIFIED.);
#8188 = CARTESIAN_POINT('',(2.195280562674E+03,-133.4763996964,
    90.941764525819));
#8189 = CARTESIAN_POINT('',(2.19660956879E+03,-132.9730107012,
    91.613683183051));
#8190 = CARTESIAN_POINT('',(2.197938673263E+03,-132.4698890389,
    92.285607701476));
#8191 = CARTESIAN_POINT('',(2.199267876942E+03,-131.9670380786,
    92.957538549379));
#8192 = CARTESIAN_POINT('',(2.201933711933E+03,-130.9591515723,
    94.305067222376));
#8193 = CARTESIAN_POINT('',(2.203270344334E+03,-130.4541190139,
    94.980665121452));
#8194 = CARTESIAN_POINT('',(2.204607078684E+03,-129.9493667797,
    95.656270345117));
#8195 = CARTESIAN_POINT('',(2.205943915779E+03,-129.4448981312,
    96.331883345526));
#8196 = ORIENTED_EDGE('',*,*,#8197,.T.);
#8197 = EDGE_CURVE('',#8185,#8032,#8198,.T.);
#8198 = B_SPLINE_CURVE_WITH_KNOTS('',4,(#8199,#8200,#8201,#8202,#8203),
  .UNSPECIFIED.,.F.,.F.,(5,5),(0.,1.),.PIECEWISE_BEZIER_KNOTS.);
#8199 = CARTESIAN_POINT('',(2.205943915779E+03,-129.4448981312,
    96.331883345526));
#8200 = CARTESIAN_POINT('',(2.207630023409E+03,-128.9750198754,
    96.781635472494));
#8201 = CARTESIAN_POINT('',(2.20931623539E+03,-128.5055209664,
    97.23139106119));
#8202 = CARTESIAN_POINT('',(2.211002553425E+03,-128.0364086456,
    97.681150571883));
#8203 = CARTESIAN_POINT('',(2.212688979167E+03,-127.5676900266,
    98.130914456405));
#8204 = ( BOUNDED_SURFACE() B_SPLINE_SURFACE(1,3,(
    (#8205,#8206,#8207,#8208,#8209,#8210,#8211,#8212,#8213,#8214)
    ,(#8215,#8216,#8217,#8218,#8219,#8220,#8221,#8222,#8223,#8224
)),.UNSPECIFIED.,.F.,.F.,.F.) B_SPLINE_SURFACE_WITH_KNOTS((2,2),(4,1,1,1
    ,1,1,1,4),(20.,21.),(0.,5.937462759188E-02,0.169261244735,
    0.329619903174,0.533683498435,0.722609230536,0.888013402964,1.),
.UNSPECIFIED.) GEOMETRIC_REPRESENTATION_ITEM() RATIONAL_B_SPLINE_SURFACE
((
    (1.,1.,1.,1.,1.,1.,1.,1.,1.,1.)
,(1.,1.,1.,1.,1.,1.,1.,1.,1.,1.))) REPRESENTATION_ITEM('') SURFACE() );
#8205 = CARTESIAN_POINT('',(0.,-5.196152422707,3.));
#8206 = CARTESIAN_POINT('',(36.384885512757,-40.73861684041,
    26.999769654897));
#8207 = CARTESIAN_POINT('',(164.1400044123,-132.6033403014,
    86.923925480871));
#8208 = CARTESIAN_POINT('',(476.00449735354,-222.945781793,
    139.66804870219));
#8209 = CARTESIAN_POINT('',(943.3280351607,-224.5895413551,
    132.32236088229));
#8210 = CARTESIAN_POINT('',(1.486434771408E+03,-232.2202154482,
    139.44235298751));
#8211 = CARTESIAN_POINT('',(2.027682666396E+03,-156.0122569476,
    109.01635386606));
#8212 = CARTESIAN_POINT('',(2.477449574318E+03,-86.59505249807,
    82.521011897265));
#8213 = CARTESIAN_POINT('',(2.747888780157E+03,-73.77677564175,
    71.72160103326));
#8214 = CARTESIAN_POINT('',(2.85E+03,-30.31088913245,37.5));
#8215 = CARTESIAN_POINT('',(0.,-5.543277195068,2.296100594191));
#8216 = CARTESIAN_POINT('',(36.384885512757,-43.46012728633,
    20.700011424122));
#8217 = CARTESIAN_POINT('',(164.1400044123,-141.4617995174,
    66.655305707664));
#8218 = CARTESIAN_POINT('',(476.00449735354,-237.8394949596,
    105.62933857321));
#8219 = CARTESIAN_POINT('',(943.3280351607,-239.5930645537,
    96.739934531726));
#8220 = CARTESIAN_POINT('',(1.486434771408E+03,-247.7334996761,
    103.98187311614));
#8221 = CARTESIAN_POINT('',(2.027682666396E+03,-166.4345299629,
    84.333956712082));
#8222 = CARTESIAN_POINT('',(2.477449574318E+03,-92.37996514895,
    67.665693338894));
#8223 = CARTESIAN_POINT('',(2.747888780157E+03,-78.70537364405,
    60.907267667375));
#8224 = CARTESIAN_POINT('',(2.85E+03,-32.33578363789,33.393920132778));
#8225 = ADVANCED_FACE('',(#8226),#8315,.T.);
#8226 = FACE_BOUND('',#8227,.T.);
#8227 = EDGE_LOOP('',(#8228,#8229,#8230,#8231,#8241,#8251,#8261,#8271,
    #8281,#8291,#8304));
#8228 = ORIENTED_EDGE('',*,*,#4841,.F.);
#8229 = ORIENTED_EDGE('',*,*,#1970,.T.);
#8230 = ORIENTED_EDGE('',*,*,#5432,.T.);
#8231 = ORIENTED_EDGE('',*,*,#8232,.T.);
#8232 = EDGE_CURVE('',#5433,#8233,#8235,.T.);
#8233 = VERTEX_POINT('',#8234);
#8234 = CARTESIAN_POINT('',(935.70558294816,-257.0980367544,
    29.82007777497));
#8235 = B_SPLINE_CURVE_WITH_KNOTS('',4,(#8236,#8237,#8238,#8239,#8240),
  .UNSPECIFIED.,.F.,.F.,(5,5),(0.,1.),.PIECEWISE_BEZIER_KNOTS.);
#8236 = CARTESIAN_POINT('',(937.96374220899,-258.1407874451,
    23.884125664782));
#8237 = CARTESIAN_POINT('',(937.39919620424,-257.8800938766,
    25.368108636317));
#8238 = CARTESIAN_POINT('',(936.83465432836,-257.6194041657,
    26.852094969581));
#8239 = CARTESIAN_POINT('',(936.27011657752,-257.3587184221,
    28.336084678211));
#8240 = CARTESIAN_POINT('',(935.70558294816,-257.0980367544,
    29.82007777497));
#8241 = ORIENTED_EDGE('',*,*,#8242,.T.);
#8242 = EDGE_CURVE('',#8233,#8243,#8245,.T.);
#8243 = VERTEX_POINT('',#8244);
#8244 = CARTESIAN_POINT('',(938.18735925644,-255.9827773324,
    36.417781212583));
#8245 = B_SPLINE_CURVE_WITH_KNOTS('',4,(#8246,#8247,#8248,#8249,#8250),
  .UNSPECIFIED.,.F.,.F.,(5,5),(0.,1.),.PIECEWISE_BEZIER_KNOTS.);
#8246 = CARTESIAN_POINT('',(935.70558294816,-257.0980367544,
    29.82007777497));
#8247 = CARTESIAN_POINT('',(936.32602037636,-256.8192081895,
    31.46950153367));
#8248 = CARTESIAN_POINT('',(936.94646226219,-256.5403891357,
    33.118926748834));
#8249 = CARTESIAN_POINT('',(937.56690856801,-256.2615790352,
    34.768353336385));
#8250 = CARTESIAN_POINT('',(938.18735925644,-255.9827773324,
    36.417781212583));
#8251 = ORIENTED_EDGE('',*,*,#8252,.T.);
#8252 = EDGE_CURVE('',#8243,#8253,#8255,.T.);
#8253 = VERTEX_POINT('',#8254);
#8254 = CARTESIAN_POINT('',(945.61937114746,-254.9859240051,
    42.583088471345));
#8255 = B_SPLINE_CURVE_WITH_KNOTS('',4,(#8256,#8257,#8258,#8259,#8260),
  .UNSPECIFIED.,.F.,.F.,(5,5),(0.,1.),.PIECEWISE_BEZIER_KNOTS.);
#8256 = CARTESIAN_POINT('',(938.18735925644,-255.9827773324,
    36.417781212583));
#8257 = CARTESIAN_POINT('',(940.04535328454,-255.7334774867,
    37.959102265792));
#8258 = CARTESIAN_POINT('',(941.90335388316,-255.4842428206,
    39.50042764127));
#8259 = CARTESIAN_POINT('',(943.76136013949,-255.2350620639,
    41.041756615867));
#8260 = CARTESIAN_POINT('',(945.61937114746,-254.9859240051,
    42.583088471345));
#8261 = ORIENTED_EDGE('',*,*,#8262,.T.);
#8262 = EDGE_CURVE('',#8253,#8263,#8265,.T.);
#8263 = VERTEX_POINT('',#8264);
#8264 = CARTESIAN_POINT('',(957.87499178015,-254.1232538074,
    48.222658936094));
#8265 = B_SPLINE_CURVE_WITH_KNOTS('',4,(#8266,#8267,#8268,#8269,#8270),
  .UNSPECIFIED.,.F.,.F.,(5,5),(0.,1.),.PIECEWISE_BEZIER_KNOTS.);
#8266 = CARTESIAN_POINT('',(945.61937114746,-254.9859240051,
    42.583088471345));
#8267 = CARTESIAN_POINT('',(948.68326824886,-254.7701332977,
    43.992976676117));
#8268 = CARTESIAN_POINT('',(951.7471725298,-254.5544560796,
    45.402868699769));
#8269 = CARTESIAN_POINT('',(954.81108127249,-254.3388452157,
    46.812763222666));
#8270 = CARTESIAN_POINT('',(957.87499178015,-254.1232538074,
    48.222658936094));
#8271 = ORIENTED_EDGE('',*,*,#8272,.T.);
#8272 = EDGE_CURVE('',#8263,#8273,#8275,.T.);
#8273 = VERTEX_POINT('',#8274);
#8274 = CARTESIAN_POINT('',(974.74488053863,-253.413300877,
    53.21561029937));
#8275 = B_SPLINE_CURVE_WITH_KNOTS('',4,(#8276,#8277,#8278,#8279,#8280),
  .UNSPECIFIED.,.F.,.F.,(5,5),(0.,1.),.PIECEWISE_BEZIER_KNOTS.);
#8276 = CARTESIAN_POINT('',(957.87499178015,-254.1232538074,
    48.222658936094));
#8277 = CARTESIAN_POINT('',(962.09246551257,-253.9458270854,
    49.470896626709));
#8278 = CARTESIAN_POINT('',(966.30994120909,-253.7684384395,
    50.719135560678));
#8279 = CARTESIAN_POINT('',(970.52741438062,-253.590969114,
    51.96737402163));
#8280 = CARTESIAN_POINT('',(974.74488053863,-253.413300877,
    53.21561029937));
#8281 = ORIENTED_EDGE('',*,*,#8282,.T.);
#8282 = EDGE_CURVE('',#8273,#8283,#8285,.T.);
#8283 = VERTEX_POINT('',#8284);
#8284 = CARTESIAN_POINT('',(995.94047558711,-252.8719327865,
    57.432915392044));
#8285 = B_SPLINE_CURVE_WITH_KNOTS('',4,(#8286,#8287,#8288,#8289,#8290),
  .UNSPECIFIED.,.F.,.F.,(5,5),(0.,1.),.PIECEWISE_BEZIER_KNOTS.);
#8286 = CARTESIAN_POINT('',(974.74488053863,-253.413300877,
    53.21561029937));
#8287 = CARTESIAN_POINT('',(980.0437950637,-253.2786520055,
    54.269942036215));
#8288 = CARTESIAN_POINT('',(985.34270275521,-253.14369456,
    55.324271508939));
#8289 = CARTESIAN_POINT('',(990.64159814643,-253.0081980518,
    56.378596656235));
#8290 = CARTESIAN_POINT('',(995.94047558711,-252.8719327865,
    57.432915392044));
#8291 = ORIENTED_EDGE('',*,*,#8292,.T.);
#8292 = EDGE_CURVE('',#8283,#8293,#8295,.T.);
#8293 = VERTEX_POINT('',#8294);
#8294 = CARTESIAN_POINT('',(1.0210988787E+03,-252.5065554637,
    60.758746810096));
#8295 = B_SPLINE_CURVE_WITH_KNOTS('',4,(#8296,#8297,#8298,#8299,#8300,
    #8301,#8302,#8303),.UNSPECIFIED.,.F.,.F.,(5,3,5),(0.,0.495997289134,
    1.),.UNSPECIFIED.);
#8296 = CARTESIAN_POINT('',(995.94047558711,-252.8719327865,
    57.432915392044));
#8297 = CARTESIAN_POINT('',(999.0601136306,-252.8276126515,
    57.845322587379));
#8298 = CARTESIAN_POINT('',(1.002179748243E+03,-252.7830286067,
    58.25772810066));
#8299 = CARTESIAN_POINT('',(1.005299378773E+03,-252.7381343051,
    58.670131622556));
#8300 = CARTESIAN_POINT('',(1.011588981206E+03,-252.6469022468,
    59.501590233023));
#8301 = CARTESIAN_POINT('',(1.014758952953E+03,-252.6005528875,
    59.9206452465));
#8302 = CARTESIAN_POINT('',(1.017928919044E+03,-252.5537868004,
    60.339697550683));
#8303 = CARTESIAN_POINT('',(1.0210988787E+03,-252.5065554637,
    60.758746810096));
#8304 = ORIENTED_EDGE('',*,*,#8305,.T.);
#8305 = EDGE_CURVE('',#8293,#4842,#8306,.T.);
#8306 = B_SPLINE_CURVE_WITH_KNOTS('',4,(#8307,#8308,#8309,#8310,#8311,
    #8312,#8313,#8314),.UNSPECIFIED.,.F.,.F.,(5,3,5),(0.,0.501078537732,
    1.),.UNSPECIFIED.);
#8307 = CARTESIAN_POINT('',(1.0210988787E+03,-252.5065554637,
    60.758746810096));
#8308 = CARTESIAN_POINT('',(1.023426860499E+03,-252.492038379,
    60.949507879292));
#8309 = CARTESIAN_POINT('',(1.025754840883E+03,-252.4772720261,
    61.140267532806));
#8310 = CARTESIAN_POINT('',(1.028082819702E+03,-252.4622373351,
    61.331025658927));
#8311 = CARTESIAN_POINT('',(1.032728752244E+03,-252.431659106,
    61.711717449126));
#8312 = CARTESIAN_POINT('',(1.035046705982E+03,-252.4161180371,
    61.901651127287));
#8313 = CARTESIAN_POINT('',(1.037364657833E+03,-252.4002732141,
    62.091583067257));
#8314 = CARTESIAN_POINT('',(1.039682607608E+03,-252.384105821,
    62.281513155675));
#8315 = ( BOUNDED_SURFACE() B_SPLINE_SURFACE(1,3,(
    (#8316,#8317,#8318,#8319,#8320,#8321,#8322,#8323,#8324,#8325)
    ,(#8326,#8327,#8328,#8329,#8330,#8331,#8332,#8333,#8334,#8335
)),.UNSPECIFIED.,.F.,.F.,.F.) B_SPLINE_SURFACE_WITH_KNOTS((2,2),(4,1,1,1
    ,1,1,1,4),(22.,23.),(0.,5.937462759188E-02,0.169261244735,
    0.329619903174,0.533683498435,0.722609230536,0.888013402964,1.),
.UNSPECIFIED.) GEOMETRIC_REPRESENTATION_ITEM() RATIONAL_B_SPLINE_SURFACE
((
    (1.,1.,1.,1.,1.,1.,1.,1.,1.,1.)
,(1.,1.,1.,1.,1.,1.,1.,1.,1.,1.))) REPRESENTATION_ITEM('') SURFACE() );
#8316 = CARTESIAN_POINT('',(0.,-5.795554957734,1.552914270615));
#8317 = CARTESIAN_POINT('',(36.384885512757,-45.43802290497,
    14.048643174198));
#8318 = CARTESIAN_POINT('',(164.1400044123,-147.899808123,
    45.255428269387));
#8319 = CARTESIAN_POINT('',(476.00449735354,-248.6637084259,
    69.690817200386));
#8320 = CARTESIAN_POINT('',(943.3280351607,-250.49708399,59.171537108568
    ));
#8321 = CARTESIAN_POINT('',(1.486434771408E+03,-259.0079950399,
    66.542228402269));
#8322 = CARTESIAN_POINT('',(2.027682666396E+03,-174.0090620262,
    58.273954605954));
#8323 = CARTESIAN_POINT('',(2.477449574318E+03,-96.58423098356,
    51.981251082205));
#8324 = CARTESIAN_POINT('',(2.747888780157E+03,-82.28730088203,
    49.489351144388));
#8325 = CARTESIAN_POINT('',(2.85E+03,-33.80740392011,29.058666578588));
#8326 = CARTESIAN_POINT('',(0.,-5.948669168243,0.78315715332));
#8327 = CARTESIAN_POINT('',(36.384885512757,-46.6384613539,
    7.159471659984));
#8328 = CARTESIAN_POINT('',(164.1400044123,-151.807210006,
    23.090451002177));
#8329 = CARTESIAN_POINT('',(476.00449735354,-255.2332168984,
    32.467402648436));
#8330 = CARTESIAN_POINT('',(943.3280351607,-257.1150288684,
    20.259974308663));
#8331 = CARTESIAN_POINT('',(1.486434771408E+03,-265.850791798,
    27.764021547156));
#8332 = CARTESIAN_POINT('',(2.027682666396E+03,-178.6062507937,
    31.282241408916));
#8333 = CARTESIAN_POINT('',(2.477449574318E+03,-99.13591384784,
    35.736050282756));
#8334 = CARTESIAN_POINT('',(2.747888780157E+03,-84.46126958758,
    37.663215181655));
#8335 = CARTESIAN_POINT('',(2.85E+03,-34.70057014808,24.568416727702));
#8336 = ADVANCED_FACE('',(#8337),#8349,.T.);
#8337 = FACE_BOUND('',#8338,.T.);
#8338 = EDGE_LOOP('',(#8339,#8340,#8341,#8348));
#8339 = ORIENTED_EDGE('',*,*,#7357,.F.);
#8340 = ORIENTED_EDGE('',*,*,#2483,.F.);
#8341 = ORIENTED_EDGE('',*,*,#8342,.T.);
#8342 = EDGE_CURVE('',#2465,#7152,#8343,.T.);
#8343 = ( BOUNDED_CURVE() B_SPLINE_CURVE(3,(#8344,#8345,#8346,#8347),
.UNSPECIFIED.,.F.,.F.) B_SPLINE_CURVE_WITH_KNOTS((4,4),(0.,1.),
.PIECEWISE_BEZIER_KNOTS.) CURVE() GEOMETRIC_REPRESENTATION_ITEM() 
RATIONAL_B_SPLINE_CURVE((1.,1.,1.,1.)) REPRESENTATION_ITEM('') );
#8344 = CARTESIAN_POINT('',(1.125E+03,-2.1E+03,113.75435047498));
#8345 = CARTESIAN_POINT('',(1.066179761255E+03,-704.4156187208,
    47.052769196988));
#8346 = CARTESIAN_POINT('',(1.066179761255E+03,704.41561872084,
    47.052769196988));
#8347 = CARTESIAN_POINT('',(1.125E+03,2.1E+03,113.75435047498));
#8348 = ORIENTED_EDGE('',*,*,#7151,.F.);
#8349 = ( BOUNDED_SURFACE() B_SPLINE_SURFACE(1,3,(
    (#8350,#8351,#8352,#8353)
    ,(#8354,#8355,#8356,#8357
)),.UNSPECIFIED.,.F.,.F.,.F.) B_SPLINE_SURFACE_WITH_KNOTS((2,2),(4,4),(
    7.,8.),(0.,1.),.PIECEWISE_BEZIER_KNOTS.) 
GEOMETRIC_REPRESENTATION_ITEM() RATIONAL_B_SPLINE_SURFACE((
    (1.,1.,1.,1.)
,(1.,1.,1.,1.))) REPRESENTATION_ITEM('') SURFACE() );
#8350 = CARTESIAN_POINT('',(1.106510557069E+03,-2.1E+03,112.97442345004)
  );
#8351 = CARTESIAN_POINT('',(1.029777673306E+03,-704.4156187208,
    45.517245803396));
#8352 = CARTESIAN_POINT('',(1.029777673306E+03,704.41561872084,
    45.517245803396));
#8353 = CARTESIAN_POINT('',(1.106510557069E+03,2.1E+03,112.97442345004)
  );
#8354 = CARTESIAN_POINT('',(1.125E+03,-2.1E+03,113.75435047498));
#8355 = CARTESIAN_POINT('',(1.066179761255E+03,-704.4156187208,
    47.052769196988));
#8356 = CARTESIAN_POINT('',(1.066179761255E+03,704.41561872084,
    47.052769196988));
#8357 = CARTESIAN_POINT('',(1.125E+03,2.1E+03,113.75435047498));
#8358 = ADVANCED_FACE('',(#8359),#8371,.T.);
#8359 = FACE_BOUND('',#8360,.T.);
#8360 = EDGE_LOOP('',(#8361,#8362,#8363,#8370));
#8361 = ORIENTED_EDGE('',*,*,#8342,.F.);
#8362 = ORIENTED_EDGE('',*,*,#2464,.F.);
#8363 = ORIENTED_EDGE('',*,*,#8364,.T.);
#8364 = EDGE_CURVE('',#2446,#7159,#8365,.T.);
#8365 = ( BOUNDED_CURVE() B_SPLINE_CURVE(3,(#8366,#8367,#8368,#8369),
.UNSPECIFIED.,.F.,.F.) B_SPLINE_CURVE_WITH_KNOTS((4,4),(0.,1.),
.PIECEWISE_BEZIER_KNOTS.) CURVE() GEOMETRIC_REPRESENTATION_ITEM() 
RATIONAL_B_SPLINE_CURVE((1.,1.,1.,1.)) REPRESENTATION_ITEM('') );
#8366 = CARTESIAN_POINT('',(1.144943816498E+03,-2.1E+03,113.95186785861)
  );
#8367 = CARTESIAN_POINT('',(1.1054452256E+03,-704.4156187208,
    47.441642198573));
#8368 = CARTESIAN_POINT('',(1.1054452256E+03,704.41561872084,
    47.441642198573));
#8369 = CARTESIAN_POINT('',(1.144943816498E+03,2.1E+03,113.95186785861)
  );
#8370 = ORIENTED_EDGE('',*,*,#7158,.F.);
#8371 = ( BOUNDED_SURFACE() B_SPLINE_SURFACE(1,3,(
    (#8372,#8373,#8374,#8375)
    ,(#8376,#8377,#8378,#8379
)),.UNSPECIFIED.,.F.,.F.,.F.) B_SPLINE_SURFACE_WITH_KNOTS((2,2),(4,4),(
    8.,9.),(0.,1.),.PIECEWISE_BEZIER_KNOTS.) 
GEOMETRIC_REPRESENTATION_ITEM() RATIONAL_B_SPLINE_SURFACE((
    (1.,1.,1.,1.)
,(1.,1.,1.,1.))) REPRESENTATION_ITEM('') SURFACE() );
#8372 = CARTESIAN_POINT('',(1.125E+03,-2.1E+03,113.75435047498));
#8373 = CARTESIAN_POINT('',(1.066179761255E+03,-704.4156187208,
    47.052769196988));
#8374 = CARTESIAN_POINT('',(1.066179761255E+03,704.41561872084,
    47.052769196988));
#8375 = CARTESIAN_POINT('',(1.125E+03,2.1E+03,113.75435047498));
#8376 = CARTESIAN_POINT('',(1.144943816498E+03,-2.1E+03,113.95186785861)
  );
#8377 = CARTESIAN_POINT('',(1.1054452256E+03,-704.4156187208,
    47.441642198573));
#8378 = CARTESIAN_POINT('',(1.1054452256E+03,704.41561872084,
    47.441642198573));
#8379 = CARTESIAN_POINT('',(1.144943816498E+03,2.1E+03,113.95186785861)
  );
#8380 = ADVANCED_FACE('',(#8381),#8393,.T.);
#8381 = FACE_BOUND('',#8382,.T.);
#8382 = EDGE_LOOP('',(#8383,#8384,#8385,#8392));
#8383 = ORIENTED_EDGE('',*,*,#8364,.F.);
#8384 = ORIENTED_EDGE('',*,*,#2445,.F.);
#8385 = ORIENTED_EDGE('',*,*,#8386,.T.);
#8386 = EDGE_CURVE('',#2433,#7166,#8387,.T.);
#8387 = ( BOUNDED_CURVE() B_SPLINE_CURVE(3,(#8388,#8389,#8390,#8391),
.UNSPECIFIED.,.F.,.F.) B_SPLINE_CURVE_WITH_KNOTS((4,4),(0.,1.),
.PIECEWISE_BEZIER_KNOTS.) CURVE() GEOMETRIC_REPRESENTATION_ITEM() 
RATIONAL_B_SPLINE_CURVE((1.,1.,1.,1.)) REPRESENTATION_ITEM('') );
#8388 = CARTESIAN_POINT('',(1.166000762333E+03,-2.1E+03,113.60384357631)
  );
#8389 = CARTESIAN_POINT('',(1.146902223361E+03,-704.4156187208,
    46.756450623063));
#8390 = CARTESIAN_POINT('',(1.146902223361E+03,704.41561872084,
    46.756450623064));
#8391 = CARTESIAN_POINT('',(1.166000762333E+03,2.1E+03,113.60384357631)
  );
#8392 = ORIENTED_EDGE('',*,*,#7165,.F.);
#8393 = ( BOUNDED_SURFACE() B_SPLINE_SURFACE(1,3,(
    (#8394,#8395,#8396,#8397)
    ,(#8398,#8399,#8400,#8401
)),.UNSPECIFIED.,.F.,.F.,.F.) B_SPLINE_SURFACE_WITH_KNOTS((2,2),(4,4),(
    9.,10.),(0.,1.),.PIECEWISE_BEZIER_KNOTS.) 
GEOMETRIC_REPRESENTATION_ITEM() RATIONAL_B_SPLINE_SURFACE((
    (1.,1.,1.,1.)
,(1.,1.,1.,1.))) REPRESENTATION_ITEM('') SURFACE() );
#8394 = CARTESIAN_POINT('',(1.144943816498E+03,-2.1E+03,113.95186785861)
  );
#8395 = CARTESIAN_POINT('',(1.1054452256E+03,-704.4156187208,
    47.441642198573));
#8396 = CARTESIAN_POINT('',(1.1054452256E+03,704.41561872084,
    47.441642198573));
#8397 = CARTESIAN_POINT('',(1.144943816498E+03,2.1E+03,113.95186785861)
  );
#8398 = CARTESIAN_POINT('',(1.166000762333E+03,-2.1E+03,113.60384357631)
  );
#8399 = CARTESIAN_POINT('',(1.146902223361E+03,-704.4156187208,
    46.756450623063));
#8400 = CARTESIAN_POINT('',(1.146902223361E+03,704.41561872084,
    46.756450623064));
#8401 = CARTESIAN_POINT('',(1.166000762333E+03,2.1E+03,113.60384357631)
  );
#8402 = ADVANCED_FACE('',(#8403),#8409,.T.);
#8403 = FACE_BOUND('',#8404,.T.);
#8404 = EDGE_LOOP('',(#8405,#8406,#8407,#8408));
#8405 = ORIENTED_EDGE('',*,*,#8386,.F.);
#8406 = ORIENTED_EDGE('',*,*,#2432,.F.);
#8407 = ORIENTED_EDGE('',*,*,#6681,.T.);
#8408 = ORIENTED_EDGE('',*,*,#7172,.F.);
#8409 = ( BOUNDED_SURFACE() B_SPLINE_SURFACE(1,3,(
    (#8410,#8411,#8412,#8413)
    ,(#8414,#8415,#8416,#8417
)),.UNSPECIFIED.,.F.,.F.,.F.) B_SPLINE_SURFACE_WITH_KNOTS((2,2),(4,4),(
    10.,11.),(0.,1.),.PIECEWISE_BEZIER_KNOTS.) 
GEOMETRIC_REPRESENTATION_ITEM() RATIONAL_B_SPLINE_SURFACE((
    (1.,1.,1.,1.)
,(1.,1.,1.,1.))) REPRESENTATION_ITEM('') SURFACE() );
#8410 = CARTESIAN_POINT('',(1.166000762333E+03,-2.1E+03,113.60384357631)
  );
#8411 = CARTESIAN_POINT('',(1.146902223361E+03,-704.4156187208,
    46.756450623063));
#8412 = CARTESIAN_POINT('',(1.146902223361E+03,704.41561872084,
    46.756450623064));
#8413 = CARTESIAN_POINT('',(1.166000762333E+03,2.1E+03,113.60384357631)
  );
#8414 = CARTESIAN_POINT('',(1.187810547323E+03,-2.1E+03,112.77064949902)
  );
#8415 = CARTESIAN_POINT('',(1.189841413812E+03,-704.4156187208,
    45.116054847347));
#8416 = CARTESIAN_POINT('',(1.189841413812E+03,704.41561872084,
    45.116054847347));
#8417 = CARTESIAN_POINT('',(1.187810547323E+03,2.1E+03,112.77064949902)
  );
#8418 = ADVANCED_FACE('',(#8419),#8446,.T.);
#8419 = FACE_BOUND('',#8420,.T.);
#8420 = EDGE_LOOP('',(#8421,#8430,#8431,#8432,#8441));
#8421 = ORIENTED_EDGE('',*,*,#8422,.F.);
#8422 = EDGE_CURVE('',#2536,#8423,#8425,.T.);
#8423 = VERTEX_POINT('',#8424);
#8424 = CARTESIAN_POINT('',(2.441303021499E+03,675.,75.213853853486));
#8425 = B_SPLINE_CURVE_WITH_KNOTS('',3,(#8426,#8427,#8428,#8429),
  .UNSPECIFIED.,.F.,.F.,(4,4),(0.,1.),.PIECEWISE_BEZIER_KNOTS.);
#8426 = CARTESIAN_POINT('',(2.441303021499E+03,-675.,75.213853853486));
#8427 = CARTESIAN_POINT('',(2.539210055797E+03,-231.9743429034,
    67.194990966991));
#8428 = CARTESIAN_POINT('',(2.539210055797E+03,231.97434290345,
    67.194990966991));
#8429 = CARTESIAN_POINT('',(2.441303021499E+03,675.,75.213853853486));
#8430 = ORIENTED_EDGE('',*,*,#2535,.F.);
#8431 = ORIENTED_EDGE('',*,*,#2388,.F.);
#8432 = ORIENTED_EDGE('',*,*,#8433,.T.);
#8433 = EDGE_CURVE('',#2358,#8434,#8436,.T.);
#8434 = VERTEX_POINT('',#8435);
#8435 = CARTESIAN_POINT('',(2.41604722665E+03,675.,73.361973276477));
#8436 = B_SPLINE_CURVE_WITH_KNOTS('',3,(#8437,#8438,#8439,#8440),
  .UNSPECIFIED.,.F.,.F.,(4,4),(0.,1.),.PIECEWISE_BEZIER_KNOTS.);
#8437 = CARTESIAN_POINT('',(2.41604722665E+03,-675.,73.361973276477));
#8438 = CARTESIAN_POINT('',(2.493259418162E+03,-231.9743429034,
    63.825661518192));
#8439 = CARTESIAN_POINT('',(2.493259418162E+03,231.97434290345,
    63.825661518192));
#8440 = CARTESIAN_POINT('',(2.41604722665E+03,675.,73.361973276477));
#8441 = ORIENTED_EDGE('',*,*,#8442,.F.);
#8442 = EDGE_CURVE('',#8423,#8434,#8443,.T.);
#8443 = B_SPLINE_CURVE_WITH_KNOTS('',1,(#8444,#8445),.UNSPECIFIED.,.F.,
  .F.,(2,2),(25.,26.),.PIECEWISE_BEZIER_KNOTS.);
#8444 = CARTESIAN_POINT('',(2.441303021499E+03,675.,75.213853853486));
#8445 = CARTESIAN_POINT('',(2.41604722665E+03,675.,73.361973276477));
#8446 = B_SPLINE_SURFACE_WITH_KNOTS('',1,3,(
    (#8447,#8448,#8449,#8450)
    ,(#8451,#8452,#8453,#8454
    )),.UNSPECIFIED.,.F.,.F.,.F.,(2,2),(4,4),(25.,26.),(0.,1.),
  .PIECEWISE_BEZIER_KNOTS.);
#8447 = CARTESIAN_POINT('',(2.441303021499E+03,-675.,75.213853853486));
#8448 = CARTESIAN_POINT('',(2.539210055797E+03,-231.9743429034,
    67.194990966991));
#8449 = CARTESIAN_POINT('',(2.539210055797E+03,231.97434290345,
    67.194990966991));
#8450 = CARTESIAN_POINT('',(2.441303021499E+03,675.,75.213853853486));
#8451 = CARTESIAN_POINT('',(2.41604722665E+03,-675.,73.361973276477));
#8452 = CARTESIAN_POINT('',(2.493259418162E+03,-231.9743429034,
    63.825661518192));
#8453 = CARTESIAN_POINT('',(2.493259418162E+03,231.97434290345,
    63.825661518192));
#8454 = CARTESIAN_POINT('',(2.41604722665E+03,675.,73.361973276477));
#8455 = ADVANCED_FACE('',(#8456),#8474,.T.);
#8456 = FACE_BOUND('',#8457,.T.);
#8457 = EDGE_LOOP('',(#8458,#8459,#8460,#8469));
#8458 = ORIENTED_EDGE('',*,*,#8433,.F.);
#8459 = ORIENTED_EDGE('',*,*,#2357,.F.);
#8460 = ORIENTED_EDGE('',*,*,#8461,.T.);
#8461 = EDGE_CURVE('',#2327,#8462,#8464,.T.);
#8462 = VERTEX_POINT('',#8463);
#8463 = CARTESIAN_POINT('',(2.39E+03,675.,71.784624499857));
#8464 = B_SPLINE_CURVE_WITH_KNOTS('',3,(#8465,#8466,#8467,#8468),
  .UNSPECIFIED.,.F.,.F.,(4,4),(0.,1.),.PIECEWISE_BEZIER_KNOTS.);
#8465 = CARTESIAN_POINT('',(2.39E+03,-675.,71.784624499857));
#8466 = CARTESIAN_POINT('',(2.445868841847E+03,-231.9743429034,
    60.955817884604));
#8467 = CARTESIAN_POINT('',(2.445868841847E+03,231.97434290345,
    60.955817884604));
#8468 = CARTESIAN_POINT('',(2.39E+03,675.,71.784624499857));
#8469 = ORIENTED_EDGE('',*,*,#8470,.F.);
#8470 = EDGE_CURVE('',#8434,#8462,#8471,.T.);
#8471 = B_SPLINE_CURVE_WITH_KNOTS('',1,(#8472,#8473),.UNSPECIFIED.,.F.,
  .F.,(2,2),(26.,27.),.PIECEWISE_BEZIER_KNOTS.);
#8472 = CARTESIAN_POINT('',(2.41604722665E+03,675.,73.361973276477));
#8473 = CARTESIAN_POINT('',(2.39E+03,675.,71.784624499857));
#8474 = B_SPLINE_SURFACE_WITH_KNOTS('',1,3,(
    (#8475,#8476,#8477,#8478)
    ,(#8479,#8480,#8481,#8482
    )),.UNSPECIFIED.,.F.,.F.,.F.,(2,2),(4,4),(26.,27.),(0.,1.),
  .PIECEWISE_BEZIER_KNOTS.);
#8475 = CARTESIAN_POINT('',(2.41604722665E+03,-675.,73.361973276477));
#8476 = CARTESIAN_POINT('',(2.493259418162E+03,-231.9743429034,
    63.825661518192));
#8477 = CARTESIAN_POINT('',(2.493259418162E+03,231.97434290345,
    63.825661518192));
#8478 = CARTESIAN_POINT('',(2.41604722665E+03,675.,73.361973276477));
#8479 = CARTESIAN_POINT('',(2.39E+03,-675.,71.784624499857));
#8480 = CARTESIAN_POINT('',(2.445868841847E+03,-231.9743429034,
    60.955817884604));
#8481 = CARTESIAN_POINT('',(2.445868841847E+03,231.97434290345,
    60.955817884604));
#8482 = CARTESIAN_POINT('',(2.39E+03,675.,71.784624499857));
#8483 = ADVANCED_FACE('',(#8484),#8502,.T.);
#8484 = FACE_BOUND('',#8485,.T.);
#8485 = EDGE_LOOP('',(#8486,#8487,#8488,#8497));
#8486 = ORIENTED_EDGE('',*,*,#8461,.F.);
#8487 = ORIENTED_EDGE('',*,*,#2326,.F.);
#8488 = ORIENTED_EDGE('',*,*,#8489,.T.);
#8489 = EDGE_CURVE('',#2296,#8490,#8492,.T.);
#8490 = VERTEX_POINT('',#8491);
#8491 = CARTESIAN_POINT('',(2.36395277335E+03,675.,70.630873437574));
#8492 = B_SPLINE_CURVE_WITH_KNOTS('',3,(#8493,#8494,#8495,#8496),
  .UNSPECIFIED.,.F.,.F.,(4,4),(0.,1.),.PIECEWISE_BEZIER_KNOTS.);
#8493 = CARTESIAN_POINT('',(2.36395277335E+03,-675.,70.630873437574));
#8494 = CARTESIAN_POINT('',(2.398478265532E+03,-231.9743429034,
    58.856672033088));
#8495 = CARTESIAN_POINT('',(2.398478265532E+03,231.97434290345,
    58.856672033088));
#8496 = CARTESIAN_POINT('',(2.36395277335E+03,675.,70.630873437574));
#8497 = ORIENTED_EDGE('',*,*,#8498,.F.);
#8498 = EDGE_CURVE('',#8462,#8490,#8499,.T.);
#8499 = B_SPLINE_CURVE_WITH_KNOTS('',1,(#8500,#8501),.UNSPECIFIED.,.F.,
  .F.,(2,2),(27.,28.),.PIECEWISE_BEZIER_KNOTS.);
#8500 = CARTESIAN_POINT('',(2.39E+03,675.,71.784624499857));
#8501 = CARTESIAN_POINT('',(2.36395277335E+03,675.,70.630873437574));
#8502 = B_SPLINE_SURFACE_WITH_KNOTS('',1,3,(
    (#8503,#8504,#8505,#8506)
    ,(#8507,#8508,#8509,#8510
    )),.UNSPECIFIED.,.F.,.F.,.F.,(2,2),(4,4),(27.,28.),(0.,1.),
  .PIECEWISE_BEZIER_KNOTS.);
#8503 = CARTESIAN_POINT('',(2.39E+03,-675.,71.784624499857));
#8504 = CARTESIAN_POINT('',(2.445868841847E+03,-231.9743429034,
    60.955817884604));
#8505 = CARTESIAN_POINT('',(2.445868841847E+03,231.97434290345,
    60.955817884604));
#8506 = CARTESIAN_POINT('',(2.39E+03,675.,71.784624499857));
#8507 = CARTESIAN_POINT('',(2.36395277335E+03,-675.,70.630873437574));
#8508 = CARTESIAN_POINT('',(2.398478265532E+03,-231.9743429034,
    58.856672033088));
#8509 = CARTESIAN_POINT('',(2.398478265532E+03,231.97434290345,
    58.856672033088));
#8510 = CARTESIAN_POINT('',(2.36395277335E+03,675.,70.630873437574));
#8511 = ADVANCED_FACE('',(#8512),#8530,.T.);
#8512 = FACE_BOUND('',#8513,.T.);
#8513 = EDGE_LOOP('',(#8514,#8515,#8516,#8525));
#8514 = ORIENTED_EDGE('',*,*,#8489,.F.);
#8515 = ORIENTED_EDGE('',*,*,#2295,.F.);
#8516 = ORIENTED_EDGE('',*,*,#8517,.T.);
#8517 = EDGE_CURVE('',#2277,#8518,#8520,.T.);
#8518 = VERTEX_POINT('',#8519);
#8519 = CARTESIAN_POINT('',(2.338696978501E+03,675.,70.045506047974));
#8520 = B_SPLINE_CURVE_WITH_KNOTS('',3,(#8521,#8522,#8523,#8524),
  .UNSPECIFIED.,.F.,.F.,(4,4),(0.,1.),.PIECEWISE_BEZIER_KNOTS.);
#8521 = CARTESIAN_POINT('',(2.338696978501E+03,-675.,70.045506047974));
#8522 = CARTESIAN_POINT('',(2.352527627897E+03,-231.9743429034,
    57.791648937844));
#8523 = CARTESIAN_POINT('',(2.352527627897E+03,231.97434290345,
    57.791648937844));
#8524 = CARTESIAN_POINT('',(2.338696978501E+03,675.,70.045506047974));
#8525 = ORIENTED_EDGE('',*,*,#8526,.F.);
#8526 = EDGE_CURVE('',#8490,#8518,#8527,.T.);
#8527 = B_SPLINE_CURVE_WITH_KNOTS('',1,(#8528,#8529),.UNSPECIFIED.,.F.,
  .F.,(2,2),(28.,29.),.PIECEWISE_BEZIER_KNOTS.);
#8528 = CARTESIAN_POINT('',(2.36395277335E+03,675.,70.630873437574));
#8529 = CARTESIAN_POINT('',(2.338696978501E+03,675.,70.045506047974));
#8530 = B_SPLINE_SURFACE_WITH_KNOTS('',1,3,(
    (#8531,#8532,#8533,#8534)
    ,(#8535,#8536,#8537,#8538
    )),.UNSPECIFIED.,.F.,.F.,.F.,(2,2),(4,4),(28.,29.),(0.,1.),
  .PIECEWISE_BEZIER_KNOTS.);
#8531 = CARTESIAN_POINT('',(2.36395277335E+03,-675.,70.630873437574));
#8532 = CARTESIAN_POINT('',(2.398478265532E+03,-231.9743429034,
    58.856672033088));
#8533 = CARTESIAN_POINT('',(2.398478265532E+03,231.97434290345,
    58.856672033088));
#8534 = CARTESIAN_POINT('',(2.36395277335E+03,675.,70.630873437574));
#8535 = CARTESIAN_POINT('',(2.338696978501E+03,-675.,70.045506047974));
#8536 = CARTESIAN_POINT('',(2.352527627897E+03,-231.9743429034,
    57.791648937844));
#8537 = CARTESIAN_POINT('',(2.352527627897E+03,231.97434290345,
    57.791648937844));
#8538 = CARTESIAN_POINT('',(2.338696978501E+03,675.,70.045506047974));
#8539 = ADVANCED_FACE('',(#8540),#8558,.T.);
#8540 = FACE_BOUND('',#8541,.T.);
#8541 = EDGE_LOOP('',(#8542,#8543,#8544,#8553));
#8542 = ORIENTED_EDGE('',*,*,#8517,.F.);
#8543 = ORIENTED_EDGE('',*,*,#2276,.F.);
#8544 = ORIENTED_EDGE('',*,*,#8545,.T.);
#8545 = EDGE_CURVE('',#2246,#8546,#8548,.T.);
#8546 = VERTEX_POINT('',#8547);
#8547 = CARTESIAN_POINT('',(2.315E+03,675.,70.148125));
#8548 = B_SPLINE_CURVE_WITH_KNOTS('',3,(#8549,#8550,#8551,#8552),
  .UNSPECIFIED.,.F.,.F.,(4,4),(0.,1.),.PIECEWISE_BEZIER_KNOTS.);
#8549 = CARTESIAN_POINT('',(2.315E+03,-675.,70.148125));
#8550 = CARTESIAN_POINT('',(2.309413115815E+03,-231.9743429034,
    57.978354852556));
#8551 = CARTESIAN_POINT('',(2.309413115815E+03,231.97434290345,
    57.978354852556));
#8552 = CARTESIAN_POINT('',(2.315E+03,675.,70.148125));
#8553 = ORIENTED_EDGE('',*,*,#8554,.F.);
#8554 = EDGE_CURVE('',#8518,#8546,#8555,.T.);
#8555 = B_SPLINE_CURVE_WITH_KNOTS('',1,(#8556,#8557),.UNSPECIFIED.,.F.,
  .F.,(2,2),(29.,30.),.PIECEWISE_BEZIER_KNOTS.);
#8556 = CARTESIAN_POINT('',(2.338696978501E+03,675.,70.045506047974));
#8557 = CARTESIAN_POINT('',(2.315E+03,675.,70.148125));
#8558 = B_SPLINE_SURFACE_WITH_KNOTS('',1,3,(
    (#8559,#8560,#8561,#8562)
    ,(#8563,#8564,#8565,#8566
    )),.UNSPECIFIED.,.F.,.F.,.F.,(2,2),(4,4),(29.,30.),(0.,1.),
  .PIECEWISE_BEZIER_KNOTS.);
#8559 = CARTESIAN_POINT('',(2.338696978501E+03,-675.,70.045506047974));
#8560 = CARTESIAN_POINT('',(2.352527627897E+03,-231.9743429034,
    57.791648937844));
#8561 = CARTESIAN_POINT('',(2.352527627897E+03,231.97434290345,
    57.791648937844));
#8562 = CARTESIAN_POINT('',(2.338696978501E+03,675.,70.045506047974));
#8563 = CARTESIAN_POINT('',(2.315E+03,-675.,70.148125));
#8564 = CARTESIAN_POINT('',(2.309413115815E+03,-231.9743429034,
    57.978354852556));
#8565 = CARTESIAN_POINT('',(2.309413115815E+03,231.97434290345,
    57.978354852556));
#8566 = CARTESIAN_POINT('',(2.315E+03,675.,70.148125));
#8567 = ADVANCED_FACE('',(#8568),#8586,.T.);
#8568 = FACE_BOUND('',#8569,.T.);
#8569 = EDGE_LOOP('',(#8570,#8571,#8572,#8581));
#8570 = ORIENTED_EDGE('',*,*,#8545,.F.);
#8571 = ORIENTED_EDGE('',*,*,#2245,.F.);
#8572 = ORIENTED_EDGE('',*,*,#8573,.T.);
#8573 = EDGE_CURVE('',#2227,#8574,#8576,.T.);
#8574 = VERTEX_POINT('',#8575);
#8575 = CARTESIAN_POINT('',(2.293581858547E+03,675.,71.009608944679));
#8576 = B_SPLINE_CURVE_WITH_KNOTS('',3,(#8577,#8578,#8579,#8580),
  .UNSPECIFIED.,.F.,.F.,(4,4),(0.,1.),.PIECEWISE_BEZIER_KNOTS.);
#8577 = CARTESIAN_POINT('',(2.293581858547E+03,-675.,71.009608944679));
#8578 = CARTESIAN_POINT('',(2.270444741919E+03,-231.9743429034,
    59.545747081034));
#8579 = CARTESIAN_POINT('',(2.270444741919E+03,231.97434290345,
    59.545747081034));
#8580 = CARTESIAN_POINT('',(2.293581858547E+03,675.,71.009608944679));
#8581 = ORIENTED_EDGE('',*,*,#8582,.F.);
#8582 = EDGE_CURVE('',#8546,#8574,#8583,.T.);
#8583 = B_SPLINE_CURVE_WITH_KNOTS('',1,(#8584,#8585),.UNSPECIFIED.,.F.,
  .F.,(2,2),(30.,31.),.PIECEWISE_BEZIER_KNOTS.);
#8584 = CARTESIAN_POINT('',(2.315E+03,675.,70.148125));
#8585 = CARTESIAN_POINT('',(2.293581858547E+03,675.,71.009608944679));
#8586 = B_SPLINE_SURFACE_WITH_KNOTS('',1,3,(
    (#8587,#8588,#8589,#8590)
    ,(#8591,#8592,#8593,#8594
    )),.UNSPECIFIED.,.F.,.F.,.F.,(2,2),(4,4),(30.,31.),(0.,1.),
  .PIECEWISE_BEZIER_KNOTS.);
#8587 = CARTESIAN_POINT('',(2.315E+03,-675.,70.148125));
#8588 = CARTESIAN_POINT('',(2.309413115815E+03,-231.9743429034,
    57.978354852556));
#8589 = CARTESIAN_POINT('',(2.309413115815E+03,231.97434290345,
    57.978354852556));
#8590 = CARTESIAN_POINT('',(2.315E+03,675.,70.148125));
#8591 = CARTESIAN_POINT('',(2.293581858547E+03,-675.,71.009608944679));
#8592 = CARTESIAN_POINT('',(2.270444741919E+03,-231.9743429034,
    59.545747081034));
#8593 = CARTESIAN_POINT('',(2.270444741919E+03,231.97434290345,
    59.545747081034));
#8594 = CARTESIAN_POINT('',(2.293581858547E+03,675.,71.009608944679));
#8595 = ADVANCED_FACE('',(#8596),#8614,.T.);
#8596 = FACE_BOUND('',#8597,.T.);
#8597 = EDGE_LOOP('',(#8598,#8599,#8600,#8609));
#8598 = ORIENTED_EDGE('',*,*,#8573,.F.);
#8599 = ORIENTED_EDGE('',*,*,#2226,.F.);
#8600 = ORIENTED_EDGE('',*,*,#8601,.T.);
#8601 = EDGE_CURVE('',#2208,#8602,#8604,.T.);
#8602 = VERTEX_POINT('',#8603);
#8603 = CARTESIAN_POINT('',(2.275093333532E+03,675.,72.635344507688));
#8604 = B_SPLINE_CURVE_WITH_KNOTS('',3,(#8605,#8606,#8607,#8608),
  .UNSPECIFIED.,.F.,.F.,(4,4),(0.,1.),.PIECEWISE_BEZIER_KNOTS.);
#8605 = CARTESIAN_POINT('',(2.275093333532E+03,-675.,72.635344507688));
#8606 = CARTESIAN_POINT('',(2.23680654053E+03,-231.9743429034,
    62.503626102183));
#8607 = CARTESIAN_POINT('',(2.23680654053E+03,231.97434290345,
    62.503626102183));
#8608 = CARTESIAN_POINT('',(2.275093333532E+03,675.,72.635344507688));
#8609 = ORIENTED_EDGE('',*,*,#8610,.F.);
#8610 = EDGE_CURVE('',#8574,#8602,#8611,.T.);
#8611 = B_SPLINE_CURVE_WITH_KNOTS('',1,(#8612,#8613),.UNSPECIFIED.,.F.,
  .F.,(2,2),(31.,32.),.PIECEWISE_BEZIER_KNOTS.);
#8612 = CARTESIAN_POINT('',(2.293581858547E+03,675.,71.009608944679));
#8613 = CARTESIAN_POINT('',(2.275093333532E+03,675.,72.635344507688));
#8614 = B_SPLINE_SURFACE_WITH_KNOTS('',1,3,(
    (#8615,#8616,#8617,#8618)
    ,(#8619,#8620,#8621,#8622
    )),.UNSPECIFIED.,.F.,.F.,.F.,(2,2),(4,4),(31.,32.),(0.,1.),
  .PIECEWISE_BEZIER_KNOTS.);
#8615 = CARTESIAN_POINT('',(2.293581858547E+03,-675.,71.009608944679));
#8616 = CARTESIAN_POINT('',(2.270444741919E+03,-231.9743429034,
    59.545747081034));
#8617 = CARTESIAN_POINT('',(2.270444741919E+03,231.97434290345,
    59.545747081034));
#8618 = CARTESIAN_POINT('',(2.293581858547E+03,675.,71.009608944679));
#8619 = CARTESIAN_POINT('',(2.275093333532E+03,-675.,72.635344507688));
#8620 = CARTESIAN_POINT('',(2.23680654053E+03,-231.9743429034,
    62.503626102183));
#8621 = CARTESIAN_POINT('',(2.23680654053E+03,231.97434290345,
    62.503626102183));
#8622 = CARTESIAN_POINT('',(2.275093333532E+03,675.,72.635344507688));
#8623 = ADVANCED_FACE('',(#8624),#8642,.T.);
#8624 = FACE_BOUND('',#8625,.T.);
#8625 = EDGE_LOOP('',(#8626,#8627,#8628,#8637));
#8626 = ORIENTED_EDGE('',*,*,#8601,.F.);
#8627 = ORIENTED_EDGE('',*,*,#2207,.F.);
#8628 = ORIENTED_EDGE('',*,*,#8629,.T.);
#8629 = EDGE_CURVE('',#2195,#8630,#8632,.T.);
#8630 = VERTEX_POINT('',#8631);
#8631 = CARTESIAN_POINT('',(2.260096189432E+03,675.,74.963708029003));
#8632 = B_SPLINE_CURVE_WITH_KNOTS('',3,(#8633,#8634,#8635,#8636),
  .UNSPECIFIED.,.F.,.F.,(4,4),(0.,1.),.PIECEWISE_BEZIER_KNOTS.);
#8633 = CARTESIAN_POINT('',(2.260096189432E+03,-675.,74.963708029003));
#8634 = CARTESIAN_POINT('',(2.209520591376E+03,-231.9743429034,
    66.739873232408));
#8635 = CARTESIAN_POINT('',(2.209520591376E+03,231.97434290345,
    66.739873232408));
#8636 = CARTESIAN_POINT('',(2.260096189432E+03,675.,74.963708029003));
#8637 = ORIENTED_EDGE('',*,*,#8638,.F.);
#8638 = EDGE_CURVE('',#8602,#8630,#8639,.T.);
#8639 = B_SPLINE_CURVE_WITH_KNOTS('',1,(#8640,#8641),.UNSPECIFIED.,.F.,
  .F.,(2,2),(32.,33.),.PIECEWISE_BEZIER_KNOTS.);
#8640 = CARTESIAN_POINT('',(2.275093333532E+03,675.,72.635344507688));
#8641 = CARTESIAN_POINT('',(2.260096189432E+03,675.,74.963708029003));
#8642 = B_SPLINE_SURFACE_WITH_KNOTS('',1,3,(
    (#8643,#8644,#8645,#8646)
    ,(#8647,#8648,#8649,#8650
    )),.UNSPECIFIED.,.F.,.F.,.F.,(2,2),(4,4),(32.,33.),(0.,1.),
  .PIECEWISE_BEZIER_KNOTS.);
#8643 = CARTESIAN_POINT('',(2.275093333532E+03,-675.,72.635344507688));
#8644 = CARTESIAN_POINT('',(2.23680654053E+03,-231.9743429034,
    62.503626102183));
#8645 = CARTESIAN_POINT('',(2.23680654053E+03,231.97434290345,
    62.503626102183));
#8646 = CARTESIAN_POINT('',(2.275093333532E+03,675.,72.635344507688));
#8647 = CARTESIAN_POINT('',(2.260096189432E+03,-675.,74.963708029003));
#8648 = CARTESIAN_POINT('',(2.209520591376E+03,-231.9743429034,
    66.739873232408));
#8649 = CARTESIAN_POINT('',(2.209520591376E+03,231.97434290345,
    66.739873232408));
#8650 = CARTESIAN_POINT('',(2.260096189432E+03,675.,74.963708029003));
#8651 = ADVANCED_FACE('',(#8652),#8670,.T.);
#8652 = FACE_BOUND('',#8653,.T.);
#8653 = EDGE_LOOP('',(#8654,#8655,#8656,#8665));
#8654 = ORIENTED_EDGE('',*,*,#8629,.F.);
#8655 = ORIENTED_EDGE('',*,*,#2194,.F.);
#8656 = ORIENTED_EDGE('',*,*,#8657,.T.);
#8657 = EDGE_CURVE('',#2182,#8658,#8660,.T.);
#8658 = VERTEX_POINT('',#8659);
#8659 = CARTESIAN_POINT('',(2.249046106882E+03,675.,77.88328036778));
#8660 = B_SPLINE_CURVE_WITH_KNOTS('',3,(#8661,#8662,#8663,#8664),
  .UNSPECIFIED.,.F.,.F.,(4,4),(0.,1.),.PIECEWISE_BEZIER_KNOTS.);
#8661 = CARTESIAN_POINT('',(2.249046106882E+03,-675.,77.88328036778));
#8662 = CARTESIAN_POINT('',(2.189415964215E+03,-231.9743429034,
    72.051771408276));
#8663 = CARTESIAN_POINT('',(2.189415964215E+03,231.97434290345,
    72.051771408277));
#8664 = CARTESIAN_POINT('',(2.249046106882E+03,675.,77.88328036778));
#8665 = ORIENTED_EDGE('',*,*,#8666,.F.);
#8666 = EDGE_CURVE('',#8630,#8658,#8667,.T.);
#8667 = B_SPLINE_CURVE_WITH_KNOTS('',1,(#8668,#8669),.UNSPECIFIED.,.F.,
  .F.,(2,2),(33.,34.),.PIECEWISE_BEZIER_KNOTS.);
#8668 = CARTESIAN_POINT('',(2.260096189432E+03,675.,74.963708029003));
#8669 = CARTESIAN_POINT('',(2.249046106882E+03,675.,77.88328036778));
#8670 = B_SPLINE_SURFACE_WITH_KNOTS('',1,3,(
    (#8671,#8672,#8673,#8674)
    ,(#8675,#8676,#8677,#8678
    )),.UNSPECIFIED.,.F.,.F.,.F.,(2,2),(4,4),(33.,34.),(0.,1.),
  .PIECEWISE_BEZIER_KNOTS.);
#8671 = CARTESIAN_POINT('',(2.260096189432E+03,-675.,74.963708029003));
#8672 = CARTESIAN_POINT('',(2.209520591376E+03,-231.9743429034,
    66.739873232408));
#8673 = CARTESIAN_POINT('',(2.209520591376E+03,231.97434290345,
    66.739873232408));
#8674 = CARTESIAN_POINT('',(2.260096189432E+03,675.,74.963708029003));
#8675 = CARTESIAN_POINT('',(2.249046106882E+03,-675.,77.88328036778));
#8676 = CARTESIAN_POINT('',(2.189415964215E+03,-231.9743429034,
    72.051771408276));
#8677 = CARTESIAN_POINT('',(2.189415964215E+03,231.97434290345,
    72.051771408277));
#8678 = CARTESIAN_POINT('',(2.249046106882E+03,675.,77.88328036778));
#8679 = ADVANCED_FACE('',(#8680),#8699,.T.);
#8680 = FACE_BOUND('',#8681,.T.);
#8681 = EDGE_LOOP('',(#8682,#8683,#8684,#8685,#8694));
#8682 = ORIENTED_EDGE('',*,*,#8657,.F.);
#8683 = ORIENTED_EDGE('',*,*,#2181,.F.);
#8684 = ORIENTED_EDGE('',*,*,#7437,.F.);
#8685 = ORIENTED_EDGE('',*,*,#8686,.T.);
#8686 = EDGE_CURVE('',#7428,#8687,#8689,.T.);
#8687 = VERTEX_POINT('',#8688);
#8688 = CARTESIAN_POINT('',(2.242278837048E+03,675.,81.265110246605));
#8689 = B_SPLINE_CURVE_WITH_KNOTS('',3,(#8690,#8691,#8692,#8693),
  .UNSPECIFIED.,.F.,.F.,(4,4),(0.,1.),.PIECEWISE_BEZIER_KNOTS.);
#8690 = CARTESIAN_POINT('',(2.242278837048E+03,-675.,81.265110246605));
#8691 = CARTESIAN_POINT('',(2.177103527969E+03,-231.9743429034,
    78.204705427358));
#8692 = CARTESIAN_POINT('',(2.177103527969E+03,231.97434290345,
    78.204705427358));
#8693 = CARTESIAN_POINT('',(2.242278837048E+03,675.,81.265110246605));
#8694 = ORIENTED_EDGE('',*,*,#8695,.F.);
#8695 = EDGE_CURVE('',#8658,#8687,#8696,.T.);
#8696 = B_SPLINE_CURVE_WITH_KNOTS('',1,(#8697,#8698),.UNSPECIFIED.,.F.,
  .F.,(2,2),(34.,35.),.PIECEWISE_BEZIER_KNOTS.);
#8697 = CARTESIAN_POINT('',(2.249046106882E+03,675.,77.88328036778));
#8698 = CARTESIAN_POINT('',(2.242278837048E+03,675.,81.265110246605));
#8699 = B_SPLINE_SURFACE_WITH_KNOTS('',1,3,(
    (#8700,#8701,#8702,#8703)
    ,(#8704,#8705,#8706,#8707
    )),.UNSPECIFIED.,.F.,.F.,.F.,(2,2),(4,4),(34.,35.),(0.,1.),
  .PIECEWISE_BEZIER_KNOTS.);
#8700 = CARTESIAN_POINT('',(2.249046106882E+03,-675.,77.88328036778));
#8701 = CARTESIAN_POINT('',(2.189415964215E+03,-231.9743429034,
    72.051771408276));
#8702 = CARTESIAN_POINT('',(2.189415964215E+03,231.97434290345,
    72.051771408277));
#8703 = CARTESIAN_POINT('',(2.249046106882E+03,675.,77.88328036778));
#8704 = CARTESIAN_POINT('',(2.242278837048E+03,-675.,81.265110246605));
#8705 = CARTESIAN_POINT('',(2.177103527969E+03,-231.9743429034,
    78.204705427358));
#8706 = CARTESIAN_POINT('',(2.177103527969E+03,231.97434290345,
    78.204705427358));
#8707 = CARTESIAN_POINT('',(2.242278837048E+03,675.,81.265110246605));
#8708 = ADVANCED_FACE('',(#8709),#8736,.T.);
#8709 = FACE_BOUND('',#8710,.T.);
#8710 = EDGE_LOOP('',(#8711,#8720,#8721,#8722,#8731));
#8711 = ORIENTED_EDGE('',*,*,#8712,.F.);
#8712 = EDGE_CURVE('',#2672,#8713,#8715,.T.);
#8713 = VERTEX_POINT('',#8714);
#8714 = CARTESIAN_POINT('',(2.504906666468E+03,675.,81.048902747342));
#8715 = B_SPLINE_CURVE_WITH_KNOTS('',3,(#8716,#8717,#8718,#8719),
  .UNSPECIFIED.,.F.,.F.,(4,4),(0.,1.),.PIECEWISE_BEZIER_KNOTS.);
#8716 = CARTESIAN_POINT('',(2.504906666468E+03,-675.,81.048902747342));
#8717 = CARTESIAN_POINT('',(2.654931143164E+03,-231.9743429034,
    77.811335410218));
#8718 = CARTESIAN_POINT('',(2.654931143164E+03,231.97434290345,
    77.811335410219));
#8719 = CARTESIAN_POINT('',(2.504906666468E+03,675.,81.048902747342));
#8720 = ORIENTED_EDGE('',*,*,#2671,.F.);
#8721 = ORIENTED_EDGE('',*,*,#2613,.F.);
#8722 = ORIENTED_EDGE('',*,*,#8723,.T.);
#8723 = EDGE_CURVE('',#2589,#8724,#8726,.T.);
#8724 = VERTEX_POINT('',#8725);
#8725 = CARTESIAN_POINT('',(2.486418141453E+03,675.,79.185631039313));
#8726 = B_SPLINE_CURVE_WITH_KNOTS('',3,(#8727,#8728,#8729,#8730),
  .UNSPECIFIED.,.F.,.F.,(4,4),(0.,1.),.PIECEWISE_BEZIER_KNOTS.);
#8727 = CARTESIAN_POINT('',(2.486418141453E+03,-675.,79.185631039313));
#8728 = CARTESIAN_POINT('',(2.621292941775E+03,-231.9743429034,
    74.421280827371));
#8729 = CARTESIAN_POINT('',(2.621292941775E+03,231.97434290345,
    74.421280827371));
#8730 = CARTESIAN_POINT('',(2.486418141453E+03,675.,79.185631039313));
#8731 = ORIENTED_EDGE('',*,*,#8732,.F.);
#8732 = EDGE_CURVE('',#8713,#8724,#8733,.T.);
#8733 = B_SPLINE_CURVE_WITH_KNOTS('',1,(#8734,#8735),.UNSPECIFIED.,.F.,
  .F.,(2,2),(22.,23.),.PIECEWISE_BEZIER_KNOTS.);
#8734 = CARTESIAN_POINT('',(2.504906666468E+03,675.,81.048902747342));
#8735 = CARTESIAN_POINT('',(2.486418141453E+03,675.,79.185631039313));
#8736 = B_SPLINE_SURFACE_WITH_KNOTS('',1,3,(
    (#8737,#8738,#8739,#8740)
    ,(#8741,#8742,#8743,#8744
    )),.UNSPECIFIED.,.F.,.F.,.F.,(2,2),(4,4),(22.,23.),(0.,1.),
  .PIECEWISE_BEZIER_KNOTS.);
#8737 = CARTESIAN_POINT('',(2.504906666468E+03,-675.,81.048902747342));
#8738 = CARTESIAN_POINT('',(2.654931143164E+03,-231.9743429034,
    77.811335410218));
#8739 = CARTESIAN_POINT('',(2.654931143164E+03,231.97434290345,
    77.811335410219));
#8740 = CARTESIAN_POINT('',(2.504906666468E+03,675.,81.048902747342));
#8741 = CARTESIAN_POINT('',(2.486418141453E+03,-675.,79.185631039313));
#8742 = CARTESIAN_POINT('',(2.621292941775E+03,-231.9743429034,
    74.421280827371));
#8743 = CARTESIAN_POINT('',(2.621292941775E+03,231.97434290345,
    74.421280827371));
#8744 = CARTESIAN_POINT('',(2.486418141453E+03,675.,79.185631039313));
#8745 = ADVANCED_FACE('',(#8746),#8764,.T.);
#8746 = FACE_BOUND('',#8747,.T.);
#8747 = EDGE_LOOP('',(#8748,#8749,#8750,#8759));
#8748 = ORIENTED_EDGE('',*,*,#8723,.F.);
#8749 = ORIENTED_EDGE('',*,*,#2588,.F.);
#8750 = ORIENTED_EDGE('',*,*,#8751,.T.);
#8751 = EDGE_CURVE('',#2555,#8752,#8754,.T.);
#8752 = VERTEX_POINT('',#8753);
#8753 = CARTESIAN_POINT('',(2.465E+03,675.,77.19890239246));
#8754 = B_SPLINE_CURVE_WITH_KNOTS('',3,(#8755,#8756,#8757,#8758),
  .UNSPECIFIED.,.F.,.F.,(4,4),(0.,1.),.PIECEWISE_BEZIER_KNOTS.);
#8755 = CARTESIAN_POINT('',(2.465E+03,-675.,77.19890239246));
#8756 = CARTESIAN_POINT('',(2.582324567879E+03,-231.9743429034,
    70.806607494911));
#8757 = CARTESIAN_POINT('',(2.582324567879E+03,231.97434290345,
    70.806607494911));
#8758 = CARTESIAN_POINT('',(2.465E+03,675.,77.19890239246));
#8759 = ORIENTED_EDGE('',*,*,#8760,.F.);
#8760 = EDGE_CURVE('',#8724,#8752,#8761,.T.);
#8761 = B_SPLINE_CURVE_WITH_KNOTS('',1,(#8762,#8763),.UNSPECIFIED.,.F.,
  .F.,(2,2),(23.,24.),.PIECEWISE_BEZIER_KNOTS.);
#8762 = CARTESIAN_POINT('',(2.486418141453E+03,675.,79.185631039313));
#8763 = CARTESIAN_POINT('',(2.465E+03,675.,77.19890239246));
#8764 = B_SPLINE_SURFACE_WITH_KNOTS('',1,3,(
    (#8765,#8766,#8767,#8768)
    ,(#8769,#8770,#8771,#8772
    )),.UNSPECIFIED.,.F.,.F.,.F.,(2,2),(4,4),(23.,24.),(0.,1.),
  .PIECEWISE_BEZIER_KNOTS.);
#8765 = CARTESIAN_POINT('',(2.486418141453E+03,-675.,79.185631039313));
#8766 = CARTESIAN_POINT('',(2.621292941775E+03,-231.9743429034,
    74.421280827371));
#8767 = CARTESIAN_POINT('',(2.621292941775E+03,231.97434290345,
    74.421280827371));
#8768 = CARTESIAN_POINT('',(2.486418141453E+03,675.,79.185631039313));
#8769 = CARTESIAN_POINT('',(2.465E+03,-675.,77.19890239246));
#8770 = CARTESIAN_POINT('',(2.582324567879E+03,-231.9743429034,
    70.806607494911));
#8771 = CARTESIAN_POINT('',(2.582324567879E+03,231.97434290345,
    70.806607494911));
#8772 = CARTESIAN_POINT('',(2.465E+03,675.,77.19890239246));
#8773 = ADVANCED_FACE('',(#8774),#8784,.T.);
#8774 = FACE_BOUND('',#8775,.T.);
#8775 = EDGE_LOOP('',(#8776,#8777,#8778,#8779));
#8776 = ORIENTED_EDGE('',*,*,#8751,.F.);
#8777 = ORIENTED_EDGE('',*,*,#2554,.F.);
#8778 = ORIENTED_EDGE('',*,*,#8422,.T.);
#8779 = ORIENTED_EDGE('',*,*,#8780,.F.);
#8780 = EDGE_CURVE('',#8752,#8423,#8781,.T.);
#8781 = B_SPLINE_CURVE_WITH_KNOTS('',1,(#8782,#8783),.UNSPECIFIED.,.F.,
  .F.,(2,2),(24.,25.),.PIECEWISE_BEZIER_KNOTS.);
#8782 = CARTESIAN_POINT('',(2.465E+03,675.,77.19890239246));
#8783 = CARTESIAN_POINT('',(2.441303021499E+03,675.,75.213853853486));
#8784 = B_SPLINE_SURFACE_WITH_KNOTS('',1,3,(
    (#8785,#8786,#8787,#8788)
    ,(#8789,#8790,#8791,#8792
    )),.UNSPECIFIED.,.F.,.F.,.F.,(2,2),(4,4),(24.,25.),(0.,1.),
  .PIECEWISE_BEZIER_KNOTS.);
#8785 = CARTESIAN_POINT('',(2.465E+03,-675.,77.19890239246));
#8786 = CARTESIAN_POINT('',(2.582324567879E+03,-231.9743429034,
    70.806607494911));
#8787 = CARTESIAN_POINT('',(2.582324567879E+03,231.97434290345,
    70.806607494911));
#8788 = CARTESIAN_POINT('',(2.465E+03,675.,77.19890239246));
#8789 = CARTESIAN_POINT('',(2.441303021499E+03,-675.,75.213853853486));
#8790 = CARTESIAN_POINT('',(2.539210055797E+03,-231.9743429034,
    67.194990966991));
#8791 = CARTESIAN_POINT('',(2.539210055797E+03,231.97434290345,
    67.194990966991));
#8792 = CARTESIAN_POINT('',(2.441303021499E+03,675.,75.213853853486));
#8793 = ADVANCED_FACE('',(#8794),#8821,.T.);
#8794 = FACE_BOUND('',#8795,.T.);
#8795 = EDGE_LOOP('',(#8796,#8805,#8806,#8807,#8816));
#8796 = ORIENTED_EDGE('',*,*,#8797,.F.);
#8797 = EDGE_CURVE('',#2829,#8798,#8800,.T.);
#8798 = VERTEX_POINT('',#8799);
#8799 = CARTESIAN_POINT('',(2.537721162952E+03,675.,84.725331017556));
#8800 = B_SPLINE_CURVE_WITH_KNOTS('',3,(#8801,#8802,#8803,#8804),
  .UNSPECIFIED.,.F.,.F.,(4,4),(0.,1.),.PIECEWISE_BEZIER_KNOTS.);
#8801 = CARTESIAN_POINT('',(2.537721162952E+03,-675.,84.725331017556));
#8802 = CARTESIAN_POINT('',(2.714634155725E+03,-231.9743429034,
    84.50026459443));
#8803 = CARTESIAN_POINT('',(2.714634155725E+03,231.97434290345,
    84.50026459443));
#8804 = CARTESIAN_POINT('',(2.537721162952E+03,675.,84.725331017556));
#8805 = ORIENTED_EDGE('',*,*,#2828,.F.);
#8806 = ORIENTED_EDGE('',*,*,#2746,.F.);
#8807 = ORIENTED_EDGE('',*,*,#8808,.T.);
#8808 = EDGE_CURVE('',#2716,#8809,#8811,.T.);
#8809 = VERTEX_POINT('',#8810);
#8810 = CARTESIAN_POINT('',(2.530953893118E+03,675.,83.92531486894));
#8811 = B_SPLINE_CURVE_WITH_KNOTS('',3,(#8812,#8813,#8814,#8815),
  .UNSPECIFIED.,.F.,.F.,(4,4),(0.,1.),.PIECEWISE_BEZIER_KNOTS.);
#8812 = CARTESIAN_POINT('',(2.530953893118E+03,-675.,83.92531486894));
#8813 = CARTESIAN_POINT('',(2.702321719479E+03,-231.9743429034,
    83.044707469142));
#8814 = CARTESIAN_POINT('',(2.702321719479E+03,231.97434290345,
    83.044707469142));
#8815 = CARTESIAN_POINT('',(2.530953893118E+03,675.,83.92531486894));
#8816 = ORIENTED_EDGE('',*,*,#8817,.F.);
#8817 = EDGE_CURVE('',#8798,#8809,#8818,.T.);
#8818 = B_SPLINE_CURVE_WITH_KNOTS('',1,(#8819,#8820),.UNSPECIFIED.,.F.,
  .F.,(2,2),(19.,20.),.PIECEWISE_BEZIER_KNOTS.);
#8819 = CARTESIAN_POINT('',(2.537721162952E+03,675.,84.725331017556));
#8820 = CARTESIAN_POINT('',(2.530953893118E+03,675.,83.92531486894));
#8821 = B_SPLINE_SURFACE_WITH_KNOTS('',1,3,(
    (#8822,#8823,#8824,#8825)
    ,(#8826,#8827,#8828,#8829
    )),.UNSPECIFIED.,.F.,.F.,.F.,(2,2),(4,4),(19.,20.),(0.,1.),
  .PIECEWISE_BEZIER_KNOTS.);
#8822 = CARTESIAN_POINT('',(2.537721162952E+03,-675.,84.725331017556));
#8823 = CARTESIAN_POINT('',(2.714634155725E+03,-231.9743429034,
    84.50026459443));
#8824 = CARTESIAN_POINT('',(2.714634155725E+03,231.97434290345,
    84.50026459443));
#8825 = CARTESIAN_POINT('',(2.537721162952E+03,675.,84.725331017556));
#8826 = CARTESIAN_POINT('',(2.530953893118E+03,-675.,83.92531486894));
#8827 = CARTESIAN_POINT('',(2.702321719479E+03,-231.9743429034,
    83.044707469142));
#8828 = CARTESIAN_POINT('',(2.702321719479E+03,231.97434290345,
    83.044707469142));
#8829 = CARTESIAN_POINT('',(2.530953893118E+03,675.,83.92531486894));
#8830 = ADVANCED_FACE('',(#8831),#8849,.T.);
#8831 = FACE_BOUND('',#8832,.T.);
#8832 = EDGE_LOOP('',(#8833,#8834,#8835,#8844));
#8833 = ORIENTED_EDGE('',*,*,#8808,.F.);
#8834 = ORIENTED_EDGE('',*,*,#2715,.F.);
#8835 = ORIENTED_EDGE('',*,*,#8836,.T.);
#8836 = EDGE_CURVE('',#2685,#8837,#8839,.T.);
#8837 = VERTEX_POINT('',#8838);
#8838 = CARTESIAN_POINT('',(2.519903810568E+03,675.,82.667122873573));
#8839 = B_SPLINE_CURVE_WITH_KNOTS('',3,(#8840,#8841,#8842,#8843),
  .UNSPECIFIED.,.F.,.F.,(4,4),(0.,1.),.PIECEWISE_BEZIER_KNOTS.);
#8840 = CARTESIAN_POINT('',(2.519903810568E+03,-675.,82.667122873573));
#8841 = CARTESIAN_POINT('',(2.682217092318E+03,-231.9743429034,
    80.755540772939));
#8842 = CARTESIAN_POINT('',(2.682217092318E+03,231.97434290345,
    80.755540772939));
#8843 = CARTESIAN_POINT('',(2.519903810568E+03,675.,82.667122873573));
#8844 = ORIENTED_EDGE('',*,*,#8845,.F.);
#8845 = EDGE_CURVE('',#8809,#8837,#8846,.T.);
#8846 = B_SPLINE_CURVE_WITH_KNOTS('',1,(#8847,#8848),.UNSPECIFIED.,.F.,
  .F.,(2,2),(20.,21.),.PIECEWISE_BEZIER_KNOTS.);
#8847 = CARTESIAN_POINT('',(2.530953893118E+03,675.,83.92531486894));
#8848 = CARTESIAN_POINT('',(2.519903810568E+03,675.,82.667122873573));
#8849 = B_SPLINE_SURFACE_WITH_KNOTS('',1,3,(
    (#8850,#8851,#8852,#8853)
    ,(#8854,#8855,#8856,#8857
    )),.UNSPECIFIED.,.F.,.F.,.F.,(2,2),(4,4),(20.,21.),(0.,1.),
  .PIECEWISE_BEZIER_KNOTS.);
#8850 = CARTESIAN_POINT('',(2.530953893118E+03,-675.,83.92531486894));
#8851 = CARTESIAN_POINT('',(2.702321719479E+03,-231.9743429034,
    83.044707469142));
#8852 = CARTESIAN_POINT('',(2.702321719479E+03,231.97434290345,
    83.044707469142));
#8853 = CARTESIAN_POINT('',(2.530953893118E+03,675.,83.92531486894));
#8854 = CARTESIAN_POINT('',(2.519903810568E+03,-675.,82.667122873573));
#8855 = CARTESIAN_POINT('',(2.682217092318E+03,-231.9743429034,
    80.755540772939));
#8856 = CARTESIAN_POINT('',(2.682217092318E+03,231.97434290345,
    80.755540772939));
#8857 = CARTESIAN_POINT('',(2.519903810568E+03,675.,82.667122873573));
#8858 = ADVANCED_FACE('',(#8859),#8869,.T.);
#8859 = FACE_BOUND('',#8860,.T.);
#8860 = EDGE_LOOP('',(#8861,#8862,#8863,#8864));
#8861 = ORIENTED_EDGE('',*,*,#8836,.F.);
#8862 = ORIENTED_EDGE('',*,*,#2684,.F.);
#8863 = ORIENTED_EDGE('',*,*,#8712,.T.);
#8864 = ORIENTED_EDGE('',*,*,#8865,.F.);
#8865 = EDGE_CURVE('',#8837,#8713,#8866,.T.);
#8866 = B_SPLINE_CURVE_WITH_KNOTS('',1,(#8867,#8868),.UNSPECIFIED.,.F.,
  .F.,(2,2),(21.,22.),.PIECEWISE_BEZIER_KNOTS.);
#8867 = CARTESIAN_POINT('',(2.519903810568E+03,675.,82.667122873573));
#8868 = CARTESIAN_POINT('',(2.504906666468E+03,675.,81.048902747342));
#8869 = B_SPLINE_SURFACE_WITH_KNOTS('',1,3,(
    (#8870,#8871,#8872,#8873)
    ,(#8874,#8875,#8876,#8877
    )),.UNSPECIFIED.,.F.,.F.,.F.,(2,2),(4,4),(21.,22.),(0.,1.),
  .PIECEWISE_BEZIER_KNOTS.);
#8870 = CARTESIAN_POINT('',(2.519903810568E+03,-675.,82.667122873573));
#8871 = CARTESIAN_POINT('',(2.682217092318E+03,-231.9743429034,
    80.755540772939));
#8872 = CARTESIAN_POINT('',(2.682217092318E+03,231.97434290345,
    80.755540772939));
#8873 = CARTESIAN_POINT('',(2.519903810568E+03,675.,82.667122873573));
#8874 = CARTESIAN_POINT('',(2.504906666468E+03,-675.,81.048902747342));
#8875 = CARTESIAN_POINT('',(2.654931143164E+03,-231.9743429034,
    77.811335410218));
#8876 = CARTESIAN_POINT('',(2.654931143164E+03,231.97434290345,
    77.811335410219));
#8877 = CARTESIAN_POINT('',(2.504906666468E+03,675.,81.048902747342));
#8878 = ADVANCED_FACE('',(#8879),#8906,.T.);
#8879 = FACE_BOUND('',#8880,.T.);
#8880 = EDGE_LOOP('',(#8881,#8890,#8891,#8892,#8901));
#8881 = ORIENTED_EDGE('',*,*,#8882,.F.);
#8882 = EDGE_CURVE('',#7473,#8883,#8885,.T.);
#8883 = VERTEX_POINT('',#8884);
#8884 = CARTESIAN_POINT('',(2.315E+03,675.,99.851875));
#8885 = B_SPLINE_CURVE_WITH_KNOTS('',3,(#8886,#8887,#8888,#8889),
  .UNSPECIFIED.,.F.,.F.,(4,4),(0.,1.),.PIECEWISE_BEZIER_KNOTS.);
#8886 = CARTESIAN_POINT('',(2.315E+03,-675.,99.851875));
#8887 = CARTESIAN_POINT('',(2.309413115815E+03,-231.9743429034,
    112.02164514744));
#8888 = CARTESIAN_POINT('',(2.309413115815E+03,231.97434290345,
    112.02164514744));
#8889 = CARTESIAN_POINT('',(2.315E+03,675.,99.851875));
#8890 = ORIENTED_EDGE('',*,*,#7472,.F.);
#8891 = ORIENTED_EDGE('',*,*,#3315,.F.);
#8892 = ORIENTED_EDGE('',*,*,#8893,.T.);
#8893 = EDGE_CURVE('',#3297,#8894,#8896,.T.);
#8894 = VERTEX_POINT('',#8895);
#8895 = CARTESIAN_POINT('',(2.338696978501E+03,675.,99.954493952026));
#8896 = B_SPLINE_CURVE_WITH_KNOTS('',3,(#8897,#8898,#8899,#8900),
  .UNSPECIFIED.,.F.,.F.,(4,4),(0.,1.),.PIECEWISE_BEZIER_KNOTS.);
#8897 = CARTESIAN_POINT('',(2.338696978501E+03,-675.,99.954493952026));
#8898 = CARTESIAN_POINT('',(2.352527627897E+03,-231.9743429034,
    112.20835106215));
#8899 = CARTESIAN_POINT('',(2.352527627897E+03,231.97434290345,
    112.20835106215));
#8900 = CARTESIAN_POINT('',(2.338696978501E+03,675.,99.954493952026));
#8901 = ORIENTED_EDGE('',*,*,#8902,.F.);
#8902 = EDGE_CURVE('',#8883,#8894,#8903,.T.);
#8903 = B_SPLINE_CURVE_WITH_KNOTS('',1,(#8904,#8905),.UNSPECIFIED.,.F.,
  .F.,(2,2),(6.,7.),.PIECEWISE_BEZIER_KNOTS.);
#8904 = CARTESIAN_POINT('',(2.315E+03,675.,99.851875));
#8905 = CARTESIAN_POINT('',(2.338696978501E+03,675.,99.954493952026));
#8906 = B_SPLINE_SURFACE_WITH_KNOTS('',1,3,(
    (#8907,#8908,#8909,#8910)
    ,(#8911,#8912,#8913,#8914
    )),.UNSPECIFIED.,.F.,.F.,.F.,(2,2),(4,4),(6.,7.),(0.,1.),
  .PIECEWISE_BEZIER_KNOTS.);
#8907 = CARTESIAN_POINT('',(2.315E+03,-675.,99.851875));
#8908 = CARTESIAN_POINT('',(2.309413115815E+03,-231.9743429034,
    112.02164514744));
#8909 = CARTESIAN_POINT('',(2.309413115815E+03,231.97434290345,
    112.02164514744));
#8910 = CARTESIAN_POINT('',(2.315E+03,675.,99.851875));
#8911 = CARTESIAN_POINT('',(2.338696978501E+03,-675.,99.954493952026));
#8912 = CARTESIAN_POINT('',(2.352527627897E+03,-231.9743429034,
    112.20835106215));
#8913 = CARTESIAN_POINT('',(2.352527627897E+03,231.97434290345,
    112.20835106215));
#8914 = CARTESIAN_POINT('',(2.338696978501E+03,675.,99.954493952026));
#8915 = ADVANCED_FACE('',(#8916),#8934,.T.);
#8916 = FACE_BOUND('',#8917,.T.);
#8917 = EDGE_LOOP('',(#8918,#8919,#8920,#8929));
#8918 = ORIENTED_EDGE('',*,*,#8893,.F.);
#8919 = ORIENTED_EDGE('',*,*,#3296,.F.);
#8920 = ORIENTED_EDGE('',*,*,#8921,.T.);
#8921 = EDGE_CURVE('',#3278,#8922,#8924,.T.);
#8922 = VERTEX_POINT('',#8923);
#8923 = CARTESIAN_POINT('',(2.36395277335E+03,675.,99.369126562426));
#8924 = B_SPLINE_CURVE_WITH_KNOTS('',3,(#8925,#8926,#8927,#8928),
  .UNSPECIFIED.,.F.,.F.,(4,4),(0.,1.),.PIECEWISE_BEZIER_KNOTS.);
#8925 = CARTESIAN_POINT('',(2.36395277335E+03,-675.,99.369126562426));
#8926 = CARTESIAN_POINT('',(2.398478265532E+03,-231.9743429034,
    111.14332796691));
#8927 = CARTESIAN_POINT('',(2.398478265532E+03,231.97434290345,
    111.14332796691));
#8928 = CARTESIAN_POINT('',(2.36395277335E+03,675.,99.369126562426));
#8929 = ORIENTED_EDGE('',*,*,#8930,.F.);
#8930 = EDGE_CURVE('',#8894,#8922,#8931,.T.);
#8931 = B_SPLINE_CURVE_WITH_KNOTS('',1,(#8932,#8933),.UNSPECIFIED.,.F.,
  .F.,(2,2),(7.,8.),.PIECEWISE_BEZIER_KNOTS.);
#8932 = CARTESIAN_POINT('',(2.338696978501E+03,675.,99.954493952026));
#8933 = CARTESIAN_POINT('',(2.36395277335E+03,675.,99.369126562426));
#8934 = B_SPLINE_SURFACE_WITH_KNOTS('',1,3,(
    (#8935,#8936,#8937,#8938)
    ,(#8939,#8940,#8941,#8942
    )),.UNSPECIFIED.,.F.,.F.,.F.,(2,2),(4,4),(7.,8.),(0.,1.),
  .PIECEWISE_BEZIER_KNOTS.);
#8935 = CARTESIAN_POINT('',(2.338696978501E+03,-675.,99.954493952026));
#8936 = CARTESIAN_POINT('',(2.352527627897E+03,-231.9743429034,
    112.20835106215));
#8937 = CARTESIAN_POINT('',(2.352527627897E+03,231.97434290345,
    112.20835106215));
#8938 = CARTESIAN_POINT('',(2.338696978501E+03,675.,99.954493952026));
#8939 = CARTESIAN_POINT('',(2.36395277335E+03,-675.,99.369126562426));
#8940 = CARTESIAN_POINT('',(2.398478265532E+03,-231.9743429034,
    111.14332796691));
#8941 = CARTESIAN_POINT('',(2.398478265532E+03,231.97434290345,
    111.14332796691));
#8942 = CARTESIAN_POINT('',(2.36395277335E+03,675.,99.369126562426));
#8943 = ADVANCED_FACE('',(#8944),#8962,.T.);
#8944 = FACE_BOUND('',#8945,.T.);
#8945 = EDGE_LOOP('',(#8946,#8947,#8948,#8957));
#8946 = ORIENTED_EDGE('',*,*,#8921,.F.);
#8947 = ORIENTED_EDGE('',*,*,#3277,.F.);
#8948 = ORIENTED_EDGE('',*,*,#8949,.T.);
#8949 = EDGE_CURVE('',#3247,#8950,#8952,.T.);
#8950 = VERTEX_POINT('',#8951);
#8951 = CARTESIAN_POINT('',(2.39E+03,675.,98.215375500143));
#8952 = B_SPLINE_CURVE_WITH_KNOTS('',3,(#8953,#8954,#8955,#8956),
  .UNSPECIFIED.,.F.,.F.,(4,4),(0.,1.),.PIECEWISE_BEZIER_KNOTS.);
#8953 = CARTESIAN_POINT('',(2.39E+03,-675.,98.215375500143));
#8954 = CARTESIAN_POINT('',(2.445868841847E+03,-231.9743429034,
    109.04418211539));
#8955 = CARTESIAN_POINT('',(2.445868841847E+03,231.97434290345,
    109.04418211539));
#8956 = CARTESIAN_POINT('',(2.39E+03,675.,98.215375500143));
#8957 = ORIENTED_EDGE('',*,*,#8958,.F.);
#8958 = EDGE_CURVE('',#8922,#8950,#8959,.T.);
#8959 = B_SPLINE_CURVE_WITH_KNOTS('',1,(#8960,#8961),.UNSPECIFIED.,.F.,
  .F.,(2,2),(8.,9.),.PIECEWISE_BEZIER_KNOTS.);
#8960 = CARTESIAN_POINT('',(2.36395277335E+03,675.,99.369126562426));
#8961 = CARTESIAN_POINT('',(2.39E+03,675.,98.215375500143));
#8962 = B_SPLINE_SURFACE_WITH_KNOTS('',1,3,(
    (#8963,#8964,#8965,#8966)
    ,(#8967,#8968,#8969,#8970
    )),.UNSPECIFIED.,.F.,.F.,.F.,(2,2),(4,4),(8.,9.),(0.,1.),
  .PIECEWISE_BEZIER_KNOTS.);
#8963 = CARTESIAN_POINT('',(2.36395277335E+03,-675.,99.369126562426));
#8964 = CARTESIAN_POINT('',(2.398478265532E+03,-231.9743429034,
    111.14332796691));
#8965 = CARTESIAN_POINT('',(2.398478265532E+03,231.97434290345,
    111.14332796691));
#8966 = CARTESIAN_POINT('',(2.36395277335E+03,675.,99.369126562426));
#8967 = CARTESIAN_POINT('',(2.39E+03,-675.,98.215375500143));
#8968 = CARTESIAN_POINT('',(2.445868841847E+03,-231.9743429034,
    109.04418211539));
#8969 = CARTESIAN_POINT('',(2.445868841847E+03,231.97434290345,
    109.04418211539));
#8970 = CARTESIAN_POINT('',(2.39E+03,675.,98.215375500143));
#8971 = ADVANCED_FACE('',(#8972),#8990,.T.);
#8972 = FACE_BOUND('',#8973,.T.);
#8973 = EDGE_LOOP('',(#8974,#8975,#8976,#8985));
#8974 = ORIENTED_EDGE('',*,*,#8949,.F.);
#8975 = ORIENTED_EDGE('',*,*,#3246,.F.);
#8976 = ORIENTED_EDGE('',*,*,#8977,.T.);
#8977 = EDGE_CURVE('',#3216,#8978,#8980,.T.);
#8978 = VERTEX_POINT('',#8979);
#8979 = CARTESIAN_POINT('',(2.41604722665E+03,675.,96.638026723523));
#8980 = B_SPLINE_CURVE_WITH_KNOTS('',3,(#8981,#8982,#8983,#8984),
  .UNSPECIFIED.,.F.,.F.,(4,4),(0.,1.),.PIECEWISE_BEZIER_KNOTS.);
#8981 = CARTESIAN_POINT('',(2.41604722665E+03,-675.,96.638026723523));
#8982 = CARTESIAN_POINT('',(2.493259418162E+03,-231.9743429034,
    106.1743384818));
#8983 = CARTESIAN_POINT('',(2.493259418162E+03,231.97434290345,
    106.1743384818));
#8984 = CARTESIAN_POINT('',(2.41604722665E+03,675.,96.638026723523));
#8985 = ORIENTED_EDGE('',*,*,#8986,.F.);
#8986 = EDGE_CURVE('',#8950,#8978,#8987,.T.);
#8987 = B_SPLINE_CURVE_WITH_KNOTS('',1,(#8988,#8989),.UNSPECIFIED.,.F.,
  .F.,(2,2),(9.,10.),.PIECEWISE_BEZIER_KNOTS.);
#8988 = CARTESIAN_POINT('',(2.39E+03,675.,98.215375500143));
#8989 = CARTESIAN_POINT('',(2.41604722665E+03,675.,96.638026723523));
#8990 = B_SPLINE_SURFACE_WITH_KNOTS('',1,3,(
    (#8991,#8992,#8993,#8994)
    ,(#8995,#8996,#8997,#8998
    )),.UNSPECIFIED.,.F.,.F.,.F.,(2,2),(4,4),(9.,10.),(0.,1.),
  .PIECEWISE_BEZIER_KNOTS.);
#8991 = CARTESIAN_POINT('',(2.39E+03,-675.,98.215375500143));
#8992 = CARTESIAN_POINT('',(2.445868841847E+03,-231.9743429034,
    109.04418211539));
#8993 = CARTESIAN_POINT('',(2.445868841847E+03,231.97434290345,
    109.04418211539));
#8994 = CARTESIAN_POINT('',(2.39E+03,675.,98.215375500143));
#8995 = CARTESIAN_POINT('',(2.41604722665E+03,-675.,96.638026723523));
#8996 = CARTESIAN_POINT('',(2.493259418162E+03,-231.9743429034,
    106.1743384818));
#8997 = CARTESIAN_POINT('',(2.493259418162E+03,231.97434290345,
    106.1743384818));
#8998 = CARTESIAN_POINT('',(2.41604722665E+03,675.,96.638026723523));
#8999 = ADVANCED_FACE('',(#9000),#9018,.T.);
#9000 = FACE_BOUND('',#9001,.T.);
#9001 = EDGE_LOOP('',(#9002,#9003,#9004,#9013));
#9002 = ORIENTED_EDGE('',*,*,#8977,.F.);
#9003 = ORIENTED_EDGE('',*,*,#3215,.F.);
#9004 = ORIENTED_EDGE('',*,*,#9005,.T.);
#9005 = EDGE_CURVE('',#3188,#9006,#9008,.T.);
#9006 = VERTEX_POINT('',#9007);
#9007 = CARTESIAN_POINT('',(2.441303021499E+03,675.,94.786146146514));
#9008 = B_SPLINE_CURVE_WITH_KNOTS('',3,(#9009,#9010,#9011,#9012),
  .UNSPECIFIED.,.F.,.F.,(4,4),(0.,1.),.PIECEWISE_BEZIER_KNOTS.);
#9009 = CARTESIAN_POINT('',(2.441303021499E+03,-675.,94.786146146514));
#9010 = CARTESIAN_POINT('',(2.539210055797E+03,-231.9743429034,
    102.805009033));
#9011 = CARTESIAN_POINT('',(2.539210055797E+03,231.97434290345,
    102.805009033));
#9012 = CARTESIAN_POINT('',(2.441303021499E+03,675.,94.786146146514));
#9013 = ORIENTED_EDGE('',*,*,#9014,.F.);
#9014 = EDGE_CURVE('',#8978,#9006,#9015,.T.);
#9015 = B_SPLINE_CURVE_WITH_KNOTS('',1,(#9016,#9017),.UNSPECIFIED.,.F.,
  .F.,(2,2),(10.,11.),.PIECEWISE_BEZIER_KNOTS.);
#9016 = CARTESIAN_POINT('',(2.41604722665E+03,675.,96.638026723523));
#9017 = CARTESIAN_POINT('',(2.441303021499E+03,675.,94.786146146514));
#9018 = B_SPLINE_SURFACE_WITH_KNOTS('',1,3,(
    (#9019,#9020,#9021,#9022)
    ,(#9023,#9024,#9025,#9026
    )),.UNSPECIFIED.,.F.,.F.,.F.,(2,2),(4,4),(10.,11.),(0.,1.),
  .PIECEWISE_BEZIER_KNOTS.);
#9019 = CARTESIAN_POINT('',(2.41604722665E+03,-675.,96.638026723523));
#9020 = CARTESIAN_POINT('',(2.493259418162E+03,-231.9743429034,
    106.1743384818));
#9021 = CARTESIAN_POINT('',(2.493259418162E+03,231.97434290345,
    106.1743384818));
#9022 = CARTESIAN_POINT('',(2.41604722665E+03,675.,96.638026723523));
#9023 = CARTESIAN_POINT('',(2.441303021499E+03,-675.,94.786146146514));
#9024 = CARTESIAN_POINT('',(2.539210055797E+03,-231.9743429034,
    102.805009033));
#9025 = CARTESIAN_POINT('',(2.539210055797E+03,231.97434290345,
    102.805009033));
#9026 = CARTESIAN_POINT('',(2.441303021499E+03,675.,94.786146146514));
#9027 = ADVANCED_FACE('',(#9028),#9046,.T.);
#9028 = FACE_BOUND('',#9029,.T.);
#9029 = EDGE_LOOP('',(#9030,#9031,#9032,#9041));
#9030 = ORIENTED_EDGE('',*,*,#9005,.F.);
#9031 = ORIENTED_EDGE('',*,*,#3187,.F.);
#9032 = ORIENTED_EDGE('',*,*,#9033,.T.);
#9033 = EDGE_CURVE('',#3151,#9034,#9036,.T.);
#9034 = VERTEX_POINT('',#9035);
#9035 = CARTESIAN_POINT('',(2.465E+03,675.,92.80109760754));
#9036 = B_SPLINE_CURVE_WITH_KNOTS('',3,(#9037,#9038,#9039,#9040),
  .UNSPECIFIED.,.F.,.F.,(4,4),(0.,1.),.PIECEWISE_BEZIER_KNOTS.);
#9037 = CARTESIAN_POINT('',(2.465E+03,-675.,92.80109760754));
#9038 = CARTESIAN_POINT('',(2.582324567879E+03,-231.9743429034,
    99.193392505089));
#9039 = CARTESIAN_POINT('',(2.582324567879E+03,231.97434290345,
    99.193392505089));
#9040 = CARTESIAN_POINT('',(2.465E+03,675.,92.80109760754));
#9041 = ORIENTED_EDGE('',*,*,#9042,.F.);
#9042 = EDGE_CURVE('',#9006,#9034,#9043,.T.);
#9043 = B_SPLINE_CURVE_WITH_KNOTS('',1,(#9044,#9045),.UNSPECIFIED.,.F.,
  .F.,(2,2),(11.,12.),.PIECEWISE_BEZIER_KNOTS.);
#9044 = CARTESIAN_POINT('',(2.441303021499E+03,675.,94.786146146514));
#9045 = CARTESIAN_POINT('',(2.465E+03,675.,92.80109760754));
#9046 = B_SPLINE_SURFACE_WITH_KNOTS('',1,3,(
    (#9047,#9048,#9049,#9050)
    ,(#9051,#9052,#9053,#9054
    )),.UNSPECIFIED.,.F.,.F.,.F.,(2,2),(4,4),(11.,12.),(0.,1.),
  .PIECEWISE_BEZIER_KNOTS.);
#9047 = CARTESIAN_POINT('',(2.441303021499E+03,-675.,94.786146146514));
#9048 = CARTESIAN_POINT('',(2.539210055797E+03,-231.9743429034,
    102.805009033));
#9049 = CARTESIAN_POINT('',(2.539210055797E+03,231.97434290345,
    102.805009033));
#9050 = CARTESIAN_POINT('',(2.441303021499E+03,675.,94.786146146514));
#9051 = CARTESIAN_POINT('',(2.465E+03,-675.,92.80109760754));
#9052 = CARTESIAN_POINT('',(2.582324567879E+03,-231.9743429034,
    99.193392505089));
#9053 = CARTESIAN_POINT('',(2.582324567879E+03,231.97434290345,
    99.193392505089));
#9054 = CARTESIAN_POINT('',(2.465E+03,675.,92.80109760754));
#9055 = ADVANCED_FACE('',(#9056),#9074,.T.);
#9056 = FACE_BOUND('',#9057,.T.);
#9057 = EDGE_LOOP('',(#9058,#9059,#9060,#9069));
#9058 = ORIENTED_EDGE('',*,*,#9033,.F.);
#9059 = ORIENTED_EDGE('',*,*,#3150,.F.);
#9060 = ORIENTED_EDGE('',*,*,#9061,.T.);
#9061 = EDGE_CURVE('',#3120,#9062,#9064,.T.);
#9062 = VERTEX_POINT('',#9063);
#9063 = CARTESIAN_POINT('',(2.486418141453E+03,675.,90.814368960687));
#9064 = B_SPLINE_CURVE_WITH_KNOTS('',3,(#9065,#9066,#9067,#9068),
  .UNSPECIFIED.,.F.,.F.,(4,4),(0.,1.),.PIECEWISE_BEZIER_KNOTS.);
#9065 = CARTESIAN_POINT('',(2.486418141453E+03,-675.,90.814368960687));
#9066 = CARTESIAN_POINT('',(2.621292941775E+03,-231.9743429034,
    95.578719172629));
#9067 = CARTESIAN_POINT('',(2.621292941775E+03,231.97434290345,
    95.578719172629));
#9068 = CARTESIAN_POINT('',(2.486418141453E+03,675.,90.814368960687));
#9069 = ORIENTED_EDGE('',*,*,#9070,.F.);
#9070 = EDGE_CURVE('',#9034,#9062,#9071,.T.);
#9071 = B_SPLINE_CURVE_WITH_KNOTS('',1,(#9072,#9073),.UNSPECIFIED.,.F.,
  .F.,(2,2),(12.,13.),.PIECEWISE_BEZIER_KNOTS.);
#9072 = CARTESIAN_POINT('',(2.465E+03,675.,92.80109760754));
#9073 = CARTESIAN_POINT('',(2.486418141453E+03,675.,90.814368960687));
#9074 = B_SPLINE_SURFACE_WITH_KNOTS('',1,3,(
    (#9075,#9076,#9077,#9078)
    ,(#9079,#9080,#9081,#9082
    )),.UNSPECIFIED.,.F.,.F.,.F.,(2,2),(4,4),(12.,13.),(0.,1.),
  .PIECEWISE_BEZIER_KNOTS.);
#9075 = CARTESIAN_POINT('',(2.465E+03,-675.,92.80109760754));
#9076 = CARTESIAN_POINT('',(2.582324567879E+03,-231.9743429034,
    99.193392505089));
#9077 = CARTESIAN_POINT('',(2.582324567879E+03,231.97434290345,
    99.193392505089));
#9078 = CARTESIAN_POINT('',(2.465E+03,675.,92.80109760754));
#9079 = CARTESIAN_POINT('',(2.486418141453E+03,-675.,90.814368960687));
#9080 = CARTESIAN_POINT('',(2.621292941775E+03,-231.9743429034,
    95.578719172629));
#9081 = CARTESIAN_POINT('',(2.621292941775E+03,231.97434290345,
    95.578719172629));
#9082 = CARTESIAN_POINT('',(2.486418141453E+03,675.,90.814368960687));
#9083 = ADVANCED_FACE('',(#9084),#9102,.T.);
#9084 = FACE_BOUND('',#9085,.T.);
#9085 = EDGE_LOOP('',(#9086,#9087,#9088,#9097));
#9086 = ORIENTED_EDGE('',*,*,#9061,.F.);
#9087 = ORIENTED_EDGE('',*,*,#3119,.F.);
#9088 = ORIENTED_EDGE('',*,*,#9089,.T.);
#9089 = EDGE_CURVE('',#3089,#9090,#9092,.T.);
#9090 = VERTEX_POINT('',#9091);
#9091 = CARTESIAN_POINT('',(2.504906666468E+03,675.,88.951097252658));
#9092 = B_SPLINE_CURVE_WITH_KNOTS('',3,(#9093,#9094,#9095,#9096),
  .UNSPECIFIED.,.F.,.F.,(4,4),(0.,1.),.PIECEWISE_BEZIER_KNOTS.);
#9093 = CARTESIAN_POINT('',(2.504906666468E+03,-675.,88.951097252658));
#9094 = CARTESIAN_POINT('',(2.654931143164E+03,-231.9743429034,
    92.188664589782));
#9095 = CARTESIAN_POINT('',(2.654931143164E+03,231.97434290345,
    92.188664589782));
#9096 = CARTESIAN_POINT('',(2.504906666468E+03,675.,88.951097252658));
#9097 = ORIENTED_EDGE('',*,*,#9098,.F.);
#9098 = EDGE_CURVE('',#9062,#9090,#9099,.T.);
#9099 = B_SPLINE_CURVE_WITH_KNOTS('',1,(#9100,#9101),.UNSPECIFIED.,.F.,
  .F.,(2,2),(13.,14.),.PIECEWISE_BEZIER_KNOTS.);
#9100 = CARTESIAN_POINT('',(2.486418141453E+03,675.,90.814368960687));
#9101 = CARTESIAN_POINT('',(2.504906666468E+03,675.,88.951097252658));
#9102 = B_SPLINE_SURFACE_WITH_KNOTS('',1,3,(
    (#9103,#9104,#9105,#9106)
    ,(#9107,#9108,#9109,#9110
    )),.UNSPECIFIED.,.F.,.F.,.F.,(2,2),(4,4),(13.,14.),(0.,1.),
  .PIECEWISE_BEZIER_KNOTS.);
#9103 = CARTESIAN_POINT('',(2.486418141453E+03,-675.,90.814368960687));
#9104 = CARTESIAN_POINT('',(2.621292941775E+03,-231.9743429034,
    95.578719172629));
#9105 = CARTESIAN_POINT('',(2.621292941775E+03,231.97434290345,
    95.578719172629));
#9106 = CARTESIAN_POINT('',(2.486418141453E+03,675.,90.814368960687));
#9107 = CARTESIAN_POINT('',(2.504906666468E+03,-675.,88.951097252658));
#9108 = CARTESIAN_POINT('',(2.654931143164E+03,-231.9743429034,
    92.188664589782));
#9109 = CARTESIAN_POINT('',(2.654931143164E+03,231.97434290345,
    92.188664589782));
#9110 = CARTESIAN_POINT('',(2.504906666468E+03,675.,88.951097252658));
#9111 = ADVANCED_FACE('',(#9112),#9130,.T.);
#9112 = FACE_BOUND('',#9113,.T.);
#9113 = EDGE_LOOP('',(#9114,#9115,#9116,#9125));
#9114 = ORIENTED_EDGE('',*,*,#9089,.F.);
#9115 = ORIENTED_EDGE('',*,*,#3088,.F.);
#9116 = ORIENTED_EDGE('',*,*,#9117,.T.);
#9117 = EDGE_CURVE('',#3058,#9118,#9120,.T.);
#9118 = VERTEX_POINT('',#9119);
#9119 = CARTESIAN_POINT('',(2.519903810568E+03,675.,87.332877126427));
#9120 = B_SPLINE_CURVE_WITH_KNOTS('',3,(#9121,#9122,#9123,#9124),
  .UNSPECIFIED.,.F.,.F.,(4,4),(0.,1.),.PIECEWISE_BEZIER_KNOTS.);
#9121 = CARTESIAN_POINT('',(2.519903810568E+03,-675.,87.332877126427));
#9122 = CARTESIAN_POINT('',(2.682217092318E+03,-231.9743429034,
    89.244459227061));
#9123 = CARTESIAN_POINT('',(2.682217092318E+03,231.97434290345,
    89.244459227061));
#9124 = CARTESIAN_POINT('',(2.519903810568E+03,675.,87.332877126427));
#9125 = ORIENTED_EDGE('',*,*,#9126,.F.);
#9126 = EDGE_CURVE('',#9090,#9118,#9127,.T.);
#9127 = B_SPLINE_CURVE_WITH_KNOTS('',1,(#9128,#9129),.UNSPECIFIED.,.F.,
  .F.,(2,2),(14.,15.),.PIECEWISE_BEZIER_KNOTS.);
#9128 = CARTESIAN_POINT('',(2.504906666468E+03,675.,88.951097252658));
#9129 = CARTESIAN_POINT('',(2.519903810568E+03,675.,87.332877126427));
#9130 = B_SPLINE_SURFACE_WITH_KNOTS('',1,3,(
    (#9131,#9132,#9133,#9134)
    ,(#9135,#9136,#9137,#9138
    )),.UNSPECIFIED.,.F.,.F.,.F.,(2,2),(4,4),(14.,15.),(0.,1.),
  .PIECEWISE_BEZIER_KNOTS.);
#9131 = CARTESIAN_POINT('',(2.504906666468E+03,-675.,88.951097252658));
#9132 = CARTESIAN_POINT('',(2.654931143164E+03,-231.9743429034,
    92.188664589782));
#9133 = CARTESIAN_POINT('',(2.654931143164E+03,231.97434290345,
    92.188664589782));
#9134 = CARTESIAN_POINT('',(2.504906666468E+03,675.,88.951097252658));
#9135 = CARTESIAN_POINT('',(2.519903810568E+03,-675.,87.332877126427));
#9136 = CARTESIAN_POINT('',(2.682217092318E+03,-231.9743429034,
    89.244459227061));
#9137 = CARTESIAN_POINT('',(2.682217092318E+03,231.97434290345,
    89.244459227061));
#9138 = CARTESIAN_POINT('',(2.519903810568E+03,675.,87.332877126427));
#9139 = ADVANCED_FACE('',(#9140),#9158,.T.);
#9140 = FACE_BOUND('',#9141,.T.);
#9141 = EDGE_LOOP('',(#9142,#9143,#9144,#9153));
#9142 = ORIENTED_EDGE('',*,*,#9117,.F.);
#9143 = ORIENTED_EDGE('',*,*,#3057,.F.);
#9144 = ORIENTED_EDGE('',*,*,#9145,.T.);
#9145 = EDGE_CURVE('',#3027,#9146,#9148,.T.);
#9146 = VERTEX_POINT('',#9147);
#9147 = CARTESIAN_POINT('',(2.530953893118E+03,675.,86.07468513106));
#9148 = B_SPLINE_CURVE_WITH_KNOTS('',3,(#9149,#9150,#9151,#9152),
  .UNSPECIFIED.,.F.,.F.,(4,4),(0.,1.),.PIECEWISE_BEZIER_KNOTS.);
#9149 = CARTESIAN_POINT('',(2.530953893118E+03,-675.,86.07468513106));
#9150 = CARTESIAN_POINT('',(2.702321719479E+03,-231.9743429034,
    86.955292530858));
#9151 = CARTESIAN_POINT('',(2.702321719479E+03,231.97434290345,
    86.955292530858));
#9152 = CARTESIAN_POINT('',(2.530953893118E+03,675.,86.07468513106));
#9153 = ORIENTED_EDGE('',*,*,#9154,.F.);
#9154 = EDGE_CURVE('',#9118,#9146,#9155,.T.);
#9155 = B_SPLINE_CURVE_WITH_KNOTS('',1,(#9156,#9157),.UNSPECIFIED.,.F.,
  .F.,(2,2),(15.,16.),.PIECEWISE_BEZIER_KNOTS.);
#9156 = CARTESIAN_POINT('',(2.519903810568E+03,675.,87.332877126427));
#9157 = CARTESIAN_POINT('',(2.530953893118E+03,675.,86.07468513106));
#9158 = B_SPLINE_SURFACE_WITH_KNOTS('',1,3,(
    (#9159,#9160,#9161,#9162)
    ,(#9163,#9164,#9165,#9166
    )),.UNSPECIFIED.,.F.,.F.,.F.,(2,2),(4,4),(15.,16.),(0.,1.),
  .PIECEWISE_BEZIER_KNOTS.);
#9159 = CARTESIAN_POINT('',(2.519903810568E+03,-675.,87.332877126427));
#9160 = CARTESIAN_POINT('',(2.682217092318E+03,-231.9743429034,
    89.244459227061));
#9161 = CARTESIAN_POINT('',(2.682217092318E+03,231.97434290345,
    89.244459227061));
#9162 = CARTESIAN_POINT('',(2.519903810568E+03,675.,87.332877126427));
#9163 = CARTESIAN_POINT('',(2.530953893118E+03,-675.,86.07468513106));
#9164 = CARTESIAN_POINT('',(2.702321719479E+03,-231.9743429034,
    86.955292530858));
#9165 = CARTESIAN_POINT('',(2.702321719479E+03,231.97434290345,
    86.955292530858));
#9166 = CARTESIAN_POINT('',(2.530953893118E+03,675.,86.07468513106));
#9167 = ADVANCED_FACE('',(#9168),#9186,.T.);
#9168 = FACE_BOUND('',#9169,.T.);
#9169 = EDGE_LOOP('',(#9170,#9171,#9172,#9181));
#9170 = ORIENTED_EDGE('',*,*,#9145,.F.);
#9171 = ORIENTED_EDGE('',*,*,#3026,.F.);
#9172 = ORIENTED_EDGE('',*,*,#9173,.T.);
#9173 = EDGE_CURVE('',#2852,#9174,#9176,.T.);
#9174 = VERTEX_POINT('',#9175);
#9175 = CARTESIAN_POINT('',(2.537721162952E+03,675.,85.274668982444));
#9176 = B_SPLINE_CURVE_WITH_KNOTS('',3,(#9177,#9178,#9179,#9180),
  .UNSPECIFIED.,.F.,.F.,(4,4),(0.,1.),.PIECEWISE_BEZIER_KNOTS.);
#9177 = CARTESIAN_POINT('',(2.537721162952E+03,-675.,85.274668982444));
#9178 = CARTESIAN_POINT('',(2.714634155725E+03,-231.9743429034,
    85.49973540557));
#9179 = CARTESIAN_POINT('',(2.714634155725E+03,231.97434290345,
    85.49973540557));
#9180 = CARTESIAN_POINT('',(2.537721162952E+03,675.,85.274668982444));
#9181 = ORIENTED_EDGE('',*,*,#9182,.F.);
#9182 = EDGE_CURVE('',#9146,#9174,#9183,.T.);
#9183 = B_SPLINE_CURVE_WITH_KNOTS('',1,(#9184,#9185),.UNSPECIFIED.,.F.,
  .F.,(2,2),(16.,17.),.PIECEWISE_BEZIER_KNOTS.);
#9184 = CARTESIAN_POINT('',(2.530953893118E+03,675.,86.07468513106));
#9185 = CARTESIAN_POINT('',(2.537721162952E+03,675.,85.274668982444));
#9186 = B_SPLINE_SURFACE_WITH_KNOTS('',1,3,(
    (#9187,#9188,#9189,#9190)
    ,(#9191,#9192,#9193,#9194
    )),.UNSPECIFIED.,.F.,.F.,.F.,(2,2),(4,4),(16.,17.),(0.,1.),
  .PIECEWISE_BEZIER_KNOTS.);
#9187 = CARTESIAN_POINT('',(2.530953893118E+03,-675.,86.07468513106));
#9188 = CARTESIAN_POINT('',(2.702321719479E+03,-231.9743429034,
    86.955292530858));
#9189 = CARTESIAN_POINT('',(2.702321719479E+03,231.97434290345,
    86.955292530858));
#9190 = CARTESIAN_POINT('',(2.530953893118E+03,675.,86.07468513106));
#9191 = CARTESIAN_POINT('',(2.537721162952E+03,-675.,85.274668982444));
#9192 = CARTESIAN_POINT('',(2.714634155725E+03,-231.9743429034,
    85.49973540557));
#9193 = CARTESIAN_POINT('',(2.714634155725E+03,231.97434290345,
    85.49973540557));
#9194 = CARTESIAN_POINT('',(2.537721162952E+03,675.,85.274668982444));
#9195 = ADVANCED_FACE('',(#9196),#9214,.T.);
#9196 = FACE_BOUND('',#9197,.T.);
#9197 = EDGE_LOOP('',(#9198,#9199,#9200,#9209));
#9198 = ORIENTED_EDGE('',*,*,#9173,.F.);
#9199 = ORIENTED_EDGE('',*,*,#2851,.F.);
#9200 = ORIENTED_EDGE('',*,*,#9201,.T.);
#9201 = EDGE_CURVE('',#2842,#9202,#9204,.T.);
#9202 = VERTEX_POINT('',#9203);
#9203 = CARTESIAN_POINT('',(2.54E+03,675.,85.));
#9204 = B_SPLINE_CURVE_WITH_KNOTS('',3,(#9205,#9206,#9207,#9208),
  .UNSPECIFIED.,.F.,.F.,(4,4),(0.,1.),.PIECEWISE_BEZIER_KNOTS.);
#9205 = CARTESIAN_POINT('',(2.54E+03,-675.,85.));
#9206 = CARTESIAN_POINT('',(2.718780293911E+03,-231.9743429034,85.));
#9207 = CARTESIAN_POINT('',(2.718780293911E+03,231.97434290345,85.));
#9208 = CARTESIAN_POINT('',(2.54E+03,675.,85.));
#9209 = ORIENTED_EDGE('',*,*,#9210,.F.);
#9210 = EDGE_CURVE('',#9174,#9202,#9211,.T.);
#9211 = B_SPLINE_CURVE_WITH_KNOTS('',1,(#9212,#9213),.UNSPECIFIED.,.F.,
  .F.,(2,2),(17.,18.),.PIECEWISE_BEZIER_KNOTS.);
#9212 = CARTESIAN_POINT('',(2.537721162952E+03,675.,85.274668982444));
#9213 = CARTESIAN_POINT('',(2.54E+03,675.,85.));
#9214 = B_SPLINE_SURFACE_WITH_KNOTS('',1,3,(
    (#9215,#9216,#9217,#9218)
    ,(#9219,#9220,#9221,#9222
    )),.UNSPECIFIED.,.F.,.F.,.F.,(2,2),(4,4),(17.,18.),(0.,1.),
  .PIECEWISE_BEZIER_KNOTS.);
#9215 = CARTESIAN_POINT('',(2.537721162952E+03,-675.,85.274668982444));
#9216 = CARTESIAN_POINT('',(2.714634155725E+03,-231.9743429034,
    85.49973540557));
#9217 = CARTESIAN_POINT('',(2.714634155725E+03,231.97434290345,
    85.49973540557));
#9218 = CARTESIAN_POINT('',(2.537721162952E+03,675.,85.274668982444));
#9219 = CARTESIAN_POINT('',(2.54E+03,-675.,85.));
#9220 = CARTESIAN_POINT('',(2.718780293911E+03,-231.9743429034,85.));
#9221 = CARTESIAN_POINT('',(2.718780293911E+03,231.97434290345,85.));
#9222 = CARTESIAN_POINT('',(2.54E+03,675.,85.));
#9223 = ADVANCED_FACE('',(#9224),#9234,.T.);
#9224 = FACE_BOUND('',#9225,.T.);
#9225 = EDGE_LOOP('',(#9226,#9227,#9228,#9229));
#9226 = ORIENTED_EDGE('',*,*,#9201,.F.);
#9227 = ORIENTED_EDGE('',*,*,#2841,.F.);
#9228 = ORIENTED_EDGE('',*,*,#8797,.T.);
#9229 = ORIENTED_EDGE('',*,*,#9230,.F.);
#9230 = EDGE_CURVE('',#9202,#8798,#9231,.T.);
#9231 = B_SPLINE_CURVE_WITH_KNOTS('',1,(#9232,#9233),.UNSPECIFIED.,.F.,
  .F.,(2,2),(18.,19.),.PIECEWISE_BEZIER_KNOTS.);
#9232 = CARTESIAN_POINT('',(2.54E+03,675.,85.));
#9233 = CARTESIAN_POINT('',(2.537721162952E+03,675.,84.725331017556));
#9234 = B_SPLINE_SURFACE_WITH_KNOTS('',1,3,(
    (#9235,#9236,#9237,#9238)
    ,(#9239,#9240,#9241,#9242
    )),.UNSPECIFIED.,.F.,.F.,.F.,(2,2),(4,4),(18.,19.),(0.,1.),
  .PIECEWISE_BEZIER_KNOTS.);
#9235 = CARTESIAN_POINT('',(2.54E+03,-675.,85.));
#9236 = CARTESIAN_POINT('',(2.718780293911E+03,-231.9743429034,85.));
#9237 = CARTESIAN_POINT('',(2.718780293911E+03,231.97434290345,85.));
#9238 = CARTESIAN_POINT('',(2.54E+03,675.,85.));
#9239 = CARTESIAN_POINT('',(2.537721162952E+03,-675.,84.725331017556));
#9240 = CARTESIAN_POINT('',(2.714634155725E+03,-231.9743429034,
    84.50026459443));
#9241 = CARTESIAN_POINT('',(2.714634155725E+03,231.97434290345,
    84.50026459443));
#9242 = CARTESIAN_POINT('',(2.537721162952E+03,675.,84.725331017556));
#9243 = ADVANCED_FACE('',(#9244),#9276,.T.);
#9244 = FACE_BOUND('',#9245,.T.);
#9245 = EDGE_LOOP('',(#9246,#9254,#9255,#9256,#9257,#9258,#9259,#9260,
    #9261,#9262,#9270));
#9246 = ORIENTED_EDGE('',*,*,#9247,.F.);
#9247 = EDGE_CURVE('',#3879,#9248,#9250,.T.);
#9248 = VERTEX_POINT('',#9249);
#9249 = CARTESIAN_POINT('',(2.73E+03,-35.,120.));
#9250 = LINE('',#9251,#9252);
#9251 = CARTESIAN_POINT('',(2.01E+03,-35.,120.));
#9252 = VECTOR('',#9253,1.);
#9253 = DIRECTION('',(1.,0.,0.));
#9254 = ORIENTED_EDGE('',*,*,#3878,.T.);
#9255 = ORIENTED_EDGE('',*,*,#3790,.T.);
#9256 = ORIENTED_EDGE('',*,*,#3732,.T.);
#9257 = ORIENTED_EDGE('',*,*,#3680,.T.);
#9258 = ORIENTED_EDGE('',*,*,#3628,.T.);
#9259 = ORIENTED_EDGE('',*,*,#3570,.T.);
#9260 = ORIENTED_EDGE('',*,*,#3512,.T.);
#9261 = ORIENTED_EDGE('',*,*,#3463,.T.);
#9262 = ORIENTED_EDGE('',*,*,#9263,.T.);
#9263 = EDGE_CURVE('',#3454,#9264,#9266,.T.);
#9264 = VERTEX_POINT('',#9265);
#9265 = CARTESIAN_POINT('',(2.73E+03,35.,120.));
#9266 = LINE('',#9267,#9268);
#9267 = CARTESIAN_POINT('',(2.01E+03,35.,120.));
#9268 = VECTOR('',#9269,1.);
#9269 = DIRECTION('',(1.,0.,0.));
#9270 = ORIENTED_EDGE('',*,*,#9271,.F.);
#9271 = EDGE_CURVE('',#9248,#9264,#9272,.T.);
#9272 = LINE('',#9273,#9274);
#9273 = CARTESIAN_POINT('',(2.73E+03,-35.,120.));
#9274 = VECTOR('',#9275,1.);
#9275 = DIRECTION('',(0.,1.,0.));
#9276 = PLANE('',#9277);
#9277 = AXIS2_PLACEMENT_3D('',#9278,#9279,#9280);
#9278 = CARTESIAN_POINT('',(2.01E+03,-35.,120.));
#9279 = DIRECTION('',(0.,0.,-1.));
#9280 = DIRECTION('',(1.,0.,0.));
#9281 = ADVANCED_FACE('',(#9282),#9310,.F.);
#9282 = FACE_BOUND('',#9283,.F.);
#9283 = EDGE_LOOP('',(#9284,#9285,#9286,#9294,#9302,#9308,#9309));
#9284 = ORIENTED_EDGE('',*,*,#3453,.T.);
#9285 = ORIENTED_EDGE('',*,*,#9263,.T.);
#9286 = ORIENTED_EDGE('',*,*,#9287,.T.);
#9287 = EDGE_CURVE('',#9264,#9288,#9290,.T.);
#9288 = VERTEX_POINT('',#9289);
#9289 = CARTESIAN_POINT('',(2.62E+03,35.,740.));
#9290 = LINE('',#9291,#9292);
#9291 = CARTESIAN_POINT('',(2.73E+03,35.,120.));
#9292 = VECTOR('',#9293,1.);
#9293 = DIRECTION('',(-0.174691224621,0.,0.984623266047));
#9294 = ORIENTED_EDGE('',*,*,#9295,.T.);
#9295 = EDGE_CURVE('',#9288,#9296,#9298,.T.);
#9296 = VERTEX_POINT('',#9297);
#9297 = CARTESIAN_POINT('',(2.32E+03,35.,740.));
#9298 = LINE('',#9299,#9300);
#9299 = CARTESIAN_POINT('',(2.62E+03,35.,740.));
#9300 = VECTOR('',#9301,1.);
#9301 = DIRECTION('',(-1.,0.,0.));
#9302 = ORIENTED_EDGE('',*,*,#9303,.T.);
#9303 = EDGE_CURVE('',#9296,#7681,#9304,.T.);
#9304 = LINE('',#9305,#9306);
#9305 = CARTESIAN_POINT('',(2.32E+03,35.,740.));
#9306 = VECTOR('',#9307,1.);
#9307 = DIRECTION('',(-0.4472135955,0.,-0.894427191));
#9308 = ORIENTED_EDGE('',*,*,#7690,.F.);
#9309 = ORIENTED_EDGE('',*,*,#7594,.T.);
#9310 = PLANE('',#9311);
#9311 = AXIS2_PLACEMENT_3D('',#9312,#9313,#9314);
#9312 = CARTESIAN_POINT('',(2.404125346658E+03,35.,374.42698083616));
#9313 = DIRECTION('',(-0.,-1.,-0.));
#9314 = DIRECTION('',(0.,0.,-1.));
#9315 = ADVANCED_FACE('',(#9316),#9344,.T.);
#9316 = FACE_BOUND('',#9317,.T.);
#9317 = EDGE_LOOP('',(#9318,#9319,#9320,#9328,#9336,#9342,#9343));
#9318 = ORIENTED_EDGE('',*,*,#3888,.F.);
#9319 = ORIENTED_EDGE('',*,*,#9247,.T.);
#9320 = ORIENTED_EDGE('',*,*,#9321,.T.);
#9321 = EDGE_CURVE('',#9248,#9322,#9324,.T.);
#9322 = VERTEX_POINT('',#9323);
#9323 = CARTESIAN_POINT('',(2.62E+03,-35.,740.));
#9324 = LINE('',#9325,#9326);
#9325 = CARTESIAN_POINT('',(2.73E+03,-35.,120.));
#9326 = VECTOR('',#9327,1.);
#9327 = DIRECTION('',(-0.174691224621,0.,0.984623266047));
#9328 = ORIENTED_EDGE('',*,*,#9329,.T.);
#9329 = EDGE_CURVE('',#9322,#9330,#9332,.T.);
#9330 = VERTEX_POINT('',#9331);
#9331 = CARTESIAN_POINT('',(2.32E+03,-35.,740.));
#9332 = LINE('',#9333,#9334);
#9333 = CARTESIAN_POINT('',(2.62E+03,-35.,740.));
#9334 = VECTOR('',#9335,1.);
#9335 = DIRECTION('',(-1.,0.,0.));
#9336 = ORIENTED_EDGE('',*,*,#9337,.T.);
#9337 = EDGE_CURVE('',#9330,#7875,#9338,.T.);
#9338 = LINE('',#9339,#9340);
#9339 = CARTESIAN_POINT('',(2.32E+03,-35.,740.));
#9340 = VECTOR('',#9341,1.);
#9341 = DIRECTION('',(-0.4472135955,0.,-0.894427191));
#9342 = ORIENTED_EDGE('',*,*,#7874,.T.);
#9343 = ORIENTED_EDGE('',*,*,#7965,.F.);
#9344 = PLANE('',#9345);
#9345 = AXIS2_PLACEMENT_3D('',#9346,#9347,#9348);
#9346 = CARTESIAN_POINT('',(2.404125346658E+03,-35.,374.42698083616));
#9347 = DIRECTION('',(-0.,-1.,-0.));
#9348 = DIRECTION('',(0.,0.,-1.));
#9349 = ADVANCED_FACE('',(#9350),#9377,.T.);
#9350 = FACE_BOUND('',#9351,.T.);
#9351 = EDGE_LOOP('',(#9352,#9361,#9368,#9375,#9376));
#9352 = ORIENTED_EDGE('',*,*,#9353,.F.);
#9353 = EDGE_CURVE('',#9354,#4498,#9356,.T.);
#9354 = VERTEX_POINT('',#9355);
#9355 = CARTESIAN_POINT('',(2.537721162952E+03,-675.,84.725331017556));
#9356 = B_SPLINE_CURVE_WITH_KNOTS('',3,(#9357,#9358,#9359,#9360),
  .UNSPECIFIED.,.F.,.F.,(4,4),(0.,1.),.PIECEWISE_BEZIER_KNOTS.);
#9357 = CARTESIAN_POINT('',(2.537721162952E+03,-675.,84.725331017556));
#9358 = CARTESIAN_POINT('',(2.714634155725E+03,-231.9743429034,
    84.50026459443));
#9359 = CARTESIAN_POINT('',(2.714634155725E+03,231.97434290345,
    84.50026459443));
#9360 = CARTESIAN_POINT('',(2.537721162952E+03,675.,84.725331017556));
#9361 = ORIENTED_EDGE('',*,*,#9362,.T.);
#9362 = EDGE_CURVE('',#9354,#9363,#9365,.T.);
#9363 = VERTEX_POINT('',#9364);
#9364 = CARTESIAN_POINT('',(2.530953893118E+03,-675.,83.92531486894));
#9365 = B_SPLINE_CURVE_WITH_KNOTS('',1,(#9366,#9367),.UNSPECIFIED.,.F.,
  .F.,(2,2),(19.,20.),.PIECEWISE_BEZIER_KNOTS.);
#9366 = CARTESIAN_POINT('',(2.537721162952E+03,-675.,84.725331017556));
#9367 = CARTESIAN_POINT('',(2.530953893118E+03,-675.,83.92531486894));
#9368 = ORIENTED_EDGE('',*,*,#9369,.T.);
#9369 = EDGE_CURVE('',#9363,#4560,#9370,.T.);
#9370 = B_SPLINE_CURVE_WITH_KNOTS('',3,(#9371,#9372,#9373,#9374),
  .UNSPECIFIED.,.F.,.F.,(4,4),(0.,1.),.PIECEWISE_BEZIER_KNOTS.);
#9371 = CARTESIAN_POINT('',(2.530953893118E+03,-675.,83.92531486894));
#9372 = CARTESIAN_POINT('',(2.702321719479E+03,-231.9743429034,
    83.044707469142));
#9373 = CARTESIAN_POINT('',(2.702321719479E+03,231.97434290345,
    83.044707469142));
#9374 = CARTESIAN_POINT('',(2.530953893118E+03,675.,83.92531486894));
#9375 = ORIENTED_EDGE('',*,*,#4559,.F.);
#9376 = ORIENTED_EDGE('',*,*,#4507,.F.);
#9377 = B_SPLINE_SURFACE_WITH_KNOTS('',1,3,(
    (#9378,#9379,#9380,#9381)
    ,(#9382,#9383,#9384,#9385
    )),.UNSPECIFIED.,.F.,.F.,.F.,(2,2),(4,4),(19.,20.),(0.,1.),
  .PIECEWISE_BEZIER_KNOTS.);
#9378 = CARTESIAN_POINT('',(2.537721162952E+03,-675.,84.725331017556));
#9379 = CARTESIAN_POINT('',(2.714634155725E+03,-231.9743429034,
    84.50026459443));
#9380 = CARTESIAN_POINT('',(2.714634155725E+03,231.97434290345,
    84.50026459443));
#9381 = CARTESIAN_POINT('',(2.537721162952E+03,675.,84.725331017556));
#9382 = CARTESIAN_POINT('',(2.530953893118E+03,-675.,83.92531486894));
#9383 = CARTESIAN_POINT('',(2.702321719479E+03,-231.9743429034,
    83.044707469142));
#9384 = CARTESIAN_POINT('',(2.702321719479E+03,231.97434290345,
    83.044707469142));
#9385 = CARTESIAN_POINT('',(2.530953893118E+03,675.,83.92531486894));
#9386 = ADVANCED_FACE('',(#9387),#9405,.T.);
#9387 = FACE_BOUND('',#9388,.T.);
#9388 = EDGE_LOOP('',(#9389,#9398,#9403,#9404));
#9389 = ORIENTED_EDGE('',*,*,#9390,.F.);
#9390 = EDGE_CURVE('',#9391,#4326,#9393,.T.);
#9391 = VERTEX_POINT('',#9392);
#9392 = CARTESIAN_POINT('',(2.54E+03,-675.,85.));
#9393 = B_SPLINE_CURVE_WITH_KNOTS('',3,(#9394,#9395,#9396,#9397),
  .UNSPECIFIED.,.F.,.F.,(4,4),(0.,1.),.PIECEWISE_BEZIER_KNOTS.);
#9394 = CARTESIAN_POINT('',(2.54E+03,-675.,85.));
#9395 = CARTESIAN_POINT('',(2.718780293911E+03,-231.9743429034,85.));
#9396 = CARTESIAN_POINT('',(2.718780293911E+03,231.97434290345,85.));
#9397 = CARTESIAN_POINT('',(2.54E+03,675.,85.));
#9398 = ORIENTED_EDGE('',*,*,#9399,.T.);
#9399 = EDGE_CURVE('',#9391,#9354,#9400,.T.);
#9400 = B_SPLINE_CURVE_WITH_KNOTS('',1,(#9401,#9402),.UNSPECIFIED.,.F.,
  .F.,(2,2),(18.,19.),.PIECEWISE_BEZIER_KNOTS.);
#9401 = CARTESIAN_POINT('',(2.54E+03,-675.,85.));
#9402 = CARTESIAN_POINT('',(2.537721162952E+03,-675.,84.725331017556));
#9403 = ORIENTED_EDGE('',*,*,#9353,.T.);
#9404 = ORIENTED_EDGE('',*,*,#4497,.F.);
#9405 = B_SPLINE_SURFACE_WITH_KNOTS('',1,3,(
    (#9406,#9407,#9408,#9409)
    ,(#9410,#9411,#9412,#9413
    )),.UNSPECIFIED.,.F.,.F.,.F.,(2,2),(4,4),(18.,19.),(0.,1.),
  .PIECEWISE_BEZIER_KNOTS.);
#9406 = CARTESIAN_POINT('',(2.54E+03,-675.,85.));
#9407 = CARTESIAN_POINT('',(2.718780293911E+03,-231.9743429034,85.));
#9408 = CARTESIAN_POINT('',(2.718780293911E+03,231.97434290345,85.));
#9409 = CARTESIAN_POINT('',(2.54E+03,675.,85.));
#9410 = CARTESIAN_POINT('',(2.537721162952E+03,-675.,84.725331017556));
#9411 = CARTESIAN_POINT('',(2.714634155725E+03,-231.9743429034,
    84.50026459443));
#9412 = CARTESIAN_POINT('',(2.714634155725E+03,231.97434290345,
    84.50026459443));
#9413 = CARTESIAN_POINT('',(2.537721162952E+03,675.,84.725331017556));
#9414 = ADVANCED_FACE('',(#9415),#9433,.T.);
#9415 = FACE_BOUND('',#9416,.T.);
#9416 = EDGE_LOOP('',(#9417,#9426,#9431,#9432));
#9417 = ORIENTED_EDGE('',*,*,#9418,.F.);
#9418 = EDGE_CURVE('',#9419,#4295,#9421,.T.);
#9419 = VERTEX_POINT('',#9420);
#9420 = CARTESIAN_POINT('',(2.537721162952E+03,-675.,85.274668982444));
#9421 = B_SPLINE_CURVE_WITH_KNOTS('',3,(#9422,#9423,#9424,#9425),
  .UNSPECIFIED.,.F.,.F.,(4,4),(0.,1.),.PIECEWISE_BEZIER_KNOTS.);
#9422 = CARTESIAN_POINT('',(2.537721162952E+03,-675.,85.274668982444));
#9423 = CARTESIAN_POINT('',(2.714634155725E+03,-231.9743429034,
    85.49973540557));
#9424 = CARTESIAN_POINT('',(2.714634155725E+03,231.97434290345,
    85.49973540557));
#9425 = CARTESIAN_POINT('',(2.537721162952E+03,675.,85.274668982444));
#9426 = ORIENTED_EDGE('',*,*,#9427,.T.);
#9427 = EDGE_CURVE('',#9419,#9391,#9428,.T.);
#9428 = B_SPLINE_CURVE_WITH_KNOTS('',1,(#9429,#9430),.UNSPECIFIED.,.F.,
  .F.,(2,2),(17.,18.),.PIECEWISE_BEZIER_KNOTS.);
#9429 = CARTESIAN_POINT('',(2.537721162952E+03,-675.,85.274668982444));
#9430 = CARTESIAN_POINT('',(2.54E+03,-675.,85.));
#9431 = ORIENTED_EDGE('',*,*,#9390,.T.);
#9432 = ORIENTED_EDGE('',*,*,#4325,.F.);
#9433 = B_SPLINE_SURFACE_WITH_KNOTS('',1,3,(
    (#9434,#9435,#9436,#9437)
    ,(#9438,#9439,#9440,#9441
    )),.UNSPECIFIED.,.F.,.F.,.F.,(2,2),(4,4),(17.,18.),(0.,1.),
  .PIECEWISE_BEZIER_KNOTS.);
#9434 = CARTESIAN_POINT('',(2.537721162952E+03,-675.,85.274668982444));
#9435 = CARTESIAN_POINT('',(2.714634155725E+03,-231.9743429034,
    85.49973540557));
#9436 = CARTESIAN_POINT('',(2.714634155725E+03,231.97434290345,
    85.49973540557));
#9437 = CARTESIAN_POINT('',(2.537721162952E+03,675.,85.274668982444));
#9438 = CARTESIAN_POINT('',(2.54E+03,-675.,85.));
#9439 = CARTESIAN_POINT('',(2.718780293911E+03,-231.9743429034,85.));
#9440 = CARTESIAN_POINT('',(2.718780293911E+03,231.97434290345,85.));
#9441 = CARTESIAN_POINT('',(2.54E+03,675.,85.));
#9442 = ADVANCED_FACE('',(#9443),#9461,.T.);
#9443 = FACE_BOUND('',#9444,.T.);
#9444 = EDGE_LOOP('',(#9445,#9454,#9459,#9460));
#9445 = ORIENTED_EDGE('',*,*,#9446,.F.);
#9446 = EDGE_CURVE('',#9447,#4264,#9449,.T.);
#9447 = VERTEX_POINT('',#9448);
#9448 = CARTESIAN_POINT('',(2.530953893118E+03,-675.,86.07468513106));
#9449 = B_SPLINE_CURVE_WITH_KNOTS('',3,(#9450,#9451,#9452,#9453),
  .UNSPECIFIED.,.F.,.F.,(4,4),(0.,1.),.PIECEWISE_BEZIER_KNOTS.);
#9450 = CARTESIAN_POINT('',(2.530953893118E+03,-675.,86.07468513106));
#9451 = CARTESIAN_POINT('',(2.702321719479E+03,-231.9743429034,
    86.955292530858));
#9452 = CARTESIAN_POINT('',(2.702321719479E+03,231.97434290345,
    86.955292530858));
#9453 = CARTESIAN_POINT('',(2.530953893118E+03,675.,86.07468513106));
#9454 = ORIENTED_EDGE('',*,*,#9455,.T.);
#9455 = EDGE_CURVE('',#9447,#9419,#9456,.T.);
#9456 = B_SPLINE_CURVE_WITH_KNOTS('',1,(#9457,#9458),.UNSPECIFIED.,.F.,
  .F.,(2,2),(16.,17.),.PIECEWISE_BEZIER_KNOTS.);
#9457 = CARTESIAN_POINT('',(2.530953893118E+03,-675.,86.07468513106));
#9458 = CARTESIAN_POINT('',(2.537721162952E+03,-675.,85.274668982444));
#9459 = ORIENTED_EDGE('',*,*,#9418,.T.);
#9460 = ORIENTED_EDGE('',*,*,#4294,.F.);
#9461 = B_SPLINE_SURFACE_WITH_KNOTS('',1,3,(
    (#9462,#9463,#9464,#9465)
    ,(#9466,#9467,#9468,#9469
    )),.UNSPECIFIED.,.F.,.F.,.F.,(2,2),(4,4),(16.,17.),(0.,1.),
  .PIECEWISE_BEZIER_KNOTS.);
#9462 = CARTESIAN_POINT('',(2.530953893118E+03,-675.,86.07468513106));
#9463 = CARTESIAN_POINT('',(2.702321719479E+03,-231.9743429034,
    86.955292530858));
#9464 = CARTESIAN_POINT('',(2.702321719479E+03,231.97434290345,
    86.955292530858));
#9465 = CARTESIAN_POINT('',(2.530953893118E+03,675.,86.07468513106));
#9466 = CARTESIAN_POINT('',(2.537721162952E+03,-675.,85.274668982444));
#9467 = CARTESIAN_POINT('',(2.714634155725E+03,-231.9743429034,
    85.49973540557));
#9468 = CARTESIAN_POINT('',(2.714634155725E+03,231.97434290345,
    85.49973540557));
#9469 = CARTESIAN_POINT('',(2.537721162952E+03,675.,85.274668982444));
#9470 = ADVANCED_FACE('',(#9471),#9489,.T.);
#9471 = FACE_BOUND('',#9472,.T.);
#9472 = EDGE_LOOP('',(#9473,#9482,#9487,#9488));
#9473 = ORIENTED_EDGE('',*,*,#9474,.F.);
#9474 = EDGE_CURVE('',#9475,#4233,#9477,.T.);
#9475 = VERTEX_POINT('',#9476);
#9476 = CARTESIAN_POINT('',(2.519903810568E+03,-675.,87.332877126427));
#9477 = B_SPLINE_CURVE_WITH_KNOTS('',3,(#9478,#9479,#9480,#9481),
  .UNSPECIFIED.,.F.,.F.,(4,4),(0.,1.),.PIECEWISE_BEZIER_KNOTS.);
#9478 = CARTESIAN_POINT('',(2.519903810568E+03,-675.,87.332877126427));
#9479 = CARTESIAN_POINT('',(2.682217092318E+03,-231.9743429034,
    89.244459227061));
#9480 = CARTESIAN_POINT('',(2.682217092318E+03,231.97434290345,
    89.244459227061));
#9481 = CARTESIAN_POINT('',(2.519903810568E+03,675.,87.332877126427));
#9482 = ORIENTED_EDGE('',*,*,#9483,.T.);
#9483 = EDGE_CURVE('',#9475,#9447,#9484,.T.);
#9484 = B_SPLINE_CURVE_WITH_KNOTS('',1,(#9485,#9486),.UNSPECIFIED.,.F.,
  .F.,(2,2),(15.,16.),.PIECEWISE_BEZIER_KNOTS.);
#9485 = CARTESIAN_POINT('',(2.519903810568E+03,-675.,87.332877126427));
#9486 = CARTESIAN_POINT('',(2.530953893118E+03,-675.,86.07468513106));
#9487 = ORIENTED_EDGE('',*,*,#9446,.T.);
#9488 = ORIENTED_EDGE('',*,*,#4263,.F.);
#9489 = B_SPLINE_SURFACE_WITH_KNOTS('',1,3,(
    (#9490,#9491,#9492,#9493)
    ,(#9494,#9495,#9496,#9497
    )),.UNSPECIFIED.,.F.,.F.,.F.,(2,2),(4,4),(15.,16.),(0.,1.),
  .PIECEWISE_BEZIER_KNOTS.);
#9490 = CARTESIAN_POINT('',(2.519903810568E+03,-675.,87.332877126427));
#9491 = CARTESIAN_POINT('',(2.682217092318E+03,-231.9743429034,
    89.244459227061));
#9492 = CARTESIAN_POINT('',(2.682217092318E+03,231.97434290345,
    89.244459227061));
#9493 = CARTESIAN_POINT('',(2.519903810568E+03,675.,87.332877126427));
#9494 = CARTESIAN_POINT('',(2.530953893118E+03,-675.,86.07468513106));
#9495 = CARTESIAN_POINT('',(2.702321719479E+03,-231.9743429034,
    86.955292530858));
#9496 = CARTESIAN_POINT('',(2.702321719479E+03,231.97434290345,
    86.955292530858));
#9497 = CARTESIAN_POINT('',(2.530953893118E+03,675.,86.07468513106));
#9498 = ADVANCED_FACE('',(#9499),#9517,.T.);
#9499 = FACE_BOUND('',#9500,.T.);
#9500 = EDGE_LOOP('',(#9501,#9510,#9515,#9516));
#9501 = ORIENTED_EDGE('',*,*,#9502,.F.);
#9502 = EDGE_CURVE('',#9503,#4202,#9505,.T.);
#9503 = VERTEX_POINT('',#9504);
#9504 = CARTESIAN_POINT('',(2.504906666468E+03,-675.,88.951097252658));
#9505 = B_SPLINE_CURVE_WITH_KNOTS('',3,(#9506,#9507,#9508,#9509),
  .UNSPECIFIED.,.F.,.F.,(4,4),(0.,1.),.PIECEWISE_BEZIER_KNOTS.);
#9506 = CARTESIAN_POINT('',(2.504906666468E+03,-675.,88.951097252658));
#9507 = CARTESIAN_POINT('',(2.654931143164E+03,-231.9743429034,
    92.188664589782));
#9508 = CARTESIAN_POINT('',(2.654931143164E+03,231.97434290345,
    92.188664589782));
#9509 = CARTESIAN_POINT('',(2.504906666468E+03,675.,88.951097252658));
#9510 = ORIENTED_EDGE('',*,*,#9511,.T.);
#9511 = EDGE_CURVE('',#9503,#9475,#9512,.T.);
#9512 = B_SPLINE_CURVE_WITH_KNOTS('',1,(#9513,#9514),.UNSPECIFIED.,.F.,
  .F.,(2,2),(14.,15.),.PIECEWISE_BEZIER_KNOTS.);
#9513 = CARTESIAN_POINT('',(2.504906666468E+03,-675.,88.951097252658));
#9514 = CARTESIAN_POINT('',(2.519903810568E+03,-675.,87.332877126427));
#9515 = ORIENTED_EDGE('',*,*,#9474,.T.);
#9516 = ORIENTED_EDGE('',*,*,#4232,.F.);
#9517 = B_SPLINE_SURFACE_WITH_KNOTS('',1,3,(
    (#9518,#9519,#9520,#9521)
    ,(#9522,#9523,#9524,#9525
    )),.UNSPECIFIED.,.F.,.F.,.F.,(2,2),(4,4),(14.,15.),(0.,1.),
  .PIECEWISE_BEZIER_KNOTS.);
#9518 = CARTESIAN_POINT('',(2.504906666468E+03,-675.,88.951097252658));
#9519 = CARTESIAN_POINT('',(2.654931143164E+03,-231.9743429034,
    92.188664589782));
#9520 = CARTESIAN_POINT('',(2.654931143164E+03,231.97434290345,
    92.188664589782));
#9521 = CARTESIAN_POINT('',(2.504906666468E+03,675.,88.951097252658));
#9522 = CARTESIAN_POINT('',(2.519903810568E+03,-675.,87.332877126427));
#9523 = CARTESIAN_POINT('',(2.682217092318E+03,-231.9743429034,
    89.244459227061));
#9524 = CARTESIAN_POINT('',(2.682217092318E+03,231.97434290345,
    89.244459227061));
#9525 = CARTESIAN_POINT('',(2.519903810568E+03,675.,87.332877126427));
#9526 = ADVANCED_FACE('',(#9527),#9545,.T.);
#9527 = FACE_BOUND('',#9528,.T.);
#9528 = EDGE_LOOP('',(#9529,#9538,#9543,#9544));
#9529 = ORIENTED_EDGE('',*,*,#9530,.F.);
#9530 = EDGE_CURVE('',#9531,#4165,#9533,.T.);
#9531 = VERTEX_POINT('',#9532);
#9532 = CARTESIAN_POINT('',(2.486418141453E+03,-675.,90.814368960687));
#9533 = B_SPLINE_CURVE_WITH_KNOTS('',3,(#9534,#9535,#9536,#9537),
  .UNSPECIFIED.,.F.,.F.,(4,4),(0.,1.),.PIECEWISE_BEZIER_KNOTS.);
#9534 = CARTESIAN_POINT('',(2.486418141453E+03,-675.,90.814368960687));
#9535 = CARTESIAN_POINT('',(2.621292941775E+03,-231.9743429034,
    95.578719172629));
#9536 = CARTESIAN_POINT('',(2.621292941775E+03,231.97434290345,
    95.578719172629));
#9537 = CARTESIAN_POINT('',(2.486418141453E+03,675.,90.814368960687));
#9538 = ORIENTED_EDGE('',*,*,#9539,.T.);
#9539 = EDGE_CURVE('',#9531,#9503,#9540,.T.);
#9540 = B_SPLINE_CURVE_WITH_KNOTS('',1,(#9541,#9542),.UNSPECIFIED.,.F.,
  .F.,(2,2),(13.,14.),.PIECEWISE_BEZIER_KNOTS.);
#9541 = CARTESIAN_POINT('',(2.486418141453E+03,-675.,90.814368960687));
#9542 = CARTESIAN_POINT('',(2.504906666468E+03,-675.,88.951097252658));
#9543 = ORIENTED_EDGE('',*,*,#9502,.T.);
#9544 = ORIENTED_EDGE('',*,*,#4201,.F.);
#9545 = B_SPLINE_SURFACE_WITH_KNOTS('',1,3,(
    (#9546,#9547,#9548,#9549)
    ,(#9550,#9551,#9552,#9553
    )),.UNSPECIFIED.,.F.,.F.,.F.,(2,2),(4,4),(13.,14.),(0.,1.),
  .PIECEWISE_BEZIER_KNOTS.);
#9546 = CARTESIAN_POINT('',(2.486418141453E+03,-675.,90.814368960687));
#9547 = CARTESIAN_POINT('',(2.621292941775E+03,-231.9743429034,
    95.578719172629));
#9548 = CARTESIAN_POINT('',(2.621292941775E+03,231.97434290345,
    95.578719172629));
#9549 = CARTESIAN_POINT('',(2.486418141453E+03,675.,90.814368960687));
#9550 = CARTESIAN_POINT('',(2.504906666468E+03,-675.,88.951097252658));
#9551 = CARTESIAN_POINT('',(2.654931143164E+03,-231.9743429034,
    92.188664589782));
#9552 = CARTESIAN_POINT('',(2.654931143164E+03,231.97434290345,
    92.188664589782));
#9553 = CARTESIAN_POINT('',(2.504906666468E+03,675.,88.951097252658));
#9554 = ADVANCED_FACE('',(#9555),#9573,.T.);
#9555 = FACE_BOUND('',#9556,.T.);
#9556 = EDGE_LOOP('',(#9557,#9566,#9571,#9572));
#9557 = ORIENTED_EDGE('',*,*,#9558,.F.);
#9558 = EDGE_CURVE('',#9559,#4137,#9561,.T.);
#9559 = VERTEX_POINT('',#9560);
#9560 = CARTESIAN_POINT('',(2.465E+03,-675.,92.80109760754));
#9561 = B_SPLINE_CURVE_WITH_KNOTS('',3,(#9562,#9563,#9564,#9565),
  .UNSPECIFIED.,.F.,.F.,(4,4),(0.,1.),.PIECEWISE_BEZIER_KNOTS.);
#9562 = CARTESIAN_POINT('',(2.465E+03,-675.,92.80109760754));
#9563 = CARTESIAN_POINT('',(2.582324567879E+03,-231.9743429034,
    99.193392505089));
#9564 = CARTESIAN_POINT('',(2.582324567879E+03,231.97434290345,
    99.193392505089));
#9565 = CARTESIAN_POINT('',(2.465E+03,675.,92.80109760754));
#9566 = ORIENTED_EDGE('',*,*,#9567,.T.);
#9567 = EDGE_CURVE('',#9559,#9531,#9568,.T.);
#9568 = B_SPLINE_CURVE_WITH_KNOTS('',1,(#9569,#9570),.UNSPECIFIED.,.F.,
  .F.,(2,2),(12.,13.),.PIECEWISE_BEZIER_KNOTS.);
#9569 = CARTESIAN_POINT('',(2.465E+03,-675.,92.80109760754));
#9570 = CARTESIAN_POINT('',(2.486418141453E+03,-675.,90.814368960687));
#9571 = ORIENTED_EDGE('',*,*,#9530,.T.);
#9572 = ORIENTED_EDGE('',*,*,#4164,.F.);
#9573 = B_SPLINE_SURFACE_WITH_KNOTS('',1,3,(
    (#9574,#9575,#9576,#9577)
    ,(#9578,#9579,#9580,#9581
    )),.UNSPECIFIED.,.F.,.F.,.F.,(2,2),(4,4),(12.,13.),(0.,1.),
  .PIECEWISE_BEZIER_KNOTS.);
#9574 = CARTESIAN_POINT('',(2.465E+03,-675.,92.80109760754));
#9575 = CARTESIAN_POINT('',(2.582324567879E+03,-231.9743429034,
    99.193392505089));
#9576 = CARTESIAN_POINT('',(2.582324567879E+03,231.97434290345,
    99.193392505089));
#9577 = CARTESIAN_POINT('',(2.465E+03,675.,92.80109760754));
#9578 = CARTESIAN_POINT('',(2.486418141453E+03,-675.,90.814368960687));
#9579 = CARTESIAN_POINT('',(2.621292941775E+03,-231.9743429034,
    95.578719172629));
#9580 = CARTESIAN_POINT('',(2.621292941775E+03,231.97434290345,
    95.578719172629));
#9581 = CARTESIAN_POINT('',(2.486418141453E+03,675.,90.814368960687));
#9582 = ADVANCED_FACE('',(#9583),#9601,.T.);
#9583 = FACE_BOUND('',#9584,.T.);
#9584 = EDGE_LOOP('',(#9585,#9594,#9599,#9600));
#9585 = ORIENTED_EDGE('',*,*,#9586,.F.);
#9586 = EDGE_CURVE('',#9587,#4106,#9589,.T.);
#9587 = VERTEX_POINT('',#9588);
#9588 = CARTESIAN_POINT('',(2.441303021499E+03,-675.,94.786146146514));
#9589 = B_SPLINE_CURVE_WITH_KNOTS('',3,(#9590,#9591,#9592,#9593),
  .UNSPECIFIED.,.F.,.F.,(4,4),(0.,1.),.PIECEWISE_BEZIER_KNOTS.);
#9590 = CARTESIAN_POINT('',(2.441303021499E+03,-675.,94.786146146514));
#9591 = CARTESIAN_POINT('',(2.539210055797E+03,-231.9743429034,
    102.805009033));
#9592 = CARTESIAN_POINT('',(2.539210055797E+03,231.97434290345,
    102.805009033));
#9593 = CARTESIAN_POINT('',(2.441303021499E+03,675.,94.786146146514));
#9594 = ORIENTED_EDGE('',*,*,#9595,.T.);
#9595 = EDGE_CURVE('',#9587,#9559,#9596,.T.);
#9596 = B_SPLINE_CURVE_WITH_KNOTS('',1,(#9597,#9598),.UNSPECIFIED.,.F.,
  .F.,(2,2),(11.,12.),.PIECEWISE_BEZIER_KNOTS.);
#9597 = CARTESIAN_POINT('',(2.441303021499E+03,-675.,94.786146146514));
#9598 = CARTESIAN_POINT('',(2.465E+03,-675.,92.80109760754));
#9599 = ORIENTED_EDGE('',*,*,#9558,.T.);
#9600 = ORIENTED_EDGE('',*,*,#4136,.F.);
#9601 = B_SPLINE_SURFACE_WITH_KNOTS('',1,3,(
    (#9602,#9603,#9604,#9605)
    ,(#9606,#9607,#9608,#9609
    )),.UNSPECIFIED.,.F.,.F.,.F.,(2,2),(4,4),(11.,12.),(0.,1.),
  .PIECEWISE_BEZIER_KNOTS.);
#9602 = CARTESIAN_POINT('',(2.441303021499E+03,-675.,94.786146146514));
#9603 = CARTESIAN_POINT('',(2.539210055797E+03,-231.9743429034,
    102.805009033));
#9604 = CARTESIAN_POINT('',(2.539210055797E+03,231.97434290345,
    102.805009033));
#9605 = CARTESIAN_POINT('',(2.441303021499E+03,675.,94.786146146514));
#9606 = CARTESIAN_POINT('',(2.465E+03,-675.,92.80109760754));
#9607 = CARTESIAN_POINT('',(2.582324567879E+03,-231.9743429034,
    99.193392505089));
#9608 = CARTESIAN_POINT('',(2.582324567879E+03,231.97434290345,
    99.193392505089));
#9609 = CARTESIAN_POINT('',(2.465E+03,675.,92.80109760754));
#9610 = ADVANCED_FACE('',(#9611),#9629,.T.);
#9611 = FACE_BOUND('',#9612,.T.);
#9612 = EDGE_LOOP('',(#9613,#9622,#9627,#9628));
#9613 = ORIENTED_EDGE('',*,*,#9614,.F.);
#9614 = EDGE_CURVE('',#9615,#4075,#9617,.T.);
#9615 = VERTEX_POINT('',#9616);
#9616 = CARTESIAN_POINT('',(2.41604722665E+03,-675.,96.638026723523));
#9617 = B_SPLINE_CURVE_WITH_KNOTS('',3,(#9618,#9619,#9620,#9621),
  .UNSPECIFIED.,.F.,.F.,(4,4),(0.,1.),.PIECEWISE_BEZIER_KNOTS.);
#9618 = CARTESIAN_POINT('',(2.41604722665E+03,-675.,96.638026723523));
#9619 = CARTESIAN_POINT('',(2.493259418162E+03,-231.9743429034,
    106.1743384818));
#9620 = CARTESIAN_POINT('',(2.493259418162E+03,231.97434290345,
    106.1743384818));
#9621 = CARTESIAN_POINT('',(2.41604722665E+03,675.,96.638026723523));
#9622 = ORIENTED_EDGE('',*,*,#9623,.T.);
#9623 = EDGE_CURVE('',#9615,#9587,#9624,.T.);
#9624 = B_SPLINE_CURVE_WITH_KNOTS('',1,(#9625,#9626),.UNSPECIFIED.,.F.,
  .F.,(2,2),(10.,11.),.PIECEWISE_BEZIER_KNOTS.);
#9625 = CARTESIAN_POINT('',(2.41604722665E+03,-675.,96.638026723523));
#9626 = CARTESIAN_POINT('',(2.441303021499E+03,-675.,94.786146146514));
#9627 = ORIENTED_EDGE('',*,*,#9586,.T.);
#9628 = ORIENTED_EDGE('',*,*,#4105,.F.);
#9629 = B_SPLINE_SURFACE_WITH_KNOTS('',1,3,(
    (#9630,#9631,#9632,#9633)
    ,(#9634,#9635,#9636,#9637
    )),.UNSPECIFIED.,.F.,.F.,.F.,(2,2),(4,4),(10.,11.),(0.,1.),
  .PIECEWISE_BEZIER_KNOTS.);
#9630 = CARTESIAN_POINT('',(2.41604722665E+03,-675.,96.638026723523));
#9631 = CARTESIAN_POINT('',(2.493259418162E+03,-231.9743429034,
    106.1743384818));
#9632 = CARTESIAN_POINT('',(2.493259418162E+03,231.97434290345,
    106.1743384818));
#9633 = CARTESIAN_POINT('',(2.41604722665E+03,675.,96.638026723523));
#9634 = CARTESIAN_POINT('',(2.441303021499E+03,-675.,94.786146146514));
#9635 = CARTESIAN_POINT('',(2.539210055797E+03,-231.9743429034,
    102.805009033));
#9636 = CARTESIAN_POINT('',(2.539210055797E+03,231.97434290345,
    102.805009033));
#9637 = CARTESIAN_POINT('',(2.441303021499E+03,675.,94.786146146514));
#9638 = ADVANCED_FACE('',(#9639),#9657,.T.);
#9639 = FACE_BOUND('',#9640,.T.);
#9640 = EDGE_LOOP('',(#9641,#9650,#9655,#9656));
#9641 = ORIENTED_EDGE('',*,*,#9642,.F.);
#9642 = EDGE_CURVE('',#9643,#4056,#9645,.T.);
#9643 = VERTEX_POINT('',#9644);
#9644 = CARTESIAN_POINT('',(2.39E+03,-675.,98.215375500143));
#9645 = B_SPLINE_CURVE_WITH_KNOTS('',3,(#9646,#9647,#9648,#9649),
  .UNSPECIFIED.,.F.,.F.,(4,4),(0.,1.),.PIECEWISE_BEZIER_KNOTS.);
#9646 = CARTESIAN_POINT('',(2.39E+03,-675.,98.215375500143));
#9647 = CARTESIAN_POINT('',(2.445868841847E+03,-231.9743429034,
    109.04418211539));
#9648 = CARTESIAN_POINT('',(2.445868841847E+03,231.97434290345,
    109.04418211539));
#9649 = CARTESIAN_POINT('',(2.39E+03,675.,98.215375500143));
#9650 = ORIENTED_EDGE('',*,*,#9651,.T.);
#9651 = EDGE_CURVE('',#9643,#9615,#9652,.T.);
#9652 = B_SPLINE_CURVE_WITH_KNOTS('',1,(#9653,#9654),.UNSPECIFIED.,.F.,
  .F.,(2,2),(9.,10.),.PIECEWISE_BEZIER_KNOTS.);
#9653 = CARTESIAN_POINT('',(2.39E+03,-675.,98.215375500143));
#9654 = CARTESIAN_POINT('',(2.41604722665E+03,-675.,96.638026723523));
#9655 = ORIENTED_EDGE('',*,*,#9614,.T.);
#9656 = ORIENTED_EDGE('',*,*,#4074,.F.);
#9657 = B_SPLINE_SURFACE_WITH_KNOTS('',1,3,(
    (#9658,#9659,#9660,#9661)
    ,(#9662,#9663,#9664,#9665
    )),.UNSPECIFIED.,.F.,.F.,.F.,(2,2),(4,4),(9.,10.),(0.,1.),
  .PIECEWISE_BEZIER_KNOTS.);
#9658 = CARTESIAN_POINT('',(2.39E+03,-675.,98.215375500143));
#9659 = CARTESIAN_POINT('',(2.445868841847E+03,-231.9743429034,
    109.04418211539));
#9660 = CARTESIAN_POINT('',(2.445868841847E+03,231.97434290345,
    109.04418211539));
#9661 = CARTESIAN_POINT('',(2.39E+03,675.,98.215375500143));
#9662 = CARTESIAN_POINT('',(2.41604722665E+03,-675.,96.638026723523));
#9663 = CARTESIAN_POINT('',(2.493259418162E+03,-231.9743429034,
    106.1743384818));
#9664 = CARTESIAN_POINT('',(2.493259418162E+03,231.97434290345,
    106.1743384818));
#9665 = CARTESIAN_POINT('',(2.41604722665E+03,675.,96.638026723523));
#9666 = ADVANCED_FACE('',(#9667),#9685,.T.);
#9667 = FACE_BOUND('',#9668,.T.);
#9668 = EDGE_LOOP('',(#9669,#9678,#9683,#9684));
#9669 = ORIENTED_EDGE('',*,*,#9670,.F.);
#9670 = EDGE_CURVE('',#9671,#4037,#9673,.T.);
#9671 = VERTEX_POINT('',#9672);
#9672 = CARTESIAN_POINT('',(2.36395277335E+03,-675.,99.369126562426));
#9673 = B_SPLINE_CURVE_WITH_KNOTS('',3,(#9674,#9675,#9676,#9677),
  .UNSPECIFIED.,.F.,.F.,(4,4),(0.,1.),.PIECEWISE_BEZIER_KNOTS.);
#9674 = CARTESIAN_POINT('',(2.36395277335E+03,-675.,99.369126562426));
#9675 = CARTESIAN_POINT('',(2.398478265532E+03,-231.9743429034,
    111.14332796691));
#9676 = CARTESIAN_POINT('',(2.398478265532E+03,231.97434290345,
    111.14332796691));
#9677 = CARTESIAN_POINT('',(2.36395277335E+03,675.,99.369126562426));
#9678 = ORIENTED_EDGE('',*,*,#9679,.T.);
#9679 = EDGE_CURVE('',#9671,#9643,#9680,.T.);
#9680 = B_SPLINE_CURVE_WITH_KNOTS('',1,(#9681,#9682),.UNSPECIFIED.,.F.,
  .F.,(2,2),(8.,9.),.PIECEWISE_BEZIER_KNOTS.);
#9681 = CARTESIAN_POINT('',(2.36395277335E+03,-675.,99.369126562426));
#9682 = CARTESIAN_POINT('',(2.39E+03,-675.,98.215375500143));
#9683 = ORIENTED_EDGE('',*,*,#9642,.T.);
#9684 = ORIENTED_EDGE('',*,*,#4055,.F.);
#9685 = B_SPLINE_SURFACE_WITH_KNOTS('',1,3,(
    (#9686,#9687,#9688,#9689)
    ,(#9690,#9691,#9692,#9693
    )),.UNSPECIFIED.,.F.,.F.,.F.,(2,2),(4,4),(8.,9.),(0.,1.),
  .PIECEWISE_BEZIER_KNOTS.);
#9686 = CARTESIAN_POINT('',(2.36395277335E+03,-675.,99.369126562426));
#9687 = CARTESIAN_POINT('',(2.398478265532E+03,-231.9743429034,
    111.14332796691));
#9688 = CARTESIAN_POINT('',(2.398478265532E+03,231.97434290345,
    111.14332796691));
#9689 = CARTESIAN_POINT('',(2.36395277335E+03,675.,99.369126562426));
#9690 = CARTESIAN_POINT('',(2.39E+03,-675.,98.215375500143));
#9691 = CARTESIAN_POINT('',(2.445868841847E+03,-231.9743429034,
    109.04418211539));
#9692 = CARTESIAN_POINT('',(2.445868841847E+03,231.97434290345,
    109.04418211539));
#9693 = CARTESIAN_POINT('',(2.39E+03,675.,98.215375500143));
#9694 = ADVANCED_FACE('',(#9695),#9713,.T.);
#9695 = FACE_BOUND('',#9696,.T.);
#9696 = EDGE_LOOP('',(#9697,#9706,#9711,#9712));
#9697 = ORIENTED_EDGE('',*,*,#9698,.F.);
#9698 = EDGE_CURVE('',#9699,#4018,#9701,.T.);
#9699 = VERTEX_POINT('',#9700);
#9700 = CARTESIAN_POINT('',(2.338696978501E+03,-675.,99.954493952026));
#9701 = B_SPLINE_CURVE_WITH_KNOTS('',3,(#9702,#9703,#9704,#9705),
  .UNSPECIFIED.,.F.,.F.,(4,4),(0.,1.),.PIECEWISE_BEZIER_KNOTS.);
#9702 = CARTESIAN_POINT('',(2.338696978501E+03,-675.,99.954493952026));
#9703 = CARTESIAN_POINT('',(2.352527627897E+03,-231.9743429034,
    112.20835106215));
#9704 = CARTESIAN_POINT('',(2.352527627897E+03,231.97434290345,
    112.20835106215));
#9705 = CARTESIAN_POINT('',(2.338696978501E+03,675.,99.954493952026));
#9706 = ORIENTED_EDGE('',*,*,#9707,.T.);
#9707 = EDGE_CURVE('',#9699,#9671,#9708,.T.);
#9708 = B_SPLINE_CURVE_WITH_KNOTS('',1,(#9709,#9710),.UNSPECIFIED.,.F.,
  .F.,(2,2),(7.,8.),.PIECEWISE_BEZIER_KNOTS.);
#9709 = CARTESIAN_POINT('',(2.338696978501E+03,-675.,99.954493952026));
#9710 = CARTESIAN_POINT('',(2.36395277335E+03,-675.,99.369126562426));
#9711 = ORIENTED_EDGE('',*,*,#9670,.T.);
#9712 = ORIENTED_EDGE('',*,*,#4036,.F.);
#9713 = B_SPLINE_SURFACE_WITH_KNOTS('',1,3,(
    (#9714,#9715,#9716,#9717)
    ,(#9718,#9719,#9720,#9721
    )),.UNSPECIFIED.,.F.,.F.,.F.,(2,2),(4,4),(7.,8.),(0.,1.),
  .PIECEWISE_BEZIER_KNOTS.);
#9714 = CARTESIAN_POINT('',(2.338696978501E+03,-675.,99.954493952026));
#9715 = CARTESIAN_POINT('',(2.352527627897E+03,-231.9743429034,
    112.20835106215));
#9716 = CARTESIAN_POINT('',(2.352527627897E+03,231.97434290345,
    112.20835106215));
#9717 = CARTESIAN_POINT('',(2.338696978501E+03,675.,99.954493952026));
#9718 = CARTESIAN_POINT('',(2.36395277335E+03,-675.,99.369126562426));
#9719 = CARTESIAN_POINT('',(2.398478265532E+03,-231.9743429034,
    111.14332796691));
#9720 = CARTESIAN_POINT('',(2.398478265532E+03,231.97434290345,
    111.14332796691));
#9721 = CARTESIAN_POINT('',(2.36395277335E+03,675.,99.369126562426));
#9722 = ADVANCED_FACE('',(#9723),#9742,.T.);
#9723 = FACE_BOUND('',#9724,.T.);
#9724 = EDGE_LOOP('',(#9725,#9734,#9739,#9740,#9741));
#9725 = ORIENTED_EDGE('',*,*,#9726,.F.);
#9726 = EDGE_CURVE('',#9727,#8098,#9729,.T.);
#9727 = VERTEX_POINT('',#9728);
#9728 = CARTESIAN_POINT('',(2.315E+03,-675.,99.851875));
#9729 = B_SPLINE_CURVE_WITH_KNOTS('',3,(#9730,#9731,#9732,#9733),
  .UNSPECIFIED.,.F.,.F.,(4,4),(0.,1.),.PIECEWISE_BEZIER_KNOTS.);
#9730 = CARTESIAN_POINT('',(2.315E+03,-675.,99.851875));
#9731 = CARTESIAN_POINT('',(2.309413115815E+03,-231.9743429034,
    112.02164514744));
#9732 = CARTESIAN_POINT('',(2.309413115815E+03,231.97434290345,
    112.02164514744));
#9733 = CARTESIAN_POINT('',(2.315E+03,675.,99.851875));
#9734 = ORIENTED_EDGE('',*,*,#9735,.T.);
#9735 = EDGE_CURVE('',#9727,#9699,#9736,.T.);
#9736 = B_SPLINE_CURVE_WITH_KNOTS('',1,(#9737,#9738),.UNSPECIFIED.,.F.,
  .F.,(2,2),(6.,7.),.PIECEWISE_BEZIER_KNOTS.);
#9737 = CARTESIAN_POINT('',(2.315E+03,-675.,99.851875));
#9738 = CARTESIAN_POINT('',(2.338696978501E+03,-675.,99.954493952026));
#9739 = ORIENTED_EDGE('',*,*,#9698,.T.);
#9740 = ORIENTED_EDGE('',*,*,#4017,.F.);
#9741 = ORIENTED_EDGE('',*,*,#8116,.F.);
#9742 = B_SPLINE_SURFACE_WITH_KNOTS('',1,3,(
    (#9743,#9744,#9745,#9746)
    ,(#9747,#9748,#9749,#9750
    )),.UNSPECIFIED.,.F.,.F.,.F.,(2,2),(4,4),(6.,7.),(0.,1.),
  .PIECEWISE_BEZIER_KNOTS.);
#9743 = CARTESIAN_POINT('',(2.315E+03,-675.,99.851875));
#9744 = CARTESIAN_POINT('',(2.309413115815E+03,-231.9743429034,
    112.02164514744));
#9745 = CARTESIAN_POINT('',(2.309413115815E+03,231.97434290345,
    112.02164514744));
#9746 = CARTESIAN_POINT('',(2.315E+03,675.,99.851875));
#9747 = CARTESIAN_POINT('',(2.338696978501E+03,-675.,99.954493952026));
#9748 = CARTESIAN_POINT('',(2.352527627897E+03,-231.9743429034,
    112.20835106215));
#9749 = CARTESIAN_POINT('',(2.352527627897E+03,231.97434290345,
    112.20835106215));
#9750 = CARTESIAN_POINT('',(2.338696978501E+03,675.,99.954493952026));
#9751 = ADVANCED_FACE('',(#9752),#9779,.T.);
#9752 = FACE_BOUND('',#9753,.T.);
#9753 = EDGE_LOOP('',(#9754,#9763,#9770,#9777,#9778));
#9754 = ORIENTED_EDGE('',*,*,#9755,.F.);
#9755 = EDGE_CURVE('',#9756,#4604,#9758,.T.);
#9756 = VERTEX_POINT('',#9757);
#9757 = CARTESIAN_POINT('',(2.504906666468E+03,-675.,81.048902747342));
#9758 = B_SPLINE_CURVE_WITH_KNOTS('',3,(#9759,#9760,#9761,#9762),
  .UNSPECIFIED.,.F.,.F.,(4,4),(0.,1.),.PIECEWISE_BEZIER_KNOTS.);
#9759 = CARTESIAN_POINT('',(2.504906666468E+03,-675.,81.048902747342));
#9760 = CARTESIAN_POINT('',(2.654931143164E+03,-231.9743429034,
    77.811335410218));
#9761 = CARTESIAN_POINT('',(2.654931143164E+03,231.97434290345,
    77.811335410219));
#9762 = CARTESIAN_POINT('',(2.504906666468E+03,675.,81.048902747342));
#9763 = ORIENTED_EDGE('',*,*,#9764,.T.);
#9764 = EDGE_CURVE('',#9756,#9765,#9767,.T.);
#9765 = VERTEX_POINT('',#9766);
#9766 = CARTESIAN_POINT('',(2.486418141453E+03,-675.,79.185631039313));
#9767 = B_SPLINE_CURVE_WITH_KNOTS('',1,(#9768,#9769),.UNSPECIFIED.,.F.,
  .F.,(2,2),(22.,23.),.PIECEWISE_BEZIER_KNOTS.);
#9768 = CARTESIAN_POINT('',(2.504906666468E+03,-675.,81.048902747342));
#9769 = CARTESIAN_POINT('',(2.486418141453E+03,-675.,79.185631039313));
#9770 = ORIENTED_EDGE('',*,*,#9771,.T.);
#9771 = EDGE_CURVE('',#9765,#4687,#9772,.T.);
#9772 = B_SPLINE_CURVE_WITH_KNOTS('',3,(#9773,#9774,#9775,#9776),
  .UNSPECIFIED.,.F.,.F.,(4,4),(0.,1.),.PIECEWISE_BEZIER_KNOTS.);
#9773 = CARTESIAN_POINT('',(2.486418141453E+03,-675.,79.185631039313));
#9774 = CARTESIAN_POINT('',(2.621292941775E+03,-231.9743429034,
    74.421280827371));
#9775 = CARTESIAN_POINT('',(2.621292941775E+03,231.97434290345,
    74.421280827371));
#9776 = CARTESIAN_POINT('',(2.486418141453E+03,675.,79.185631039313));
#9777 = ORIENTED_EDGE('',*,*,#4686,.F.);
#9778 = ORIENTED_EDGE('',*,*,#4634,.F.);
#9779 = B_SPLINE_SURFACE_WITH_KNOTS('',1,3,(
    (#9780,#9781,#9782,#9783)
    ,(#9784,#9785,#9786,#9787
    )),.UNSPECIFIED.,.F.,.F.,.F.,(2,2),(4,4),(22.,23.),(0.,1.),
  .PIECEWISE_BEZIER_KNOTS.);
#9780 = CARTESIAN_POINT('',(2.504906666468E+03,-675.,81.048902747342));
#9781 = CARTESIAN_POINT('',(2.654931143164E+03,-231.9743429034,
    77.811335410218));
#9782 = CARTESIAN_POINT('',(2.654931143164E+03,231.97434290345,
    77.811335410219));
#9783 = CARTESIAN_POINT('',(2.504906666468E+03,675.,81.048902747342));
#9784 = CARTESIAN_POINT('',(2.486418141453E+03,-675.,79.185631039313));
#9785 = CARTESIAN_POINT('',(2.621292941775E+03,-231.9743429034,
    74.421280827371));
#9786 = CARTESIAN_POINT('',(2.621292941775E+03,231.97434290345,
    74.421280827371));
#9787 = CARTESIAN_POINT('',(2.486418141453E+03,675.,79.185631039313));
#9788 = ADVANCED_FACE('',(#9789),#9807,.T.);
#9789 = FACE_BOUND('',#9790,.T.);
#9790 = EDGE_LOOP('',(#9791,#9800,#9805,#9806));
#9791 = ORIENTED_EDGE('',*,*,#9792,.F.);
#9792 = EDGE_CURVE('',#9793,#4573,#9795,.T.);
#9793 = VERTEX_POINT('',#9794);
#9794 = CARTESIAN_POINT('',(2.519903810568E+03,-675.,82.667122873573));
#9795 = B_SPLINE_CURVE_WITH_KNOTS('',3,(#9796,#9797,#9798,#9799),
  .UNSPECIFIED.,.F.,.F.,(4,4),(0.,1.),.PIECEWISE_BEZIER_KNOTS.);
#9796 = CARTESIAN_POINT('',(2.519903810568E+03,-675.,82.667122873573));
#9797 = CARTESIAN_POINT('',(2.682217092318E+03,-231.9743429034,
    80.755540772939));
#9798 = CARTESIAN_POINT('',(2.682217092318E+03,231.97434290345,
    80.755540772939));
#9799 = CARTESIAN_POINT('',(2.519903810568E+03,675.,82.667122873573));
#9800 = ORIENTED_EDGE('',*,*,#9801,.T.);
#9801 = EDGE_CURVE('',#9793,#9756,#9802,.T.);
#9802 = B_SPLINE_CURVE_WITH_KNOTS('',1,(#9803,#9804),.UNSPECIFIED.,.F.,
  .F.,(2,2),(21.,22.),.PIECEWISE_BEZIER_KNOTS.);
#9803 = CARTESIAN_POINT('',(2.519903810568E+03,-675.,82.667122873573));
#9804 = CARTESIAN_POINT('',(2.504906666468E+03,-675.,81.048902747342));
#9805 = ORIENTED_EDGE('',*,*,#9755,.T.);
#9806 = ORIENTED_EDGE('',*,*,#4603,.F.);
#9807 = B_SPLINE_SURFACE_WITH_KNOTS('',1,3,(
    (#9808,#9809,#9810,#9811)
    ,(#9812,#9813,#9814,#9815
    )),.UNSPECIFIED.,.F.,.F.,.F.,(2,2),(4,4),(21.,22.),(0.,1.),
  .PIECEWISE_BEZIER_KNOTS.);
#9808 = CARTESIAN_POINT('',(2.519903810568E+03,-675.,82.667122873573));
#9809 = CARTESIAN_POINT('',(2.682217092318E+03,-231.9743429034,
    80.755540772939));
#9810 = CARTESIAN_POINT('',(2.682217092318E+03,231.97434290345,
    80.755540772939));
#9811 = CARTESIAN_POINT('',(2.519903810568E+03,675.,82.667122873573));
#9812 = CARTESIAN_POINT('',(2.504906666468E+03,-675.,81.048902747342));
#9813 = CARTESIAN_POINT('',(2.654931143164E+03,-231.9743429034,
    77.811335410218));
#9814 = CARTESIAN_POINT('',(2.654931143164E+03,231.97434290345,
    77.811335410219));
#9815 = CARTESIAN_POINT('',(2.504906666468E+03,675.,81.048902747342));
#9816 = ADVANCED_FACE('',(#9817),#9827,.T.);
#9817 = FACE_BOUND('',#9818,.T.);
#9818 = EDGE_LOOP('',(#9819,#9820,#9825,#9826));
#9819 = ORIENTED_EDGE('',*,*,#9369,.F.);
#9820 = ORIENTED_EDGE('',*,*,#9821,.T.);
#9821 = EDGE_CURVE('',#9363,#9793,#9822,.T.);
#9822 = B_SPLINE_CURVE_WITH_KNOTS('',1,(#9823,#9824),.UNSPECIFIED.,.F.,
  .F.,(2,2),(20.,21.),.PIECEWISE_BEZIER_KNOTS.);
#9823 = CARTESIAN_POINT('',(2.530953893118E+03,-675.,83.92531486894));
#9824 = CARTESIAN_POINT('',(2.519903810568E+03,-675.,82.667122873573));
#9825 = ORIENTED_EDGE('',*,*,#9792,.T.);
#9826 = ORIENTED_EDGE('',*,*,#4572,.F.);
#9827 = B_SPLINE_SURFACE_WITH_KNOTS('',1,3,(
    (#9828,#9829,#9830,#9831)
    ,(#9832,#9833,#9834,#9835
    )),.UNSPECIFIED.,.F.,.F.,.F.,(2,2),(4,4),(20.,21.),(0.,1.),
  .PIECEWISE_BEZIER_KNOTS.);
#9828 = CARTESIAN_POINT('',(2.530953893118E+03,-675.,83.92531486894));
#9829 = CARTESIAN_POINT('',(2.702321719479E+03,-231.9743429034,
    83.044707469142));
#9830 = CARTESIAN_POINT('',(2.702321719479E+03,231.97434290345,
    83.044707469142));
#9831 = CARTESIAN_POINT('',(2.530953893118E+03,675.,83.92531486894));
#9832 = CARTESIAN_POINT('',(2.519903810568E+03,-675.,82.667122873573));
#9833 = CARTESIAN_POINT('',(2.682217092318E+03,-231.9743429034,
    80.755540772939));
#9834 = CARTESIAN_POINT('',(2.682217092318E+03,231.97434290345,
    80.755540772939));
#9835 = CARTESIAN_POINT('',(2.519903810568E+03,675.,82.667122873573));
#9836 = ADVANCED_FACE('',(#9837),#9864,.T.);
#9837 = FACE_BOUND('',#9838,.T.);
#9838 = EDGE_LOOP('',(#9839,#9848,#9855,#9862,#9863));
#9839 = ORIENTED_EDGE('',*,*,#9840,.F.);
#9840 = EDGE_CURVE('',#9841,#4734,#9843,.T.);
#9841 = VERTEX_POINT('',#9842);
#9842 = CARTESIAN_POINT('',(2.441303021499E+03,-675.,75.213853853486));
#9843 = B_SPLINE_CURVE_WITH_KNOTS('',3,(#9844,#9845,#9846,#9847),
  .UNSPECIFIED.,.F.,.F.,(4,4),(0.,1.),.PIECEWISE_BEZIER_KNOTS.);
#9844 = CARTESIAN_POINT('',(2.441303021499E+03,-675.,75.213853853486));
#9845 = CARTESIAN_POINT('',(2.539210055797E+03,-231.9743429034,
    67.194990966991));
#9846 = CARTESIAN_POINT('',(2.539210055797E+03,231.97434290345,
    67.194990966991));
#9847 = CARTESIAN_POINT('',(2.441303021499E+03,675.,75.213853853486));
#9848 = ORIENTED_EDGE('',*,*,#9849,.T.);
#9849 = EDGE_CURVE('',#9841,#9850,#9852,.T.);
#9850 = VERTEX_POINT('',#9851);
#9851 = CARTESIAN_POINT('',(2.41604722665E+03,-675.,73.361973276477));
#9852 = B_SPLINE_CURVE_WITH_KNOTS('',1,(#9853,#9854),.UNSPECIFIED.,.F.,
  .F.,(2,2),(25.,26.),.PIECEWISE_BEZIER_KNOTS.);
#9853 = CARTESIAN_POINT('',(2.441303021499E+03,-675.,75.213853853486));
#9854 = CARTESIAN_POINT('',(2.41604722665E+03,-675.,73.361973276477));
#9855 = ORIENTED_EDGE('',*,*,#9856,.T.);
#9856 = EDGE_CURVE('',#9850,#4956,#9857,.T.);
#9857 = B_SPLINE_CURVE_WITH_KNOTS('',3,(#9858,#9859,#9860,#9861),
  .UNSPECIFIED.,.F.,.F.,(4,4),(0.,1.),.PIECEWISE_BEZIER_KNOTS.);
#9858 = CARTESIAN_POINT('',(2.41604722665E+03,-675.,73.361973276477));
#9859 = CARTESIAN_POINT('',(2.493259418162E+03,-231.9743429034,
    63.825661518192));
#9860 = CARTESIAN_POINT('',(2.493259418162E+03,231.97434290345,
    63.825661518192));
#9861 = CARTESIAN_POINT('',(2.41604722665E+03,675.,73.361973276477));
#9862 = ORIENTED_EDGE('',*,*,#4955,.F.);
#9863 = ORIENTED_EDGE('',*,*,#4768,.F.);
#9864 = B_SPLINE_SURFACE_WITH_KNOTS('',1,3,(
    (#9865,#9866,#9867,#9868)
    ,(#9869,#9870,#9871,#9872
    )),.UNSPECIFIED.,.F.,.F.,.F.,(2,2),(4,4),(25.,26.),(0.,1.),
  .PIECEWISE_BEZIER_KNOTS.);
#9865 = CARTESIAN_POINT('',(2.441303021499E+03,-675.,75.213853853486));
#9866 = CARTESIAN_POINT('',(2.539210055797E+03,-231.9743429034,
    67.194990966991));
#9867 = CARTESIAN_POINT('',(2.539210055797E+03,231.97434290345,
    67.194990966991));
#9868 = CARTESIAN_POINT('',(2.441303021499E+03,675.,75.213853853486));
#9869 = CARTESIAN_POINT('',(2.41604722665E+03,-675.,73.361973276477));
#9870 = CARTESIAN_POINT('',(2.493259418162E+03,-231.9743429034,
    63.825661518192));
#9871 = CARTESIAN_POINT('',(2.493259418162E+03,231.97434290345,
    63.825661518192));
#9872 = CARTESIAN_POINT('',(2.41604722665E+03,675.,73.361973276477));
#9873 = ADVANCED_FACE('',(#9874),#9892,.T.);
#9874 = FACE_BOUND('',#9875,.T.);
#9875 = EDGE_LOOP('',(#9876,#9885,#9890,#9891));
#9876 = ORIENTED_EDGE('',*,*,#9877,.F.);
#9877 = EDGE_CURVE('',#9878,#4706,#9880,.T.);
#9878 = VERTEX_POINT('',#9879);
#9879 = CARTESIAN_POINT('',(2.465E+03,-675.,77.19890239246));
#9880 = B_SPLINE_CURVE_WITH_KNOTS('',3,(#9881,#9882,#9883,#9884),
  .UNSPECIFIED.,.F.,.F.,(4,4),(0.,1.),.PIECEWISE_BEZIER_KNOTS.);
#9881 = CARTESIAN_POINT('',(2.465E+03,-675.,77.19890239246));
#9882 = CARTESIAN_POINT('',(2.582324567879E+03,-231.9743429034,
    70.806607494911));
#9883 = CARTESIAN_POINT('',(2.582324567879E+03,231.97434290345,
    70.806607494911));
#9884 = CARTESIAN_POINT('',(2.465E+03,675.,77.19890239246));
#9885 = ORIENTED_EDGE('',*,*,#9886,.T.);
#9886 = EDGE_CURVE('',#9878,#9841,#9887,.T.);
#9887 = B_SPLINE_CURVE_WITH_KNOTS('',1,(#9888,#9889),.UNSPECIFIED.,.F.,
  .F.,(2,2),(24.,25.),.PIECEWISE_BEZIER_KNOTS.);
#9888 = CARTESIAN_POINT('',(2.465E+03,-675.,77.19890239246));
#9889 = CARTESIAN_POINT('',(2.441303021499E+03,-675.,75.213853853486));
#9890 = ORIENTED_EDGE('',*,*,#9840,.T.);
#9891 = ORIENTED_EDGE('',*,*,#4733,.F.);
#9892 = B_SPLINE_SURFACE_WITH_KNOTS('',1,3,(
    (#9893,#9894,#9895,#9896)
    ,(#9897,#9898,#9899,#9900
    )),.UNSPECIFIED.,.F.,.F.,.F.,(2,2),(4,4),(24.,25.),(0.,1.),
  .PIECEWISE_BEZIER_KNOTS.);
#9893 = CARTESIAN_POINT('',(2.465E+03,-675.,77.19890239246));
#9894 = CARTESIAN_POINT('',(2.582324567879E+03,-231.9743429034,
    70.806607494911));
#9895 = CARTESIAN_POINT('',(2.582324567879E+03,231.97434290345,
    70.806607494911));
#9896 = CARTESIAN_POINT('',(2.465E+03,675.,77.19890239246));
#9897 = CARTESIAN_POINT('',(2.441303021499E+03,-675.,75.213853853486));
#9898 = CARTESIAN_POINT('',(2.539210055797E+03,-231.9743429034,
    67.194990966991));
#9899 = CARTESIAN_POINT('',(2.539210055797E+03,231.97434290345,
    67.194990966991));
#9900 = CARTESIAN_POINT('',(2.441303021499E+03,675.,75.213853853486));
#9901 = ADVANCED_FACE('',(#9902),#9912,.T.);
#9902 = FACE_BOUND('',#9903,.T.);
#9903 = EDGE_LOOP('',(#9904,#9905,#9910,#9911));
#9904 = ORIENTED_EDGE('',*,*,#9771,.F.);
#9905 = ORIENTED_EDGE('',*,*,#9906,.T.);
#9906 = EDGE_CURVE('',#9765,#9878,#9907,.T.);
#9907 = B_SPLINE_CURVE_WITH_KNOTS('',1,(#9908,#9909),.UNSPECIFIED.,.F.,
  .F.,(2,2),(23.,24.),.PIECEWISE_BEZIER_KNOTS.);
#9908 = CARTESIAN_POINT('',(2.486418141453E+03,-675.,79.185631039313));
#9909 = CARTESIAN_POINT('',(2.465E+03,-675.,77.19890239246));
#9910 = ORIENTED_EDGE('',*,*,#9877,.T.);
#9911 = ORIENTED_EDGE('',*,*,#4705,.F.);
#9912 = B_SPLINE_SURFACE_WITH_KNOTS('',1,3,(
    (#9913,#9914,#9915,#9916)
    ,(#9917,#9918,#9919,#9920
    )),.UNSPECIFIED.,.F.,.F.,.F.,(2,2),(4,4),(23.,24.),(0.,1.),
  .PIECEWISE_BEZIER_KNOTS.);
#9913 = CARTESIAN_POINT('',(2.486418141453E+03,-675.,79.185631039313));
#9914 = CARTESIAN_POINT('',(2.621292941775E+03,-231.9743429034,
    74.421280827371));
#9915 = CARTESIAN_POINT('',(2.621292941775E+03,231.97434290345,
    74.421280827371));
#9916 = CARTESIAN_POINT('',(2.486418141453E+03,675.,79.185631039313));
#9917 = CARTESIAN_POINT('',(2.465E+03,-675.,77.19890239246));
#9918 = CARTESIAN_POINT('',(2.582324567879E+03,-231.9743429034,
    70.806607494911));
#9919 = CARTESIAN_POINT('',(2.582324567879E+03,231.97434290345,
    70.806607494911));
#9920 = CARTESIAN_POINT('',(2.465E+03,675.,77.19890239246));
#9921 = ADVANCED_FACE('',(#9922),#9949,.T.);
#9922 = FACE_BOUND('',#9923,.T.);
#9923 = EDGE_LOOP('',(#9924,#9933,#9940,#9947,#9948));
#9924 = ORIENTED_EDGE('',*,*,#9925,.F.);
#9925 = EDGE_CURVE('',#9926,#5156,#9928,.T.);
#9926 = VERTEX_POINT('',#9927);
#9927 = CARTESIAN_POINT('',(2.249046106882E+03,-675.,77.88328036778));
#9928 = B_SPLINE_CURVE_WITH_KNOTS('',3,(#9929,#9930,#9931,#9932),
  .UNSPECIFIED.,.F.,.F.,(4,4),(0.,1.),.PIECEWISE_BEZIER_KNOTS.);
#9929 = CARTESIAN_POINT('',(2.249046106882E+03,-675.,77.88328036778));
#9930 = CARTESIAN_POINT('',(2.189415964215E+03,-231.9743429034,
    72.051771408276));
#9931 = CARTESIAN_POINT('',(2.189415964215E+03,231.97434290345,
    72.051771408277));
#9932 = CARTESIAN_POINT('',(2.249046106882E+03,675.,77.88328036778));
#9933 = ORIENTED_EDGE('',*,*,#9934,.T.);
#9934 = EDGE_CURVE('',#9926,#9935,#9937,.T.);
#9935 = VERTEX_POINT('',#9936);
#9936 = CARTESIAN_POINT('',(2.242278837048E+03,-675.,81.265110246605));
#9937 = B_SPLINE_CURVE_WITH_KNOTS('',1,(#9938,#9939),.UNSPECIFIED.,.F.,
  .F.,(2,2),(34.,35.),.PIECEWISE_BEZIER_KNOTS.);
#9938 = CARTESIAN_POINT('',(2.249046106882E+03,-675.,77.88328036778));
#9939 = CARTESIAN_POINT('',(2.242278837048E+03,-675.,81.265110246605));
#9940 = ORIENTED_EDGE('',*,*,#9941,.T.);
#9941 = EDGE_CURVE('',#9935,#8155,#9942,.T.);
#9942 = B_SPLINE_CURVE_WITH_KNOTS('',3,(#9943,#9944,#9945,#9946),
  .UNSPECIFIED.,.F.,.F.,(4,4),(0.,1.),.PIECEWISE_BEZIER_KNOTS.);
#9943 = CARTESIAN_POINT('',(2.242278837048E+03,-675.,81.265110246605));
#9944 = CARTESIAN_POINT('',(2.177103527969E+03,-231.9743429034,
    78.204705427358));
#9945 = CARTESIAN_POINT('',(2.177103527969E+03,231.97434290345,
    78.204705427358));
#9946 = CARTESIAN_POINT('',(2.242278837048E+03,675.,81.265110246605));
#9947 = ORIENTED_EDGE('',*,*,#8154,.F.);
#9948 = ORIENTED_EDGE('',*,*,#5168,.F.);
#9949 = B_SPLINE_SURFACE_WITH_KNOTS('',1,3,(
    (#9950,#9951,#9952,#9953)
    ,(#9954,#9955,#9956,#9957
    )),.UNSPECIFIED.,.F.,.F.,.F.,(2,2),(4,4),(34.,35.),(0.,1.),
  .PIECEWISE_BEZIER_KNOTS.);
#9950 = CARTESIAN_POINT('',(2.249046106882E+03,-675.,77.88328036778));
#9951 = CARTESIAN_POINT('',(2.189415964215E+03,-231.9743429034,
    72.051771408276));
#9952 = CARTESIAN_POINT('',(2.189415964215E+03,231.97434290345,
    72.051771408277));
#9953 = CARTESIAN_POINT('',(2.249046106882E+03,675.,77.88328036778));
#9954 = CARTESIAN_POINT('',(2.242278837048E+03,-675.,81.265110246605));
#9955 = CARTESIAN_POINT('',(2.177103527969E+03,-231.9743429034,
    78.204705427358));
#9956 = CARTESIAN_POINT('',(2.177103527969E+03,231.97434290345,
    78.204705427358));
#9957 = CARTESIAN_POINT('',(2.242278837048E+03,675.,81.265110246605));
#9958 = ADVANCED_FACE('',(#9959),#9977,.T.);
#9959 = FACE_BOUND('',#9960,.T.);
#9960 = EDGE_LOOP('',(#9961,#9970,#9975,#9976));
#9961 = ORIENTED_EDGE('',*,*,#9962,.F.);
#9962 = EDGE_CURVE('',#9963,#5137,#9965,.T.);
#9963 = VERTEX_POINT('',#9964);
#9964 = CARTESIAN_POINT('',(2.260096189432E+03,-675.,74.963708029003));
#9965 = B_SPLINE_CURVE_WITH_KNOTS('',3,(#9966,#9967,#9968,#9969),
  .UNSPECIFIED.,.F.,.F.,(4,4),(0.,1.),.PIECEWISE_BEZIER_KNOTS.);
#9966 = CARTESIAN_POINT('',(2.260096189432E+03,-675.,74.963708029003));
#9967 = CARTESIAN_POINT('',(2.209520591376E+03,-231.9743429034,
    66.739873232408));
#9968 = CARTESIAN_POINT('',(2.209520591376E+03,231.97434290345,
    66.739873232408));
#9969 = CARTESIAN_POINT('',(2.260096189432E+03,675.,74.963708029003));
#9970 = ORIENTED_EDGE('',*,*,#9971,.T.);
#9971 = EDGE_CURVE('',#9963,#9926,#9972,.T.);
#9972 = B_SPLINE_CURVE_WITH_KNOTS('',1,(#9973,#9974),.UNSPECIFIED.,.F.,
  .F.,(2,2),(33.,34.),.PIECEWISE_BEZIER_KNOTS.);
#9973 = CARTESIAN_POINT('',(2.260096189432E+03,-675.,74.963708029003));
#9974 = CARTESIAN_POINT('',(2.249046106882E+03,-675.,77.88328036778));
#9975 = ORIENTED_EDGE('',*,*,#9925,.T.);
#9976 = ORIENTED_EDGE('',*,*,#5155,.F.);
#9977 = B_SPLINE_SURFACE_WITH_KNOTS('',1,3,(
    (#9978,#9979,#9980,#9981)
    ,(#9982,#9983,#9984,#9985
    )),.UNSPECIFIED.,.F.,.F.,.F.,(2,2),(4,4),(33.,34.),(0.,1.),
  .PIECEWISE_BEZIER_KNOTS.);
#9978 = CARTESIAN_POINT('',(2.260096189432E+03,-675.,74.963708029003));
#9979 = CARTESIAN_POINT('',(2.209520591376E+03,-231.9743429034,
    66.739873232408));
#9980 = CARTESIAN_POINT('',(2.209520591376E+03,231.97434290345,
    66.739873232408));
#9981 = CARTESIAN_POINT('',(2.260096189432E+03,675.,74.963708029003));
#9982 = CARTESIAN_POINT('',(2.249046106882E+03,-675.,77.88328036778));
#9983 = CARTESIAN_POINT('',(2.189415964215E+03,-231.9743429034,
    72.051771408276));
#9984 = CARTESIAN_POINT('',(2.189415964215E+03,231.97434290345,
    72.051771408277));
#9985 = CARTESIAN_POINT('',(2.249046106882E+03,675.,77.88328036778));
#9986 = ADVANCED_FACE('',(#9987),#10005,.T.);
#9987 = FACE_BOUND('',#9988,.T.);
#9988 = EDGE_LOOP('',(#9989,#9998,#10003,#10004));
#9989 = ORIENTED_EDGE('',*,*,#9990,.F.);
#9990 = EDGE_CURVE('',#9991,#5118,#9993,.T.);
#9991 = VERTEX_POINT('',#9992);
#9992 = CARTESIAN_POINT('',(2.275093333532E+03,-675.,72.635344507688));
#9993 = B_SPLINE_CURVE_WITH_KNOTS('',3,(#9994,#9995,#9996,#9997),
  .UNSPECIFIED.,.F.,.F.,(4,4),(0.,1.),.PIECEWISE_BEZIER_KNOTS.);
#9994 = CARTESIAN_POINT('',(2.275093333532E+03,-675.,72.635344507688));
#9995 = CARTESIAN_POINT('',(2.23680654053E+03,-231.9743429034,
    62.503626102183));
#9996 = CARTESIAN_POINT('',(2.23680654053E+03,231.97434290345,
    62.503626102183));
#9997 = CARTESIAN_POINT('',(2.275093333532E+03,675.,72.635344507688));
#9998 = ORIENTED_EDGE('',*,*,#9999,.T.);
#9999 = EDGE_CURVE('',#9991,#9963,#10000,.T.);
#10000 = B_SPLINE_CURVE_WITH_KNOTS('',1,(#10001,#10002),.UNSPECIFIED.,
  .F.,.F.,(2,2),(32.,33.),.PIECEWISE_BEZIER_KNOTS.);
#10001 = CARTESIAN_POINT('',(2.275093333532E+03,-675.,72.635344507688));
#10002 = CARTESIAN_POINT('',(2.260096189432E+03,-675.,74.963708029003));
#10003 = ORIENTED_EDGE('',*,*,#9962,.T.);
#10004 = ORIENTED_EDGE('',*,*,#5136,.F.);
#10005 = B_SPLINE_SURFACE_WITH_KNOTS('',1,3,(
    (#10006,#10007,#10008,#10009)
    ,(#10010,#10011,#10012,#10013
    )),.UNSPECIFIED.,.F.,.F.,.F.,(2,2),(4,4),(32.,33.),(0.,1.),
  .PIECEWISE_BEZIER_KNOTS.);
#10006 = CARTESIAN_POINT('',(2.275093333532E+03,-675.,72.635344507688));
#10007 = CARTESIAN_POINT('',(2.23680654053E+03,-231.9743429034,
    62.503626102183));
#10008 = CARTESIAN_POINT('',(2.23680654053E+03,231.97434290345,
    62.503626102183));
#10009 = CARTESIAN_POINT('',(2.275093333532E+03,675.,72.635344507688));
#10010 = CARTESIAN_POINT('',(2.260096189432E+03,-675.,74.963708029003));
#10011 = CARTESIAN_POINT('',(2.209520591376E+03,-231.9743429034,
    66.739873232408));
#10012 = CARTESIAN_POINT('',(2.209520591376E+03,231.97434290345,
    66.739873232408));
#10013 = CARTESIAN_POINT('',(2.260096189432E+03,675.,74.963708029003));
#10014 = ADVANCED_FACE('',(#10015),#10033,.T.);
#10015 = FACE_BOUND('',#10016,.T.);
#10016 = EDGE_LOOP('',(#10017,#10026,#10031,#10032));
#10017 = ORIENTED_EDGE('',*,*,#10018,.F.);
#10018 = EDGE_CURVE('',#10019,#5087,#10021,.T.);
#10019 = VERTEX_POINT('',#10020);
#10020 = CARTESIAN_POINT('',(2.293581858547E+03,-675.,71.009608944679));
#10021 = B_SPLINE_CURVE_WITH_KNOTS('',3,(#10022,#10023,#10024,#10025),
  .UNSPECIFIED.,.F.,.F.,(4,4),(0.,1.),.PIECEWISE_BEZIER_KNOTS.);
#10022 = CARTESIAN_POINT('',(2.293581858547E+03,-675.,71.009608944679));
#10023 = CARTESIAN_POINT('',(2.270444741919E+03,-231.9743429034,
    59.545747081034));
#10024 = CARTESIAN_POINT('',(2.270444741919E+03,231.97434290345,
    59.545747081034));
#10025 = CARTESIAN_POINT('',(2.293581858547E+03,675.,71.009608944679));
#10026 = ORIENTED_EDGE('',*,*,#10027,.T.);
#10027 = EDGE_CURVE('',#10019,#9991,#10028,.T.);
#10028 = B_SPLINE_CURVE_WITH_KNOTS('',1,(#10029,#10030),.UNSPECIFIED.,
  .F.,.F.,(2,2),(31.,32.),.PIECEWISE_BEZIER_KNOTS.);
#10029 = CARTESIAN_POINT('',(2.293581858547E+03,-675.,71.009608944679));
#10030 = CARTESIAN_POINT('',(2.275093333532E+03,-675.,72.635344507688));
#10031 = ORIENTED_EDGE('',*,*,#9990,.T.);
#10032 = ORIENTED_EDGE('',*,*,#5117,.F.);
#10033 = B_SPLINE_SURFACE_WITH_KNOTS('',1,3,(
    (#10034,#10035,#10036,#10037)
    ,(#10038,#10039,#10040,#10041
    )),.UNSPECIFIED.,.F.,.F.,.F.,(2,2),(4,4),(31.,32.),(0.,1.),
  .PIECEWISE_BEZIER_KNOTS.);
#10034 = CARTESIAN_POINT('',(2.293581858547E+03,-675.,71.009608944679));
#10035 = CARTESIAN_POINT('',(2.270444741919E+03,-231.9743429034,
    59.545747081034));
#10036 = CARTESIAN_POINT('',(2.270444741919E+03,231.97434290345,
    59.545747081034));
#10037 = CARTESIAN_POINT('',(2.293581858547E+03,675.,71.009608944679));
#10038 = CARTESIAN_POINT('',(2.275093333532E+03,-675.,72.635344507688));
#10039 = CARTESIAN_POINT('',(2.23680654053E+03,-231.9743429034,
    62.503626102183));
#10040 = CARTESIAN_POINT('',(2.23680654053E+03,231.97434290345,
    62.503626102183));
#10041 = CARTESIAN_POINT('',(2.275093333532E+03,675.,72.635344507688));
#10042 = ADVANCED_FACE('',(#10043),#10061,.T.);
#10043 = FACE_BOUND('',#10044,.T.);
#10044 = EDGE_LOOP('',(#10045,#10054,#10059,#10060));
#10045 = ORIENTED_EDGE('',*,*,#10046,.F.);
#10046 = EDGE_CURVE('',#10047,#5068,#10049,.T.);
#10047 = VERTEX_POINT('',#10048);
#10048 = CARTESIAN_POINT('',(2.315E+03,-675.,70.148125));
#10049 = B_SPLINE_CURVE_WITH_KNOTS('',3,(#10050,#10051,#10052,#10053),
  .UNSPECIFIED.,.F.,.F.,(4,4),(0.,1.),.PIECEWISE_BEZIER_KNOTS.);
#10050 = CARTESIAN_POINT('',(2.315E+03,-675.,70.148125));
#10051 = CARTESIAN_POINT('',(2.309413115815E+03,-231.9743429034,
    57.978354852556));
#10052 = CARTESIAN_POINT('',(2.309413115815E+03,231.97434290345,
    57.978354852556));
#10053 = CARTESIAN_POINT('',(2.315E+03,675.,70.148125));
#10054 = ORIENTED_EDGE('',*,*,#10055,.T.);
#10055 = EDGE_CURVE('',#10047,#10019,#10056,.T.);
#10056 = B_SPLINE_CURVE_WITH_KNOTS('',1,(#10057,#10058),.UNSPECIFIED.,
  .F.,.F.,(2,2),(30.,31.),.PIECEWISE_BEZIER_KNOTS.);
#10057 = CARTESIAN_POINT('',(2.315E+03,-675.,70.148125));
#10058 = CARTESIAN_POINT('',(2.293581858547E+03,-675.,71.009608944679));
#10059 = ORIENTED_EDGE('',*,*,#10018,.T.);
#10060 = ORIENTED_EDGE('',*,*,#5086,.F.);
#10061 = B_SPLINE_SURFACE_WITH_KNOTS('',1,3,(
    (#10062,#10063,#10064,#10065)
    ,(#10066,#10067,#10068,#10069
    )),.UNSPECIFIED.,.F.,.F.,.F.,(2,2),(4,4),(30.,31.),(0.,1.),
  .PIECEWISE_BEZIER_KNOTS.);
#10062 = CARTESIAN_POINT('',(2.315E+03,-675.,70.148125));
#10063 = CARTESIAN_POINT('',(2.309413115815E+03,-231.9743429034,
    57.978354852556));
#10064 = CARTESIAN_POINT('',(2.309413115815E+03,231.97434290345,
    57.978354852556));
#10065 = CARTESIAN_POINT('',(2.315E+03,675.,70.148125));
#10066 = CARTESIAN_POINT('',(2.293581858547E+03,-675.,71.009608944679));
#10067 = CARTESIAN_POINT('',(2.270444741919E+03,-231.9743429034,
    59.545747081034));
#10068 = CARTESIAN_POINT('',(2.270444741919E+03,231.97434290345,
    59.545747081034));
#10069 = CARTESIAN_POINT('',(2.293581858547E+03,675.,71.009608944679));
#10070 = ADVANCED_FACE('',(#10071),#10089,.T.);
#10071 = FACE_BOUND('',#10072,.T.);
#10072 = EDGE_LOOP('',(#10073,#10082,#10087,#10088));
#10073 = ORIENTED_EDGE('',*,*,#10074,.F.);
#10074 = EDGE_CURVE('',#10075,#5037,#10077,.T.);
#10075 = VERTEX_POINT('',#10076);
#10076 = CARTESIAN_POINT('',(2.338696978501E+03,-675.,70.045506047974));
#10077 = B_SPLINE_CURVE_WITH_KNOTS('',3,(#10078,#10079,#10080,#10081),
  .UNSPECIFIED.,.F.,.F.,(4,4),(0.,1.),.PIECEWISE_BEZIER_KNOTS.);
#10078 = CARTESIAN_POINT('',(2.338696978501E+03,-675.,70.045506047974));
#10079 = CARTESIAN_POINT('',(2.352527627897E+03,-231.9743429034,
    57.791648937844));
#10080 = CARTESIAN_POINT('',(2.352527627897E+03,231.97434290345,
    57.791648937844));
#10081 = CARTESIAN_POINT('',(2.338696978501E+03,675.,70.045506047974));
#10082 = ORIENTED_EDGE('',*,*,#10083,.T.);
#10083 = EDGE_CURVE('',#10075,#10047,#10084,.T.);
#10084 = B_SPLINE_CURVE_WITH_KNOTS('',1,(#10085,#10086),.UNSPECIFIED.,
  .F.,.F.,(2,2),(29.,30.),.PIECEWISE_BEZIER_KNOTS.);
#10085 = CARTESIAN_POINT('',(2.338696978501E+03,-675.,70.045506047974));
#10086 = CARTESIAN_POINT('',(2.315E+03,-675.,70.148125));
#10087 = ORIENTED_EDGE('',*,*,#10046,.T.);
#10088 = ORIENTED_EDGE('',*,*,#5067,.F.);
#10089 = B_SPLINE_SURFACE_WITH_KNOTS('',1,3,(
    (#10090,#10091,#10092,#10093)
    ,(#10094,#10095,#10096,#10097
    )),.UNSPECIFIED.,.F.,.F.,.F.,(2,2),(4,4),(29.,30.),(0.,1.),
  .PIECEWISE_BEZIER_KNOTS.);
#10090 = CARTESIAN_POINT('',(2.338696978501E+03,-675.,70.045506047974));
#10091 = CARTESIAN_POINT('',(2.352527627897E+03,-231.9743429034,
    57.791648937844));
#10092 = CARTESIAN_POINT('',(2.352527627897E+03,231.97434290345,
    57.791648937844));
#10093 = CARTESIAN_POINT('',(2.338696978501E+03,675.,70.045506047974));
#10094 = CARTESIAN_POINT('',(2.315E+03,-675.,70.148125));
#10095 = CARTESIAN_POINT('',(2.309413115815E+03,-231.9743429034,
    57.978354852556));
#10096 = CARTESIAN_POINT('',(2.309413115815E+03,231.97434290345,
    57.978354852556));
#10097 = CARTESIAN_POINT('',(2.315E+03,675.,70.148125));
#10098 = ADVANCED_FACE('',(#10099),#10117,.T.);
#10099 = FACE_BOUND('',#10100,.T.);
#10100 = EDGE_LOOP('',(#10101,#10110,#10115,#10116));
#10101 = ORIENTED_EDGE('',*,*,#10102,.F.);
#10102 = EDGE_CURVE('',#10103,#5006,#10105,.T.);
#10103 = VERTEX_POINT('',#10104);
#10104 = CARTESIAN_POINT('',(2.36395277335E+03,-675.,70.630873437574));
#10105 = B_SPLINE_CURVE_WITH_KNOTS('',3,(#10106,#10107,#10108,#10109),
  .UNSPECIFIED.,.F.,.F.,(4,4),(0.,1.),.PIECEWISE_BEZIER_KNOTS.);
#10106 = CARTESIAN_POINT('',(2.36395277335E+03,-675.,70.630873437574));
#10107 = CARTESIAN_POINT('',(2.398478265532E+03,-231.9743429034,
    58.856672033088));
#10108 = CARTESIAN_POINT('',(2.398478265532E+03,231.97434290345,
    58.856672033088));
#10109 = CARTESIAN_POINT('',(2.36395277335E+03,675.,70.630873437574));
#10110 = ORIENTED_EDGE('',*,*,#10111,.T.);
#10111 = EDGE_CURVE('',#10103,#10075,#10112,.T.);
#10112 = B_SPLINE_CURVE_WITH_KNOTS('',1,(#10113,#10114),.UNSPECIFIED.,
  .F.,.F.,(2,2),(28.,29.),.PIECEWISE_BEZIER_KNOTS.);
#10113 = CARTESIAN_POINT('',(2.36395277335E+03,-675.,70.630873437574));
#10114 = CARTESIAN_POINT('',(2.338696978501E+03,-675.,70.045506047974));
#10115 = ORIENTED_EDGE('',*,*,#10074,.T.);
#10116 = ORIENTED_EDGE('',*,*,#5036,.F.);
#10117 = B_SPLINE_SURFACE_WITH_KNOTS('',1,3,(
    (#10118,#10119,#10120,#10121)
    ,(#10122,#10123,#10124,#10125
    )),.UNSPECIFIED.,.F.,.F.,.F.,(2,2),(4,4),(28.,29.),(0.,1.),
  .PIECEWISE_BEZIER_KNOTS.);
#10118 = CARTESIAN_POINT('',(2.36395277335E+03,-675.,70.630873437574));
#10119 = CARTESIAN_POINT('',(2.398478265532E+03,-231.9743429034,
    58.856672033088));
#10120 = CARTESIAN_POINT('',(2.398478265532E+03,231.97434290345,
    58.856672033088));
#10121 = CARTESIAN_POINT('',(2.36395277335E+03,675.,70.630873437574));
#10122 = CARTESIAN_POINT('',(2.338696978501E+03,-675.,70.045506047974));
#10123 = CARTESIAN_POINT('',(2.352527627897E+03,-231.9743429034,
    57.791648937844));
#10124 = CARTESIAN_POINT('',(2.352527627897E+03,231.97434290345,
    57.791648937844));
#10125 = CARTESIAN_POINT('',(2.338696978501E+03,675.,70.045506047974));
#10126 = ADVANCED_FACE('',(#10127),#10145,.T.);
#10127 = FACE_BOUND('',#10128,.T.);
#10128 = EDGE_LOOP('',(#10129,#10138,#10143,#10144));
#10129 = ORIENTED_EDGE('',*,*,#10130,.F.);
#10130 = EDGE_CURVE('',#10131,#4975,#10133,.T.);
#10131 = VERTEX_POINT('',#10132);
#10132 = CARTESIAN_POINT('',(2.39E+03,-675.,71.784624499857));
#10133 = B_SPLINE_CURVE_WITH_KNOTS('',3,(#10134,#10135,#10136,#10137),
  .UNSPECIFIED.,.F.,.F.,(4,4),(0.,1.),.PIECEWISE_BEZIER_KNOTS.);
#10134 = CARTESIAN_POINT('',(2.39E+03,-675.,71.784624499857));
#10135 = CARTESIAN_POINT('',(2.445868841847E+03,-231.9743429034,
    60.955817884604));
#10136 = CARTESIAN_POINT('',(2.445868841847E+03,231.97434290345,
    60.955817884604));
#10137 = CARTESIAN_POINT('',(2.39E+03,675.,71.784624499857));
#10138 = ORIENTED_EDGE('',*,*,#10139,.T.);
#10139 = EDGE_CURVE('',#10131,#10103,#10140,.T.);
#10140 = B_SPLINE_CURVE_WITH_KNOTS('',1,(#10141,#10142),.UNSPECIFIED.,
  .F.,.F.,(2,2),(27.,28.),.PIECEWISE_BEZIER_KNOTS.);
#10141 = CARTESIAN_POINT('',(2.39E+03,-675.,71.784624499857));
#10142 = CARTESIAN_POINT('',(2.36395277335E+03,-675.,70.630873437574));
#10143 = ORIENTED_EDGE('',*,*,#10102,.T.);
#10144 = ORIENTED_EDGE('',*,*,#5005,.F.);
#10145 = B_SPLINE_SURFACE_WITH_KNOTS('',1,3,(
    (#10146,#10147,#10148,#10149)
    ,(#10150,#10151,#10152,#10153
    )),.UNSPECIFIED.,.F.,.F.,.F.,(2,2),(4,4),(27.,28.),(0.,1.),
  .PIECEWISE_BEZIER_KNOTS.);
#10146 = CARTESIAN_POINT('',(2.39E+03,-675.,71.784624499857));
#10147 = CARTESIAN_POINT('',(2.445868841847E+03,-231.9743429034,
    60.955817884604));
#10148 = CARTESIAN_POINT('',(2.445868841847E+03,231.97434290345,
    60.955817884604));
#10149 = CARTESIAN_POINT('',(2.39E+03,675.,71.784624499857));
#10150 = CARTESIAN_POINT('',(2.36395277335E+03,-675.,70.630873437574));
#10151 = CARTESIAN_POINT('',(2.398478265532E+03,-231.9743429034,
    58.856672033088));
#10152 = CARTESIAN_POINT('',(2.398478265532E+03,231.97434290345,
    58.856672033088));
#10153 = CARTESIAN_POINT('',(2.36395277335E+03,675.,70.630873437574));
#10154 = ADVANCED_FACE('',(#10155),#10165,.T.);
#10155 = FACE_BOUND('',#10156,.T.);
#10156 = EDGE_LOOP('',(#10157,#10158,#10163,#10164));
#10157 = ORIENTED_EDGE('',*,*,#9856,.F.);
#10158 = ORIENTED_EDGE('',*,*,#10159,.T.);
#10159 = EDGE_CURVE('',#9850,#10131,#10160,.T.);
#10160 = B_SPLINE_CURVE_WITH_KNOTS('',1,(#10161,#10162),.UNSPECIFIED.,
  .F.,.F.,(2,2),(26.,27.),.PIECEWISE_BEZIER_KNOTS.);
#10161 = CARTESIAN_POINT('',(2.41604722665E+03,-675.,73.361973276477));
#10162 = CARTESIAN_POINT('',(2.39E+03,-675.,71.784624499857));
#10163 = ORIENTED_EDGE('',*,*,#10130,.T.);
#10164 = ORIENTED_EDGE('',*,*,#4974,.F.);
#10165 = B_SPLINE_SURFACE_WITH_KNOTS('',1,3,(
    (#10166,#10167,#10168,#10169)
    ,(#10170,#10171,#10172,#10173
    )),.UNSPECIFIED.,.F.,.F.,.F.,(2,2),(4,4),(26.,27.),(0.,1.),
  .PIECEWISE_BEZIER_KNOTS.);
#10166 = CARTESIAN_POINT('',(2.41604722665E+03,-675.,73.361973276477));
#10167 = CARTESIAN_POINT('',(2.493259418162E+03,-231.9743429034,
    63.825661518192));
#10168 = CARTESIAN_POINT('',(2.493259418162E+03,231.97434290345,
    63.825661518192));
#10169 = CARTESIAN_POINT('',(2.41604722665E+03,675.,73.361973276477));
#10170 = CARTESIAN_POINT('',(2.39E+03,-675.,71.784624499857));
#10171 = CARTESIAN_POINT('',(2.445868841847E+03,-231.9743429034,
    60.955817884604));
#10172 = CARTESIAN_POINT('',(2.445868841847E+03,231.97434290345,
    60.955817884604));
#10173 = CARTESIAN_POINT('',(2.39E+03,675.,71.784624499857));
#10174 = ADVANCED_FACE('',(#10175),#10202,.T.);
#10175 = FACE_BOUND('',#10176,.T.);
#10176 = EDGE_LOOP('',(#10177,#10186,#10193,#10200,#10201));
#10177 = ORIENTED_EDGE('',*,*,#10178,.F.);
#10178 = EDGE_CURVE('',#10179,#4918,#10181,.T.);
#10179 = VERTEX_POINT('',#10180);
#10180 = CARTESIAN_POINT('',(1.187810547323E+03,-2.1E+03,112.77064949902
    ));
#10181 = ( BOUNDED_CURVE() B_SPLINE_CURVE(3,(#10182,#10183,#10184,#10185
),.UNSPECIFIED.,.F.,.F.) B_SPLINE_CURVE_WITH_KNOTS((4,4),(0.,1.),
.PIECEWISE_BEZIER_KNOTS.) CURVE() GEOMETRIC_REPRESENTATION_ITEM() 
RATIONAL_B_SPLINE_CURVE((1.,1.,1.,1.)) REPRESENTATION_ITEM('') );
#10182 = CARTESIAN_POINT('',(1.187810547323E+03,-2.1E+03,112.77064949902
    ));
#10183 = CARTESIAN_POINT('',(1.189841413812E+03,-704.4156187208,
    45.116054847347));
#10184 = CARTESIAN_POINT('',(1.189841413812E+03,704.41561872084,
    45.116054847347));
#10185 = CARTESIAN_POINT('',(1.187810547323E+03,2.1E+03,112.77064949902)
  );
#10186 = ORIENTED_EDGE('',*,*,#10187,.T.);
#10187 = EDGE_CURVE('',#10179,#10188,#10190,.T.);
#10188 = VERTEX_POINT('',#10189);
#10189 = CARTESIAN_POINT('',(1.21E+03,-2.1E+03,111.52871115517));
#10190 = B_SPLINE_CURVE_WITH_KNOTS('',1,(#10191,#10192),.UNSPECIFIED.,
  .F.,.F.,(2,2),(11.,12.),.PIECEWISE_BEZIER_KNOTS.);
#10191 = CARTESIAN_POINT('',(1.187810547323E+03,-2.1E+03,112.77064949902
    ));
#10192 = CARTESIAN_POINT('',(1.21E+03,-2.1E+03,111.52871115517));
#10193 = ORIENTED_EDGE('',*,*,#10194,.T.);
#10194 = EDGE_CURVE('',#10188,#5205,#10195,.T.);
#10195 = ( BOUNDED_CURVE() B_SPLINE_CURVE(3,(#10196,#10197,#10198,#10199
),.UNSPECIFIED.,.F.,.F.) B_SPLINE_CURVE_WITH_KNOTS((4,4),(0.,1.),
.PIECEWISE_BEZIER_KNOTS.) CURVE() GEOMETRIC_REPRESENTATION_ITEM() 
RATIONAL_B_SPLINE_CURVE((1.,1.,1.,1.)) REPRESENTATION_ITEM('') );
#10196 = CARTESIAN_POINT('',(1.21E+03,-2.1E+03,111.52871115517));
#10197 = CARTESIAN_POINT('',(1.233528095498E+03,-704.4156187208,
    42.670921752329));
#10198 = CARTESIAN_POINT('',(1.233528095498E+03,704.41561872084,
    42.670921752329));
#10199 = CARTESIAN_POINT('',(1.21E+03,2.1E+03,111.52871115517));
#10200 = ORIENTED_EDGE('',*,*,#5204,.F.);
#10201 = ORIENTED_EDGE('',*,*,#4930,.F.);
#10202 = ( BOUNDED_SURFACE() B_SPLINE_SURFACE(1,3,(
    (#10203,#10204,#10205,#10206)
    ,(#10207,#10208,#10209,#10210
)),.UNSPECIFIED.,.F.,.F.,.F.) B_SPLINE_SURFACE_WITH_KNOTS((2,2),(4,4),(
    11.,12.),(0.,1.),.PIECEWISE_BEZIER_KNOTS.) 
GEOMETRIC_REPRESENTATION_ITEM() RATIONAL_B_SPLINE_SURFACE((
    (1.,1.,1.,1.)
,(1.,1.,1.,1.))) REPRESENTATION_ITEM('') SURFACE() );
#10203 = CARTESIAN_POINT('',(1.187810547323E+03,-2.1E+03,112.77064949902
    ));
#10204 = CARTESIAN_POINT('',(1.189841413812E+03,-704.4156187208,
    45.116054847347));
#10205 = CARTESIAN_POINT('',(1.189841413812E+03,704.41561872084,
    45.116054847347));
#10206 = CARTESIAN_POINT('',(1.187810547323E+03,2.1E+03,112.77064949902)
  );
#10207 = CARTESIAN_POINT('',(1.21E+03,-2.1E+03,111.52871115517));
#10208 = CARTESIAN_POINT('',(1.233528095498E+03,-704.4156187208,
    42.670921752329));
#10209 = CARTESIAN_POINT('',(1.233528095498E+03,704.41561872084,
    42.670921752329));
#10210 = CARTESIAN_POINT('',(1.21E+03,2.1E+03,111.52871115517));
#10211 = ADVANCED_FACE('',(#10212),#10230,.T.);
#10212 = FACE_BOUND('',#10213,.T.);
#10213 = EDGE_LOOP('',(#10214,#10223,#10228,#10229));
#10214 = ORIENTED_EDGE('',*,*,#10215,.F.);
#10215 = EDGE_CURVE('',#10216,#4899,#10218,.T.);
#10216 = VERTEX_POINT('',#10217);
#10217 = CARTESIAN_POINT('',(1.166000762333E+03,-2.1E+03,113.60384357631
    ));
#10218 = ( BOUNDED_CURVE() B_SPLINE_CURVE(3,(#10219,#10220,#10221,#10222
),.UNSPECIFIED.,.F.,.F.) B_SPLINE_CURVE_WITH_KNOTS((4,4),(0.,1.),
.PIECEWISE_BEZIER_KNOTS.) CURVE() GEOMETRIC_REPRESENTATION_ITEM() 
RATIONAL_B_SPLINE_CURVE((1.,1.,1.,1.)) REPRESENTATION_ITEM('') );
#10219 = CARTESIAN_POINT('',(1.166000762333E+03,-2.1E+03,113.60384357631
    ));
#10220 = CARTESIAN_POINT('',(1.146902223361E+03,-704.4156187208,
    46.756450623063));
#10221 = CARTESIAN_POINT('',(1.146902223361E+03,704.41561872084,
    46.756450623064));
#10222 = CARTESIAN_POINT('',(1.166000762333E+03,2.1E+03,113.60384357631)
  );
#10223 = ORIENTED_EDGE('',*,*,#10224,.T.);
#10224 = EDGE_CURVE('',#10216,#10179,#10225,.T.);
#10225 = B_SPLINE_CURVE_WITH_KNOTS('',1,(#10226,#10227),.UNSPECIFIED.,
  .F.,.F.,(2,2),(10.,11.),.PIECEWISE_BEZIER_KNOTS.);
#10226 = CARTESIAN_POINT('',(1.166000762333E+03,-2.1E+03,113.60384357631
    ));
#10227 = CARTESIAN_POINT('',(1.187810547323E+03,-2.1E+03,112.77064949902
    ));
#10228 = ORIENTED_EDGE('',*,*,#10178,.T.);
#10229 = ORIENTED_EDGE('',*,*,#4917,.F.);
#10230 = ( BOUNDED_SURFACE() B_SPLINE_SURFACE(1,3,(
    (#10231,#10232,#10233,#10234)
    ,(#10235,#10236,#10237,#10238
)),.UNSPECIFIED.,.F.,.F.,.F.) B_SPLINE_SURFACE_WITH_KNOTS((2,2),(4,4),(
    10.,11.),(0.,1.),.PIECEWISE_BEZIER_KNOTS.) 
GEOMETRIC_REPRESENTATION_ITEM() RATIONAL_B_SPLINE_SURFACE((
    (1.,1.,1.,1.)
,(1.,1.,1.,1.))) REPRESENTATION_ITEM('') SURFACE() );
#10231 = CARTESIAN_POINT('',(1.166000762333E+03,-2.1E+03,113.60384357631
    ));
#10232 = CARTESIAN_POINT('',(1.146902223361E+03,-704.4156187208,
    46.756450623063));
#10233 = CARTESIAN_POINT('',(1.146902223361E+03,704.41561872084,
    46.756450623064));
#10234 = CARTESIAN_POINT('',(1.166000762333E+03,2.1E+03,113.60384357631)
  );
#10235 = CARTESIAN_POINT('',(1.187810547323E+03,-2.1E+03,112.77064949902
    ));
#10236 = CARTESIAN_POINT('',(1.189841413812E+03,-704.4156187208,
    45.116054847347));
#10237 = CARTESIAN_POINT('',(1.189841413812E+03,704.41561872084,
    45.116054847347));
#10238 = CARTESIAN_POINT('',(1.187810547323E+03,2.1E+03,112.77064949902)
  );
#10239 = ADVANCED_FACE('',(#10240),#10258,.T.);
#10240 = FACE_BOUND('',#10241,.T.);
#10241 = EDGE_LOOP('',(#10242,#10251,#10256,#10257));
#10242 = ORIENTED_EDGE('',*,*,#10243,.F.);
#10243 = EDGE_CURVE('',#10244,#4880,#10246,.T.);
#10244 = VERTEX_POINT('',#10245);
#10245 = CARTESIAN_POINT('',(1.144943816498E+03,-2.1E+03,113.95186785861
    ));
#10246 = ( BOUNDED_CURVE() B_SPLINE_CURVE(3,(#10247,#10248,#10249,#10250
),.UNSPECIFIED.,.F.,.F.) B_SPLINE_CURVE_WITH_KNOTS((4,4),(0.,1.),
.PIECEWISE_BEZIER_KNOTS.) CURVE() GEOMETRIC_REPRESENTATION_ITEM() 
RATIONAL_B_SPLINE_CURVE((1.,1.,1.,1.)) REPRESENTATION_ITEM('') );
#10247 = CARTESIAN_POINT('',(1.144943816498E+03,-2.1E+03,113.95186785861
    ));
#10248 = CARTESIAN_POINT('',(1.1054452256E+03,-704.4156187208,
    47.441642198573));
#10249 = CARTESIAN_POINT('',(1.1054452256E+03,704.41561872084,
    47.441642198573));
#10250 = CARTESIAN_POINT('',(1.144943816498E+03,2.1E+03,113.95186785861)
  );
#10251 = ORIENTED_EDGE('',*,*,#10252,.T.);
#10252 = EDGE_CURVE('',#10244,#10216,#10253,.T.);
#10253 = B_SPLINE_CURVE_WITH_KNOTS('',1,(#10254,#10255),.UNSPECIFIED.,
  .F.,.F.,(2,2),(9.,10.),.PIECEWISE_BEZIER_KNOTS.);
#10254 = CARTESIAN_POINT('',(1.144943816498E+03,-2.1E+03,113.95186785861
    ));
#10255 = CARTESIAN_POINT('',(1.166000762333E+03,-2.1E+03,113.60384357631
    ));
#10256 = ORIENTED_EDGE('',*,*,#10215,.T.);
#10257 = ORIENTED_EDGE('',*,*,#4898,.F.);
#10258 = ( BOUNDED_SURFACE() B_SPLINE_SURFACE(1,3,(
    (#10259,#10260,#10261,#10262)
    ,(#10263,#10264,#10265,#10266
)),.UNSPECIFIED.,.F.,.F.,.F.) B_SPLINE_SURFACE_WITH_KNOTS((2,2),(4,4),(
    9.,10.),(0.,1.),.PIECEWISE_BEZIER_KNOTS.) 
GEOMETRIC_REPRESENTATION_ITEM() RATIONAL_B_SPLINE_SURFACE((
    (1.,1.,1.,1.)
,(1.,1.,1.,1.))) REPRESENTATION_ITEM('') SURFACE() );
#10259 = CARTESIAN_POINT('',(1.144943816498E+03,-2.1E+03,113.95186785861
    ));
#10260 = CARTESIAN_POINT('',(1.1054452256E+03,-704.4156187208,
    47.441642198573));
#10261 = CARTESIAN_POINT('',(1.1054452256E+03,704.41561872084,
    47.441642198573));
#10262 = CARTESIAN_POINT('',(1.144943816498E+03,2.1E+03,113.95186785861)
  );
#10263 = CARTESIAN_POINT('',(1.166000762333E+03,-2.1E+03,113.60384357631
    ));
#10264 = CARTESIAN_POINT('',(1.146902223361E+03,-704.4156187208,
    46.756450623063));
#10265 = CARTESIAN_POINT('',(1.146902223361E+03,704.41561872084,
    46.756450623064));
#10266 = CARTESIAN_POINT('',(1.166000762333E+03,2.1E+03,113.60384357631)
  );
#10267 = ADVANCED_FACE('',(#10268),#10286,.T.);
#10268 = FACE_BOUND('',#10269,.T.);
#10269 = EDGE_LOOP('',(#10270,#10279,#10284,#10285));
#10270 = ORIENTED_EDGE('',*,*,#10271,.F.);
#10271 = EDGE_CURVE('',#10272,#4867,#10274,.T.);
#10272 = VERTEX_POINT('',#10273);
#10273 = CARTESIAN_POINT('',(1.125E+03,-2.1E+03,113.75435047498));
#10274 = ( BOUNDED_CURVE() B_SPLINE_CURVE(3,(#10275,#10276,#10277,#10278
),.UNSPECIFIED.,.F.,.F.) B_SPLINE_CURVE_WITH_KNOTS((4,4),(0.,1.),
.PIECEWISE_BEZIER_KNOTS.) CURVE() GEOMETRIC_REPRESENTATION_ITEM() 
RATIONAL_B_SPLINE_CURVE((1.,1.,1.,1.)) REPRESENTATION_ITEM('') );
#10275 = CARTESIAN_POINT('',(1.125E+03,-2.1E+03,113.75435047498));
#10276 = CARTESIAN_POINT('',(1.066179761255E+03,-704.4156187208,
    47.052769196988));
#10277 = CARTESIAN_POINT('',(1.066179761255E+03,704.41561872084,
    47.052769196988));
#10278 = CARTESIAN_POINT('',(1.125E+03,2.1E+03,113.75435047498));
#10279 = ORIENTED_EDGE('',*,*,#10280,.T.);
#10280 = EDGE_CURVE('',#10272,#10244,#10281,.T.);
#10281 = B_SPLINE_CURVE_WITH_KNOTS('',1,(#10282,#10283),.UNSPECIFIED.,
  .F.,.F.,(2,2),(8.,9.),.PIECEWISE_BEZIER_KNOTS.);
#10282 = CARTESIAN_POINT('',(1.125E+03,-2.1E+03,113.75435047498));
#10283 = CARTESIAN_POINT('',(1.144943816498E+03,-2.1E+03,113.95186785861
    ));
#10284 = ORIENTED_EDGE('',*,*,#10243,.T.);
#10285 = ORIENTED_EDGE('',*,*,#4879,.F.);
#10286 = ( BOUNDED_SURFACE() B_SPLINE_SURFACE(1,3,(
    (#10287,#10288,#10289,#10290)
    ,(#10291,#10292,#10293,#10294
)),.UNSPECIFIED.,.F.,.F.,.F.) B_SPLINE_SURFACE_WITH_KNOTS((2,2),(4,4),(
    8.,9.),(0.,1.),.PIECEWISE_BEZIER_KNOTS.) 
GEOMETRIC_REPRESENTATION_ITEM() RATIONAL_B_SPLINE_SURFACE((
    (1.,1.,1.,1.)
,(1.,1.,1.,1.))) REPRESENTATION_ITEM('') SURFACE() );
#10287 = CARTESIAN_POINT('',(1.125E+03,-2.1E+03,113.75435047498));
#10288 = CARTESIAN_POINT('',(1.066179761255E+03,-704.4156187208,
    47.052769196988));
#10289 = CARTESIAN_POINT('',(1.066179761255E+03,704.41561872084,
    47.052769196988));
#10290 = CARTESIAN_POINT('',(1.125E+03,2.1E+03,113.75435047498));
#10291 = CARTESIAN_POINT('',(1.144943816498E+03,-2.1E+03,113.95186785861
    ));
#10292 = CARTESIAN_POINT('',(1.1054452256E+03,-704.4156187208,
    47.441642198573));
#10293 = CARTESIAN_POINT('',(1.1054452256E+03,704.41561872084,
    47.441642198573));
#10294 = CARTESIAN_POINT('',(1.144943816498E+03,2.1E+03,113.95186785861)
  );
#10295 = ADVANCED_FACE('',(#10296),#10314,.T.);
#10296 = FACE_BOUND('',#10297,.T.);
#10297 = EDGE_LOOP('',(#10298,#10307,#10312,#10313));
#10298 = ORIENTED_EDGE('',*,*,#10299,.F.);
#10299 = EDGE_CURVE('',#10300,#4857,#10302,.T.);
#10300 = VERTEX_POINT('',#10301);
#10301 = CARTESIAN_POINT('',(1.106510557069E+03,-2.1E+03,112.97442345004
    ));
#10302 = ( BOUNDED_CURVE() B_SPLINE_CURVE(3,(#10303,#10304,#10305,#10306
),.UNSPECIFIED.,.F.,.F.) B_SPLINE_CURVE_WITH_KNOTS((4,4),(0.,1.),
.PIECEWISE_BEZIER_KNOTS.) CURVE() GEOMETRIC_REPRESENTATION_ITEM() 
RATIONAL_B_SPLINE_CURVE((1.,1.,1.,1.)) REPRESENTATION_ITEM('') );
#10303 = CARTESIAN_POINT('',(1.106510557069E+03,-2.1E+03,112.97442345004
    ));
#10304 = CARTESIAN_POINT('',(1.029777673306E+03,-704.4156187208,
    45.517245803396));
#10305 = CARTESIAN_POINT('',(1.029777673306E+03,704.41561872084,
    45.517245803396));
#10306 = CARTESIAN_POINT('',(1.106510557069E+03,2.1E+03,112.97442345004)
  );
#10307 = ORIENTED_EDGE('',*,*,#10308,.T.);
#10308 = EDGE_CURVE('',#10300,#10272,#10309,.T.);
#10309 = B_SPLINE_CURVE_WITH_KNOTS('',1,(#10310,#10311),.UNSPECIFIED.,
  .F.,.F.,(2,2),(7.,8.),.PIECEWISE_BEZIER_KNOTS.);
#10310 = CARTESIAN_POINT('',(1.106510557069E+03,-2.1E+03,112.97442345004
    ));
#10311 = CARTESIAN_POINT('',(1.125E+03,-2.1E+03,113.75435047498));
#10312 = ORIENTED_EDGE('',*,*,#10271,.T.);
#10313 = ORIENTED_EDGE('',*,*,#4866,.F.);
#10314 = ( BOUNDED_SURFACE() B_SPLINE_SURFACE(1,3,(
    (#10315,#10316,#10317,#10318)
    ,(#10319,#10320,#10321,#10322
)),.UNSPECIFIED.,.F.,.F.,.F.) B_SPLINE_SURFACE_WITH_KNOTS((2,2),(4,4),(
    7.,8.),(0.,1.),.PIECEWISE_BEZIER_KNOTS.) 
GEOMETRIC_REPRESENTATION_ITEM() RATIONAL_B_SPLINE_SURFACE((
    (1.,1.,1.,1.)
,(1.,1.,1.,1.))) REPRESENTATION_ITEM('') SURFACE() );
#10315 = CARTESIAN_POINT('',(1.106510557069E+03,-2.1E+03,112.97442345004
    ));
#10316 = CARTESIAN_POINT('',(1.029777673306E+03,-704.4156187208,
    45.517245803396));
#10317 = CARTESIAN_POINT('',(1.029777673306E+03,704.41561872084,
    45.517245803396));
#10318 = CARTESIAN_POINT('',(1.106510557069E+03,2.1E+03,112.97442345004)
  );
#10319 = CARTESIAN_POINT('',(1.125E+03,-2.1E+03,113.75435047498));
#10320 = CARTESIAN_POINT('',(1.066179761255E+03,-704.4156187208,
    47.052769196988));
#10321 = CARTESIAN_POINT('',(1.066179761255E+03,704.41561872084,
    47.052769196988));
#10322 = CARTESIAN_POINT('',(1.125E+03,2.1E+03,113.75435047498));
#10323 = ADVANCED_FACE('',(#10324),#10343,.T.);
#10324 = FACE_BOUND('',#10325,.T.);
#10325 = EDGE_LOOP('',(#10326,#10335,#10340,#10341,#10342));
#10326 = ORIENTED_EDGE('',*,*,#10327,.F.);
#10327 = EDGE_CURVE('',#10328,#8293,#10330,.T.);
#10328 = VERTEX_POINT('',#10329);
#10329 = CARTESIAN_POINT('',(1.089791847198E+03,-2.1E+03,111.60390151677
    ));
#10330 = ( BOUNDED_CURVE() B_SPLINE_CURVE(3,(#10331,#10332,#10333,#10334
),.UNSPECIFIED.,.F.,.F.) B_SPLINE_CURVE_WITH_KNOTS((4,4),(0.,1.),
.PIECEWISE_BEZIER_KNOTS.) CURVE() GEOMETRIC_REPRESENTATION_ITEM() 
RATIONAL_B_SPLINE_CURVE((1.,1.,1.,1.)) REPRESENTATION_ITEM('') );
#10331 = CARTESIAN_POINT('',(1.089791847198E+03,-2.1E+03,111.60390151677
    ));
#10332 = CARTESIAN_POINT('',(996.8618115706,-704.4156187208,
    42.818956831905));
#10333 = CARTESIAN_POINT('',(996.86181157061,704.41561872084,
    42.818956831906));
#10334 = CARTESIAN_POINT('',(1.089791847198E+03,2.1E+03,111.60390151677)
  );
#10335 = ORIENTED_EDGE('',*,*,#10336,.T.);
#10336 = EDGE_CURVE('',#10328,#10300,#10337,.T.);
#10337 = B_SPLINE_CURVE_WITH_KNOTS('',1,(#10338,#10339),.UNSPECIFIED.,
  .F.,.F.,(2,2),(6.,7.),.PIECEWISE_BEZIER_KNOTS.);
#10338 = CARTESIAN_POINT('',(1.089791847198E+03,-2.1E+03,111.60390151677
    ));
#10339 = CARTESIAN_POINT('',(1.106510557069E+03,-2.1E+03,112.97442345004
    ));
#10340 = ORIENTED_EDGE('',*,*,#10299,.T.);
#10341 = ORIENTED_EDGE('',*,*,#4856,.F.);
#10342 = ORIENTED_EDGE('',*,*,#8305,.F.);
#10343 = ( BOUNDED_SURFACE() B_SPLINE_SURFACE(1,3,(
    (#10344,#10345,#10346,#10347)
    ,(#10348,#10349,#10350,#10351
)),.UNSPECIFIED.,.F.,.F.,.F.) B_SPLINE_SURFACE_WITH_KNOTS((2,2),(4,4),(
    6.,7.),(0.,1.),.PIECEWISE_BEZIER_KNOTS.) 
GEOMETRIC_REPRESENTATION_ITEM() RATIONAL_B_SPLINE_SURFACE((
    (1.,1.,1.,1.)
,(1.,1.,1.,1.))) REPRESENTATION_ITEM('') SURFACE() );
#10344 = CARTESIAN_POINT('',(1.089791847198E+03,-2.1E+03,111.60390151677
    ));
#10345 = CARTESIAN_POINT('',(996.8618115706,-704.4156187208,
    42.818956831905));
#10346 = CARTESIAN_POINT('',(996.86181157061,704.41561872084,
    42.818956831906));
#10347 = CARTESIAN_POINT('',(1.089791847198E+03,2.1E+03,111.60390151677)
  );
#10348 = CARTESIAN_POINT('',(1.106510557069E+03,-2.1E+03,112.97442345004
    ));
#10349 = CARTESIAN_POINT('',(1.029777673306E+03,-704.4156187208,
    45.517245803396));
#10350 = CARTESIAN_POINT('',(1.029777673306E+03,704.41561872084,
    45.517245803396));
#10351 = CARTESIAN_POINT('',(1.106510557069E+03,2.1E+03,112.97442345004)
  );
#10352 = ADVANCED_FACE('',(#10353),#10380,.T.);
#10353 = FACE_BOUND('',#10354,.T.);
#10354 = EDGE_LOOP('',(#10355,#10364,#10371,#10378,#10379));
#10355 = ORIENTED_EDGE('',*,*,#10356,.F.);
#10356 = EDGE_CURVE('',#10357,#5375,#10359,.T.);
#10357 = VERTEX_POINT('',#10358);
#10358 = CARTESIAN_POINT('',(1.374207390469E+03,-2.1E+03,92.723055081253
    ));
#10359 = ( BOUNDED_CURVE() B_SPLINE_CURVE(3,(#10360,#10361,#10362,#10363
),.UNSPECIFIED.,.F.,.F.) B_SPLINE_CURVE_WITH_KNOTS((4,4),(0.,1.),
.PIECEWISE_BEZIER_KNOTS.) CURVE() GEOMETRIC_REPRESENTATION_ITEM() 
RATIONAL_B_SPLINE_CURVE((1.,1.,1.,1.)) REPRESENTATION_ITEM('') );
#10360 = CARTESIAN_POINT('',(1.374207390469E+03,-2.1E+03,92.723055081253
    ));
#10361 = CARTESIAN_POINT('',(1.556820251562E+03,-704.4156187208,
    5.646272124986));
#10362 = CARTESIAN_POINT('',(1.556820251562E+03,704.41561872084,
    5.646272124986));
#10363 = CARTESIAN_POINT('',(1.374207390469E+03,2.1E+03,92.723055081253)
  );
#10364 = ORIENTED_EDGE('',*,*,#10365,.T.);
#10365 = EDGE_CURVE('',#10357,#10366,#10368,.T.);
#10366 = VERTEX_POINT('',#10367);
#10367 = CARTESIAN_POINT('',(1.367059520527E+03,-2.1E+03,91.72021374033)
  );
#10368 = B_SPLINE_CURVE_WITH_KNOTS('',1,(#10369,#10370),.UNSPECIFIED.,
  .F.,.F.,(2,2),(26.,27.),.PIECEWISE_BEZIER_KNOTS.);
#10369 = CARTESIAN_POINT('',(1.374207390469E+03,-2.1E+03,92.723055081253
    ));
#10370 = CARTESIAN_POINT('',(1.367059520527E+03,-2.1E+03,91.72021374033)
  );
#10371 = ORIENTED_EDGE('',*,*,#10372,.T.);
#10372 = EDGE_CURVE('',#10366,#5464,#10373,.T.);
#10373 = ( BOUNDED_CURVE() B_SPLINE_CURVE(3,(#10374,#10375,#10376,#10377
),.UNSPECIFIED.,.F.,.F.) B_SPLINE_CURVE_WITH_KNOTS((4,4),(0.,1.),
.PIECEWISE_BEZIER_KNOTS.) CURVE() GEOMETRIC_REPRESENTATION_ITEM() 
RATIONAL_B_SPLINE_CURVE((1.,1.,1.,1.)) REPRESENTATION_ITEM('') );
#10374 = CARTESIAN_POINT('',(1.367059520527E+03,-2.1E+03,91.72021374033)
  );
#10375 = CARTESIAN_POINT('',(1.542747497113E+03,-704.4156187208,
    3.671874149529));
#10376 = CARTESIAN_POINT('',(1.542747497113E+03,704.41561872084,
    3.671874149529));
#10377 = CARTESIAN_POINT('',(1.367059520527E+03,2.1E+03,91.72021374033)
  );
#10378 = ORIENTED_EDGE('',*,*,#5463,.F.);
#10379 = ORIENTED_EDGE('',*,*,#5384,.F.);
#10380 = ( BOUNDED_SURFACE() B_SPLINE_SURFACE(1,3,(
    (#10381,#10382,#10383,#10384)
    ,(#10385,#10386,#10387,#10388
)),.UNSPECIFIED.,.F.,.F.,.F.) B_SPLINE_SURFACE_WITH_KNOTS((2,2),(4,4),(
    26.,27.),(0.,1.),.PIECEWISE_BEZIER_KNOTS.) 
GEOMETRIC_REPRESENTATION_ITEM() RATIONAL_B_SPLINE_SURFACE((
    (1.,1.,1.,1.)
,(1.,1.,1.,1.))) REPRESENTATION_ITEM('') SURFACE() );
#10381 = CARTESIAN_POINT('',(1.374207390469E+03,-2.1E+03,92.723055081253
    ));
#10382 = CARTESIAN_POINT('',(1.556820251562E+03,-704.4156187208,
    5.646272124986));
#10383 = CARTESIAN_POINT('',(1.556820251562E+03,704.41561872084,
    5.646272124986));
#10384 = CARTESIAN_POINT('',(1.374207390469E+03,2.1E+03,92.723055081253)
  );
#10385 = CARTESIAN_POINT('',(1.367059520527E+03,-2.1E+03,91.72021374033)
  );
#10386 = CARTESIAN_POINT('',(1.542747497113E+03,-704.4156187208,
    3.671874149529));
#10387 = CARTESIAN_POINT('',(1.542747497113E+03,704.41561872084,
    3.671874149529));
#10388 = CARTESIAN_POINT('',(1.367059520527E+03,2.1E+03,91.72021374033)
  );
#10389 = ADVANCED_FACE('',(#10390),#10408,.T.);
#10390 = FACE_BOUND('',#10391,.T.);
#10391 = EDGE_LOOP('',(#10392,#10401,#10406,#10407));
#10392 = ORIENTED_EDGE('',*,*,#10393,.F.);
#10393 = EDGE_CURVE('',#10394,#5365,#10396,.T.);
#10394 = VERTEX_POINT('',#10395);
#10395 = CARTESIAN_POINT('',(1.378545626434E+03,-2.1E+03,93.344993079208
    ));
#10396 = ( BOUNDED_CURVE() B_SPLINE_CURVE(3,(#10397,#10398,#10399,#10400
),.UNSPECIFIED.,.F.,.F.) B_SPLINE_CURVE_WITH_KNOTS((4,4),(0.,1.),
.PIECEWISE_BEZIER_KNOTS.) CURVE() GEOMETRIC_REPRESENTATION_ITEM() 
RATIONAL_B_SPLINE_CURVE((1.,1.,1.,1.)) REPRESENTATION_ITEM('') );
#10397 = CARTESIAN_POINT('',(1.378545626434E+03,-2.1E+03,93.344993079208
    ));
#10398 = CARTESIAN_POINT('',(1.565361387588E+03,-704.4156187208,
    6.87074610099));
#10399 = CARTESIAN_POINT('',(1.565361387588E+03,704.41561872084,
    6.87074610099));
#10400 = CARTESIAN_POINT('',(1.378545626434E+03,2.1E+03,93.344993079208)
  );
#10401 = ORIENTED_EDGE('',*,*,#10402,.T.);
#10402 = EDGE_CURVE('',#10394,#10357,#10403,.T.);
#10403 = B_SPLINE_CURVE_WITH_KNOTS('',1,(#10404,#10405),.UNSPECIFIED.,
  .F.,.F.,(2,2),(25.,26.),.PIECEWISE_BEZIER_KNOTS.);
#10404 = CARTESIAN_POINT('',(1.378545626434E+03,-2.1E+03,93.344993079208
    ));
#10405 = CARTESIAN_POINT('',(1.374207390469E+03,-2.1E+03,92.723055081253
    ));
#10406 = ORIENTED_EDGE('',*,*,#10356,.T.);
#10407 = ORIENTED_EDGE('',*,*,#5374,.F.);
#10408 = ( BOUNDED_SURFACE() B_SPLINE_SURFACE(1,3,(
    (#10409,#10410,#10411,#10412)
    ,(#10413,#10414,#10415,#10416
)),.UNSPECIFIED.,.F.,.F.,.F.) B_SPLINE_SURFACE_WITH_KNOTS((2,2),(4,4),(
    25.,26.),(0.,1.),.PIECEWISE_BEZIER_KNOTS.) 
GEOMETRIC_REPRESENTATION_ITEM() RATIONAL_B_SPLINE_SURFACE((
    (1.,1.,1.,1.)
,(1.,1.,1.,1.))) REPRESENTATION_ITEM('') SURFACE() );
#10409 = CARTESIAN_POINT('',(1.378545626434E+03,-2.1E+03,93.344993079208
    ));
#10410 = CARTESIAN_POINT('',(1.565361387588E+03,-704.4156187208,
    6.87074610099));
#10411 = CARTESIAN_POINT('',(1.565361387588E+03,704.41561872084,
    6.87074610099));
#10412 = CARTESIAN_POINT('',(1.378545626434E+03,2.1E+03,93.344993079208)
  );
#10413 = CARTESIAN_POINT('',(1.374207390469E+03,-2.1E+03,92.723055081253
    ));
#10414 = CARTESIAN_POINT('',(1.556820251562E+03,-704.4156187208,
    5.646272124986));
#10415 = CARTESIAN_POINT('',(1.556820251562E+03,704.41561872084,
    5.646272124986));
#10416 = CARTESIAN_POINT('',(1.374207390469E+03,2.1E+03,92.723055081253)
  );
#10417 = ADVANCED_FACE('',(#10418),#10436,.T.);
#10418 = FACE_BOUND('',#10419,.T.);
#10419 = EDGE_LOOP('',(#10420,#10429,#10434,#10435));
#10420 = ORIENTED_EDGE('',*,*,#10421,.F.);
#10421 = EDGE_CURVE('',#10422,#5355,#10424,.T.);
#10422 = VERTEX_POINT('',#10423);
#10423 = CARTESIAN_POINT('',(1.38E+03,-2.1E+03,93.555800474981));
#10424 = ( BOUNDED_CURVE() B_SPLINE_CURVE(3,(#10425,#10426,#10427,#10428
),.UNSPECIFIED.,.F.,.F.) B_SPLINE_CURVE_WITH_KNOTS((4,4),(0.,1.),
.PIECEWISE_BEZIER_KNOTS.) CURVE() GEOMETRIC_REPRESENTATION_ITEM() 
RATIONAL_B_SPLINE_CURVE((1.,1.,1.,1.)) REPRESENTATION_ITEM('') );
#10425 = CARTESIAN_POINT('',(1.38E+03,-2.1E+03,93.555800474981));
#10426 = CARTESIAN_POINT('',(1.568224763985E+03,-704.4156187208,
    7.285784530741));
#10427 = CARTESIAN_POINT('',(1.568224763985E+03,704.41561872084,
    7.285784530741));
#10428 = CARTESIAN_POINT('',(1.38E+03,2.1E+03,93.555800474981));
#10429 = ORIENTED_EDGE('',*,*,#10430,.T.);
#10430 = EDGE_CURVE('',#10422,#10394,#10431,.T.);
#10431 = B_SPLINE_CURVE_WITH_KNOTS('',1,(#10432,#10433),.UNSPECIFIED.,
  .F.,.F.,(2,2),(24.,25.),.PIECEWISE_BEZIER_KNOTS.);
#10432 = CARTESIAN_POINT('',(1.38E+03,-2.1E+03,93.555800474981));
#10433 = CARTESIAN_POINT('',(1.378545626434E+03,-2.1E+03,93.344993079208
    ));
#10434 = ORIENTED_EDGE('',*,*,#10393,.T.);
#10435 = ORIENTED_EDGE('',*,*,#5364,.F.);
#10436 = ( BOUNDED_SURFACE() B_SPLINE_SURFACE(1,3,(
    (#10437,#10438,#10439,#10440)
    ,(#10441,#10442,#10443,#10444
)),.UNSPECIFIED.,.F.,.F.,.F.) B_SPLINE_SURFACE_WITH_KNOTS((2,2),(4,4),(
    24.,25.),(0.,1.),.PIECEWISE_BEZIER_KNOTS.) 
GEOMETRIC_REPRESENTATION_ITEM() RATIONAL_B_SPLINE_SURFACE((
    (1.,1.,1.,1.)
,(1.,1.,1.,1.))) REPRESENTATION_ITEM('') SURFACE() );
#10437 = CARTESIAN_POINT('',(1.38E+03,-2.1E+03,93.555800474981));
#10438 = CARTESIAN_POINT('',(1.568224763985E+03,-704.4156187208,
    7.285784530741));
#10439 = CARTESIAN_POINT('',(1.568224763985E+03,704.41561872084,
    7.285784530741));
#10440 = CARTESIAN_POINT('',(1.38E+03,2.1E+03,93.555800474981));
#10441 = CARTESIAN_POINT('',(1.378545626434E+03,-2.1E+03,93.344993079208
    ));
#10442 = CARTESIAN_POINT('',(1.565361387588E+03,-704.4156187208,
    6.87074610099));
#10443 = CARTESIAN_POINT('',(1.565361387588E+03,704.41561872084,
    6.87074610099));
#10444 = CARTESIAN_POINT('',(1.378545626434E+03,2.1E+03,93.344993079208)
  );
#10445 = ADVANCED_FACE('',(#10446),#10464,.T.);
#10446 = FACE_BOUND('',#10447,.T.);
#10447 = EDGE_LOOP('',(#10448,#10457,#10462,#10463));
#10448 = ORIENTED_EDGE('',*,*,#10449,.F.);
#10449 = EDGE_CURVE('',#10450,#5345,#10452,.T.);
#10450 = VERTEX_POINT('',#10451);
#10451 = CARTESIAN_POINT('',(1.378545626434E+03,-2.1E+03,93.766607870754
    ));
#10452 = ( BOUNDED_CURVE() B_SPLINE_CURVE(3,(#10453,#10454,#10455,#10456
),.UNSPECIFIED.,.F.,.F.) B_SPLINE_CURVE_WITH_KNOTS((4,4),(0.,1.),
.PIECEWISE_BEZIER_KNOTS.) CURVE() GEOMETRIC_REPRESENTATION_ITEM() 
RATIONAL_B_SPLINE_CURVE((1.,1.,1.,1.)) REPRESENTATION_ITEM('') );
#10453 = CARTESIAN_POINT('',(1.378545626434E+03,-2.1E+03,93.766607870754
    ));
#10454 = CARTESIAN_POINT('',(1.565361387588E+03,-704.4156187208,
    7.700822960492));
#10455 = CARTESIAN_POINT('',(1.565361387588E+03,704.41561872084,
    7.700822960492));
#10456 = CARTESIAN_POINT('',(1.378545626434E+03,2.1E+03,93.766607870754)
  );
#10457 = ORIENTED_EDGE('',*,*,#10458,.T.);
#10458 = EDGE_CURVE('',#10450,#10422,#10459,.T.);
#10459 = B_SPLINE_CURVE_WITH_KNOTS('',1,(#10460,#10461),.UNSPECIFIED.,
  .F.,.F.,(2,2),(23.,24.),.PIECEWISE_BEZIER_KNOTS.);
#10460 = CARTESIAN_POINT('',(1.378545626434E+03,-2.1E+03,93.766607870754
    ));
#10461 = CARTESIAN_POINT('',(1.38E+03,-2.1E+03,93.555800474981));
#10462 = ORIENTED_EDGE('',*,*,#10421,.T.);
#10463 = ORIENTED_EDGE('',*,*,#5354,.F.);
#10464 = ( BOUNDED_SURFACE() B_SPLINE_SURFACE(1,3,(
    (#10465,#10466,#10467,#10468)
    ,(#10469,#10470,#10471,#10472
)),.UNSPECIFIED.,.F.,.F.,.F.) B_SPLINE_SURFACE_WITH_KNOTS((2,2),(4,4),(
    23.,24.),(0.,1.),.PIECEWISE_BEZIER_KNOTS.) 
GEOMETRIC_REPRESENTATION_ITEM() RATIONAL_B_SPLINE_SURFACE((
    (1.,1.,1.,1.)
,(1.,1.,1.,1.))) REPRESENTATION_ITEM('') SURFACE() );
#10465 = CARTESIAN_POINT('',(1.378545626434E+03,-2.1E+03,93.766607870754
    ));
#10466 = CARTESIAN_POINT('',(1.565361387588E+03,-704.4156187208,
    7.700822960492));
#10467 = CARTESIAN_POINT('',(1.565361387588E+03,704.41561872084,
    7.700822960492));
#10468 = CARTESIAN_POINT('',(1.378545626434E+03,2.1E+03,93.766607870754)
  );
#10469 = CARTESIAN_POINT('',(1.38E+03,-2.1E+03,93.555800474981));
#10470 = CARTESIAN_POINT('',(1.568224763985E+03,-704.4156187208,
    7.285784530741));
#10471 = CARTESIAN_POINT('',(1.568224763985E+03,704.41561872084,
    7.285784530741));
#10472 = CARTESIAN_POINT('',(1.38E+03,2.1E+03,93.555800474981));
#10473 = ADVANCED_FACE('',(#10474),#10492,.T.);
#10474 = FACE_BOUND('',#10475,.T.);
#10475 = EDGE_LOOP('',(#10476,#10485,#10490,#10491));
#10476 = ORIENTED_EDGE('',*,*,#10477,.F.);
#10477 = EDGE_CURVE('',#10478,#5332,#10480,.T.);
#10478 = VERTEX_POINT('',#10479);
#10479 = CARTESIAN_POINT('',(1.374207390469E+03,-2.1E+03,94.388545868709
    ));
#10480 = ( BOUNDED_CURVE() B_SPLINE_CURVE(3,(#10481,#10482,#10483,#10484
),.UNSPECIFIED.,.F.,.F.) B_SPLINE_CURVE_WITH_KNOTS((4,4),(0.,1.),
.PIECEWISE_BEZIER_KNOTS.) CURVE() GEOMETRIC_REPRESENTATION_ITEM() 
RATIONAL_B_SPLINE_CURVE((1.,1.,1.,1.)) REPRESENTATION_ITEM('') );
#10481 = CARTESIAN_POINT('',(1.374207390469E+03,-2.1E+03,94.388545868709
    ));
#10482 = CARTESIAN_POINT('',(1.556820251562E+03,-704.4156187208,
    8.925296936496));
#10483 = CARTESIAN_POINT('',(1.556820251562E+03,704.41561872084,
    8.925296936496));
#10484 = CARTESIAN_POINT('',(1.374207390469E+03,2.1E+03,94.388545868709)
  );
#10485 = ORIENTED_EDGE('',*,*,#10486,.T.);
#10486 = EDGE_CURVE('',#10478,#10450,#10487,.T.);
#10487 = B_SPLINE_CURVE_WITH_KNOTS('',1,(#10488,#10489),.UNSPECIFIED.,
  .F.,.F.,(2,2),(22.,23.),.PIECEWISE_BEZIER_KNOTS.);
#10488 = CARTESIAN_POINT('',(1.374207390469E+03,-2.1E+03,94.388545868709
    ));
#10489 = CARTESIAN_POINT('',(1.378545626434E+03,-2.1E+03,93.766607870754
    ));
#10490 = ORIENTED_EDGE('',*,*,#10449,.T.);
#10491 = ORIENTED_EDGE('',*,*,#5344,.F.);
#10492 = ( BOUNDED_SURFACE() B_SPLINE_SURFACE(1,3,(
    (#10493,#10494,#10495,#10496)
    ,(#10497,#10498,#10499,#10500
)),.UNSPECIFIED.,.F.,.F.,.F.) B_SPLINE_SURFACE_WITH_KNOTS((2,2),(4,4),(
    22.,23.),(0.,1.),.PIECEWISE_BEZIER_KNOTS.) 
GEOMETRIC_REPRESENTATION_ITEM() RATIONAL_B_SPLINE_SURFACE((
    (1.,1.,1.,1.)
,(1.,1.,1.,1.))) REPRESENTATION_ITEM('') SURFACE() );
#10493 = CARTESIAN_POINT('',(1.374207390469E+03,-2.1E+03,94.388545868709
    ));
#10494 = CARTESIAN_POINT('',(1.556820251562E+03,-704.4156187208,
    8.925296936496));
#10495 = CARTESIAN_POINT('',(1.556820251562E+03,704.41561872084,
    8.925296936496));
#10496 = CARTESIAN_POINT('',(1.374207390469E+03,2.1E+03,94.388545868709)
  );
#10497 = CARTESIAN_POINT('',(1.378545626434E+03,-2.1E+03,93.766607870754
    ));
#10498 = CARTESIAN_POINT('',(1.565361387588E+03,-704.4156187208,
    7.700822960492));
#10499 = CARTESIAN_POINT('',(1.565361387588E+03,704.41561872084,
    7.700822960492));
#10500 = CARTESIAN_POINT('',(1.378545626434E+03,2.1E+03,93.766607870754)
  );
#10501 = ADVANCED_FACE('',(#10502),#10520,.T.);
#10502 = FACE_BOUND('',#10503,.T.);
#10503 = EDGE_LOOP('',(#10504,#10513,#10518,#10519));
#10504 = ORIENTED_EDGE('',*,*,#10505,.F.);
#10505 = EDGE_CURVE('',#10506,#5322,#10508,.T.);
#10506 = VERTEX_POINT('',#10507);
#10507 = CARTESIAN_POINT('',(1.367059520527E+03,-2.1E+03,95.391387209632
    ));
#10508 = ( BOUNDED_CURVE() B_SPLINE_CURVE(3,(#10509,#10510,#10511,#10512
),.UNSPECIFIED.,.F.,.F.) B_SPLINE_CURVE_WITH_KNOTS((4,4),(0.,1.),
.PIECEWISE_BEZIER_KNOTS.) CURVE() GEOMETRIC_REPRESENTATION_ITEM() 
RATIONAL_B_SPLINE_CURVE((1.,1.,1.,1.)) REPRESENTATION_ITEM('') );
#10509 = CARTESIAN_POINT('',(1.367059520527E+03,-2.1E+03,95.391387209632
    ));
#10510 = CARTESIAN_POINT('',(1.542747497113E+03,-704.4156187208,
    10.899694911953));
#10511 = CARTESIAN_POINT('',(1.542747497113E+03,704.41561872084,
    10.899694911953));
#10512 = CARTESIAN_POINT('',(1.367059520527E+03,2.1E+03,95.391387209632)
  );
#10513 = ORIENTED_EDGE('',*,*,#10514,.T.);
#10514 = EDGE_CURVE('',#10506,#10478,#10515,.T.);
#10515 = B_SPLINE_CURVE_WITH_KNOTS('',1,(#10516,#10517),.UNSPECIFIED.,
  .F.,.F.,(2,2),(21.,22.),.PIECEWISE_BEZIER_KNOTS.);
#10516 = CARTESIAN_POINT('',(1.367059520527E+03,-2.1E+03,95.391387209632
    ));
#10517 = CARTESIAN_POINT('',(1.374207390469E+03,-2.1E+03,94.388545868709
    ));
#10518 = ORIENTED_EDGE('',*,*,#10477,.T.);
#10519 = ORIENTED_EDGE('',*,*,#5331,.F.);
#10520 = ( BOUNDED_SURFACE() B_SPLINE_SURFACE(1,3,(
    (#10521,#10522,#10523,#10524)
    ,(#10525,#10526,#10527,#10528
)),.UNSPECIFIED.,.F.,.F.,.F.) B_SPLINE_SURFACE_WITH_KNOTS((2,2),(4,4),(
    21.,22.),(0.,1.),.PIECEWISE_BEZIER_KNOTS.) 
GEOMETRIC_REPRESENTATION_ITEM() RATIONAL_B_SPLINE_SURFACE((
    (1.,1.,1.,1.)
,(1.,1.,1.,1.))) REPRESENTATION_ITEM('') SURFACE() );
#10521 = CARTESIAN_POINT('',(1.367059520527E+03,-2.1E+03,95.391387209632
    ));
#10522 = CARTESIAN_POINT('',(1.542747497113E+03,-704.4156187208,
    10.899694911953));
#10523 = CARTESIAN_POINT('',(1.542747497113E+03,704.41561872084,
    10.899694911953));
#10524 = CARTESIAN_POINT('',(1.367059520527E+03,2.1E+03,95.391387209632)
  );
#10525 = CARTESIAN_POINT('',(1.374207390469E+03,-2.1E+03,94.388545868709
    ));
#10526 = CARTESIAN_POINT('',(1.556820251562E+03,-704.4156187208,
    8.925296936496));
#10527 = CARTESIAN_POINT('',(1.556820251562E+03,704.41561872084,
    8.925296936496));
#10528 = CARTESIAN_POINT('',(1.374207390469E+03,2.1E+03,94.388545868709)
  );
#10529 = ADVANCED_FACE('',(#10530),#10548,.T.);
#10530 = FACE_BOUND('',#10531,.T.);
#10531 = EDGE_LOOP('',(#10532,#10541,#10546,#10547));
#10532 = ORIENTED_EDGE('',*,*,#10533,.F.);
#10533 = EDGE_CURVE('',#10534,#5309,#10536,.T.);
#10534 = VERTEX_POINT('',#10535);
#10535 = CARTESIAN_POINT('',(1.357224318643E+03,-2.1E+03,96.728513366922
    ));
#10536 = ( BOUNDED_CURVE() B_SPLINE_CURVE(3,(#10537,#10538,#10539,#10540
),.UNSPECIFIED.,.F.,.F.) B_SPLINE_CURVE_WITH_KNOTS((4,4),(0.,1.),
.PIECEWISE_BEZIER_KNOTS.) CURVE() GEOMETRIC_REPRESENTATION_ITEM() 
RATIONAL_B_SPLINE_CURVE((1.,1.,1.,1.)) REPRESENTATION_ITEM('') );
#10537 = CARTESIAN_POINT('',(1.357224318643E+03,-2.1E+03,96.728513366922
    ));
#10538 = CARTESIAN_POINT('',(1.52338391297E+03,-704.4156187208,
    13.532234148373));
#10539 = CARTESIAN_POINT('',(1.52338391297E+03,704.41561872084,
    13.532234148373));
#10540 = CARTESIAN_POINT('',(1.357224318643E+03,2.1E+03,96.728513366922)
  );
#10541 = ORIENTED_EDGE('',*,*,#10542,.T.);
#10542 = EDGE_CURVE('',#10534,#10506,#10543,.T.);
#10543 = B_SPLINE_CURVE_WITH_KNOTS('',1,(#10544,#10545),.UNSPECIFIED.,
  .F.,.F.,(2,2),(20.,21.),.PIECEWISE_BEZIER_KNOTS.);
#10544 = CARTESIAN_POINT('',(1.357224318643E+03,-2.1E+03,96.728513366922
    ));
#10545 = CARTESIAN_POINT('',(1.367059520527E+03,-2.1E+03,95.391387209632
    ));
#10546 = ORIENTED_EDGE('',*,*,#10505,.T.);
#10547 = ORIENTED_EDGE('',*,*,#5321,.F.);
#10548 = ( BOUNDED_SURFACE() B_SPLINE_SURFACE(1,3,(
    (#10549,#10550,#10551,#10552)
    ,(#10553,#10554,#10555,#10556
)),.UNSPECIFIED.,.F.,.F.,.F.) B_SPLINE_SURFACE_WITH_KNOTS((2,2),(4,4),(
    20.,21.),(0.,1.),.PIECEWISE_BEZIER_KNOTS.) 
GEOMETRIC_REPRESENTATION_ITEM() RATIONAL_B_SPLINE_SURFACE((
    (1.,1.,1.,1.)
,(1.,1.,1.,1.))) REPRESENTATION_ITEM('') SURFACE() );
#10549 = CARTESIAN_POINT('',(1.357224318643E+03,-2.1E+03,96.728513366922
    ));
#10550 = CARTESIAN_POINT('',(1.52338391297E+03,-704.4156187208,
    13.532234148373));
#10551 = CARTESIAN_POINT('',(1.52338391297E+03,704.41561872084,
    13.532234148373));
#10552 = CARTESIAN_POINT('',(1.357224318643E+03,2.1E+03,96.728513366922)
  );
#10553 = CARTESIAN_POINT('',(1.367059520527E+03,-2.1E+03,95.391387209632
    ));
#10554 = CARTESIAN_POINT('',(1.542747497113E+03,-704.4156187208,
    10.899694911953));
#10555 = CARTESIAN_POINT('',(1.542747497113E+03,704.41561872084,
    10.899694911953));
#10556 = CARTESIAN_POINT('',(1.367059520527E+03,2.1E+03,95.391387209632)
  );
#10557 = ADVANCED_FACE('',(#10558),#10576,.T.);
#10558 = FACE_BOUND('',#10559,.T.);
#10559 = EDGE_LOOP('',(#10560,#10569,#10574,#10575));
#10560 = ORIENTED_EDGE('',*,*,#10561,.F.);
#10561 = EDGE_CURVE('',#10562,#5296,#10564,.T.);
#10562 = VERTEX_POINT('',#10563);
#10563 = CARTESIAN_POINT('',(1.34487006785E+03,-2.1E+03,98.341516417284)
  );
#10564 = ( BOUNDED_CURVE() B_SPLINE_CURVE(3,(#10565,#10566,#10567,#10568
),.UNSPECIFIED.,.F.,.F.) B_SPLINE_CURVE_WITH_KNOTS((4,4),(0.,1.),
.PIECEWISE_BEZIER_KNOTS.) CURVE() GEOMETRIC_REPRESENTATION_ITEM() 
RATIONAL_B_SPLINE_CURVE((1.,1.,1.,1.)) REPRESENTATION_ITEM('') );
#10565 = CARTESIAN_POINT('',(1.34487006785E+03,-2.1E+03,98.341516417284)
  );
#10566 = CARTESIAN_POINT('',(1.499060815426E+03,-704.4156187208,
    16.707920896698));
#10567 = CARTESIAN_POINT('',(1.499060815426E+03,704.41561872084,
    16.707920896698));
#10568 = CARTESIAN_POINT('',(1.34487006785E+03,2.1E+03,98.341516417284)
  );
#10569 = ORIENTED_EDGE('',*,*,#10570,.T.);
#10570 = EDGE_CURVE('',#10562,#10534,#10571,.T.);
#10571 = B_SPLINE_CURVE_WITH_KNOTS('',1,(#10572,#10573),.UNSPECIFIED.,
  .F.,.F.,(2,2),(19.,20.),.PIECEWISE_BEZIER_KNOTS.);
#10572 = CARTESIAN_POINT('',(1.34487006785E+03,-2.1E+03,98.341516417284)
  );
#10573 = CARTESIAN_POINT('',(1.357224318643E+03,-2.1E+03,96.728513366922
    ));
#10574 = ORIENTED_EDGE('',*,*,#10533,.T.);
#10575 = ORIENTED_EDGE('',*,*,#5308,.F.);
#10576 = ( BOUNDED_SURFACE() B_SPLINE_SURFACE(1,3,(
    (#10577,#10578,#10579,#10580)
    ,(#10581,#10582,#10583,#10584
)),.UNSPECIFIED.,.F.,.F.,.F.) B_SPLINE_SURFACE_WITH_KNOTS((2,2),(4,4),(
    19.,20.),(0.,1.),.PIECEWISE_BEZIER_KNOTS.) 
GEOMETRIC_REPRESENTATION_ITEM() RATIONAL_B_SPLINE_SURFACE((
    (1.,1.,1.,1.)
,(1.,1.,1.,1.))) REPRESENTATION_ITEM('') SURFACE() );
#10577 = CARTESIAN_POINT('',(1.34487006785E+03,-2.1E+03,98.341516417284)
  );
#10578 = CARTESIAN_POINT('',(1.499060815426E+03,-704.4156187208,
    16.707920896698));
#10579 = CARTESIAN_POINT('',(1.499060815426E+03,704.41561872084,
    16.707920896698));
#10580 = CARTESIAN_POINT('',(1.34487006785E+03,2.1E+03,98.341516417284)
  );
#10581 = CARTESIAN_POINT('',(1.357224318643E+03,-2.1E+03,96.728513366922
    ));
#10582 = CARTESIAN_POINT('',(1.52338391297E+03,-704.4156187208,
    13.532234148373));
#10583 = CARTESIAN_POINT('',(1.52338391297E+03,704.41561872084,
    13.532234148373));
#10584 = CARTESIAN_POINT('',(1.357224318643E+03,2.1E+03,96.728513366922)
  );
#10585 = ADVANCED_FACE('',(#10586),#10604,.T.);
#10586 = FACE_BOUND('',#10587,.T.);
#10587 = EDGE_LOOP('',(#10588,#10597,#10602,#10603));
#10588 = ORIENTED_EDGE('',*,*,#10589,.F.);
#10589 = EDGE_CURVE('',#10590,#5283,#10592,.T.);
#10590 = VERTEX_POINT('',#10591);
#10591 = CARTESIAN_POINT('',(1.330208152802E+03,-2.1E+03,100.16488246463
    ));
#10592 = ( BOUNDED_CURVE() B_SPLINE_CURVE(3,(#10593,#10594,#10595,#10596
),.UNSPECIFIED.,.F.,.F.) B_SPLINE_CURVE_WITH_KNOTS((4,4),(0.,1.),
.PIECEWISE_BEZIER_KNOTS.) CURVE() GEOMETRIC_REPRESENTATION_ITEM() 
RATIONAL_B_SPLINE_CURVE((1.,1.,1.,1.)) REPRESENTATION_ITEM('') );
#10593 = CARTESIAN_POINT('',(1.330208152802E+03,-2.1E+03,100.16488246463
    ));
#10594 = CARTESIAN_POINT('',(1.470194379426E+03,-704.4156187208,
    20.297771140704));
#10595 = CARTESIAN_POINT('',(1.470194379426E+03,704.41561872084,
    20.297771140705));
#10596 = CARTESIAN_POINT('',(1.330208152802E+03,2.1E+03,100.16488246463)
  );
#10597 = ORIENTED_EDGE('',*,*,#10598,.T.);
#10598 = EDGE_CURVE('',#10590,#10562,#10599,.T.);
#10599 = B_SPLINE_CURVE_WITH_KNOTS('',1,(#10600,#10601),.UNSPECIFIED.,
  .F.,.F.,(2,2),(18.,19.),.PIECEWISE_BEZIER_KNOTS.);
#10600 = CARTESIAN_POINT('',(1.330208152802E+03,-2.1E+03,100.16488246463
    ));
#10601 = CARTESIAN_POINT('',(1.34487006785E+03,-2.1E+03,98.341516417284)
  );
#10602 = ORIENTED_EDGE('',*,*,#10561,.T.);
#10603 = ORIENTED_EDGE('',*,*,#5295,.F.);
#10604 = ( BOUNDED_SURFACE() B_SPLINE_SURFACE(1,3,(
    (#10605,#10606,#10607,#10608)
    ,(#10609,#10610,#10611,#10612
)),.UNSPECIFIED.,.F.,.F.,.F.) B_SPLINE_SURFACE_WITH_KNOTS((2,2),(4,4),(
    18.,19.),(0.,1.),.PIECEWISE_BEZIER_KNOTS.) 
GEOMETRIC_REPRESENTATION_ITEM() RATIONAL_B_SPLINE_SURFACE((
    (1.,1.,1.,1.)
,(1.,1.,1.,1.))) REPRESENTATION_ITEM('') SURFACE() );
#10605 = CARTESIAN_POINT('',(1.330208152802E+03,-2.1E+03,100.16488246463
    ));
#10606 = CARTESIAN_POINT('',(1.470194379426E+03,-704.4156187208,
    20.297771140704));
#10607 = CARTESIAN_POINT('',(1.470194379426E+03,704.41561872084,
    20.297771140705));
#10608 = CARTESIAN_POINT('',(1.330208152802E+03,2.1E+03,100.16488246463)
  );
#10609 = CARTESIAN_POINT('',(1.34487006785E+03,-2.1E+03,98.341516417284)
  );
#10610 = CARTESIAN_POINT('',(1.499060815426E+03,-704.4156187208,
    16.707920896698));
#10611 = CARTESIAN_POINT('',(1.499060815426E+03,704.41561872084,
    16.707920896698));
#10612 = CARTESIAN_POINT('',(1.34487006785E+03,2.1E+03,98.341516417284)
  );
#10613 = ADVANCED_FACE('',(#10614),#10632,.T.);
#10614 = FACE_BOUND('',#10615,.T.);
#10615 = EDGE_LOOP('',(#10616,#10625,#10630,#10631));
#10616 = ORIENTED_EDGE('',*,*,#10617,.F.);
#10617 = EDGE_CURVE('',#10618,#5270,#10620,.T.);
#10618 = VERTEX_POINT('',#10619);
#10619 = CARTESIAN_POINT('',(1.313489442931E+03,-2.1E+03,102.12964532756
    ));
#10620 = ( BOUNDED_CURVE() B_SPLINE_CURVE(3,(#10621,#10622,#10623,#10624
),.UNSPECIFIED.,.F.,.F.) B_SPLINE_CURVE_WITH_KNOTS((4,4),(0.,1.),
.PIECEWISE_BEZIER_KNOTS.) CURVE() GEOMETRIC_REPRESENTATION_ITEM() 
RATIONAL_B_SPLINE_CURVE((1.,1.,1.,1.)) REPRESENTATION_ITEM('') );
#10621 = CARTESIAN_POINT('',(1.313489442931E+03,-2.1E+03,102.12964532756
    ));
#10622 = CARTESIAN_POINT('',(1.437278517691E+03,-704.4156187208,
    24.166003991211));
#10623 = CARTESIAN_POINT('',(1.437278517691E+03,704.41561872084,
    24.166003991211));
#10624 = CARTESIAN_POINT('',(1.313489442931E+03,2.1E+03,102.12964532756)
  );
#10625 = ORIENTED_EDGE('',*,*,#10626,.T.);
#10626 = EDGE_CURVE('',#10618,#10590,#10627,.T.);
#10627 = B_SPLINE_CURVE_WITH_KNOTS('',1,(#10628,#10629),.UNSPECIFIED.,
  .F.,.F.,(2,2),(17.,18.),.PIECEWISE_BEZIER_KNOTS.);
#10628 = CARTESIAN_POINT('',(1.313489442931E+03,-2.1E+03,102.12964532756
    ));
#10629 = CARTESIAN_POINT('',(1.330208152802E+03,-2.1E+03,100.16488246463
    ));
#10630 = ORIENTED_EDGE('',*,*,#10589,.T.);
#10631 = ORIENTED_EDGE('',*,*,#5282,.F.);
#10632 = ( BOUNDED_SURFACE() B_SPLINE_SURFACE(1,3,(
    (#10633,#10634,#10635,#10636)
    ,(#10637,#10638,#10639,#10640
)),.UNSPECIFIED.,.F.,.F.,.F.) B_SPLINE_SURFACE_WITH_KNOTS((2,2),(4,4),(
    17.,18.),(0.,1.),.PIECEWISE_BEZIER_KNOTS.) 
GEOMETRIC_REPRESENTATION_ITEM() RATIONAL_B_SPLINE_SURFACE((
    (1.,1.,1.,1.)
,(1.,1.,1.,1.))) REPRESENTATION_ITEM('') SURFACE() );
#10633 = CARTESIAN_POINT('',(1.313489442931E+03,-2.1E+03,102.12964532756
    ));
#10634 = CARTESIAN_POINT('',(1.437278517691E+03,-704.4156187208,
    24.166003991211));
#10635 = CARTESIAN_POINT('',(1.437278517691E+03,704.41561872084,
    24.166003991211));
#10636 = CARTESIAN_POINT('',(1.313489442931E+03,2.1E+03,102.12964532756)
  );
#10637 = CARTESIAN_POINT('',(1.330208152802E+03,-2.1E+03,100.16488246463
    ));
#10638 = CARTESIAN_POINT('',(1.470194379426E+03,-704.4156187208,
    20.297771140704));
#10639 = CARTESIAN_POINT('',(1.470194379426E+03,704.41561872084,
    20.297771140705));
#10640 = CARTESIAN_POINT('',(1.330208152802E+03,2.1E+03,100.16488246463)
  );
#10641 = ADVANCED_FACE('',(#10642),#10660,.T.);
#10642 = FACE_BOUND('',#10643,.T.);
#10643 = EDGE_LOOP('',(#10644,#10653,#10658,#10659));
#10644 = ORIENTED_EDGE('',*,*,#10645,.F.);
#10645 = EDGE_CURVE('',#10646,#5257,#10648,.T.);
#10646 = VERTEX_POINT('',#10647);
#10647 = CARTESIAN_POINT('',(1.295E+03,-2.1E+03,104.16529322123));
#10648 = ( BOUNDED_CURVE() B_SPLINE_CURVE(3,(#10649,#10650,#10651,#10652
),.UNSPECIFIED.,.F.,.F.) B_SPLINE_CURVE_WITH_KNOTS((4,4),(0.,1.),
.PIECEWISE_BEZIER_KNOTS.) CURVE() GEOMETRIC_REPRESENTATION_ITEM() 
RATIONAL_B_SPLINE_CURVE((1.,1.,1.,1.)) REPRESENTATION_ITEM('') );
#10649 = CARTESIAN_POINT('',(1.295E+03,-2.1E+03,104.16529322123));
#10650 = CARTESIAN_POINT('',(1.400876429741E+03,-704.4156187208,
    28.173795569006));
#10651 = CARTESIAN_POINT('',(1.400876429741E+03,704.41561872084,
    28.173795569006));
#10652 = CARTESIAN_POINT('',(1.295E+03,2.1E+03,104.16529322123));
#10653 = ORIENTED_EDGE('',*,*,#10654,.T.);
#10654 = EDGE_CURVE('',#10646,#10618,#10655,.T.);
#10655 = B_SPLINE_CURVE_WITH_KNOTS('',1,(#10656,#10657),.UNSPECIFIED.,
  .F.,.F.,(2,2),(16.,17.),.PIECEWISE_BEZIER_KNOTS.);
#10656 = CARTESIAN_POINT('',(1.295E+03,-2.1E+03,104.16529322123));
#10657 = CARTESIAN_POINT('',(1.313489442931E+03,-2.1E+03,102.12964532756
    ));
#10658 = ORIENTED_EDGE('',*,*,#10617,.T.);
#10659 = ORIENTED_EDGE('',*,*,#5269,.F.);
#10660 = ( BOUNDED_SURFACE() B_SPLINE_SURFACE(1,3,(
    (#10661,#10662,#10663,#10664)
    ,(#10665,#10666,#10667,#10668
)),.UNSPECIFIED.,.F.,.F.,.F.) B_SPLINE_SURFACE_WITH_KNOTS((2,2),(4,4),(
    16.,17.),(0.,1.),.PIECEWISE_BEZIER_KNOTS.) 
GEOMETRIC_REPRESENTATION_ITEM() RATIONAL_B_SPLINE_SURFACE((
    (1.,1.,1.,1.)
,(1.,1.,1.,1.))) REPRESENTATION_ITEM('') SURFACE() );
#10661 = CARTESIAN_POINT('',(1.295E+03,-2.1E+03,104.16529322123));
#10662 = CARTESIAN_POINT('',(1.400876429741E+03,-704.4156187208,
    28.173795569006));
#10663 = CARTESIAN_POINT('',(1.400876429741E+03,704.41561872084,
    28.173795569006));
#10664 = CARTESIAN_POINT('',(1.295E+03,2.1E+03,104.16529322123));
#10665 = CARTESIAN_POINT('',(1.313489442931E+03,-2.1E+03,102.12964532756
    ));
#10666 = CARTESIAN_POINT('',(1.437278517691E+03,-704.4156187208,
    24.166003991211));
#10667 = CARTESIAN_POINT('',(1.437278517691E+03,704.41561872084,
    24.166003991211));
#10668 = CARTESIAN_POINT('',(1.313489442931E+03,2.1E+03,102.12964532756)
  );
#10669 = ADVANCED_FACE('',(#10670),#10688,.T.);
#10670 = FACE_BOUND('',#10671,.T.);
#10671 = EDGE_LOOP('',(#10672,#10681,#10686,#10687));
#10672 = ORIENTED_EDGE('',*,*,#10673,.F.);
#10673 = EDGE_CURVE('',#10674,#5244,#10676,.T.);
#10674 = VERTEX_POINT('',#10675);
#10675 = CARTESIAN_POINT('',(1.275056183502E+03,-2.1E+03,106.1998299866)
  );
#10676 = ( BOUNDED_CURVE() B_SPLINE_CURVE(3,(#10677,#10678,#10679,#10680
),.UNSPECIFIED.,.F.,.F.) B_SPLINE_CURVE_WITH_KNOTS((4,4),(0.,1.),
.PIECEWISE_BEZIER_KNOTS.) CURVE() GEOMETRIC_REPRESENTATION_ITEM() 
RATIONAL_B_SPLINE_CURVE((1.,1.,1.,1.)) REPRESENTATION_ITEM('') );
#10677 = CARTESIAN_POINT('',(1.275056183502E+03,-2.1E+03,106.1998299866)
  );
#10678 = CARTESIAN_POINT('',(1.361610965396E+03,-704.4156187208,
    32.179399553026));
#10679 = CARTESIAN_POINT('',(1.361610965396E+03,704.41561872084,
    32.179399553026));
#10680 = CARTESIAN_POINT('',(1.275056183502E+03,2.1E+03,106.1998299866)
  );
#10681 = ORIENTED_EDGE('',*,*,#10682,.T.);
#10682 = EDGE_CURVE('',#10674,#10646,#10683,.T.);
#10683 = B_SPLINE_CURVE_WITH_KNOTS('',1,(#10684,#10685),.UNSPECIFIED.,
  .F.,.F.,(2,2),(15.,16.),.PIECEWISE_BEZIER_KNOTS.);
#10684 = CARTESIAN_POINT('',(1.275056183502E+03,-2.1E+03,106.1998299866)
  );
#10685 = CARTESIAN_POINT('',(1.295E+03,-2.1E+03,104.16529322123));
#10686 = ORIENTED_EDGE('',*,*,#10645,.T.);
#10687 = ORIENTED_EDGE('',*,*,#5256,.F.);
#10688 = ( BOUNDED_SURFACE() B_SPLINE_SURFACE(1,3,(
    (#10689,#10690,#10691,#10692)
    ,(#10693,#10694,#10695,#10696
)),.UNSPECIFIED.,.F.,.F.,.F.) B_SPLINE_SURFACE_WITH_KNOTS((2,2),(4,4),(
    15.,16.),(0.,1.),.PIECEWISE_BEZIER_KNOTS.) 
GEOMETRIC_REPRESENTATION_ITEM() RATIONAL_B_SPLINE_SURFACE((
    (1.,1.,1.,1.)
,(1.,1.,1.,1.))) REPRESENTATION_ITEM('') SURFACE() );
#10689 = CARTESIAN_POINT('',(1.275056183502E+03,-2.1E+03,106.1998299866)
  );
#10690 = CARTESIAN_POINT('',(1.361610965396E+03,-704.4156187208,
    32.179399553026));
#10691 = CARTESIAN_POINT('',(1.361610965396E+03,704.41561872084,
    32.179399553026));
#10692 = CARTESIAN_POINT('',(1.275056183502E+03,2.1E+03,106.1998299866)
  );
#10693 = CARTESIAN_POINT('',(1.295E+03,-2.1E+03,104.16529322123));
#10694 = CARTESIAN_POINT('',(1.400876429741E+03,-704.4156187208,
    28.173795569006));
#10695 = CARTESIAN_POINT('',(1.400876429741E+03,704.41561872084,
    28.173795569006));
#10696 = CARTESIAN_POINT('',(1.295E+03,2.1E+03,104.16529322123));
#10697 = ADVANCED_FACE('',(#10698),#10716,.T.);
#10698 = FACE_BOUND('',#10699,.T.);
#10699 = EDGE_LOOP('',(#10700,#10709,#10714,#10715));
#10700 = ORIENTED_EDGE('',*,*,#10701,.F.);
#10701 = EDGE_CURVE('',#10702,#5231,#10704,.T.);
#10702 = VERTEX_POINT('',#10703);
#10703 = CARTESIAN_POINT('',(1.253999237667E+03,-2.1E+03,108.15855499057
    ));
#10704 = ( BOUNDED_CURVE() B_SPLINE_CURVE(3,(#10705,#10706,#10707,#10708
),.UNSPECIFIED.,.F.,.F.) B_SPLINE_CURVE_WITH_KNOTS((4,4),(0.,1.),
.PIECEWISE_BEZIER_KNOTS.) CURVE() GEOMETRIC_REPRESENTATION_ITEM() 
RATIONAL_B_SPLINE_CURVE((1.,1.,1.,1.)) REPRESENTATION_ITEM('') );
#10705 = CARTESIAN_POINT('',(1.253999237667E+03,-2.1E+03,108.15855499057
    ));
#10706 = CARTESIAN_POINT('',(1.320153967635E+03,-704.4156187208,
    36.03574504308));
#10707 = CARTESIAN_POINT('',(1.320153967635E+03,704.41561872084,
    36.035745043079));
#10708 = CARTESIAN_POINT('',(1.253999237667E+03,2.1E+03,108.15855499057)
  );
#10709 = ORIENTED_EDGE('',*,*,#10710,.T.);
#10710 = EDGE_CURVE('',#10702,#10674,#10711,.T.);
#10711 = B_SPLINE_CURVE_WITH_KNOTS('',1,(#10712,#10713),.UNSPECIFIED.,
  .F.,.F.,(2,2),(14.,15.),.PIECEWISE_BEZIER_KNOTS.);
#10712 = CARTESIAN_POINT('',(1.253999237667E+03,-2.1E+03,108.15855499057
    ));
#10713 = CARTESIAN_POINT('',(1.275056183502E+03,-2.1E+03,106.1998299866)
  );
#10714 = ORIENTED_EDGE('',*,*,#10673,.T.);
#10715 = ORIENTED_EDGE('',*,*,#5243,.F.);
#10716 = ( BOUNDED_SURFACE() B_SPLINE_SURFACE(1,3,(
    (#10717,#10718,#10719,#10720)
    ,(#10721,#10722,#10723,#10724
)),.UNSPECIFIED.,.F.,.F.,.F.) B_SPLINE_SURFACE_WITH_KNOTS((2,2),(4,4),(
    14.,15.),(0.,1.),.PIECEWISE_BEZIER_KNOTS.) 
GEOMETRIC_REPRESENTATION_ITEM() RATIONAL_B_SPLINE_SURFACE((
    (1.,1.,1.,1.)
,(1.,1.,1.,1.))) REPRESENTATION_ITEM('') SURFACE() );
#10717 = CARTESIAN_POINT('',(1.253999237667E+03,-2.1E+03,108.15855499057
    ));
#10718 = CARTESIAN_POINT('',(1.320153967635E+03,-704.4156187208,
    36.03574504308));
#10719 = CARTESIAN_POINT('',(1.320153967635E+03,704.41561872084,
    36.035745043079));
#10720 = CARTESIAN_POINT('',(1.253999237667E+03,2.1E+03,108.15855499057)
  );
#10721 = CARTESIAN_POINT('',(1.275056183502E+03,-2.1E+03,106.1998299866)
  );
#10722 = CARTESIAN_POINT('',(1.361610965396E+03,-704.4156187208,
    32.179399553026));
#10723 = CARTESIAN_POINT('',(1.361610965396E+03,704.41561872084,
    32.179399553026));
#10724 = CARTESIAN_POINT('',(1.275056183502E+03,2.1E+03,106.1998299866)
  );
#10725 = ADVANCED_FACE('',(#10726),#10744,.T.);
#10726 = FACE_BOUND('',#10727,.T.);
#10727 = EDGE_LOOP('',(#10728,#10737,#10742,#10743));
#10728 = ORIENTED_EDGE('',*,*,#10729,.F.);
#10729 = EDGE_CURVE('',#10730,#5218,#10732,.T.);
#10730 = VERTEX_POINT('',#10731);
#10731 = CARTESIAN_POINT('',(1.232189452677E+03,-2.1E+03,109.96263254072
    ));
#10732 = ( BOUNDED_CURVE() B_SPLINE_CURVE(3,(#10733,#10734,#10735,#10736
),.UNSPECIFIED.,.F.,.F.) B_SPLINE_CURVE_WITH_KNOTS((4,4),(0.,1.),
.PIECEWISE_BEZIER_KNOTS.) CURVE() GEOMETRIC_REPRESENTATION_ITEM() 
RATIONAL_B_SPLINE_CURVE((1.,1.,1.,1.)) REPRESENTATION_ITEM('') );
#10733 = CARTESIAN_POINT('',(1.232189452677E+03,-2.1E+03,109.96263254072
    ));
#10734 = CARTESIAN_POINT('',(1.277214777184E+03,-704.4156187208,
    39.58762001794));
#10735 = CARTESIAN_POINT('',(1.277214777184E+03,704.41561872084,
    39.58762001794));
#10736 = CARTESIAN_POINT('',(1.232189452677E+03,2.1E+03,109.96263254072)
  );
#10737 = ORIENTED_EDGE('',*,*,#10738,.T.);
#10738 = EDGE_CURVE('',#10730,#10702,#10739,.T.);
#10739 = B_SPLINE_CURVE_WITH_KNOTS('',1,(#10740,#10741),.UNSPECIFIED.,
  .F.,.F.,(2,2),(13.,14.),.PIECEWISE_BEZIER_KNOTS.);
#10740 = CARTESIAN_POINT('',(1.232189452677E+03,-2.1E+03,109.96263254072
    ));
#10741 = CARTESIAN_POINT('',(1.253999237667E+03,-2.1E+03,108.15855499057
    ));
#10742 = ORIENTED_EDGE('',*,*,#10701,.T.);
#10743 = ORIENTED_EDGE('',*,*,#5230,.F.);
#10744 = ( BOUNDED_SURFACE() B_SPLINE_SURFACE(1,3,(
    (#10745,#10746,#10747,#10748)
    ,(#10749,#10750,#10751,#10752
)),.UNSPECIFIED.,.F.,.F.,.F.) B_SPLINE_SURFACE_WITH_KNOTS((2,2),(4,4),(
    13.,14.),(0.,1.),.PIECEWISE_BEZIER_KNOTS.) 
GEOMETRIC_REPRESENTATION_ITEM() RATIONAL_B_SPLINE_SURFACE((
    (1.,1.,1.,1.)
,(1.,1.,1.,1.))) REPRESENTATION_ITEM('') SURFACE() );
#10745 = CARTESIAN_POINT('',(1.232189452677E+03,-2.1E+03,109.96263254072
    ));
#10746 = CARTESIAN_POINT('',(1.277214777184E+03,-704.4156187208,
    39.58762001794));
#10747 = CARTESIAN_POINT('',(1.277214777184E+03,704.41561872084,
    39.58762001794));
#10748 = CARTESIAN_POINT('',(1.232189452677E+03,2.1E+03,109.96263254072)
  );
#10749 = CARTESIAN_POINT('',(1.253999237667E+03,-2.1E+03,108.15855499057
    ));
#10750 = CARTESIAN_POINT('',(1.320153967635E+03,-704.4156187208,
    36.03574504308));
#10751 = CARTESIAN_POINT('',(1.320153967635E+03,704.41561872084,
    36.035745043079));
#10752 = CARTESIAN_POINT('',(1.253999237667E+03,2.1E+03,108.15855499057)
  );
#10753 = ADVANCED_FACE('',(#10754),#10764,.T.);
#10754 = FACE_BOUND('',#10755,.T.);
#10755 = EDGE_LOOP('',(#10756,#10757,#10762,#10763));
#10756 = ORIENTED_EDGE('',*,*,#10194,.F.);
#10757 = ORIENTED_EDGE('',*,*,#10758,.T.);
#10758 = EDGE_CURVE('',#10188,#10730,#10759,.T.);
#10759 = B_SPLINE_CURVE_WITH_KNOTS('',1,(#10760,#10761),.UNSPECIFIED.,
  .F.,.F.,(2,2),(12.,13.),.PIECEWISE_BEZIER_KNOTS.);
#10760 = CARTESIAN_POINT('',(1.21E+03,-2.1E+03,111.52871115517));
#10761 = CARTESIAN_POINT('',(1.232189452677E+03,-2.1E+03,109.96263254072
    ));
#10762 = ORIENTED_EDGE('',*,*,#10729,.T.);
#10763 = ORIENTED_EDGE('',*,*,#5217,.F.);
#10764 = ( BOUNDED_SURFACE() B_SPLINE_SURFACE(1,3,(
    (#10765,#10766,#10767,#10768)
    ,(#10769,#10770,#10771,#10772
)),.UNSPECIFIED.,.F.,.F.,.F.) B_SPLINE_SURFACE_WITH_KNOTS((2,2),(4,4),(
    12.,13.),(0.,1.),.PIECEWISE_BEZIER_KNOTS.) 
GEOMETRIC_REPRESENTATION_ITEM() RATIONAL_B_SPLINE_SURFACE((
    (1.,1.,1.,1.)
,(1.,1.,1.,1.))) REPRESENTATION_ITEM('') SURFACE() );
#10765 = CARTESIAN_POINT('',(1.21E+03,-2.1E+03,111.52871115517));
#10766 = CARTESIAN_POINT('',(1.233528095498E+03,-704.4156187208,
    42.670921752329));
#10767 = CARTESIAN_POINT('',(1.233528095498E+03,704.41561872084,
    42.670921752329));
#10768 = CARTESIAN_POINT('',(1.21E+03,2.1E+03,111.52871115517));
#10769 = CARTESIAN_POINT('',(1.232189452677E+03,-2.1E+03,109.96263254072
    ));
#10770 = CARTESIAN_POINT('',(1.277214777184E+03,-704.4156187208,
    39.58762001794));
#10771 = CARTESIAN_POINT('',(1.277214777184E+03,704.41561872084,
    39.58762001794));
#10772 = CARTESIAN_POINT('',(1.232189452677E+03,2.1E+03,109.96263254072)
  );
#10773 = ADVANCED_FACE('',(#10774),#10801,.T.);
#10774 = FACE_BOUND('',#10775,.T.);
#10775 = EDGE_LOOP('',(#10776,#10785,#10792,#10799,#10800));
#10776 = ORIENTED_EDGE('',*,*,#10777,.F.);
#10777 = EDGE_CURVE('',#10778,#5772,#10780,.T.);
#10778 = VERTEX_POINT('',#10779);
#10779 = CARTESIAN_POINT('',(1.041454373566E+03,-2.1E+03,89.705748435245
    ));
#10780 = ( BOUNDED_CURVE() B_SPLINE_CURVE(3,(#10781,#10782,#10783,#10784
),.UNSPECIFIED.,.F.,.F.) B_SPLINE_CURVE_WITH_KNOTS((4,4),(0.,1.),
.PIECEWISE_BEZIER_KNOTS.) CURVE() GEOMETRIC_REPRESENTATION_ITEM() 
RATIONAL_B_SPLINE_CURVE((1.,1.,1.,1.)) REPRESENTATION_ITEM('') );
#10781 = CARTESIAN_POINT('',(1.041454373566E+03,-2.1E+03,89.705748435245
    ));
#10782 = CARTESIAN_POINT('',(901.69480340802,-704.4156187208,
    -0.294213064553));
#10783 = CARTESIAN_POINT('',(901.69480340803,704.41561872084,
    -0.294213064553));
#10784 = CARTESIAN_POINT('',(1.041454373566E+03,2.1E+03,89.705748435245)
  );
#10785 = ORIENTED_EDGE('',*,*,#10786,.T.);
#10786 = EDGE_CURVE('',#10778,#10787,#10789,.T.);
#10787 = VERTEX_POINT('',#10788);
#10788 = CARTESIAN_POINT('',(1.04E+03,-2.1E+03,93.555800474981));
#10789 = B_SPLINE_CURVE_WITH_KNOTS('',1,(#10790,#10791),.UNSPECIFIED.,
  .F.,.F.,(2,2),(47.,48.),.PIECEWISE_BEZIER_KNOTS.);
#10790 = CARTESIAN_POINT('',(1.041454373566E+03,-2.1E+03,89.705748435245
    ));
#10791 = CARTESIAN_POINT('',(1.04E+03,-2.1E+03,93.555800474981));
#10792 = ORIENTED_EDGE('',*,*,#10793,.T.);
#10793 = EDGE_CURVE('',#10787,#8233,#10794,.T.);
#10794 = ( BOUNDED_CURVE() B_SPLINE_CURVE(3,(#10795,#10796,#10797,#10798
),.UNSPECIFIED.,.F.,.F.) B_SPLINE_CURVE_WITH_KNOTS((4,4),(0.,1.),
.PIECEWISE_BEZIER_KNOTS.) CURVE() GEOMETRIC_REPRESENTATION_ITEM() 
RATIONAL_B_SPLINE_CURVE((1.,1.,1.,1.)) REPRESENTATION_ITEM('') );
#10795 = CARTESIAN_POINT('',(1.04E+03,-2.1E+03,93.555800474981));
#10796 = CARTESIAN_POINT('',(898.8314270114,-704.4156187208,
    7.285784530741));
#10797 = CARTESIAN_POINT('',(898.8314270114,704.41561872084,
    7.285784530741));
#10798 = CARTESIAN_POINT('',(1.04E+03,2.1E+03,93.555800474981));
#10799 = ORIENTED_EDGE('',*,*,#8232,.F.);
#10800 = ORIENTED_EDGE('',*,*,#5781,.F.);
#10801 = ( BOUNDED_SURFACE() B_SPLINE_SURFACE(1,3,(
    (#10802,#10803,#10804,#10805)
    ,(#10806,#10807,#10808,#10809
)),.UNSPECIFIED.,.F.,.F.,.F.) B_SPLINE_SURFACE_WITH_KNOTS((2,2),(4,4),(
    47.,48.),(0.,1.),.PIECEWISE_BEZIER_KNOTS.) 
GEOMETRIC_REPRESENTATION_ITEM() RATIONAL_B_SPLINE_SURFACE((
    (1.,1.,1.,1.)
,(1.,1.,1.,1.))) REPRESENTATION_ITEM('') SURFACE() );
#10802 = CARTESIAN_POINT('',(1.041454373566E+03,-2.1E+03,89.705748435245
    ));
#10803 = CARTESIAN_POINT('',(901.69480340802,-704.4156187208,
    -0.294213064553));
#10804 = CARTESIAN_POINT('',(901.69480340803,704.41561872084,
    -0.294213064553));
#10805 = CARTESIAN_POINT('',(1.041454373566E+03,2.1E+03,89.705748435245)
  );
#10806 = CARTESIAN_POINT('',(1.04E+03,-2.1E+03,93.555800474981));
#10807 = CARTESIAN_POINT('',(898.8314270114,-704.4156187208,
    7.285784530741));
#10808 = CARTESIAN_POINT('',(898.8314270114,704.41561872084,
    7.285784530741));
#10809 = CARTESIAN_POINT('',(1.04E+03,2.1E+03,93.555800474981));
#10810 = ADVANCED_FACE('',(#10811),#10829,.T.);
#10811 = FACE_BOUND('',#10812,.T.);
#10812 = EDGE_LOOP('',(#10813,#10822,#10827,#10828));
#10813 = ORIENTED_EDGE('',*,*,#10814,.F.);
#10814 = EDGE_CURVE('',#10815,#5759,#10817,.T.);
#10815 = VERTEX_POINT('',#10816);
#10816 = CARTESIAN_POINT('',(1.045792609531E+03,-2.1E+03,86.108597998933
    ));
#10817 = ( BOUNDED_CURVE() B_SPLINE_CURVE(3,(#10818,#10819,#10820,#10821
),.UNSPECIFIED.,.F.,.F.) B_SPLINE_CURVE_WITH_KNOTS((4,4),(0.,1.),
.PIECEWISE_BEZIER_KNOTS.) CURVE() GEOMETRIC_REPRESENTATION_ITEM() 
RATIONAL_B_SPLINE_CURVE((1.,1.,1.,1.)) REPRESENTATION_ITEM('') );
#10818 = CARTESIAN_POINT('',(1.045792609531E+03,-2.1E+03,86.108597998933
    ));
#10819 = CARTESIAN_POINT('',(910.23593943388,-704.4156187208,
    -7.376296988549));
#10820 = CARTESIAN_POINT('',(910.23593943389,704.41561872084,
    -7.376296988549));
#10821 = CARTESIAN_POINT('',(1.045792609531E+03,2.1E+03,86.108597998933)
  );
#10822 = ORIENTED_EDGE('',*,*,#10823,.T.);
#10823 = EDGE_CURVE('',#10815,#10778,#10824,.T.);
#10824 = B_SPLINE_CURVE_WITH_KNOTS('',1,(#10825,#10826),.UNSPECIFIED.,
  .F.,.F.,(2,2),(46.,47.),.PIECEWISE_BEZIER_KNOTS.);
#10825 = CARTESIAN_POINT('',(1.045792609531E+03,-2.1E+03,86.108597998933
    ));
#10826 = CARTESIAN_POINT('',(1.041454373566E+03,-2.1E+03,89.705748435245
    ));
#10827 = ORIENTED_EDGE('',*,*,#10777,.T.);
#10828 = ORIENTED_EDGE('',*,*,#5771,.F.);
#10829 = ( BOUNDED_SURFACE() B_SPLINE_SURFACE(1,3,(
    (#10830,#10831,#10832,#10833)
    ,(#10834,#10835,#10836,#10837
)),.UNSPECIFIED.,.F.,.F.,.F.) B_SPLINE_SURFACE_WITH_KNOTS((2,2),(4,4),(
    46.,47.),(0.,1.),.PIECEWISE_BEZIER_KNOTS.) 
GEOMETRIC_REPRESENTATION_ITEM() RATIONAL_B_SPLINE_SURFACE((
    (1.,1.,1.,1.)
,(1.,1.,1.,1.))) REPRESENTATION_ITEM('') SURFACE() );
#10830 = CARTESIAN_POINT('',(1.045792609531E+03,-2.1E+03,86.108597998933
    ));
#10831 = CARTESIAN_POINT('',(910.23593943388,-704.4156187208,
    -7.376296988549));
#10832 = CARTESIAN_POINT('',(910.23593943389,704.41561872084,
    -7.376296988549));
#10833 = CARTESIAN_POINT('',(1.045792609531E+03,2.1E+03,86.108597998933)
  );
#10834 = CARTESIAN_POINT('',(1.041454373566E+03,-2.1E+03,89.705748435245
    ));
#10835 = CARTESIAN_POINT('',(901.69480340802,-704.4156187208,
    -0.294213064553));
#10836 = CARTESIAN_POINT('',(901.69480340803,704.41561872084,
    -0.294213064553));
#10837 = CARTESIAN_POINT('',(1.041454373566E+03,2.1E+03,89.705748435245)
  );
#10838 = ADVANCED_FACE('',(#10839),#10857,.T.);
#10839 = FACE_BOUND('',#10840,.T.);
#10840 = EDGE_LOOP('',(#10841,#10850,#10855,#10856));
#10841 = ORIENTED_EDGE('',*,*,#10842,.F.);
#10842 = EDGE_CURVE('',#10843,#5749,#10845,.T.);
#10843 = VERTEX_POINT('',#10844);
#10844 = CARTESIAN_POINT('',(1.052940479473E+03,-2.1E+03,82.81869643226)
  );
#10845 = ( BOUNDED_CURVE() B_SPLINE_CURVE(3,(#10846,#10847,#10848,#10849
),.UNSPECIFIED.,.F.,.F.) B_SPLINE_CURVE_WITH_KNOTS((4,4),(0.,1.),
.PIECEWISE_BEZIER_KNOTS.) CURVE() GEOMETRIC_REPRESENTATION_ITEM() 
RATIONAL_B_SPLINE_CURVE((1.,1.,1.,1.)) REPRESENTATION_ITEM('') );
#10846 = CARTESIAN_POINT('',(1.052940479473E+03,-2.1E+03,82.81869643226)
  );
#10847 = CARTESIAN_POINT('',(924.30869388352,-704.4156187208,
    -13.85346812981));
#10848 = CARTESIAN_POINT('',(924.30869388352,704.41561872084,
    -13.85346812981));
#10849 = CARTESIAN_POINT('',(1.052940479473E+03,2.1E+03,82.81869643226)
  );
#10850 = ORIENTED_EDGE('',*,*,#10851,.T.);
#10851 = EDGE_CURVE('',#10843,#10815,#10852,.T.);
#10852 = B_SPLINE_CURVE_WITH_KNOTS('',1,(#10853,#10854),.UNSPECIFIED.,
  .F.,.F.,(2,2),(45.,46.),.PIECEWISE_BEZIER_KNOTS.);
#10853 = CARTESIAN_POINT('',(1.052940479473E+03,-2.1E+03,82.81869643226)
  );
#10854 = CARTESIAN_POINT('',(1.045792609531E+03,-2.1E+03,86.108597998933
    ));
#10855 = ORIENTED_EDGE('',*,*,#10814,.T.);
#10856 = ORIENTED_EDGE('',*,*,#5758,.F.);
#10857 = ( BOUNDED_SURFACE() B_SPLINE_SURFACE(1,3,(
    (#10858,#10859,#10860,#10861)
    ,(#10862,#10863,#10864,#10865
)),.UNSPECIFIED.,.F.,.F.,.F.) B_SPLINE_SURFACE_WITH_KNOTS((2,2),(4,4),(
    45.,46.),(0.,1.),.PIECEWISE_BEZIER_KNOTS.) 
GEOMETRIC_REPRESENTATION_ITEM() RATIONAL_B_SPLINE_SURFACE((
    (1.,1.,1.,1.)
,(1.,1.,1.,1.))) REPRESENTATION_ITEM('') SURFACE() );
#10858 = CARTESIAN_POINT('',(1.052940479473E+03,-2.1E+03,82.81869643226)
  );
#10859 = CARTESIAN_POINT('',(924.30869388352,-704.4156187208,
    -13.85346812981));
#10860 = CARTESIAN_POINT('',(924.30869388352,704.41561872084,
    -13.85346812981));
#10861 = CARTESIAN_POINT('',(1.052940479473E+03,2.1E+03,82.81869643226)
  );
#10862 = CARTESIAN_POINT('',(1.045792609531E+03,-2.1E+03,86.108597998933
    ));
#10863 = CARTESIAN_POINT('',(910.23593943388,-704.4156187208,
    -7.376296988549));
#10864 = CARTESIAN_POINT('',(910.23593943389,704.41561872084,
    -7.376296988549));
#10865 = CARTESIAN_POINT('',(1.045792609531E+03,2.1E+03,86.108597998933)
  );
#10866 = ADVANCED_FACE('',(#10867),#10885,.T.);
#10867 = FACE_BOUND('',#10868,.T.);
#10868 = EDGE_LOOP('',(#10869,#10878,#10883,#10884));
#10869 = ORIENTED_EDGE('',*,*,#10870,.F.);
#10870 = EDGE_CURVE('',#10871,#5739,#10873,.T.);
#10871 = VERTEX_POINT('',#10872);
#10872 = CARTESIAN_POINT('',(1.062775681357E+03,-2.1E+03,79.906443394425
    ));
#10873 = ( BOUNDED_CURVE() B_SPLINE_CURVE(3,(#10874,#10875,#10876,#10877
),.UNSPECIFIED.,.F.,.F.) B_SPLINE_CURVE_WITH_KNOTS((4,4),(0.,1.),
.PIECEWISE_BEZIER_KNOTS.) CURVE() GEOMETRIC_REPRESENTATION_ITEM() 
RATIONAL_B_SPLINE_CURVE((1.,1.,1.,1.)) REPRESENTATION_ITEM('') );
#10874 = CARTESIAN_POINT('',(1.062775681357E+03,-2.1E+03,79.906443394425
    ));
#10875 = CARTESIAN_POINT('',(943.6722780266,-704.4156187208,
    -19.58712336247));
#10876 = CARTESIAN_POINT('',(943.6722780266,704.41561872084,
    -19.58712336247));
#10877 = CARTESIAN_POINT('',(1.062775681357E+03,2.1E+03,79.906443394425)
  );
#10878 = ORIENTED_EDGE('',*,*,#10879,.T.);
#10879 = EDGE_CURVE('',#10871,#10843,#10880,.T.);
#10880 = B_SPLINE_CURVE_WITH_KNOTS('',1,(#10881,#10882),.UNSPECIFIED.,
  .F.,.F.,(2,2),(44.,45.),.PIECEWISE_BEZIER_KNOTS.);
#10881 = CARTESIAN_POINT('',(1.062775681357E+03,-2.1E+03,79.906443394425
    ));
#10882 = CARTESIAN_POINT('',(1.052940479473E+03,-2.1E+03,82.81869643226)
  );
#10883 = ORIENTED_EDGE('',*,*,#10842,.T.);
#10884 = ORIENTED_EDGE('',*,*,#5748,.F.);
#10885 = ( BOUNDED_SURFACE() B_SPLINE_SURFACE(1,3,(
    (#10886,#10887,#10888,#10889)
    ,(#10890,#10891,#10892,#10893
)),.UNSPECIFIED.,.F.,.F.,.F.) B_SPLINE_SURFACE_WITH_KNOTS((2,2),(4,4),(
    44.,45.),(0.,1.),.PIECEWISE_BEZIER_KNOTS.) 
GEOMETRIC_REPRESENTATION_ITEM() RATIONAL_B_SPLINE_SURFACE((
    (1.,1.,1.,1.)
,(1.,1.,1.,1.))) REPRESENTATION_ITEM('') SURFACE() );
#10886 = CARTESIAN_POINT('',(1.062775681357E+03,-2.1E+03,79.906443394425
    ));
#10887 = CARTESIAN_POINT('',(943.6722780266,-704.4156187208,
    -19.58712336247));
#10888 = CARTESIAN_POINT('',(943.6722780266,704.41561872084,
    -19.58712336247));
#10889 = CARTESIAN_POINT('',(1.062775681357E+03,2.1E+03,79.906443394425)
  );
#10890 = CARTESIAN_POINT('',(1.052940479473E+03,-2.1E+03,82.81869643226)
  );
#10891 = CARTESIAN_POINT('',(924.30869388352,-704.4156187208,
    -13.85346812981));
#10892 = CARTESIAN_POINT('',(924.30869388352,704.41561872084,
    -13.85346812981));
#10893 = CARTESIAN_POINT('',(1.052940479473E+03,2.1E+03,82.81869643226)
  );
#10894 = ADVANCED_FACE('',(#10895),#10913,.T.);
#10895 = FACE_BOUND('',#10896,.T.);
#10896 = EDGE_LOOP('',(#10897,#10906,#10911,#10912));
#10897 = ORIENTED_EDGE('',*,*,#10898,.F.);
#10898 = EDGE_CURVE('',#10899,#5726,#10901,.T.);
#10899 = VERTEX_POINT('',#10900);
#10900 = CARTESIAN_POINT('',(1.07512993215E+03,-2.1E+03,77.446971563325)
  );
#10901 = ( BOUNDED_CURVE() B_SPLINE_CURVE(3,(#10902,#10903,#10904,#10905
),.UNSPECIFIED.,.F.,.F.) B_SPLINE_CURVE_WITH_KNOTS((4,4),(0.,1.),
.PIECEWISE_BEZIER_KNOTS.) CURVE() GEOMETRIC_REPRESENTATION_ITEM() 
RATIONAL_B_SPLINE_CURVE((1.,1.,1.,1.)) REPRESENTATION_ITEM('') );
#10902 = CARTESIAN_POINT('',(1.07512993215E+03,-2.1E+03,77.446971563325)
  );
#10903 = CARTESIAN_POINT('',(967.99537556983,-704.4156187208,
    -24.42934117486));
#10904 = CARTESIAN_POINT('',(967.99537556983,704.41561872084,
    -24.42934117486));
#10905 = CARTESIAN_POINT('',(1.07512993215E+03,2.1E+03,77.446971563325)
  );
#10906 = ORIENTED_EDGE('',*,*,#10907,.T.);
#10907 = EDGE_CURVE('',#10899,#10871,#10908,.T.);
#10908 = B_SPLINE_CURVE_WITH_KNOTS('',1,(#10909,#10910),.UNSPECIFIED.,
  .F.,.F.,(2,2),(43.,44.),.PIECEWISE_BEZIER_KNOTS.);
#10909 = CARTESIAN_POINT('',(1.07512993215E+03,-2.1E+03,77.446971563325)
  );
#10910 = CARTESIAN_POINT('',(1.062775681357E+03,-2.1E+03,79.906443394425
    ));
#10911 = ORIENTED_EDGE('',*,*,#10870,.T.);
#10912 = ORIENTED_EDGE('',*,*,#5738,.F.);
#10913 = ( BOUNDED_SURFACE() B_SPLINE_SURFACE(1,3,(
    (#10914,#10915,#10916,#10917)
    ,(#10918,#10919,#10920,#10921
)),.UNSPECIFIED.,.F.,.F.,.F.) B_SPLINE_SURFACE_WITH_KNOTS((2,2),(4,4),(
    43.,44.),(0.,1.),.PIECEWISE_BEZIER_KNOTS.) 
GEOMETRIC_REPRESENTATION_ITEM() RATIONAL_B_SPLINE_SURFACE((
    (1.,1.,1.,1.)
,(1.,1.,1.,1.))) REPRESENTATION_ITEM('') SURFACE() );
#10914 = CARTESIAN_POINT('',(1.07512993215E+03,-2.1E+03,77.446971563325)
  );
#10915 = CARTESIAN_POINT('',(967.99537556983,-704.4156187208,
    -24.42934117486));
#10916 = CARTESIAN_POINT('',(967.99537556983,704.41561872084,
    -24.42934117486));
#10917 = CARTESIAN_POINT('',(1.07512993215E+03,2.1E+03,77.446971563325)
  );
#10918 = CARTESIAN_POINT('',(1.062775681357E+03,-2.1E+03,79.906443394425
    ));
#10919 = CARTESIAN_POINT('',(943.6722780266,-704.4156187208,
    -19.58712336247));
#10920 = CARTESIAN_POINT('',(943.6722780266,704.41561872084,
    -19.58712336247));
#10921 = CARTESIAN_POINT('',(1.062775681357E+03,2.1E+03,79.906443394425)
  );
#10922 = ADVANCED_FACE('',(#10923),#10941,.T.);
#10923 = FACE_BOUND('',#10924,.T.);
#10924 = EDGE_LOOP('',(#10925,#10934,#10939,#10940));
#10925 = ORIENTED_EDGE('',*,*,#10926,.F.);
#10926 = EDGE_CURVE('',#10927,#5713,#10929,.T.);
#10927 = VERTEX_POINT('',#10928);
#10928 = CARTESIAN_POINT('',(1.089791847198E+03,-2.1E+03,75.507699433192
    ));
#10929 = ( BOUNDED_CURVE() B_SPLINE_CURVE(3,(#10930,#10931,#10932,#10933
),.UNSPECIFIED.,.F.,.F.) B_SPLINE_CURVE_WITH_KNOTS((4,4),(0.,1.),
.PIECEWISE_BEZIER_KNOTS.) CURVE() GEOMETRIC_REPRESENTATION_ITEM() 
RATIONAL_B_SPLINE_CURVE((1.,1.,1.,1.)) REPRESENTATION_ITEM('') );
#10930 = CARTESIAN_POINT('',(1.089791847198E+03,-2.1E+03,75.507699433192
    ));
#10931 = CARTESIAN_POINT('',(996.8618115706,-704.4156187208,
    -28.24738777042));
#10932 = CARTESIAN_POINT('',(996.86181157061,704.41561872084,
    -28.24738777042));
#10933 = CARTESIAN_POINT('',(1.089791847198E+03,2.1E+03,75.507699433192)
  );
#10934 = ORIENTED_EDGE('',*,*,#10935,.T.);
#10935 = EDGE_CURVE('',#10927,#10899,#10936,.T.);
#10936 = B_SPLINE_CURVE_WITH_KNOTS('',1,(#10937,#10938),.UNSPECIFIED.,
  .F.,.F.,(2,2),(42.,43.),.PIECEWISE_BEZIER_KNOTS.);
#10937 = CARTESIAN_POINT('',(1.089791847198E+03,-2.1E+03,75.507699433192
    ));
#10938 = CARTESIAN_POINT('',(1.07512993215E+03,-2.1E+03,77.446971563325)
  );
#10939 = ORIENTED_EDGE('',*,*,#10898,.T.);
#10940 = ORIENTED_EDGE('',*,*,#5725,.F.);
#10941 = ( BOUNDED_SURFACE() B_SPLINE_SURFACE(1,3,(
    (#10942,#10943,#10944,#10945)
    ,(#10946,#10947,#10948,#10949
)),.UNSPECIFIED.,.F.,.F.,.F.) B_SPLINE_SURFACE_WITH_KNOTS((2,2),(4,4),(
    42.,43.),(0.,1.),.PIECEWISE_BEZIER_KNOTS.) 
GEOMETRIC_REPRESENTATION_ITEM() RATIONAL_B_SPLINE_SURFACE((
    (1.,1.,1.,1.)
,(1.,1.,1.,1.))) REPRESENTATION_ITEM('') SURFACE() );
#10942 = CARTESIAN_POINT('',(1.089791847198E+03,-2.1E+03,75.507699433192
    ));
#10943 = CARTESIAN_POINT('',(996.8618115706,-704.4156187208,
    -28.24738777042));
#10944 = CARTESIAN_POINT('',(996.86181157061,704.41561872084,
    -28.24738777042));
#10945 = CARTESIAN_POINT('',(1.089791847198E+03,2.1E+03,75.507699433192)
  );
#10946 = CARTESIAN_POINT('',(1.07512993215E+03,-2.1E+03,77.446971563325)
  );
#10947 = CARTESIAN_POINT('',(967.99537556983,-704.4156187208,
    -24.42934117486));
#10948 = CARTESIAN_POINT('',(967.99537556983,704.41561872084,
    -24.42934117486));
#10949 = CARTESIAN_POINT('',(1.07512993215E+03,2.1E+03,77.446971563325)
  );
#10950 = ADVANCED_FACE('',(#10951),#10969,.T.);
#10951 = FACE_BOUND('',#10952,.T.);
#10952 = EDGE_LOOP('',(#10953,#10962,#10967,#10968));
#10953 = ORIENTED_EDGE('',*,*,#10954,.F.);
#10954 = EDGE_CURVE('',#10955,#5694,#10957,.T.);
#10955 = VERTEX_POINT('',#10956);
#10956 = CARTESIAN_POINT('',(1.106510557069E+03,-2.1E+03,74.137177499922
    ));
#10957 = ( BOUNDED_CURVE() B_SPLINE_CURVE(3,(#10958,#10959,#10960,#10961
),.UNSPECIFIED.,.F.,.F.) B_SPLINE_CURVE_WITH_KNOTS((4,4),(0.,1.),
.PIECEWISE_BEZIER_KNOTS.) CURVE() GEOMETRIC_REPRESENTATION_ITEM() 
RATIONAL_B_SPLINE_CURVE((1.,1.,1.,1.)) REPRESENTATION_ITEM('') );
#10958 = CARTESIAN_POINT('',(1.106510557069E+03,-2.1E+03,74.137177499922
    ));
#10959 = CARTESIAN_POINT('',(1.029777673306E+03,-704.4156187208,
    -30.94567674191));
#10960 = CARTESIAN_POINT('',(1.029777673306E+03,704.41561872084,
    -30.94567674191));
#10961 = CARTESIAN_POINT('',(1.106510557069E+03,2.1E+03,74.137177499922)
  );
#10962 = ORIENTED_EDGE('',*,*,#10963,.T.);
#10963 = EDGE_CURVE('',#10955,#10927,#10964,.T.);
#10964 = B_SPLINE_CURVE_WITH_KNOTS('',1,(#10965,#10966),.UNSPECIFIED.,
  .F.,.F.,(2,2),(41.,42.),.PIECEWISE_BEZIER_KNOTS.);
#10965 = CARTESIAN_POINT('',(1.106510557069E+03,-2.1E+03,74.137177499922
    ));
#10966 = CARTESIAN_POINT('',(1.089791847198E+03,-2.1E+03,75.507699433192
    ));
#10967 = ORIENTED_EDGE('',*,*,#10926,.T.);
#10968 = ORIENTED_EDGE('',*,*,#5712,.F.);
#10969 = ( BOUNDED_SURFACE() B_SPLINE_SURFACE(1,3,(
    (#10970,#10971,#10972,#10973)
    ,(#10974,#10975,#10976,#10977
)),.UNSPECIFIED.,.F.,.F.,.F.) B_SPLINE_SURFACE_WITH_KNOTS((2,2),(4,4),(
    41.,42.),(0.,1.),.PIECEWISE_BEZIER_KNOTS.) 
GEOMETRIC_REPRESENTATION_ITEM() RATIONAL_B_SPLINE_SURFACE((
    (1.,1.,1.,1.)
,(1.,1.,1.,1.))) REPRESENTATION_ITEM('') SURFACE() );
#10970 = CARTESIAN_POINT('',(1.106510557069E+03,-2.1E+03,74.137177499922
    ));
#10971 = CARTESIAN_POINT('',(1.029777673306E+03,-704.4156187208,
    -30.94567674191));
#10972 = CARTESIAN_POINT('',(1.029777673306E+03,704.41561872084,
    -30.94567674191));
#10973 = CARTESIAN_POINT('',(1.106510557069E+03,2.1E+03,74.137177499922)
  );
#10974 = CARTESIAN_POINT('',(1.089791847198E+03,-2.1E+03,75.507699433192
    ));
#10975 = CARTESIAN_POINT('',(996.8618115706,-704.4156187208,
    -28.24738777042));
#10976 = CARTESIAN_POINT('',(996.86181157061,704.41561872084,
    -28.24738777042));
#10977 = CARTESIAN_POINT('',(1.089791847198E+03,2.1E+03,75.507699433192)
  );
#10978 = ADVANCED_FACE('',(#10979),#10997,.T.);
#10979 = FACE_BOUND('',#10980,.T.);
#10980 = EDGE_LOOP('',(#10981,#10990,#10995,#10996));
#10981 = ORIENTED_EDGE('',*,*,#10982,.F.);
#10982 = EDGE_CURVE('',#10983,#5663,#10985,.T.);
#10983 = VERTEX_POINT('',#10984);
#10984 = CARTESIAN_POINT('',(1.125E+03,-2.1E+03,73.357250474981));
#10985 = ( BOUNDED_CURVE() B_SPLINE_CURVE(3,(#10986,#10987,#10988,#10989
),.UNSPECIFIED.,.F.,.F.) B_SPLINE_CURVE_WITH_KNOTS((4,4),(0.,1.),
.PIECEWISE_BEZIER_KNOTS.) CURVE() GEOMETRIC_REPRESENTATION_ITEM() 
RATIONAL_B_SPLINE_CURVE((1.,1.,1.,1.)) REPRESENTATION_ITEM('') );
#10986 = CARTESIAN_POINT('',(1.125E+03,-2.1E+03,73.357250474981));
#10987 = CARTESIAN_POINT('',(1.066179761255E+03,-704.4156187208,
    -32.4812001355));
#10988 = CARTESIAN_POINT('',(1.066179761255E+03,704.41561872084,
    -32.4812001355));
#10989 = CARTESIAN_POINT('',(1.125E+03,2.1E+03,73.357250474981));
#10990 = ORIENTED_EDGE('',*,*,#10991,.T.);
#10991 = EDGE_CURVE('',#10983,#10955,#10992,.T.);
#10992 = B_SPLINE_CURVE_WITH_KNOTS('',1,(#10993,#10994),.UNSPECIFIED.,
  .F.,.F.,(2,2),(40.,41.),.PIECEWISE_BEZIER_KNOTS.);
#10993 = CARTESIAN_POINT('',(1.125E+03,-2.1E+03,73.357250474981));
#10994 = CARTESIAN_POINT('',(1.106510557069E+03,-2.1E+03,74.137177499922
    ));
#10995 = ORIENTED_EDGE('',*,*,#10954,.T.);
#10996 = ORIENTED_EDGE('',*,*,#5693,.F.);
#10997 = ( BOUNDED_SURFACE() B_SPLINE_SURFACE(1,3,(
    (#10998,#10999,#11000,#11001)
    ,(#11002,#11003,#11004,#11005
)),.UNSPECIFIED.,.F.,.F.,.F.) B_SPLINE_SURFACE_WITH_KNOTS((2,2),(4,4),(
    40.,41.),(0.,1.),.PIECEWISE_BEZIER_KNOTS.) 
GEOMETRIC_REPRESENTATION_ITEM() RATIONAL_B_SPLINE_SURFACE((
    (1.,1.,1.,1.)
,(1.,1.,1.,1.))) REPRESENTATION_ITEM('') SURFACE() );
#10998 = CARTESIAN_POINT('',(1.125E+03,-2.1E+03,73.357250474981));
#10999 = CARTESIAN_POINT('',(1.066179761255E+03,-704.4156187208,
    -32.4812001355));
#11000 = CARTESIAN_POINT('',(1.066179761255E+03,704.41561872084,
    -32.4812001355));
#11001 = CARTESIAN_POINT('',(1.125E+03,2.1E+03,73.357250474981));
#11002 = CARTESIAN_POINT('',(1.106510557069E+03,-2.1E+03,74.137177499922
    ));
#11003 = CARTESIAN_POINT('',(1.029777673306E+03,-704.4156187208,
    -30.94567674191));
#11004 = CARTESIAN_POINT('',(1.029777673306E+03,704.41561872084,
    -30.94567674191));
#11005 = CARTESIAN_POINT('',(1.106510557069E+03,2.1E+03,74.137177499922)
  );
#11006 = ADVANCED_FACE('',(#11007),#11025,.T.);
#11007 = FACE_BOUND('',#11008,.T.);
#11008 = EDGE_LOOP('',(#11009,#11018,#11023,#11024));
#11009 = ORIENTED_EDGE('',*,*,#11010,.F.);
#11010 = EDGE_CURVE('',#11011,#5632,#11013,.T.);
#11011 = VERTEX_POINT('',#11012);
#11012 = CARTESIAN_POINT('',(1.144943816498E+03,-2.1E+03,73.15973309135)
  );
#11013 = ( BOUNDED_CURVE() B_SPLINE_CURVE(3,(#11014,#11015,#11016,#11017
),.UNSPECIFIED.,.F.,.F.) B_SPLINE_CURVE_WITH_KNOTS((4,4),(0.,1.),
.PIECEWISE_BEZIER_KNOTS.) CURVE() GEOMETRIC_REPRESENTATION_ITEM() 
RATIONAL_B_SPLINE_CURVE((1.,1.,1.,1.)) REPRESENTATION_ITEM('') );
#11014 = CARTESIAN_POINT('',(1.144943816498E+03,-2.1E+03,73.15973309135)
  );
#11015 = CARTESIAN_POINT('',(1.1054452256E+03,-704.4156187208,
    -32.87007313709));
#11016 = CARTESIAN_POINT('',(1.1054452256E+03,704.41561872084,
    -32.87007313709));
#11017 = CARTESIAN_POINT('',(1.144943816498E+03,2.1E+03,73.15973309135)
  );
#11018 = ORIENTED_EDGE('',*,*,#11019,.T.);
#11019 = EDGE_CURVE('',#11011,#10983,#11020,.T.);
#11020 = B_SPLINE_CURVE_WITH_KNOTS('',1,(#11021,#11022),.UNSPECIFIED.,
  .F.,.F.,(2,2),(39.,40.),.PIECEWISE_BEZIER_KNOTS.);
#11021 = CARTESIAN_POINT('',(1.144943816498E+03,-2.1E+03,73.15973309135)
  );
#11022 = CARTESIAN_POINT('',(1.125E+03,-2.1E+03,73.357250474981));
#11023 = ORIENTED_EDGE('',*,*,#10982,.T.);
#11024 = ORIENTED_EDGE('',*,*,#5662,.F.);
#11025 = ( BOUNDED_SURFACE() B_SPLINE_SURFACE(1,3,(
    (#11026,#11027,#11028,#11029)
    ,(#11030,#11031,#11032,#11033
)),.UNSPECIFIED.,.F.,.F.,.F.) B_SPLINE_SURFACE_WITH_KNOTS((2,2),(4,4),(
    39.,40.),(0.,1.),.PIECEWISE_BEZIER_KNOTS.) 
GEOMETRIC_REPRESENTATION_ITEM() RATIONAL_B_SPLINE_SURFACE((
    (1.,1.,1.,1.)
,(1.,1.,1.,1.))) REPRESENTATION_ITEM('') SURFACE() );
#11026 = CARTESIAN_POINT('',(1.144943816498E+03,-2.1E+03,73.15973309135)
  );
#11027 = CARTESIAN_POINT('',(1.1054452256E+03,-704.4156187208,
    -32.87007313709));
#11028 = CARTESIAN_POINT('',(1.1054452256E+03,704.41561872084,
    -32.87007313709));
#11029 = CARTESIAN_POINT('',(1.144943816498E+03,2.1E+03,73.15973309135)
  );
#11030 = CARTESIAN_POINT('',(1.125E+03,-2.1E+03,73.357250474981));
#11031 = CARTESIAN_POINT('',(1.066179761255E+03,-704.4156187208,
    -32.4812001355));
#11032 = CARTESIAN_POINT('',(1.066179761255E+03,704.41561872084,
    -32.4812001355));
#11033 = CARTESIAN_POINT('',(1.125E+03,2.1E+03,73.357250474981));
#11034 = ADVANCED_FACE('',(#11035),#11053,.T.);
#11035 = FACE_BOUND('',#11036,.T.);
#11036 = EDGE_LOOP('',(#11037,#11046,#11051,#11052));
#11037 = ORIENTED_EDGE('',*,*,#11038,.F.);
#11038 = EDGE_CURVE('',#11039,#5613,#11041,.T.);
#11039 = VERTEX_POINT('',#11040);
#11040 = CARTESIAN_POINT('',(1.166000762333E+03,-2.1E+03,73.507757373645
    ));
#11041 = ( BOUNDED_CURVE() B_SPLINE_CURVE(3,(#11042,#11043,#11044,#11045
),.UNSPECIFIED.,.F.,.F.) B_SPLINE_CURVE_WITH_KNOTS((4,4),(0.,1.),
.PIECEWISE_BEZIER_KNOTS.) CURVE() GEOMETRIC_REPRESENTATION_ITEM() 
RATIONAL_B_SPLINE_CURVE((1.,1.,1.,1.)) REPRESENTATION_ITEM('') );
#11042 = CARTESIAN_POINT('',(1.166000762333E+03,-2.1E+03,73.507757373645
    ));
#11043 = CARTESIAN_POINT('',(1.146902223361E+03,-704.4156187208,
    -32.18488156158));
#11044 = CARTESIAN_POINT('',(1.146902223361E+03,704.41561872084,
    -32.18488156158));
#11045 = CARTESIAN_POINT('',(1.166000762333E+03,2.1E+03,73.507757373645)
  );
#11046 = ORIENTED_EDGE('',*,*,#11047,.T.);
#11047 = EDGE_CURVE('',#11039,#11011,#11048,.T.);
#11048 = B_SPLINE_CURVE_WITH_KNOTS('',1,(#11049,#11050),.UNSPECIFIED.,
  .F.,.F.,(2,2),(38.,39.),.PIECEWISE_BEZIER_KNOTS.);
#11049 = CARTESIAN_POINT('',(1.166000762333E+03,-2.1E+03,73.507757373645
    ));
#11050 = CARTESIAN_POINT('',(1.144943816498E+03,-2.1E+03,73.15973309135)
  );
#11051 = ORIENTED_EDGE('',*,*,#11010,.T.);
#11052 = ORIENTED_EDGE('',*,*,#5631,.F.);
#11053 = ( BOUNDED_SURFACE() B_SPLINE_SURFACE(1,3,(
    (#11054,#11055,#11056,#11057)
    ,(#11058,#11059,#11060,#11061
)),.UNSPECIFIED.,.F.,.F.,.F.) B_SPLINE_SURFACE_WITH_KNOTS((2,2),(4,4),(
    38.,39.),(0.,1.),.PIECEWISE_BEZIER_KNOTS.) 
GEOMETRIC_REPRESENTATION_ITEM() RATIONAL_B_SPLINE_SURFACE((
    (1.,1.,1.,1.)
,(1.,1.,1.,1.))) REPRESENTATION_ITEM('') SURFACE() );
#11054 = CARTESIAN_POINT('',(1.166000762333E+03,-2.1E+03,73.507757373645
    ));
#11055 = CARTESIAN_POINT('',(1.146902223361E+03,-704.4156187208,
    -32.18488156158));
#11056 = CARTESIAN_POINT('',(1.146902223361E+03,704.41561872084,
    -32.18488156158));
#11057 = CARTESIAN_POINT('',(1.166000762333E+03,2.1E+03,73.507757373645)
  );
#11058 = CARTESIAN_POINT('',(1.144943816498E+03,-2.1E+03,73.15973309135)
  );
#11059 = CARTESIAN_POINT('',(1.1054452256E+03,-704.4156187208,
    -32.87007313709));
#11060 = CARTESIAN_POINT('',(1.1054452256E+03,704.41561872084,
    -32.87007313709));
#11061 = CARTESIAN_POINT('',(1.144943816498E+03,2.1E+03,73.15973309135)
  );
#11062 = ADVANCED_FACE('',(#11063),#11081,.T.);
#11063 = FACE_BOUND('',#11064,.T.);
#11064 = EDGE_LOOP('',(#11065,#11074,#11079,#11080));
#11065 = ORIENTED_EDGE('',*,*,#11066,.F.);
#11066 = EDGE_CURVE('',#11067,#5594,#11069,.T.);
#11067 = VERTEX_POINT('',#11068);
#11068 = CARTESIAN_POINT('',(1.187810547323E+03,-2.1E+03,74.340951450935
    ));
#11069 = ( BOUNDED_CURVE() B_SPLINE_CURVE(3,(#11070,#11071,#11072,#11073
),.UNSPECIFIED.,.F.,.F.) B_SPLINE_CURVE_WITH_KNOTS((4,4),(0.,1.),
.PIECEWISE_BEZIER_KNOTS.) CURVE() GEOMETRIC_REPRESENTATION_ITEM() 
RATIONAL_B_SPLINE_CURVE((1.,1.,1.,1.)) REPRESENTATION_ITEM('') );
#11070 = CARTESIAN_POINT('',(1.187810547323E+03,-2.1E+03,74.340951450935
    ));
#11071 = CARTESIAN_POINT('',(1.189841413812E+03,-704.4156187208,
    -30.54448578586));
#11072 = CARTESIAN_POINT('',(1.189841413812E+03,704.41561872084,
    -30.54448578586));
#11073 = CARTESIAN_POINT('',(1.187810547323E+03,2.1E+03,74.340951450935)
  );
#11074 = ORIENTED_EDGE('',*,*,#11075,.T.);
#11075 = EDGE_CURVE('',#11067,#11039,#11076,.T.);
#11076 = B_SPLINE_CURVE_WITH_KNOTS('',1,(#11077,#11078),.UNSPECIFIED.,
  .F.,.F.,(2,2),(37.,38.),.PIECEWISE_BEZIER_KNOTS.);
#11077 = CARTESIAN_POINT('',(1.187810547323E+03,-2.1E+03,74.340951450935
    ));
#11078 = CARTESIAN_POINT('',(1.166000762333E+03,-2.1E+03,73.507757373645
    ));
#11079 = ORIENTED_EDGE('',*,*,#11038,.T.);
#11080 = ORIENTED_EDGE('',*,*,#5612,.F.);
#11081 = ( BOUNDED_SURFACE() B_SPLINE_SURFACE(1,3,(
    (#11082,#11083,#11084,#11085)
    ,(#11086,#11087,#11088,#11089
)),.UNSPECIFIED.,.F.,.F.,.F.) B_SPLINE_SURFACE_WITH_KNOTS((2,2),(4,4),(
    37.,38.),(0.,1.),.PIECEWISE_BEZIER_KNOTS.) 
GEOMETRIC_REPRESENTATION_ITEM() RATIONAL_B_SPLINE_SURFACE((
    (1.,1.,1.,1.)
,(1.,1.,1.,1.))) REPRESENTATION_ITEM('') SURFACE() );
#11082 = CARTESIAN_POINT('',(1.187810547323E+03,-2.1E+03,74.340951450935
    ));
#11083 = CARTESIAN_POINT('',(1.189841413812E+03,-704.4156187208,
    -30.54448578586));
#11084 = CARTESIAN_POINT('',(1.189841413812E+03,704.41561872084,
    -30.54448578586));
#11085 = CARTESIAN_POINT('',(1.187810547323E+03,2.1E+03,74.340951450935)
  );
#11086 = CARTESIAN_POINT('',(1.166000762333E+03,-2.1E+03,73.507757373645
    ));
#11087 = CARTESIAN_POINT('',(1.146902223361E+03,-704.4156187208,
    -32.18488156158));
#11088 = CARTESIAN_POINT('',(1.146902223361E+03,704.41561872084,
    -32.18488156158));
#11089 = CARTESIAN_POINT('',(1.166000762333E+03,2.1E+03,73.507757373645)
  );
#11090 = ADVANCED_FACE('',(#11091),#11109,.T.);
#11091 = FACE_BOUND('',#11092,.T.);
#11092 = EDGE_LOOP('',(#11093,#11102,#11107,#11108));
#11093 = ORIENTED_EDGE('',*,*,#11094,.F.);
#11094 = EDGE_CURVE('',#11095,#5581,#11097,.T.);
#11095 = VERTEX_POINT('',#11096);
#11096 = CARTESIAN_POINT('',(1.21E+03,-2.1E+03,75.582889794787));
#11097 = ( BOUNDED_CURVE() B_SPLINE_CURVE(3,(#11098,#11099,#11100,#11101
),.UNSPECIFIED.,.F.,.F.) B_SPLINE_CURVE_WITH_KNOTS((4,4),(0.,1.),
.PIECEWISE_BEZIER_KNOTS.) CURVE() GEOMETRIC_REPRESENTATION_ITEM() 
RATIONAL_B_SPLINE_CURVE((1.,1.,1.,1.)) REPRESENTATION_ITEM('') );
#11098 = CARTESIAN_POINT('',(1.21E+03,-2.1E+03,75.582889794787));
#11099 = CARTESIAN_POINT('',(1.233528095498E+03,-704.4156187208,
    -28.09935269084));
#11100 = CARTESIAN_POINT('',(1.233528095498E+03,704.41561872084,
    -28.09935269084));
#11101 = CARTESIAN_POINT('',(1.21E+03,2.1E+03,75.582889794787));
#11102 = ORIENTED_EDGE('',*,*,#11103,.T.);
#11103 = EDGE_CURVE('',#11095,#11067,#11104,.T.);
#11104 = B_SPLINE_CURVE_WITH_KNOTS('',1,(#11105,#11106),.UNSPECIFIED.,
  .F.,.F.,(2,2),(36.,37.),.PIECEWISE_BEZIER_KNOTS.);
#11105 = CARTESIAN_POINT('',(1.21E+03,-2.1E+03,75.582889794787));
#11106 = CARTESIAN_POINT('',(1.187810547323E+03,-2.1E+03,74.340951450935
    ));
#11107 = ORIENTED_EDGE('',*,*,#11066,.T.);
#11108 = ORIENTED_EDGE('',*,*,#5593,.F.);
#11109 = ( BOUNDED_SURFACE() B_SPLINE_SURFACE(1,3,(
    (#11110,#11111,#11112,#11113)
    ,(#11114,#11115,#11116,#11117
)),.UNSPECIFIED.,.F.,.F.,.F.) B_SPLINE_SURFACE_WITH_KNOTS((2,2),(4,4),(
    36.,37.),(0.,1.),.PIECEWISE_BEZIER_KNOTS.) 
GEOMETRIC_REPRESENTATION_ITEM() RATIONAL_B_SPLINE_SURFACE((
    (1.,1.,1.,1.)
,(1.,1.,1.,1.))) REPRESENTATION_ITEM('') SURFACE() );
#11110 = CARTESIAN_POINT('',(1.21E+03,-2.1E+03,75.582889794787));
#11111 = CARTESIAN_POINT('',(1.233528095498E+03,-704.4156187208,
    -28.09935269084));
#11112 = CARTESIAN_POINT('',(1.233528095498E+03,704.41561872084,
    -28.09935269084));
#11113 = CARTESIAN_POINT('',(1.21E+03,2.1E+03,75.582889794787));
#11114 = CARTESIAN_POINT('',(1.187810547323E+03,-2.1E+03,74.340951450935
    ));
#11115 = CARTESIAN_POINT('',(1.189841413812E+03,-704.4156187208,
    -30.54448578586));
#11116 = CARTESIAN_POINT('',(1.189841413812E+03,704.41561872084,
    -30.54448578586));
#11117 = CARTESIAN_POINT('',(1.187810547323E+03,2.1E+03,74.340951450935)
  );
#11118 = ADVANCED_FACE('',(#11119),#11137,.T.);
#11119 = FACE_BOUND('',#11120,.T.);
#11120 = EDGE_LOOP('',(#11121,#11130,#11135,#11136));
#11121 = ORIENTED_EDGE('',*,*,#11122,.F.);
#11122 = EDGE_CURVE('',#11123,#5568,#11125,.T.);
#11123 = VERTEX_POINT('',#11124);
#11124 = CARTESIAN_POINT('',(1.232189452677E+03,-2.1E+03,77.148968409241
    ));
#11125 = ( BOUNDED_CURVE() B_SPLINE_CURVE(3,(#11126,#11127,#11128,#11129
),.UNSPECIFIED.,.F.,.F.) B_SPLINE_CURVE_WITH_KNOTS((4,4),(0.,1.),
.PIECEWISE_BEZIER_KNOTS.) CURVE() GEOMETRIC_REPRESENTATION_ITEM() 
RATIONAL_B_SPLINE_CURVE((1.,1.,1.,1.)) REPRESENTATION_ITEM('') );
#11126 = CARTESIAN_POINT('',(1.232189452677E+03,-2.1E+03,77.148968409241
    ));
#11127 = CARTESIAN_POINT('',(1.277214777184E+03,-704.4156187208,
    -25.01605095645));
#11128 = CARTESIAN_POINT('',(1.277214777184E+03,704.41561872084,
    -25.01605095645));
#11129 = CARTESIAN_POINT('',(1.232189452677E+03,2.1E+03,77.148968409241)
  );
#11130 = ORIENTED_EDGE('',*,*,#11131,.T.);
#11131 = EDGE_CURVE('',#11123,#11095,#11132,.T.);
#11132 = B_SPLINE_CURVE_WITH_KNOTS('',1,(#11133,#11134),.UNSPECIFIED.,
  .F.,.F.,(2,2),(35.,36.),.PIECEWISE_BEZIER_KNOTS.);
#11133 = CARTESIAN_POINT('',(1.232189452677E+03,-2.1E+03,77.148968409241
    ));
#11134 = CARTESIAN_POINT('',(1.21E+03,-2.1E+03,75.582889794787));
#11135 = ORIENTED_EDGE('',*,*,#11094,.T.);
#11136 = ORIENTED_EDGE('',*,*,#5580,.F.);
#11137 = ( BOUNDED_SURFACE() B_SPLINE_SURFACE(1,3,(
    (#11138,#11139,#11140,#11141)
    ,(#11142,#11143,#11144,#11145
)),.UNSPECIFIED.,.F.,.F.,.F.) B_SPLINE_SURFACE_WITH_KNOTS((2,2),(4,4),(
    35.,36.),(0.,1.),.PIECEWISE_BEZIER_KNOTS.) 
GEOMETRIC_REPRESENTATION_ITEM() RATIONAL_B_SPLINE_SURFACE((
    (1.,1.,1.,1.)
,(1.,1.,1.,1.))) REPRESENTATION_ITEM('') SURFACE() );
#11138 = CARTESIAN_POINT('',(1.232189452677E+03,-2.1E+03,77.148968409241
    ));
#11139 = CARTESIAN_POINT('',(1.277214777184E+03,-704.4156187208,
    -25.01605095645));
#11140 = CARTESIAN_POINT('',(1.277214777184E+03,704.41561872084,
    -25.01605095645));
#11141 = CARTESIAN_POINT('',(1.232189452677E+03,2.1E+03,77.148968409241)
  );
#11142 = CARTESIAN_POINT('',(1.21E+03,-2.1E+03,75.582889794787));
#11143 = CARTESIAN_POINT('',(1.233528095498E+03,-704.4156187208,
    -28.09935269084));
#11144 = CARTESIAN_POINT('',(1.233528095498E+03,704.41561872084,
    -28.09935269084));
#11145 = CARTESIAN_POINT('',(1.21E+03,2.1E+03,75.582889794787));
#11146 = ADVANCED_FACE('',(#11147),#11165,.T.);
#11147 = FACE_BOUND('',#11148,.T.);
#11148 = EDGE_LOOP('',(#11149,#11158,#11163,#11164));
#11149 = ORIENTED_EDGE('',*,*,#11150,.F.);
#11150 = EDGE_CURVE('',#11151,#5555,#11153,.T.);
#11151 = VERTEX_POINT('',#11152);
#11152 = CARTESIAN_POINT('',(1.253999237667E+03,-2.1E+03,78.953045959389
    ));
#11153 = ( BOUNDED_CURVE() B_SPLINE_CURVE(3,(#11154,#11155,#11156,#11157
),.UNSPECIFIED.,.F.,.F.) B_SPLINE_CURVE_WITH_KNOTS((4,4),(0.,1.),
.PIECEWISE_BEZIER_KNOTS.) CURVE() GEOMETRIC_REPRESENTATION_ITEM() 
RATIONAL_B_SPLINE_CURVE((1.,1.,1.,1.)) REPRESENTATION_ITEM('') );
#11154 = CARTESIAN_POINT('',(1.253999237667E+03,-2.1E+03,78.953045959389
    ));
#11155 = CARTESIAN_POINT('',(1.320153967635E+03,-704.4156187208,
    -21.46417598159));
#11156 = CARTESIAN_POINT('',(1.320153967635E+03,704.41561872084,
    -21.46417598159));
#11157 = CARTESIAN_POINT('',(1.253999237667E+03,2.1E+03,78.953045959389)
  );
#11158 = ORIENTED_EDGE('',*,*,#11159,.T.);
#11159 = EDGE_CURVE('',#11151,#11123,#11160,.T.);
#11160 = B_SPLINE_CURVE_WITH_KNOTS('',1,(#11161,#11162),.UNSPECIFIED.,
  .F.,.F.,(2,2),(34.,35.),.PIECEWISE_BEZIER_KNOTS.);
#11161 = CARTESIAN_POINT('',(1.253999237667E+03,-2.1E+03,78.953045959389
    ));
#11162 = CARTESIAN_POINT('',(1.232189452677E+03,-2.1E+03,77.148968409241
    ));
#11163 = ORIENTED_EDGE('',*,*,#11122,.T.);
#11164 = ORIENTED_EDGE('',*,*,#5567,.F.);
#11165 = ( BOUNDED_SURFACE() B_SPLINE_SURFACE(1,3,(
    (#11166,#11167,#11168,#11169)
    ,(#11170,#11171,#11172,#11173
)),.UNSPECIFIED.,.F.,.F.,.F.) B_SPLINE_SURFACE_WITH_KNOTS((2,2),(4,4),(
    34.,35.),(0.,1.),.PIECEWISE_BEZIER_KNOTS.) 
GEOMETRIC_REPRESENTATION_ITEM() RATIONAL_B_SPLINE_SURFACE((
    (1.,1.,1.,1.)
,(1.,1.,1.,1.))) REPRESENTATION_ITEM('') SURFACE() );
#11166 = CARTESIAN_POINT('',(1.253999237667E+03,-2.1E+03,78.953045959389
    ));
#11167 = CARTESIAN_POINT('',(1.320153967635E+03,-704.4156187208,
    -21.46417598159));
#11168 = CARTESIAN_POINT('',(1.320153967635E+03,704.41561872084,
    -21.46417598159));
#11169 = CARTESIAN_POINT('',(1.253999237667E+03,2.1E+03,78.953045959389)
  );
#11170 = CARTESIAN_POINT('',(1.232189452677E+03,-2.1E+03,77.148968409241
    ));
#11171 = CARTESIAN_POINT('',(1.277214777184E+03,-704.4156187208,
    -25.01605095645));
#11172 = CARTESIAN_POINT('',(1.277214777184E+03,704.41561872084,
    -25.01605095645));
#11173 = CARTESIAN_POINT('',(1.232189452677E+03,2.1E+03,77.148968409241)
  );
#11174 = ADVANCED_FACE('',(#11175),#11193,.T.);
#11175 = FACE_BOUND('',#11176,.T.);
#11176 = EDGE_LOOP('',(#11177,#11186,#11191,#11192));
#11177 = ORIENTED_EDGE('',*,*,#11178,.F.);
#11178 = EDGE_CURVE('',#11179,#5542,#11181,.T.);
#11179 = VERTEX_POINT('',#11180);
#11180 = CARTESIAN_POINT('',(1.275056183502E+03,-2.1E+03,80.911770963356
    ));
#11181 = ( BOUNDED_CURVE() B_SPLINE_CURVE(3,(#11182,#11183,#11184,#11185
),.UNSPECIFIED.,.F.,.F.) B_SPLINE_CURVE_WITH_KNOTS((4,4),(0.,1.),
.PIECEWISE_BEZIER_KNOTS.) CURVE() GEOMETRIC_REPRESENTATION_ITEM() 
RATIONAL_B_SPLINE_CURVE((1.,1.,1.,1.)) REPRESENTATION_ITEM('') );
#11182 = CARTESIAN_POINT('',(1.275056183502E+03,-2.1E+03,80.911770963356
    ));
#11183 = CARTESIAN_POINT('',(1.361610965396E+03,-704.4156187208,
    -17.60783049154));
#11184 = CARTESIAN_POINT('',(1.361610965396E+03,704.41561872084,
    -17.60783049154));
#11185 = CARTESIAN_POINT('',(1.275056183502E+03,2.1E+03,80.911770963356)
  );
#11186 = ORIENTED_EDGE('',*,*,#11187,.T.);
#11187 = EDGE_CURVE('',#11179,#11151,#11188,.T.);
#11188 = B_SPLINE_CURVE_WITH_KNOTS('',1,(#11189,#11190),.UNSPECIFIED.,
  .F.,.F.,(2,2),(33.,34.),.PIECEWISE_BEZIER_KNOTS.);
#11189 = CARTESIAN_POINT('',(1.275056183502E+03,-2.1E+03,80.911770963356
    ));
#11190 = CARTESIAN_POINT('',(1.253999237667E+03,-2.1E+03,78.953045959389
    ));
#11191 = ORIENTED_EDGE('',*,*,#11150,.T.);
#11192 = ORIENTED_EDGE('',*,*,#5554,.F.);
#11193 = ( BOUNDED_SURFACE() B_SPLINE_SURFACE(1,3,(
    (#11194,#11195,#11196,#11197)
    ,(#11198,#11199,#11200,#11201
)),.UNSPECIFIED.,.F.,.F.,.F.) B_SPLINE_SURFACE_WITH_KNOTS((2,2),(4,4),(
    33.,34.),(0.,1.),.PIECEWISE_BEZIER_KNOTS.) 
GEOMETRIC_REPRESENTATION_ITEM() RATIONAL_B_SPLINE_SURFACE((
    (1.,1.,1.,1.)
,(1.,1.,1.,1.))) REPRESENTATION_ITEM('') SURFACE() );
#11194 = CARTESIAN_POINT('',(1.275056183502E+03,-2.1E+03,80.911770963356
    ));
#11195 = CARTESIAN_POINT('',(1.361610965396E+03,-704.4156187208,
    -17.60783049154));
#11196 = CARTESIAN_POINT('',(1.361610965396E+03,704.41561872084,
    -17.60783049154));
#11197 = CARTESIAN_POINT('',(1.275056183502E+03,2.1E+03,80.911770963356)
  );
#11198 = CARTESIAN_POINT('',(1.253999237667E+03,-2.1E+03,78.953045959389
    ));
#11199 = CARTESIAN_POINT('',(1.320153967635E+03,-704.4156187208,
    -21.46417598159));
#11200 = CARTESIAN_POINT('',(1.320153967635E+03,704.41561872084,
    -21.46417598159));
#11201 = CARTESIAN_POINT('',(1.253999237667E+03,2.1E+03,78.953045959389)
  );
#11202 = ADVANCED_FACE('',(#11203),#11221,.T.);
#11203 = FACE_BOUND('',#11204,.T.);
#11204 = EDGE_LOOP('',(#11205,#11214,#11219,#11220));
#11205 = ORIENTED_EDGE('',*,*,#11206,.F.);
#11206 = EDGE_CURVE('',#11207,#5529,#11209,.T.);
#11207 = VERTEX_POINT('',#11208);
#11208 = CARTESIAN_POINT('',(1.295E+03,-2.1E+03,82.946307728726));
#11209 = ( BOUNDED_CURVE() B_SPLINE_CURVE(3,(#11210,#11211,#11212,#11213
),.UNSPECIFIED.,.F.,.F.) B_SPLINE_CURVE_WITH_KNOTS((4,4),(0.,1.),
.PIECEWISE_BEZIER_KNOTS.) CURVE() GEOMETRIC_REPRESENTATION_ITEM() 
RATIONAL_B_SPLINE_CURVE((1.,1.,1.,1.)) REPRESENTATION_ITEM('') );
#11210 = CARTESIAN_POINT('',(1.295E+03,-2.1E+03,82.946307728726));
#11211 = CARTESIAN_POINT('',(1.400876429741E+03,-704.4156187208,
    -13.60222650752));
#11212 = CARTESIAN_POINT('',(1.400876429741E+03,704.41561872084,
    -13.60222650752));
#11213 = CARTESIAN_POINT('',(1.295E+03,2.1E+03,82.946307728726));
#11214 = ORIENTED_EDGE('',*,*,#11215,.T.);
#11215 = EDGE_CURVE('',#11207,#11179,#11216,.T.);
#11216 = B_SPLINE_CURVE_WITH_KNOTS('',1,(#11217,#11218),.UNSPECIFIED.,
  .F.,.F.,(2,2),(32.,33.),.PIECEWISE_BEZIER_KNOTS.);
#11217 = CARTESIAN_POINT('',(1.295E+03,-2.1E+03,82.946307728726));
#11218 = CARTESIAN_POINT('',(1.275056183502E+03,-2.1E+03,80.911770963356
    ));
#11219 = ORIENTED_EDGE('',*,*,#11178,.T.);
#11220 = ORIENTED_EDGE('',*,*,#5541,.F.);
#11221 = ( BOUNDED_SURFACE() B_SPLINE_SURFACE(1,3,(
    (#11222,#11223,#11224,#11225)
    ,(#11226,#11227,#11228,#11229
)),.UNSPECIFIED.,.F.,.F.,.F.) B_SPLINE_SURFACE_WITH_KNOTS((2,2),(4,4),(
    32.,33.),(0.,1.),.PIECEWISE_BEZIER_KNOTS.) 
GEOMETRIC_REPRESENTATION_ITEM() RATIONAL_B_SPLINE_SURFACE((
    (1.,1.,1.,1.)
,(1.,1.,1.,1.))) REPRESENTATION_ITEM('') SURFACE() );
#11222 = CARTESIAN_POINT('',(1.295E+03,-2.1E+03,82.946307728726));
#11223 = CARTESIAN_POINT('',(1.400876429741E+03,-704.4156187208,
    -13.60222650752));
#11224 = CARTESIAN_POINT('',(1.400876429741E+03,704.41561872084,
    -13.60222650752));
#11225 = CARTESIAN_POINT('',(1.295E+03,2.1E+03,82.946307728726));
#11226 = CARTESIAN_POINT('',(1.275056183502E+03,-2.1E+03,80.911770963356
    ));
#11227 = CARTESIAN_POINT('',(1.361610965396E+03,-704.4156187208,
    -17.60783049154));
#11228 = CARTESIAN_POINT('',(1.361610965396E+03,704.41561872084,
    -17.60783049154));
#11229 = CARTESIAN_POINT('',(1.275056183502E+03,2.1E+03,80.911770963356)
  );
#11230 = ADVANCED_FACE('',(#11231),#11249,.T.);
#11231 = FACE_BOUND('',#11232,.T.);
#11232 = EDGE_LOOP('',(#11233,#11242,#11247,#11248));
#11233 = ORIENTED_EDGE('',*,*,#11234,.F.);
#11234 = EDGE_CURVE('',#11235,#5516,#11237,.T.);
#11235 = VERTEX_POINT('',#11236);
#11236 = CARTESIAN_POINT('',(1.313489442931E+03,-2.1E+03,84.981955622402
    ));
#11237 = ( BOUNDED_CURVE() B_SPLINE_CURVE(3,(#11238,#11239,#11240,#11241
),.UNSPECIFIED.,.F.,.F.) B_SPLINE_CURVE_WITH_KNOTS((4,4),(0.,1.),
.PIECEWISE_BEZIER_KNOTS.) CURVE() GEOMETRIC_REPRESENTATION_ITEM() 
RATIONAL_B_SPLINE_CURVE((1.,1.,1.,1.)) REPRESENTATION_ITEM('') );
#11238 = CARTESIAN_POINT('',(1.313489442931E+03,-2.1E+03,84.981955622402
    ));
#11239 = CARTESIAN_POINT('',(1.437278517691E+03,-704.4156187208,
    -9.594434929729));
#11240 = CARTESIAN_POINT('',(1.437278517691E+03,704.41561872084,
    -9.594434929729));
#11241 = CARTESIAN_POINT('',(1.313489442931E+03,2.1E+03,84.981955622402)
  );
#11242 = ORIENTED_EDGE('',*,*,#11243,.T.);
#11243 = EDGE_CURVE('',#11235,#11207,#11244,.T.);
#11244 = B_SPLINE_CURVE_WITH_KNOTS('',1,(#11245,#11246),.UNSPECIFIED.,
  .F.,.F.,(2,2),(31.,32.),.PIECEWISE_BEZIER_KNOTS.);
#11245 = CARTESIAN_POINT('',(1.313489442931E+03,-2.1E+03,84.981955622402
    ));
#11246 = CARTESIAN_POINT('',(1.295E+03,-2.1E+03,82.946307728726));
#11247 = ORIENTED_EDGE('',*,*,#11206,.T.);
#11248 = ORIENTED_EDGE('',*,*,#5528,.F.);
#11249 = ( BOUNDED_SURFACE() B_SPLINE_SURFACE(1,3,(
    (#11250,#11251,#11252,#11253)
    ,(#11254,#11255,#11256,#11257
)),.UNSPECIFIED.,.F.,.F.,.F.) B_SPLINE_SURFACE_WITH_KNOTS((2,2),(4,4),(
    31.,32.),(0.,1.),.PIECEWISE_BEZIER_KNOTS.) 
GEOMETRIC_REPRESENTATION_ITEM() RATIONAL_B_SPLINE_SURFACE((
    (1.,1.,1.,1.)
,(1.,1.,1.,1.))) REPRESENTATION_ITEM('') SURFACE() );
#11250 = CARTESIAN_POINT('',(1.313489442931E+03,-2.1E+03,84.981955622402
    ));
#11251 = CARTESIAN_POINT('',(1.437278517691E+03,-704.4156187208,
    -9.594434929729));
#11252 = CARTESIAN_POINT('',(1.437278517691E+03,704.41561872084,
    -9.594434929729));
#11253 = CARTESIAN_POINT('',(1.313489442931E+03,2.1E+03,84.981955622402)
  );
#11254 = CARTESIAN_POINT('',(1.295E+03,-2.1E+03,82.946307728726));
#11255 = CARTESIAN_POINT('',(1.400876429741E+03,-704.4156187208,
    -13.60222650752));
#11256 = CARTESIAN_POINT('',(1.400876429741E+03,704.41561872084,
    -13.60222650752));
#11257 = CARTESIAN_POINT('',(1.295E+03,2.1E+03,82.946307728726));
#11258 = ADVANCED_FACE('',(#11259),#11277,.T.);
#11259 = FACE_BOUND('',#11260,.T.);
#11260 = EDGE_LOOP('',(#11261,#11270,#11275,#11276));
#11261 = ORIENTED_EDGE('',*,*,#11262,.F.);
#11262 = EDGE_CURVE('',#11263,#5503,#11265,.T.);
#11263 = VERTEX_POINT('',#11264);
#11264 = CARTESIAN_POINT('',(1.330208152802E+03,-2.1E+03,86.946718485323
    ));
#11265 = ( BOUNDED_CURVE() B_SPLINE_CURVE(3,(#11266,#11267,#11268,#11269
),.UNSPECIFIED.,.F.,.F.) B_SPLINE_CURVE_WITH_KNOTS((4,4),(0.,1.),
.PIECEWISE_BEZIER_KNOTS.) CURVE() GEOMETRIC_REPRESENTATION_ITEM() 
RATIONAL_B_SPLINE_CURVE((1.,1.,1.,1.)) REPRESENTATION_ITEM('') );
#11266 = CARTESIAN_POINT('',(1.330208152802E+03,-2.1E+03,86.946718485323
    ));
#11267 = CARTESIAN_POINT('',(1.470194379426E+03,-704.4156187208,
    -5.726202079223));
#11268 = CARTESIAN_POINT('',(1.470194379426E+03,704.41561872084,
    -5.726202079223));
#11269 = CARTESIAN_POINT('',(1.330208152802E+03,2.1E+03,86.946718485323)
  );
#11270 = ORIENTED_EDGE('',*,*,#11271,.T.);
#11271 = EDGE_CURVE('',#11263,#11235,#11272,.T.);
#11272 = B_SPLINE_CURVE_WITH_KNOTS('',1,(#11273,#11274),.UNSPECIFIED.,
  .F.,.F.,(2,2),(30.,31.),.PIECEWISE_BEZIER_KNOTS.);
#11273 = CARTESIAN_POINT('',(1.330208152802E+03,-2.1E+03,86.946718485323
    ));
#11274 = CARTESIAN_POINT('',(1.313489442931E+03,-2.1E+03,84.981955622402
    ));
#11275 = ORIENTED_EDGE('',*,*,#11234,.T.);
#11276 = ORIENTED_EDGE('',*,*,#5515,.F.);
#11277 = ( BOUNDED_SURFACE() B_SPLINE_SURFACE(1,3,(
    (#11278,#11279,#11280,#11281)
    ,(#11282,#11283,#11284,#11285
)),.UNSPECIFIED.,.F.,.F.,.F.) B_SPLINE_SURFACE_WITH_KNOTS((2,2),(4,4),(
    30.,31.),(0.,1.),.PIECEWISE_BEZIER_KNOTS.) 
GEOMETRIC_REPRESENTATION_ITEM() RATIONAL_B_SPLINE_SURFACE((
    (1.,1.,1.,1.)
,(1.,1.,1.,1.))) REPRESENTATION_ITEM('') SURFACE() );
#11278 = CARTESIAN_POINT('',(1.330208152802E+03,-2.1E+03,86.946718485323
    ));
#11279 = CARTESIAN_POINT('',(1.470194379426E+03,-704.4156187208,
    -5.726202079223));
#11280 = CARTESIAN_POINT('',(1.470194379426E+03,704.41561872084,
    -5.726202079223));
#11281 = CARTESIAN_POINT('',(1.330208152802E+03,2.1E+03,86.946718485323)
  );
#11282 = CARTESIAN_POINT('',(1.313489442931E+03,-2.1E+03,84.981955622402
    ));
#11283 = CARTESIAN_POINT('',(1.437278517691E+03,-704.4156187208,
    -9.594434929729));
#11284 = CARTESIAN_POINT('',(1.437278517691E+03,704.41561872084,
    -9.594434929729));
#11285 = CARTESIAN_POINT('',(1.313489442931E+03,2.1E+03,84.981955622402)
  );
#11286 = ADVANCED_FACE('',(#11287),#11305,.T.);
#11287 = FACE_BOUND('',#11288,.T.);
#11288 = EDGE_LOOP('',(#11289,#11298,#11303,#11304));
#11289 = ORIENTED_EDGE('',*,*,#11290,.F.);
#11290 = EDGE_CURVE('',#11291,#5490,#11293,.T.);
#11291 = VERTEX_POINT('',#11292);
#11292 = CARTESIAN_POINT('',(1.34487006785E+03,-2.1E+03,88.770084532677)
  );
#11293 = ( BOUNDED_CURVE() B_SPLINE_CURVE(3,(#11294,#11295,#11296,#11297
),.UNSPECIFIED.,.F.,.F.) B_SPLINE_CURVE_WITH_KNOTS((4,4),(0.,1.),
.PIECEWISE_BEZIER_KNOTS.) CURVE() GEOMETRIC_REPRESENTATION_ITEM() 
RATIONAL_B_SPLINE_CURVE((1.,1.,1.,1.)) REPRESENTATION_ITEM('') );
#11294 = CARTESIAN_POINT('',(1.34487006785E+03,-2.1E+03,88.770084532677)
  );
#11295 = CARTESIAN_POINT('',(1.499060815426E+03,-704.4156187208,
    -2.136351835216));
#11296 = CARTESIAN_POINT('',(1.499060815426E+03,704.41561872084,
    -2.136351835216));
#11297 = CARTESIAN_POINT('',(1.34487006785E+03,2.1E+03,88.770084532677)
  );
#11298 = ORIENTED_EDGE('',*,*,#11299,.T.);
#11299 = EDGE_CURVE('',#11291,#11263,#11300,.T.);
#11300 = B_SPLINE_CURVE_WITH_KNOTS('',1,(#11301,#11302),.UNSPECIFIED.,
  .F.,.F.,(2,2),(29.,30.),.PIECEWISE_BEZIER_KNOTS.);
#11301 = CARTESIAN_POINT('',(1.34487006785E+03,-2.1E+03,88.770084532677)
  );
#11302 = CARTESIAN_POINT('',(1.330208152802E+03,-2.1E+03,86.946718485323
    ));
#11303 = ORIENTED_EDGE('',*,*,#11262,.T.);
#11304 = ORIENTED_EDGE('',*,*,#5502,.F.);
#11305 = ( BOUNDED_SURFACE() B_SPLINE_SURFACE(1,3,(
    (#11306,#11307,#11308,#11309)
    ,(#11310,#11311,#11312,#11313
)),.UNSPECIFIED.,.F.,.F.,.F.) B_SPLINE_SURFACE_WITH_KNOTS((2,2),(4,4),(
    29.,30.),(0.,1.),.PIECEWISE_BEZIER_KNOTS.) 
GEOMETRIC_REPRESENTATION_ITEM() RATIONAL_B_SPLINE_SURFACE((
    (1.,1.,1.,1.)
,(1.,1.,1.,1.))) REPRESENTATION_ITEM('') SURFACE() );
#11306 = CARTESIAN_POINT('',(1.34487006785E+03,-2.1E+03,88.770084532677)
  );
#11307 = CARTESIAN_POINT('',(1.499060815426E+03,-704.4156187208,
    -2.136351835216));
#11308 = CARTESIAN_POINT('',(1.499060815426E+03,704.41561872084,
    -2.136351835216));
#11309 = CARTESIAN_POINT('',(1.34487006785E+03,2.1E+03,88.770084532677)
  );
#11310 = CARTESIAN_POINT('',(1.330208152802E+03,-2.1E+03,86.946718485323
    ));
#11311 = CARTESIAN_POINT('',(1.470194379426E+03,-704.4156187208,
    -5.726202079223));
#11312 = CARTESIAN_POINT('',(1.470194379426E+03,704.41561872084,
    -5.726202079223));
#11313 = CARTESIAN_POINT('',(1.330208152802E+03,2.1E+03,86.946718485323)
  );
#11314 = ADVANCED_FACE('',(#11315),#11333,.T.);
#11315 = FACE_BOUND('',#11316,.T.);
#11316 = EDGE_LOOP('',(#11317,#11326,#11331,#11332));
#11317 = ORIENTED_EDGE('',*,*,#11318,.F.);
#11318 = EDGE_CURVE('',#11319,#5477,#11321,.T.);
#11319 = VERTEX_POINT('',#11320);
#11320 = CARTESIAN_POINT('',(1.357224318643E+03,-2.1E+03,90.38308758304)
  );
#11321 = ( BOUNDED_CURVE() B_SPLINE_CURVE(3,(#11322,#11323,#11324,#11325
),.UNSPECIFIED.,.F.,.F.) B_SPLINE_CURVE_WITH_KNOTS((4,4),(0.,1.),
.PIECEWISE_BEZIER_KNOTS.) CURVE() GEOMETRIC_REPRESENTATION_ITEM() 
RATIONAL_B_SPLINE_CURVE((1.,1.,1.,1.)) REPRESENTATION_ITEM('') );
#11322 = CARTESIAN_POINT('',(1.357224318643E+03,-2.1E+03,90.38308758304)
  );
#11323 = CARTESIAN_POINT('',(1.52338391297E+03,-704.4156187208,
    1.039334913109));
#11324 = CARTESIAN_POINT('',(1.52338391297E+03,704.41561872084,
    1.039334913109));
#11325 = CARTESIAN_POINT('',(1.357224318643E+03,2.1E+03,90.38308758304)
  );
#11326 = ORIENTED_EDGE('',*,*,#11327,.T.);
#11327 = EDGE_CURVE('',#11319,#11291,#11328,.T.);
#11328 = B_SPLINE_CURVE_WITH_KNOTS('',1,(#11329,#11330),.UNSPECIFIED.,
  .F.,.F.,(2,2),(28.,29.),.PIECEWISE_BEZIER_KNOTS.);
#11329 = CARTESIAN_POINT('',(1.357224318643E+03,-2.1E+03,90.38308758304)
  );
#11330 = CARTESIAN_POINT('',(1.34487006785E+03,-2.1E+03,88.770084532677)
  );
#11331 = ORIENTED_EDGE('',*,*,#11290,.T.);
#11332 = ORIENTED_EDGE('',*,*,#5489,.F.);
#11333 = ( BOUNDED_SURFACE() B_SPLINE_SURFACE(1,3,(
    (#11334,#11335,#11336,#11337)
    ,(#11338,#11339,#11340,#11341
)),.UNSPECIFIED.,.F.,.F.,.F.) B_SPLINE_SURFACE_WITH_KNOTS((2,2),(4,4),(
    28.,29.),(0.,1.),.PIECEWISE_BEZIER_KNOTS.) 
GEOMETRIC_REPRESENTATION_ITEM() RATIONAL_B_SPLINE_SURFACE((
    (1.,1.,1.,1.)
,(1.,1.,1.,1.))) REPRESENTATION_ITEM('') SURFACE() );
#11334 = CARTESIAN_POINT('',(1.357224318643E+03,-2.1E+03,90.38308758304)
  );
#11335 = CARTESIAN_POINT('',(1.52338391297E+03,-704.4156187208,
    1.039334913109));
#11336 = CARTESIAN_POINT('',(1.52338391297E+03,704.41561872084,
    1.039334913109));
#11337 = CARTESIAN_POINT('',(1.357224318643E+03,2.1E+03,90.38308758304)
  );
#11338 = CARTESIAN_POINT('',(1.34487006785E+03,-2.1E+03,88.770084532677)
  );
#11339 = CARTESIAN_POINT('',(1.499060815426E+03,-704.4156187208,
    -2.136351835216));
#11340 = CARTESIAN_POINT('',(1.499060815426E+03,704.41561872084,
    -2.136351835216));
#11341 = CARTESIAN_POINT('',(1.34487006785E+03,2.1E+03,88.770084532677)
  );
#11342 = ADVANCED_FACE('',(#11343),#11353,.T.);
#11343 = FACE_BOUND('',#11344,.T.);
#11344 = EDGE_LOOP('',(#11345,#11346,#11351,#11352));
#11345 = ORIENTED_EDGE('',*,*,#10372,.F.);
#11346 = ORIENTED_EDGE('',*,*,#11347,.T.);
#11347 = EDGE_CURVE('',#10366,#11319,#11348,.T.);
#11348 = B_SPLINE_CURVE_WITH_KNOTS('',1,(#11349,#11350),.UNSPECIFIED.,
  .F.,.F.,(2,2),(27.,28.),.PIECEWISE_BEZIER_KNOTS.);
#11349 = CARTESIAN_POINT('',(1.367059520527E+03,-2.1E+03,91.72021374033)
  );
#11350 = CARTESIAN_POINT('',(1.357224318643E+03,-2.1E+03,90.38308758304)
  );
#11351 = ORIENTED_EDGE('',*,*,#11318,.T.);
#11352 = ORIENTED_EDGE('',*,*,#5476,.F.);
#11353 = ( BOUNDED_SURFACE() B_SPLINE_SURFACE(1,3,(
    (#11354,#11355,#11356,#11357)
    ,(#11358,#11359,#11360,#11361
)),.UNSPECIFIED.,.F.,.F.,.F.) B_SPLINE_SURFACE_WITH_KNOTS((2,2),(4,4),(
    27.,28.),(0.,1.),.PIECEWISE_BEZIER_KNOTS.) 
GEOMETRIC_REPRESENTATION_ITEM() RATIONAL_B_SPLINE_SURFACE((
    (1.,1.,1.,1.)
,(1.,1.,1.,1.))) REPRESENTATION_ITEM('') SURFACE() );
#11354 = CARTESIAN_POINT('',(1.367059520527E+03,-2.1E+03,91.72021374033)
  );
#11355 = CARTESIAN_POINT('',(1.542747497113E+03,-704.4156187208,
    3.671874149529));
#11356 = CARTESIAN_POINT('',(1.542747497113E+03,704.41561872084,
    3.671874149529));
#11357 = CARTESIAN_POINT('',(1.367059520527E+03,2.1E+03,91.72021374033)
  );
#11358 = CARTESIAN_POINT('',(1.357224318643E+03,-2.1E+03,90.38308758304)
  );
#11359 = CARTESIAN_POINT('',(1.52338391297E+03,-704.4156187208,
    1.039334913109));
#11360 = CARTESIAN_POINT('',(1.52338391297E+03,704.41561872084,
    1.039334913109));
#11361 = CARTESIAN_POINT('',(1.357224318643E+03,2.1E+03,90.38308758304)
  );
#11362 = ADVANCED_FACE('',(#11363),#11381,.T.);
#11363 = FACE_BOUND('',#11364,.T.);
#11364 = EDGE_LOOP('',(#11365,#11366,#11367,#11376));
#11365 = ORIENTED_EDGE('',*,*,#8686,.F.);
#11366 = ORIENTED_EDGE('',*,*,#7427,.F.);
#11367 = ORIENTED_EDGE('',*,*,#11368,.T.);
#11368 = EDGE_CURVE('',#7418,#11369,#11371,.T.);
#11369 = VERTEX_POINT('',#11370);
#11370 = CARTESIAN_POINT('',(2.24E+03,675.,85.));
#11371 = B_SPLINE_CURVE_WITH_KNOTS('',3,(#11372,#11373,#11374,#11375),
  .UNSPECIFIED.,.F.,.F.,(4,4),(0.,1.),.PIECEWISE_BEZIER_KNOTS.);
#11372 = CARTESIAN_POINT('',(2.24E+03,-675.,85.));
#11373 = CARTESIAN_POINT('',(2.172957389784E+03,-231.9743429034,85.));
#11374 = CARTESIAN_POINT('',(2.172957389784E+03,231.97434290345,85.));
#11375 = CARTESIAN_POINT('',(2.24E+03,675.,85.));
#11376 = ORIENTED_EDGE('',*,*,#11377,.F.);
#11377 = EDGE_CURVE('',#8687,#11369,#11378,.T.);
#11378 = B_SPLINE_CURVE_WITH_KNOTS('',1,(#11379,#11380),.UNSPECIFIED.,
  .F.,.F.,(2,2),(35.,36.),.PIECEWISE_BEZIER_KNOTS.);
#11379 = CARTESIAN_POINT('',(2.242278837048E+03,675.,81.265110246605));
#11380 = CARTESIAN_POINT('',(2.24E+03,675.,85.));
#11381 = B_SPLINE_SURFACE_WITH_KNOTS('',1,3,(
    (#11382,#11383,#11384,#11385)
    ,(#11386,#11387,#11388,#11389
    )),.UNSPECIFIED.,.F.,.F.,.F.,(2,2),(4,4),(35.,36.),(0.,1.),
  .PIECEWISE_BEZIER_KNOTS.);
#11382 = CARTESIAN_POINT('',(2.242278837048E+03,-675.,81.265110246605));
#11383 = CARTESIAN_POINT('',(2.177103527969E+03,-231.9743429034,
    78.204705427358));
#11384 = CARTESIAN_POINT('',(2.177103527969E+03,231.97434290345,
    78.204705427358));
#11385 = CARTESIAN_POINT('',(2.242278837048E+03,675.,81.265110246605));
#11386 = CARTESIAN_POINT('',(2.24E+03,-675.,85.));
#11387 = CARTESIAN_POINT('',(2.172957389784E+03,-231.9743429034,85.));
#11388 = CARTESIAN_POINT('',(2.172957389784E+03,231.97434290345,85.));
#11389 = CARTESIAN_POINT('',(2.24E+03,675.,85.));
#11390 = ADVANCED_FACE('',(#11391),#11409,.T.);
#11391 = FACE_BOUND('',#11392,.T.);
#11392 = EDGE_LOOP('',(#11393,#11394,#11395,#11404));
#11393 = ORIENTED_EDGE('',*,*,#11368,.F.);
#11394 = ORIENTED_EDGE('',*,*,#7417,.F.);
#11395 = ORIENTED_EDGE('',*,*,#11396,.T.);
#11396 = EDGE_CURVE('',#7405,#11397,#11399,.T.);
#11397 = VERTEX_POINT('',#11398);
#11398 = CARTESIAN_POINT('',(2.242278837048E+03,675.,88.734889753395));
#11399 = B_SPLINE_CURVE_WITH_KNOTS('',3,(#11400,#11401,#11402,#11403),
  .UNSPECIFIED.,.F.,.F.,(4,4),(0.,1.),.PIECEWISE_BEZIER_KNOTS.);
#11400 = CARTESIAN_POINT('',(2.242278837048E+03,-675.,88.734889753395));
#11401 = CARTESIAN_POINT('',(2.177103527969E+03,-231.9743429034,
    91.795294572642));
#11402 = CARTESIAN_POINT('',(2.177103527969E+03,231.97434290345,
    91.795294572642));
#11403 = CARTESIAN_POINT('',(2.242278837048E+03,675.,88.734889753395));
#11404 = ORIENTED_EDGE('',*,*,#11405,.F.);
#11405 = EDGE_CURVE('',#11369,#11397,#11406,.T.);
#11406 = B_SPLINE_CURVE_WITH_KNOTS('',1,(#11407,#11408),.UNSPECIFIED.,
  .F.,.F.,(2,2),(0.,1.),.PIECEWISE_BEZIER_KNOTS.);
#11407 = CARTESIAN_POINT('',(2.24E+03,675.,85.));
#11408 = CARTESIAN_POINT('',(2.242278837048E+03,675.,88.734889753395));
#11409 = B_SPLINE_SURFACE_WITH_KNOTS('',1,3,(
    (#11410,#11411,#11412,#11413)
    ,(#11414,#11415,#11416,#11417
    )),.UNSPECIFIED.,.F.,.F.,.F.,(2,2),(4,4),(0.,1.),(0.,1.),
  .PIECEWISE_BEZIER_KNOTS.);
#11410 = CARTESIAN_POINT('',(2.24E+03,-675.,85.));
#11411 = CARTESIAN_POINT('',(2.172957389784E+03,-231.9743429034,85.));
#11412 = CARTESIAN_POINT('',(2.172957389784E+03,231.97434290345,85.));
#11413 = CARTESIAN_POINT('',(2.24E+03,675.,85.));
#11414 = CARTESIAN_POINT('',(2.242278837048E+03,-675.,88.734889753395));
#11415 = CARTESIAN_POINT('',(2.177103527969E+03,-231.9743429034,
    91.795294572642));
#11416 = CARTESIAN_POINT('',(2.177103527969E+03,231.97434290345,
    91.795294572642));
#11417 = CARTESIAN_POINT('',(2.242278837048E+03,675.,88.734889753395));
#11418 = ADVANCED_FACE('',(#11419),#11437,.T.);
#11419 = FACE_BOUND('',#11420,.T.);
#11420 = EDGE_LOOP('',(#11421,#11422,#11423,#11432));
#11421 = ORIENTED_EDGE('',*,*,#11396,.F.);
#11422 = ORIENTED_EDGE('',*,*,#7404,.F.);
#11423 = ORIENTED_EDGE('',*,*,#11424,.T.);
#11424 = EDGE_CURVE('',#7395,#11425,#11427,.T.);
#11425 = VERTEX_POINT('',#11426);
#11426 = CARTESIAN_POINT('',(2.249046106882E+03,675.,92.11671963222));
#11427 = B_SPLINE_CURVE_WITH_KNOTS('',3,(#11428,#11429,#11430,#11431),
  .UNSPECIFIED.,.F.,.F.,(4,4),(0.,1.),.PIECEWISE_BEZIER_KNOTS.);
#11428 = CARTESIAN_POINT('',(2.249046106882E+03,-675.,92.11671963222));
#11429 = CARTESIAN_POINT('',(2.189415964215E+03,-231.9743429034,
    97.948228591724));
#11430 = CARTESIAN_POINT('',(2.189415964215E+03,231.97434290345,
    97.948228591724));
#11431 = CARTESIAN_POINT('',(2.249046106882E+03,675.,92.11671963222));
#11432 = ORIENTED_EDGE('',*,*,#11433,.F.);
#11433 = EDGE_CURVE('',#11397,#11425,#11434,.T.);
#11434 = B_SPLINE_CURVE_WITH_KNOTS('',1,(#11435,#11436),.UNSPECIFIED.,
  .F.,.F.,(2,2),(1.,2.),.PIECEWISE_BEZIER_KNOTS.);
#11435 = CARTESIAN_POINT('',(2.242278837048E+03,675.,88.734889753395));
#11436 = CARTESIAN_POINT('',(2.249046106882E+03,675.,92.11671963222));
#11437 = B_SPLINE_SURFACE_WITH_KNOTS('',1,3,(
    (#11438,#11439,#11440,#11441)
    ,(#11442,#11443,#11444,#11445
    )),.UNSPECIFIED.,.F.,.F.,.F.,(2,2),(4,4),(1.,2.),(0.,1.),
  .PIECEWISE_BEZIER_KNOTS.);
#11438 = CARTESIAN_POINT('',(2.242278837048E+03,-675.,88.734889753395));
#11439 = CARTESIAN_POINT('',(2.177103527969E+03,-231.9743429034,
    91.795294572642));
#11440 = CARTESIAN_POINT('',(2.177103527969E+03,231.97434290345,
    91.795294572642));
#11441 = CARTESIAN_POINT('',(2.242278837048E+03,675.,88.734889753395));
#11442 = CARTESIAN_POINT('',(2.249046106882E+03,-675.,92.11671963222));
#11443 = CARTESIAN_POINT('',(2.189415964215E+03,-231.9743429034,
    97.948228591724));
#11444 = CARTESIAN_POINT('',(2.189415964215E+03,231.97434290345,
    97.948228591724));
#11445 = CARTESIAN_POINT('',(2.249046106882E+03,675.,92.11671963222));
#11446 = ADVANCED_FACE('',(#11447),#11466,.T.);
#11447 = FACE_BOUND('',#11448,.T.);
#11448 = EDGE_LOOP('',(#11449,#11450,#11451,#11452,#11461));
#11449 = ORIENTED_EDGE('',*,*,#11424,.F.);
#11450 = ORIENTED_EDGE('',*,*,#7394,.F.);
#11451 = ORIENTED_EDGE('',*,*,#7542,.F.);
#11452 = ORIENTED_EDGE('',*,*,#11453,.T.);
#11453 = EDGE_CURVE('',#7524,#11454,#11456,.T.);
#11454 = VERTEX_POINT('',#11455);
#11455 = CARTESIAN_POINT('',(2.260096189432E+03,675.,95.036291970997));
#11456 = B_SPLINE_CURVE_WITH_KNOTS('',3,(#11457,#11458,#11459,#11460),
  .UNSPECIFIED.,.F.,.F.,(4,4),(0.,1.),.PIECEWISE_BEZIER_KNOTS.);
#11457 = CARTESIAN_POINT('',(2.260096189432E+03,-675.,95.036291970997));
#11458 = CARTESIAN_POINT('',(2.209520591376E+03,-231.9743429034,
    103.26012676759));
#11459 = CARTESIAN_POINT('',(2.209520591376E+03,231.97434290345,
    103.26012676759));
#11460 = CARTESIAN_POINT('',(2.260096189432E+03,675.,95.036291970997));
#11461 = ORIENTED_EDGE('',*,*,#11462,.F.);
#11462 = EDGE_CURVE('',#11425,#11454,#11463,.T.);
#11463 = B_SPLINE_CURVE_WITH_KNOTS('',1,(#11464,#11465),.UNSPECIFIED.,
  .F.,.F.,(2,2),(2.,3.),.PIECEWISE_BEZIER_KNOTS.);
#11464 = CARTESIAN_POINT('',(2.249046106882E+03,675.,92.11671963222));
#11465 = CARTESIAN_POINT('',(2.260096189432E+03,675.,95.036291970997));
#11466 = B_SPLINE_SURFACE_WITH_KNOTS('',1,3,(
    (#11467,#11468,#11469,#11470)
    ,(#11471,#11472,#11473,#11474
    )),.UNSPECIFIED.,.F.,.F.,.F.,(2,2),(4,4),(2.,3.),(0.,1.),
  .PIECEWISE_BEZIER_KNOTS.);
#11467 = CARTESIAN_POINT('',(2.249046106882E+03,-675.,92.11671963222));
#11468 = CARTESIAN_POINT('',(2.189415964215E+03,-231.9743429034,
    97.948228591724));
#11469 = CARTESIAN_POINT('',(2.189415964215E+03,231.97434290345,
    97.948228591724));
#11470 = CARTESIAN_POINT('',(2.249046106882E+03,675.,92.11671963222));
#11471 = CARTESIAN_POINT('',(2.260096189432E+03,-675.,95.036291970997));
#11472 = CARTESIAN_POINT('',(2.209520591376E+03,-231.9743429034,
    103.26012676759));
#11473 = CARTESIAN_POINT('',(2.209520591376E+03,231.97434290345,
    103.26012676759));
#11474 = CARTESIAN_POINT('',(2.260096189432E+03,675.,95.036291970997));
#11475 = ADVANCED_FACE('',(#11476),#11494,.T.);
#11476 = FACE_BOUND('',#11477,.T.);
#11477 = EDGE_LOOP('',(#11478,#11479,#11480,#11489));
#11478 = ORIENTED_EDGE('',*,*,#11453,.F.);
#11479 = ORIENTED_EDGE('',*,*,#7523,.F.);
#11480 = ORIENTED_EDGE('',*,*,#11481,.T.);
#11481 = EDGE_CURVE('',#7505,#11482,#11484,.T.);
#11482 = VERTEX_POINT('',#11483);
#11483 = CARTESIAN_POINT('',(2.275093333532E+03,675.,97.364655492312));
#11484 = B_SPLINE_CURVE_WITH_KNOTS('',3,(#11485,#11486,#11487,#11488),
  .UNSPECIFIED.,.F.,.F.,(4,4),(0.,1.),.PIECEWISE_BEZIER_KNOTS.);
#11485 = CARTESIAN_POINT('',(2.275093333532E+03,-675.,97.364655492312));
#11486 = CARTESIAN_POINT('',(2.23680654053E+03,-231.9743429034,
    107.49637389781));
#11487 = CARTESIAN_POINT('',(2.23680654053E+03,231.97434290345,
    107.49637389781));
#11488 = CARTESIAN_POINT('',(2.275093333532E+03,675.,97.364655492312));
#11489 = ORIENTED_EDGE('',*,*,#11490,.F.);
#11490 = EDGE_CURVE('',#11454,#11482,#11491,.T.);
#11491 = B_SPLINE_CURVE_WITH_KNOTS('',1,(#11492,#11493),.UNSPECIFIED.,
  .F.,.F.,(2,2),(3.,4.),.PIECEWISE_BEZIER_KNOTS.);
#11492 = CARTESIAN_POINT('',(2.260096189432E+03,675.,95.036291970997));
#11493 = CARTESIAN_POINT('',(2.275093333532E+03,675.,97.364655492312));
#11494 = B_SPLINE_SURFACE_WITH_KNOTS('',1,3,(
    (#11495,#11496,#11497,#11498)
    ,(#11499,#11500,#11501,#11502
    )),.UNSPECIFIED.,.F.,.F.,.F.,(2,2),(4,4),(3.,4.),(0.,1.),
  .PIECEWISE_BEZIER_KNOTS.);
#11495 = CARTESIAN_POINT('',(2.260096189432E+03,-675.,95.036291970997));
#11496 = CARTESIAN_POINT('',(2.209520591376E+03,-231.9743429034,
    103.26012676759));
#11497 = CARTESIAN_POINT('',(2.209520591376E+03,231.97434290345,
    103.26012676759));
#11498 = CARTESIAN_POINT('',(2.260096189432E+03,675.,95.036291970997));
#11499 = CARTESIAN_POINT('',(2.275093333532E+03,-675.,97.364655492312));
#11500 = CARTESIAN_POINT('',(2.23680654053E+03,-231.9743429034,
    107.49637389781));
#11501 = CARTESIAN_POINT('',(2.23680654053E+03,231.97434290345,
    107.49637389781));
#11502 = CARTESIAN_POINT('',(2.275093333532E+03,675.,97.364655492312));
#11503 = ADVANCED_FACE('',(#11504),#11522,.T.);
#11504 = FACE_BOUND('',#11505,.T.);
#11505 = EDGE_LOOP('',(#11506,#11507,#11508,#11517));
#11506 = ORIENTED_EDGE('',*,*,#11481,.F.);
#11507 = ORIENTED_EDGE('',*,*,#7504,.F.);
#11508 = ORIENTED_EDGE('',*,*,#11509,.T.);
#11509 = EDGE_CURVE('',#7486,#11510,#11512,.T.);
#11510 = VERTEX_POINT('',#11511);
#11511 = CARTESIAN_POINT('',(2.293581858547E+03,675.,98.990391055321));
#11512 = B_SPLINE_CURVE_WITH_KNOTS('',3,(#11513,#11514,#11515,#11516),
  .UNSPECIFIED.,.F.,.F.,(4,4),(0.,1.),.PIECEWISE_BEZIER_KNOTS.);
#11513 = CARTESIAN_POINT('',(2.293581858547E+03,-675.,98.990391055321));
#11514 = CARTESIAN_POINT('',(2.270444741919E+03,-231.9743429034,
    110.45425291896));
#11515 = CARTESIAN_POINT('',(2.270444741919E+03,231.97434290345,
    110.45425291896));
#11516 = CARTESIAN_POINT('',(2.293581858547E+03,675.,98.990391055321));
#11517 = ORIENTED_EDGE('',*,*,#11518,.F.);
#11518 = EDGE_CURVE('',#11482,#11510,#11519,.T.);
#11519 = B_SPLINE_CURVE_WITH_KNOTS('',1,(#11520,#11521),.UNSPECIFIED.,
  .F.,.F.,(2,2),(4.,5.),.PIECEWISE_BEZIER_KNOTS.);
#11520 = CARTESIAN_POINT('',(2.275093333532E+03,675.,97.364655492312));
#11521 = CARTESIAN_POINT('',(2.293581858547E+03,675.,98.990391055321));
#11522 = B_SPLINE_SURFACE_WITH_KNOTS('',1,3,(
    (#11523,#11524,#11525,#11526)
    ,(#11527,#11528,#11529,#11530
    )),.UNSPECIFIED.,.F.,.F.,.F.,(2,2),(4,4),(4.,5.),(0.,1.),
  .PIECEWISE_BEZIER_KNOTS.);
#11523 = CARTESIAN_POINT('',(2.275093333532E+03,-675.,97.364655492312));
#11524 = CARTESIAN_POINT('',(2.23680654053E+03,-231.9743429034,
    107.49637389781));
#11525 = CARTESIAN_POINT('',(2.23680654053E+03,231.97434290345,
    107.49637389781));
#11526 = CARTESIAN_POINT('',(2.275093333532E+03,675.,97.364655492312));
#11527 = CARTESIAN_POINT('',(2.293581858547E+03,-675.,98.990391055321));
#11528 = CARTESIAN_POINT('',(2.270444741919E+03,-231.9743429034,
    110.45425291896));
#11529 = CARTESIAN_POINT('',(2.270444741919E+03,231.97434290345,
    110.45425291896));
#11530 = CARTESIAN_POINT('',(2.293581858547E+03,675.,98.990391055321));
#11531 = ADVANCED_FACE('',(#11532),#11542,.T.);
#11532 = FACE_BOUND('',#11533,.T.);
#11533 = EDGE_LOOP('',(#11534,#11535,#11536,#11537));
#11534 = ORIENTED_EDGE('',*,*,#11509,.F.);
#11535 = ORIENTED_EDGE('',*,*,#7485,.F.);
#11536 = ORIENTED_EDGE('',*,*,#8882,.T.);
#11537 = ORIENTED_EDGE('',*,*,#11538,.F.);
#11538 = EDGE_CURVE('',#11510,#8883,#11539,.T.);
#11539 = B_SPLINE_CURVE_WITH_KNOTS('',1,(#11540,#11541),.UNSPECIFIED.,
  .F.,.F.,(2,2),(5.,6.),.PIECEWISE_BEZIER_KNOTS.);
#11540 = CARTESIAN_POINT('',(2.293581858547E+03,675.,98.990391055321));
#11541 = CARTESIAN_POINT('',(2.315E+03,675.,99.851875));
#11542 = B_SPLINE_SURFACE_WITH_KNOTS('',1,3,(
    (#11543,#11544,#11545,#11546)
    ,(#11547,#11548,#11549,#11550
    )),.UNSPECIFIED.,.F.,.F.,.F.,(2,2),(4,4),(5.,6.),(0.,1.),
  .PIECEWISE_BEZIER_KNOTS.);
#11543 = CARTESIAN_POINT('',(2.293581858547E+03,-675.,98.990391055321));
#11544 = CARTESIAN_POINT('',(2.270444741919E+03,-231.9743429034,
    110.45425291896));
#11545 = CARTESIAN_POINT('',(2.270444741919E+03,231.97434290345,
    110.45425291896));
#11546 = CARTESIAN_POINT('',(2.293581858547E+03,675.,98.990391055321));
#11547 = CARTESIAN_POINT('',(2.315E+03,-675.,99.851875));
#11548 = CARTESIAN_POINT('',(2.309413115815E+03,-231.9743429034,
    112.02164514744));
#11549 = CARTESIAN_POINT('',(2.309413115815E+03,231.97434290345,
    112.02164514744));
#11550 = CARTESIAN_POINT('',(2.315E+03,675.,99.851875));
#11551 = ADVANCED_FACE('',(#11552),#11566,.T.);
#11552 = FACE_BOUND('',#11553,.T.);
#11553 = EDGE_LOOP('',(#11554,#11555,#11561,#11562,#11563,#11564,#11565)
  );
#11554 = ORIENTED_EDGE('',*,*,#9337,.F.);
#11555 = ORIENTED_EDGE('',*,*,#11556,.T.);
#11556 = EDGE_CURVE('',#9330,#9296,#11557,.T.);
#11557 = LINE('',#11558,#11559);
#11558 = CARTESIAN_POINT('',(2.32E+03,-35.,740.));
#11559 = VECTOR('',#11560,1.);
#11560 = DIRECTION('',(0.,1.,0.));
#11561 = ORIENTED_EDGE('',*,*,#9303,.T.);
#11562 = ORIENTED_EDGE('',*,*,#7680,.F.);
#11563 = ORIENTED_EDGE('',*,*,#7776,.F.);
#11564 = ORIENTED_EDGE('',*,*,#7825,.F.);
#11565 = ORIENTED_EDGE('',*,*,#7930,.F.);
#11566 = PLANE('',#11567);
#11567 = AXIS2_PLACEMENT_3D('',#11568,#11569,#11570);
#11568 = CARTESIAN_POINT('',(2.32E+03,-35.,740.));
#11569 = DIRECTION('',(-0.894427191,0.,0.4472135955));
#11570 = DIRECTION('',(-0.4472135955,0.,-0.894427191));
#11571 = ADVANCED_FACE('',(#11572),#11590,.T.);
#11572 = FACE_BOUND('',#11573,.T.);
#11573 = EDGE_LOOP('',(#11574,#11583,#11588,#11589));
#11574 = ORIENTED_EDGE('',*,*,#11575,.F.);
#11575 = EDGE_CURVE('',#11576,#8079,#11578,.T.);
#11576 = VERTEX_POINT('',#11577);
#11577 = CARTESIAN_POINT('',(2.293581858547E+03,-675.,98.990391055321));
#11578 = B_SPLINE_CURVE_WITH_KNOTS('',3,(#11579,#11580,#11581,#11582),
  .UNSPECIFIED.,.F.,.F.,(4,4),(0.,1.),.PIECEWISE_BEZIER_KNOTS.);
#11579 = CARTESIAN_POINT('',(2.293581858547E+03,-675.,98.990391055321));
#11580 = CARTESIAN_POINT('',(2.270444741919E+03,-231.9743429034,
    110.45425291896));
#11581 = CARTESIAN_POINT('',(2.270444741919E+03,231.97434290345,
    110.45425291896));
#11582 = CARTESIAN_POINT('',(2.293581858547E+03,675.,98.990391055321));
#11583 = ORIENTED_EDGE('',*,*,#11584,.T.);
#11584 = EDGE_CURVE('',#11576,#9727,#11585,.T.);
#11585 = B_SPLINE_CURVE_WITH_KNOTS('',1,(#11586,#11587),.UNSPECIFIED.,
  .F.,.F.,(2,2),(5.,6.),.PIECEWISE_BEZIER_KNOTS.);
#11586 = CARTESIAN_POINT('',(2.293581858547E+03,-675.,98.990391055321));
#11587 = CARTESIAN_POINT('',(2.315E+03,-675.,99.851875));
#11588 = ORIENTED_EDGE('',*,*,#9726,.T.);
#11589 = ORIENTED_EDGE('',*,*,#8097,.F.);
#11590 = B_SPLINE_SURFACE_WITH_KNOTS('',1,3,(
    (#11591,#11592,#11593,#11594)
    ,(#11595,#11596,#11597,#11598
    )),.UNSPECIFIED.,.F.,.F.,.F.,(2,2),(4,4),(5.,6.),(0.,1.),
  .PIECEWISE_BEZIER_KNOTS.);
#11591 = CARTESIAN_POINT('',(2.293581858547E+03,-675.,98.990391055321));
#11592 = CARTESIAN_POINT('',(2.270444741919E+03,-231.9743429034,
    110.45425291896));
#11593 = CARTESIAN_POINT('',(2.270444741919E+03,231.97434290345,
    110.45425291896));
#11594 = CARTESIAN_POINT('',(2.293581858547E+03,675.,98.990391055321));
#11595 = CARTESIAN_POINT('',(2.315E+03,-675.,99.851875));
#11596 = CARTESIAN_POINT('',(2.309413115815E+03,-231.9743429034,
    112.02164514744));
#11597 = CARTESIAN_POINT('',(2.309413115815E+03,231.97434290345,
    112.02164514744));
#11598 = CARTESIAN_POINT('',(2.315E+03,675.,99.851875));
#11599 = ADVANCED_FACE('',(#11600),#11618,.T.);
#11600 = FACE_BOUND('',#11601,.T.);
#11601 = EDGE_LOOP('',(#11602,#11611,#11616,#11617));
#11602 = ORIENTED_EDGE('',*,*,#11603,.F.);
#11603 = EDGE_CURVE('',#11604,#8060,#11606,.T.);
#11604 = VERTEX_POINT('',#11605);
#11605 = CARTESIAN_POINT('',(2.275093333532E+03,-675.,97.364655492312));
#11606 = B_SPLINE_CURVE_WITH_KNOTS('',3,(#11607,#11608,#11609,#11610),
  .UNSPECIFIED.,.F.,.F.,(4,4),(0.,1.),.PIECEWISE_BEZIER_KNOTS.);
#11607 = CARTESIAN_POINT('',(2.275093333532E+03,-675.,97.364655492312));
#11608 = CARTESIAN_POINT('',(2.23680654053E+03,-231.9743429034,
    107.49637389781));
#11609 = CARTESIAN_POINT('',(2.23680654053E+03,231.97434290345,
    107.49637389781));
#11610 = CARTESIAN_POINT('',(2.275093333532E+03,675.,97.364655492312));
#11611 = ORIENTED_EDGE('',*,*,#11612,.T.);
#11612 = EDGE_CURVE('',#11604,#11576,#11613,.T.);
#11613 = B_SPLINE_CURVE_WITH_KNOTS('',1,(#11614,#11615),.UNSPECIFIED.,
  .F.,.F.,(2,2),(4.,5.),.PIECEWISE_BEZIER_KNOTS.);
#11614 = CARTESIAN_POINT('',(2.275093333532E+03,-675.,97.364655492312));
#11615 = CARTESIAN_POINT('',(2.293581858547E+03,-675.,98.990391055321));
#11616 = ORIENTED_EDGE('',*,*,#11575,.T.);
#11617 = ORIENTED_EDGE('',*,*,#8078,.F.);
#11618 = B_SPLINE_SURFACE_WITH_KNOTS('',1,3,(
    (#11619,#11620,#11621,#11622)
    ,(#11623,#11624,#11625,#11626
    )),.UNSPECIFIED.,.F.,.F.,.F.,(2,2),(4,4),(4.,5.),(0.,1.),
  .PIECEWISE_BEZIER_KNOTS.);
#11619 = CARTESIAN_POINT('',(2.275093333532E+03,-675.,97.364655492312));
#11620 = CARTESIAN_POINT('',(2.23680654053E+03,-231.9743429034,
    107.49637389781));
#11621 = CARTESIAN_POINT('',(2.23680654053E+03,231.97434290345,
    107.49637389781));
#11622 = CARTESIAN_POINT('',(2.275093333532E+03,675.,97.364655492312));
#11623 = CARTESIAN_POINT('',(2.293581858547E+03,-675.,98.990391055321));
#11624 = CARTESIAN_POINT('',(2.270444741919E+03,-231.9743429034,
    110.45425291896));
#11625 = CARTESIAN_POINT('',(2.270444741919E+03,231.97434290345,
    110.45425291896));
#11626 = CARTESIAN_POINT('',(2.293581858547E+03,675.,98.990391055321));
#11627 = ADVANCED_FACE('',(#11628),#11646,.T.);
#11628 = FACE_BOUND('',#11629,.T.);
#11629 = EDGE_LOOP('',(#11630,#11639,#11644,#11645));
#11630 = ORIENTED_EDGE('',*,*,#11631,.F.);
#11631 = EDGE_CURVE('',#11632,#8047,#11634,.T.);
#11632 = VERTEX_POINT('',#11633);
#11633 = CARTESIAN_POINT('',(2.260096189432E+03,-675.,95.036291970997));
#11634 = B_SPLINE_CURVE_WITH_KNOTS('',3,(#11635,#11636,#11637,#11638),
  .UNSPECIFIED.,.F.,.F.,(4,4),(0.,1.),.PIECEWISE_BEZIER_KNOTS.);
#11635 = CARTESIAN_POINT('',(2.260096189432E+03,-675.,95.036291970997));
#11636 = CARTESIAN_POINT('',(2.209520591376E+03,-231.9743429034,
    103.26012676759));
#11637 = CARTESIAN_POINT('',(2.209520591376E+03,231.97434290345,
    103.26012676759));
#11638 = CARTESIAN_POINT('',(2.260096189432E+03,675.,95.036291970997));
#11639 = ORIENTED_EDGE('',*,*,#11640,.T.);
#11640 = EDGE_CURVE('',#11632,#11604,#11641,.T.);
#11641 = B_SPLINE_CURVE_WITH_KNOTS('',1,(#11642,#11643),.UNSPECIFIED.,
  .F.,.F.,(2,2),(3.,4.),.PIECEWISE_BEZIER_KNOTS.);
#11642 = CARTESIAN_POINT('',(2.260096189432E+03,-675.,95.036291970997));
#11643 = CARTESIAN_POINT('',(2.275093333532E+03,-675.,97.364655492312));
#11644 = ORIENTED_EDGE('',*,*,#11603,.T.);
#11645 = ORIENTED_EDGE('',*,*,#8059,.F.);
#11646 = B_SPLINE_SURFACE_WITH_KNOTS('',1,3,(
    (#11647,#11648,#11649,#11650)
    ,(#11651,#11652,#11653,#11654
    )),.UNSPECIFIED.,.F.,.F.,.F.,(2,2),(4,4),(3.,4.),(0.,1.),
  .PIECEWISE_BEZIER_KNOTS.);
#11647 = CARTESIAN_POINT('',(2.260096189432E+03,-675.,95.036291970997));
#11648 = CARTESIAN_POINT('',(2.209520591376E+03,-231.9743429034,
    103.26012676759));
#11649 = CARTESIAN_POINT('',(2.209520591376E+03,231.97434290345,
    103.26012676759));
#11650 = CARTESIAN_POINT('',(2.260096189432E+03,675.,95.036291970997));
#11651 = CARTESIAN_POINT('',(2.275093333532E+03,-675.,97.364655492312));
#11652 = CARTESIAN_POINT('',(2.23680654053E+03,-231.9743429034,
    107.49637389781));
#11653 = CARTESIAN_POINT('',(2.23680654053E+03,231.97434290345,
    107.49637389781));
#11654 = CARTESIAN_POINT('',(2.275093333532E+03,675.,97.364655492312));
#11655 = ADVANCED_FACE('',(#11656),#11675,.T.);
#11656 = FACE_BOUND('',#11657,.T.);
#11657 = EDGE_LOOP('',(#11658,#11667,#11672,#11673,#11674));
#11658 = ORIENTED_EDGE('',*,*,#11659,.F.);
#11659 = EDGE_CURVE('',#11660,#8185,#11662,.T.);
#11660 = VERTEX_POINT('',#11661);
#11661 = CARTESIAN_POINT('',(2.249046106882E+03,-675.,92.11671963222));
#11662 = B_SPLINE_CURVE_WITH_KNOTS('',3,(#11663,#11664,#11665,#11666),
  .UNSPECIFIED.,.F.,.F.,(4,4),(0.,1.),.PIECEWISE_BEZIER_KNOTS.);
#11663 = CARTESIAN_POINT('',(2.249046106882E+03,-675.,92.11671963222));
#11664 = CARTESIAN_POINT('',(2.189415964215E+03,-231.9743429034,
    97.948228591724));
#11665 = CARTESIAN_POINT('',(2.189415964215E+03,231.97434290345,
    97.948228591724));
#11666 = CARTESIAN_POINT('',(2.249046106882E+03,675.,92.11671963222));
#11667 = ORIENTED_EDGE('',*,*,#11668,.T.);
#11668 = EDGE_CURVE('',#11660,#11632,#11669,.T.);
#11669 = B_SPLINE_CURVE_WITH_KNOTS('',1,(#11670,#11671),.UNSPECIFIED.,
  .F.,.F.,(2,2),(2.,3.),.PIECEWISE_BEZIER_KNOTS.);
#11670 = CARTESIAN_POINT('',(2.249046106882E+03,-675.,92.11671963222));
#11671 = CARTESIAN_POINT('',(2.260096189432E+03,-675.,95.036291970997));
#11672 = ORIENTED_EDGE('',*,*,#11631,.T.);
#11673 = ORIENTED_EDGE('',*,*,#8046,.F.);
#11674 = ORIENTED_EDGE('',*,*,#8197,.F.);
#11675 = B_SPLINE_SURFACE_WITH_KNOTS('',1,3,(
    (#11676,#11677,#11678,#11679)
    ,(#11680,#11681,#11682,#11683
    )),.UNSPECIFIED.,.F.,.F.,.F.,(2,2),(4,4),(2.,3.),(0.,1.),
  .PIECEWISE_BEZIER_KNOTS.);
#11676 = CARTESIAN_POINT('',(2.249046106882E+03,-675.,92.11671963222));
#11677 = CARTESIAN_POINT('',(2.189415964215E+03,-231.9743429034,
    97.948228591724));
#11678 = CARTESIAN_POINT('',(2.189415964215E+03,231.97434290345,
    97.948228591724));
#11679 = CARTESIAN_POINT('',(2.249046106882E+03,675.,92.11671963222));
#11680 = CARTESIAN_POINT('',(2.260096189432E+03,-675.,95.036291970997));
#11681 = CARTESIAN_POINT('',(2.209520591376E+03,-231.9743429034,
    103.26012676759));
#11682 = CARTESIAN_POINT('',(2.209520591376E+03,231.97434290345,
    103.26012676759));
#11683 = CARTESIAN_POINT('',(2.260096189432E+03,675.,95.036291970997));
#11684 = ADVANCED_FACE('',(#11685),#11703,.T.);
#11685 = FACE_BOUND('',#11686,.T.);
#11686 = EDGE_LOOP('',(#11687,#11696,#11701,#11702));
#11687 = ORIENTED_EDGE('',*,*,#11688,.F.);
#11688 = EDGE_CURVE('',#11689,#8175,#11691,.T.);
#11689 = VERTEX_POINT('',#11690);
#11690 = CARTESIAN_POINT('',(2.242278837048E+03,-675.,88.734889753395));
#11691 = B_SPLINE_CURVE_WITH_KNOTS('',3,(#11692,#11693,#11694,#11695),
  .UNSPECIFIED.,.F.,.F.,(4,4),(0.,1.),.PIECEWISE_BEZIER_KNOTS.);
#11692 = CARTESIAN_POINT('',(2.242278837048E+03,-675.,88.734889753395));
#11693 = CARTESIAN_POINT('',(2.177103527969E+03,-231.9743429034,
    91.795294572642));
#11694 = CARTESIAN_POINT('',(2.177103527969E+03,231.97434290345,
    91.795294572642));
#11695 = CARTESIAN_POINT('',(2.242278837048E+03,675.,88.734889753395));
#11696 = ORIENTED_EDGE('',*,*,#11697,.T.);
#11697 = EDGE_CURVE('',#11689,#11660,#11698,.T.);
#11698 = B_SPLINE_CURVE_WITH_KNOTS('',1,(#11699,#11700),.UNSPECIFIED.,
  .F.,.F.,(2,2),(1.,2.),.PIECEWISE_BEZIER_KNOTS.);
#11699 = CARTESIAN_POINT('',(2.242278837048E+03,-675.,88.734889753395));
#11700 = CARTESIAN_POINT('',(2.249046106882E+03,-675.,92.11671963222));
#11701 = ORIENTED_EDGE('',*,*,#11659,.T.);
#11702 = ORIENTED_EDGE('',*,*,#8184,.F.);
#11703 = B_SPLINE_SURFACE_WITH_KNOTS('',1,3,(
    (#11704,#11705,#11706,#11707)
    ,(#11708,#11709,#11710,#11711
    )),.UNSPECIFIED.,.F.,.F.,.F.,(2,2),(4,4),(1.,2.),(0.,1.),
  .PIECEWISE_BEZIER_KNOTS.);
#11704 = CARTESIAN_POINT('',(2.242278837048E+03,-675.,88.734889753395));
#11705 = CARTESIAN_POINT('',(2.177103527969E+03,-231.9743429034,
    91.795294572642));
#11706 = CARTESIAN_POINT('',(2.177103527969E+03,231.97434290345,
    91.795294572642));
#11707 = CARTESIAN_POINT('',(2.242278837048E+03,675.,88.734889753395));
#11708 = CARTESIAN_POINT('',(2.249046106882E+03,-675.,92.11671963222));
#11709 = CARTESIAN_POINT('',(2.189415964215E+03,-231.9743429034,
    97.948228591724));
#11710 = CARTESIAN_POINT('',(2.189415964215E+03,231.97434290345,
    97.948228591724));
#11711 = CARTESIAN_POINT('',(2.249046106882E+03,675.,92.11671963222));
#11712 = ADVANCED_FACE('',(#11713),#11731,.T.);
#11713 = FACE_BOUND('',#11714,.T.);
#11714 = EDGE_LOOP('',(#11715,#11724,#11729,#11730));
#11715 = ORIENTED_EDGE('',*,*,#11716,.F.);
#11716 = EDGE_CURVE('',#11717,#8165,#11719,.T.);
#11717 = VERTEX_POINT('',#11718);
#11718 = CARTESIAN_POINT('',(2.24E+03,-675.,85.));
#11719 = B_SPLINE_CURVE_WITH_KNOTS('',3,(#11720,#11721,#11722,#11723),
  .UNSPECIFIED.,.F.,.F.,(4,4),(0.,1.),.PIECEWISE_BEZIER_KNOTS.);
#11720 = CARTESIAN_POINT('',(2.24E+03,-675.,85.));
#11721 = CARTESIAN_POINT('',(2.172957389784E+03,-231.9743429034,85.));
#11722 = CARTESIAN_POINT('',(2.172957389784E+03,231.97434290345,85.));
#11723 = CARTESIAN_POINT('',(2.24E+03,675.,85.));
#11724 = ORIENTED_EDGE('',*,*,#11725,.T.);
#11725 = EDGE_CURVE('',#11717,#11689,#11726,.T.);
#11726 = B_SPLINE_CURVE_WITH_KNOTS('',1,(#11727,#11728),.UNSPECIFIED.,
  .F.,.F.,(2,2),(0.,1.),.PIECEWISE_BEZIER_KNOTS.);
#11727 = CARTESIAN_POINT('',(2.24E+03,-675.,85.));
#11728 = CARTESIAN_POINT('',(2.242278837048E+03,-675.,88.734889753395));
#11729 = ORIENTED_EDGE('',*,*,#11688,.T.);
#11730 = ORIENTED_EDGE('',*,*,#8174,.F.);
#11731 = B_SPLINE_SURFACE_WITH_KNOTS('',1,3,(
    (#11732,#11733,#11734,#11735)
    ,(#11736,#11737,#11738,#11739
    )),.UNSPECIFIED.,.F.,.F.,.F.,(2,2),(4,4),(0.,1.),(0.,1.),
  .PIECEWISE_BEZIER_KNOTS.);
#11732 = CARTESIAN_POINT('',(2.24E+03,-675.,85.));
#11733 = CARTESIAN_POINT('',(2.172957389784E+03,-231.9743429034,85.));
#11734 = CARTESIAN_POINT('',(2.172957389784E+03,231.97434290345,85.));
#11735 = CARTESIAN_POINT('',(2.24E+03,675.,85.));
#11736 = CARTESIAN_POINT('',(2.242278837048E+03,-675.,88.734889753395));
#11737 = CARTESIAN_POINT('',(2.177103527969E+03,-231.9743429034,
    91.795294572642));
#11738 = CARTESIAN_POINT('',(2.177103527969E+03,231.97434290345,
    91.795294572642));
#11739 = CARTESIAN_POINT('',(2.242278837048E+03,675.,88.734889753395));
#11740 = ADVANCED_FACE('',(#11741),#11751,.T.);
#11741 = FACE_BOUND('',#11742,.T.);
#11742 = EDGE_LOOP('',(#11743,#11744,#11749,#11750));
#11743 = ORIENTED_EDGE('',*,*,#9941,.F.);
#11744 = ORIENTED_EDGE('',*,*,#11745,.T.);
#11745 = EDGE_CURVE('',#9935,#11717,#11746,.T.);
#11746 = B_SPLINE_CURVE_WITH_KNOTS('',1,(#11747,#11748),.UNSPECIFIED.,
  .F.,.F.,(2,2),(35.,36.),.PIECEWISE_BEZIER_KNOTS.);
#11747 = CARTESIAN_POINT('',(2.242278837048E+03,-675.,81.265110246605));
#11748 = CARTESIAN_POINT('',(2.24E+03,-675.,85.));
#11749 = ORIENTED_EDGE('',*,*,#11716,.T.);
#11750 = ORIENTED_EDGE('',*,*,#8164,.F.);
#11751 = B_SPLINE_SURFACE_WITH_KNOTS('',1,3,(
    (#11752,#11753,#11754,#11755)
    ,(#11756,#11757,#11758,#11759
    )),.UNSPECIFIED.,.F.,.F.,.F.,(2,2),(4,4),(35.,36.),(0.,1.),
  .PIECEWISE_BEZIER_KNOTS.);
#11752 = CARTESIAN_POINT('',(2.242278837048E+03,-675.,81.265110246605));
#11753 = CARTESIAN_POINT('',(2.177103527969E+03,-231.9743429034,
    78.204705427358));
#11754 = CARTESIAN_POINT('',(2.177103527969E+03,231.97434290345,
    78.204705427358));
#11755 = CARTESIAN_POINT('',(2.242278837048E+03,675.,81.265110246605));
#11756 = CARTESIAN_POINT('',(2.24E+03,-675.,85.));
#11757 = CARTESIAN_POINT('',(2.172957389784E+03,-231.9743429034,85.));
#11758 = CARTESIAN_POINT('',(2.172957389784E+03,231.97434290345,85.));
#11759 = CARTESIAN_POINT('',(2.24E+03,675.,85.));
#11760 = ADVANCED_FACE('',(#11761),#11779,.T.);
#11761 = FACE_BOUND('',#11762,.T.);
#11762 = EDGE_LOOP('',(#11763,#11772,#11777,#11778));
#11763 = ORIENTED_EDGE('',*,*,#11764,.F.);
#11764 = EDGE_CURVE('',#11765,#8283,#11767,.T.);
#11765 = VERTEX_POINT('',#11766);
#11766 = CARTESIAN_POINT('',(1.07512993215E+03,-2.1E+03,109.66462938663)
  );
#11767 = ( BOUNDED_CURVE() B_SPLINE_CURVE(3,(#11768,#11769,#11770,#11771
),.UNSPECIFIED.,.F.,.F.) B_SPLINE_CURVE_WITH_KNOTS((4,4),(0.,1.),
.PIECEWISE_BEZIER_KNOTS.) CURVE() GEOMETRIC_REPRESENTATION_ITEM() 
RATIONAL_B_SPLINE_CURVE((1.,1.,1.,1.)) REPRESENTATION_ITEM('') );
#11768 = CARTESIAN_POINT('',(1.07512993215E+03,-2.1E+03,109.66462938663)
  );
#11769 = CARTESIAN_POINT('',(967.99537556983,-704.4156187208,
    39.000910236348));
#11770 = CARTESIAN_POINT('',(967.99537556983,704.41561872084,
    39.000910236348));
#11771 = CARTESIAN_POINT('',(1.07512993215E+03,2.1E+03,109.66462938663)
  );
#11772 = ORIENTED_EDGE('',*,*,#11773,.T.);
#11773 = EDGE_CURVE('',#11765,#10328,#11774,.T.);
#11774 = B_SPLINE_CURVE_WITH_KNOTS('',1,(#11775,#11776),.UNSPECIFIED.,
  .F.,.F.,(2,2),(5.,6.),.PIECEWISE_BEZIER_KNOTS.);
#11775 = CARTESIAN_POINT('',(1.07512993215E+03,-2.1E+03,109.66462938663)
  );
#11776 = CARTESIAN_POINT('',(1.089791847198E+03,-2.1E+03,111.60390151677
    ));
#11777 = ORIENTED_EDGE('',*,*,#10327,.T.);
#11778 = ORIENTED_EDGE('',*,*,#8292,.F.);
#11779 = ( BOUNDED_SURFACE() B_SPLINE_SURFACE(1,3,(
    (#11780,#11781,#11782,#11783)
    ,(#11784,#11785,#11786,#11787
)),.UNSPECIFIED.,.F.,.F.,.F.) B_SPLINE_SURFACE_WITH_KNOTS((2,2),(4,4),(
    5.,6.),(0.,1.),.PIECEWISE_BEZIER_KNOTS.) 
GEOMETRIC_REPRESENTATION_ITEM() RATIONAL_B_SPLINE_SURFACE((
    (1.,1.,1.,1.)
,(1.,1.,1.,1.))) REPRESENTATION_ITEM('') SURFACE() );
#11780 = CARTESIAN_POINT('',(1.07512993215E+03,-2.1E+03,109.66462938663)
  );
#11781 = CARTESIAN_POINT('',(967.99537556983,-704.4156187208,
    39.000910236348));
#11782 = CARTESIAN_POINT('',(967.99537556983,704.41561872084,
    39.000910236348));
#11783 = CARTESIAN_POINT('',(1.07512993215E+03,2.1E+03,109.66462938663)
  );
#11784 = CARTESIAN_POINT('',(1.089791847198E+03,-2.1E+03,111.60390151677
    ));
#11785 = CARTESIAN_POINT('',(996.8618115706,-704.4156187208,
    42.818956831905));
#11786 = CARTESIAN_POINT('',(996.86181157061,704.41561872084,
    42.818956831906));
#11787 = CARTESIAN_POINT('',(1.089791847198E+03,2.1E+03,111.60390151677)
  );
#11788 = ADVANCED_FACE('',(#11789),#11807,.T.);
#11789 = FACE_BOUND('',#11790,.T.);
#11790 = EDGE_LOOP('',(#11791,#11800,#11805,#11806));
#11791 = ORIENTED_EDGE('',*,*,#11792,.F.);
#11792 = EDGE_CURVE('',#11793,#8273,#11795,.T.);
#11793 = VERTEX_POINT('',#11794);
#11794 = CARTESIAN_POINT('',(1.062775681357E+03,-2.1E+03,107.20515755553
    ));
#11795 = ( BOUNDED_CURVE() B_SPLINE_CURVE(3,(#11796,#11797,#11798,#11799
),.UNSPECIFIED.,.F.,.F.) B_SPLINE_CURVE_WITH_KNOTS((4,4),(0.,1.),
.PIECEWISE_BEZIER_KNOTS.) CURVE() GEOMETRIC_REPRESENTATION_ITEM() 
RATIONAL_B_SPLINE_CURVE((1.,1.,1.,1.)) REPRESENTATION_ITEM('') );
#11796 = CARTESIAN_POINT('',(1.062775681357E+03,-2.1E+03,107.20515755553
    ));
#11797 = CARTESIAN_POINT('',(943.6722780266,-704.4156187208,
    34.158692423961));
#11798 = CARTESIAN_POINT('',(943.6722780266,704.41561872084,
    34.158692423961));
#11799 = CARTESIAN_POINT('',(1.062775681357E+03,2.1E+03,107.20515755553)
  );
#11800 = ORIENTED_EDGE('',*,*,#11801,.T.);
#11801 = EDGE_CURVE('',#11793,#11765,#11802,.T.);
#11802 = B_SPLINE_CURVE_WITH_KNOTS('',1,(#11803,#11804),.UNSPECIFIED.,
  .F.,.F.,(2,2),(4.,5.),.PIECEWISE_BEZIER_KNOTS.);
#11803 = CARTESIAN_POINT('',(1.062775681357E+03,-2.1E+03,107.20515755553
    ));
#11804 = CARTESIAN_POINT('',(1.07512993215E+03,-2.1E+03,109.66462938663)
  );
#11805 = ORIENTED_EDGE('',*,*,#11764,.T.);
#11806 = ORIENTED_EDGE('',*,*,#8282,.F.);
#11807 = ( BOUNDED_SURFACE() B_SPLINE_SURFACE(1,3,(
    (#11808,#11809,#11810,#11811)
    ,(#11812,#11813,#11814,#11815
)),.UNSPECIFIED.,.F.,.F.,.F.) B_SPLINE_SURFACE_WITH_KNOTS((2,2),(4,4),(
    4.,5.),(0.,1.),.PIECEWISE_BEZIER_KNOTS.) 
GEOMETRIC_REPRESENTATION_ITEM() RATIONAL_B_SPLINE_SURFACE((
    (1.,1.,1.,1.)
,(1.,1.,1.,1.))) REPRESENTATION_ITEM('') SURFACE() );
#11808 = CARTESIAN_POINT('',(1.062775681357E+03,-2.1E+03,107.20515755553
    ));
#11809 = CARTESIAN_POINT('',(943.6722780266,-704.4156187208,
    34.158692423961));
#11810 = CARTESIAN_POINT('',(943.6722780266,704.41561872084,
    34.158692423961));
#11811 = CARTESIAN_POINT('',(1.062775681357E+03,2.1E+03,107.20515755553)
  );
#11812 = CARTESIAN_POINT('',(1.07512993215E+03,-2.1E+03,109.66462938663)
  );
#11813 = CARTESIAN_POINT('',(967.99537556983,-704.4156187208,
    39.000910236348));
#11814 = CARTESIAN_POINT('',(967.99537556983,704.41561872084,
    39.000910236348));
#11815 = CARTESIAN_POINT('',(1.07512993215E+03,2.1E+03,109.66462938663)
  );
#11816 = ADVANCED_FACE('',(#11817),#11835,.T.);
#11817 = FACE_BOUND('',#11818,.T.);
#11818 = EDGE_LOOP('',(#11819,#11828,#11833,#11834));
#11819 = ORIENTED_EDGE('',*,*,#11820,.F.);
#11820 = EDGE_CURVE('',#11821,#8263,#11823,.T.);
#11821 = VERTEX_POINT('',#11822);
#11822 = CARTESIAN_POINT('',(1.052940479473E+03,-2.1E+03,104.2929045177)
  );
#11823 = ( BOUNDED_CURVE() B_SPLINE_CURVE(3,(#11824,#11825,#11826,#11827
),.UNSPECIFIED.,.F.,.F.) B_SPLINE_CURVE_WITH_KNOTS((4,4),(0.,1.),
.PIECEWISE_BEZIER_KNOTS.) CURVE() GEOMETRIC_REPRESENTATION_ITEM() 
RATIONAL_B_SPLINE_CURVE((1.,1.,1.,1.)) REPRESENTATION_ITEM('') );
#11824 = CARTESIAN_POINT('',(1.052940479473E+03,-2.1E+03,104.2929045177)
  );
#11825 = CARTESIAN_POINT('',(924.30869388352,-704.4156187208,
    28.425037191292));
#11826 = CARTESIAN_POINT('',(924.30869388352,704.41561872084,
    28.425037191293));
#11827 = CARTESIAN_POINT('',(1.052940479473E+03,2.1E+03,104.2929045177)
  );
#11828 = ORIENTED_EDGE('',*,*,#11829,.T.);
#11829 = EDGE_CURVE('',#11821,#11793,#11830,.T.);
#11830 = B_SPLINE_CURVE_WITH_KNOTS('',1,(#11831,#11832),.UNSPECIFIED.,
  .F.,.F.,(2,2),(3.,4.),.PIECEWISE_BEZIER_KNOTS.);
#11831 = CARTESIAN_POINT('',(1.052940479473E+03,-2.1E+03,104.2929045177)
  );
#11832 = CARTESIAN_POINT('',(1.062775681357E+03,-2.1E+03,107.20515755553
    ));
#11833 = ORIENTED_EDGE('',*,*,#11792,.T.);
#11834 = ORIENTED_EDGE('',*,*,#8272,.F.);
#11835 = ( BOUNDED_SURFACE() B_SPLINE_SURFACE(1,3,(
    (#11836,#11837,#11838,#11839)
    ,(#11840,#11841,#11842,#11843
)),.UNSPECIFIED.,.F.,.F.,.F.) B_SPLINE_SURFACE_WITH_KNOTS((2,2),(4,4),(
    3.,4.),(0.,1.),.PIECEWISE_BEZIER_KNOTS.) 
GEOMETRIC_REPRESENTATION_ITEM() RATIONAL_B_SPLINE_SURFACE((
    (1.,1.,1.,1.)
,(1.,1.,1.,1.))) REPRESENTATION_ITEM('') SURFACE() );
#11836 = CARTESIAN_POINT('',(1.052940479473E+03,-2.1E+03,104.2929045177)
  );
#11837 = CARTESIAN_POINT('',(924.30869388352,-704.4156187208,
    28.425037191292));
#11838 = CARTESIAN_POINT('',(924.30869388352,704.41561872084,
    28.425037191293));
#11839 = CARTESIAN_POINT('',(1.052940479473E+03,2.1E+03,104.2929045177)
  );
#11840 = CARTESIAN_POINT('',(1.062775681357E+03,-2.1E+03,107.20515755553
    ));
#11841 = CARTESIAN_POINT('',(943.6722780266,-704.4156187208,
    34.158692423961));
#11842 = CARTESIAN_POINT('',(943.6722780266,704.41561872084,
    34.158692423961));
#11843 = CARTESIAN_POINT('',(1.062775681357E+03,2.1E+03,107.20515755553)
  );
#11844 = ADVANCED_FACE('',(#11845),#11863,.T.);
#11845 = FACE_BOUND('',#11846,.T.);
#11846 = EDGE_LOOP('',(#11847,#11856,#11861,#11862));
#11847 = ORIENTED_EDGE('',*,*,#11848,.F.);
#11848 = EDGE_CURVE('',#11849,#8253,#11851,.T.);
#11849 = VERTEX_POINT('',#11850);
#11850 = CARTESIAN_POINT('',(1.045792609531E+03,-2.1E+03,101.00300295102
    ));
#11851 = ( BOUNDED_CURVE() B_SPLINE_CURVE(3,(#11852,#11853,#11854,#11855
),.UNSPECIFIED.,.F.,.F.) B_SPLINE_CURVE_WITH_KNOTS((4,4),(0.,1.),
.PIECEWISE_BEZIER_KNOTS.) CURVE() GEOMETRIC_REPRESENTATION_ITEM() 
RATIONAL_B_SPLINE_CURVE((1.,1.,1.,1.)) REPRESENTATION_ITEM('') );
#11852 = CARTESIAN_POINT('',(1.045792609531E+03,-2.1E+03,101.00300295102
    ));
#11853 = CARTESIAN_POINT('',(910.23593943388,-704.4156187208,
    21.94786605003));
#11854 = CARTESIAN_POINT('',(910.23593943389,704.41561872084,
    21.947866050031));
#11855 = CARTESIAN_POINT('',(1.045792609531E+03,2.1E+03,101.00300295102)
  );
#11856 = ORIENTED_EDGE('',*,*,#11857,.T.);
#11857 = EDGE_CURVE('',#11849,#11821,#11858,.T.);
#11858 = B_SPLINE_CURVE_WITH_KNOTS('',1,(#11859,#11860),.UNSPECIFIED.,
  .F.,.F.,(2,2),(2.,3.),.PIECEWISE_BEZIER_KNOTS.);
#11859 = CARTESIAN_POINT('',(1.045792609531E+03,-2.1E+03,101.00300295102
    ));
#11860 = CARTESIAN_POINT('',(1.052940479473E+03,-2.1E+03,104.2929045177)
  );
#11861 = ORIENTED_EDGE('',*,*,#11820,.T.);
#11862 = ORIENTED_EDGE('',*,*,#8262,.F.);
#11863 = ( BOUNDED_SURFACE() B_SPLINE_SURFACE(1,3,(
    (#11864,#11865,#11866,#11867)
    ,(#11868,#11869,#11870,#11871
)),.UNSPECIFIED.,.F.,.F.,.F.) B_SPLINE_SURFACE_WITH_KNOTS((2,2),(4,4),(
    2.,3.),(0.,1.),.PIECEWISE_BEZIER_KNOTS.) 
GEOMETRIC_REPRESENTATION_ITEM() RATIONAL_B_SPLINE_SURFACE((
    (1.,1.,1.,1.)
,(1.,1.,1.,1.))) REPRESENTATION_ITEM('') SURFACE() );
#11864 = CARTESIAN_POINT('',(1.045792609531E+03,-2.1E+03,101.00300295102
    ));
#11865 = CARTESIAN_POINT('',(910.23593943388,-704.4156187208,
    21.94786605003));
#11866 = CARTESIAN_POINT('',(910.23593943389,704.41561872084,
    21.947866050031));
#11867 = CARTESIAN_POINT('',(1.045792609531E+03,2.1E+03,101.00300295102)
  );
#11868 = CARTESIAN_POINT('',(1.052940479473E+03,-2.1E+03,104.2929045177)
  );
#11869 = CARTESIAN_POINT('',(924.30869388352,-704.4156187208,
    28.425037191292));
#11870 = CARTESIAN_POINT('',(924.30869388352,704.41561872084,
    28.425037191293));
#11871 = CARTESIAN_POINT('',(1.052940479473E+03,2.1E+03,104.2929045177)
  );
#11872 = ADVANCED_FACE('',(#11873),#11891,.T.);
#11873 = FACE_BOUND('',#11874,.T.);
#11874 = EDGE_LOOP('',(#11875,#11884,#11889,#11890));
#11875 = ORIENTED_EDGE('',*,*,#11876,.F.);
#11876 = EDGE_CURVE('',#11877,#8243,#11879,.T.);
#11877 = VERTEX_POINT('',#11878);
#11878 = CARTESIAN_POINT('',(1.041454373566E+03,-2.1E+03,97.405852514717
    ));
#11879 = ( BOUNDED_CURVE() B_SPLINE_CURVE(3,(#11880,#11881,#11882,#11883
),.UNSPECIFIED.,.F.,.F.) B_SPLINE_CURVE_WITH_KNOTS((4,4),(0.,1.),
.PIECEWISE_BEZIER_KNOTS.) CURVE() GEOMETRIC_REPRESENTATION_ITEM() 
RATIONAL_B_SPLINE_CURVE((1.,1.,1.,1.)) REPRESENTATION_ITEM('') );
#11880 = CARTESIAN_POINT('',(1.041454373566E+03,-2.1E+03,97.405852514717
    ));
#11881 = CARTESIAN_POINT('',(901.69480340802,-704.4156187208,
    14.865782126035));
#11882 = CARTESIAN_POINT('',(901.69480340803,704.41561872084,
    14.865782126035));
#11883 = CARTESIAN_POINT('',(1.041454373566E+03,2.1E+03,97.405852514717)
  );
#11884 = ORIENTED_EDGE('',*,*,#11885,.T.);
#11885 = EDGE_CURVE('',#11877,#11849,#11886,.T.);
#11886 = B_SPLINE_CURVE_WITH_KNOTS('',1,(#11887,#11888),.UNSPECIFIED.,
  .F.,.F.,(2,2),(1.,2.),.PIECEWISE_BEZIER_KNOTS.);
#11887 = CARTESIAN_POINT('',(1.041454373566E+03,-2.1E+03,97.405852514717
    ));
#11888 = CARTESIAN_POINT('',(1.045792609531E+03,-2.1E+03,101.00300295102
    ));
#11889 = ORIENTED_EDGE('',*,*,#11848,.T.);
#11890 = ORIENTED_EDGE('',*,*,#8252,.F.);
#11891 = ( BOUNDED_SURFACE() B_SPLINE_SURFACE(1,3,(
    (#11892,#11893,#11894,#11895)
    ,(#11896,#11897,#11898,#11899
)),.UNSPECIFIED.,.F.,.F.,.F.) B_SPLINE_SURFACE_WITH_KNOTS((2,2),(4,4),(
    1.,2.),(0.,1.),.PIECEWISE_BEZIER_KNOTS.) 
GEOMETRIC_REPRESENTATION_ITEM() RATIONAL_B_SPLINE_SURFACE((
    (1.,1.,1.,1.)
,(1.,1.,1.,1.))) REPRESENTATION_ITEM('') SURFACE() );
#11892 = CARTESIAN_POINT('',(1.041454373566E+03,-2.1E+03,97.405852514717
    ));
#11893 = CARTESIAN_POINT('',(901.69480340802,-704.4156187208,
    14.865782126035));
#11894 = CARTESIAN_POINT('',(901.69480340803,704.41561872084,
    14.865782126035));
#11895 = CARTESIAN_POINT('',(1.041454373566E+03,2.1E+03,97.405852514717)
  );
#11896 = CARTESIAN_POINT('',(1.045792609531E+03,-2.1E+03,101.00300295102
    ));
#11897 = CARTESIAN_POINT('',(910.23593943388,-704.4156187208,
    21.94786605003));
#11898 = CARTESIAN_POINT('',(910.23593943389,704.41561872084,
    21.947866050031));
#11899 = CARTESIAN_POINT('',(1.045792609531E+03,2.1E+03,101.00300295102)
  );
#11900 = ADVANCED_FACE('',(#11901),#11911,.T.);
#11901 = FACE_BOUND('',#11902,.T.);
#11902 = EDGE_LOOP('',(#11903,#11904,#11909,#11910));
#11903 = ORIENTED_EDGE('',*,*,#10793,.F.);
#11904 = ORIENTED_EDGE('',*,*,#11905,.T.);
#11905 = EDGE_CURVE('',#10787,#11877,#11906,.T.);
#11906 = B_SPLINE_CURVE_WITH_KNOTS('',1,(#11907,#11908),.UNSPECIFIED.,
  .F.,.F.,(2,2),(0.,1.),.PIECEWISE_BEZIER_KNOTS.);
#11907 = CARTESIAN_POINT('',(1.04E+03,-2.1E+03,93.555800474981));
#11908 = CARTESIAN_POINT('',(1.041454373566E+03,-2.1E+03,97.405852514717
    ));
#11909 = ORIENTED_EDGE('',*,*,#11876,.T.);
#11910 = ORIENTED_EDGE('',*,*,#8242,.F.);
#11911 = ( BOUNDED_SURFACE() B_SPLINE_SURFACE(1,3,(
    (#11912,#11913,#11914,#11915)
    ,(#11916,#11917,#11918,#11919
)),.UNSPECIFIED.,.F.,.F.,.F.) B_SPLINE_SURFACE_WITH_KNOTS((2,2),(4,4),(
    0.,1.),(0.,1.),.PIECEWISE_BEZIER_KNOTS.) 
GEOMETRIC_REPRESENTATION_ITEM() RATIONAL_B_SPLINE_SURFACE((
    (1.,1.,1.,1.)
,(1.,1.,1.,1.))) REPRESENTATION_ITEM('') SURFACE() );
#11912 = CARTESIAN_POINT('',(1.04E+03,-2.1E+03,93.555800474981));
#11913 = CARTESIAN_POINT('',(898.8314270114,-704.4156187208,
    7.285784530741));
#11914 = CARTESIAN_POINT('',(898.8314270114,704.41561872084,
    7.285784530741));
#11915 = CARTESIAN_POINT('',(1.04E+03,2.1E+03,93.555800474981));
#11916 = CARTESIAN_POINT('',(1.041454373566E+03,-2.1E+03,97.405852514717
    ));
#11917 = CARTESIAN_POINT('',(901.69480340802,-704.4156187208,
    14.865782126035));
#11918 = CARTESIAN_POINT('',(901.69480340803,704.41561872084,
    14.865782126035));
#11919 = CARTESIAN_POINT('',(1.041454373566E+03,2.1E+03,97.405852514717)
  );
#11920 = ADVANCED_FACE('',(#11921),#11959,.F.);
#11921 = FACE_BOUND('',#11922,.T.);
#11922 = EDGE_LOOP('',(#11923,#11924,#11925,#11926,#11927,#11928,#11929,
    #11930,#11931,#11932,#11933,#11934,#11935,#11936,#11937,#11938,
    #11939,#11940,#11941,#11942,#11943,#11944,#11945,#11946,#11947,
    #11948,#11949,#11950,#11951,#11952,#11953,#11954,#11955,#11956,
    #11957,#11958));
#11923 = ORIENTED_EDGE('',*,*,#11405,.T.);
#11924 = ORIENTED_EDGE('',*,*,#11433,.T.);
#11925 = ORIENTED_EDGE('',*,*,#11462,.T.);
#11926 = ORIENTED_EDGE('',*,*,#11490,.T.);
#11927 = ORIENTED_EDGE('',*,*,#11518,.T.);
#11928 = ORIENTED_EDGE('',*,*,#11538,.T.);
#11929 = ORIENTED_EDGE('',*,*,#8902,.T.);
#11930 = ORIENTED_EDGE('',*,*,#8930,.T.);
#11931 = ORIENTED_EDGE('',*,*,#8958,.T.);
#11932 = ORIENTED_EDGE('',*,*,#8986,.T.);
#11933 = ORIENTED_EDGE('',*,*,#9014,.T.);
#11934 = ORIENTED_EDGE('',*,*,#9042,.T.);
#11935 = ORIENTED_EDGE('',*,*,#9070,.T.);
#11936 = ORIENTED_EDGE('',*,*,#9098,.T.);
#11937 = ORIENTED_EDGE('',*,*,#9126,.T.);
#11938 = ORIENTED_EDGE('',*,*,#9154,.T.);
#11939 = ORIENTED_EDGE('',*,*,#9182,.T.);
#11940 = ORIENTED_EDGE('',*,*,#9210,.T.);
#11941 = ORIENTED_EDGE('',*,*,#9230,.T.);
#11942 = ORIENTED_EDGE('',*,*,#8817,.T.);
#11943 = ORIENTED_EDGE('',*,*,#8845,.T.);
#11944 = ORIENTED_EDGE('',*,*,#8865,.T.);
#11945 = ORIENTED_EDGE('',*,*,#8732,.T.);
#11946 = ORIENTED_EDGE('',*,*,#8760,.T.);
#11947 = ORIENTED_EDGE('',*,*,#8780,.T.);
#11948 = ORIENTED_EDGE('',*,*,#8442,.T.);
#11949 = ORIENTED_EDGE('',*,*,#8470,.T.);
#11950 = ORIENTED_EDGE('',*,*,#8498,.T.);
#11951 = ORIENTED_EDGE('',*,*,#8526,.T.);
#11952 = ORIENTED_EDGE('',*,*,#8554,.T.);
#11953 = ORIENTED_EDGE('',*,*,#8582,.T.);
#11954 = ORIENTED_EDGE('',*,*,#8610,.T.);
#11955 = ORIENTED_EDGE('',*,*,#8638,.T.);
#11956 = ORIENTED_EDGE('',*,*,#8666,.T.);
#11957 = ORIENTED_EDGE('',*,*,#8695,.T.);
#11958 = ORIENTED_EDGE('',*,*,#11377,.T.);
#11959 = PLANE('',#11960);
#11960 = AXIS2_PLACEMENT_3D('',#11961,#11962,#11963);
#11961 = CARTESIAN_POINT('',(2.24E+03,675.,85.));
#11962 = DIRECTION('',(0.,-1.,0.));
#11963 = DIRECTION('',(1.,0.,0.));
#11964 = ADVANCED_FACE('',(#11965),#11976,.T.);
#11965 = FACE_BOUND('',#11966,.T.);
#11966 = EDGE_LOOP('',(#11967,#11968,#11969,#11975));
#11967 = ORIENTED_EDGE('',*,*,#9271,.T.);
#11968 = ORIENTED_EDGE('',*,*,#9287,.T.);
#11969 = ORIENTED_EDGE('',*,*,#11970,.F.);
#11970 = EDGE_CURVE('',#9322,#9288,#11971,.T.);
#11971 = LINE('',#11972,#11973);
#11972 = CARTESIAN_POINT('',(2.62E+03,-35.,740.));
#11973 = VECTOR('',#11974,1.);
#11974 = DIRECTION('',(0.,1.,0.));
#11975 = ORIENTED_EDGE('',*,*,#9321,.F.);
#11976 = PLANE('',#11977);
#11977 = AXIS2_PLACEMENT_3D('',#11978,#11979,#11980);
#11978 = CARTESIAN_POINT('',(2.73E+03,-35.,120.));
#11979 = DIRECTION('',(0.984623266047,0.,0.174691224621));
#11980 = DIRECTION('',(-0.174691224621,0.,0.984623266047));
#11981 = ADVANCED_FACE('',(#11982),#11988,.T.);
#11982 = FACE_BOUND('',#11983,.T.);
#11983 = EDGE_LOOP('',(#11984,#11985,#11986,#11987));
#11984 = ORIENTED_EDGE('',*,*,#11970,.T.);
#11985 = ORIENTED_EDGE('',*,*,#9295,.T.);
#11986 = ORIENTED_EDGE('',*,*,#11556,.F.);
#11987 = ORIENTED_EDGE('',*,*,#9329,.F.);
#11988 = PLANE('',#11989);
#11989 = AXIS2_PLACEMENT_3D('',#11990,#11991,#11992);
#11990 = CARTESIAN_POINT('',(2.62E+03,-35.,740.));
#11991 = DIRECTION('',(0.,0.,1.));
#11992 = DIRECTION('',(-1.,0.,0.));
#11993 = ADVANCED_FACE('',(#11994),#12032,.T.);
#11994 = FACE_BOUND('',#11995,.T.);
#11995 = EDGE_LOOP('',(#11996,#11997,#11998,#11999,#12000,#12001,#12002,
    #12003,#12004,#12005,#12006,#12007,#12008,#12009,#12010,#12011,
    #12012,#12013,#12014,#12015,#12016,#12017,#12018,#12019,#12020,
    #12021,#12022,#12023,#12024,#12025,#12026,#12027,#12028,#12029,
    #12030,#12031));
#11996 = ORIENTED_EDGE('',*,*,#11725,.F.);
#11997 = ORIENTED_EDGE('',*,*,#11745,.F.);
#11998 = ORIENTED_EDGE('',*,*,#9934,.F.);
#11999 = ORIENTED_EDGE('',*,*,#9971,.F.);
#12000 = ORIENTED_EDGE('',*,*,#9999,.F.);
#12001 = ORIENTED_EDGE('',*,*,#10027,.F.);
#12002 = ORIENTED_EDGE('',*,*,#10055,.F.);
#12003 = ORIENTED_EDGE('',*,*,#10083,.F.);
#12004 = ORIENTED_EDGE('',*,*,#10111,.F.);
#12005 = ORIENTED_EDGE('',*,*,#10139,.F.);
#12006 = ORIENTED_EDGE('',*,*,#10159,.F.);
#12007 = ORIENTED_EDGE('',*,*,#9849,.F.);
#12008 = ORIENTED_EDGE('',*,*,#9886,.F.);
#12009 = ORIENTED_EDGE('',*,*,#9906,.F.);
#12010 = ORIENTED_EDGE('',*,*,#9764,.F.);
#12011 = ORIENTED_EDGE('',*,*,#9801,.F.);
#12012 = ORIENTED_EDGE('',*,*,#9821,.F.);
#12013 = ORIENTED_EDGE('',*,*,#9362,.F.);
#12014 = ORIENTED_EDGE('',*,*,#9399,.F.);
#12015 = ORIENTED_EDGE('',*,*,#9427,.F.);
#12016 = ORIENTED_EDGE('',*,*,#9455,.F.);
#12017 = ORIENTED_EDGE('',*,*,#9483,.F.);
#12018 = ORIENTED_EDGE('',*,*,#9511,.F.);
#12019 = ORIENTED_EDGE('',*,*,#9539,.F.);
#12020 = ORIENTED_EDGE('',*,*,#9567,.F.);
#12021 = ORIENTED_EDGE('',*,*,#9595,.F.);
#12022 = ORIENTED_EDGE('',*,*,#9623,.F.);
#12023 = ORIENTED_EDGE('',*,*,#9651,.F.);
#12024 = ORIENTED_EDGE('',*,*,#9679,.F.);
#12025 = ORIENTED_EDGE('',*,*,#9707,.F.);
#12026 = ORIENTED_EDGE('',*,*,#9735,.F.);
#12027 = ORIENTED_EDGE('',*,*,#11584,.F.);
#12028 = ORIENTED_EDGE('',*,*,#11612,.F.);
#12029 = ORIENTED_EDGE('',*,*,#11640,.F.);
#12030 = ORIENTED_EDGE('',*,*,#11668,.F.);
#12031 = ORIENTED_EDGE('',*,*,#11697,.F.);
#12032 = PLANE('',#12033);
#12033 = AXIS2_PLACEMENT_3D('',#12034,#12035,#12036);
#12034 = CARTESIAN_POINT('',(2.24E+03,-675.,85.));
#12035 = DIRECTION('',(0.,-1.,0.));
#12036 = DIRECTION('',(1.,0.,0.));
#12037 = ADVANCED_FACE('',(#12038),#12088,.T.);
#12038 = FACE_BOUND('',#12039,.T.);
#12039 = EDGE_LOOP('',(#12040,#12041,#12042,#12043,#12044,#12045,#12046,
    #12047,#12048,#12049,#12050,#12051,#12052,#12053,#12054,#12055,
    #12056,#12057,#12058,#12059,#12060,#12061,#12062,#12063,#12064,
    #12065,#12066,#12067,#12068,#12069,#12070,#12071,#12072,#12073,
    #12074,#12075,#12076,#12077,#12078,#12079,#12080,#12081,#12082,
    #12083,#12084,#12085,#12086,#12087));
#12040 = ORIENTED_EDGE('',*,*,#11905,.F.);
#12041 = ORIENTED_EDGE('',*,*,#10786,.F.);
#12042 = ORIENTED_EDGE('',*,*,#10823,.F.);
#12043 = ORIENTED_EDGE('',*,*,#10851,.F.);
#12044 = ORIENTED_EDGE('',*,*,#10879,.F.);
#12045 = ORIENTED_EDGE('',*,*,#10907,.F.);
#12046 = ORIENTED_EDGE('',*,*,#10935,.F.);
#12047 = ORIENTED_EDGE('',*,*,#10963,.F.);
#12048 = ORIENTED_EDGE('',*,*,#10991,.F.);
#12049 = ORIENTED_EDGE('',*,*,#11019,.F.);
#12050 = ORIENTED_EDGE('',*,*,#11047,.F.);
#12051 = ORIENTED_EDGE('',*,*,#11075,.F.);
#12052 = ORIENTED_EDGE('',*,*,#11103,.F.);
#12053 = ORIENTED_EDGE('',*,*,#11131,.F.);
#12054 = ORIENTED_EDGE('',*,*,#11159,.F.);
#12055 = ORIENTED_EDGE('',*,*,#11187,.F.);
#12056 = ORIENTED_EDGE('',*,*,#11215,.F.);
#12057 = ORIENTED_EDGE('',*,*,#11243,.F.);
#12058 = ORIENTED_EDGE('',*,*,#11271,.F.);
#12059 = ORIENTED_EDGE('',*,*,#11299,.F.);
#12060 = ORIENTED_EDGE('',*,*,#11327,.F.);
#12061 = ORIENTED_EDGE('',*,*,#11347,.F.);
#12062 = ORIENTED_EDGE('',*,*,#10365,.F.);
#12063 = ORIENTED_EDGE('',*,*,#10402,.F.);
#12064 = ORIENTED_EDGE('',*,*,#10430,.F.);
#12065 = ORIENTED_EDGE('',*,*,#10458,.F.);
#12066 = ORIENTED_EDGE('',*,*,#10486,.F.);
#12067 = ORIENTED_EDGE('',*,*,#10514,.F.);
#12068 = ORIENTED_EDGE('',*,*,#10542,.F.);
#12069 = ORIENTED_EDGE('',*,*,#10570,.F.);
#12070 = ORIENTED_EDGE('',*,*,#10598,.F.);
#12071 = ORIENTED_EDGE('',*,*,#10626,.F.);
#12072 = ORIENTED_EDGE('',*,*,#10654,.F.);
#12073 = ORIENTED_EDGE('',*,*,#10682,.F.);
#12074 = ORIENTED_EDGE('',*,*,#10710,.F.);
#12075 = ORIENTED_EDGE('',*,*,#10738,.F.);
#12076 = ORIENTED_EDGE('',*,*,#10758,.F.);
#12077 = ORIENTED_EDGE('',*,*,#10187,.F.);
#12078 = ORIENTED_EDGE('',*,*,#10224,.F.);
#12079 = ORIENTED_EDGE('',*,*,#10252,.F.);
#12080 = ORIENTED_EDGE('',*,*,#10280,.F.);
#12081 = ORIENTED_EDGE('',*,*,#10308,.F.);
#12082 = ORIENTED_EDGE('',*,*,#10336,.F.);
#12083 = ORIENTED_EDGE('',*,*,#11773,.F.);
#12084 = ORIENTED_EDGE('',*,*,#11801,.F.);
#12085 = ORIENTED_EDGE('',*,*,#11829,.F.);
#12086 = ORIENTED_EDGE('',*,*,#11857,.F.);
#12087 = ORIENTED_EDGE('',*,*,#11885,.F.);
#12088 = PLANE('',#12089);
#12089 = AXIS2_PLACEMENT_3D('',#12090,#12091,#12092);
#12090 = CARTESIAN_POINT('',(1.04E+03,-2.1E+03,93.555800474981));
#12091 = DIRECTION('',(0.,-1.,0.));
#12092 = DIRECTION('',(1.,0.,0.));
#12093 = ( GEOMETRIC_REPRESENTATION_CONTEXT(3) 
GLOBAL_UNCERTAINTY_ASSIGNED_CONTEXT((#12097)) 
GLOBAL_UNIT_ASSIGNED_CONTEXT((#12094,#12095,#12096)) 
REPRESENTATION_CONTEXT('Context #1',
  '3D Context with UNIT and UNCERTAINTY') );
#12094 = ( LENGTH_UNIT() NAMED_UNIT(*) SI_UNIT(.MILLI.,.METRE.) );
#12095 = ( NAMED_UNIT(*) PLANE_ANGLE_UNIT() SI_UNIT($,.RADIAN.) );
#12096 = ( NAMED_UNIT(*) SI_UNIT($,.STERADIAN.) SOLID_ANGLE_UNIT() );
#12097 = UNCERTAINTY_MEASURE_WITH_UNIT(LENGTH_MEASURE(2.E-06),#12094,
  'distance_accuracy_value','confusion accuracy');
#12098 = PRODUCT_RELATED_PRODUCT_CATEGORY('part',$,(#7));
ENDSEC;
END-ISO-10303-21;
