# Residuals     
# Time          	p               	Ux              	Uy              	Uz              	k               	omega           
0               	N/A             	N/A             	N/A             	N/A             	N/A             	N/A             
1               	1.00000000e+00	7.86145095e-02	9.50540922e-02	9.09586839e-02	1.00000000e+00	5.57347156e-03
2               	2.97062286e-01	6.69779067e-02	7.46232600e-02	7.01036733e-02	3.40405026e-01	3.50869390e-03
3               	1.05527154e-01	6.21340782e-02	7.28052524e-02	6.69991106e-02	2.40707758e-01	3.00350666e-03
4               	5.93670078e-02	5.79571280e-02	7.10516323e-02	6.50642451e-02	2.09061336e-01	2.67842462e-03
5               	4.81328142e-02	5.23443511e-02	6.61767303e-02	6.03666694e-02	1.91824975e-01	2.49905406e-03
6               	6.30045160e-02	4.62364311e-02	6.01938126e-02	5.47751624e-02	1.60131109e-01	2.21016457e-03
7               	8.52635737e-02	4.09290395e-02	5.51294093e-02	5.01961825e-02	1.31014363e-01	1.82452371e-03
8               	1.16423516e-01	3.68636840e-02	5.19353655e-02	4.72798426e-02	1.09992089e-01	1.49764392e-03
9               	1.34069786e-01	3.39146456e-02	5.01278952e-02	4.56089715e-02	9.59069730e-02	1.29921201e-03
10              	1.39625211e-01	3.19347802e-02	4.89180121e-02	4.42780792e-02	8.42639804e-02	1.15889694e-03
11              	1.36053781e-01	3.04049549e-02	4.78983447e-02	4.29826524e-02	7.54078273e-02	1.07290844e-03
12              	1.21895081e-01	2.89436117e-02	4.65542819e-02	4.16728902e-02	6.84602560e-02	1.00677377e-03
13              	1.06188260e-01	2.74341534e-02	4.49665174e-02	4.01240687e-02	6.32999237e-02	9.61935605e-04
14              	9.09174998e-02	2.58267700e-02	4.32319557e-02	3.83750148e-02	5.95031798e-02	9.23993240e-04
15              	8.18043904e-02	2.43288296e-02	4.16490391e-02	3.66175395e-02	5.65485406e-02	8.86389252e-04
16              	7.60799519e-02	2.29433259e-02	4.05069572e-02	3.53590907e-02	5.37818234e-02	8.48084108e-04
17              	7.33840415e-02	2.17095715e-02	3.96017529e-02	3.43725721e-02	5.14453819e-02	8.13036588e-04
18              	7.18624279e-02	2.06825370e-02	3.86703333e-02	3.34268627e-02	4.98238189e-02	7.80961288e-04
19              	6.96692495e-02	1.99053856e-02	3.76057017e-02	3.23609016e-02	4.87880688e-02	7.50562631e-04
20              	6.49591288e-02	1.92309613e-02	3.65043295e-02	3.12548631e-02	4.79820935e-02	7.18264505e-04
21              	6.03544821e-02	1.86257273e-02	3.53892012e-02	3.02301276e-02	4.71546031e-02	6.85543790e-04
22              	5.78997442e-02	1.80246850e-02	3.44357379e-02	2.92699059e-02	4.63920643e-02	6.56084414e-04
23              	5.63185698e-02	1.74416559e-02	3.35998234e-02	2.84838483e-02	4.53609196e-02	6.28079343e-04
24              	5.58517412e-02	1.68533957e-02	3.29644608e-02	2.78549831e-02	4.38615635e-02	6.00747072e-04
25              	5.61381521e-02	1.62933191e-02	3.24227513e-02	2.73014128e-02	4.23618880e-02	5.74735738e-04
26              	5.62564160e-02	1.57991369e-02	3.18508874e-02	2.67498185e-02	4.06194857e-02	5.48378178e-04
27              	5.61439456e-02	1.53701447e-02	3.12587932e-02	2.61434834e-02	3.88508007e-02	5.21375099e-04
28              	5.46699934e-02	1.49821940e-02	3.05906399e-02	2.54785358e-02	3.71662550e-02	4.94014539e-04
29              	5.49466832e-02	1.46299569e-02	2.99499424e-02	2.48459098e-02	3.58502889e-02	4.66012117e-04
30              	5.44750918e-02	1.42910528e-02	2.93363684e-02	2.42434752e-02	3.43498999e-02	4.38186954e-04
31              	5.42296020e-02	1.39571473e-02	2.87916793e-02	2.37230947e-02	3.26549900e-02	4.14002310e-04
32              	5.38846400e-02	1.36233891e-02	2.83037648e-02	2.32296686e-02	3.07792087e-02	3.89527146e-04
33              	5.43367164e-02	1.32987001e-02	2.78214153e-02	2.27383291e-02	2.86314829e-02	3.67766458e-04
34              	5.52112951e-02	1.30080808e-02	2.73580731e-02	2.22704447e-02	2.70818099e-02	3.48910643e-04
35              	5.66970894e-02	1.27421226e-02	2.68965787e-02	2.18071128e-02	2.60569220e-02	3.35212252e-04
36              	5.72038876e-02	1.24932406e-02	2.64449832e-02	2.13649548e-02	2.53434838e-02	3.20394766e-04
37              	5.82808227e-02	1.22589366e-02	2.60104570e-02	2.09456872e-02	2.41186386e-02	3.06024149e-04
38              	5.84517904e-02	1.20003199e-02	2.55873337e-02	2.04977945e-02	2.27945921e-02	2.92200000e-04
39              	5.96179894e-02	1.17646539e-02	2.51885692e-02	2.00824796e-02	2.16861803e-02	2.80636938e-04
40              	6.03914309e-02	1.15452714e-02	2.47972629e-02	1.96953584e-02	2.12178531e-02	2.71395199e-04
41              	6.14720603e-02	1.13311887e-02	2.44374488e-02	1.93402063e-02	2.12731520e-02	2.64365251e-04
42              	6.23354652e-02	1.11365707e-02	2.40826796e-02	1.90156952e-02	2.11589500e-02	2.57037449e-04
43              	6.29384594e-02	1.09378963e-02	2.37309988e-02	1.86911230e-02	2.04914085e-02	2.46765601e-04
44              	6.38056774e-02	1.07468218e-02	2.33824544e-02	1.83471666e-02	1.98264199e-02	2.37002310e-04
45              	6.46476547e-02	1.05677549e-02	2.30423729e-02	1.80329865e-02	1.96967729e-02	2.29169508e-04
46              	6.55257710e-02	1.03991582e-02	2.27146246e-02	1.77325826e-02	1.99363032e-02	2.23150186e-04
47              	6.58202675e-02	1.02316627e-02	2.23961786e-02	1.74426277e-02	2.05065278e-02	2.17676716e-04
48              	6.70624228e-02	1.00747255e-02	2.20912939e-02	1.71801683e-02	2.11362604e-02	2.12119048e-04
49              	6.75867275e-02	9.92204048e-03	2.17975231e-02	1.69219836e-02	2.17426996e-02	2.05609540e-04
50              	6.86646566e-02	9.77707321e-03	2.15175785e-02	1.66878318e-02	2.25460678e-02	2.00200481e-04
51              	6.95360116e-02	9.63635478e-03	2.12388039e-02	1.64576463e-02	2.36022850e-02	1.94559303e-04
52              	7.04690773e-02	9.50371084e-03	2.09736757e-02	1.62511481e-02	2.45755343e-02	1.88906706e-04
53              	7.05173466e-02	9.37188725e-03	2.07215309e-02	1.60349894e-02	2.55962849e-02	1.84337123e-04
54              	7.17644643e-02	9.24125713e-03	2.04661674e-02	1.58365021e-02	2.68310678e-02	1.79049857e-04
55              	7.26873733e-02	9.10840580e-03	2.02221687e-02	1.56444012e-02	2.78732228e-02	1.73687111e-04
56              	7.37160890e-02	8.98427018e-03	1.99870501e-02	1.54624014e-02	2.91743050e-02	1.69344833e-04
57              	7.42124808e-02	8.86036546e-03	1.97592066e-02	1.52977123e-02	3.04132701e-02	1.64451401e-04
58              	7.46890972e-02	8.73922169e-03	1.95439423e-02	1.51355892e-02	3.16919939e-02	1.59977995e-04
59              	7.53992932e-02	8.62042968e-03	1.93389685e-02	1.49938229e-02	3.30655198e-02	1.55630827e-04
60              	7.64472741e-02	8.49337783e-03	1.91324532e-02	1.48443356e-02	3.39103430e-02	1.50875003e-04
61              	7.68583551e-02	8.36650837e-03	1.89258114e-02	1.47000180e-02	3.49722251e-02	1.46648224e-04
62              	7.74478087e-02	8.24490949e-03	1.87253921e-02	1.45593405e-02	3.57600819e-02	1.42398504e-04
63              	7.82487623e-02	8.11527760e-03	1.85205340e-02	1.44258398e-02	3.63203248e-02	1.38111375e-04
64              	7.91429553e-02	7.99127106e-03	1.83282478e-02	1.42996508e-02	3.66689926e-02	1.34120592e-04
65              	8.00007781e-02	7.86513117e-03	1.81372560e-02	1.41654090e-02	3.69101795e-02	1.30277628e-04
66              	8.06297186e-02	7.73332025e-03	1.79411982e-02	1.40371009e-02	3.68150016e-02	1.26261115e-04
67              	8.11934552e-02	7.60898368e-03	1.77472265e-02	1.39002764e-02	3.64598794e-02	1.22652212e-04
68              	8.15589886e-02	7.47886177e-03	1.75445857e-02	1.37707346e-02	3.60430762e-02	1.19352266e-04
69              	8.17344890e-02	7.34829872e-03	1.73336389e-02	1.36363501e-02	3.53427386e-02	1.15859574e-04
70              	8.18327540e-02	7.22001270e-03	1.71199847e-02	1.34993510e-02	3.42162627e-02	1.12453496e-04
71              	8.18705041e-02	7.09409765e-03	1.69026614e-02	1.33528906e-02	3.28170467e-02	1.09425485e-04
72              	8.17187493e-02	6.96159366e-03	1.66839926e-02	1.32226374e-02	3.12427523e-02	1.06591546e-04
73              	8.14401503e-02	6.83108020e-03	1.64600557e-02	1.30830739e-02	2.94604010e-02	1.03735544e-04
74              	8.10212126e-02	6.70193975e-03	1.62377993e-02	1.29490600e-02	2.75920766e-02	1.01170125e-04
75              	8.05481555e-02	6.57082585e-03	1.60106548e-02	1.28114108e-02	2.58372107e-02	9.88377562e-05
76              	8.00560223e-02	6.44005163e-03	1.57878043e-02	1.26755685e-02	2.41243246e-02	9.66223050e-05
77              	7.93651543e-02	6.30822718e-03	1.55641084e-02	1.25405681e-02	2.25387932e-02	9.45492568e-05
78              	7.84946573e-02	6.18006809e-03	1.53447382e-02	1.24126411e-02	2.10157466e-02	9.25555254e-05
79              	7.75023625e-02	6.05365404e-03	1.51355627e-02	1.22887827e-02	1.96586227e-02	9.07241355e-05
80              	7.63726475e-02	5.92870687e-03	1.49352693e-02	1.21729911e-02	1.82776754e-02	8.88779127e-05
81              	7.51168992e-02	5.80634335e-03	1.47494237e-02	1.20616348e-02	1.69662361e-02	8.71081668e-05
82              	7.38986085e-02	5.68312677e-03	1.45790194e-02	1.19616249e-02	1.57919538e-02	8.53940829e-05
83              	7.26980836e-02	5.56044036e-03	1.44331173e-02	1.18698372e-02	1.46925062e-02	8.37309525e-05
84              	7.15987963e-02	5.43777617e-03	1.43136680e-02	1.17847740e-02	1.36507690e-02	8.21455249e-05
85              	7.06743167e-02	5.31508864e-03	1.42216448e-02	1.17097381e-02	1.26556796e-02	8.06421366e-05
86              	6.99262267e-02	5.19166016e-03	1.41574670e-02	1.16348342e-02	1.17410504e-02	7.92026899e-05
87              	6.93814341e-02	5.06871202e-03	1.41238147e-02	1.15717950e-02	1.09121442e-02	7.78434019e-05
88              	6.89999314e-02	4.94688662e-03	1.41232306e-02	1.15098789e-02	1.01794481e-02	7.65592615e-05
89              	6.88381401e-02	4.82631806e-03	1.41483363e-02	1.14518748e-02	9.52740923e-03	7.53234808e-05
90              	6.88378989e-02	4.70811805e-03	1.41925038e-02	1.13915487e-02	8.96270506e-03	7.41230991e-05
91              	6.89328616e-02	4.59336148e-03	1.42459319e-02	1.13316292e-02	8.48473582e-03	7.29429632e-05
92              	6.90783976e-02	4.48229787e-03	1.43040684e-02	1.12782236e-02	8.08049024e-03	7.17568134e-05
93              	6.92032736e-02	4.37660325e-03	1.43493482e-02	1.12265325e-02	7.73964765e-03	7.05553792e-05
94              	6.92685912e-02	4.27607692e-03	1.43805782e-02	1.11685333e-02	7.45053774e-03	6.93305372e-05
95              	6.90719054e-02	4.18187464e-03	1.43905122e-02	1.11022809e-02	7.20090764e-03	6.80841677e-05
96              	6.86789730e-02	4.09257548e-03	1.43744411e-02	1.10361639e-02	6.98017485e-03	6.68201828e-05
97              	6.81642985e-02	4.00963473e-03	1.43373682e-02	1.09681592e-02	6.78283752e-03	6.55425678e-05
98              	6.76653811e-02	3.93133341e-03	1.42797969e-02	1.08988393e-02	6.60291928e-03	6.42653669e-05
99              	6.72080962e-02	3.85849742e-03	1.42140402e-02	1.08322387e-02	6.43674983e-03	6.29867351e-05
100             	6.67957463e-02	3.79096716e-03	1.41478186e-02	1.07662137e-02	6.28086286e-03	6.17245601e-05
101             	6.64947489e-02	3.72734758e-03	1.40926581e-02	1.07044326e-02	6.13268617e-03	6.04744352e-05
102             	6.62367356e-02	3.66847059e-03	1.40568120e-02	1.06489758e-02	5.99337161e-03	5.92486336e-05
103             	6.59875400e-02	3.61224946e-03	1.40388335e-02	1.05987194e-02	5.86249199e-03	5.80602398e-05
104             	6.57691728e-02	3.55909256e-03	1.40455773e-02	1.05581930e-02	5.73908847e-03	5.69013300e-05
105             	6.55533678e-02	3.50862980e-03	1.40741562e-02	1.05291765e-02	5.62042206e-03	5.57818988e-05
106             	6.53528960e-02	3.46010750e-03	1.41225915e-02	1.05102596e-02	5.50622273e-03	5.46863476e-05
107             	6.51003492e-02	3.41392205e-03	1.41871920e-02	1.05009476e-02	5.39592640e-03	5.36242071e-05
108             	6.46850655e-02	3.36949627e-03	1.42636377e-02	1.04955818e-02	5.28755671e-03	5.25796277e-05
109             	6.40568694e-02	3.32564733e-03	1.43519113e-02	1.04939553e-02	5.17958970e-03	5.15640302e-05
110             	6.33794381e-02	3.28306038e-03	1.44462908e-02	1.04952994e-02	5.06987104e-03	5.05531128e-05
111             	6.26950060e-02	3.24049889e-03	1.45450289e-02	1.04948855e-02	4.95982284e-03	4.95461910e-05
112             	6.20261591e-02	3.19782707e-03	1.46446847e-02	1.04933255e-02	4.84753760e-03	4.85410953e-05
113             	6.30718348e-02	3.15583633e-03	1.47451073e-02	1.04885556e-02	4.72757720e-03	4.74498375e-05
114             	6.38041088e-02	3.11259223e-03	1.47835294e-02	1.04238022e-02	4.60491174e-03	4.63716368e-05
115             	6.34245374e-02	3.06890554e-03	1.47974101e-02	1.03354492e-02	4.48073552e-03	4.53140563e-05
116             	6.24746309e-02	3.02419596e-03	1.48243973e-02	1.02598011e-02	4.35426672e-03	4.42739706e-05
117             	6.14752515e-02	2.97920090e-03	1.48832982e-02	1.02180430e-02	4.22646705e-03	4.32405079e-05
118             	6.04847701e-02	2.93364760e-03	1.49756566e-02	1.02059735e-02	4.09808389e-03	4.22207975e-05
119             	5.92565495e-02	2.88755994e-03	1.50860810e-02	1.02084550e-02	3.96939273e-03	4.12126587e-05
120             	5.78976390e-02	2.84111344e-03	1.51905044e-02	1.02033199e-02	3.84038199e-03	4.02179784e-05
121             	5.66731099e-02	2.79422763e-03	1.52714203e-02	1.01714639e-02	3.71181267e-03	3.92324172e-05
122             	5.57614149e-02	2.74702261e-03	1.53208541e-02	1.01092965e-02	3.58389289e-03	3.82620981e-05
123             	5.51065870e-02	2.69947010e-03	1.53452448e-02	1.00204820e-02	3.45782459e-03	3.73088357e-05
124             	5.45238806e-02	2.65170417e-03	1.53570082e-02	9.91874419e-03	3.33398764e-03	3.63653913e-05
125             	5.39189335e-02	2.60377568e-03	1.53682795e-02	9.81384349e-03	3.21294598e-03	3.54325284e-05
126             	5.32443783e-02	2.55551714e-03	1.53828157e-02	9.71186106e-03	3.09519724e-03	3.45125646e-05
127             	5.24072405e-02	2.50689923e-03	1.54023280e-02	9.61108195e-03	2.98118652e-03	3.36080595e-05
128             	5.14293012e-02	2.45838900e-03	1.54209706e-02	9.50544131e-03	2.87091358e-03	3.27197780e-05
129             	5.03703491e-02	2.40981800e-03	1.54317712e-02	9.38764558e-03	2.76463362e-03	3.18592846e-05
130             	4.93096376e-02	2.36132928e-03	1.54314884e-02	9.25151913e-03	2.66186590e-03	3.10211692e-05
131             	4.82787051e-02	2.31341111e-03	1.54171299e-02	9.09791395e-03	2.56258957e-03	3.02051715e-05
132             	4.72554014e-02	2.26580558e-03	1.53928977e-02	8.92999033e-03	2.46732255e-03	2.94128084e-05
133             	4.62112266e-02	2.21886901e-03	1.53600482e-02	8.75405984e-03	2.37603818e-03	2.86398660e-05
134             	4.51313267e-02	2.17235225e-03	1.53234046e-02	8.57456162e-03	2.28860762e-03	2.78925686e-05
135             	4.40233345e-02	2.12626046e-03	1.52842599e-02	8.39383229e-03	2.20173524e-03	2.71903752e-05
136             	4.28665068e-02	2.08073351e-03	1.52427449e-02	8.21116222e-03	2.11952595e-03	2.65058335e-05
137             	4.16746917e-02	2.03556470e-03	1.51964628e-02	8.02578037e-03	2.04188100e-03	2.58436319e-05
138             	4.04949694e-02	1.99088142e-03	1.51436589e-02	7.83701664e-03	1.96801053e-03	2.51994912e-05
139             	3.93350243e-02	1.94688402e-03	1.50835177e-02	7.64527720e-03	1.89789387e-03	2.45764382e-05
140             	3.81786189e-02	1.90355980e-03	1.50160457e-02	7.45124607e-03	1.83161677e-03	2.39711988e-05
141             	3.82624672e-02	1.86091279e-03	1.49421786e-02	7.25664743e-03	1.77016175e-03	2.34387776e-05
142             	3.73918637e-02	1.81918946e-03	1.49122870e-02	7.09542286e-03	1.71044355e-03	2.29175323e-05
143             	3.54937952e-02	1.77748006e-03	1.49112496e-02	6.95313913e-03	1.65263040e-03	2.24097754e-05
144             	3.35182211e-02	1.73654694e-03	1.48837166e-02	6.79600636e-03	1.59699543e-03	2.19176620e-05
145             	3.20543542e-02	1.69667738e-03	1.47988706e-02	6.60774813e-03	1.54358729e-03	2.14334277e-05
146             	3.10041488e-02	1.65744387e-03	1.46777046e-02	6.40086492e-03	1.49280167e-03	2.09628810e-05
147             	3.01163255e-02	1.61873507e-03	1.45342982e-02	6.18639699e-03	1.44412338e-03	2.05030560e-05
148             	2.92454872e-02	1.58056501e-03	1.43886252e-02	5.97823324e-03	1.39720210e-03	2.00567202e-05
149             	2.83397253e-02	1.54295255e-03	1.42564647e-02	5.78575531e-03	1.35218280e-03	1.96279415e-05
150             	2.73541881e-02	1.50585301e-03	1.41426331e-02	5.61005336e-03	1.30911247e-03	1.92154592e-05
151             	2.63123693e-02	1.46959054e-03	1.40442223e-02	5.44689006e-03	1.26865893e-03	1.88220869e-05
152             	2.52477296e-02	1.43403006e-03	1.39584179e-02	5.29369122e-03	1.23058460e-03	1.84539951e-05
153             	2.42681207e-02	1.39957252e-03	1.38581760e-02	5.13740016e-03	1.19479128e-03	1.81041044e-05
154             	2.33799816e-02	1.36627818e-03	1.37350991e-02	4.97510787e-03	1.16176134e-03	1.77730185e-05
155             	2.25666782e-02	1.33416851e-03	1.35930252e-02	4.80967363e-03	1.13094468e-03	1.74582258e-05
156             	2.18174968e-02	1.30300007e-03	1.34425756e-02	4.64742503e-03	1.10252501e-03	1.71603801e-05
157             	2.10880910e-02	1.27286787e-03	1.32955269e-02	4.49312046e-03	1.07617742e-03	1.68843300e-05
158             	2.03601471e-02	1.24379966e-03	1.31581612e-02	4.34926021e-03	1.05205567e-03	1.66157896e-05
159             	1.96404334e-02	1.21578638e-03	1.30305952e-02	4.21527796e-03	1.03054425e-03	1.63601949e-05
160             	1.89225848e-02	1.18886231e-03	1.29106747e-02	4.08894270e-03	1.01058306e-03	1.61128253e-05
161             	1.82218707e-02	1.16307480e-03	1.27934353e-02	3.96708488e-03	9.92033240e-04	1.58731358e-05
162             	1.75591030e-02	1.13844433e-03	1.26743126e-02	3.84837548e-03	9.74385539e-04	1.56441926e-05
163             	1.69303513e-02	1.11498089e-03	1.25530469e-02	3.73252564e-03	9.57661829e-04	1.54207895e-05
164             	1.63321034e-02	1.09261420e-03	1.24327190e-02	3.62066175e-03	9.42119931e-04	1.51961499e-05
165             	1.57622571e-02	1.07123207e-03	1.23188998e-02	3.51377452e-03	9.27323552e-04	1.49762479e-05
166             	1.52231826e-02	1.05076100e-03	1.22150713e-02	3.41302573e-03	9.13414332e-04	1.47653822e-05
167             	1.47137223e-02	1.03122333e-03	1.21225858e-02	3.31817478e-03	9.00567826e-04	1.45617051e-05
168             	1.42213055e-02	1.01251673e-03	1.20413139e-02	3.22844510e-03	8.88458185e-04	1.43601086e-05
169             	1.37541443e-02	9.94619803e-04	1.19687434e-02	3.14278310e-03	8.77346780e-04	1.41645161e-05
170             	1.33138224e-02	9.77531937e-04	1.19041744e-02	3.06098692e-03	8.66985780e-04	1.39825253e-05
171             	1.29022295e-02	9.61255164e-04	1.18473150e-02	2.98259637e-03	8.57647799e-04	1.38049433e-05
172             	1.25170660e-02	9.45729958e-04	1.17983060e-02	2.90806553e-03	8.49393274e-04	1.36303513e-05
173             	1.21523659e-02	9.30898327e-04	1.17586697e-02	2.83819196e-03	8.41990549e-04	1.34599140e-05
174             	1.17992771e-02	9.16722645e-04	1.17286650e-02	2.77266029e-03	8.35252964e-04	1.32945417e-05
175             	1.14578960e-02	9.03136798e-04	1.17071835e-02	2.71136408e-03	8.29154009e-04	1.31306068e-05
176             	1.11310285e-02	8.90083118e-04	1.16920880e-02	2.65357548e-03	8.23588845e-04	1.29683414e-05
177             	1.08120628e-02	8.77528542e-04	1.16817227e-02	2.59884777e-03	8.18098162e-04	1.28059501e-05
178             	1.05031949e-02	8.65411452e-04	1.16743469e-02	2.54641600e-03	8.12084521e-04	1.26453159e-05
179             	1.02084177e-02	8.53704210e-04	1.16687040e-02	2.49571749e-03	8.05783805e-04	1.24836473e-05
180             	9.92850366e-03	8.42351500e-04	1.16644802e-02	2.44654406e-03	7.99288150e-04	1.23224161e-05
181             	9.65505289e-03	8.31344088e-04	1.16618774e-02	2.39888877e-03	7.92476101e-04	1.21589864e-05
182             	9.39082697e-03	8.20669594e-04	1.16613238e-02	2.35278399e-03	7.85540881e-04	1.19955133e-05
183             	9.13750801e-03	8.10343836e-04	1.16622671e-02	2.30800731e-03	7.78923384e-04	1.18368028e-05
184             	8.88967851e-03	8.00318935e-04	1.16645181e-02	2.26447660e-03	7.72111240e-04	1.16772429e-05
185             	8.65022308e-03	7.90559187e-04	1.16668372e-02	2.22203388e-03	7.65291146e-04	1.15181215e-05
186             	8.41135429e-03	7.81029242e-04	1.16659422e-02	2.18002335e-03	7.58315413e-04	1.13563014e-05
187             	8.17760002e-03	7.71656500e-04	1.16630705e-02	2.13873382e-03	7.51249147e-04	1.11963935e-05
188             	7.95293052e-03	7.62423157e-04	1.16578031e-02	2.09800219e-03	7.44480483e-04	1.10331038e-05
189             	7.73626100e-03	7.53312863e-04	1.16478886e-02	2.05749806e-03	7.37655648e-04	1.08715853e-05
190             	7.53082068e-03	7.44343869e-04	1.16314277e-02	2.01727204e-03	7.30769506e-04	1.07127382e-05
191             	7.33411696e-03	7.35515371e-04	1.16079756e-02	1.97711605e-03	7.23924228e-04	1.05563153e-05
192             	7.14676362e-03	7.26829808e-04	1.15777282e-02	1.93702905e-03	7.17262412e-04	1.04011418e-05
193             	6.96546729e-03	7.18284958e-04	1.15411003e-02	1.89702417e-03	7.10498880e-04	1.02489929e-05
194             	6.78953066e-03	7.09845771e-04	1.14991916e-02	1.85714961e-03	7.03436860e-04	1.00945304e-05
195             	6.62157289e-03	7.01490237e-04	1.14524173e-02	1.81748459e-03	6.96024158e-04	9.94220021e-06
196             	6.46036970e-03	6.93204270e-04	1.14006634e-02	1.77805249e-03	6.88391417e-04	9.79154825e-06
197             	6.30636884e-03	6.85005153e-04	1.13447424e-02	1.73897205e-03	6.80349410e-04	9.64293610e-06
198             	6.15585377e-03	6.76923804e-04	1.12855336e-02	1.70030998e-03	6.71811989e-04	9.49573188e-06
199             	6.00624600e-03	6.68955867e-04	1.12227823e-02	1.66201673e-03	6.62752104e-04	9.34908842e-06
200             	5.86069284e-03	6.61093230e-04	1.11577737e-02	1.62420360e-03	6.53408333e-04	9.20285585e-06
201             	5.71996534e-03	6.53327851e-04	1.10904862e-02	1.58696892e-03	6.43918584e-04	9.05833705e-06
202             	5.58379929e-03	6.45636473e-04	1.10220701e-02	1.55037202e-03	6.34249121e-04	8.91311375e-06
203             	5.45232449e-03	6.38036184e-04	1.09515192e-02	1.51457557e-03	6.24668666e-04	8.76880560e-06
204             	5.32372126e-03	6.30526100e-04	1.08784575e-02	1.47947983e-03	6.15261227e-04	8.62532685e-06
205             	5.19674503e-03	6.23118521e-04	1.08044116e-02	1.44506849e-03	6.05710657e-04	8.48272412e-06
206             	5.07080729e-03	6.15802515e-04	1.07292371e-02	1.41146480e-03	5.96139233e-04	8.34429978e-06
207             	4.94371250e-03	6.08614657e-04	1.06526313e-02	1.37863297e-03	5.86472375e-04	8.20813160e-06
208             	4.81839192e-03	6.01521836e-04	1.05752146e-02	1.34653526e-03	5.76626777e-04	8.07458611e-06
209             	4.69670262e-03	5.94563610e-04	1.04966083e-02	1.31531681e-03	5.66882346e-04	7.94351410e-06
210             	4.57942181e-03	5.87733484e-04	1.04173600e-02	1.28490091e-03	5.57161287e-04	7.81581333e-06
211             	4.46413378e-03	5.80978132e-04	1.03370049e-02	1.25528801e-03	5.47522787e-04	7.69037901e-06
212             	4.35172351e-03	5.74344341e-04	1.02560563e-02	1.22641728e-03	5.37826765e-04	7.56637897e-06
213             	4.24121872e-03	5.67827719e-04	1.01745285e-02	1.19824725e-03	5.28240620e-04	7.44486510e-06
214             	4.13208268e-03	5.61381332e-04	1.00919578e-02	1.17070641e-03	5.18595846e-04	7.32505764e-06
215             	4.02553190e-03	5.54987105e-04	1.00076932e-02	1.14376714e-03	5.09032392e-04	7.20850606e-06
216             	3.92428827e-03	5.48644407e-04	9.92237807e-03	1.11731969e-03	4.99375959e-04	7.09428877e-06
217             	3.82517735e-03	5.42361866e-04	9.83401607e-03	1.09139453e-03	4.89807669e-04	6.98176409e-06
218             	3.72891530e-03	5.36113630e-04	9.74346768e-03	1.06604377e-03	4.80165889e-04	6.87150486e-06
219             	3.63483178e-03	5.29854425e-04	9.65106278e-03	1.04122365e-03	4.70568307e-04	6.76376157e-06
220             	3.54294862e-03	5.23598071e-04	9.55582462e-03	1.01682863e-03	4.61137544e-04	6.65667875e-06
221             	3.45441552e-03	5.17358451e-04	9.45707943e-03	9.92875303e-04	4.52045335e-04	6.55184657e-06
222             	3.37105185e-03	5.11146372e-04	9.35579284e-03	9.69364631e-04	4.43211229e-04	6.44593589e-06
223             	3.29210601e-03	5.04958821e-04	9.25173434e-03	9.46236339e-04	4.34639346e-04	6.34213313e-06
224             	3.21477735e-03	4.98843469e-04	9.14362297e-03	9.23496220e-04	4.26259298e-04	6.23788261e-06
225             	3.17175316e-03	4.92741864e-04	9.03202897e-03	9.01123682e-04	4.18089960e-04	6.13678516e-06
226             	3.12117028e-03	4.86731558e-04	8.90321783e-03	8.72642612e-04	4.10099577e-04	6.03723593e-06
227             	3.05035585e-03	4.80732049e-04	8.76694241e-03	8.43200998e-04	4.02100791e-04	5.93868647e-06
228             	2.95991713e-03	4.74738904e-04	8.63215426e-03	8.16606465e-04	3.94312804e-04	5.84075071e-06
229             	2.89009485e-03	4.68675846e-04	8.51462841e-03	8.00079121e-04	3.86656298e-04	5.74565458e-06
230             	2.82686695e-03	4.62687514e-04	8.39413807e-03	7.83276513e-04	3.79330236e-04	5.65167859e-06
231             	2.76156679e-03	4.56779871e-04	8.26609831e-03	7.64825021e-04	3.72230666e-04	5.55955938e-06
232             	2.69636544e-03	4.50932500e-04	8.12918687e-03	7.44324815e-04	3.65276752e-04	5.47046647e-06
233             	2.65778360e-03	4.45139432e-04	7.98562737e-03	7.22664011e-04	3.58532556e-04	5.38580226e-06
234             	2.61515012e-03	4.39428666e-04	7.79755359e-03	7.00646404e-04	3.52166336e-04	5.30356923e-06
235             	2.55669712e-03	4.33793708e-04	7.60022841e-03	6.80034173e-04	3.45979202e-04	5.22339575e-06
236             	2.49000260e-03	4.28223062e-04	7.42154641e-03	6.61538748e-04	3.40062869e-04	5.14584199e-06
237             	2.42550542e-03	4.22730505e-04	7.27453963e-03	6.45177696e-04	3.34329698e-04	5.06920131e-06
238             	2.36405936e-03	4.17335980e-04	7.15040454e-03	6.29761454e-04	3.28871113e-04	4.99445376e-06
239             	2.30508921e-03	4.12040436e-04	7.03595127e-03	6.14472984e-04	3.23639822e-04	4.91935786e-06
240             	2.24826822e-03	4.06800133e-04	6.91512543e-03	5.98757792e-04	3.18558690e-04	4.84510437e-06
241             	2.19378399e-03	4.01619238e-04	6.77980201e-03	5.82653058e-04	3.13634775e-04	4.77190462e-06
242             	2.13972717e-03	3.96479041e-04	6.63033030e-03	5.66404317e-04	3.08707771e-04	4.69946763e-06
243             	2.08949310e-03	3.91349325e-04	6.47976627e-03	5.51142136e-04	3.03988637e-04	4.62908267e-06
244             	2.04373433e-03	3.86273836e-04	6.33270093e-03	5.36773446e-04	2.99254289e-04	4.56119876e-06
245             	1.99981907e-03	3.81287839e-04	6.19536875e-03	5.23301207e-04	2.94722521e-04	4.49446234e-06
246             	1.95108842e-03	3.76387668e-04	6.06915455e-03	5.10329279e-04	2.90353914e-04	4.42915561e-06
247             	1.90089518e-03	3.71585779e-04	5.95014881e-03	4.97882367e-04	2.86151794e-04	4.36471528e-06
248             	1.84920675e-03	3.66875918e-04	5.83393436e-03	4.85882712e-04	2.81965719e-04	4.30094463e-06
249             	1.79911403e-03	3.62248803e-04	5.71688046e-03	4.74168768e-04	2.77961505e-04	4.23800448e-06
250             	1.75222041e-03	3.57675072e-04	5.59788108e-03	4.62806546e-04	2.74184178e-04	4.17589985e-06
251             	1.70693169e-03	3.53170140e-04	5.47934783e-03	4.51823936e-04	2.70867548e-04	4.11642153e-06
252             	1.66398371e-03	3.48722600e-04	5.36404385e-03	4.41302559e-04	2.67576394e-04	4.05736511e-06
253             	1.62302393e-03	3.44360528e-04	5.25252524e-03	4.31337622e-04	2.64181644e-04	3.99764108e-06
254             	1.58296785e-03	3.40087427e-04	5.14650858e-03	4.21929412e-04	2.60698344e-04	3.93826504e-06
255             	1.54587626e-03	3.35899883e-04	5.04466020e-03	4.12906328e-04	2.57183226e-04	3.87898918e-06
256             	1.51009041e-03	3.31821128e-04	4.94590790e-03	4.04153411e-04	2.53724475e-04	3.82154551e-06
257             	1.47485457e-03	3.27828856e-04	4.84849694e-03	3.95591073e-04	2.50278732e-04	3.76374234e-06
258             	1.44040937e-03	3.23945441e-04	4.75103868e-03	3.87078276e-04	2.46836078e-04	3.70618571e-06
259             	1.40641600e-03	3.20167592e-04	4.65505779e-03	3.78747297e-04	2.43417794e-04	3.64998893e-06
260             	1.37245530e-03	3.16485627e-04	4.56081982e-03	3.70688575e-04	2.40004636e-04	3.59563373e-06
261             	1.33995381e-03	3.12897213e-04	4.46891825e-03	3.62866774e-04	2.36568512e-04	3.54212173e-06
262             	1.30739404e-03	3.09399165e-04	4.38004744e-03	3.55366938e-04	2.33070375e-04	3.48953523e-06
263             	1.27464670e-03	3.06022271e-04	4.29274679e-03	3.48052333e-04	2.29536095e-04	3.43769165e-06
264             	1.24121746e-03	3.02733699e-04	4.20695858e-03	3.40904007e-04	2.25977481e-04	3.38765133e-06
265             	1.20907874e-03	2.99551422e-04	4.12176792e-03	3.33846529e-04	2.22447084e-04	3.33949700e-06
266             	1.17733907e-03	2.96451032e-04	4.03810916e-03	3.27045652e-04	2.18899761e-04	3.29208308e-06
267             	1.14742316e-03	2.93440254e-04	3.95672884e-03	3.20503133e-04	2.15322322e-04	3.24510948e-06
268             	1.11812676e-03	2.90511316e-04	3.87766787e-03	3.14239601e-04	2.11721232e-04	3.19935864e-06
269             	1.08976488e-03	2.87656471e-04	3.80057867e-03	3.08212142e-04	2.08056981e-04	3.15409061e-06
270             	1.06225922e-03	2.84858659e-04	3.72566925e-03	3.02374912e-04	2.04321777e-04	3.10971335e-06
271             	1.03600828e-03	2.82138818e-04	3.65344611e-03	2.96696956e-04	2.00523343e-04	3.06585295e-06
272             	1.00952975e-03	2.79484861e-04	3.58359395e-03	2.91216669e-04	1.96700580e-04	3.02204039e-06
273             	9.84592057e-04	2.76880877e-04	3.51616677e-03	2.85946305e-04	1.92848953e-04	2.97777478e-06
274             	9.61588484e-04	2.74323457e-04	3.45073232e-03	2.80881170e-04	1.89002026e-04	2.93413074e-06
275             	9.39843543e-04	2.71843839e-04	3.38796863e-03	2.75955946e-04	1.85129321e-04	2.89115614e-06
276             	9.18556207e-04	2.69421407e-04	3.32752300e-03	2.71179308e-04	1.81216029e-04	2.84821073e-06
277             	8.98633906e-04	2.67048826e-04	3.26930159e-03	2.66543495e-04	1.77280129e-04	2.80509703e-06
278             	8.80317764e-04	2.64724098e-04	3.21268787e-03	2.62083848e-04	1.73344088e-04	2.76239550e-06
279             	8.63476546e-04	2.62449809e-04	3.15764559e-03	2.57866953e-04	1.69424090e-04	2.71941970e-06
280             	8.46761329e-04	2.60194564e-04	3.10408573e-03	2.53767960e-04	1.65541174e-04	2.67764809e-06
281             	8.30715989e-04	2.57968648e-04	3.05138516e-03	2.49803231e-04	1.61691152e-04	2.63618750e-06
282             	8.14612945e-04	2.55753292e-04	2.99962045e-03	2.45989746e-04	1.57855250e-04	2.59549189e-06
283             	7.99845964e-04	2.53552540e-04	2.94901851e-03	2.42284269e-04	1.54056832e-04	2.55606335e-06
284             	7.85090216e-04	2.51364398e-04	2.89937684e-03	2.38638042e-04	1.50324461e-04	2.51823557e-06
285             	7.70758327e-04	2.49193937e-04	2.85063054e-03	2.35033783e-04	1.46669903e-04	2.48240129e-06
286             	7.55728831e-04	2.47025117e-04	2.80289171e-03	2.31462368e-04	1.43078085e-04	2.44776634e-06
287             	7.42027301e-04	2.44879537e-04	2.75578574e-03	2.27929927e-04	1.39566544e-04	2.41420244e-06
288             	7.28492597e-04	2.42753843e-04	2.70958596e-03	2.24435605e-04	1.36149096e-04	2.38179374e-06
289             	7.16181926e-04	2.40644778e-04	2.66386504e-03	2.20985062e-04	1.32777652e-04	2.34943455e-06
290             	7.03619903e-04	2.38546885e-04	2.61875294e-03	2.17629415e-04	1.29454939e-04	2.31725768e-06
291             	6.91850703e-04	2.36466759e-04	2.57419788e-03	2.14331611e-04	1.26201653e-04	2.28588350e-06
292             	6.78921737e-04	2.34410687e-04	2.53013644e-03	2.11123058e-04	1.22999566e-04	2.25515015e-06
293             	6.65348486e-04	2.32391032e-04	2.48642965e-03	2.07930880e-04	1.19853500e-04	2.22405986e-06
294             	6.50933646e-04	2.30411726e-04	2.44306994e-03	2.04792218e-04	1.16769928e-04	2.19350994e-06
295             	6.36967228e-04	2.28468839e-04	2.40049375e-03	2.01698701e-04	1.13757461e-04	2.16324312e-06
296             	6.21908120e-04	2.26565061e-04	2.35864440e-03	1.98652109e-04	1.10802479e-04	2.13361897e-06
297             	6.07478989e-04	2.24710905e-04	2.31749157e-03	1.95608181e-04	1.07906286e-04	2.10416794e-06
298             	5.93273851e-04	2.22896785e-04	2.27727276e-03	1.92588778e-04	1.05068334e-04	2.07560666e-06
299             	5.79581416e-04	2.21120766e-04	2.23791580e-03	1.89637700e-04	1.02299754e-04	2.04686678e-06
300             	5.66162570e-04	2.19389318e-04	2.19978026e-03	1.86700657e-04	9.95968054e-05	2.01862961e-06
301             	5.54059085e-04	2.17692026e-04	2.16257364e-03	1.83804796e-04	9.69550551e-05	1.99076506e-06
302             	5.42205608e-04	2.16023159e-04	2.12602606e-03	1.80920475e-04	9.43667912e-05	1.96338072e-06
303             	5.32242703e-04	2.14394296e-04	2.09037198e-03	1.78070020e-04	9.18218234e-05	1.93545023e-06
304             	5.23510858e-04	2.12792981e-04	2.05533208e-03	1.75267837e-04	8.93258414e-05	1.90821139e-06
305             	5.15711781e-04	2.11218090e-04	2.02096579e-03	1.72525818e-04	8.68746961e-05	1.88101807e-06
306             	5.07648529e-04	2.09647366e-04	1.98701476e-03	1.69809023e-04	8.44760597e-05	1.85406222e-06
307             	5.00496521e-04	2.08089455e-04	1.95368976e-03	1.67130607e-04	8.21457035e-05	1.82777777e-06
308             	4.92810340e-04	2.06536810e-04	1.92068169e-03	1.64473957e-04	7.98756676e-05	1.80256088e-06
309             	4.86025191e-04	2.04982245e-04	1.88803315e-03	1.61854362e-04	7.76540898e-05	1.77712487e-06
310             	4.78630172e-04	2.03433047e-04	1.85576178e-03	1.59270200e-04	7.54761478e-05	1.75252238e-06
311             	4.71380606e-04	2.01878044e-04	1.82387612e-03	1.56739060e-04	7.33438065e-05	1.72808847e-06
312             	4.64085845e-04	2.00308159e-04	1.79230650e-03	1.54263144e-04	7.12590946e-05	1.70411104e-06
313             	4.57446980e-04	1.98736558e-04	1.76119949e-03	1.51828867e-04	6.92293690e-05	1.68045325e-06
314             	4.50628853e-04	1.97168986e-04	1.73072677e-03	1.49445480e-04	6.72502719e-05	1.65709549e-06
315             	4.44272980e-04	1.95597439e-04	1.70086583e-03	1.47122704e-04	6.53316308e-05	1.63429278e-06
316             	4.37326290e-04	1.94023999e-04	1.67152631e-03	1.44860729e-04	6.34811544e-05	1.61230911e-06
317             	4.30810731e-04	1.92449561e-04	1.64300129e-03	1.42655148e-04	6.16968292e-05	1.59041042e-06
318             	4.24169948e-04	1.90875595e-04	1.61503902e-03	1.40496253e-04	5.99804674e-05	1.56936808e-06
319             	4.18349108e-04	1.89308182e-04	1.58797874e-03	1.38382048e-04	5.83164709e-05	1.54843089e-06
320             	4.11136728e-04	1.87749469e-04	1.56167777e-03	1.36297101e-04	5.67075326e-05	1.52784462e-06
321             	4.04347980e-04	1.86180108e-04	1.53610952e-03	1.34268176e-04	5.51490294e-05	1.50686736e-06
322             	3.97015035e-04	1.84614479e-04	1.51111245e-03	1.32281794e-04	5.36494069e-05	1.48683775e-06
323             	3.89677010e-04	1.83076166e-04	1.48664498e-03	1.30346245e-04	5.22019612e-05	1.46688277e-06
324             	3.82441144e-04	1.81537485e-04	1.46281485e-03	1.28459998e-04	5.07992204e-05	1.44687969e-06
325             	3.75621223e-04	1.80016284e-04	1.43969105e-03	1.26625039e-04	4.94422016e-05	1.42809424e-06
326             	3.68312286e-04	1.78520718e-04	1.41698517e-03	1.24820306e-04	4.81307951e-05	1.40884777e-06
327             	3.61766322e-04	1.77024717e-04	1.39490916e-03	1.23048445e-04	4.68634137e-05	1.39032880e-06
328             	3.54787405e-04	1.75541169e-04	1.37332676e-03	1.21315994e-04	4.56363645e-05	1.37233926e-06
329             	3.48023944e-04	1.74083374e-04	1.35224099e-03	1.19629874e-04	4.44544868e-05	1.35511225e-06
330             	3.40859430e-04	1.72636538e-04	1.33173079e-03	1.17969055e-04	4.33090111e-05	1.33769833e-06
331             	3.34051211e-04	1.71205193e-04	1.31187221e-03	1.16330786e-04	4.22068030e-05	1.32060589e-06
332             	3.26667976e-04	1.69793456e-04	1.29233854e-03	1.14715380e-04	4.11354967e-05	1.30381703e-06
333             	3.20211563e-04	1.68398134e-04	1.27334191e-03	1.13135711e-04	4.01018184e-05	1.28720704e-06
334             	3.13619984e-04	1.67030081e-04	1.25478743e-03	1.11600238e-04	3.90943304e-05	1.27064932e-06
335             	3.08193370e-04	1.65691357e-04	1.23664970e-03	1.10112551e-04	3.81193729e-05	1.25429636e-06
336             	3.03057371e-04	1.64375718e-04	1.21895816e-03	1.08679727e-04	3.71714790e-05	1.23801877e-06
337             	2.98651341e-04	1.63091772e-04	1.20173242e-03	1.07301546e-04	3.62520213e-05	1.22204712e-06
338             	2.93893844e-04	1.61825762e-04	1.18495839e-03	1.05975711e-04	3.53578745e-05	1.20611880e-06
339             	2.90426812e-04	1.60579443e-04	1.16872802e-03	1.04661383e-04	3.44890824e-05	1.18998121e-06
340             	2.86926142e-04	1.59349743e-04	1.15289773e-03	1.03377049e-04	3.36487452e-05	1.17461693e-06
341             	2.83689187e-04	1.58136595e-04	1.13740284e-03	1.02126072e-04	3.28320631e-05	1.15902320e-06
342             	2.80355125e-04	1.56926510e-04	1.12232283e-03	1.00904741e-04	3.20482433e-05	1.14316585e-06
343             	2.77677969e-04	1.55729614e-04	1.10762005e-03	9.97172569e-05	3.12928321e-05	1.12822416e-06
344             	2.74316363e-04	1.54541609e-04	1.09325586e-03	9.85554233e-05	3.05567489e-05	1.11303923e-06
345             	2.71613834e-04	1.53352756e-04	1.07926899e-03	9.74235716e-05	2.98421473e-05	1.09794705e-06
346             	2.68092102e-04	1.52173337e-04	1.06554936e-03	9.63154588e-05	2.91395854e-05	1.08330365e-06
347             	2.64816965e-04	1.50998631e-04	1.05222148e-03	9.52314814e-05	2.84586240e-05	1.06813061e-06
348             	2.61626059e-04	1.49818632e-04	1.03931910e-03	9.41744024e-05	2.77987884e-05	1.05319397e-06
349             	2.58839493e-04	1.48648155e-04	1.02671010e-03	9.31525319e-05	2.71551565e-05	1.03847285e-06
350             	2.55327416e-04	1.47475667e-04	1.01431351e-03	9.21440614e-05	2.65250239e-05	1.02340359e-06
351             	2.52630163e-04	1.46290043e-04	1.00215199e-03	9.11493074e-05	2.59144190e-05	1.00871166e-06
352             	2.49363025e-04	1.45108884e-04	9.90205990e-04	9.01718549e-05	2.53196702e-05	9.94737138e-07
353             	2.46434828e-04	1.43929109e-04	9.78518039e-04	8.92005257e-05	2.47493032e-05	9.81188984e-07
354             	2.42397970e-04	1.42749717e-04	9.67009496e-04	8.82425679e-05	2.41944039e-05	9.67032775e-07
355             	2.38389826e-04	1.41576837e-04	9.55689086e-04	8.72994542e-05	2.36563244e-05	9.53478886e-07
356             	2.34055427e-04	1.40402663e-04	9.44418066e-04	8.63549150e-05	2.31264741e-05	9.40699383e-07
357             	2.30568120e-04	1.39224802e-04	9.33362698e-04	8.54187323e-05	2.26097742e-05	9.27667195e-07
358             	2.26796753e-04	1.38060226e-04	9.22429657e-04	8.44881933e-05	2.21035616e-05	9.15053900e-07
359             	2.23817503e-04	1.36896324e-04	9.11692453e-04	8.35709173e-05	2.16034733e-05	9.02714399e-07
360             	2.20955302e-04	1.35730932e-04	9.01224311e-04	8.26581163e-05	2.11087342e-05	8.90157105e-07
361             	2.18674164e-04	1.34575703e-04	8.90856068e-04	8.17519562e-05	2.06259034e-05	8.78318631e-07
362             	2.15750248e-04	1.33429670e-04	8.80614437e-04	8.08474198e-05	2.01435102e-05	8.66131308e-07
363             	2.14270498e-04	1.32279683e-04	8.70543489e-04	7.99459176e-05	1.96644410e-05	8.54161011e-07
364             	2.12142363e-04	1.31150978e-04	8.60511039e-04	7.90479028e-05	1.91907862e-05	8.41989152e-07
365             	2.10263884e-04	1.30032422e-04	8.50536643e-04	7.81604078e-05	1.87182564e-05	8.30151010e-07
366             	2.08055744e-04	1.28907141e-04	8.40683662e-04	7.72753175e-05	1.82523458e-05	8.17619342e-07
367             	2.06291714e-04	1.27795938e-04	8.30869281e-04	7.63925900e-05	1.77928100e-05	8.06205026e-07
368             	2.03685924e-04	1.26682339e-04	8.21121022e-04	7.55188620e-05	1.73333584e-05	7.94620265e-07
369             	2.01840255e-04	1.25553469e-04	8.11481681e-04	7.46456759e-05	1.68793944e-05	7.83100027e-07
370             	1.99847821e-04	1.24427450e-04	8.01908046e-04	7.37740646e-05	1.64286587e-05	7.71778514e-07
371             	1.98119899e-04	1.23310998e-04	7.92355801e-04	7.29190957e-05	1.59804609e-05	7.60715834e-07
372             	1.96245808e-04	1.22196366e-04	7.82850242e-04	7.20595247e-05	1.55361486e-05	7.49005526e-07
373             	1.94639358e-04	1.21087837e-04	7.73435510e-04	7.12086421e-05	1.50954115e-05	7.37930926e-07
374             	1.92538906e-04	1.19989729e-04	7.64033548e-04	7.03581126e-05	1.46582702e-05	7.26809381e-07
375             	1.91338614e-04	1.18881940e-04	7.54724354e-04	6.95080741e-05	1.42258382e-05	7.15507396e-07
376             	1.89407918e-04	1.17776656e-04	7.45378877e-04	6.86499939e-05	1.37969378e-05	7.04674388e-07
377             	1.87919020e-04	1.16654693e-04	7.36102035e-04	6.77989595e-05	1.33741127e-05	6.93799240e-07
378             	1.86441401e-04	1.15518879e-04	7.27011511e-04	6.69603162e-05	1.29553105e-05	6.82638749e-07
379             	1.85176805e-04	1.14375533e-04	7.18026102e-04	6.61533597e-05	1.25419110e-05	6.71689735e-07
380             	1.83449716e-04	1.13231700e-04	7.09039578e-04	6.53470664e-05	1.21374757e-05	6.61040168e-07
381             	1.82552391e-04	1.12075874e-04	7.00202307e-04	6.45426146e-05	1.17376929e-05	6.50492533e-07
382             	1.81234152e-04	1.10933617e-04	6.91405412e-04	6.37492366e-05	1.13430406e-05	6.39576731e-07
383             	1.80296115e-04	1.09780056e-04	6.82691629e-04	6.29684483e-05	1.09576484e-05	6.28981048e-07
384             	1.78904333e-04	1.08616744e-04	6.74109414e-04	6.21821808e-05	1.05790470e-05	6.18345201e-07
385             	1.77711153e-04	1.07455878e-04	6.65579461e-04	6.14062597e-05	1.02086463e-05	6.08338112e-07
386             	1.75625991e-04	1.06297541e-04	6.57114433e-04	6.06245892e-05	9.84638485e-06	5.98282180e-07
387             	1.74386392e-04	1.05124188e-04	6.48794908e-04	5.98490299e-05	9.49274285e-06	5.88372583e-07
388             	1.72795221e-04	1.03959081e-04	6.40595080e-04	5.90969359e-05	9.14899860e-06	5.78784098e-07
389             	1.71551516e-04	1.02789260e-04	6.32462245e-04	5.83359756e-05	8.81499049e-06	5.69602916e-07
390             	1.69697979e-04	1.01615753e-04	6.24260849e-04	5.75632384e-05	8.48943298e-06	5.59949284e-07
391             	1.67646770e-04	1.00434833e-04	6.16031019e-04	5.67977901e-05	8.17247366e-06	5.50518871e-07
392             	1.64789425e-04	9.92549490e-05	6.07813763e-04	5.60228413e-05	7.86532973e-06	5.41157692e-07
393             	1.63043300e-04	9.80632182e-05	5.99749594e-04	5.52617966e-05	7.56785480e-06	5.32143006e-07
394             	1.60700647e-04	9.69009855e-05	5.91775010e-04	5.45194831e-05	7.28093184e-06	5.23247667e-07
395             	1.58533776e-04	9.57341686e-05	5.83843004e-04	5.37737012e-05	7.00198144e-06	5.14010066e-07
396             	1.56170693e-04	9.45573915e-05	5.75994678e-04	5.30356374e-05	6.73110926e-06	5.04673080e-07
397             	1.54250910e-04	9.33861537e-05	5.68133456e-04	5.23054105e-05	6.47118366e-06	4.95885302e-07
398             	1.51503927e-04	9.22163457e-05	5.60221255e-04	5.15683537e-05	6.22115247e-06	4.86848052e-07
399             	1.49337166e-04	9.10217450e-05	5.52375601e-04	5.08396184e-05	5.97965041e-06	4.77481857e-07
400             	1.46916384e-04	8.98443856e-05	5.44522753e-04	5.01103974e-05	5.74719123e-06	4.68612308e-07
401             	1.44788254e-04	8.86689608e-05	5.36739561e-04	4.93920691e-05	5.52368254e-06	4.60104893e-07
402             	1.42327006e-04	8.74913738e-05	5.29006306e-04	4.86763063e-05	5.30683868e-06	4.50720235e-07
403             	1.40083272e-04	8.63203353e-05	5.21292298e-04	4.79627839e-05	5.09892523e-06	4.41801701e-07
404             	1.37173838e-04	8.51557452e-05	5.13502433e-04	4.72552647e-05	4.89865207e-06	4.33066322e-07
405             	1.35239026e-04	8.39902215e-05	5.05790800e-04	4.65542743e-05	4.70838797e-06	4.24636262e-07
406             	1.33033415e-04	8.28517273e-05	4.98093392e-04	4.58608019e-05	4.52470081e-06	4.16550172e-07
407             	1.30939570e-04	8.17169960e-05	4.90420774e-04	4.51772007e-05	4.35051409e-06	4.08440911e-07
408             	1.28847924e-04	8.05775381e-05	4.82813837e-04	4.44958967e-05	4.18323181e-06	4.00148178e-07
409             	1.26976072e-04	7.94469558e-05	4.75239600e-04	4.38222917e-05	4.02364942e-06	3.92606632e-07
410             	1.24397341e-04	7.83373394e-05	4.67685967e-04	4.31551924e-05	3.87061065e-06	3.85024693e-07
411             	1.22470978e-04	7.72169288e-05	4.60214363e-04	4.24928064e-05	3.72331294e-06	3.77267208e-07
412             	1.20432765e-04	7.61199612e-05	4.52775321e-04	4.18461786e-05	3.58335056e-06	3.69983472e-07
413             	1.18572118e-04	7.50219258e-05	4.45385252e-04	4.12069744e-05	3.45073388e-06	3.63017032e-07
414             	1.16706036e-04	7.39337401e-05	4.38101518e-04	4.05674098e-05	3.32385937e-06	3.55897937e-07
415             	1.15016718e-04	7.28611298e-05	4.30885467e-04	3.99407018e-05	3.20253670e-06	3.48865369e-07
416             	1.13017976e-04	7.17959029e-05	4.23677396e-04	3.93154278e-05	3.08648188e-06	3.41707184e-07
417             	1.11526499e-04	7.07267777e-05	4.16632699e-04	3.86937312e-05	2.97673893e-06	3.34921173e-07
418             	1.09767943e-04	6.96826722e-05	4.09646062e-04	3.80808592e-05	2.87290466e-06	3.28734975e-07
419             	1.07991016e-04	6.86483652e-05	4.02721935e-04	3.74668363e-05	2.77251141e-06	3.22123520e-07
420             	1.06343906e-04	6.76119708e-05	3.95874623e-04	3.68552732e-05	2.67694987e-06	3.15530591e-07
421             	1.04963918e-04	6.65913384e-05	3.89087150e-04	3.62509734e-05	2.58566720e-06	3.09652781e-07
422             	1.02989888e-04	6.55825867e-05	3.82282744e-04	3.56490782e-05	2.49802235e-06	3.03323484e-07
423             	1.01869138e-04	6.45699158e-05	3.75629406e-04	3.50579431e-05	2.41496968e-06	2.97516505e-07
424             	1.00238705e-04	6.35852890e-05	3.69039556e-04	3.44709731e-05	2.33426489e-06	2.91675635e-07
425             	9.87381030e-05	6.26035647e-05	3.62501162e-04	3.38847467e-05	2.25836693e-06	2.86061029e-07
426             	9.70733740e-05	6.16279121e-05	3.56102777e-04	3.33045484e-05	2.18530117e-06	2.80326178e-07
427             	9.58080202e-05	6.06660642e-05	3.49766908e-04	3.27320386e-05	2.11632044e-06	2.75246125e-07
428             	9.41114673e-05	5.97234120e-05	3.43464036e-04	3.21660240e-05	2.04936756e-06	2.69926476e-07
429             	9.28943367e-05	5.87853240e-05	3.37329657e-04	3.16019419e-05	1.98679543e-06	2.64920412e-07
430             	9.13136502e-05	5.78762554e-05	3.31214509e-04	3.10454245e-05	1.92532298e-06	2.60073120e-07
431             	9.01191603e-05	5.69714184e-05	3.25155719e-04	3.04952968e-05	1.86713575e-06	2.55397993e-07
432             	8.83089931e-05	5.60815640e-05	3.19255820e-04	2.99481885e-05	1.81016002e-06	2.50645386e-07
433             	8.69091696e-05	5.51986990e-05	3.13391215e-04	2.94107681e-05	1.75684295e-06	2.45945060e-07
434             	8.51436533e-05	5.43358450e-05	3.07616323e-04	2.88840795e-05	1.70542380e-06	2.41115199e-07
435             	8.37606254e-05	5.34757951e-05	3.01954182e-04	2.83549557e-05	1.65729819e-06	2.36707845e-07
436             	8.21606233e-05	5.26403564e-05	2.96400651e-04	2.78494729e-05	1.60994095e-06	2.32513750e-07
437             	8.06887985e-05	5.18142015e-05	2.90807008e-04	2.73440124e-05	1.56484440e-06	2.28160430e-07
438             	7.91145057e-05	5.09858215e-05	2.85236904e-04	2.68308588e-05	1.52068556e-06	2.23526532e-07
439             	7.78729667e-05	5.01755862e-05	2.79676979e-04	2.63341234e-05	1.47920498e-06	2.19554712e-07
440             	7.62687455e-05	4.93759466e-05	2.74210175e-04	2.58398240e-05	1.43907573e-06	2.15696103e-07
441             	7.53236746e-05	4.85754710e-05	2.68936425e-04	2.53567335e-05	1.40200843e-06	2.12159918e-07
442             	7.38694874e-05	4.78077739e-05	2.63795301e-04	2.48939269e-05	1.36577780e-06	2.08839278e-07
443             	7.25920347e-05	4.70320284e-05	2.58704869e-04	2.44338629e-05	1.33019555e-06	2.05271441e-07
444             	7.13295060e-05	4.62592172e-05	2.53725726e-04	2.39768789e-05	1.29545821e-06	2.01603937e-07
445             	7.04492247e-05	4.55015744e-05	2.48792987e-04	2.35255098e-05	1.26218858e-06	1.98465379e-07
446             	6.88219142e-05	4.47528138e-05	2.43867289e-04	2.30706208e-05	1.22977583e-06	1.94996906e-07
447             	6.78929991e-05	4.39982698e-05	2.38984691e-04	2.26208909e-05	1.19847331e-06	1.91589957e-07
448             	6.64724487e-05	4.32669914e-05	2.34247007e-04	2.21843158e-05	1.16821768e-06	1.88194920e-07
449             	6.54770498e-05	4.25357137e-05	2.29480918e-04	2.17483382e-05	1.13950611e-06	1.84818800e-07
450             	6.40580139e-05	4.18180854e-05	2.24895625e-04	2.13267007e-05	1.11093212e-06	1.81414931e-07
451             	6.28981099e-05	4.11091485e-05	2.20441699e-04	2.09206778e-05	1.08477531e-06	1.78263154e-07
452             	6.12712457e-05	4.04123314e-05	2.15938408e-04	2.05137864e-05	1.05761447e-06	1.74586534e-07
453             	6.04818762e-05	3.97057702e-05	2.11579695e-04	2.01115006e-05	1.03249947e-06	1.71397078e-07
454             	5.90541284e-05	3.90344200e-05	2.07266188e-04	1.97163876e-05	1.00813160e-06	1.68367479e-07
455             	5.78944711e-05	3.83557875e-05	2.03007416e-04	1.93289321e-05	9.84705035e-07	1.65053775e-07
456             	5.67879633e-05	3.76782475e-05	1.98920684e-04	1.89491175e-05	9.61573912e-07	1.61738068e-07
457             	5.59696741e-05	3.70159989e-05	1.94917615e-04	1.85807849e-05	9.39951661e-07	1.58826735e-07
458             	5.45453308e-05	3.63641885e-05	1.90933170e-04	1.82174968e-05	9.19097673e-07	1.55704190e-07
459             	5.39416923e-05	3.57047457e-05	1.87100451e-04	1.78597441e-05	8.99644786e-07	1.52948000e-07
460             	5.30397820e-05	3.50768841e-05	1.83267929e-04	1.75107800e-05	8.79372154e-07	1.50633574e-07
461             	5.23153111e-05	3.44500316e-05	1.79485013e-04	1.71634419e-05	8.60710112e-07	1.47848844e-07
462             	5.12258109e-05	3.38283233e-05	1.75820663e-04	1.68188233e-05	8.41832624e-07	1.45244120e-07
463             	5.06223622e-05	3.32178953e-05	1.72259305e-04	1.64930051e-05	8.25359279e-07	1.43321457e-07
464             	4.95116583e-05	3.26213063e-05	1.68717232e-04	1.61649315e-05	8.07563463e-07	1.40880173e-07
465             	4.89436965e-05	3.20173645e-05	1.65254489e-04	1.58376599e-05	7.91367483e-07	1.38558776e-07
466             	4.79868530e-05	3.14365199e-05	1.61877247e-04	1.55295182e-05	7.75881598e-07	1.36709019e-07
467             	4.70945616e-05	3.08571073e-05	1.58556752e-04	1.52194065e-05	7.61170519e-07	1.34886963e-07
468             	4.62549281e-05	3.02822063e-05	1.55331524e-04	1.49178522e-05	7.45799004e-07	1.32700198e-07
469             	4.57854574e-05	2.97211734e-05	1.52159677e-04	1.46265388e-05	7.32192440e-07	1.31022249e-07
470             	4.47200653e-05	2.91693871e-05	1.49022321e-04	1.43384665e-05	7.18728518e-07	1.29018356e-07
471             	4.44097953e-05	2.86160766e-05	1.46014431e-04	1.40589637e-05	7.06804919e-07	1.27287567e-07
472             	4.36310984e-05	2.80923339e-05	1.43054400e-04	1.37837809e-05	6.94287971e-07	1.25646250e-07
473             	4.30895294e-05	2.75656990e-05	1.40117902e-04	1.35075342e-05	6.82274857e-07	1.23713069e-07
474             	4.23429348e-05	2.70414771e-05	1.37274757e-04	1.32388107e-05	6.70261558e-07	1.21817966e-07
475             	4.20064585e-05	2.65323759e-05	1.34481816e-04	1.29715410e-05	6.59470656e-07	1.20233409e-07
476             	4.09703301e-05	2.60381908e-05	1.31707029e-04	1.27090022e-05	6.47827521e-07	1.18312771e-07
477             	4.05975265e-05	2.55354444e-05	1.28990814e-04	1.24433220e-05	6.37113405e-07	1.16442693e-07
478             	3.97747012e-05	2.50557944e-05	1.26332816e-04	1.21882304e-05	6.27249567e-07	1.15065354e-07
479             	3.90815473e-05	2.45809343e-05	1.23725564e-04	1.19414427e-05	6.19094027e-07	1.13671241e-07
480             	3.82198990e-05	2.41106699e-05	1.21177505e-04	1.16937029e-05	6.08419674e-07	1.11658957e-07
481             	3.76996179e-05	2.36480968e-05	1.18688568e-04	1.14564466e-05	5.98713963e-07	1.10187367e-07
482             	3.66562118e-05	2.31995049e-05	1.16205460e-04	1.12202745e-05	5.89842667e-07	1.08719463e-07
483             	3.62134714e-05	2.27519279e-05	1.13814394e-04	1.09832925e-05	5.81655137e-07	1.07349711e-07
484             	3.52565387e-05	2.23193605e-05	1.11459494e-04	1.07593169e-05	5.72501291e-07	1.06999440e-07
485             	3.45558946e-05	2.18861440e-05	1.09105004e-04	1.05359571e-05	5.64641225e-07	1.06297803e-07
486             	3.37721553e-05	2.14554627e-05	1.06859441e-04	1.03133920e-05	5.55764392e-07	1.05676574e-07
487             	3.33738987e-05	2.10431003e-05	1.04665679e-04	1.01068308e-05	5.47811470e-07	1.05102388e-07
488             	3.22677053e-05	2.06435788e-05	1.02468291e-04	9.89729814e-06	5.39591455e-07	1.04164003e-07
489             	3.18249658e-05	2.02284819e-05	1.00340348e-04	9.68859355e-06	5.31868761e-07	1.03161943e-07
490             	3.11083932e-05	1.98419216e-05	9.82433635e-05	9.49301144e-06	5.23911325e-07	1.02337105e-07
491             	3.05987473e-05	1.94653230e-05	9.61761013e-05	9.29909617e-06	5.16995048e-07	1.01511760e-07
492             	2.99976631e-05	1.90870091e-05	9.42105197e-05	9.11103927e-06	5.09460598e-07	1.00261043e-07
493             	2.97367884e-05	1.87176929e-05	9.22627603e-05	8.93289941e-06	5.02454453e-07	9.95612042e-08
494             	2.91071763e-05	1.83629699e-05	9.03562364e-05	8.75581646e-06	4.95465692e-07	9.86381607e-08
495             	2.88969074e-05	1.80110549e-05	8.85598145e-05	8.59226100e-06	4.89216861e-07	9.78692532e-08
496             	2.83265909e-05	1.76685756e-05	8.67505565e-05	8.42510686e-06	4.82598571e-07	9.71635453e-08
497             	2.79593350e-05	1.73300056e-05	8.49438562e-05	8.26249592e-06	4.75916643e-07	9.64588763e-08
498             	2.75701117e-05	1.69933195e-05	8.32330686e-05	8.10430871e-06	4.68561840e-07	9.57042157e-08
499             	2.73281093e-05	1.66773189e-05	8.15340466e-05	7.95294618e-06	4.61782176e-07	9.50271704e-08
500             	2.65949132e-05	1.63629312e-05	7.98381363e-05	7.79664802e-06	4.55008034e-07	9.42771558e-08
501             	2.64709266e-05	1.60428968e-05	7.82321746e-05	7.64159136e-06	4.48645146e-07	9.34989941e-08
502             	2.60397433e-05	1.57450907e-05	7.66349379e-05	7.48750786e-06	4.41725214e-07	9.30026894e-08
503             	2.55666651e-05	1.54498476e-05	7.50513035e-05	7.34416082e-06	4.35657960e-07	9.22152718e-08
504             	2.50415744e-05	1.51472701e-05	7.35519883e-05	7.19492990e-06	4.28730665e-07	9.11493280e-08
505             	2.47622097e-05	1.48622746e-05	7.20617683e-05	7.04984408e-06	4.22401747e-07	9.02279555e-08
506             	2.42071093e-05	1.45853925e-05	7.05491671e-05	6.90409181e-06	4.16660848e-07	8.91833941e-08
507             	2.38551769e-05	1.43120062e-05	6.91525639e-05	6.76133966e-06	4.10930398e-07	8.82647974e-08
508             	2.31677408e-05	1.40424553e-05	6.77397648e-05	6.62528992e-06	4.05383597e-07	8.73792742e-08
509             	2.27227631e-05	1.37773569e-05	6.63509801e-05	6.49412332e-06	4.00787103e-07	8.62427510e-08
510             	2.23187965e-05	1.35150236e-05	6.50172834e-05	6.35746841e-06	3.95177860e-07	8.51107225e-08
511             	2.19047176e-05	1.32707940e-05	6.36851950e-05	6.23033994e-06	3.90574695e-07	8.42302808e-08
512             	2.11180827e-05	1.30199449e-05	6.23629741e-05	6.10309323e-06	3.85779680e-07	8.31024850e-08
513             	2.11293883e-05	1.27653278e-05	6.11143254e-05	5.98103092e-06	3.81206686e-07	8.21883160e-08
514             	2.07135049e-05	1.25389243e-05	5.98752192e-05	5.86731920e-06	3.76545700e-07	8.13945234e-08
515             	2.02633464e-05	1.23094277e-05	5.86257179e-05	5.74715480e-06	3.72741845e-07	8.05805937e-08
516             	1.97705488e-05	1.20710833e-05	5.74396245e-05	5.62896734e-06	3.68118342e-07	7.95540033e-08
517             	1.97654894e-05	1.18451228e-05	5.62745051e-05	5.52151141e-06	3.64121277e-07	7.90062549e-08
518             	1.93168210e-05	1.16340355e-05	5.50833458e-05	5.40612450e-06	3.60242001e-07	7.81982290e-08
519             	1.91309564e-05	1.14135346e-05	5.39792577e-05	5.29819161e-06	3.56870045e-07	7.76253828e-08
520             	1.87336955e-05	1.12107161e-05	5.28737347e-05	5.19511105e-06	3.53042152e-07	7.71821860e-08
521             	1.85831151e-05	1.10043902e-05	5.17497183e-05	5.08800917e-06	3.49605919e-07	7.66287973e-08
522             	1.82685846e-05	1.08005392e-05	5.06874465e-05	4.98647208e-06	3.45694317e-07	7.58976435e-08
523             	1.81433149e-05	1.06015990e-05	4.96426149e-05	4.89098911e-06	3.42066914e-07	7.56614571e-08
524             	1.75978963e-05	1.04076879e-05	4.85761983e-05	4.79735136e-06	3.38208958e-07	7.50524854e-08
525             	1.76799136e-05	1.02097399e-05	4.75864169e-05	4.70554834e-06	3.34663626e-07	7.44416758e-08
526             	1.75972134e-05	1.00293327e-05	4.65949337e-05	4.61725495e-06	3.30656067e-07	7.41287545e-08
527             	1.73660531e-05	9.85164643e-06	4.56171344e-05	4.53152761e-06	3.27157285e-07	7.36213766e-08
528             	1.70731974e-05	9.66932995e-06	4.46964726e-05	4.44619939e-06	3.23378725e-07	7.28143153e-08
529             	1.71732067e-05	9.49710918e-06	4.37739758e-05	4.36260662e-06	3.19690396e-07	7.22890278e-08
530             	1.68095157e-05	9.33302657e-06	4.28473022e-05	4.28368191e-06	3.15604281e-07	7.15148990e-08
531             	1.69204577e-05	9.15446208e-06	4.19932837e-05	4.19906702e-06	3.12222684e-07	7.08453613e-08
532             	1.66592764e-05	8.99883265e-06	4.11440779e-05	4.12278626e-06	3.08818783e-07	7.03615106e-08
533             	1.65481253e-05	8.83419267e-06	4.02970329e-05	4.04606747e-06	3.05235957e-07	6.96021187e-08
534             	1.62004899e-05	8.67146370e-06	3.94859514e-05	3.96475871e-06	3.01321311e-07	6.85727937e-08
535             	1.62341218e-05	8.51207064e-06	3.86473520e-05	3.88462688e-06	2.98491578e-07	6.81794672e-08
536             	1.56906167e-05	8.36513273e-06	3.78161463e-05	3.81067457e-06	2.95472406e-07	6.72887295e-08
537             	1.57562756e-05	8.19997959e-06	3.70537015e-05	3.73093299e-06	2.92206130e-07	6.65039348e-08
538             	1.54063265e-05	8.05941860e-06	3.63048645e-05	3.66477525e-06	2.88781538e-07	6.58977177e-08
539             	1.51068097e-05	7.91238017e-06	3.55355334e-05	3.58975616e-06	2.85923673e-07	6.54065006e-08
540             	1.48087172e-05	7.76527898e-06	3.48462215e-05	3.51935986e-06	2.83106370e-07	6.47167335e-08
541             	1.49493462e-05	7.62439829e-06	3.41614030e-05	3.45616576e-06	2.79976030e-07	6.44463954e-08
542             	1.43624433e-05	7.49524463e-06	3.34826342e-05	3.38967875e-06	2.76770558e-07	6.35896543e-08
543             	1.43764555e-05	7.34573561e-06	3.28286702e-05	3.31978124e-06	2.73839256e-07	6.29705980e-08
544             	1.40112387e-05	7.21559335e-06	3.21672997e-05	3.25417596e-06	2.70706698e-07	6.25368625e-08
545             	1.38939652e-05	7.08101898e-06	3.14763501e-05	3.18557446e-06	2.68102457e-07	6.21745441e-08
546             	1.37439184e-05	6.94738714e-06	3.08661021e-05	3.12331488e-06	2.65104119e-07	6.15589024e-08
547             	1.37358526e-05	6.82440035e-06	3.02518849e-05	3.06302342e-06	2.62235976e-07	6.12389508e-08
548             	1.31856526e-05	6.70214212e-06	2.96082565e-05	3.00202879e-06	2.59140008e-07	6.05486914e-08
549             	1.33728510e-05	6.56980038e-06	2.90440679e-05	2.94993643e-06	2.56354365e-07	5.99877233e-08
550             	1.31189500e-05	6.46159510e-06	2.84996760e-05	2.89942722e-06	2.53346758e-07	5.99226798e-08
551             	1.30794215e-05	6.34731405e-06	2.79275644e-05	2.85390215e-06	2.51235136e-07	5.94745651e-08
552             	1.28401860e-05	6.22873854e-06	2.74373081e-05	2.80818900e-06	2.48357277e-07	5.88107759e-08
553             	1.29202620e-05	6.11688646e-06	2.69104273e-05	2.76126076e-06	2.45520252e-07	5.86871961e-08
554             	1.25388379e-05	6.01135094e-06	2.63589075e-05	2.71606883e-06	2.42931093e-07	5.83194582e-08
555             	1.28039352e-05	5.89318226e-06	2.58737774e-05	2.67081721e-06	2.41080903e-07	5.80391216e-08
556             	1.27711992e-05	5.79471999e-06	2.53723357e-05	2.62665496e-06	2.38774829e-07	5.82249154e-08
557             	1.27863507e-05	5.70260219e-06	2.48927542e-05	2.58387599e-06	2.37461352e-07	5.81278019e-08
558             	1.25720280e-05	5.59790771e-06	2.44474177e-05	2.53264309e-06	2.35070257e-07	5.76814565e-08
559             	1.27017977e-05	5.50408773e-06	2.39925185e-05	2.48704388e-06	2.33103176e-07	5.75430032e-08
560             	1.22525525e-05	5.41093159e-06	2.35047036e-05	2.44199070e-06	2.31155325e-07	5.73041706e-08
561             	1.24205257e-05	5.31164748e-06	2.31214523e-05	2.39889134e-06	2.29834035e-07	5.68602946e-08
562             	1.21419202e-05	5.22724206e-06	2.27043349e-05	2.35728392e-06	2.27846734e-07	5.66364071e-08
563             	1.21630416e-05	5.13536889e-06	2.22577490e-05	2.31133104e-06	2.26981340e-07	5.62582095e-08
564             	1.18265512e-05	5.04585642e-06	2.18605902e-05	2.26421833e-06	2.25424819e-07	5.59246510e-08
565             	1.17520447e-05	4.96249771e-06	2.14396404e-05	2.22192766e-06	2.24376053e-07	5.57404633e-08
566             	1.12204817e-05	4.87660433e-06	2.09706110e-05	2.17269246e-06	2.22396902e-07	5.49746453e-08
567             	1.13603706e-05	4.78047270e-06	2.05948279e-05	2.12914882e-06	2.20816107e-07	5.43908108e-08
568             	1.09700658e-05	4.70837300e-06	2.01929142e-05	2.08928760e-06	2.19097068e-07	5.41717674e-08
569             	1.07211160e-05	4.62667318e-06	1.97790501e-05	2.04447353e-06	2.17792157e-07	5.34821502e-08
570             	1.05634690e-05	4.53829610e-06	1.94211096e-05	2.00848610e-06	2.15689219e-07	5.28922915e-08
571             	1.07414115e-05	4.46698466e-06	1.90883422e-05	1.97568317e-06	2.14785413e-07	5.27693793e-08
572             	1.00527977e-05	4.39352130e-06	1.86680260e-05	1.93385285e-06	2.13093502e-07	5.22622939e-08
573             	1.02155447e-05	4.30228224e-06	1.83276722e-05	1.89973336e-06	2.12270292e-07	5.19783786e-08
574             	1.00520893e-05	4.23291547e-06	1.79625460e-05	1.86204178e-06	2.09617351e-07	5.18290016e-08
575             	9.91327160e-06	4.15767264e-06	1.75742580e-05	1.82205262e-06	2.07710382e-07	5.12794612e-08
576             	9.74467172e-06	4.07980936e-06	1.72613047e-05	1.78786594e-06	2.05813278e-07	5.09317077e-08
577             	9.69649900e-06	4.01355396e-06	1.69362890e-05	1.75531769e-06	2.04393012e-07	5.09724953e-08
578             	9.22340316e-06	3.94684721e-06	1.65633729e-05	1.72182269e-06	2.02499553e-07	5.05948998e-08
579             	9.47434455e-06	3.86729550e-06	1.62753011e-05	1.69272425e-06	2.01210273e-07	5.03958909e-08
580             	9.24260122e-06	3.80971171e-06	1.59774886e-05	1.66658627e-06	1.99264167e-07	5.03684504e-08
581             	9.21313941e-06	3.74653622e-06	1.56566664e-05	1.64339690e-06	1.98338420e-07	5.02646077e-08
582             	9.17639281e-06	3.68099698e-06	1.54102995e-05	1.61739834e-06	1.96221111e-07	4.98996384e-08
583             	9.39517290e-06	3.62565188e-06	1.51337210e-05	1.59279612e-06	1.94455277e-07	4.99266372e-08
584             	8.97920711e-06	3.56913926e-06	1.48171161e-05	1.56915370e-06	1.92504636e-07	4.95009106e-08
585             	9.26631782e-06	3.49545612e-06	1.45700893e-05	1.53810232e-06	1.90845884e-07	4.91750454e-08
586             	9.14753366e-06	3.44731828e-06	1.43006260e-05	1.51613673e-06	1.88391111e-07	4.89971930e-08
587             	9.16531620e-06	3.39373105e-06	1.40094183e-05	1.49302775e-06	1.86782795e-07	4.85512396e-08
588             	9.12144240e-06	3.33273127e-06	1.37840663e-05	1.46923850e-06	1.84940084e-07	4.82575977e-08
589             	9.30935167e-06	3.28825821e-06	1.35564527e-05	1.45244388e-06	1.83670387e-07	4.82171809e-08
590             	8.95678199e-06	3.24145694e-06	1.32880554e-05	1.43122581e-06	1.81247613e-07	4.74756887e-08
591             	9.16406468e-06	3.18178969e-06	1.30852346e-05	1.40514818e-06	1.79381215e-07	4.69672077e-08
592             	8.94743146e-06	3.13709008e-06	1.28572385e-05	1.38565165e-06	1.77365072e-07	4.68040168e-08
593             	8.88606177e-06	3.08913586e-06	1.26060965e-05	1.36321078e-06	1.76256092e-07	4.62183867e-08
594             	8.72343251e-06	3.03102306e-06	1.24275470e-05	1.33915406e-06	1.74054616e-07	4.57986585e-08
595             	8.98433612e-06	2.98576611e-06	1.22130643e-05	1.31943950e-06	1.72726463e-07	4.56393857e-08
596             	8.35829140e-06	2.94791107e-06	1.19825864e-05	1.29589961e-06	1.71179731e-07	4.53576717e-08
597             	8.60340242e-06	2.88914338e-06	1.18039141e-05	1.27376370e-06	1.70517693e-07	4.51558003e-08
598             	8.41709083e-06	2.85439603e-06	1.16120295e-05	1.25615867e-06	1.68878675e-07	4.49514184e-08
599             	8.40490387e-06	2.80850706e-06	1.13952516e-05	1.23455756e-06	1.67722203e-07	4.46512539e-08
600             	8.15323845e-06	2.76289897e-06	1.12564501e-05	1.21731289e-06	1.66732220e-07	4.43467125e-08
601             	8.26070846e-06	2.72448528e-06	1.10897537e-05	1.19798618e-06	1.65751400e-07	4.42204143e-08
602             	7.81094069e-06	2.68386983e-06	1.08721297e-05	1.17333623e-06	1.64172183e-07	4.37749906e-08
603             	8.20215567e-06	2.62973033e-06	1.07142921e-05	1.15568863e-06	1.63054289e-07	4.35438994e-08
604             	7.97277878e-06	2.60098844e-06	1.05463463e-05	1.13806418e-06	1.62298982e-07	4.37898698e-08
605             	7.92231139e-06	2.56732310e-06	1.03506323e-05	1.12489285e-06	1.61891140e-07	4.36695971e-08
606             	7.73971859e-06	2.52552880e-06	1.02003373e-05	1.11120874e-06	1.59923558e-07	4.32398719e-08
607             	7.99922268e-06	2.48964959e-06	1.00512473e-05	1.09919881e-06	1.58541894e-07	4.33078539e-08
608             	7.60957247e-06	2.46088935e-06	9.87284321e-06	1.09114278e-06	1.57517794e-07	4.31675750e-08
609             	7.94650206e-06	2.41408484e-06	9.78191821e-06	1.08090881e-06	1.56429309e-07	4.28986386e-08
610             	7.81559318e-06	2.39205766e-06	9.67110303e-06	1.07215292e-06	1.55054871e-07	4.30653797e-08
611             	7.91032317e-06	2.36052687e-06	9.52822639e-06	1.06451398e-06	1.53983915e-07	4.28053346e-08
612             	7.72087389e-06	2.31789497e-06	9.39451471e-06	1.04976946e-06	1.52340261e-07	4.25865536e-08
613             	8.02121986e-06	2.28411180e-06	9.25885740e-06	1.03681400e-06	1.51477222e-07	4.28505184e-08
614             	7.76881364e-06	2.26314107e-06	9.09318623e-06	1.02613830e-06	1.50199607e-07	4.26437803e-08
615             	7.98013829e-06	2.22889311e-06	9.00944157e-06	1.01320999e-06	1.49140051e-07	4.24055409e-08
616             	7.71858791e-06	2.20811318e-06	8.87598663e-06	1.00477750e-06	1.47711993e-07	4.25662235e-08
617             	7.83547183e-06	2.17921520e-06	8.74443061e-06	9.89035088e-07	1.47389276e-07	4.24924609e-08
618             	7.64111405e-06	2.15185370e-06	8.67456358e-06	9.76839066e-07	1.45959409e-07	4.20481829e-08
619             	7.84660640e-06	2.12169708e-06	8.57008044e-06	9.63624057e-07	1.44755924e-07	4.18094966e-08
620             	7.28507918e-06	2.10072849e-06	8.42787457e-06	9.45750935e-07	1.43942662e-07	4.16672405e-08
621             	7.47988357e-06	2.05872572e-06	8.33605029e-06	9.28161682e-07	1.43376298e-07	4.14072845e-08
622             	7.19886978e-06	2.03756293e-06	8.19177086e-06	9.15447850e-07	1.41959338e-07	4.11202265e-08
623             	7.31443774e-06	2.00463029e-06	8.03719069e-06	8.95312966e-07	1.41398568e-07	4.08362719e-08
624             	6.97991783e-06	1.97676421e-06	7.96169937e-06	8.83536562e-07	1.40627914e-07	4.04627835e-08
625             	7.00545433e-06	1.95224444e-06	7.85224961e-06	8.70368921e-07	1.40176561e-07	4.02263041e-08
626             	6.61922136e-06	1.92787451e-06	7.70393749e-06	8.52649696e-07	1.39003067e-07	3.96514928e-08
627             	6.89592571e-06	1.89164832e-06	7.64312397e-06	8.44283369e-07	1.38430764e-07	3.93838276e-08
628             	6.57383370e-06	1.87298938e-06	7.53188638e-06	8.29890181e-07	1.37277615e-07	3.92590527e-08
629             	6.44169530e-06	1.84412622e-06	7.39125991e-06	8.16011064e-07	1.36759326e-07	3.88753645e-08
630             	6.28014933e-06	1.80729462e-06	7.28861500e-06	8.03631185e-07	1.35108843e-07	3.85060110e-08
631             	6.54692478e-06	1.78054408e-06	7.16055438e-06	7.90321455e-07	1.33878550e-07	3.83922858e-08
632             	6.09392838e-06	1.75827312e-06	7.01410655e-06	7.76441771e-07	1.33141108e-07	3.82149478e-08
633             	6.38101618e-06	1.72274535e-06	6.94129093e-06	7.66589202e-07	1.33064690e-07	3.82353588e-08
634             	6.19185167e-06	1.71178160e-06	6.84344348e-06	7.55841244e-07	1.31434692e-07	3.82201380e-08
635             	6.15612807e-06	1.69020699e-06	6.71352814e-06	7.48877235e-07	1.30410612e-07	3.80281922e-08
636             	5.94889865e-06	1.65839677e-06	6.64582257e-06	7.40577954e-07	1.28947413e-07	3.78649383e-08
637             	6.22437888e-06	1.63709097e-06	6.54553367e-06	7.32437492e-07	1.28015846e-07	3.79022394e-08
638             	5.91548701e-06	1.62531672e-06	6.44482029e-06	7.29828152e-07	1.27058687e-07	3.77096089e-08
639             	6.30510967e-06	1.59921600e-06	6.39965366e-06	7.23121787e-07	1.26134351e-07	3.75828355e-08
640             	6.17689167e-06	1.59021015e-06	6.32477305e-06	7.18483298e-07	1.25118533e-07	3.77566201e-08
641             	6.25031157e-06	1.57224612e-06	6.20981506e-06	7.11550991e-07	1.24882289e-07	3.78038252e-08
642             	6.18992018e-06	1.54706303e-06	6.14034456e-06	7.00542323e-07	1.23044590e-07	3.72878709e-08
643             	6.35804340e-06	1.53172685e-06	6.04712439e-06	6.95197610e-07	1.22031499e-07	3.72679190e-08
644             	6.15607241e-06	1.51673189e-06	5.94300641e-06	6.91530702e-07	1.21327516e-07	3.70002618e-08
645             	6.40271030e-06	1.49420090e-06	5.89585300e-06	6.84824711e-07	1.20287771e-07	3.67025158e-08
646             	6.25436407e-06	1.48188397e-06	5.82478197e-06	6.83522616e-07	1.18948844e-07	3.65973822e-08
647             	6.37568608e-06	1.46769538e-06	5.73832781e-06	6.78561821e-07	1.19399596e-07	3.62000505e-08
648             	6.27836606e-06	1.44484407e-06	5.71635032e-06	6.70083718e-07	1.18898323e-07	3.58163408e-08
649             	6.58999264e-06	1.43580048e-06	5.65946351e-06	6.69309100e-07	1.19192744e-07	3.57612053e-08
650             	6.19455909e-06	1.42738364e-06	5.57863667e-06	6.58553211e-07	1.18719462e-07	3.53810401e-08
651             	6.39889104e-06	1.39836174e-06	5.52529788e-06	6.45809594e-07	1.18192136e-07	3.50677713e-08
652             	6.22655260e-06	1.38886323e-06	5.46589952e-06	6.42398080e-07	1.17825435e-07	3.51278188e-08
653             	6.25099303e-06	1.37331830e-06	5.35912051e-06	6.30008302e-07	1.17726128e-07	3.51203329e-08
654             	6.09765896e-06	1.35491413e-06	5.31208158e-06	6.22692483e-07	1.17313376e-07	3.48258713e-08
655             	6.39873586e-06	1.34184060e-06	5.24983104e-06	6.19882820e-07	1.17117654e-07	3.49136808e-08
656             	5.91123672e-06	1.33588753e-06	5.15650806e-06	6.12262246e-07	1.16636636e-07	3.46302033e-08
657             	6.10206327e-06	1.30754296e-06	5.14009522e-06	6.05137411e-07	1.16356592e-07	3.43662160e-08
658             	5.93344447e-06	1.30039742e-06	5.09991729e-06	5.98329279e-07	1.15784584e-07	3.43767749e-08
659             	5.95481142e-06	1.28756235e-06	5.02473436e-06	5.89533317e-07	1.15889807e-07	3.43344400e-08
660             	5.86584247e-06	1.26840647e-06	4.97628444e-06	5.82938396e-07	1.15446129e-07	3.41179311e-08
661             	5.97524319e-06	1.25885610e-06	4.92511588e-06	5.78195753e-07	1.14856460e-07	3.41632657e-08
662             	5.68165523e-06	1.24715171e-06	4.81508275e-06	5.72935626e-07	1.14565464e-07	3.41029491e-08
663             	5.97984532e-06	1.23390003e-06	4.82697218e-06	5.75109116e-07	1.14490031e-07	3.41981448e-08
664             	5.85912606e-06	1.22703258e-06	4.77832070e-06	5.72889360e-07	1.13641626e-07	3.43377873e-08
665             	5.86294289e-06	1.21745409e-06	4.72026341e-06	5.73060833e-07	1.13519673e-07	3.42753382e-08
666             	5.84253394e-06	1.19572187e-06	4.70934150e-06	5.70922564e-07	1.13030604e-07	3.42029554e-08
667             	6.07636095e-06	1.18619965e-06	4.70204841e-06	5.67636156e-07	1.12614018e-07	3.42062845e-08
668             	5.72894393e-06	1.18007053e-06	4.61932794e-06	5.69940819e-07	1.12542940e-07	3.42241973e-08
669             	6.08947021e-06	1.15762030e-06	4.61663813e-06	5.66177529e-07	1.12311985e-07	3.41241636e-08
670             	5.91471566e-06	1.15098955e-06	4.54976422e-06	5.58485814e-07	1.11530850e-07	3.42743641e-08
671             	6.05086033e-06	1.14161925e-06	4.48737742e-06	5.59081288e-07	1.11368974e-07	3.44302202e-08
672             	5.95609808e-06	1.13574009e-06	4.52140958e-06	5.58325831e-07	1.11086983e-07	3.44008108e-08
673             	6.08081539e-06	1.12756224e-06	4.50407311e-06	5.53430277e-07	1.10551393e-07	3.44908304e-08
674             	5.69592059e-06	1.12110027e-06	4.43774016e-06	5.46416520e-07	1.10291206e-07	3.44095000e-08
675             	5.99598510e-06	1.10018090e-06	4.44174679e-06	5.41446357e-07	1.09871569e-07	3.41476621e-08
676             	5.86583493e-06	1.10442453e-06	4.42748883e-06	5.40104306e-07	1.09146974e-07	3.42422168e-08
677             	5.70606492e-06	1.09276300e-06	4.35617599e-06	5.29767375e-07	1.08892125e-07	3.40526079e-08
678             	5.52032523e-06	1.07210273e-06	4.32425716e-06	5.18888545e-07	1.08196455e-07	3.36953199e-08
679             	5.80905573e-06	1.06114545e-06	4.26693673e-06	5.14528638e-07	1.07740124e-07	3.38459688e-08
680             	5.39070091e-06	1.05824573e-06	4.19883040e-06	5.04304654e-07	1.07574712e-07	3.34151044e-08
681             	5.51591717e-06	1.03408347e-06	4.18829795e-06	4.97759667e-07	1.07236045e-07	3.30834369e-08
682             	5.40988792e-06	1.03339591e-06	4.17430544e-06	4.97635009e-07	1.07062606e-07	3.32085242e-08
683             	5.35926268e-06	1.03256147e-06	4.15408417e-06	4.92936713e-07	1.06669080e-07	3.28602494e-08
684             	5.19585798e-06	1.01665855e-06	4.16373218e-06	4.87265866e-07	1.05873914e-07	3.24594056e-08
685             	5.26447093e-06	1.00549888e-06	4.10995041e-06	4.83073122e-07	1.05733117e-07	3.24346627e-08
686             	4.91717723e-06	9.95074337e-07	4.02447190e-06	4.73969619e-07	1.05441863e-07	3.21612076e-08
687             	5.19997426e-06	9.74471354e-07	4.00005616e-06	4.70696581e-07	1.04999397e-07	3.19547502e-08
688             	5.16610554e-06	9.71181920e-07	3.95138183e-06	4.65418266e-07	1.04527853e-07	3.19027895e-08
689             	5.03430180e-06	9.66271506e-07	3.90014344e-06	4.60846674e-07	1.04620623e-07	3.20168134e-08
690             	4.88886655e-06	9.48107678e-07	3.88580447e-06	4.56971037e-07	1.03868869e-07	3.17117238e-08
691             	5.05393555e-06	9.41699214e-07	3.84501965e-06	4.51520545e-07	1.03325104e-07	3.18852851e-08
692             	4.73273905e-06	9.34522712e-07	3.78303279e-06	4.50002883e-07	1.02696594e-07	3.18479961e-08
693             	4.96313550e-06	9.14517252e-07	3.77711692e-06	4.49492153e-07	1.02538474e-07	3.18602925e-08
694             	4.91046162e-06	9.13836804e-07	3.74370695e-06	4.47846011e-07	1.02184526e-07	3.20680089e-08
695             	4.95467733e-06	9.09785991e-07	3.67750836e-06	4.49777938e-07	1.01977705e-07	3.19876760e-08
696             	4.91739408e-06	8.97213019e-07	3.68460387e-06	4.49601938e-07	1.01032043e-07	3.16954810e-08
697             	5.13377176e-06	8.94169375e-07	3.66787130e-06	4.49767834e-07	1.00544756e-07	3.19604269e-08
698             	4.80420671e-06	8.93268248e-07	3.61486620e-06	4.47727242e-07	9.99177408e-08	3.17632288e-08
699             	5.12867196e-06	8.76075741e-07	3.60305231e-06	4.40894772e-07	9.94239818e-08	3.16266740e-08
700             	5.07449801e-06	8.75655199e-07	3.58732989e-06	4.42190952e-07	9.86853390e-08	3.15865234e-08
701             	5.08652791e-06	8.70735908e-07	3.53654986e-06	4.46129393e-07	9.84983609e-08	3.15843609e-08
702             	5.14251587e-06	8.60806771e-07	3.55153864e-06	4.44095048e-07	9.82143946e-08	3.14537650e-08
703             	5.40417783e-06	8.64443391e-07	3.53352875e-06	4.48953251e-07	9.76537960e-08	3.14830458e-08
704             	5.16703150e-06	8.62256416e-07	3.47737875e-06	4.48158010e-07	9.69968387e-08	3.09763898e-08
705             	5.44239898e-06	8.47184597e-07	3.49610618e-06	4.44032907e-07	9.69622614e-08	3.09058201e-08
706             	5.34300329e-06	8.56562059e-07	3.50656137e-06	4.48650823e-07	9.66976619e-08	3.09188262e-08
707             	5.31507252e-06	8.55768756e-07	3.47028799e-06	4.43567481e-07	9.63095465e-08	3.05655885e-08
708             	5.38579002e-06	8.41271037e-07	3.47269325e-06	4.36918142e-07	9.55547946e-08	3.03797573e-08
709             	5.50182904e-06	8.43953290e-07	3.45965586e-06	4.39167346e-07	9.56853875e-08	3.07107205e-08
710             	5.07236173e-06	8.41042477e-07	3.39062450e-06	4.31265606e-07	9.55053474e-08	3.05721895e-08
711             	5.31419100e-06	8.25044656e-07	3.37561067e-06	4.25771041e-07	9.51377075e-08	3.04140457e-08
712             	5.41262687e-06	8.27505127e-07	3.34819146e-06	4.28851922e-07	9.48807342e-08	3.06051764e-08
713             	5.26312287e-06	8.34375319e-07	3.30554524e-06	4.26581483e-07	9.52466302e-08	3.05884770e-08
714             	5.01960724e-06	8.16601932e-07	3.30724380e-06	4.20848463e-07	9.47955371e-08	3.02064717e-08
715             	5.24704792e-06	8.12146467e-07	3.30891740e-06	4.18262496e-07	9.43450279e-08	3.01879720e-08
716             	5.01210758e-06	8.11948627e-07	3.26571073e-06	4.10647246e-07	9.39429212e-08	3.00634058e-08
717             	5.11161312e-06	7.98206514e-07	3.25781587e-06	4.05684551e-07	9.38650010e-08	3.00637023e-08
718             	5.09731894e-06	7.93328417e-07	3.20793127e-06	4.02546451e-07	9.40697488e-08	3.04442830e-08
719             	5.19751456e-06	7.97106072e-07	3.16284328e-06	4.02916652e-07	9.39503311e-08	3.05766487e-08
720             	5.08720416e-06	7.89006050e-07	3.16560757e-06	4.07271206e-07	9.34616068e-08	3.04260670e-08
721             	5.19836884e-06	7.86584191e-07	3.15984994e-06	4.09642866e-07	9.33803171e-08	3.06922481e-08
722             	4.88173716e-06	7.81899836e-07	3.10265629e-06	4.07275232e-07	9.32372498e-08	3.07963117e-08
723             	5.22004778e-06	7.68711845e-07	3.12805059e-06	4.08638264e-07	9.28996924e-08	3.05743266e-08
724             	5.36950910e-06	7.72937276e-07	3.12735900e-06	4.08967926e-07	9.28010745e-08	3.08003195e-08
725             	5.22983760e-06	7.78658754e-07	3.11480118e-06	4.15459652e-07	9.28713253e-08	3.09439578e-08
726             	5.09113756e-06	7.60389292e-07	3.09382042e-06	4.07692295e-07	9.26463659e-08	3.07770326e-08
727             	5.39544852e-06	7.56428383e-07	3.06341258e-06	4.03002366e-07	9.22582760e-08	3.10090149e-08
728             	5.19155918e-06	7.58744171e-07	3.00730818e-06	4.03241255e-07	9.19740396e-08	3.10204475e-08
729             	5.27718019e-06	7.52915984e-07	3.05636063e-06	4.05155520e-07	9.21302435e-08	3.11258633e-08
730             	5.18313955e-06	7.55033198e-07	3.05560924e-06	4.00659811e-07	9.20270711e-08	3.13629514e-08
731             	5.19551421e-06	7.59241621e-07	3.05451955e-06	4.01672576e-07	9.20226141e-08	3.11625603e-08
732             	5.14585800e-06	7.46790273e-07	3.05027510e-06	3.94402901e-07	9.13500776e-08	3.09383546e-08
733             	5.20140979e-06	7.47435945e-07	3.03577837e-06	3.95920327e-07	9.15902830e-08	3.11963196e-08
734             	4.88310731e-06	7.41223190e-07	2.96574151e-06	3.89926023e-07	9.17873734e-08	3.10847286e-08
735             	5.13325339e-06	7.30189607e-07	2.97946833e-06	3.84579833e-07	9.16947338e-08	3.08210000e-08
736             	5.05346188e-06	7.32696090e-07	2.94399844e-06	3.84280686e-07	9.11307477e-08	3.08357787e-08
737             	4.99960052e-06	7.29787668e-07	2.90104093e-06	3.80518069e-07	9.17899858e-08	3.09312059e-08
738             	4.84300208e-06	7.19498490e-07	2.92257341e-06	3.73116164e-07	9.17610451e-08	3.06260054e-08
739             	4.92380939e-06	7.18898097e-07	2.92728196e-06	3.73805528e-07	9.14208436e-08	3.03769368e-08
740             	4.71792036e-06	7.16104887e-07	2.89428853e-06	3.69509916e-07	9.09753600e-08	3.01330803e-08
741             	4.81445445e-06	7.09432275e-07	2.94457586e-06	3.64851936e-07	9.14683087e-08	3.01524081e-08
742             	4.61201113e-06	7.06714353e-07	2.89834064e-06	3.59888405e-07	9.15948039e-08	3.01638978e-08
743             	4.68097267e-06	7.00238074e-07	2.82970991e-06	3.54535772e-07	9.16154054e-08	2.98822770e-08
744             	4.55182158e-06	6.89500651e-07	2.83228582e-06	3.51208109e-07	9.08749387e-08	2.95547160e-08
745             	4.60320148e-06	6.88828473e-07	2.82009366e-06	3.52294443e-07	9.08444165e-08	2.97563517e-08
746             	4.24591464e-06	6.85962535e-07	2.76167222e-06	3.48089626e-07	9.07478403e-08	2.96441441e-08
747             	4.69078863e-06	6.70650021e-07	2.78058572e-06	3.48737059e-07	9.09105272e-08	2.95947175e-08
748             	4.52230386e-06	6.80829380e-07	2.80024709e-06	3.51156357e-07	9.04121998e-08	2.99594803e-08
749             	4.40859987e-06	6.76897516e-07	2.74360784e-06	3.48527821e-07	9.06518465e-08	3.00572569e-08
750             	4.28617431e-06	6.66083257e-07	2.74725645e-06	3.49645587e-07	9.06770432e-08	2.99657003e-08
751             	4.58459209e-06	6.64329567e-07	2.72027032e-06	3.53372999e-07	9.01689511e-08	3.00589354e-08
752             	4.32749269e-06	6.64143348e-07	2.66415149e-06	3.53882085e-07	8.94180157e-08	2.97565465e-08
753             	4.78111197e-06	6.51749014e-07	2.70497772e-06	3.56765550e-07	8.97072792e-08	2.99257003e-08
754             	4.60196387e-06	6.68864436e-07	2.75209398e-06	3.58949855e-07	8.96649166e-08	3.02560010e-08
755             	4.62054878e-06	6.73300161e-07	2.73552279e-06	3.60192379e-07	8.93235533e-08	2.99301345e-08
756             	4.61137980e-06	6.60350727e-07	2.76205204e-06	3.58976377e-07	8.86172391e-08	2.97379130e-08
757             	4.94252779e-06	6.58114294e-07	2.74756636e-06	3.58003720e-07	8.88932947e-08	3.01411149e-08
758             	4.54122827e-06	6.64033021e-07	2.71384527e-06	3.61189973e-07	8.90590598e-08	2.99434930e-08
759             	4.78484623e-06	6.50972671e-07	2.71856077e-06	3.62033718e-07	8.85075261e-08	2.96010650e-08
760             	4.87028601e-06	6.54950656e-07	2.69981987e-06	3.65833475e-07	8.78127199e-08	2.96567565e-08
761             	4.93251498e-06	6.58232455e-07	2.66500096e-06	3.68697370e-07	8.81955772e-08	2.96356495e-08
762             	4.93511408e-06	6.51632594e-07	2.69849872e-06	3.67435584e-07	8.82031378e-08	2.93226621e-08
763             	5.16740860e-06	6.63684137e-07	2.73377488e-06	3.72497952e-07	8.78479425e-08	2.94107462e-08
764             	4.86507080e-06	6.68226578e-07	2.71479303e-06	3.70228159e-07	8.73360978e-08	2.90150002e-08
765             	5.11510808e-06	6.58044739e-07	2.73637928e-06	3.66472197e-07	8.75872860e-08	2.90851086e-08
766             	5.01822226e-06	6.64213751e-07	2.72374264e-06	3.65680071e-07	8.77046971e-08	2.95436395e-08
767             	5.01328017e-06	6.69798747e-07	2.68358167e-06	3.65447333e-07	8.77349884e-08	2.94083706e-08
768             	4.98851985e-06	6.62384865e-07	2.69877657e-06	3.60922887e-07	8.74142866e-08	2.92518946e-08
769             	5.12263792e-06	6.69857291e-07	2.69661848e-06	3.66400003e-07	8.76928781e-08	2.94973339e-08
770             	4.73051228e-06	6.69082100e-07	2.63461271e-06	3.58317371e-07	8.77271584e-08	2.93010162e-08
771             	4.95358088e-06	6.55626043e-07	2.64267131e-06	3.53146898e-07	8.75294192e-08	2.90122084e-08
772             	4.88205830e-06	6.57774506e-07	2.65545382e-06	3.52497561e-07	8.71592576e-08	2.90106968e-08
773             	4.79695834e-06	6.61229290e-07	2.63781351e-06	3.51870298e-07	8.77141837e-08	2.91689441e-08
774             	4.74408792e-06	6.46823055e-07	2.63114628e-06	3.45381431e-07	8.78566660e-08	2.91215001e-08
775             	4.92917895e-06	6.53140217e-07	2.61892228e-06	3.50498786e-07	8.76050787e-08	2.93125353e-08
776             	4.65195788e-06	6.47318102e-07	2.54143486e-06	3.44772743e-07	8.71024974e-08	2.93091710e-08
777             	4.79967064e-06	6.40658622e-07	2.57174116e-06	3.49908617e-07	8.75617379e-08	2.94451394e-08
778             	4.79381034e-06	6.46413500e-07	2.58503326e-06	3.55476013e-07	8.78242408e-08	2.99268050e-08
779             	4.80576521e-06	6.54982958e-07	2.58244630e-06	3.55958663e-07	8.79156352e-08	2.97552421e-08
780             	4.88204390e-06	6.42002878e-07	2.59367000e-06	3.55377998e-07	8.74232926e-08	2.96973502e-08
781             	5.03247646e-06	6.47117868e-07	2.61918142e-06	3.61683560e-07	8.76107846e-08	3.00521067e-08
782             	4.71251525e-06	6.42078744e-07	2.55229441e-06	3.51571810e-07	8.78180043e-08	2.99749699e-08
783             	5.01067838e-06	6.33571820e-07	2.57966094e-06	3.51630264e-07	8.75686561e-08	2.97733342e-08
784             	4.95974686e-06	6.35875008e-07	2.54372443e-06	3.49033257e-07	8.70317268e-08	3.01628815e-08
785             	4.98342884e-06	6.37741251e-07	2.50456617e-06	3.48228034e-07	8.75376926e-08	3.04372665e-08
786             	4.81997274e-06	6.36473651e-07	2.55472960e-06	3.50604281e-07	8.76700002e-08	3.03220666e-08
787             	4.96950471e-06	6.39155885e-07	2.57586234e-06	3.51990837e-07	8.73160414e-08	3.03029760e-08
788             	4.75926529e-06	6.40679307e-07	2.55069455e-06	3.48635483e-07	8.69722572e-08	3.01326793e-08
789             	4.97822870e-06	6.34292805e-07	2.59215211e-06	3.49617606e-07	8.76953667e-08	3.02733319e-08
790             	4.83648836e-06	6.41251732e-07	2.57191299e-06	3.49441397e-07	8.78474752e-08	3.05054442e-08
791             	4.82862680e-06	6.40292565e-07	2.52457058e-06	3.49911777e-07	8.75495902e-08	3.03043587e-08
792             	4.78812055e-06	6.30807013e-07	2.54140470e-06	3.47308475e-07	8.69032539e-08	3.00069792e-08
793             	4.97865067e-06	6.32939230e-07	2.54692570e-06	3.45166863e-07	8.74121848e-08	3.03780104e-08
794             	4.55849128e-06	6.33930962e-07	2.49789397e-06	3.40771908e-07	8.76176010e-08	3.01256386e-08
795             	4.86841170e-06	6.18868845e-07	2.52905818e-06	3.35534893e-07	8.75343370e-08	2.98901316e-08
796             	4.73341013e-06	6.26560081e-07	2.55187268e-06	3.33909394e-07	8.71369573e-08	2.97869234e-08
797             	4.63098085e-06	6.27216243e-07	2.54477785e-06	3.31931856e-07	8.80159366e-08	2.98522289e-08
798             	4.48248432e-06	6.20934566e-07	2.58158552e-06	3.26768367e-07	8.83647000e-08	2.96779888e-08
799             	4.63055759e-06	6.19624481e-07	2.55247916e-06	3.22188179e-07	8.82198665e-08	2.96117216e-08
800             	4.31318829e-06	6.16993901e-07	2.48239795e-06	3.20623161e-07	8.77688843e-08	2.92153450e-08
801             	4.46935046e-06	6.03534300e-07	2.51127750e-06	3.17084433e-07	8.81734893e-08	2.92956432e-08
802             	4.28332603e-06	6.11721778e-07	2.50443951e-06	3.19456833e-07	8.82230392e-08	2.94383488e-08
803             	4.38991405e-06	6.13186241e-07	2.48124250e-06	3.22657956e-07	8.82514073e-08	2.93216228e-08
804             	4.42750509e-06	6.03358368e-07	2.49898715e-06	3.16816751e-07	8.79728833e-08	2.93264850e-08
805             	4.45534833e-06	6.07640796e-07	2.52224246e-06	3.20240877e-07	8.82547622e-08	2.97806001e-08
806             	4.02862418e-06	6.06470469e-07	2.46248145e-06	3.21826127e-07	8.83796495e-08	2.96848920e-08
807             	4.41363180e-06	5.92981571e-07	2.47125231e-06	3.21450467e-07	8.82437762e-08	2.95441307e-08
808             	4.39832126e-06	5.99684301e-07	2.45734277e-06	3.26557826e-07	8.74847213e-08	2.96433425e-08
809             	4.53562759e-06	5.97558730e-07	2.40656324e-06	3.25575005e-07	8.78533238e-08	2.96446149e-08
810             	4.39678983e-06	5.94605054e-07	2.46322967e-06	3.24737868e-07	8.79014223e-08	2.95618892e-08
811             	4.60935608e-06	6.04511670e-07	2.50591048e-06	3.30869303e-07	8.74834045e-08	2.95967001e-08
812             	4.42115060e-06	6.10809140e-07	2.50356319e-06	3.31740508e-07	8.69944506e-08	2.93702352e-08
813             	4.71647119e-06	5.98789884e-07	2.53240342e-06	3.29901327e-07	8.71504463e-08	2.95680212e-08
814             	4.54428267e-06	6.06565277e-07	2.53158657e-06	3.32824394e-07	8.70591360e-08	2.97877800e-08
815             	4.57043118e-06	6.07689936e-07	2.49859198e-06	3.35867100e-07	8.67748018e-08	2.95435518e-08
816             	4.57515746e-06	5.99824605e-07	2.51504074e-06	3.38978828e-07	8.62225213e-08	2.92715998e-08
817             	4.98709377e-06	6.04976610e-07	2.50441116e-06	3.44520212e-07	8.67128244e-08	2.95965817e-08
818             	4.65619277e-06	6.14407738e-07	2.47350714e-06	3.45239141e-07	8.68326367e-08	2.93471184e-08
819             	4.98783999e-06	6.04967075e-07	2.50484383e-06	3.45901918e-07	8.63775145e-08	2.89736440e-08
820             	4.94090465e-06	6.16749506e-07	2.54050684e-06	3.49684282e-07	8.60285327e-08	2.90333453e-08
821             	4.92793553e-06	6.25281905e-07	2.55045970e-06	3.49127385e-07	8.64524526e-08	2.91261184e-08
822             	4.78820008e-06	6.20463962e-07	2.58009351e-06	3.46400077e-07	8.64096025e-08	2.89653377e-08
823             	5.11966661e-06	6.25367560e-07	2.57305263e-06	3.45662595e-07	8.60940545e-08	2.91963650e-08
824             	4.75619953e-06	6.32109265e-07	2.52896421e-06	3.43890099e-07	8.59490219e-08	2.91046243e-08
825             	4.91125480e-06	6.24151370e-07	2.55364998e-06	3.45219065e-07	8.62121642e-08	2.92123402e-08
826             	4.77138152e-06	6.31728565e-07	2.54535382e-06	3.45854842e-07	8.62283274e-08	2.92899502e-08
827             	4.97061615e-06	6.31327877e-07	2.50619828e-06	3.42864420e-07	8.63683164e-08	2.92159269e-08
828             	4.83649036e-06	6.28255581e-07	2.53375274e-06	3.43485837e-07	8.56064219e-08	2.89488940e-08
829             	4.86258626e-06	6.24807862e-07	2.53830652e-06	3.39674080e-07	8.58304780e-08	2.89028160e-08
830             	4.58249743e-06	6.21864214e-07	2.49257827e-06	3.34359214e-07	8.63213618e-08	2.88922332e-08
831             	4.96756749e-06	6.17298237e-07	2.53699530e-06	3.37647771e-07	8.62887046e-08	2.88887138e-08
832             	4.82019067e-06	6.22682759e-07	2.50176913e-06	3.33637540e-07	8.59200925e-08	2.91606642e-08
833             	4.74856568e-06	6.22504314e-07	2.47133402e-06	3.37135154e-07	8.64311693e-08	2.93063011e-08
834             	4.64442640e-06	6.13418509e-07	2.50118334e-06	3.38395083e-07	8.64219376e-08	2.93896281e-08
835             	4.96295410e-06	6.20776877e-07	2.52804687e-06	3.43904564e-07	8.62320314e-08	2.97140242e-08
836             	4.67077144e-06	6.29115163e-07	2.50100273e-06	3.44898015e-07	8.61433213e-08	2.95896483e-08
837             	4.84637607e-06	6.15592200e-07	2.53423976e-06	3.43747415e-07	8.63701716e-08	2.97498777e-08
838             	4.76718749e-06	6.18995658e-07	2.51170258e-06	3.43816961e-07	8.64799596e-08	2.99937971e-08
839             	5.00324015e-06	6.20232650e-07	2.48894031e-06	3.41779191e-07	8.67792374e-08	2.99829405e-08
840             	4.93909347e-06	6.25290323e-07	2.53767553e-06	3.44939110e-07	8.62576430e-08	2.99320918e-08
841             	4.95338445e-06	6.21350337e-07	2.51326846e-06	3.41316130e-07	8.63190846e-08	3.01485259e-08
842             	4.63571001e-06	6.16896474e-07	2.45253534e-06	3.38435330e-07	8.65856196e-08	3.01899393e-08
843             	5.08614728e-06	6.08540635e-07	2.50949917e-06	3.38872800e-07	8.68137730e-08	3.01231606e-08
844             	4.93782099e-06	6.25569982e-07	2.54166026e-06	3.44025235e-07	8.65076600e-08	3.01728150e-08
845             	4.82014342e-06	6.26449299e-07	2.53694278e-06	3.43925754e-07	8.69192860e-08	3.01651596e-08
846             	4.75487047e-06	6.16803339e-07	2.55405693e-06	3.40488784e-07	8.69970651e-08	3.01421827e-08
847             	5.00878011e-06	6.21137318e-07	2.54163460e-06	3.45276802e-07	8.69020307e-08	3.02486046e-08
848             	4.74047025e-06	6.24403231e-07	2.48922867e-06	3.43707114e-07	8.64498695e-08	2.99560671e-08
849             	4.88704458e-06	6.13266476e-07	2.53076214e-06	3.41340721e-07	8.67169433e-08	2.99981579e-08
850             	4.83507151e-06	6.18139983e-07	2.52283599e-06	3.40156443e-07	8.69507195e-08	3.02269368e-08
851             	4.89625267e-06	6.21266268e-07	2.51590544e-06	3.39556779e-07	8.72174942e-08	3.01008130e-08
852             	4.75029018e-06	6.10733976e-07	2.53444556e-06	3.33861683e-07	8.67432756e-08	2.97278526e-08
853             	4.86590937e-06	6.08925329e-07	2.55172910e-06	3.31784234e-07	8.70064543e-08	2.99614763e-08
854             	4.41796340e-06	6.16759759e-07	2.53964536e-06	3.26985102e-07	8.75568953e-08	2.98229886e-08
855             	4.60709691e-06	6.05022295e-07	2.55288229e-06	3.21122761e-07	8.74889019e-08	2.95018519e-08
856             	4.60037073e-06	6.09633634e-07	2.53171355e-06	3.19179287e-07	8.71585731e-08	2.95105427e-08
857             	4.47799967e-06	6.12372857e-07	2.50006023e-06	3.15982779e-07	8.76690807e-08	2.96760659e-08
858             	4.22641519e-06	6.02964242e-07	2.50920089e-06	3.14075344e-07	8.76911200e-08	2.93324865e-08
859             	4.47939215e-06	6.03099127e-07	2.51004241e-06	3.16495764e-07	8.75752512e-08	2.93804645e-08
860             	4.20840204e-06	6.05380203e-07	2.47453959e-06	3.16620904e-07	8.69658710e-08	2.92386536e-08
861             	4.30511514e-06	5.89986803e-07	2.49820543e-06	3.13723689e-07	8.71256213e-08	2.93677304e-08
862             	4.24413799e-06	5.88188370e-07	2.47237512e-06	3.14366421e-07	8.71602240e-08	2.95826661e-08
863             	4.31650801e-06	5.91598962e-07	2.45207249e-06	3.16899202e-07	8.75678000e-08	2.96054549e-08
864             	4.36193865e-06	5.86499907e-07	2.46584663e-06	3.19395088e-07	8.70571750e-08	2.93516231e-08
865             	4.56785767e-06	5.88954338e-07	2.44456651e-06	3.20709217e-07	8.72714389e-08	2.96222892e-08
866             	4.27046355e-06	5.89912933e-07	2.40721311e-06	3.20417893e-07	8.71041860e-08	2.94701138e-08
867             	4.62197845e-06	5.80833786e-07	2.45192839e-06	3.21204015e-07	8.68615505e-08	2.91979357e-08
868             	4.59266704e-06	5.92865637e-07	2.49745418e-06	3.23963982e-07	8.63022920e-08	2.93438728e-08
869             	4.58488979e-06	6.00432804e-07	2.49210897e-06	3.26563452e-07	8.67384268e-08	2.94884035e-08
870             	4.59112183e-06	5.95036407e-07	2.53358383e-06	3.25862585e-07	8.68515078e-08	2.94864171e-08
871             	4.79540168e-06	6.03321983e-07	2.53976796e-06	3.28055918e-07	8.65076443e-08	2.95980418e-08
872             	4.48947451e-06	6.04823834e-07	2.49646764e-06	3.31572382e-07	8.60083656e-08	2.92885664e-08
873             	4.80297046e-06	5.94654269e-07	2.49914624e-06	3.32657188e-07	8.63641663e-08	2.93319383e-08
874             	4.78378343e-06	6.06195295e-07	2.49386959e-06	3.36447679e-07	8.66057930e-08	2.95478256e-08
875             	4.81325175e-06	6.11161890e-07	2.45680938e-06	3.39226265e-07	8.64115317e-08	2.91475330e-08
876             	4.81369923e-06	6.00635149e-07	2.48782668e-06	3.36008505e-07	8.57444369e-08	2.88329375e-08
877             	4.97541352e-06	6.07645057e-07	2.51000044e-06	3.38119131e-07	8.60535787e-08	2.92027794e-08
878             	4.61080145e-06	6.19463076e-07	2.50957149e-06	3.39313402e-07	8.63599141e-08	2.91133413e-08
879             	4.89750495e-06	6.13247768e-07	2.54291714e-06	3.36511966e-07	8.60875509e-08	2.89634504e-08
880             	4.93646696e-06	6.21188938e-07	2.54187678e-06	3.38276463e-07	8.58283035e-08	2.92778703e-08
881             	4.89336376e-06	6.32184958e-07	2.51996428e-06	3.41263298e-07	8.63856071e-08	2.94726966e-08
882             	4.66133691e-06	6.28204588e-07	2.56082438e-06	3.39474323e-07	8.62450975e-08	2.92877839e-08
883             	4.82742885e-06	6.29394216e-07	2.56278986e-06	3.42547223e-07	8.57478958e-08	2.92000342e-08
884             	4.63588557e-06	6.25114213e-07	2.51481897e-06	3.37555070e-07	8.55153885e-08	2.89807828e-08
885             	4.84383176e-06	6.13176620e-07	2.52206047e-06	3.34113395e-07	8.60230980e-08	2.89534885e-08
886             	4.66468348e-06	6.16973696e-07	2.54268629e-06	3.34076203e-07	8.63887680e-08	2.90130897e-08
887             	4.72902547e-06	6.14322065e-07	2.50059338e-06	3.30248767e-07	8.63698697e-08	2.87690968e-08
888             	4.61812036e-06	6.08178295e-07	2.51790691e-06	3.28891125e-07	8.56043380e-08	2.87208245e-08
889             	4.78075067e-06	6.09634832e-07	2.50309507e-06	3.29671003e-07	8.57932748e-08	2.92100726e-08
890             	4.44764032e-06	6.15284953e-07	2.47137547e-06	3.29889063e-07	8.62748138e-08	2.93392870e-08
891             	4.73676216e-06	6.07223171e-07	2.51034666e-06	3.33993897e-07	8.59456415e-08	2.93774367e-08
892             	4.65529233e-06	6.15804371e-07	2.52069642e-06	3.38002391e-07	8.56695356e-08	2.96664539e-08
893             	4.87960942e-06	6.18532313e-07	2.50665875e-06	3.38875767e-07	8.65762318e-08	3.00921488e-08
894             	4.70276317e-06	6.22574202e-07	2.56102551e-06	3.43441741e-07	8.67343842e-08	3.01477409e-08
895             	4.84039236e-06	6.16729258e-07	2.53915802e-06	3.39654195e-07	8.61621927e-08	3.00352475e-08
896             	4.59683203e-06	6.11381664e-07	2.47612839e-06	3.32099133e-07	8.58327537e-08	2.98739544e-08
897             	4.90943025e-06	6.02404128e-07	2.51034187e-06	3.32654627e-07	8.63344243e-08	3.00804270e-08
898             	4.74333191e-06	6.14344695e-07	2.50794658e-06	3.32934280e-07	8.66779371e-08	3.02309899e-08
899             	4.71982654e-06	6.11570251e-07	2.47100081e-06	3.28984927e-07	8.65164756e-08	3.00631132e-08
900             	4.72898619e-06	6.00718684e-07	2.50210312e-06	3.27922472e-07	8.59920565e-08	2.98512222e-08
901             	4.96014622e-06	6.09135380e-07	2.54047274e-06	3.31957913e-07	8.66293896e-08	3.01713456e-08
902             	4.60002031e-06	6.21837308e-07	2.54323272e-06	3.32810106e-07	8.72062052e-08	3.01692610e-08
903             	4.79119974e-06	6.09860943e-07	2.55666676e-06	3.31774806e-07	8.68285993e-08	2.99221945e-08
904             	4.78876883e-06	6.10771068e-07	2.53053998e-06	3.34015084e-07	8.63630869e-08	3.00892885e-08
905             	4.80969768e-06	6.14512941e-07	2.50043531e-06	3.37835166e-07	8.70454057e-08	3.02883011e-08
906             	4.64077734e-06	6.12016230e-07	2.53548485e-06	3.36297505e-07	8.70148401e-08	3.00085030e-08
907             	5.07082760e-06	6.12002707e-07	2.53901220e-06	3.36255095e-07	8.70978015e-08	3.02152548e-08
908             	4.71102921e-06	6.25243102e-07	2.53882241e-06	3.35365002e-07	8.68830595e-08	3.01055114e-08
909             	4.72020430e-06	6.07700134e-07	2.55419975e-06	3.28652899e-07	8.71073742e-08	2.99086502e-08
910             	4.51231914e-06	6.07376809e-07	2.53586886e-06	3.22227624e-07	8.72607888e-08	3.00780666e-08
911             	4.57669769e-06	6.08443997e-07	2.51289287e-06	3.18953047e-07	8.74187241e-08	2.99571478e-08
912             	4.45277690e-06	6.05754416e-07	2.54589102e-06	3.14844295e-07	8.74197993e-08	2.96527078e-08
913             	4.48078083e-06	6.05716822e-07	2.52839164e-06	3.08925950e-07	8.78659683e-08	2.98389916e-08
914             	4.11324409e-06	6.06885438e-07	2.47718679e-06	3.07282852e-07	8.79026996e-08	2.96353542e-08
915             	4.31086267e-06	5.95405111e-07	2.50361251e-06	3.04181988e-07	8.76845908e-08	2.93464412e-08
916             	4.19826741e-06	5.99514822e-07	2.49990697e-06	3.06837615e-07	8.71982986e-08	2.94054383e-08
917             	4.24844324e-06	5.98192473e-07	2.47356435e-06	3.08452031e-07	8.77935764e-08	2.96541260e-08
918             	4.16777672e-06	5.90993147e-07	2.49981957e-06	3.09811702e-07	8.81377971e-08	2.96991218e-08
919             	4.37228749e-06	5.90213501e-07	2.48290315e-06	3.12490198e-07	8.78786637e-08	2.96272183e-08
920             	4.21231610e-06	5.89914184e-07	2.44067949e-06	3.17240260e-07	8.74223983e-08	2.93841955e-08
921             	4.47161418e-06	5.81376140e-07	2.48265536e-06	3.17939838e-07	8.77553825e-08	2.96368708e-08
922             	4.37426380e-06	5.89372885e-07	2.46326789e-06	3.19723713e-07	8.76154067e-08	2.96552919e-08
923             	4.61534853e-06	5.91801576e-07	2.42433533e-06	3.20573293e-07	8.77319704e-08	2.94489135e-08
924             	4.60423099e-06	5.89947753e-07	2.48340690e-06	3.20615289e-07	8.69773892e-08	2.93619864e-08
925             	4.69989757e-06	5.95888406e-07	2.50469463e-06	3.19379051e-07	8.70075751e-08	2.95080166e-08
926             	4.37715935e-06	6.01800703e-07	2.49570345e-06	3.20850323e-07	8.71709785e-08	2.94172062e-08
927             	4.91205906e-06	5.93748025e-07	2.53453467e-06	3.19049206e-07	8.70589475e-08	2.94029583e-08
928             	4.69996870e-06	6.08036261e-07	2.53962842e-06	3.21198953e-07	8.63821239e-08	2.96351045e-08
929             	4.60934386e-06	6.07072167e-07	2.49117502e-06	3.23977408e-07	8.67242987e-08	2.95588790e-08
930             	4.49186055e-06	5.99386640e-07	2.49803481e-06	3.25625002e-07	8.66936947e-08	2.93944103e-08
931             	4.85498515e-06	6.06080321e-07	2.48914472e-06	3.32589335e-07	8.65945055e-08	2.94112039e-08
932             	4.64224230e-06	6.09987525e-07	2.45255116e-06	3.32471594e-07	8.64464295e-08	2.92771043e-08
933             	4.80428199e-06	6.04834074e-07	2.49109718e-06	3.31492403e-07	8.66847070e-08	2.91029759e-08
934             	4.66875199e-06	6.11671780e-07	2.50582873e-06	3.34052027e-07	8.64969213e-08	2.92754233e-08
935             	4.78309515e-06	6.17902185e-07	2.49310521e-06	3.34408840e-07	8.62628090e-08	2.92868386e-08
936             	4.76432616e-06	6.14865597e-07	2.51727501e-06	3.29643848e-07	8.58278436e-08	2.91283182e-08
937             	4.88477361e-06	6.23283371e-07	2.53190047e-06	3.35617365e-07	8.60620992e-08	2.94530433e-08
938             	4.51088004e-06	6.26128365e-07	2.49215177e-06	3.32793548e-07	8.61851190e-08	2.94051453e-08
939             	4.86765004e-06	6.16544019e-07	2.52976748e-06	3.33419365e-07	8.61789193e-08	2.92756339e-08
940             	4.90466860e-06	6.28337931e-07	2.55208790e-06	3.36425657e-07	8.62420229e-08	2.95042263e-08
941             	4.85538709e-06	6.31752041e-07	2.52348828e-06	3.33684746e-07	8.67539431e-08	2.94181580e-08
942             	4.62981726e-06	6.17759221e-07	2.53511203e-06	3.27329344e-07	8.66484919e-08	2.90568779e-08
943             	4.86493746e-06	6.16444691e-07	2.53553200e-06	3.30779428e-07	8.62841873e-08	2.89803581e-08
944             	4.52337089e-06	6.17089262e-07	2.48437587e-06	3.27304864e-07	8.60017272e-08	2.87359377e-08
945             	4.76859219e-06	6.06165043e-07	2.50198697e-06	3.27280915e-07	8.62408196e-08	2.89933587e-08
946             	4.66799027e-06	6.16366985e-07	2.48891258e-06	3.29881989e-07	8.66054294e-08	2.94695270e-08
947             	4.74707277e-06	6.24253113e-07	2.49394332e-06	3.35746880e-07	8.69129520e-08	2.96310345e-08
948             	4.71515278e-06	6.15083860e-07	2.50331250e-06	3.32868195e-07	8.63864989e-08	2.96271251e-08
949             	4.87670000e-06	6.19980222e-07	2.52029762e-06	3.37346764e-07	8.66683074e-08	3.01193617e-08
950             	4.59321450e-06	6.25887532e-07	2.50214359e-06	3.38353557e-07	8.70253742e-08	3.03075829e-08
951             	4.89592768e-06	6.17250257e-07	2.53496651e-06	3.38032429e-07	8.68450336e-08	3.01274479e-08
952             	4.95249983e-06	6.20522246e-07	2.52034293e-06	3.33435313e-07	8.65459440e-08	3.02661916e-08
953             	4.91608547e-06	6.25620964e-07	2.50539759e-06	3.31927623e-07	8.71448700e-08	3.04938574e-08
954             	4.70799670e-06	6.16787139e-07	2.50465263e-06	3.25682311e-07	8.71054647e-08	3.01629812e-08
955             	4.96004719e-06	6.14519907e-07	2.49541384e-06	3.25136504e-07	8.69049952e-08	3.02110856e-08
956             	4.70023093e-06	6.16728885e-07	2.46005384e-06	3.23220343e-07	8.66047841e-08	3.00713725e-08
957             	4.83933196e-06	6.06032771e-07	2.50492765e-06	3.24681934e-07	8.69524698e-08	3.00066827e-08
958             	4.83869248e-06	6.10332758e-07	2.51199551e-06	3.23820017e-07	8.74393640e-08	3.02787209e-08
959             	4.92435536e-06	6.20784829e-07	2.52764183e-06	3.29711225e-07	8.77836452e-08	3.03754875e-08
960             	4.79419427e-06	6.18772044e-07	2.54660111e-06	3.30337457e-07	8.71126489e-08	2.99601621e-08
961             	4.85453839e-06	6.17597538e-07	2.53183409e-06	3.31973636e-07	8.71797922e-08	3.01436197e-08
962             	4.64462115e-06	6.15630896e-07	2.47629831e-06	3.33839957e-07	8.72839916e-08	3.01879923e-08
963             	4.94254927e-06	6.14138047e-07	2.54207351e-06	3.36932342e-07	8.72970265e-08	3.00652116e-08
964             	4.92758843e-06	6.18729011e-07	2.53942491e-06	3.33076019e-07	8.69875621e-08	3.01742003e-08
965             	4.85302196e-06	6.20290980e-07	2.53049996e-06	3.31545943e-07	8.79629148e-08	3.03563508e-08
966             	4.67307767e-06	6.12253600e-07	2.55004024e-06	3.25950841e-07	8.79174647e-08	3.02614016e-08
967             	4.74914974e-06	6.12263386e-07	2.53909272e-06	3.20204342e-07	8.75857039e-08	3.01184373e-08
968             	4.45202028e-06	6.08574296e-07	2.48927349e-06	3.13667172e-07	8.71971856e-08	3.00099770e-08
969             	4.54409952e-06	6.02284874e-07	2.52456900e-06	3.08989332e-07	8.79105119e-08	2.99832986e-08
970             	4.29078959e-06	6.07109307e-07	2.50833330e-06	3.05600909e-07	8.79565847e-08	2.99723100e-08
971             	4.39451040e-06	6.05498529e-07	2.46319247e-06	3.03040436e-07	8.81174491e-08	2.99319676e-08
972             	4.33854028e-06	6.02032218e-07	2.50976874e-06	3.04818441e-07	8.78914192e-08	2.96295466e-08
973             	4.39184465e-06	6.01104592e-07	2.50891819e-06	3.06896251e-07	8.81041429e-08	2.98628511e-08
974             	4.03464961e-06	6.01028457e-07	2.46785941e-06	3.08699613e-07	8.84893433e-08	2.97839600e-08
975             	4.51253108e-06	5.85552004e-07	2.48708182e-06	3.11023529e-07	8.83870762e-08	2.97379613e-08
976             	4.44266938e-06	5.94943073e-07	2.49359262e-06	3.15830683e-07	8.79943236e-08	2.98554427e-08
977             	4.38318544e-06	5.94889023e-07	2.45367220e-06	3.18160172e-07	8.83742269e-08	2.97607541e-08
978             	4.37894840e-06	5.85995986e-07	2.47872748e-06	3.18572000e-07	8.81108848e-08	2.95542274e-08
979             	4.70408657e-06	5.90578963e-07	2.47292989e-06	3.18125461e-07	8.79211793e-08	2.96849611e-08
980             	4.68647375e-06	5.96155195e-07	2.44406494e-06	3.16163362e-07	8.77279875e-08	2.94581313e-08
981             	4.80073616e-06	5.94287429e-07	2.48377962e-06	3.12040130e-07	8.80636825e-08	2.95069530e-08
982             	4.58691846e-06	6.00906252e-07	2.49262522e-06	3.13172800e-07	8.80949943e-08	2.97193135e-08
983             	4.64352943e-06	6.08086346e-07	2.49119999e-06	3.19407295e-07	8.79047682e-08	2.95324188e-08
984             	4.59059084e-06	6.01637692e-07	2.53019816e-06	3.17868731e-07	8.72035875e-08	2.95265142e-08
985             	4.76195826e-06	6.08962844e-07	2.51783903e-06	3.20105427e-07	8.74328671e-08	2.97498487e-08
986             	4.38562685e-06	6.11088526e-07	2.46954125e-06	3.20431321e-07	8.72032403e-08	2.94839893e-08
987             	4.61335762e-06	6.00524352e-07	2.48253307e-06	3.22036790e-07	8.70557654e-08	2.93942666e-08
988             	4.68097902e-06	6.09790712e-07	2.47890016e-06	3.28151601e-07	8.68947213e-08	2.96075388e-08
989             	4.71157311e-06	6.17055677e-07	2.46897018e-06	3.30229326e-07	8.73759840e-08	2.96419081e-08
990             	4.59907494e-06	6.11444006e-07	2.50081737e-06	3.28495174e-07	8.69890325e-08	2.93737971e-08
991             	4.92385269e-06	6.14743244e-07	2.51224149e-06	3.32447741e-07	8.67199858e-08	2.95452016e-08
992             	4.67785283e-06	6.20215066e-07	2.49408139e-06	3.29588972e-07	8.67202787e-08	2.95822441e-08
993             	4.91939541e-06	6.15676510e-07	2.53348664e-06	3.29076615e-07	8.67466081e-08	2.95408795e-08
994             	4.72394179e-06	6.29067713e-07	2.54138529e-06	3.31909243e-07	8.72785101e-08	2.99299590e-08
995             	4.84407867e-06	6.34177138e-07	2.54545874e-06	3.36893917e-07	8.72620271e-08	2.98029088e-08
996             	4.70096965e-06	6.27620366e-07	2.58298998e-06	3.35524895e-07	8.67641984e-08	2.94345986e-08
997             	4.77559164e-06	6.28927942e-07	2.59211227e-06	3.38145970e-07	8.68078061e-08	2.95996005e-08
998             	4.43251886e-06	6.24732211e-07	2.53564281e-06	3.31420272e-07	8.67019090e-08	2.92293861e-08
999             	4.73280139e-06	6.11244289e-07	2.54307858e-06	3.29667478e-07	8.67111941e-08	2.89730010e-08
1000            	4.81317517e-06	6.14507171e-07	2.52969555e-06	3.31726671e-07	8.65867062e-08	2.91186304e-08
