# Residuals     
# Time          	p               	Ux              	Uy              	Uz              	k               	omega           
0               	N/A             	N/A             	N/A             	N/A             	N/A             	N/A             
1               	1.00000000e+00	6.59953412e-02	7.62457161e-02	7.28788671e-02	1.00000000e+00	3.36453115e-03
2               	2.54302301e-01	5.72545958e-02	6.17896855e-02	5.81234973e-02	3.24178732e-01	2.03231522e-03
3               	8.90828733e-02	5.40959490e-02	6.10523593e-02	5.64100438e-02	2.19970477e-01	1.74259896e-03
4               	4.94618231e-02	5.13415504e-02	6.04511216e-02	5.55324690e-02	1.86891835e-01	1.56066180e-03
5               	4.23023695e-02	4.68032754e-02	5.70370631e-02	5.22500084e-02	1.78335842e-01	1.45808787e-03
6               	5.78662768e-02	4.16449933e-02	5.22661319e-02	4.77946176e-02	1.77523338e-01	1.45347706e-03
7               	7.98060234e-02	3.70667095e-02	4.80333267e-02	4.39964391e-02	1.67263778e-01	1.42151281e-03
8               	1.09423374e-01	3.35360205e-02	4.52089590e-02	4.15219232e-02	1.45014424e-01	1.29864318e-03
9               	1.32972102e-01	3.10527539e-02	4.37185450e-02	4.01606696e-02	1.21665579e-01	1.11819346e-03
10              	1.40407962e-01	2.93580114e-02	4.28564958e-02	3.91898250e-02	1.02434292e-01	9.59705925e-04
11              	1.40879077e-01	2.81394040e-02	4.22813787e-02	3.83569235e-02	8.70169239e-02	8.41277735e-04
12              	1.29285898e-01	2.70218271e-02	4.14955006e-02	3.75515184e-02	7.53804914e-02	7.56591351e-04
13              	1.14601778e-01	2.57241910e-02	4.04068063e-02	3.64475205e-02	6.66045163e-02	7.04498658e-04
14              	9.66309846e-02	2.42757649e-02	3.90671113e-02	3.51258359e-02	5.96673701e-02	6.70129330e-04
15              	8.46650539e-02	2.27925941e-02	3.77808095e-02	3.36804968e-02	5.48312790e-02	6.43716126e-04
16              	7.65550337e-02	2.14754134e-02	3.67369476e-02	3.24926901e-02	5.11407127e-02	6.23065814e-04
17              	7.32931861e-02	2.03615121e-02	3.59335000e-02	3.15183589e-02	4.81481789e-02	6.05837244e-04
18              	6.95029226e-02	1.94613181e-02	3.51315433e-02	3.06892869e-02	4.57783241e-02	5.90535520e-04
19              	6.40592867e-02	1.87226754e-02	3.42793709e-02	2.97656128e-02	4.41408347e-02	5.78928246e-04
20              	5.82968352e-02	1.81172525e-02	3.34063737e-02	2.88589035e-02	4.31817308e-02	5.69865946e-04
21              	5.42250401e-02	1.75986451e-02	3.25263833e-02	2.79959924e-02	4.22204990e-02	5.60187422e-04
22              	5.13805157e-02	1.70717842e-02	3.17482039e-02	2.71699595e-02	4.11275167e-02	5.48750867e-04
23              	4.92638190e-02	1.65287109e-02	3.09836136e-02	2.63709371e-02	3.91961322e-02	5.34732331e-04
24              	4.93510997e-02	1.59900491e-02	3.02534359e-02	2.56296836e-02	3.69454573e-02	5.19105442e-04
25              	5.00957559e-02	1.54873305e-02	2.95998323e-02	2.49849439e-02	3.50107047e-02	5.01993943e-04
26              	5.12103873e-02	1.50496768e-02	2.90195157e-02	2.44351870e-02	3.32615886e-02	4.82243626e-04
27              	5.13655040e-02	1.46514137e-02	2.84622608e-02	2.38885681e-02	3.16312604e-02	4.55074662e-04
28              	5.08904106e-02	1.42898531e-02	2.79120486e-02	2.33854429e-02	3.00393044e-02	4.29455790e-04
29              	4.91741836e-02	1.39400583e-02	2.74115138e-02	2.28930428e-02	2.85671358e-02	4.06073922e-04
30              	4.78807547e-02	1.36164774e-02	2.69130574e-02	2.24127543e-02	2.72856613e-02	3.87472279e-04
31              	4.79496617e-02	1.33135386e-02	2.64526974e-02	2.19812768e-02	2.62807423e-02	3.70307079e-04
32              	4.79990662e-02	1.30197763e-02	2.60093801e-02	2.15696502e-02	2.52191294e-02	3.55854440e-04
33              	4.84095496e-02	1.27426078e-02	2.55829010e-02	2.11944520e-02	2.42992291e-02	3.44823682e-04
34              	4.86248303e-02	1.24708117e-02	2.51625690e-02	2.08014430e-02	2.36886842e-02	3.34161156e-04
35              	4.92249345e-02	1.22150117e-02	2.47538566e-02	2.04134940e-02	2.29934308e-02	3.23364004e-04
36              	4.95388024e-02	1.19756609e-02	2.43589314e-02	2.00228601e-02	2.21517898e-02	3.12515835e-04
37              	4.93527717e-02	1.17451996e-02	2.39716727e-02	1.96504984e-02	2.16625683e-02	3.03153723e-04
38              	4.89689586e-02	1.15261585e-02	2.36070756e-02	1.92985137e-02	2.10011543e-02	2.92029048e-04
39              	4.91471035e-02	1.13130684e-02	2.32632947e-02	1.89607938e-02	2.03939927e-02	2.80804967e-04
40              	4.98669356e-02	1.11094283e-02	2.29231041e-02	1.86369506e-02	2.00337969e-02	2.72210671e-04
41              	5.04056891e-02	1.09063543e-02	2.26680462e-02	1.83386969e-02	1.98561973e-02	2.63884883e-04
42              	5.10835270e-02	1.07152392e-02	2.24251690e-02	1.80529425e-02	1.95750835e-02	2.56916072e-04
43              	5.18939565e-02	1.05314596e-02	2.21727523e-02	1.77704288e-02	1.89135460e-02	2.47096865e-04
44              	5.25321699e-02	1.03548099e-02	2.19133477e-02	1.74850284e-02	1.84083710e-02	2.37524701e-04
45              	5.28744497e-02	1.01869317e-02	2.16378737e-02	1.71981656e-02	1.80108923e-02	2.29416380e-04
46              	5.33193022e-02	1.00271592e-02	2.13611341e-02	1.69172761e-02	1.76421727e-02	2.21443876e-04
47              	5.38356657e-02	9.87927785e-03	2.10349395e-02	1.66387502e-02	1.74888812e-02	2.15184512e-04
48              	5.41704400e-02	9.73633704e-03	2.07250549e-02	1.63710206e-02	1.74443681e-02	2.09846714e-04
49              	5.45188850e-02	9.59289906e-03	2.04456040e-02	1.61320072e-02	1.76292122e-02	2.05332288e-04
50              	5.50794364e-02	9.45308266e-03	2.02019688e-02	1.59167981e-02	1.78302690e-02	2.01243633e-04
51              	5.56811841e-02	9.31537178e-03	1.99806650e-02	1.57175722e-02	1.75637272e-02	1.95448519e-04
52              	5.60215541e-02	9.18008271e-03	1.97645189e-02	1.55227706e-02	1.71996978e-02	1.88528105e-04
53              	5.66706840e-02	9.05424271e-03	1.95453652e-02	1.53255476e-02	1.71754276e-02	1.82935594e-04
54              	5.72623195e-02	8.93661442e-03	1.93177034e-02	1.51283462e-02	1.73423404e-02	1.79484248e-04
55              	5.75468379e-02	8.82165094e-03	1.90896730e-02	1.49359744e-02	1.74965623e-02	1.75823219e-04
56              	5.79341073e-02	8.70119132e-03	1.88698490e-02	1.47469012e-02	1.74282102e-02	1.70570302e-04
57              	5.84035813e-02	8.58517258e-03	1.87149365e-02	1.45782436e-02	1.74819822e-02	1.66146468e-04
58              	5.88844356e-02	8.47295106e-03	1.85784595e-02	1.44277540e-02	1.75264015e-02	1.61870743e-04
59              	5.92995572e-02	8.36647239e-03	1.84409395e-02	1.42767259e-02	1.77089872e-02	1.58535022e-04
60              	5.96140119e-02	8.26436735e-03	1.82900539e-02	1.41249415e-02	1.77952133e-02	1.54429161e-04
61              	5.99709457e-02	8.16690273e-03	1.81229344e-02	1.39622769e-02	1.77758519e-02	1.50077855e-04
62              	6.05054696e-02	8.07141607e-03	1.79485284e-02	1.37959725e-02	1.79410471e-02	1.46811476e-04
63              	6.07934779e-02	7.97964537e-03	1.77763234e-02	1.36381747e-02	1.82451035e-02	1.43444442e-04
64              	6.13675895e-02	7.89279604e-03	1.76220478e-02	1.34918097e-02	1.84983469e-02	1.40018389e-04
65              	6.18855100e-02	7.80839298e-03	1.74845681e-02	1.33566213e-02	1.89554307e-02	1.37348720e-04
66              	6.25771130e-02	7.72476378e-03	1.73645477e-02	1.32320443e-02	1.94385580e-02	1.34600803e-04
67              	6.29870988e-02	7.63427456e-03	1.72498997e-02	1.31078075e-02	1.97894764e-02	1.31280076e-04
68              	6.33799445e-02	7.55221202e-03	1.70724666e-02	1.29790162e-02	2.02796408e-02	1.28110505e-04
69              	6.36962984e-02	7.47622597e-03	1.68867594e-02	1.28469791e-02	2.08498368e-02	1.25414149e-04
70              	6.38021436e-02	7.39860079e-03	1.67119087e-02	1.27250193e-02	2.15358710e-02	1.22995043e-04
71              	6.39961611e-02	7.32256579e-03	1.65647124e-02	1.26194079e-02	2.22391343e-02	1.20629897e-04
72              	6.43045350e-02	7.24400765e-03	1.64503392e-02	1.25229034e-02	2.30340019e-02	1.18474466e-04
73              	6.47894343e-02	7.16172116e-03	1.63515443e-02	1.24383379e-02	2.36268569e-02	1.16104104e-04
74              	6.53694611e-02	7.07982234e-03	1.62568209e-02	1.23551223e-02	2.42826973e-02	1.13495032e-04
75              	6.58848827e-02	7.00159099e-03	1.61515454e-02	1.22679352e-02	2.50312058e-02	1.11396626e-04
76              	6.65414192e-02	6.92132943e-03	1.60383067e-02	1.21817747e-02	2.57442578e-02	1.09079269e-04
77              	6.70519653e-02	6.84166270e-03	1.59680970e-02	1.20988043e-02	2.65115377e-02	1.07064870e-04
78              	6.74725842e-02	6.75920457e-03	1.59067788e-02	1.20199207e-02	2.74131386e-02	1.05293091e-04
79              	6.77982845e-02	6.67625045e-03	1.58347598e-02	1.19427534e-02	2.80434153e-02	1.03124535e-04
80              	6.80807507e-02	6.59349574e-03	1.57405213e-02	1.18533854e-02	2.85927073e-02	1.00740674e-04
81              	6.86809508e-02	6.51288623e-03	1.56295580e-02	1.17625308e-02	2.93002102e-02	9.88262140e-05
82              	6.91352453e-02	6.43010335e-03	1.55288226e-02	1.17161171e-02	2.98844595e-02	9.70987824e-05
83              	6.95507341e-02	6.34146326e-03	1.54251022e-02	1.16809503e-02	3.03546808e-02	9.50293722e-05
84              	6.98655297e-02	6.25819484e-03	1.53145654e-02	1.16315969e-02	3.07456552e-02	9.29792050e-05
85              	6.99322594e-02	6.16921340e-03	1.51847789e-02	1.15548549e-02	3.09242939e-02	9.08888276e-05
86              	6.98996219e-02	6.08062044e-03	1.50409880e-02	1.14577575e-02	3.11213658e-02	8.90179224e-05
87              	6.98395085e-02	5.99472751e-03	1.48845630e-02	1.13444380e-02	3.09438486e-02	8.68826882e-05
88              	6.96157664e-02	5.90424328e-03	1.47209365e-02	1.12315298e-02	3.06032308e-02	8.46816549e-05
89              	6.94287037e-02	5.81572457e-03	1.45562495e-02	1.11330729e-02	3.01956265e-02	8.27595774e-05
90              	6.92781843e-02	5.72547663e-03	1.43874450e-02	1.10306474e-02	2.95685077e-02	8.06923580e-05
91              	6.91179665e-02	5.63286251e-03	1.42158969e-02	1.09406249e-02	2.86420318e-02	7.84923212e-05
92              	6.88365160e-02	5.54102310e-03	1.40374657e-02	1.08433327e-02	2.75520095e-02	7.64897172e-05
93              	6.85112164e-02	5.44986055e-03	1.38562223e-02	1.07385878e-02	2.63808391e-02	7.46069761e-05
94              	6.82008945e-02	5.35693694e-03	1.36692132e-02	1.06324475e-02	2.50203274e-02	7.26887927e-05
95              	6.77911712e-02	5.26547048e-03	1.34803668e-02	1.05274003e-02	2.36789984e-02	7.09333382e-05
96              	6.73243438e-02	5.17373964e-03	1.32874559e-02	1.04212072e-02	2.22073549e-02	6.91625304e-05
97              	6.67941070e-02	5.08200274e-03	1.30951570e-02	1.03161622e-02	2.07039470e-02	6.74648127e-05
98              	6.61792006e-02	4.99069178e-03	1.29079428e-02	1.02151320e-02	1.93002115e-02	6.59347699e-05
99              	6.54079047e-02	4.90002146e-03	1.27274718e-02	1.01197659e-02	1.79426199e-02	6.44422218e-05
100             	6.45376067e-02	4.81037454e-03	1.25578147e-02	1.00290648e-02	1.66694292e-02	6.30559407e-05
101             	6.35974797e-02	4.72145643e-03	1.24004316e-02	9.94109068e-03	1.54878934e-02	6.17411703e-05
102             	6.26189495e-02	4.63471614e-03	1.22595836e-02	9.85927275e-03	1.44637215e-02	6.05233064e-05
103             	6.15974064e-02	4.54824244e-03	1.21353234e-02	9.78093932e-03	1.34646983e-02	5.93516310e-05
104             	6.06387311e-02	4.46248194e-03	1.20297666e-02	9.70573197e-03	1.25516674e-02	5.82385451e-05
105             	5.97424372e-02	4.37649165e-03	1.19451825e-02	9.63780496e-03	1.17101055e-02	5.71792807e-05
106             	5.89219999e-02	4.29098230e-03	1.18792128e-02	9.57658674e-03	1.09880866e-02	5.61971209e-05
107             	5.82180455e-02	4.20566465e-03	1.18328617e-02	9.51877241e-03	1.03439334e-02	5.52542057e-05
108             	5.76190942e-02	4.12096292e-03	1.18094415e-02	9.46879252e-03	9.74120302e-03	5.43492770e-05
109             	5.71992477e-02	4.03714672e-03	1.17997596e-02	9.41928006e-03	9.16070982e-03	5.34622420e-05
110             	5.68984677e-02	3.95493875e-03	1.18026100e-02	9.36960585e-03	8.72863605e-03	5.26284723e-05
111             	5.67061067e-02	3.87515155e-03	1.18147700e-02	9.32205408e-03	8.29034443e-03	5.17881507e-05
112             	5.65710710e-02	3.79781559e-03	1.18285611e-02	9.27481608e-03	7.92823178e-03	5.09701675e-05
113             	5.65443681e-02	3.72329933e-03	1.18380993e-02	9.23172786e-03	7.57351900e-03	5.01291741e-05
114             	5.64751112e-02	3.65208898e-03	1.18382493e-02	9.18603850e-03	7.26315956e-03	4.92934745e-05
115             	5.63734657e-02	3.58439478e-03	1.18278558e-02	9.13721525e-03	6.98010466e-03	4.84567903e-05
116             	5.61375043e-02	3.52087095e-03	1.18025252e-02	9.08906568e-03	6.70977113e-03	4.76131579e-05
117             	5.57771248e-02	3.46077089e-03	1.17729023e-02	9.04963696e-03	6.47149747e-03	4.67751128e-05
118             	5.53635488e-02	3.40529986e-03	1.17218532e-02	8.99987939e-03	6.25001106e-03	4.59405900e-05
119             	5.49122601e-02	3.35286174e-03	1.16648189e-02	8.95072738e-03	6.04903139e-03	4.51155342e-05
120             	5.44169660e-02	3.30416423e-03	1.16070609e-02	8.90529460e-03	5.86604375e-03	4.43018339e-05
121             	5.38743178e-02	3.25911472e-03	1.15614276e-02	8.87246168e-03	5.69969943e-03	4.35030164e-05
122             	5.33194133e-02	3.21757106e-03	1.15203856e-02	8.83914279e-03	5.54831693e-03	4.27278831e-05
123             	5.27737100e-02	3.17933994e-03	1.14806006e-02	8.79756373e-03	5.41151668e-03	4.19778553e-05
124             	5.23083164e-02	3.14369208e-03	1.14556656e-02	8.76222861e-03	5.28760798e-03	4.12534254e-05
125             	5.18866250e-02	3.10977473e-03	1.14489176e-02	8.73638832e-03	5.17608792e-03	4.05524670e-05
126             	5.14635822e-02	3.07795864e-03	1.14704055e-02	8.72678987e-03	5.07532791e-03	3.98710927e-05
127             	5.11169001e-02	3.04746432e-03	1.14971188e-02	8.71392754e-03	4.98428213e-03	3.92146302e-05
128             	5.06948475e-02	3.01810109e-03	1.15389618e-02	8.70703006e-03	4.90043065e-03	3.85819148e-05
129             	5.02734069e-02	2.98990932e-03	1.15935491e-02	8.70606738e-03	4.82246663e-03	3.79614044e-05
130             	4.98551183e-02	2.96225745e-03	1.16581649e-02	8.70928364e-03	4.74866809e-03	3.73607378e-05
131             	4.94428841e-02	2.93495840e-03	1.17314525e-02	8.71620262e-03	4.67699010e-03	3.67685499e-05
132             	4.90214104e-02	2.90794297e-03	1.18096505e-02	8.72402630e-03	4.60631139e-03	3.61843576e-05
133             	4.86072266e-02	2.88123619e-03	1.18910842e-02	8.73227081e-03	4.53550206e-03	3.56043411e-05
134             	4.82200994e-02	2.85435294e-03	1.19750707e-02	8.74015256e-03	4.46387157e-03	3.50268001e-05
135             	4.78267613e-02	2.82745653e-03	1.20583191e-02	8.74712954e-03	4.39073126e-03	3.44525467e-05
136             	4.74367247e-02	2.80003618e-03	1.21420655e-02	8.75353308e-03	4.31525399e-03	3.38782116e-05
137             	4.70189531e-02	2.77243906e-03	1.22243291e-02	8.75827320e-03	4.23821947e-03	3.33075464e-05
138             	4.66193482e-02	2.74452950e-03	1.23056392e-02	8.76156552e-03	4.15886032e-03	3.27376917e-05
139             	4.62321712e-02	2.71583260e-03	1.23849426e-02	8.76249752e-03	4.07765424e-03	3.21769074e-05
140             	4.58616511e-02	2.68676713e-03	1.24616606e-02	8.76131390e-03	3.99416315e-03	3.16114159e-05
141             	4.55068862e-02	2.65744634e-03	1.25368073e-02	8.75807437e-03	3.90853735e-03	3.10467702e-05
142             	4.51580645e-02	2.62766279e-03	1.26092254e-02	8.75147348e-03	3.82089964e-03	3.04798515e-05
143             	4.48169670e-02	2.59745038e-03	1.26781008e-02	8.74161144e-03	3.73149677e-03	2.99103274e-05
144             	4.44652912e-02	2.56681793e-03	1.27430590e-02	8.72789767e-03	3.64097069e-03	2.93415683e-05
145             	4.41058394e-02	2.53572468e-03	1.28051118e-02	8.71049515e-03	3.54978134e-03	2.87769115e-05
146             	4.52909947e-02	2.50422407e-03	1.28645309e-02	8.68937383e-03	3.45532239e-03	2.81748830e-05
147             	4.59725413e-02	2.47224478e-03	1.28756876e-02	8.62347055e-03	3.36136964e-03	2.75822542e-05
148             	4.56072084e-02	2.43990076e-03	1.28659294e-02	8.53902852e-03	3.26785419e-03	2.70000411e-05
149             	4.47743932e-02	2.40701973e-03	1.28617062e-02	8.45996932e-03	3.17491949e-03	2.64276823e-05
150             	4.40278547e-02	2.37373987e-03	1.28810858e-02	8.40224634e-03	3.08294538e-03	2.58647070e-05
151             	4.34252172e-02	2.34006240e-03	1.29259747e-02	8.36513634e-03	2.99193544e-03	2.53105604e-05
152             	4.26837910e-02	2.30626567e-03	1.29912328e-02	8.34034998e-03	2.90209161e-03	2.47682959e-05
153             	4.18142277e-02	2.27225256e-03	1.30590616e-02	8.31349483e-03	2.81375038e-03	2.42338370e-05
154             	4.09950607e-02	2.23808772e-03	1.31136166e-02	8.27073005e-03	2.72709445e-03	2.37089253e-05
155             	4.03474452e-02	2.20392555e-03	1.31459332e-02	8.20636228e-03	2.64209597e-03	2.31892375e-05
156             	3.98801515e-02	2.16935719e-03	1.31568593e-02	8.12224029e-03	2.55893101e-03	2.26799305e-05
157             	3.94954455e-02	2.13473047e-03	1.31551360e-02	8.02677820e-03	2.47780869e-03	2.21783593e-05
158             	3.91236465e-02	2.10004331e-03	1.31512630e-02	7.92785454e-03	2.39878772e-03	2.16885983e-05
159             	3.86934214e-02	2.06519144e-03	1.31513228e-02	7.82976248e-03	2.32219386e-03	2.12086618e-05
160             	3.81906049e-02	2.03057856e-03	1.31595224e-02	7.73327531e-03	2.24846281e-03	2.07436678e-05
161             	3.75746002e-02	1.99608623e-03	1.31735348e-02	7.63574203e-03	2.17329332e-03	2.02997801e-05
162             	3.68674215e-02	1.96177317e-03	1.31892054e-02	7.53335661e-03	2.10148839e-03	1.98618106e-05
163             	3.61329288e-02	1.92775891e-03	1.32015031e-02	7.42352101e-03	2.03275077e-03	1.94367228e-05
164             	3.54023996e-02	1.89412014e-03	1.32055584e-02	7.30586976e-03	1.96682130e-03	1.90248748e-05
165             	3.46990185e-02	1.86085808e-03	1.32004372e-02	7.18190324e-03	1.90350560e-03	1.86257595e-05
166             	3.40185717e-02	1.82799829e-03	1.31877626e-02	7.05394741e-03	1.84242064e-03	1.82360757e-05
167             	3.33486501e-02	1.79537847e-03	1.31698413e-02	6.92476490e-03	1.78382850e-03	1.78522716e-05
168             	3.26870721e-02	1.76301389e-03	1.31484264e-02	6.79623918e-03	1.72750021e-03	1.74786411e-05
169             	3.20007899e-02	1.73086553e-03	1.31251891e-02	6.66871424e-03	1.67344301e-03	1.71141743e-05
170             	3.12878675e-02	1.69903833e-03	1.31000229e-02	6.54188136e-03	1.62148778e-03	1.67608411e-05
171             	3.05783785e-02	1.66758903e-03	1.30712113e-02	6.41487131e-03	1.57141682e-03	1.64176138e-05
172             	2.98663568e-02	1.63648895e-03	1.30377926e-02	6.28702786e-03	1.52346679e-03	1.60859752e-05
173             	2.91670662e-02	1.60577736e-03	1.29989287e-02	6.15783498e-03	1.47724521e-03	1.57607332e-05
174             	2.96338346e-02	1.57540334e-03	1.29548402e-02	6.02769221e-03	1.43432269e-03	1.54767902e-05
175             	2.92615982e-02	1.54525868e-03	1.29579329e-02	5.92846746e-03	1.39264284e-03	1.51997608e-05
176             	2.80729472e-02	1.51543737e-03	1.29701657e-02	5.83535695e-03	1.35251625e-03	1.49266741e-05
177             	2.67254637e-02	1.48603791e-03	1.29604808e-02	5.72961061e-03	1.31372474e-03	1.46572520e-05
178             	2.56992495e-02	1.45730328e-03	1.29059315e-02	5.60028968e-03	1.27616141e-03	1.43953075e-05
179             	2.49665897e-02	1.42884498e-03	1.28290891e-02	5.46024701e-03	1.24001635e-03	1.41379972e-05
180             	2.43932374e-02	1.40077665e-03	1.27346272e-02	5.31365031e-03	1.20541071e-03	1.38861865e-05
181             	2.38281917e-02	1.37300514e-03	1.26374568e-02	5.17004584e-03	1.17212840e-03	1.36392696e-05
182             	2.32288879e-02	1.34555741e-03	1.25496466e-02	5.03571361e-03	1.14036088e-03	1.33990196e-05
183             	2.25921953e-02	1.31852480e-03	1.24711924e-02	4.91027750e-03	1.11002855e-03	1.31684506e-05
184             	2.18913978e-02	1.29180910e-03	1.24136047e-02	4.79766484e-03	1.08108110e-03	1.29478349e-05
185             	2.11919745e-02	1.26556802e-03	1.23600278e-02	4.68823340e-03	1.05376480e-03	1.27386944e-05
186             	2.05168226e-02	1.23988174e-03	1.22985427e-02	4.57612635e-03	1.02788307e-03	1.25373169e-05
187             	1.98854367e-02	1.21483823e-03	1.22231929e-02	4.45940156e-03	1.00354828e-03	1.23441598e-05
188             	1.92969333e-02	1.19037197e-03	1.21350436e-02	4.33941694e-03	9.80359360e-04	1.21601180e-05
189             	1.87311127e-02	1.16649798e-03	1.20398941e-02	4.21921725e-03	9.58463232e-04	1.19854296e-05
190             	1.81815952e-02	1.14311295e-03	1.19445229e-02	4.10211701e-03	9.37566973e-04	1.18149332e-05
191             	1.76490465e-02	1.12024506e-03	1.18530490e-02	3.99015840e-03	9.17708618e-04	1.16470391e-05
192             	1.71218898e-02	1.09793349e-03	1.17678234e-02	3.88361503e-03	8.98850999e-04	1.14826521e-05
193             	1.66052256e-02	1.07623443e-03	1.16864409e-02	3.78164525e-03	8.81174913e-04	1.13233121e-05
194             	1.61015929e-02	1.05512818e-03	1.16055595e-02	3.68215457e-03	8.64439806e-04	1.11688894e-05
195             	1.56123259e-02	1.03459489e-03	1.15207428e-02	3.58383903e-03	8.48652567e-04	1.10204163e-05
196             	1.51411842e-02	1.01466733e-03	1.14302906e-02	3.48616701e-03	8.33656384e-04	1.08762216e-05
197             	1.46875922e-02	9.95324629e-04	1.13360178e-02	3.38963786e-03	8.19562627e-04	1.07378832e-05
198             	1.42539736e-02	9.76483918e-04	1.12400495e-02	3.29507737e-03	8.06217282e-04	1.05988276e-05
199             	1.38388685e-02	9.58196142e-04	1.11451430e-02	3.20354820e-03	7.93569928e-04	1.04626958e-05
200             	1.34347757e-02	9.40460033e-04	1.10531314e-02	3.11559583e-03	7.81445042e-04	1.03282286e-05
201             	1.30510152e-02	9.23274231e-04	1.09657464e-02	3.03114906e-03	7.69856932e-04	1.01941640e-05
202             	1.26885063e-02	9.06635576e-04	1.08833963e-02	2.95000172e-03	7.58649872e-04	1.00623239e-05
203             	1.23362412e-02	8.90502976e-04	1.08050089e-02	2.87199138e-03	7.47751558e-04	9.93467731e-06
204             	1.19981608e-02	8.74923790e-04	1.07302110e-02	2.79650229e-03	7.37051208e-04	9.80999542e-06
205             	1.16718299e-02	8.59860358e-04	1.06587839e-02	2.72346661e-03	7.26672266e-04	9.68675216e-06
206             	1.13556736e-02	8.45264848e-04	1.05902250e-02	2.65309608e-03	7.16677260e-04	9.56879780e-06
207             	1.10420700e-02	8.31120439e-04	1.05249523e-02	2.58540377e-03	7.06902580e-04	9.45558724e-06
208             	1.07366585e-02	8.17390737e-04	1.04640982e-02	2.52034286e-03	6.97455651e-04	9.34310792e-06
209             	1.04464843e-02	8.04060240e-04	1.04070629e-02	2.45807001e-03	6.88460745e-04	9.23493517e-06
210             	1.01628128e-02	7.91144238e-04	1.03543403e-02	2.39859570e-03	6.79875546e-04	9.12804701e-06
211             	9.88507353e-03	7.78658802e-04	1.03056729e-02	2.34178058e-03	6.71847799e-04	9.02455877e-06
212             	9.61467803e-03	7.66601965e-04	1.02602856e-02	2.28753023e-03	6.64317594e-04	8.92424641e-06
213             	9.35632252e-03	7.54949250e-04	1.02178492e-02	2.23593013e-03	6.57325820e-04	8.82642997e-06
214             	9.11296730e-03	7.43700458e-04	1.01781043e-02	2.18664322e-03	6.50808285e-04	8.73169378e-06
215             	8.87862392e-03	7.32804282e-04	1.01401964e-02	2.13956587e-03	6.45043075e-04	8.64085428e-06
216             	8.74689056e-03	7.22274965e-04	1.01017990e-02	2.09404584e-03	6.40142227e-04	8.55317531e-06
217             	8.59325586e-03	7.12168144e-04	1.00445660e-02	2.03589498e-03	6.36208341e-04	8.46713290e-06
218             	8.38610132e-03	7.02370895e-04	9.98241612e-03	1.97562002e-03	6.33055856e-04	8.38297418e-06
219             	8.15242091e-03	6.92826170e-04	9.92918110e-03	1.92280349e-03	6.30422432e-04	8.29989761e-06
220             	7.92844443e-03	6.83496418e-04	9.89339929e-03	1.88226658e-03	6.28204984e-04	8.21595086e-06
221             	7.71289531e-03	6.74417823e-04	9.86890967e-03	1.85099306e-03	6.26208602e-04	8.13207468e-06
222             	7.50138978e-03	6.65580596e-04	9.85281975e-03	1.82470859e-03	6.24137955e-04	8.05083454e-06
223             	7.29387547e-03	6.57004091e-04	9.83740700e-03	1.79790464e-03	6.21928072e-04	7.97200058e-06
224             	7.10110374e-03	6.48675438e-04	9.81658654e-03	1.76727986e-03	6.19390166e-04	7.89356598e-06
225             	6.92345014e-03	6.40586484e-04	9.78864352e-03	1.73260603e-03	6.16424894e-04	7.81504606e-06
226             	6.75795842e-03	6.32699228e-04	9.75564367e-03	1.69600108e-03	6.13202633e-04	7.73699207e-06
227             	6.59973305e-03	6.24983051e-04	9.72256135e-03	1.66054462e-03	6.09691489e-04	7.65758598e-06
228             	6.44954497e-03	6.17432121e-04	9.69388913e-03	1.62827006e-03	6.05949931e-04	7.57791984e-06
229             	6.30050505e-03	6.10057028e-04	9.67157484e-03	1.59967305e-03	6.02022385e-04	7.49883643e-06
230             	6.15095953e-03	6.02850816e-04	9.65390123e-03	1.57362942e-03	5.97939096e-04	7.42055612e-06
231             	6.00771266e-03	5.95802761e-04	9.63832687e-03	1.54857042e-03	5.93866724e-04	7.34151541e-06
232             	5.87181276e-03	5.88903351e-04	9.62021667e-03	1.52316941e-03	5.89770279e-04	7.26329864e-06
233             	5.74082923e-03	5.82157208e-04	9.59693108e-03	1.49666181e-03	5.85815070e-04	7.18511966e-06
234             	5.61651014e-03	5.75513869e-04	9.56804478e-03	1.46932680e-03	5.81984427e-04	7.10627210e-06
235             	5.49329240e-03	5.68956065e-04	9.53395973e-03	1.44199020e-03	5.78350917e-04	7.02818172e-06
236             	5.37419728e-03	5.62475938e-04	9.49681221e-03	1.41543570e-03	5.74782698e-04	6.94875306e-06
237             	5.25938682e-03	5.56075022e-04	9.45839993e-03	1.38994559e-03	5.71094851e-04	6.86804971e-06
238             	5.14641087e-03	5.49759846e-04	9.41983605e-03	1.36553932e-03	5.67309980e-04	6.78949263e-06
239             	5.04011701e-03	5.43569133e-04	9.38136029e-03	1.34189528e-03	5.63356291e-04	6.71211991e-06
240             	4.93965831e-03	5.37495720e-04	9.34272100e-03	1.31846494e-03	5.59327640e-04	6.63665075e-06
241             	4.84411857e-03	5.31531671e-04	9.30275924e-03	1.29501460e-03	5.55103076e-04	6.56153979e-06
242             	4.75235106e-03	5.25677099e-04	9.26114144e-03	1.27141245e-03	5.50621558e-04	6.48391550e-06
243             	4.66135170e-03	5.19928547e-04	9.21803771e-03	1.24795498e-03	5.45968441e-04	6.40613292e-06
244             	4.57081227e-03	5.14301671e-04	9.17394077e-03	1.22494043e-03	5.41027133e-04	6.32677643e-06
245             	4.48327440e-03	5.08763809e-04	9.12977497e-03	1.20251535e-03	5.35832677e-04	6.24844479e-06
246             	4.39710845e-03	5.03319131e-04	9.08583505e-03	1.18086938e-03	5.30449863e-04	6.16953357e-06
247             	4.31267598e-03	4.97966126e-04	9.04312813e-03	1.15990096e-03	5.24794450e-04	6.09311172e-06
248             	4.22802116e-03	4.92717555e-04	9.00128392e-03	1.13944563e-03	5.18867190e-04	6.01803085e-06
249             	4.14363230e-03	4.87570393e-04	8.95974210e-03	1.11936056e-03	5.12712366e-04	5.94404672e-06
250             	4.06114113e-03	4.82464287e-04	8.91733668e-03	1.09947403e-03	5.06260489e-04	5.86874911e-06
251             	3.98026733e-03	4.77390276e-04	8.87373290e-03	1.07987737e-03	4.99685681e-04	5.79573056e-06
252             	3.89914569e-03	4.72399783e-04	8.82898276e-03	1.06058601e-03	4.93045016e-04	5.72272395e-06
253             	3.81902089e-03	4.67473446e-04	8.78281958e-03	1.04161825e-03	4.86254179e-04	5.65103055e-06
254             	3.73879693e-03	4.62616364e-04	8.73488168e-03	1.02301281e-03	4.79410782e-04	5.57868823e-06
255             	3.65764996e-03	4.57810775e-04	8.68529748e-03	1.00471641e-03	4.72492487e-04	5.50921691e-06
256             	3.57574016e-03	4.53062301e-04	8.63428184e-03	9.86680799e-04	4.65593960e-04	5.44073131e-06
257             	3.49869667e-03	4.48363220e-04	8.58110889e-03	9.68801207e-04	4.58724090e-04	5.37263605e-06
258             	3.42818742e-03	4.43683804e-04	8.52614976e-03	9.51025361e-04	4.51963867e-04	5.30553123e-06
259             	3.36515966e-03	4.39056772e-04	8.46821783e-03	9.33413283e-04	4.45238143e-04	5.23936629e-06
260             	3.30270804e-03	4.34423537e-04	8.40747991e-03	9.15879859e-04	4.38539922e-04	5.17252885e-06
261             	3.24061066e-03	4.29820516e-04	8.34368310e-03	8.98512193e-04	4.31983010e-04	5.10509574e-06
262             	3.18019840e-03	4.25233574e-04	8.27722761e-03	8.81322618e-04	4.25472860e-04	5.03890259e-06
263             	3.11986974e-03	4.20622762e-04	8.20880319e-03	8.64309947e-04	4.19129288e-04	4.97358163e-06
264             	3.06073719e-03	4.16041434e-04	8.13875555e-03	8.47483180e-04	4.12842305e-04	4.90873700e-06
265             	3.00239770e-03	4.11476344e-04	8.06739525e-03	8.30840457e-04	4.06396798e-04	4.84485165e-06
266             	2.94643994e-03	4.06968063e-04	7.99403340e-03	8.14384088e-04	3.99890673e-04	4.78028062e-06
267             	2.89050636e-03	4.02459881e-04	7.91878762e-03	7.98128591e-04	3.93337641e-04	4.71549561e-06
268             	2.83517791e-03	3.97939993e-04	7.84133539e-03	7.82045193e-04	3.86858360e-04	4.65212735e-06
269             	2.77919114e-03	3.93401909e-04	7.76208189e-03	7.66112102e-04	3.80191756e-04	4.58898922e-06
270             	2.72315306e-03	3.88852823e-04	7.68065806e-03	7.50360817e-04	3.73425417e-04	4.52429273e-06
271             	2.66621176e-03	3.84321305e-04	7.59709851e-03	7.34857924e-04	3.66732969e-04	4.46077397e-06
272             	2.61100101e-03	3.79755842e-04	7.51098474e-03	7.19547019e-04	3.60054453e-04	4.39780617e-06
273             	2.55664244e-03	3.75152911e-04	7.42255550e-03	7.04435317e-04	3.53394374e-04	4.33408214e-06
274             	2.50380400e-03	3.70527241e-04	7.33182990e-03	6.89506115e-04	3.46921521e-04	4.27126367e-06
275             	2.45489496e-03	3.65875456e-04	7.23887341e-03	6.74734208e-04	3.40473091e-04	4.20900434e-06
276             	2.41023224e-03	3.61208672e-04	7.14391504e-03	6.60132579e-04	3.34174711e-04	4.14695285e-06
277             	2.39780772e-03	3.56552232e-04	7.04714943e-03	6.45735606e-04	3.27953765e-04	4.08766192e-06
278             	2.37429822e-03	3.51946613e-04	6.91371887e-03	6.30856398e-04	3.21814918e-04	4.02943193e-06
279             	2.33009748e-03	3.47368799e-04	6.76954205e-03	6.15971036e-04	3.15758703e-04	3.97276066e-06
280             	2.27764208e-03	3.42825408e-04	6.63654222e-03	6.01572238e-04	3.09838654e-04	3.91600029e-06
281             	2.22854774e-03	3.38317196e-04	6.52557479e-03	5.87886135e-04	3.04059145e-04	3.86050912e-06
282             	2.18337707e-03	3.33838408e-04	6.43335835e-03	5.74776078e-04	2.98398383e-04	3.80557922e-06
283             	2.13865619e-03	3.29437797e-04	6.34937957e-03	5.62094232e-04	2.92925277e-04	3.75123814e-06
284             	2.09359308e-03	3.25069313e-04	6.26222230e-03	5.49729803e-04	2.87617366e-04	3.69810963e-06
285             	2.04924682e-03	3.20776722e-04	6.16307922e-03	5.37258603e-04	2.82333138e-04	3.64711228e-06
286             	2.00493217e-03	3.16572085e-04	6.04953453e-03	5.24419750e-04	2.77189941e-04	3.59774855e-06
287             	1.96123393e-03	3.12416769e-04	5.93064316e-03	5.11792507e-04	2.72212077e-04	3.54854862e-06
288             	1.91887991e-03	3.08310646e-04	5.81598427e-03	4.99869049e-04	2.67413681e-04	3.50040003e-06
289             	1.87722508e-03	3.04319506e-04	5.70698446e-03	4.88296800e-04	2.62767197e-04	3.45284498e-06
290             	1.83735849e-03	3.00417598e-04	5.60406516e-03	4.77125091e-04	2.58194813e-04	3.40494779e-06
291             	1.79685407e-03	2.96619182e-04	5.50644271e-03	4.66326832e-04	2.53843763e-04	3.35853285e-06
292             	1.75496615e-03	2.92918936e-04	5.40931575e-03	4.55710461e-04	2.49669705e-04	3.31340526e-06
293             	1.71380816e-03	2.89256999e-04	5.31294699e-03	4.45558420e-04	2.45555169e-04	3.26907281e-06
294             	1.67482841e-03	2.85637442e-04	5.21816169e-03	4.35969614e-04	2.41656142e-04	3.22570251e-06
295             	1.63721586e-03	2.82078511e-04	5.12235160e-03	4.26605425e-04	2.37881639e-04	3.18328227e-06
296             	1.60072198e-03	2.78590168e-04	5.02504301e-03	4.17217227e-04	2.34235767e-04	3.14156702e-06
297             	1.56578307e-03	2.75134110e-04	4.93258280e-03	4.08406162e-04	2.30759736e-04	3.10037019e-06
298             	1.53346744e-03	2.71761064e-04	4.84345891e-03	3.99859829e-04	2.27462959e-04	3.05941512e-06
299             	1.50147401e-03	2.68463771e-04	4.75561530e-03	3.91430021e-04	2.24251437e-04	3.01961970e-06
300             	1.46983192e-03	2.65197169e-04	4.67301414e-03	3.83659913e-04	2.21113034e-04	2.98058687e-06
301             	1.43997634e-03	2.62001790e-04	4.59193955e-03	3.76195014e-04	2.17959318e-04	2.94237465e-06
302             	1.41179527e-03	2.58858920e-04	4.51169860e-03	3.69033040e-04	2.14758211e-04	2.90360430e-06
303             	1.38497850e-03	2.55764513e-04	4.43275443e-03	3.62129430e-04	2.11463505e-04	2.86536347e-06
304             	1.35848494e-03	2.52692985e-04	4.35533075e-03	3.55450889e-04	2.08187625e-04	2.82749935e-06
305             	1.33231931e-03	2.49656926e-04	4.27996571e-03	3.48957218e-04	2.05059311e-04	2.78962574e-06
306             	1.30634018e-03	2.46668047e-04	4.20680591e-03	3.42664039e-04	2.01964634e-04	2.75197182e-06
307             	1.27903490e-03	2.43740371e-04	4.13573212e-03	3.36526421e-04	1.99016280e-04	2.71539283e-06
308             	1.25053897e-03	2.40880472e-04	4.06603306e-03	3.30615775e-04	1.96070039e-04	2.67859847e-06
309             	1.22146802e-03	2.38114843e-04	3.99757804e-03	3.24906756e-04	1.93112423e-04	2.64235228e-06
310             	1.19197355e-03	2.35472564e-04	3.92975352e-03	3.19341862e-04	1.90136991e-04	2.60524262e-06
311             	1.16333940e-03	2.32924556e-04	3.86280999e-03	3.13975040e-04	1.87136201e-04	2.56896953e-06
312             	1.13612454e-03	2.30429022e-04	3.79694148e-03	3.08748898e-04	1.84135848e-04	2.53280665e-06
313             	1.10902625e-03	2.27981699e-04	3.73073616e-03	3.03496352e-04	1.81176131e-04	2.49669265e-06
314             	1.08410673e-03	2.25542829e-04	3.66812836e-03	2.98655139e-04	1.78278298e-04	2.46059921e-06
315             	1.06108990e-03	2.23148926e-04	3.60696560e-03	2.93969739e-04	1.75426374e-04	2.42552172e-06
316             	1.03831210e-03	2.20798951e-04	3.54568789e-03	2.89248217e-04	1.72617442e-04	2.38965951e-06
317             	1.01585578e-03	2.18465039e-04	3.48619397e-03	2.84708026e-04	1.69836823e-04	2.35484851e-06
318             	9.94542926e-04	2.16144806e-04	3.42821702e-03	2.80338416e-04	1.67079776e-04	2.32008568e-06
319             	9.74372375e-04	2.13844530e-04	3.37137081e-03	2.76100034e-04	1.64355334e-04	2.28653753e-06
320             	9.55389708e-04	2.11567058e-04	3.31473494e-03	2.71904884e-04	1.61660270e-04	2.25351120e-06
321             	9.38012795e-04	2.09314187e-04	3.25856373e-03	2.67743844e-04	1.58994304e-04	2.22128453e-06
322             	9.21490311e-04	2.07074922e-04	3.20264729e-03	2.63605584e-04	1.56384882e-04	2.19015787e-06
323             	9.04864601e-04	2.04809392e-04	3.14751870e-03	2.59491460e-04	1.53824833e-04	2.15981663e-06
324             	8.87633837e-04	2.02593872e-04	3.09351469e-03	2.55466195e-04	1.51297752e-04	2.13092712e-06
325             	8.70104289e-04	2.00417674e-04	3.04040453e-03	2.51452925e-04	1.48804202e-04	2.10154089e-06
326             	8.53197899e-04	1.98275978e-04	2.98884183e-03	2.47583461e-04	1.46346921e-04	2.07282181e-06
327             	8.36660915e-04	1.96168509e-04	2.93841543e-03	2.43799227e-04	1.43928102e-04	2.04507019e-06
328             	8.20499663e-04	1.94105861e-04	2.88915945e-03	2.40085057e-04	1.41530456e-04	2.01783193e-06
329             	8.04912041e-04	1.92075442e-04	2.84133957e-03	2.36510361e-04	1.39159658e-04	1.99090884e-06
330             	7.90418021e-04	1.90068531e-04	2.79482671e-03	2.33059485e-04	1.36813926e-04	1.96293328e-06
331             	7.77108037e-04	1.88101485e-04	2.74988777e-03	2.29729346e-04	1.34493497e-04	1.93636295e-06
332             	7.64248434e-04	1.86164807e-04	2.70615716e-03	2.26488623e-04	1.32203534e-04	1.91056940e-06
333             	7.52532271e-04	1.84291600e-04	2.66364444e-03	2.23324894e-04	1.29947981e-04	1.88580088e-06
334             	7.41374138e-04	1.82442310e-04	2.62241478e-03	2.20336168e-04	1.27731325e-04	1.86102529e-06
335             	7.29878541e-04	1.80598539e-04	2.58230961e-03	2.17454759e-04	1.25548053e-04	1.83684705e-06
336             	7.17563675e-04	1.78773391e-04	2.54319009e-03	2.14660088e-04	1.23403498e-04	1.81364938e-06
337             	7.05174591e-04	1.76970105e-04	2.50509424e-03	2.11908448e-04	1.21271955e-04	1.79067312e-06
338             	6.92820056e-04	1.75181938e-04	2.46804175e-03	2.09198211e-04	1.19165580e-04	1.76814361e-06
339             	6.80920849e-04	1.73430834e-04	2.43230021e-03	2.06524598e-04	1.17081678e-04	1.74719887e-06
340             	6.70278689e-04	1.71727774e-04	2.39743472e-03	2.03874702e-04	1.15034136e-04	1.72759432e-06
341             	6.59572833e-04	1.70049204e-04	2.36335003e-03	2.01205443e-04	1.13006745e-04	1.70806558e-06
342             	6.48736440e-04	1.68407661e-04	2.32986833e-03	1.98513873e-04	1.10996872e-04	1.68761056e-06
343             	6.38093602e-04	1.66797852e-04	2.29706918e-03	1.95811202e-04	1.09010560e-04	1.66850142e-06
344             	6.27515194e-04	1.65217635e-04	2.26472043e-03	1.93143914e-04	1.07069737e-04	1.64958677e-06
345             	6.16754681e-04	1.63665519e-04	2.23244946e-03	1.90475171e-04	1.05169720e-04	1.63168850e-06
346             	6.06131526e-04	1.62135079e-04	2.20069216e-03	1.87789185e-04	1.03323378e-04	1.61411364e-06
347             	5.95964139e-04	1.60640268e-04	2.16899836e-03	1.85119737e-04	1.01529862e-04	1.59716160e-06
348             	5.85164412e-04	1.59172384e-04	2.13781255e-03	1.82442194e-04	9.97930243e-05	1.58139394e-06
349             	5.75082052e-04	1.57723098e-04	2.10688811e-03	1.79780935e-04	9.80962345e-05	1.56476728e-06
350             	5.65114160e-04	1.56300129e-04	2.07631589e-03	1.77155929e-04	9.64345957e-05	1.54825582e-06
351             	5.55522078e-04	1.54910480e-04	2.04597899e-03	1.74567884e-04	9.48044747e-05	1.53196783e-06
352             	5.45897651e-04	1.53545016e-04	2.01598581e-03	1.72009781e-04	9.32159818e-05	1.51623608e-06
353             	5.35878168e-04	1.52199589e-04	1.98623944e-03	1.69480908e-04	9.16585535e-05	1.50100277e-06
354             	5.26289341e-04	1.50880001e-04	1.95681908e-03	1.66985551e-04	9.01303038e-05	1.48500111e-06
355             	5.16642976e-04	1.49583239e-04	1.92792928e-03	1.64569581e-04	8.86482873e-05	1.47025928e-06
356             	5.07422411e-04	1.48313129e-04	1.89955223e-03	1.62195568e-04	8.72049654e-05	1.45573767e-06
357             	4.98483307e-04	1.47060761e-04	1.87170238e-03	1.59900166e-04	8.57838752e-05	1.44173515e-06
358             	4.89831625e-04	1.45817437e-04	1.84466315e-03	1.57674255e-04	8.43752510e-05	1.42635090e-06
359             	4.81668426e-04	1.44592526e-04	1.81797545e-03	1.55521218e-04	8.29878735e-05	1.41145480e-06
360             	4.72967079e-04	1.43385882e-04	1.79181745e-03	1.53422858e-04	8.16210040e-05	1.39668017e-06
361             	4.64176221e-04	1.42207039e-04	1.76636419e-03	1.51407999e-04	8.02737643e-05	1.38219745e-06
362             	4.55807542e-04	1.41046710e-04	1.74176033e-03	1.49460958e-04	7.89445151e-05	1.36742877e-06
363             	4.47686419e-04	1.39910074e-04	1.71782922e-03	1.47558100e-04	7.76269917e-05	1.35321842e-06
364             	4.39707278e-04	1.38795212e-04	1.69450564e-03	1.45722401e-04	7.63241901e-05	1.33896158e-06
365             	4.31831898e-04	1.37696655e-04	1.67181028e-03	1.43926894e-04	7.50281946e-05	1.32427646e-06
366             	4.24066448e-04	1.36618077e-04	1.64974857e-03	1.42158736e-04	7.37374354e-05	1.30951593e-06
367             	4.16373395e-04	1.35552816e-04	1.62825178e-03	1.40418163e-04	7.24526993e-05	1.29470976e-06
368             	4.09139020e-04	1.34499969e-04	1.60738735e-03	1.38694013e-04	7.11770795e-05	1.27948292e-06
369             	4.02290403e-04	1.33460581e-04	1.58697371e-03	1.36989902e-04	6.99123559e-05	1.26487897e-06
370             	3.95477304e-04	1.32435549e-04	1.56699434e-03	1.35281776e-04	6.86496014e-05	1.24986481e-06
371             	3.88800212e-04	1.31421551e-04	1.54731469e-03	1.33575453e-04	6.73988708e-05	1.23506840e-06
372             	3.82294699e-04	1.30417806e-04	1.52780637e-03	1.31869646e-04	6.61616960e-05	1.22060666e-06
373             	3.76204234e-04	1.29424074e-04	1.50839818e-03	1.30167538e-04	6.49414403e-05	1.20679889e-06
374             	3.70411379e-04	1.28437963e-04	1.48906453e-03	1.28471860e-04	6.37410846e-05	1.19247706e-06
375             	3.65263245e-04	1.27456674e-04	1.46966544e-03	1.26783742e-04	6.25728522e-05	1.17899159e-06
376             	3.60176978e-04	1.26476930e-04	1.45042027e-03	1.25113338e-04	6.14355487e-05	1.16536227e-06
377             	3.55048575e-04	1.25505383e-04	1.43116614e-03	1.23470521e-04	6.03205239e-05	1.15180077e-06
378             	3.50155439e-04	1.24536698e-04	1.41198874e-03	1.21845116e-04	5.92355279e-05	1.13870883e-06
379             	3.45435157e-04	1.23567308e-04	1.39294354e-03	1.20233163e-04	5.81737000e-05	1.12600844e-06
380             	3.40850720e-04	1.22601364e-04	1.37397220e-03	1.18643058e-04	5.71391661e-05	1.11303982e-06
381             	3.36212359e-04	1.21639588e-04	1.35519678e-03	1.17078400e-04	5.61346122e-05	1.10112551e-06
382             	3.31491935e-04	1.20678752e-04	1.33640381e-03	1.15545876e-04	5.51582984e-05	1.08862795e-06
383             	3.26519412e-04	1.19726252e-04	1.31798957e-03	1.14058651e-04	5.42095067e-05	1.07635059e-06
384             	3.21784541e-04	1.18777567e-04	1.29983275e-03	1.12613167e-04	5.32874399e-05	1.06478005e-06
385             	3.16994356e-04	1.17837493e-04	1.28193792e-03	1.11211925e-04	5.23901842e-05	1.05322231e-06
386             	3.12189098e-04	1.16906257e-04	1.26410663e-03	1.09837143e-04	5.15231703e-05	1.04101266e-06
387             	3.07371341e-04	1.15977412e-04	1.24671360e-03	1.08510761e-04	5.06828149e-05	1.02977593e-06
388             	3.02342012e-04	1.15057061e-04	1.22968964e-03	1.07207768e-04	4.98683426e-05	1.01842881e-06
389             	2.97347060e-04	1.14150626e-04	1.21284023e-03	1.05931801e-04	4.90776219e-05	1.00735230e-06
390             	2.92325056e-04	1.13253355e-04	1.19639585e-03	1.04689569e-04	4.83169470e-05	9.95982529e-07
391             	2.87359508e-04	1.12369179e-04	1.18039114e-03	1.03480210e-04	4.75755467e-05	9.85154071e-07
392             	2.82537189e-04	1.11499456e-04	1.16486017e-03	1.02303349e-04	4.68576603e-05	9.74352453e-07
393             	2.77819154e-04	1.10647303e-04	1.14972656e-03	1.01160180e-04	4.61669310e-05	9.64115014e-07
394             	2.72744750e-04	1.09812381e-04	1.13499292e-03	1.00040471e-04	4.54972466e-05	9.53387004e-07
395             	2.68275762e-04	1.08986028e-04	1.12062241e-03	9.89447937e-05	4.48465707e-05	9.42972863e-07
396             	2.64037490e-04	1.08175157e-04	1.10666018e-03	9.78740243e-05	4.42166138e-05	9.33070132e-07
397             	2.60395868e-04	1.07378953e-04	1.09299810e-03	9.68289636e-05	4.36066867e-05	9.23640501e-07
398             	2.57062166e-04	1.06600094e-04	1.07964120e-03	9.58081774e-05	4.30247930e-05	9.13242258e-07
399             	2.53834710e-04	1.05837981e-04	1.06661187e-03	9.48097127e-05	4.24574476e-05	9.03329573e-07
400             	2.50757859e-04	1.05091453e-04	1.05405319e-03	9.38389570e-05	4.19071598e-05	8.93579468e-07
401             	2.48175620e-04	1.04353493e-04	1.04184111e-03	9.28774804e-05	4.13690216e-05	8.84098472e-07
402             	2.45611740e-04	1.03631252e-04	1.02994445e-03	9.19355937e-05	4.08413508e-05	8.74086235e-07
403             	2.43187240e-04	1.02912856e-04	1.01848660e-03	9.10281458e-05	4.03257238e-05	8.64677697e-07
404             	2.40910028e-04	1.02200908e-04	1.00709563e-03	9.01253057e-05	3.98242967e-05	8.55134233e-07
405             	2.38517091e-04	1.01494182e-04	9.95926034e-04	8.92418124e-05	3.93336003e-05	8.46549824e-07
406             	2.35813664e-04	1.00791949e-04	9.85055372e-04	8.83832787e-05	3.88562784e-05	8.36952216e-07
407             	2.33184847e-04	1.00095569e-04	9.74398041e-04	8.75374211e-05	3.83876166e-05	8.27576853e-07
408             	2.30541098e-04	9.94124805e-05	9.63955380e-04	8.67061092e-05	3.79223869e-05	8.18842136e-07
409             	2.27964608e-04	9.87366260e-05	9.53645079e-04	8.58870516e-05	3.74594710e-05	8.10146626e-07
410             	2.25317016e-04	9.80673661e-05	9.43427724e-04	8.50823183e-05	3.69985263e-05	8.00912109e-07
411             	2.22597412e-04	9.74042857e-05	9.33415221e-04	8.42909499e-05	3.65417300e-05	7.92229359e-07
412             	2.19791857e-04	9.67444719e-05	9.23531021e-04	8.35059925e-05	3.60902579e-05	7.83701272e-07
413             	2.16968530e-04	9.60911457e-05	9.13809870e-04	8.27349566e-05	3.56400833e-05	7.75157547e-07
414             	2.14321660e-04	9.54461825e-05	9.04259667e-04	8.19767110e-05	3.51911943e-05	7.66589934e-07
415             	2.11524791e-04	9.48092757e-05	8.94931467e-04	8.12244525e-05	3.47537485e-05	7.58205490e-07
416             	2.08873717e-04	9.41773263e-05	8.85746614e-04	8.04829051e-05	3.43169633e-05	7.49782868e-07
417             	2.06585207e-04	9.35529672e-05	8.76719399e-04	7.97513873e-05	3.38835197e-05	7.41862512e-07
418             	2.03930608e-04	9.29408685e-05	8.67846703e-04	7.90288568e-05	3.34493495e-05	7.33052952e-07
419             	2.01316922e-04	9.23299196e-05	8.59102249e-04	7.83140661e-05	3.30165917e-05	7.24582121e-07
420             	1.98912210e-04	9.17229237e-05	8.50478462e-04	7.76038948e-05	3.25890115e-05	7.16742755e-07
421             	1.96442068e-04	9.11238603e-05	8.42020917e-04	7.68984286e-05	3.21634887e-05	7.09050480e-07
422             	1.94048775e-04	9.05287857e-05	8.33643177e-04	7.62065967e-05	3.17433087e-05	7.00880543e-07
423             	1.91832545e-04	8.99423285e-05	8.25399688e-04	7.55230987e-05	3.13270661e-05	6.93414165e-07
424             	1.89360651e-04	8.93646661e-05	8.17369283e-04	7.48570317e-05	3.09125925e-05	6.86123553e-07
425             	1.87145655e-04	8.87926464e-05	8.09193093e-04	7.41785453e-05	3.04995543e-05	6.78837007e-07
426             	1.85118120e-04	8.82265627e-05	8.01128621e-04	7.35030629e-05	3.00917224e-05	6.71604976e-07
427             	1.83304042e-04	8.76683352e-05	7.93233723e-04	7.28386841e-05	2.96823981e-05	6.64705108e-07
428             	1.81457181e-04	8.71137946e-05	7.85489087e-04	7.21842311e-05	2.92740319e-05	6.57797825e-07
429             	1.79768185e-04	8.65637547e-05	7.78028366e-04	7.15513668e-05	2.88666293e-05	6.51311407e-07
430             	1.77912231e-04	8.60175416e-05	7.70515488e-04	7.09098493e-05	2.84646247e-05	6.44394343e-07
431             	1.76232649e-04	8.54694148e-05	7.62915844e-04	7.02591436e-05	2.80611888e-05	6.37451220e-07
432             	1.74705972e-04	8.49194184e-05	7.55285321e-04	6.96077575e-05	2.76589247e-05	6.30876741e-07
433             	1.73143291e-04	8.43682946e-05	7.47561606e-04	6.89398779e-05	2.72575286e-05	6.24428188e-07
434             	1.71560225e-04	8.38197199e-05	7.40217628e-04	6.83006127e-05	2.68605051e-05	6.17223557e-07
435             	1.70088997e-04	8.32820618e-05	7.33008149e-04	6.76688471e-05	2.64652370e-05	6.11040957e-07
436             	1.68447179e-04	8.27496316e-05	7.25820550e-04	6.70406684e-05	2.60710698e-05	6.04854235e-07
437             	1.66824275e-04	8.22190775e-05	7.18424637e-04	6.63930363e-05	2.56789128e-05	5.98514347e-07
438             	1.65192556e-04	8.16868910e-05	7.11227590e-04	6.57649749e-05	2.52881897e-05	5.92048425e-07
439             	1.63704361e-04	8.11545897e-05	7.03986780e-04	6.51342793e-05	2.48972982e-05	5.86234220e-07
440             	1.61694032e-04	8.06270810e-05	6.96716367e-04	6.44980054e-05	2.45067268e-05	5.79762020e-07
441             	1.59896705e-04	8.00928153e-05	6.89425049e-04	6.38604841e-05	2.41180218e-05	5.73807877e-07
442             	1.58178869e-04	7.95631734e-05	6.82194152e-04	6.32244600e-05	2.37298366e-05	5.67987643e-07
443             	1.56448720e-04	7.90382889e-05	6.75025640e-04	6.25931697e-05	2.33414769e-05	5.61568554e-07
444             	1.54649414e-04	7.85157534e-05	6.67915952e-04	6.19678805e-05	2.29541900e-05	5.55734669e-07
445             	1.52976435e-04	7.79967278e-05	6.60862070e-04	6.13493770e-05	2.25688713e-05	5.50211903e-07
446             	1.51210023e-04	7.74835796e-05	6.53871530e-04	6.07369411e-05	2.21843070e-05	5.44247571e-07
447             	1.49320979e-04	7.69739298e-05	6.46944746e-04	6.01308725e-05	2.18012325e-05	5.38227045e-07
448             	1.47435205e-04	7.64656439e-05	6.40066446e-04	5.95361768e-05	2.14204490e-05	5.32564868e-07
449             	1.45621078e-04	7.59612467e-05	6.33250869e-04	5.89459111e-05	2.10420942e-05	5.26873281e-07
450             	1.43759091e-04	7.54617339e-05	6.26492931e-04	5.83707677e-05	2.06664851e-05	5.21440875e-07
451             	1.42023161e-04	7.49642955e-05	6.19792268e-04	5.77989086e-05	2.02924931e-05	5.16261999e-07
452             	1.40309657e-04	7.44728597e-05	6.13210139e-04	5.72230112e-05	1.99187479e-05	5.10162820e-07
453             	1.38680347e-04	7.39861674e-05	6.06755693e-04	5.66394016e-05	1.95453630e-05	5.04723252e-07
454             	1.37044828e-04	7.35044546e-05	6.00466607e-04	5.60928823e-05	1.91748181e-05	4.99318266e-07
455             	1.35524780e-04	7.30256750e-05	5.94372046e-04	5.55606558e-05	1.88073151e-05	4.93837488e-07
456             	1.34084974e-04	7.25504265e-05	5.88392482e-04	5.50359465e-05	1.84416543e-05	4.88651471e-07
457             	1.32660173e-04	7.20727192e-05	5.82470683e-04	5.45159041e-05	1.80768720e-05	4.83130156e-07
458             	1.31384536e-04	7.15965873e-05	5.76558897e-04	5.40023935e-05	1.77170805e-05	4.77611474e-07
459             	1.30267746e-04	7.11179768e-05	5.70688767e-04	5.34909298e-05	1.73605999e-05	4.72551484e-07
460             	1.28892496e-04	7.06386416e-05	5.64922648e-04	5.29906480e-05	1.70084170e-05	4.67500836e-07
461             	1.27576221e-04	7.01572092e-05	5.59249171e-04	5.24955751e-05	1.66588166e-05	4.62214277e-07
462             	1.26265903e-04	6.96736244e-05	5.53768049e-04	5.20169128e-05	1.63134422e-05	4.57154929e-07
463             	1.25131113e-04	6.91863580e-05	5.48454653e-04	5.15510924e-05	1.59710673e-05	4.52145746e-07
464             	1.24164430e-04	6.86971889e-05	5.43287662e-04	5.10965160e-05	1.56320256e-05	4.47109699e-07
465             	1.23172349e-04	6.82044178e-05	5.38220870e-04	5.06473864e-05	1.52969579e-05	4.42345249e-07
466             	1.22303344e-04	6.77048300e-05	5.33217280e-04	5.02040782e-05	1.49669479e-05	4.37431783e-07
467             	1.21527557e-04	6.72014347e-05	5.28302459e-04	4.97677816e-05	1.46426348e-05	4.32341173e-07
468             	1.20905045e-04	6.66922955e-05	5.23495933e-04	4.93363602e-05	1.43240718e-05	4.27728285e-07
469             	1.20343872e-04	6.61737669e-05	5.18785042e-04	4.89162096e-05	1.40081656e-05	4.23003148e-07
470             	1.19868653e-04	6.56395040e-05	5.14235219e-04	4.85071017e-05	1.36995102e-05	4.18075813e-07
471             	1.19516030e-04	6.50972634e-05	5.09744990e-04	4.81011730e-05	1.33959668e-05	4.13419194e-07
472             	1.19478862e-04	6.45462972e-05	5.05373849e-04	4.77067944e-05	1.30948169e-05	4.08540121e-07
473             	1.19322106e-04	6.39927130e-05	5.01074744e-04	4.73239426e-05	1.27997587e-05	4.03361781e-07
474             	1.19250316e-04	6.34423093e-05	4.96807647e-04	4.69446755e-05	1.25126627e-05	3.98801357e-07
475             	1.19035066e-04	6.28839253e-05	4.92457543e-04	4.65711884e-05	1.22303843e-05	3.94311236e-07
476             	1.18967945e-04	6.23192627e-05	4.88227587e-04	4.62092002e-05	1.19520797e-05	3.89556607e-07
477             	1.18938219e-04	6.17582479e-05	4.84100492e-04	4.58589859e-05	1.16807893e-05	3.85030133e-07
478             	1.18672830e-04	6.11818582e-05	4.80149773e-04	4.55254651e-05	1.14123076e-05	3.80455900e-07
479             	1.18556745e-04	6.06140819e-05	4.75942984e-04	4.51647923e-05	1.11474906e-05	3.75703013e-07
480             	1.18390798e-04	6.00457674e-05	4.71693371e-04	4.47985412e-05	1.08857464e-05	3.71201712e-07
481             	1.18251167e-04	5.95001050e-05	4.67449147e-04	4.44290158e-05	1.06293875e-05	3.66745057e-07
482             	1.18019032e-04	5.89795495e-05	4.63247689e-04	4.40677479e-05	1.03736476e-05	3.61661969e-07
483             	1.17611439e-04	5.84511108e-05	4.59230794e-04	4.37053914e-05	1.01216007e-05	3.57159692e-07
484             	1.16927040e-04	5.79132251e-05	4.55190612e-04	4.33467221e-05	9.87623843e-06	3.52679654e-07
485             	1.16236395e-04	5.74107037e-05	4.51049057e-04	4.29864605e-05	9.63571641e-06	3.48097218e-07
486             	1.15403329e-04	5.69152876e-05	4.46849744e-04	4.26240083e-05	9.40046086e-06	3.43779092e-07
487             	1.14423610e-04	5.64056011e-05	4.42660303e-04	4.22639072e-05	9.16613942e-06	3.38989631e-07
488             	1.13452331e-04	5.58838306e-05	4.38483206e-04	4.19167913e-05	8.93660279e-06	3.34408086e-07
489             	1.12603837e-04	5.53650873e-05	4.34362622e-04	4.15969266e-05	8.71118216e-06	3.30221413e-07
490             	1.11747732e-04	5.48450870e-05	4.30299037e-04	4.12887682e-05	8.48931370e-06	3.26136655e-07
491             	1.10541646e-04	5.42640760e-05	4.26294870e-04	4.09475617e-05	8.27052786e-06	3.21594667e-07
492             	1.08713362e-04	5.36752333e-05	4.22286566e-04	4.05574007e-05	8.05625465e-06	3.17364983e-07
493             	1.07399437e-04	5.31112573e-05	4.18210286e-04	4.01674722e-05	7.84610486e-06	3.13375022e-07
494             	1.06693488e-04	5.25756201e-05	4.14108475e-04	3.97796389e-05	7.64020714e-06	3.08980609e-07
495             	1.05946737e-04	5.20436691e-05	4.10143441e-04	3.94102699e-05	7.44037217e-06	3.05176443e-07
496             	1.05522520e-04	5.15275365e-05	4.06291692e-04	3.90506851e-05	7.24445111e-06	3.01240268e-07
497             	1.04932259e-04	5.10337316e-05	4.02473307e-04	3.86921961e-05	7.05187591e-06	2.96870378e-07
498             	1.04220498e-04	5.05789893e-05	3.98587126e-04	3.83309501e-05	6.86485632e-06	2.93134178e-07
499             	1.03828165e-04	5.01221985e-05	3.94597842e-04	3.79641124e-05	6.68248889e-06	2.89516035e-07
500             	1.03271745e-04	4.96543840e-05	3.90503438e-04	3.75907872e-05	6.50634743e-06	2.85728128e-07
501             	1.02302950e-04	4.91739697e-05	3.86318193e-04	3.72090224e-05	6.33385297e-06	2.81992866e-07
502             	1.01191712e-04	4.86937843e-05	3.82092610e-04	3.68223212e-05	6.16630542e-06	2.78301305e-07
503             	1.00175408e-04	4.82265012e-05	3.77885353e-04	3.64359073e-05	6.00344835e-06	2.74612782e-07
504             	9.91016997e-05	4.77639784e-05	3.73683606e-04	3.60466130e-05	5.84524097e-06	2.71047287e-07
505             	9.80892814e-05	4.73019522e-05	3.69401046e-04	3.56471711e-05	5.69148173e-06	2.67839046e-07
506             	9.69590016e-05	4.68388454e-05	3.65309977e-04	3.52686431e-05	5.54073162e-06	2.64176887e-07
507             	9.59179435e-05	4.63882090e-05	3.61227117e-04	3.48901445e-05	5.39388870e-06	2.60554169e-07
508             	9.44873272e-05	4.59312302e-05	3.57096448e-04	3.45105196e-05	5.25119401e-06	2.57035618e-07
509             	9.28056301e-05	4.54640389e-05	3.52807796e-04	3.41154193e-05	5.11179511e-06	2.53556458e-07
510             	9.12395005e-05	4.49851859e-05	3.48604134e-04	3.37260769e-05	4.97608114e-06	2.50193263e-07
511             	8.98651088e-05	4.45226043e-05	3.44420063e-04	3.33352503e-05	4.84421755e-06	2.47005592e-07
512             	8.80736386e-05	4.40696328e-05	3.40232079e-04	3.29453619e-05	4.71565929e-06	2.43295264e-07
513             	8.63160494e-05	4.36094065e-05	3.36012041e-04	3.25478932e-05	4.58980858e-06	2.39993862e-07
514             	8.48591582e-05	4.31511255e-05	3.31790949e-04	3.21547860e-05	4.46731050e-06	2.36874921e-07
515             	8.35547925e-05	4.27030364e-05	3.27610783e-04	3.17661133e-05	4.34762678e-06	2.33806241e-07
516             	8.22824233e-05	4.22458906e-05	3.23501888e-04	3.13797247e-05	4.23011649e-06	2.30562108e-07
517             	8.12008797e-05	4.17812930e-05	3.19469596e-04	3.09962681e-05	4.11615518e-06	2.27366894e-07
518             	8.01593897e-05	4.13152374e-05	3.15507873e-04	3.06164247e-05	4.00542969e-06	2.24382818e-07
519             	7.92356249e-05	4.08617213e-05	3.11584111e-04	3.02389640e-05	3.89748762e-06	2.21395707e-07
520             	7.85746453e-05	4.04073533e-05	3.07689358e-04	2.98624672e-05	3.79341321e-06	2.18918739e-07
521             	7.76617603e-05	3.99521586e-05	3.03810101e-04	2.94868888e-05	3.69056212e-06	2.15785406e-07
522             	7.69578154e-05	3.94916564e-05	2.99936564e-04	2.91110577e-05	3.58956059e-06	2.12803967e-07
523             	7.64184690e-05	3.90389963e-05	2.96109709e-04	2.87389989e-05	3.49240200e-06	2.10109763e-07
524             	7.55369364e-05	3.85866087e-05	2.92327557e-04	2.83687092e-05	3.39757441e-06	2.07237378e-07
525             	7.46846190e-05	3.81317006e-05	2.88509298e-04	2.79950145e-05	3.30530669e-06	2.04869269e-07
526             	7.39154683e-05	3.76784370e-05	2.84893996e-04	2.76404713e-05	3.21619973e-06	2.02238451e-07
527             	7.28160417e-05	3.72282419e-05	2.81329401e-04	2.72918280e-05	3.12911156e-06	1.99331155e-07
528             	7.18781368e-05	3.67762780e-05	2.77745579e-04	2.69435565e-05	3.04487940e-06	1.96720096e-07
529             	7.11717617e-05	3.63243292e-05	2.74080735e-04	2.65876698e-05	2.96401999e-06	1.94444557e-07
530             	7.01333366e-05	3.58813449e-05	2.70561261e-04	2.62489679e-05	2.88453002e-06	1.91815895e-07
531             	6.93761953e-05	3.54274149e-05	2.66985468e-04	2.59033664e-05	2.80593805e-06	1.89191116e-07
532             	6.86751901e-05	3.49718269e-05	2.63554737e-04	2.55742051e-05	2.73069794e-06	1.86578228e-07
533             	6.76469848e-05	3.45243329e-05	2.60149347e-04	2.52471372e-05	2.65760500e-06	1.83911096e-07
534             	6.65969342e-05	3.40832204e-05	2.56671174e-04	2.49131657e-05	2.58649153e-06	1.81501358e-07
535             	6.57153055e-05	3.36400564e-05	2.53264592e-04	2.45879907e-05	2.51796541e-06	1.79376661e-07
536             	6.49176181e-05	3.31944938e-05	2.49996443e-04	2.42775728e-05	2.45034054e-06	1.76924698e-07
537             	6.42239671e-05	3.27559221e-05	2.46743998e-04	2.39693637e-05	2.38460983e-06	1.74207133e-07
538             	6.35858486e-05	3.23278951e-05	2.43490380e-04	2.36603425e-05	2.32071452e-06	1.71871819e-07
539             	6.30225870e-05	3.19057379e-05	2.40244457e-04	2.33502979e-05	2.25887693e-06	1.69593014e-07
540             	6.22339205e-05	3.14823395e-05	2.37047839e-04	2.30431591e-05	2.19875996e-06	1.67409865e-07
541             	6.14271598e-05	3.10578339e-05	2.33901426e-04	2.27408884e-05	2.14018613e-06	1.65388426e-07
542             	6.05486038e-05	3.06440482e-05	2.30818164e-04	2.24449005e-05	2.08314186e-06	1.62719030e-07
543             	5.96836112e-05	3.02424932e-05	2.27794286e-04	2.21549557e-05	2.02708909e-06	1.60578257e-07
544             	5.89294592e-05	2.98415268e-05	2.24823577e-04	2.18713534e-05	1.97309791e-06	1.58530668e-07
545             	5.84840256e-05	2.94383059e-05	2.21880610e-04	2.15907487e-05	1.92019370e-06	1.56610379e-07
546             	5.80558143e-05	2.90431033e-05	2.18977127e-04	2.13120542e-05	1.86918125e-06	1.54609480e-07
547             	5.75581128e-05	2.86626410e-05	2.16089952e-04	2.10338848e-05	1.81923712e-06	1.52397198e-07
548             	5.72444599e-05	2.82875857e-05	2.13233371e-04	2.07578588e-05	1.77124651e-06	1.50816866e-07
549             	5.67772150e-05	2.79128652e-05	2.10419444e-04	2.04875896e-05	1.72440726e-06	1.48943572e-07
550             	5.61996692e-05	2.75340376e-05	2.07633612e-04	2.02229647e-05	1.67816145e-06	1.47274911e-07
551             	5.57523993e-05	2.71576715e-05	2.04874586e-04	1.99614937e-05	1.63371709e-06	1.45405616e-07
552             	5.52012884e-05	2.67858311e-05	2.02156473e-04	1.97019412e-05	1.59022998e-06	1.43357076e-07
553             	5.46229599e-05	2.64170199e-05	1.99458841e-04	1.94466584e-05	1.54850714e-06	1.41768517e-07
554             	5.38953351e-05	2.60476240e-05	1.96767774e-04	1.91916735e-05	1.50776100e-06	1.39935150e-07
555             	5.30260515e-05	2.56825367e-05	1.94091605e-04	1.89392993e-05	1.46842542e-06	1.38488621e-07
556             	5.21888998e-05	2.53248521e-05	1.91428981e-04	1.86896153e-05	1.43043354e-06	1.36830309e-07
557             	5.14419942e-05	2.49696145e-05	1.88796306e-04	1.84453326e-05	1.39362134e-06	1.34999109e-07
558             	5.08474450e-05	2.46190413e-05	1.86205001e-04	1.82035640e-05	1.35864724e-06	1.33455158e-07
559             	5.04657603e-05	2.42721360e-05	1.83642929e-04	1.79659939e-05	1.32546327e-06	1.31918950e-07
560             	4.99666920e-05	2.39308465e-05	1.81118396e-04	1.77308633e-05	1.29283405e-06	1.30465283e-07
561             	4.95595387e-05	2.35926248e-05	1.78623683e-04	1.74997728e-05	1.26136052e-06	1.28975199e-07
562             	4.90445618e-05	2.32580745e-05	1.76176274e-04	1.72711668e-05	1.23125517e-06	1.27476418e-07
563             	4.81769154e-05	2.29275702e-05	1.73763671e-04	1.70449262e-05	1.20158747e-06	1.25826498e-07
564             	4.72886561e-05	2.25991647e-05	1.71321611e-04	1.68141926e-05	1.17304856e-06	1.24335736e-07
565             	4.65085376e-05	2.22717724e-05	1.69008143e-04	1.65980905e-05	1.14559942e-06	1.22871690e-07
566             	4.59861017e-05	2.19500267e-05	1.66733236e-04	1.63848384e-05	1.11887436e-06	1.21330346e-07
567             	4.56541056e-05	2.16345134e-05	1.64431664e-04	1.61683004e-05	1.09322598e-06	1.19728869e-07
568             	4.53200906e-05	2.13212466e-05	1.62224634e-04	1.59616626e-05	1.06867402e-06	1.18235898e-07
569             	4.49871884e-05	2.10106035e-05	1.60032779e-04	1.57567194e-05	1.04430628e-06	1.16780679e-07
570             	4.45943333e-05	2.07063905e-05	1.57853336e-04	1.55509884e-05	1.02113513e-06	1.15560397e-07
571             	4.39028463e-05	2.04054967e-05	1.55688576e-04	1.53455273e-05	9.98860760e-07	1.14338714e-07
572             	4.32310400e-05	2.01095329e-05	1.53535307e-04	1.51415755e-05	9.76859009e-07	1.12672712e-07
573             	4.26239217e-05	1.98177628e-05	1.51410061e-04	1.49416502e-05	9.55301676e-07	1.11289868e-07
574             	4.22480582e-05	1.95313770e-05	1.49325460e-04	1.47444932e-05	9.34745060e-07	1.10090702e-07
575             	4.17666638e-05	1.92527222e-05	1.47230889e-04	1.45457500e-05	9.15416674e-07	1.08915217e-07
576             	4.12909750e-05	1.89761902e-05	1.45270937e-04	1.43610476e-05	8.95533324e-07	1.07627674e-07
577             	4.07593948e-05	1.87048740e-05	1.43284110e-04	1.41714875e-05	8.76902685e-07	1.06212349e-07
578             	4.04092689e-05	1.84382424e-05	1.41379448e-04	1.39924581e-05	8.60319005e-07	1.05237519e-07
579             	3.98922986e-05	1.81789490e-05	1.39484783e-04	1.38121571e-05	8.43683541e-07	1.04910012e-07
580             	3.96121872e-05	1.79209758e-05	1.37540982e-04	1.36245276e-05	8.27141240e-07	1.04684583e-07
581             	3.95076255e-05	1.76660705e-05	1.35640971e-04	1.34420145e-05	8.11718350e-07	1.04160004e-07
582             	3.93075091e-05	1.74138152e-05	1.33835268e-04	1.32713320e-05	7.96431554e-07	1.03286926e-07
583             	3.89419531e-05	1.71678486e-05	1.32013007e-04	1.30952639e-05	7.82283394e-07	1.02728333e-07
584             	3.82926101e-05	1.69270131e-05	1.30205914e-04	1.29243320e-05	7.68326400e-07	1.02054744e-07
585             	3.76699417e-05	1.66858378e-05	1.28486940e-04	1.27612776e-05	7.55198330e-07	1.01698384e-07
586             	3.71393195e-05	1.64515977e-05	1.26770799e-04	1.25962463e-05	7.42802040e-07	1.01246689e-07
587             	3.66248801e-05	1.62241011e-05	1.25005781e-04	1.24252330e-05	7.30700825e-07	1.00418146e-07
588             	3.65844705e-05	1.59975914e-05	1.23260820e-04	1.22563355e-05	7.18931281e-07	9.98437350e-08
589             	3.63976635e-05	1.57764267e-05	1.21560186e-04	1.20919841e-05	7.08479799e-07	9.92718318e-08
590             	3.60191705e-05	1.55578275e-05	1.19943470e-04	1.19364984e-05	6.97813945e-07	9.88210984e-08
591             	3.57824601e-05	1.53424490e-05	1.18333567e-04	1.17815767e-05	6.87130134e-07	9.82576480e-08
592             	3.54992994e-05	1.51346682e-05	1.16687638e-04	1.16204910e-05	6.76693476e-07	9.74928842e-08
593             	3.51532214e-05	1.49255535e-05	1.15045061e-04	1.14603239e-05	6.66465391e-07	9.66724737e-08
594             	3.47286961e-05	1.47188947e-05	1.13433566e-04	1.13026966e-05	6.56709601e-07	9.57839268e-08
595             	3.43280083e-05	1.45129236e-05	1.11893684e-04	1.11535141e-05	6.47340910e-07	9.51842268e-08
596             	3.40193095e-05	1.43116788e-05	1.10355594e-04	1.10048730e-05	6.38093931e-07	9.43173893e-08
597             	3.37271965e-05	1.41152391e-05	1.08772062e-04	1.08498709e-05	6.28325572e-07	9.32857740e-08
598             	3.33551108e-05	1.39193107e-05	1.07218922e-04	1.06991596e-05	6.18274606e-07	9.24236497e-08
599             	3.31417724e-05	1.37225961e-05	1.05728336e-04	1.05560693e-05	6.08720665e-07	9.17232590e-08
600             	3.24697411e-05	1.35357536e-05	1.04218593e-04	1.04058630e-05	5.99376889e-07	9.08778793e-08
601             	3.19128426e-05	1.33488344e-05	1.02758361e-04	1.02646511e-05	5.89486370e-07	9.00626735e-08
602             	3.14723809e-05	1.31640719e-05	1.01256003e-04	1.01160631e-05	5.80057800e-07	8.89758074e-08
603             	3.10859883e-05	1.29808403e-05	9.97805571e-05	9.97105526e-06	5.71350482e-07	8.81930670e-08
604             	3.05974805e-05	1.27995288e-05	9.83823188e-05	9.83491679e-06	5.62861130e-07	8.74779296e-08
605             	3.04103338e-05	1.26224470e-05	9.69798377e-05	9.69915540e-06	5.54833932e-07	8.66519017e-08
606             	3.01901223e-05	1.24430745e-05	9.55372020e-05	9.55834561e-06	5.47560304e-07	8.60609880e-08
607             	2.99713827e-05	1.22647905e-05	9.41210803e-05	9.42040346e-06	5.40065314e-07	8.51308677e-08
608             	2.95567792e-05	1.20885129e-05	9.27683310e-05	9.29078387e-06	5.32849227e-07	8.43649007e-08
609             	2.91607129e-05	1.19170737e-05	9.13775413e-05	9.15552729e-06	5.26072261e-07	8.36648011e-08
610             	2.87254722e-05	1.17481491e-05	9.00492290e-05	9.02980110e-06	5.19823623e-07	8.31868508e-08
611             	2.83406176e-05	1.15825865e-05	8.86909516e-05	8.89698779e-06	5.13482292e-07	8.26439167e-08
612             	2.79995787e-05	1.14207697e-05	8.73652477e-05	8.76768813e-06	5.07155091e-07	8.16867388e-08
613             	2.77222864e-05	1.12593872e-05	8.61195365e-05	8.64649196e-06	5.00516952e-07	8.11081092e-08
614             	2.75520457e-05	1.10991242e-05	8.48311799e-05	8.51967682e-06	4.94352789e-07	8.04171400e-08
615             	2.74106899e-05	1.09426681e-05	8.35761907e-05	8.39718827e-06	4.88589717e-07	7.98910758e-08
616             	2.70212029e-05	1.07866489e-05	8.23399933e-05	8.27569934e-06	4.82303387e-07	7.93591929e-08
617             	2.67376187e-05	1.06330623e-05	8.11403986e-05	8.15555658e-06	4.76906695e-07	7.83852484e-08
618             	2.63006445e-05	1.04813177e-05	7.99943200e-05	8.04167430e-06	4.71635393e-07	7.77897036e-08
619             	2.59377858e-05	1.03311488e-05	7.87970114e-05	7.92132403e-06	4.66000525e-07	7.71036902e-08
620             	2.56502975e-05	1.01825410e-05	7.76014150e-05	7.80102662e-06	4.60305224e-07	7.65977667e-08
621             	2.55734812e-05	1.00382656e-05	7.64182772e-05	7.68519123e-06	4.54707565e-07	7.57432498e-08
622             	2.53054301e-05	9.89801848e-06	7.52590116e-05	7.57115281e-06	4.49127011e-07	7.51173657e-08
623             	2.50392374e-05	9.75735588e-06	7.41259773e-05	7.45931918e-06	4.43015724e-07	7.42154407e-08
624             	2.46890075e-05	9.61880843e-06	7.30056052e-05	7.35019487e-06	4.37599069e-07	7.35101975e-08
625             	2.42524998e-05	9.48156427e-06	7.18999960e-05	7.24068442e-06	4.32639299e-07	7.32355894e-08
626             	2.39683498e-05	9.34925716e-06	7.08102763e-05	7.13296694e-06	4.27551606e-07	7.21985931e-08
627             	2.38678887e-05	9.21491740e-06	6.97309673e-05	7.02588919e-06	4.22403112e-07	7.17913624e-08
628             	2.37435714e-05	9.08651491e-06	6.86704152e-05	6.91964650e-06	4.17920699e-07	7.10491309e-08
629             	2.34079254e-05	8.95933239e-06	6.76279155e-05	6.81526247e-06	4.12852906e-07	7.02899365e-08
630             	2.32466733e-05	8.83277502e-06	6.65976093e-05	6.71266421e-06	4.07827193e-07	6.98213857e-08
631             	2.32186970e-05	8.70732840e-06	6.55852439e-05	6.61184948e-06	4.03643845e-07	6.91666242e-08
632             	2.29761312e-05	8.58843214e-06	6.45925255e-05	6.51344352e-06	3.99780868e-07	6.86312944e-08
633             	2.24755719e-05	8.46927128e-06	6.36117723e-05	6.41673589e-06	3.95696520e-07	6.81744321e-08
634             	2.21487665e-05	8.35084013e-06	6.26418626e-05	6.31952839e-06	3.92135972e-07	6.77825333e-08
635             	2.19165531e-05	8.23638912e-06	6.17011681e-05	6.22648760e-06	3.89479564e-07	6.73065945e-08
636             	2.16892866e-05	8.12259379e-06	6.07627762e-05	6.13193378e-06	3.86348733e-07	6.67525263e-08
637             	2.14655397e-05	8.01441111e-06	5.98400282e-05	6.04127904e-06	3.83673944e-07	6.61536214e-08
638             	2.12981244e-05	7.90664920e-06	5.89196541e-05	5.94949563e-06	3.80696372e-07	6.57840018e-08
639             	2.13149478e-05	7.80017307e-06	5.80223286e-05	5.85981593e-06	3.77939886e-07	6.53507966e-08
640             	2.13418551e-05	7.69542088e-06	5.71391243e-05	5.77220199e-06	3.75381576e-07	6.51210749e-08
641             	2.09595513e-05	7.59469626e-06	5.62733135e-05	5.68670014e-06	3.72890443e-07	6.44500677e-08
642             	2.05778292e-05	7.49179781e-06	5.54112435e-05	5.59751298e-06	3.70345799e-07	6.38143230e-08
643             	2.01026662e-05	7.39095779e-06	5.45636084e-05	5.51079659e-06	3.68294623e-07	6.35234483e-08
644             	2.01891033e-05	7.29205604e-06	5.37263562e-05	5.42628081e-06	3.66507119e-07	6.34424872e-08
645             	2.00357654e-05	7.19867931e-06	5.29220953e-05	5.34525448e-06	3.64112297e-07	6.27082937e-08
646             	1.99869293e-05	7.10156866e-06	5.21131541e-05	5.26433369e-06	3.61162747e-07	6.22475509e-08
647             	1.99470014e-05	7.00767735e-06	5.13222738e-05	5.18548417e-06	3.59028649e-07	6.17664013e-08
648             	1.96628914e-05	6.91987681e-06	5.05473206e-05	5.10679694e-06	3.56631498e-07	6.12318094e-08
649             	1.93344354e-05	6.83146251e-06	4.97732024e-05	5.02963732e-06	3.54474873e-07	6.08613772e-08
650             	1.91031119e-05	6.74457120e-06	4.90164515e-05	4.95240823e-06	3.52253788e-07	6.05995204e-08
651             	1.90466654e-05	6.65676596e-06	4.82589417e-05	4.87562528e-06	3.50044711e-07	5.98708821e-08
652             	1.90521327e-05	6.56982120e-06	4.75225408e-05	4.79933733e-06	3.47466564e-07	5.93762870e-08
653             	1.92091496e-05	6.48733096e-06	4.67925457e-05	4.72507365e-06	3.45352924e-07	5.89189834e-08
654             	1.90061264e-05	6.40519644e-06	4.60832455e-05	4.65359070e-06	3.43168251e-07	5.86188411e-08
655             	1.86875746e-05	6.32153913e-06	4.53812161e-05	4.58423114e-06	3.41441642e-07	5.84623413e-08
656             	1.83359451e-05	6.24072890e-06	4.46875307e-05	4.51492450e-06	3.39672994e-07	5.79756757e-08
657             	1.80336341e-05	6.16049341e-06	4.39957686e-05	4.44724601e-06	3.37846473e-07	5.73921076e-08
658             	1.78003232e-05	6.08253111e-06	4.33207566e-05	4.38106185e-06	3.36334923e-07	5.70750191e-08
659             	1.75465800e-05	6.00290326e-06	4.26558136e-05	4.31407386e-06	3.34525601e-07	5.64808649e-08
660             	1.74120413e-05	5.92429322e-06	4.20044102e-05	4.24854823e-06	3.32850297e-07	5.63119522e-08
661             	1.73723964e-05	5.84482327e-06	4.13612316e-05	4.18434785e-06	3.31445364e-07	5.60406757e-08
662             	1.72518598e-05	5.76679359e-06	4.07191790e-05	4.12101814e-06	3.29802821e-07	5.54833572e-08
663             	1.69691087e-05	5.68826073e-06	4.00851247e-05	4.05930444e-06	3.27793023e-07	5.48050013e-08
664             	1.67893323e-05	5.61152774e-06	3.94543226e-05	3.99839816e-06	3.26548482e-07	5.45871632e-08
665             	1.64779532e-05	5.53782635e-06	3.88484819e-05	3.93807391e-06	3.24979873e-07	5.42585266e-08
666             	1.64333777e-05	5.46362951e-06	3.82691227e-05	3.88145210e-06	3.23370018e-07	5.36751110e-08
667             	1.63713096e-05	5.39344530e-06	3.77178823e-05	3.82816013e-06	3.21709563e-07	5.32089228e-08
668             	1.63415941e-05	5.31967674e-06	3.71570145e-05	3.77183436e-06	3.19699663e-07	5.30195736e-08
669             	1.62301887e-05	5.24783025e-06	3.66114106e-05	3.71751725e-06	3.18052333e-07	5.25406369e-08
670             	1.58828931e-05	5.17975815e-06	3.60791774e-05	3.66465503e-06	3.15623352e-07	5.20803524e-08
671             	1.57362410e-05	5.10974644e-06	3.55423560e-05	3.61213290e-06	3.13271777e-07	5.16461755e-08
672             	1.58585422e-05	5.04163212e-06	3.50177747e-05	3.56003841e-06	3.11700430e-07	5.14310850e-08
673             	1.57259297e-05	4.97883182e-06	3.45079693e-05	3.50877004e-06	3.09746263e-07	5.08573801e-08
674             	1.54967415e-05	4.91103311e-06	3.39935409e-05	3.45645049e-06	3.07080224e-07	5.05735935e-08
675             	1.56222104e-05	4.84640128e-06	3.34950193e-05	3.40623870e-06	3.05609533e-07	5.03770977e-08
676             	1.55817047e-05	4.78631637e-06	3.30109095e-05	3.35827169e-06	3.03836177e-07	4.99542759e-08
677             	1.53248156e-05	4.72230078e-06	3.25304056e-05	3.31042086e-06	3.01436551e-07	4.92573841e-08
678             	1.51606986e-05	4.65883311e-06	3.20468846e-05	3.26242582e-06	3.00218862e-07	4.91721187e-08
679             	1.50382108e-05	4.60137480e-06	3.15748852e-05	3.21537915e-06	2.98684198e-07	4.89130522e-08
680             	1.50448500e-05	4.54036823e-06	3.11093663e-05	3.16916407e-06	2.96262004e-07	4.87219163e-08
681             	1.51760639e-05	4.48221196e-06	3.06619864e-05	3.12330039e-06	2.93955962e-07	4.77669591e-08
682             	1.52710652e-05	4.42734848e-06	3.02159897e-05	3.07789060e-06	2.92085215e-07	4.75054773e-08
683             	1.49000335e-05	4.37319293e-06	2.97855109e-05	3.03368795e-06	2.89796650e-07	4.72517203e-08
684             	1.47481436e-05	4.31539333e-06	2.93446724e-05	2.98782657e-06	2.87470242e-07	4.67055607e-08
685             	1.44029098e-05	4.25868620e-06	2.88985667e-05	2.94308683e-06	2.85384782e-07	4.65917387e-08
686             	1.40039525e-05	4.20546952e-06	2.84539608e-05	2.89899746e-06	2.82988895e-07	4.60785205e-08
687             	1.36490799e-05	4.15068610e-06	2.80274308e-05	2.85572897e-06	2.80363636e-07	4.54731262e-08
688             	1.35064794e-05	4.09707494e-06	2.76114315e-05	2.81350791e-06	2.77654032e-07	4.51810559e-08
689             	1.35117787e-05	4.04497871e-06	2.72024401e-05	2.77434687e-06	2.75424373e-07	4.49947130e-08
690             	1.34380146e-05	3.99519585e-06	2.68086541e-05	2.73545948e-06	2.73446184e-07	4.48687719e-08
691             	1.31713485e-05	3.94606786e-06	2.64210064e-05	2.69891651e-06	2.71057598e-07	4.43161175e-08
692             	1.28309814e-05	3.89545033e-06	2.60272813e-05	2.65985988e-06	2.68756044e-07	4.38935214e-08
693             	1.25673583e-05	3.84891957e-06	2.56390231e-05	2.62272196e-06	2.66584400e-07	4.33767662e-08
694             	1.25339132e-05	3.80275357e-06	2.52618183e-05	2.58671444e-06	2.64761708e-07	4.31075882e-08
695             	1.25034124e-05	3.75858185e-06	2.49030952e-05	2.55199532e-06	2.62811829e-07	4.26908264e-08
696             	1.24244570e-05	3.71221983e-06	2.45385015e-05	2.51597649e-06	2.60595357e-07	4.21410978e-08
697             	1.23652354e-05	3.66674085e-06	2.41936848e-05	2.48198145e-06	2.58906168e-07	4.19204802e-08
698             	1.23544253e-05	3.62361191e-06	2.38571431e-05	2.45002397e-06	2.57141279e-07	4.16582332e-08
699             	1.22530990e-05	3.58163715e-06	2.35399219e-05	2.42035249e-06	2.55553438e-07	4.11969315e-08
700             	1.21397231e-05	3.54020758e-06	2.32309035e-05	2.39176459e-06	2.53718996e-07	4.11416293e-08
701             	1.20702193e-05	3.49858400e-06	2.29199277e-05	2.36258947e-06	2.52063584e-07	4.06079883e-08
702             	1.20909679e-05	3.45991611e-06	2.26167065e-05	2.33416317e-06	2.50368134e-07	4.04295560e-08
703             	1.21245945e-05	3.42059821e-06	2.23200816e-05	2.30526575e-06	2.49178558e-07	4.02105361e-08
704             	1.21559680e-05	3.38436455e-06	2.20273516e-05	2.27348872e-06	2.47760464e-07	4.01080402e-08
705             	1.20355429e-05	3.34756874e-06	2.17361387e-05	2.24185286e-06	2.46170779e-07	3.97181593e-08
706             	1.19047000e-05	3.30977895e-06	2.14400433e-05	2.20955176e-06	2.45110413e-07	3.97434423e-08
707             	1.18622117e-05	3.27401586e-06	2.11569769e-05	2.17878509e-06	2.43915021e-07	3.93900017e-08
708             	1.16541024e-05	3.23711676e-06	2.08668044e-05	2.14942925e-06	2.42171555e-07	3.89709945e-08
709             	1.16245047e-05	3.19916659e-06	2.05754286e-05	2.11929712e-06	2.40657348e-07	3.87515518e-08
710             	1.17439420e-05	3.16530063e-06	2.03041712e-05	2.09104067e-06	2.39448364e-07	3.85551865e-08
711             	1.14920411e-05	3.13461782e-06	2.00460975e-05	2.06620535e-06	2.37661221e-07	3.80959862e-08
712             	1.13846452e-05	3.09953435e-06	1.97813232e-05	2.03969645e-06	2.35560549e-07	3.77177339e-08
713             	1.12676315e-05	3.06478978e-06	1.95103488e-05	2.01271745e-06	2.34027311e-07	3.74529913e-08
714             	1.09473427e-05	3.03447625e-06	1.92395860e-05	1.98537961e-06	2.32444318e-07	3.70382528e-08
715             	1.07895194e-05	3.00058827e-06	1.89687105e-05	1.95907365e-06	2.30844687e-07	3.71082740e-08
716             	1.08372130e-05	2.97147112e-06	1.87090913e-05	1.93593823e-06	2.29123822e-07	3.67807765e-08
717             	1.08862480e-05	2.94197991e-06	1.84516412e-05	1.91185193e-06	2.26961559e-07	3.64004707e-08
718             	1.09154458e-05	2.91223977e-06	1.81984785e-05	1.88739565e-06	2.25171687e-07	3.62567295e-08
719             	1.08720040e-05	2.88186396e-06	1.79605593e-05	1.86329333e-06	2.23715248e-07	3.60285200e-08
720             	1.07736400e-05	2.85420405e-06	1.77350326e-05	1.83939243e-06	2.22340906e-07	3.58293736e-08
721             	1.06532822e-05	2.82276457e-06	1.74976222e-05	1.81623556e-06	2.20670568e-07	3.59612656e-08
722             	1.06448283e-05	2.79340838e-06	1.72786245e-05	1.79588437e-06	2.19249366e-07	3.56271759e-08
723             	1.04897197e-05	2.76703204e-06	1.70737671e-05	1.77733969e-06	2.17555385e-07	3.52591295e-08
724             	1.04046752e-05	2.73708263e-06	1.68544365e-05	1.75781162e-06	2.15945415e-07	3.52355771e-08
725             	1.05782559e-05	2.70633525e-06	1.66507393e-05	1.73832662e-06	2.15372181e-07	3.54465653e-08
726             	1.03793498e-05	2.68095115e-06	1.64616343e-05	1.71856071e-06	2.13960001e-07	3.52442354e-08
727             	1.02064883e-05	2.64819590e-06	1.62501458e-05	1.69736297e-06	2.11986464e-07	3.48000627e-08
728             	1.01703228e-05	2.61713235e-06	1.60556653e-05	1.67769129e-06	2.11425167e-07	3.49575553e-08
729             	1.02092039e-05	2.58946511e-06	1.58679270e-05	1.65751279e-06	2.10408628e-07	3.45776957e-08
730             	1.01279653e-05	2.56019748e-06	1.56788888e-05	1.63809546e-06	2.08870119e-07	3.42160330e-08
731             	1.01022268e-05	2.53138375e-06	1.54878410e-05	1.61840589e-06	2.08116093e-07	3.39557888e-08
732             	1.00246516e-05	2.50691252e-06	1.53001091e-05	1.59860760e-06	2.07341926e-07	3.38037321e-08
733             	1.00786259e-05	2.48138273e-06	1.51301279e-05	1.57993339e-06	2.06803636e-07	3.37816619e-08
734             	1.00097858e-05	2.45865350e-06	1.49713234e-05	1.56222958e-06	2.05907314e-07	3.34628036e-08
735             	9.92683278e-06	2.43291034e-06	1.47931067e-05	1.54150587e-06	2.05006038e-07	3.32196736e-08
736             	9.97313716e-06	2.40554226e-06	1.46195455e-05	1.52159722e-06	2.04713496e-07	3.33129656e-08
737             	9.89058462e-06	2.38241470e-06	1.44608534e-05	1.50447226e-06	2.03899800e-07	3.31962521e-08
738             	1.00396905e-05	2.36023778e-06	1.43020863e-05	1.48806409e-06	2.02637478e-07	3.27814062e-08
739             	9.95249370e-06	2.33852385e-06	1.41380338e-05	1.47269270e-06	2.02312550e-07	3.30168534e-08
740             	9.96028092e-06	2.31816109e-06	1.39794743e-05	1.45625974e-06	2.01979000e-07	3.31192837e-08
741             	9.71922570e-06	2.29629219e-06	1.38067194e-05	1.43814440e-06	2.00894150e-07	3.26485268e-08
742             	9.51679143e-06	2.27384478e-06	1.36182445e-05	1.41767110e-06	2.00009498e-07	3.24785146e-08
743             	9.49041896e-06	2.25310545e-06	1.34421355e-05	1.39965994e-06	1.99363677e-07	3.26192328e-08
744             	9.41108318e-06	2.23256382e-06	1.32782196e-05	1.38255471e-06	1.98493051e-07	3.24676243e-08
745             	9.39001497e-06	2.21295670e-06	1.31193285e-05	1.36687213e-06	1.97830920e-07	3.25042822e-08
746             	9.36484770e-06	2.19379015e-06	1.29502408e-05	1.34905518e-06	1.97317758e-07	3.24549549e-08
747             	9.40262989e-06	2.17719818e-06	1.28005011e-05	1.33418332e-06	1.97092594e-07	3.23197935e-08
748             	9.41463791e-06	2.16008351e-06	1.26489058e-05	1.31954744e-06	1.96835996e-07	3.25620656e-08
749             	9.32327968e-06	2.14266778e-06	1.24994731e-05	1.30406594e-06	1.96506999e-07	3.22109708e-08
750             	9.33634514e-06	2.12519478e-06	1.23557445e-05	1.28993595e-06	1.96497890e-07	3.22438636e-08
751             	9.39591931e-06	2.10884397e-06	1.22227037e-05	1.27624272e-06	1.96449150e-07	3.23698966e-08
752             	9.42044089e-06	2.08959316e-06	1.20738968e-05	1.26074435e-06	1.95811729e-07	3.22333114e-08
753             	9.40244473e-06	2.06808868e-06	1.19158619e-05	1.24680336e-06	1.95483581e-07	3.20222304e-08
754             	9.28280705e-06	2.04878572e-06	1.17604819e-05	1.23224267e-06	1.95620777e-07	3.21539521e-08
755             	9.10473178e-06	2.03010004e-06	1.16260723e-05	1.21847691e-06	1.95741587e-07	3.19457888e-08
756             	9.18204208e-06	2.01108572e-06	1.14943850e-05	1.20403084e-06	1.96201167e-07	3.19514159e-08
757             	9.20383272e-06	1.99492321e-06	1.13931943e-05	1.19360097e-06	1.96800437e-07	3.19813966e-08
758             	9.13939125e-06	1.97653856e-06	1.12847849e-05	1.18274684e-06	1.96818803e-07	3.20369772e-08
759             	8.98156888e-06	1.95679664e-06	1.11775800e-05	1.17038587e-06	1.96730714e-07	3.21246741e-08
760             	8.92362459e-06	1.94024790e-06	1.10774896e-05	1.16125860e-06	1.96841382e-07	3.19743924e-08
761             	8.92239748e-06	1.92487928e-06	1.09898543e-05	1.15260229e-06	1.97194798e-07	3.20291702e-08
762             	8.91321557e-06	1.90825908e-06	1.08839343e-05	1.14222892e-06	1.97223219e-07	3.18562537e-08
763             	8.88808120e-06	1.89235952e-06	1.07882961e-05	1.13219714e-06	1.97475996e-07	3.18301656e-08
764             	8.89076175e-06	1.87638187e-06	1.06893184e-05	1.12094710e-06	1.97577247e-07	3.18328592e-08
765             	9.13972395e-06	1.85860129e-06	1.05944625e-05	1.10955352e-06	1.97573985e-07	3.17342115e-08
766             	9.44020368e-06	1.84541098e-06	1.05153544e-05	1.10062647e-06	1.97561455e-07	3.14775261e-08
767             	9.34040711e-06	1.83309841e-06	1.04438869e-05	1.09343203e-06	1.97251219e-07	3.11925557e-08
768             	9.09592672e-06	1.81930859e-06	1.03568437e-05	1.08721453e-06	1.97194291e-07	3.11770953e-08
769             	8.96479580e-06	1.80502708e-06	1.02693928e-05	1.07883235e-06	1.97453630e-07	3.12731098e-08
770             	8.83977189e-06	1.79150241e-06	1.01639354e-05	1.06733938e-06	1.97643871e-07	3.14026003e-08
771             	8.66918317e-06	1.77978398e-06	1.00810809e-05	1.05720333e-06	1.97195139e-07	3.08756483e-08
772             	8.60763501e-06	1.76366342e-06	9.98452251e-06	1.04592606e-06	1.96536348e-07	3.09636559e-08
773             	8.57154657e-06	1.74865856e-06	9.88829744e-06	1.03449038e-06	1.96336212e-07	3.10543885e-08
774             	8.72655974e-06	1.73480458e-06	9.79314762e-06	1.02474914e-06	1.96115938e-07	3.09259146e-08
775             	8.61292562e-06	1.72266092e-06	9.71494298e-06	1.01707756e-06	1.95598110e-07	3.08652238e-08
776             	8.43630247e-06	1.70797714e-06	9.61952103e-06	1.00741759e-06	1.94721621e-07	3.09711434e-08
777             	8.23546853e-06	1.69382099e-06	9.52423749e-06	9.97359241e-07	1.93522122e-07	3.04099351e-08
778             	8.14992633e-06	1.67999098e-06	9.43835450e-06	9.87096498e-07	1.92611817e-07	3.03274801e-08
779             	8.35336174e-06	1.66785739e-06	9.37338891e-06	9.80374363e-07	1.92124279e-07	3.04245977e-08
780             	8.36228957e-06	1.66035002e-06	9.32167893e-06	9.75455364e-07	1.91517123e-07	3.02117883e-08
781             	8.30035613e-06	1.64608315e-06	9.24678388e-06	9.67416550e-07	1.90101751e-07	3.03803091e-08
782             	8.12329010e-06	1.63193052e-06	9.16505311e-06	9.59055971e-07	1.89024471e-07	2.98644245e-08
783             	8.04570665e-06	1.62007651e-06	9.09325491e-06	9.53288971e-07	1.88424544e-07	2.97843296e-08
784             	7.98428181e-06	1.61093848e-06	9.02746840e-06	9.47126369e-07	1.88102024e-07	2.98053371e-08
785             	8.01161148e-06	1.60074098e-06	8.96593307e-06	9.39519254e-07	1.87255146e-07	2.95167340e-08
786             	8.00240623e-06	1.58844702e-06	8.89202127e-06	9.30481536e-07	1.86918890e-07	2.94435257e-08
787             	7.96149278e-06	1.57637774e-06	8.81814911e-06	9.21100219e-07	1.86748836e-07	2.96009481e-08
788             	8.06994707e-06	1.56447072e-06	8.75231597e-06	9.13056766e-07	1.86727528e-07	2.96724937e-08
789             	8.11684558e-06	1.55438077e-06	8.70135755e-06	9.07790965e-07	1.86390236e-07	2.93217707e-08
790             	7.99749153e-06	1.54181350e-06	8.64866930e-06	9.01038382e-07	1.86318373e-07	2.93951504e-08
791             	7.79555655e-06	1.53179550e-06	8.59550195e-06	8.95464614e-07	1.86915432e-07	2.94801472e-08
792             	7.77768294e-06	1.52092840e-06	8.53309015e-06	8.87758354e-07	1.86662302e-07	2.95495075e-08
793             	7.86986100e-06	1.50890316e-06	8.47580429e-06	8.80607033e-07	1.86541603e-07	2.94074717e-08
794             	8.06423570e-06	1.49824238e-06	8.41829153e-06	8.72716238e-07	1.86403849e-07	2.93265515e-08
795             	8.19049386e-06	1.49082644e-06	8.36143042e-06	8.65809433e-07	1.86441603e-07	2.92980586e-08
796             	7.99545342e-06	1.48203596e-06	8.30287580e-06	8.58520837e-07	1.86185036e-07	2.93134739e-08
797             	8.07117158e-06	1.47070354e-06	8.23379663e-06	8.51599096e-07	1.86004876e-07	2.92014293e-08
798             	7.90143756e-06	1.46150486e-06	8.15437307e-06	8.42870201e-07	1.85842950e-07	2.91185696e-08
799             	7.79441891e-06	1.45396114e-06	8.07397810e-06	8.34850655e-07	1.85209245e-07	2.89576063e-08
800             	7.74745547e-06	1.44455170e-06	8.00062827e-06	8.27050931e-07	1.84964426e-07	2.90680660e-08
801             	7.94949952e-06	1.43874956e-06	7.94295762e-06	8.21393961e-07	1.84606096e-07	2.90350410e-08
802             	7.98031106e-06	1.43207739e-06	7.86863744e-06	8.14867235e-07	1.84193206e-07	2.89660624e-08
803             	8.00685249e-06	1.42434310e-06	7.80755785e-06	8.08682777e-07	1.83477611e-07	2.91213182e-08
804             	7.89209675e-06	1.41916215e-06	7.74924953e-06	8.03547283e-07	1.82957628e-07	2.88721138e-08
805             	7.70953325e-06	1.41615170e-06	7.69622279e-06	7.98785003e-07	1.82634834e-07	2.90354727e-08
806             	7.69750448e-06	1.40901565e-06	7.62471419e-06	7.91573874e-07	1.82105836e-07	2.90999223e-08
807             	7.72053329e-06	1.40585639e-06	7.56728575e-06	7.85510954e-07	1.81395670e-07	2.87470882e-08
808             	7.82542911e-06	1.39986190e-06	7.49354722e-06	7.77400668e-07	1.81036053e-07	2.91118170e-08
809             	7.80642707e-06	1.39721627e-06	7.43375022e-06	7.69857860e-07	1.80643167e-07	2.92554400e-08
810             	7.79430213e-06	1.38840008e-06	7.34788770e-06	7.58948876e-07	1.79586025e-07	2.90335125e-08
811             	7.83351419e-06	1.37715674e-06	7.25672867e-06	7.49007212e-07	1.79069730e-07	2.90966822e-08
812             	7.68022014e-06	1.37056131e-06	7.19995125e-06	7.42976296e-07	1.78698849e-07	2.91279269e-08
813             	7.60195358e-06	1.36138641e-06	7.12489711e-06	7.34842683e-07	1.78107517e-07	2.90167084e-08
814             	7.67791256e-06	1.35376613e-06	7.06122346e-06	7.28290666e-07	1.77878449e-07	2.92054460e-08
815             	7.71743318e-06	1.34647693e-06	7.02540741e-06	7.23183373e-07	1.77419348e-07	2.89019479e-08
816             	7.85753373e-06	1.33786687e-06	6.98809816e-06	7.18013946e-07	1.77629042e-07	2.90600660e-08
817             	8.04835881e-06	1.33341115e-06	6.95202463e-06	7.13158710e-07	1.77804572e-07	2.91757604e-08
818             	7.86275347e-06	1.32874478e-06	6.91883268e-06	7.08734929e-07	1.77080808e-07	2.89229526e-08
819             	7.90705980e-06	1.31991450e-06	6.86830646e-06	7.04911996e-07	1.76718153e-07	2.88467811e-08
820             	7.90193331e-06	1.31511715e-06	6.82394959e-06	7.02997649e-07	1.76926465e-07	2.90539229e-08
821             	7.83602055e-06	1.31062389e-06	6.78515335e-06	6.99735876e-07	1.76571004e-07	2.87566317e-08
822             	7.84904882e-06	1.30200806e-06	6.72953128e-06	6.94109760e-07	1.76019618e-07	2.84316200e-08
823             	8.23063325e-06	1.29587782e-06	6.69945397e-06	6.88923884e-07	1.76429599e-07	2.86938096e-08
824             	7.94502904e-06	1.29492718e-06	6.68859815e-06	6.87727973e-07	1.76611744e-07	2.88659643e-08
825             	7.91825800e-06	1.28611730e-06	6.66452053e-06	6.84454190e-07	1.76345788e-07	2.88532728e-08
826             	7.63827363e-06	1.28148539e-06	6.64910300e-06	6.83512463e-07	1.76223270e-07	2.84699463e-08
827             	7.29108727e-06	1.27440312e-06	6.61590231e-06	6.78495259e-07	1.76131354e-07	2.83963938e-08
828             	7.17381132e-06	1.26938693e-06	6.60023821e-06	6.77969149e-07	1.76272950e-07	2.84475704e-08
829             	7.21462467e-06	1.26451076e-06	6.58099168e-06	6.77312690e-07	1.76441262e-07	2.85687437e-08
830             	7.44603118e-06	1.25916825e-06	6.55453990e-06	6.75457715e-07	1.77071964e-07	2.86952640e-08
831             	7.44035151e-06	1.25826507e-06	6.54183023e-06	6.74554521e-07	1.77428344e-07	2.87262564e-08
832             	7.40872682e-06	1.25415981e-06	6.51942699e-06	6.72436835e-07	1.77091487e-07	2.85744321e-08
833             	7.54522321e-06	1.24888885e-06	6.49467521e-06	6.70322468e-07	1.77464320e-07	2.85281091e-08
834             	7.50390907e-06	1.24404022e-06	6.46882949e-06	6.68349911e-07	1.77755131e-07	2.84441561e-08
835             	7.53572557e-06	1.23902803e-06	6.45109694e-06	6.65465561e-07	1.79001841e-07	2.87888476e-08
836             	7.53454168e-06	1.23719688e-06	6.43665620e-06	6.63375830e-07	1.79565827e-07	2.91086243e-08
837             	7.60928857e-06	1.23344006e-06	6.42153732e-06	6.60693129e-07	1.79354091e-07	2.86217436e-08
838             	7.74331163e-06	1.22809312e-06	6.39742811e-06	6.57363098e-07	1.80221463e-07	2.88072043e-08
839             	7.70083336e-06	1.22475085e-06	6.37313467e-06	6.53972215e-07	1.81318353e-07	2.87435153e-08
840             	7.58426906e-06	1.22328865e-06	6.36832665e-06	6.54984706e-07	1.81756017e-07	2.86791570e-08
841             	7.64750286e-06	1.22069705e-06	6.35961374e-06	6.55697365e-07	1.82737855e-07	2.89184836e-08
842             	7.83633580e-06	1.21816200e-06	6.34181099e-06	6.56057286e-07	1.83557797e-07	2.91076150e-08
843             	7.74883361e-06	1.22046554e-06	6.34547364e-06	6.58902133e-07	1.83992176e-07	2.88767821e-08
844             	7.71000016e-06	1.21890791e-06	6.33361300e-06	6.59445809e-07	1.84139661e-07	2.88912451e-08
845             	7.78319706e-06	1.21753612e-06	6.32332480e-06	6.59017220e-07	1.84740297e-07	2.89052045e-08
846             	7.90167220e-06	1.21710211e-06	6.31279154e-06	6.58432987e-07	1.85103311e-07	2.89244393e-08
847             	7.83429047e-06	1.21652788e-06	6.30836440e-06	6.58892789e-07	1.85068475e-07	2.91207442e-08
848             	7.85732031e-06	1.21474282e-06	6.29972918e-06	6.59201856e-07	1.85202839e-07	2.90603774e-08
849             	7.83511079e-06	1.21577876e-06	6.31131667e-06	6.61265696e-07	1.85164061e-07	2.89253597e-08
850             	7.88193489e-06	1.21518305e-06	6.31359772e-06	6.61318705e-07	1.85225704e-07	2.89397260e-08
851             	8.20360447e-06	1.21410873e-06	6.31553929e-06	6.62189466e-07	1.85483731e-07	2.88741113e-08
852             	8.10821704e-06	1.21628060e-06	6.31441349e-06	6.64004794e-07	1.85819740e-07	2.88355163e-08
853             	7.96218746e-06	1.21504307e-06	6.30767380e-06	6.62684384e-07	1.85587570e-07	2.91455760e-08
854             	7.78105680e-06	1.21087188e-06	6.28295259e-06	6.60402692e-07	1.85293071e-07	2.88359653e-08
855             	7.74204684e-06	1.20755847e-06	6.25207065e-06	6.57515393e-07	1.85107786e-07	2.85957671e-08
856             	7.67389818e-06	1.20642467e-06	6.24077600e-06	6.57153409e-07	1.84933576e-07	2.86359793e-08
857             	7.65375072e-06	1.20159232e-06	6.23237396e-06	6.55549094e-07	1.85140384e-07	2.86807744e-08
858             	7.54150054e-06	1.20118797e-06	6.22472382e-06	6.55226253e-07	1.84783299e-07	2.86796546e-08
859             	7.50681136e-06	1.19817939e-06	6.21333214e-06	6.53875993e-07	1.83832227e-07	2.84236119e-08
860             	7.53640623e-06	1.19619565e-06	6.20606208e-06	6.52801040e-07	1.83611998e-07	2.85586283e-08
861             	7.42918318e-06	1.19817142e-06	6.22373934e-06	6.54322974e-07	1.83088415e-07	2.82156370e-08
862             	7.43392360e-06	1.19767114e-06	6.21957437e-06	6.54210902e-07	1.82660429e-07	2.80671464e-08
863             	7.24129889e-06	1.19813641e-06	6.23317091e-06	6.55729534e-07	1.82358978e-07	2.80212739e-08
864             	7.31462574e-06	1.19299202e-06	6.21344462e-06	6.53694131e-07	1.81649094e-07	2.81146879e-08
865             	7.23728170e-06	1.18709831e-06	6.18989913e-06	6.51447315e-07	1.81267138e-07	2.80050249e-08
866             	7.18311596e-06	1.18237660e-06	6.16535574e-06	6.48688271e-07	1.80972022e-07	2.78009927e-08
867             	6.96848951e-06	1.17893747e-06	6.15217518e-06	6.45497890e-07	1.80350581e-07	2.75527068e-08
868             	6.94004639e-06	1.17573690e-06	6.12793016e-06	6.43191133e-07	1.80073413e-07	2.77440925e-08
869             	6.89408437e-06	1.17508155e-06	6.11279454e-06	6.42391474e-07	1.79740146e-07	2.78310858e-08
870             	7.00664843e-06	1.17484182e-06	6.09384497e-06	6.42180246e-07	1.79420583e-07	2.75199205e-08
871             	6.88773033e-06	1.17424862e-06	6.08210652e-06	6.41217026e-07	1.79367649e-07	2.76508996e-08
872             	6.70473021e-06	1.17131340e-06	6.05945778e-06	6.38262195e-07	1.78915434e-07	2.76940475e-08
873             	6.77585799e-06	1.16842677e-06	6.04077170e-06	6.36407857e-07	1.78578793e-07	2.74375858e-08
874             	6.87126799e-06	1.16743702e-06	6.01922152e-06	6.34853491e-07	1.78721256e-07	2.75236164e-08
875             	6.89421393e-06	1.16533076e-06	5.99570844e-06	6.31473744e-07	1.79071487e-07	2.77451233e-08
876             	6.78288171e-06	1.16749418e-06	5.96447587e-06	6.28871606e-07	1.79031563e-07	2.75610751e-08
877             	6.81207526e-06	1.16680976e-06	5.92971195e-06	6.25329490e-07	1.78645802e-07	2.74370533e-08
878             	7.06927663e-06	1.16499315e-06	5.89200832e-06	6.21981968e-07	1.78321274e-07	2.73225469e-08
879             	7.29529924e-06	1.16582822e-06	5.87035829e-06	6.20082029e-07	1.78314729e-07	2.71731009e-08
880             	7.34202367e-06	1.16748751e-06	5.84885244e-06	6.18750883e-07	1.77997636e-07	2.75216801e-08
881             	7.24125465e-06	1.17264143e-06	5.85048402e-06	6.20247183e-07	1.77577941e-07	2.72440823e-08
882             	7.27295489e-06	1.17170235e-06	5.83731141e-06	6.18945909e-07	1.76845478e-07	2.71025191e-08
883             	7.31589697e-06	1.17169519e-06	5.82822180e-06	6.17622289e-07	1.76630331e-07	2.72179588e-08
884             	7.33543252e-06	1.17496715e-06	5.83198204e-06	6.17439576e-07	1.76292247e-07	2.72509939e-08
885             	7.33720318e-06	1.17537906e-06	5.82477433e-06	6.17331935e-07	1.76069795e-07	2.73614503e-08
886             	7.42132558e-06	1.17862336e-06	5.83073614e-06	6.18730136e-07	1.75874261e-07	2.75959199e-08
887             	7.48202800e-06	1.17533802e-06	5.81334365e-06	6.16276979e-07	1.75228081e-07	2.74068178e-08
888             	7.41748903e-06	1.17457048e-06	5.80268332e-06	6.13749956e-07	1.75188626e-07	2.73168394e-08
889             	7.22731485e-06	1.17480107e-06	5.79202494e-06	6.12396848e-07	1.74919784e-07	2.73752085e-08
890             	7.16254458e-06	1.17254880e-06	5.79035627e-06	6.09481748e-07	1.74937288e-07	2.74272070e-08
891             	7.20437245e-06	1.17322891e-06	5.79426601e-06	6.09822218e-07	1.74751366e-07	2.75942358e-08
892             	7.13774400e-06	1.17222668e-06	5.79429504e-06	6.08678704e-07	1.73798936e-07	2.72435294e-08
893             	7.10542798e-06	1.16594590e-06	5.76865318e-06	6.05713666e-07	1.73040196e-07	2.72903469e-08
894             	6.98026735e-06	1.16111944e-06	5.75377453e-06	6.02888609e-07	1.72514926e-07	2.71542377e-08
895             	6.82003417e-06	1.15787175e-06	5.73853375e-06	6.01098050e-07	1.71926928e-07	2.70883287e-08
896             	6.75289346e-06	1.15236320e-06	5.71662872e-06	5.98876780e-07	1.71510308e-07	2.72011674e-08
897             	6.81024741e-06	1.15036434e-06	5.70030810e-06	5.98250565e-07	1.71289291e-07	2.71693875e-08
898             	6.86016189e-06	1.15209746e-06	5.70425834e-06	5.97363127e-07	1.70981275e-07	2.69879841e-08
899             	6.85029560e-06	1.15182790e-06	5.69696822e-06	5.96563658e-07	1.70189597e-07	2.66934265e-08
900             	6.98946805e-06	1.15039060e-06	5.69132310e-06	5.94237378e-07	1.69819275e-07	2.66340356e-08
901             	7.05052417e-06	1.14878488e-06	5.69003142e-06	5.93722703e-07	1.69969375e-07	2.67715503e-08
902             	7.16560267e-06	1.14630373e-06	5.68537699e-06	5.92664680e-07	1.69669269e-07	2.68686237e-08
903             	7.04211919e-06	1.14653054e-06	5.68640795e-06	5.92898861e-07	1.69416276e-07	2.65232633e-08
904             	6.99174582e-06	1.14487821e-06	5.67890166e-06	5.91172398e-07	1.68927029e-07	2.66966368e-08
905             	7.09966659e-06	1.14394505e-06	5.67799085e-06	5.90580501e-07	1.69070937e-07	2.67187392e-08
906             	7.21031134e-06	1.14334072e-06	5.68423770e-06	5.90490870e-07	1.69201315e-07	2.65679639e-08
907             	7.47443391e-06	1.14418435e-06	5.69359085e-06	5.90147265e-07	1.69705169e-07	2.67641825e-08
908             	7.65064106e-06	1.14726896e-06	5.71054507e-06	5.89901253e-07	1.70277902e-07	2.72206080e-08
909             	7.52245526e-06	1.14845194e-06	5.71422726e-06	5.89721788e-07	1.70321957e-07	2.70196204e-08
910             	7.40046522e-06	1.14684277e-06	5.71048839e-06	5.89116070e-07	1.70653652e-07	2.69548620e-08
911             	7.22459081e-06	1.14631119e-06	5.69854318e-06	5.87393879e-07	1.71241552e-07	2.69851798e-08
912             	6.99873035e-06	1.14768067e-06	5.68160989e-06	5.84302086e-07	1.72059591e-07	2.69390157e-08
913             	7.01857410e-06	1.14742137e-06	5.67491388e-06	5.83670553e-07	1.72273209e-07	2.73345389e-08
914             	7.13887061e-06	1.14809384e-06	5.67778782e-06	5.86109912e-07	1.72508244e-07	2.71291089e-08
915             	7.19794870e-06	1.15158616e-06	5.68891160e-06	5.88983236e-07	1.73057542e-07	2.71448860e-08
916             	7.18387175e-06	1.15288534e-06	5.69656241e-06	5.91678592e-07	1.73403901e-07	2.73479896e-08
917             	7.07801814e-06	1.15557288e-06	5.71165791e-06	5.94044411e-07	1.73799828e-07	2.71972664e-08
918             	7.04217835e-06	1.15684576e-06	5.71980751e-06	5.95891389e-07	1.74144542e-07	2.71675899e-08
919             	7.03246035e-06	1.15496334e-06	5.71874392e-06	5.96960753e-07	1.74442319e-07	2.74334067e-08
920             	7.16087831e-06	1.15349005e-06	5.71584777e-06	5.97396931e-07	1.74810688e-07	2.75549621e-08
921             	7.17426736e-06	1.15242245e-06	5.71059404e-06	5.96196802e-07	1.75140241e-07	2.73812764e-08
922             	7.26769508e-06	1.14980479e-06	5.69582500e-06	5.93416559e-07	1.75359327e-07	2.73845033e-08
923             	7.47318773e-06	1.14644840e-06	5.68493068e-06	5.90521994e-07	1.76290219e-07	2.76706192e-08
924             	7.38106329e-06	1.14558092e-06	5.67721792e-06	5.88814142e-07	1.76923733e-07	2.78808858e-08
925             	7.21722952e-06	1.14134422e-06	5.66221538e-06	5.86389353e-07	1.77069069e-07	2.77963069e-08
926             	7.20325275e-06	1.14000289e-06	5.64629174e-06	5.85631650e-07	1.77276634e-07	2.78516418e-08
927             	7.27542934e-06	1.13952634e-06	5.64656642e-06	5.85772171e-07	1.77655152e-07	2.78015449e-08
928             	7.32710994e-06	1.14048642e-06	5.65271869e-06	5.86944691e-07	1.78168941e-07	2.78395506e-08
929             	7.41824363e-06	1.14230478e-06	5.67667928e-06	5.88467478e-07	1.78984295e-07	2.79450394e-08
930             	7.45653978e-06	1.14538712e-06	5.69155213e-06	5.89997231e-07	1.79559856e-07	2.80122614e-08
931             	7.51244253e-06	1.14380563e-06	5.69159517e-06	5.89600835e-07	1.79782120e-07	2.79762757e-08
932             	7.42851578e-06	1.14155699e-06	5.69237507e-06	5.90225986e-07	1.79930580e-07	2.78825856e-08
933             	7.46726478e-06	1.13873635e-06	5.68695989e-06	5.89709594e-07	1.80431153e-07	2.77074094e-08
934             	7.44789785e-06	1.13957789e-06	5.68996267e-06	5.90104565e-07	1.81259019e-07	2.77001063e-08
935             	7.48764821e-06	1.13801374e-06	5.69096801e-06	5.88015549e-07	1.81297257e-07	2.77113091e-08
936             	7.89271003e-06	1.13728903e-06	5.68469368e-06	5.88079927e-07	1.81606725e-07	2.75941540e-08
937             	7.59650077e-06	1.14094931e-06	5.69273678e-06	5.88786800e-07	1.81997127e-07	2.77599287e-08
938             	7.48941848e-06	1.14006003e-06	5.70347131e-06	5.88378542e-07	1.82082701e-07	2.77371290e-08
939             	7.13003839e-06	1.14013119e-06	5.72069157e-06	5.88006483e-07	1.81980811e-07	2.75160852e-08
940             	6.91980499e-06	1.14015190e-06	5.73020461e-06	5.87975441e-07	1.82110003e-07	2.75808429e-08
941             	6.80664318e-06	1.13667848e-06	5.72647260e-06	5.87016734e-07	1.81793536e-07	2.77112213e-08
942             	6.90781679e-06	1.13270088e-06	5.72416050e-06	5.86717250e-07	1.81636123e-07	2.75402348e-08
943             	6.88786035e-06	1.13289733e-06	5.74471031e-06	5.88158096e-07	1.81492739e-07	2.75163224e-08
944             	6.88093238e-06	1.12909084e-06	5.75138540e-06	5.86944488e-07	1.80788242e-07	2.75823473e-08
945             	6.98936458e-06	1.12579105e-06	5.74638601e-06	5.86105602e-07	1.80541155e-07	2.74496184e-08
946             	7.03130740e-06	1.12282256e-06	5.74696137e-06	5.85567194e-07	1.80320431e-07	2.75796425e-08
947             	6.82449436e-06	1.12087037e-06	5.74483390e-06	5.85827433e-07	1.79518800e-07	2.71598344e-08
948             	6.74714527e-06	1.11621331e-06	5.74021420e-06	5.85638473e-07	1.79082140e-07	2.72522591e-08
949             	6.94009645e-06	1.11404047e-06	5.74030023e-06	5.86038303e-07	1.79068330e-07	2.74863490e-08
950             	6.97591964e-06	1.11452797e-06	5.73858682e-06	5.85304944e-07	1.78465660e-07	2.71927330e-08
951             	6.98701250e-06	1.11135796e-06	5.73699473e-06	5.84169162e-07	1.77682205e-07	2.70823477e-08
952             	6.99932504e-06	1.10935545e-06	5.72973132e-06	5.82880735e-07	1.77630227e-07	2.72798349e-08
953             	6.87449936e-06	1.10785415e-06	5.71337488e-06	5.81366884e-07	1.77291150e-07	2.71612146e-08
954             	6.96975048e-06	1.10455144e-06	5.70299459e-06	5.81832997e-07	1.76818137e-07	2.70046763e-08
955             	6.97130572e-06	1.10372180e-06	5.70177434e-06	5.84058160e-07	1.76988103e-07	2.70543707e-08
956             	6.93963588e-06	1.10212383e-06	5.69059075e-06	5.83460763e-07	1.77174813e-07	2.72432583e-08
957             	6.90741694e-06	1.10095959e-06	5.69353196e-06	5.81343618e-07	1.77255170e-07	2.72565060e-08
958             	7.06316873e-06	1.10227296e-06	5.69266654e-06	5.80446603e-07	1.77290095e-07	2.71543295e-08
959             	7.12535997e-06	1.10013258e-06	5.68894397e-06	5.77734277e-07	1.77530896e-07	2.73267384e-08
960             	7.10579692e-06	1.09940229e-06	5.68865116e-06	5.75064872e-07	1.78252567e-07	2.75333884e-08
961             	6.86543680e-06	1.10083538e-06	5.68977775e-06	5.72033311e-07	1.78251304e-07	2.75386091e-08
962             	6.76763133e-06	1.09507626e-06	5.66949940e-06	5.68015420e-07	1.78115230e-07	2.74234775e-08
963             	7.03278224e-06	1.09177063e-06	5.65862384e-06	5.66380717e-07	1.78537920e-07	2.75886651e-08
964             	7.30464024e-06	1.09477181e-06	5.66918316e-06	5.68534351e-07	1.78519925e-07	2.74170774e-08
965             	7.17088804e-06	1.09495140e-06	5.67639749e-06	5.68833987e-07	1.77851450e-07	2.72429537e-08
966             	7.12812595e-06	1.09299535e-06	5.67772195e-06	5.67638818e-07	1.77625731e-07	2.70543952e-08
967             	7.16377741e-06	1.09375044e-06	5.68806771e-06	5.66946632e-07	1.77785553e-07	2.71096469e-08
968             	7.17439259e-06	1.09545668e-06	5.68797354e-06	5.66763256e-07	1.77735104e-07	2.74213451e-08
969             	7.20287159e-06	1.09554548e-06	5.68913487e-06	5.66024614e-07	1.77503982e-07	2.71088106e-08
970             	7.06423063e-06	1.09797182e-06	5.68323095e-06	5.66560839e-07	1.77213688e-07	2.71688865e-08
971             	7.12849304e-06	1.09364399e-06	5.65056652e-06	5.64362386e-07	1.76840263e-07	2.72176356e-08
972             	7.20336373e-06	1.09276697e-06	5.63616684e-06	5.64124229e-07	1.76822517e-07	2.70775679e-08
973             	7.17463921e-06	1.09303072e-06	5.62676146e-06	5.63128174e-07	1.76937233e-07	2.72305462e-08
974             	7.12968250e-06	1.09429235e-06	5.62053234e-06	5.63548976e-07	1.76639508e-07	2.73192177e-08
975             	6.99071018e-06	1.09528400e-06	5.62159993e-06	5.63900543e-07	1.76272573e-07	2.72259288e-08
976             	6.98696963e-06	1.09616788e-06	5.61739761e-06	5.65293384e-07	1.75866718e-07	2.73121439e-08
977             	7.01269505e-06	1.09440596e-06	5.60548722e-06	5.64877323e-07	1.75489639e-07	2.73709308e-08
978             	6.92477779e-06	1.09596624e-06	5.60054186e-06	5.66067297e-07	1.75328232e-07	2.72763402e-08
979             	6.80357700e-06	1.09227313e-06	5.56901941e-06	5.62832419e-07	1.74695738e-07	2.74944035e-08
980             	6.76460999e-06	1.08980784e-06	5.54972248e-06	5.61469316e-07	1.74311724e-07	2.73562190e-08
981             	6.72713582e-06	1.08722493e-06	5.53539895e-06	5.60345814e-07	1.73826354e-07	2.72833451e-08
982             	6.73867294e-06	1.08487897e-06	5.51953822e-06	5.60485887e-07	1.73562691e-07	2.72318012e-08
983             	6.88760765e-06	1.08201556e-06	5.51221154e-06	5.60030153e-07	1.73710940e-07	2.72836882e-08
984             	6.72507650e-06	1.08432295e-06	5.52266123e-06	5.60751846e-07	1.74034662e-07	2.72108588e-08
985             	6.68376983e-06	1.07962354e-06	5.50842802e-06	5.59812989e-07	1.73616169e-07	2.74014664e-08
986             	6.88747726e-06	1.07804128e-06	5.50369401e-06	5.60698989e-07	1.73488636e-07	2.71948366e-08
987             	7.09631755e-06	1.07847747e-06	5.51472710e-06	5.61642659e-07	1.73589826e-07	2.69922550e-08
988             	7.01242481e-06	1.08103916e-06	5.52813299e-06	5.62397222e-07	1.73442142e-07	2.70030106e-08
989             	6.98101610e-06	1.08062659e-06	5.54384595e-06	5.61528483e-07	1.73294706e-07	2.70209007e-08
990             	7.15743821e-06	1.08100498e-06	5.56036832e-06	5.61725964e-07	1.73287757e-07	2.71370229e-08
991             	7.32186333e-06	1.08073704e-06	5.58221066e-06	5.62761439e-07	1.73467071e-07	2.71382847e-08
992             	7.51649001e-06	1.08137713e-06	5.60482969e-06	5.63827589e-07	1.73878612e-07	2.73795420e-08
993             	7.44905073e-06	1.08348448e-06	5.61360530e-06	5.64745456e-07	1.73632220e-07	2.72887597e-08
994             	7.36155097e-06	1.08523724e-06	5.62259078e-06	5.66289805e-07	1.73357665e-07	2.73343650e-08
995             	7.44178337e-06	1.08345929e-06	5.62136334e-06	5.65890011e-07	1.74058450e-07	2.75062932e-08
996             	7.26435047e-06	1.08642424e-06	5.62104588e-06	5.64348304e-07	1.74470323e-07	2.76248215e-08
997             	7.12675531e-06	1.08789779e-06	5.60857020e-06	5.63612787e-07	1.74471775e-07	2.76209288e-08
998             	7.20059056e-06	1.08679350e-06	5.60779172e-06	5.63002065e-07	1.74920836e-07	2.77236525e-08
999             	7.22833787e-06	1.08941201e-06	5.61891884e-06	5.64748674e-07	1.75262327e-07	2.76515547e-08
1000            	7.18809898e-06	1.08718666e-06	5.60858435e-06	5.64787196e-07	1.75624555e-07	2.77825154e-08
